mtllib material.mtl
usemtl mtl_foot
v 0.01847260 -0.02477041 0.00575000
v 0.01442700 -0.02732529 0.00575000
v 0.01615273 -0.03505780 0.00575000
v 0.01320451 -0.02779150 0.00575000
v 0.01101459 -0.03699512 0.00575000
v 0.01190578 -0.02795000 0.00575000
v 0.00565354 -0.03818373 0.00575000
v 0.00140000 -0.02795000 0.00575000
v 0.00140282 -0.03857450 0.00575000
v 0.00140000 -0.03857069 0.00575000
v 0.00140282 0.03857450 0.00575000
v 0.00140000 0.03857069 0.00575000
v 0.00565354 0.03818373 0.00575000
v 0.00140000 0.02795000 0.00575000
v 0.01101459 0.03699512 0.00575000
v 0.01190578 0.02795000 0.00575000
v 0.01615273 0.03505780 0.00575000
v 0.01320451 0.02779150 0.00575000
v 0.01442700 0.02732529 0.00575000
v 0.02096397 0.03241098 0.00575000
v 0.01847260 0.02477041 0.00575000
v 0.02535095 0.02910824 0.00575000
v 0.02207527 0.02162158 0.00575000
v 0.02096397 -0.03241098 0.00575000
v 0.02535095 -0.02910824 0.00575000
v 0.02207527 -0.02162158 0.00575000
v 0.02922487 -0.02521640 0.00575000
v 0.02514862 -0.01795430 0.00575000
v 0.03250735 -0.02081423 0.00575000
v 0.02761896 -0.01385653 0.00575000
v 0.03513194 -0.01599083 0.00575000
v 0.02942705 -0.00942650 0.00575000
v 0.03704554 -0.01084381 0.00575000
v 0.03052954 -0.00477044 0.00575000
v 0.03820941 -0.00547733 0.00575000
v 0.03090000 -0.00000000 0.00575000
v 0.03860000 -0.00000000 0.00575000
v 0.03052954 0.00477044 0.00575000
v 0.03820941 0.00547733 0.00575000
v 0.02942705 0.00942650 0.00575000
v 0.03704554 0.01084381 0.00575000
v 0.02761896 0.01385653 0.00575000
v 0.03513194 0.01599083 0.00575000
v 0.02514862 0.01795430 0.00575000
v 0.03250735 0.02081423 0.00575000
v 0.02922487 0.02521640 0.00575000
v 0.00138811 -0.03897529 -0.00532972
v 0.00140271 -0.03897477 -0.00535000
v 0.00571213 -0.03857942 -0.00535000
v 0.00571213 -0.03857942 0.00535000
v 0.00140271 -0.03897477 0.00535000
v 0.00138811 -0.03897529 0.00532972
v 0.00138811 0.03897529 0.00532972
v 0.00140271 0.03897477 0.00535000
v 0.00571213 0.03857942 0.00535000
v 0.00571213 0.03857942 -0.00535000
v 0.00140271 0.03897477 -0.00535000
v 0.00138811 0.03897529 -0.00532972
v 0.00634940 0.03847967 0.00535000
v 0.00634940 0.03847967 -0.00535000
v 0.01168388 0.03720869 0.00535000
v 0.01168211 0.03720925 0.00360265
v 0.01112873 0.03737849 0.00535000
v 0.01129086 0.03732983 0.00349864
v 0.00931270 0.03787180 0.00292666
v 0.00706581 0.03835459 0.00219132
v 0.00650000 0.03845452 0.00199130
v 0.00650000 0.03845452 -0.00199130
v 0.00842625 0.03807884 -0.00264724
v 0.01112873 0.03737849 -0.00535000
v 0.01168294 0.03720899 -0.00360286
v 0.01168388 0.03720869 -0.00535000
v 0.01145278 0.03728048 -0.00354207
v 0.01064163 0.03752007 -0.00331914
v 0.02118122 0.03274685 0.00535000
v 0.02155892 0.03249943 0.00535000
v 0.02153893 0.03251268 0.00439933
v 0.02022641 0.03334505 0.00462686
v 0.01877655 0.03418247 0.00469999
v 0.01678736 0.03520206 0.00535000
v 0.01733893 0.03493367 0.00463904
v 0.01678575 0.03520282 0.00458747
v 0.01632012 0.03542109 0.00535000
v 0.01542966 0.03581795 0.00440672
v 0.01341087 0.03662170 0.00402072
v 0.02277417 0.03165971 -0.00397828
v 0.02561365 0.02940987 -0.00535000
v 0.02168587 0.03241486 -0.00436150
v 0.02155892 0.03249943 -0.00535000
v 0.02504777 0.02989330 -0.00198554
v 0.02512142 0.02983143 -0.00184775
v 0.02590425 0.02915425 -0.00535000
v 0.02538773 0.02960512 -0.00119060
v 0.02548530 0.02952117 -0.00080689
v 0.02356659 0.03107436 -0.00354582
v 0.02409182 0.03066895 -0.00314985
v 0.02462185 0.03024508 -0.00260801
v 0.02556481 0.02945234 -0.00011079
v 0.02556145 0.02945526 0.00019875
v 0.02590425 0.02915425 0.00535000
v 0.02546515 0.02953856 0.00090051
v 0.02532723 0.02965690 0.00137232
v 0.02426936 0.03052865 0.00298802
v 0.02561365 0.02940987 0.00535000
v 0.02480476 0.03009525 0.00236935
v 0.02501564 0.02992019 0.00204197
v 0.02369063 0.03097990 0.00346181
v 0.02283279 0.03161746 0.00395153
v 0.02183751 0.03231290 0.00431939
v 0.01678736 0.03520206 -0.00535000
v 0.01940991 0.03382684 -0.00468720
v 0.02118122 0.03274685 -0.00535000
v 0.02059018 0.03312166 -0.00458163
v 0.02155989 0.03249879 -0.00439411
v 0.01324023 0.03668373 -0.00398270
v 0.01495843 0.03601729 -0.00432800
v 0.01632012 0.03542109 -0.00535000
v 0.01660638 0.03528779 -0.00456781
v 0.01818311 0.03450181 -0.00468876
v 0.02952772 0.02547771 -0.00535000
v 0.02952772 0.02547771 0.00535000
v 0.02973741 0.02523265 -0.00535000
v 0.02973741 0.02523265 0.00535000
v 0.03284421 0.02102992 -0.00535000
v 0.03284421 0.02102992 0.00535000
v 0.03298263 0.02081217 -0.00535000
v 0.03298263 0.02081217 0.00535000
v 0.03549600 0.01615654 -0.00535000
v 0.03549600 0.01615654 0.00535000
v 0.03557573 0.01598021 -0.00535000
v 0.03557573 0.01598021 0.00535000
v 0.03742943 0.01095618 -0.00535000
v 0.03742943 0.01095618 0.00535000
v 0.03746547 0.01083231 -0.00535000
v 0.03746547 0.01083231 0.00535000
v 0.03860536 0.00553409 -0.00535000
v 0.03860536 0.00553409 0.00535000
v 0.03861446 0.00547023 -0.00535000
v 0.03861446 -0.00547023 0.00535000
v 0.03900000 -0.00000000 -0.00535000
v 0.03900000 -0.00000000 0.00535000
v 0.03861446 0.00547023 0.00535000
v 0.00634940 -0.03847967 0.00535000
v 0.00634940 -0.03847967 -0.00535000
v 0.01112873 -0.03737849 0.00535000
v 0.01112873 -0.03737849 -0.00535000
v 0.01168388 -0.03720869 0.00535000
v 0.01168388 -0.03720869 -0.00535000
v 0.01632012 -0.03542109 0.00535000
v 0.01632012 -0.03542109 -0.00535000
v 0.01678736 -0.03520206 0.00535000
v 0.01678736 -0.03520206 -0.00535000
v 0.02118122 -0.03274685 0.00535000
v 0.02118122 -0.03274685 -0.00535000
v 0.02155892 -0.03249943 0.00535000
v 0.02155892 -0.03249943 -0.00535000
v 0.02561365 -0.02940987 0.00535000
v 0.02561365 -0.02940987 -0.00535000
v 0.02590425 -0.02915425 0.00535000
v 0.02590425 -0.02915425 -0.00535000
v 0.02952772 -0.02547771 0.00535000
v 0.02952772 -0.02547771 -0.00535000
v 0.02973741 -0.02523265 0.00535000
v 0.02973741 -0.02523265 -0.00535000
v 0.03284421 -0.02102992 0.00535000
v 0.03284421 -0.02102992 -0.00535000
v 0.03298263 -0.02081217 0.00535000
v 0.03298263 -0.02081217 -0.00535000
v 0.03549600 -0.01615654 0.00535000
v 0.03549600 -0.01615654 -0.00535000
v 0.03557573 -0.01598021 0.00535000
v 0.03557573 -0.01598021 -0.00535000
v 0.03742943 -0.01095618 0.00535000
v 0.03742943 -0.01095618 -0.00535000
v 0.03746547 -0.01083231 0.00535000
v 0.03746547 -0.01083231 -0.00535000
v 0.03860536 -0.00553409 0.00535000
v 0.03860536 -0.00553409 -0.00535000
v 0.03861446 -0.00547023 -0.00535000
v 0.01847260 0.02477041 -0.00575000
v 0.01442700 0.02732529 -0.00575000
v 0.01615273 0.03505780 -0.00575000
v 0.01320451 0.02779150 -0.00575000
v 0.01101459 0.03699512 -0.00575000
v 0.01190578 0.02795000 -0.00575000
v 0.00565354 0.03818373 -0.00575000
v 0.00140000 0.02795000 -0.00575000
v 0.00140282 0.03857450 -0.00575000
v 0.00140000 0.03857069 -0.00575000
v 0.00140282 -0.03857450 -0.00575000
v 0.00140000 -0.03857069 -0.00575000
v 0.00565354 -0.03818373 -0.00575000
v 0.00140000 -0.02795000 -0.00575000
v 0.01101459 -0.03699512 -0.00575000
v 0.01190578 -0.02795000 -0.00575000
v 0.01615273 -0.03505780 -0.00575000
v 0.01320451 -0.02779150 -0.00575000
v 0.01442700 -0.02732529 -0.00575000
v 0.02096397 -0.03241098 -0.00575000
v 0.01847260 -0.02477041 -0.00575000
v 0.02535095 -0.02910824 -0.00575000
v 0.02207527 -0.02162158 -0.00575000
v 0.02096397 0.03241098 -0.00575000
v 0.02535095 0.02910824 -0.00575000
v 0.02207527 0.02162158 -0.00575000
v 0.02922487 0.02521640 -0.00575000
v 0.02514862 0.01795430 -0.00575000
v 0.03250735 0.02081423 -0.00575000
v 0.02761896 0.01385653 -0.00575000
v 0.03513194 0.01599083 -0.00575000
v 0.02942705 0.00942650 -0.00575000
v 0.03704554 0.01084381 -0.00575000
v 0.03052954 0.00477044 -0.00575000
v 0.03820941 0.00547733 -0.00575000
v 0.03090000 0.00000000 -0.00575000
v 0.03860000 -0.00000000 -0.00575000
v 0.03052954 -0.00477044 -0.00575000
v 0.03820941 -0.00547733 -0.00575000
v 0.02942705 -0.00942650 -0.00575000
v 0.03704554 -0.01084381 -0.00575000
v 0.02761896 -0.01385653 -0.00575000
v 0.03513194 -0.01599083 -0.00575000
v 0.02514862 -0.01795430 -0.00575000
v 0.03250735 -0.02081423 -0.00575000
v 0.02922487 -0.02521640 -0.00575000
v 0.00140000 0.02755000 -0.00535000
v 0.01190578 0.02755000 -0.00535000
v 0.00140000 0.02755000 0.00535000
v 0.01190578 0.02755000 -0.00423693
v 0.01237321 0.02755000 -0.00403949
v 0.01490790 0.02755000 -0.00286455
v 0.01746877 0.02755000 0.00151372
v 0.01746877 0.02755000 -0.00151372
v 0.02006004 0.02755000 -0.00000000
v 0.01190578 0.02755000 0.00535000
v 0.01190578 0.02755000 0.00423693
v 0.01237321 0.02755000 0.00403949
v 0.01490790 0.02755000 0.00286455
v 0.01237321 -0.02755000 -0.00403949
v 0.01190578 -0.02755000 -0.00423693
v 0.01237321 -0.02755000 0.00403949
v 0.01190578 -0.02755000 -0.00535000
v 0.00140000 -0.02755000 -0.00535000
v 0.00140000 -0.02755000 0.00535000
v 0.01190578 -0.02755000 0.00423693
v 0.01190578 -0.02755000 0.00535000
v 0.02006004 -0.02755000 -0.00000000
v 0.01746877 -0.02755000 -0.00151372
v 0.01746877 -0.02755000 0.00151372
v 0.01490790 -0.02755000 0.00286455
v 0.01490790 -0.02755000 -0.00286455
v 0.00100000 0.03125000 -0.00000000
v 0.00650000 0.03125000 -0.00000000
v 0.00100000 0.03161843 -0.00137500
v 0.00650000 0.03161843 -0.00137500
v 0.00100000 0.03262500 -0.00238157
v 0.00650000 0.03262500 -0.00238157
v 0.00100000 0.03400000 -0.00275000
v 0.00650000 0.03400000 -0.00275000
v 0.00100000 0.03537500 -0.00238157
v 0.00650000 0.03537500 -0.00238157
v 0.00100000 0.03638157 -0.00137500
v 0.00650000 0.03638157 -0.00137500
v 0.00100000 0.03675000 -0.00000000
v 0.00650000 0.03675000 -0.00000000
v 0.00100000 0.03638157 0.00137500
v 0.00650000 0.03638157 0.00137500
v 0.00100000 0.03537500 0.00238157
v 0.00650000 0.03537500 0.00238157
v 0.00100000 0.03400000 0.00275000
v 0.00650000 0.03400000 0.00275000
v 0.00100000 0.03262500 0.00238157
v 0.00650000 0.03262500 0.00238157
v 0.00100000 0.03161843 0.00137500
v 0.00650000 0.03161843 0.00137500
v 0.01447125 0.02684833 -0.00490676
v 0.01424024 0.02697157 -0.00488298
v 0.01424024 0.02697157 -0.00535000
v 0.01823347 0.02444975 -0.00535000
v 0.01655506 0.02561601 -0.00491421
v 0.01470198 0.02672268 -0.00491421
v 0.02178950 0.02134168 -0.00535000
v 0.02015073 0.02289537 -0.00491421
v 0.01832523 0.02438106 -0.00491421
v 0.02482307 0.01772189 -0.00535000
v 0.02343158 0.01952462 -0.00491421
v 0.02185624 0.02127334 -0.00491421
v 0.02726143 0.01367715 -0.00535000
v 0.02615511 0.01568948 -0.00491421
v 0.02486739 0.01765964 -0.00491421
v 0.02904611 0.00930447 -0.00535000
v 0.02825655 0.01148118 -0.00491421
v 0.02728708 0.01362590 -0.00491421
v 0.03013434 0.00470869 -0.00535000
v 0.02968591 0.00699979 -0.00491421
v 0.02905775 0.00926808 -0.00491421
v 0.03050000 -0.00000000 -0.00535000
v 0.03040919 0.00235191 -0.00491421
v 0.03013728 0.00468981 -0.00491421
v 0.03013434 -0.00470869 -0.00535000
v 0.03040919 -0.00235191 -0.00491421
v 0.03050000 0.00000000 -0.00491421
v 0.02904611 -0.00930447 -0.00535000
v 0.02968591 -0.00699979 -0.00491421
v 0.03013728 -0.00468981 -0.00491421
v 0.02726143 -0.01367715 -0.00535000
v 0.02825655 -0.01148118 -0.00491421
v 0.02905775 -0.00926808 -0.00491421
v 0.02482307 -0.01772189 -0.00535000
v 0.02615511 -0.01568948 -0.00491421
v 0.02728708 -0.01362590 -0.00491421
v 0.02178950 -0.02134168 -0.00535000
v 0.02343158 -0.01952462 -0.00491421
v 0.02486739 -0.01765964 -0.00491421
v 0.01823347 -0.02444975 -0.00535000
v 0.02015073 -0.02289537 -0.00491421
v 0.02185624 -0.02127334 -0.00491421
v 0.01424024 -0.02697157 -0.00535000
v 0.01424024 -0.02697157 -0.00488298
v 0.01447125 -0.02684833 -0.00490676
v 0.01470198 -0.02672268 -0.00491421
v 0.01655506 -0.02561601 -0.00491421
v 0.01832523 -0.02438106 -0.00491421
v 0.01543473 0.02697057 -0.00392521
v 0.01484317 0.02697930 -0.00420711
v 0.01671404 0.02586200 -0.00420711
v 0.02754912 0.01375675 -0.00420711
v 0.03003809 0.01579847 -0.00106066
v 0.02640628 0.01584015 -0.00420711
v 0.02816778 0.01893290 -0.00106066
v 0.02510620 0.01782922 -0.00420711
v 0.02767157 0.01965103 -0.00106066
v 0.02365660 0.01971212 -0.00420711
v 0.02597168 0.02184836 -0.00106066
v 0.02206612 0.02147763 -0.00420711
v 0.02432086 0.02367223 -0.00106066
v 0.02034424 0.02311523 -0.00420711
v 0.02347518 0.02451111 -0.00106066
v 0.01850121 0.02461519 -0.00420711
v 0.02070717 0.02689037 -0.00106066
v 0.01805951 0.02693093 -0.00257438
v 0.03042669 0.00473485 -0.00420711
v 0.03349826 0.00545394 -0.00106066
v 0.02997098 0.00706701 -0.00420711
v 0.03271884 0.00901979 -0.00106066
v 0.02933679 0.00935708 -0.00420711
v 0.03233445 0.01031319 -0.00106066
v 0.02852790 0.01159143 -0.00420711
v 0.03156098 0.01248131 -0.00106066
v 0.03036411 0.01516243 -0.00106066
v 0.02997098 -0.00706701 -0.00420711
v 0.03349826 -0.00545394 -0.00106066
v 0.03042669 -0.00473485 -0.00420711
v 0.03353572 -0.00521866 -0.00106066
v 0.03070121 -0.00237449 -0.00420711
v 0.03389024 -0.00182502 -0.00106066
v 0.03079289 0.00000000 -0.00420711
v 0.03393934 0.00000000 -0.00106066
v 0.03070121 0.00237449 -0.00420711
v 0.03389024 0.00182502 -0.00106066
v 0.03353572 0.00521866 -0.00106066
v 0.02640628 -0.01584015 -0.00420711
v 0.03003809 -0.01579847 -0.00106066
v 0.02754912 -0.01375675 -0.00420711
v 0.03036411 -0.01516243 -0.00106066
v 0.02852790 -0.01159143 -0.00420711
v 0.03156098 -0.01248131 -0.00106066
v 0.02933679 -0.00935708 -0.00420711
v 0.03233445 -0.01031319 -0.00106066
v 0.03271884 -0.00901979 -0.00106066
v 0.01484317 -0.02697930 -0.00420711
v 0.01543473 -0.02697057 -0.00392521
v 0.01671404 -0.02586200 -0.00420711
v 0.01805951 -0.02693093 -0.00257438
v 0.01850121 -0.02461519 -0.00420711
v 0.02070717 -0.02689037 -0.00106066
v 0.02034424 -0.02311523 -0.00420711
v 0.02347518 -0.02451111 -0.00106066
v 0.02206612 -0.02147763 -0.00420711
v 0.02432086 -0.02367223 -0.00106066
v 0.02365660 -0.01971212 -0.00420711
v 0.02597168 -0.02184836 -0.00106066
v 0.02510620 -0.01782922 -0.00420711
v 0.02767157 -0.01965103 -0.00106066
v 0.02816778 -0.01893290 -0.00106066
v 0.02767157 -0.01965103 0.00106066
v 0.02816778 -0.01893290 0.00106066
v 0.02848999 -0.01914947 0.00038823
v 0.03038170 -0.01597919 0.00038823
v 0.03353572 0.00521866 0.00106066
v 0.03349826 0.00545394 0.00106066
v 0.03388144 0.00551633 0.00038823
v 0.03309310 0.00912296 0.00038823
v 0.02848999 0.01914947 0.00038823
v 0.03038170 0.01597919 0.00038823
v 0.03003809 0.01579847 0.00106066
v 0.03388144 -0.00551633 -0.00038823
v 0.02092349 0.02717128 -0.00049718
v 0.02097522 0.02723846 -0.00000000
v 0.02094404 0.02719796 -0.00038823
v 0.02374371 0.02479149 -0.00038823
v 0.02626877 0.02209828 -0.00038823
v 0.02848999 0.01914947 -0.00038823
v 0.03038170 0.01597919 -0.00038823
v 0.03192201 0.01262408 -0.00038823
v 0.03309310 0.00912296 -0.00038823
v 0.03388144 0.00551633 -0.00038823
v 0.03427790 0.00184589 -0.00038823
v 0.03427790 -0.00184589 -0.00038823
v 0.03309310 -0.00912296 -0.00038823
v 0.03192201 -0.01262408 -0.00038823
v 0.03038170 -0.01597919 -0.00038823
v 0.02848999 -0.01914947 -0.00038823
v 0.02626877 -0.02209828 -0.00038823
v 0.02374371 -0.02479149 -0.00038823
v 0.02092349 -0.02717128 -0.00049718
v 0.03427790 -0.00184589 0.00038823
v 0.03427790 0.00184589 0.00038823
v 0.03192201 0.01262408 0.00038823
v 0.02626877 0.02209828 0.00038823
v 0.02374371 0.02479149 0.00038823
v 0.02094404 0.02719796 0.00038823
v 0.02374371 -0.02479149 0.00038823
v 0.02626877 -0.02209828 0.00038823
v 0.03192201 -0.01262408 0.00038823
v 0.03309310 -0.00912296 0.00038823
v 0.02092349 0.02717128 0.00049718
v 0.02347518 0.02451111 0.00106066
v 0.02070717 0.02689037 0.00106066
v 0.02816778 0.01893290 0.00106066
v 0.02767157 0.01965103 0.00106066
v 0.02597168 0.02184836 0.00106066
v 0.02432086 0.02367223 0.00106066
v 0.03271884 0.00901979 0.00106066
v 0.03233445 0.01031319 0.00106066
v 0.03156098 0.01248131 0.00106066
v 0.03036411 0.01516243 0.00106066
v 0.03389024 0.00182502 0.00106066
v 0.03393934 -0.00000000 0.00106066
v 0.03389024 -0.00182502 0.00106066
v 0.03388144 -0.00551633 0.00038823
v 0.03349826 -0.00545394 0.00106066
v 0.03353572 -0.00521866 0.00106066
v 0.03271884 -0.00901979 0.00106066
v 0.03003809 -0.01579847 0.00106066
v 0.03036411 -0.01516243 0.00106066
v 0.03156098 -0.01248131 0.00106066
v 0.03233445 -0.01031319 0.00106066
v 0.02094404 -0.02719796 -0.00038823
v 0.02097522 -0.02723846 -0.00000000
v 0.02094404 -0.02719796 0.00038823
v 0.02092349 -0.02717128 0.00049718
v 0.02597168 -0.02184836 0.00106066
v 0.02432086 -0.02367223 0.00106066
v 0.02347518 -0.02451111 0.00106066
v 0.02070717 -0.02689037 0.00106066
v 0.01543473 -0.02697057 0.00392521
v 0.01484317 -0.02697930 0.00420711
v 0.01671404 -0.02586200 0.00420711
v 0.02754912 -0.01375675 0.00420711
v 0.02640628 -0.01584015 0.00420711
v 0.02510620 -0.01782922 0.00420711
v 0.02365660 -0.01971212 0.00420711
v 0.02206612 -0.02147763 0.00420711
v 0.02034424 -0.02311523 0.00420711
v 0.01850121 -0.02461519 0.00420711
v 0.01805951 -0.02693093 0.00257438
v 0.03042669 -0.00473485 0.00420711
v 0.02997098 -0.00706701 0.00420711
v 0.02933679 -0.00935708 0.00420711
v 0.02852790 -0.01159143 0.00420711
v 0.02997098 0.00706701 0.00420711
v 0.03042669 0.00473485 0.00420711
v 0.03070121 0.00237449 0.00420711
v 0.03079289 -0.00000000 0.00420711
v 0.03070121 -0.00237449 0.00420711
v 0.02640628 0.01584015 0.00420711
v 0.02754912 0.01375675 0.00420711
v 0.02852790 0.01159143 0.00420711
v 0.02933679 0.00935708 0.00420711
v 0.01484317 0.02697930 0.00420711
v 0.01543473 0.02697057 0.00392521
v 0.01671404 0.02586200 0.00420711
v 0.01805951 0.02693093 0.00257438
v 0.01850121 0.02461519 0.00420711
v 0.02034424 0.02311523 0.00420711
v 0.02206612 0.02147763 0.00420711
v 0.02365660 0.01971212 0.00420711
v 0.02510620 0.01782922 0.00420711
v 0.01447125 -0.02684833 0.00490676
v 0.01424024 -0.02697157 0.00488298
v 0.01424024 -0.02697157 0.00535000
v 0.01424024 0.02697157 0.00535000
v 0.01424024 0.02697157 0.00488298
v 0.01447125 0.02684833 0.00490676
v 0.01470198 0.02672268 0.00491421
v 0.01655506 0.02561601 0.00491421
v 0.01823347 0.02444975 0.00535000
v 0.01823347 -0.02444975 0.00535000
v 0.01655506 -0.02561601 0.00491421
v 0.01470198 -0.02672268 0.00491421
v 0.02178950 -0.02134168 0.00535000
v 0.02015073 -0.02289537 0.00491421
v 0.01832523 -0.02438106 0.00491421
v 0.02482307 -0.01772189 0.00535000
v 0.02343158 -0.01952462 0.00491421
v 0.02185624 -0.02127334 0.00491421
v 0.02726143 -0.01367715 0.00535000
v 0.02615511 -0.01568948 0.00491421
v 0.02486739 -0.01765964 0.00491421
v 0.02904611 -0.00930447 0.00535000
v 0.02825655 -0.01148118 0.00491421
v 0.02728708 -0.01362590 0.00491421
v 0.03013434 -0.00470869 0.00535000
v 0.02968591 -0.00699979 0.00491421
v 0.02905775 -0.00926808 0.00491421
v 0.03050000 -0.00000000 0.00535000
v 0.03040919 -0.00235191 0.00491421
v 0.03013728 -0.00468981 0.00491421
v 0.03013434 0.00470869 0.00535000
v 0.03040919 0.00235191 0.00491421
v 0.03050000 -0.00000000 0.00491421
v 0.02904611 0.00930447 0.00535000
v 0.02968591 0.00699979 0.00491421
v 0.03013728 0.00468981 0.00491421
v 0.02726143 0.01367715 0.00535000
v 0.02825655 0.01148118 0.00491421
v 0.02905775 0.00926808 0.00491421
v 0.02482307 0.01772189 0.00535000
v 0.02615511 0.01568948 0.00491421
v 0.02728708 0.01362590 0.00491421
v 0.02178950 0.02134168 0.00535000
v 0.02343158 0.01952462 0.00491421
v 0.02486739 0.01765964 0.00491421
v 0.01832523 0.02438106 0.00491421
v 0.02015073 0.02289537 0.00491421
v 0.02185624 0.02127334 0.00491421
v 0.00650000 0.03704197 0.00331608
v 0.00650000 0.03542301 0.00426908
v 0.00650000 0.03355604 0.00447805
v 0.00650000 0.03176645 0.00390657
v 0.00650000 0.03036613 0.00265423
v 0.00650000 0.02959913 0.00093931
v 0.00650000 0.02959913 -0.00093931
v 0.00650000 0.03036613 -0.00265423
v 0.00650000 0.03176645 -0.00390657
v 0.00650000 0.03355604 -0.00447805
v 0.00650000 0.03831607 -0.00179817
v 0.00650000 0.03837348 -0.00182633
v 0.00650000 0.03841726 -0.00187088
v 0.00650000 0.03840829 0.00185912
v 0.00650000 0.03837902 0.00183051
v 0.00650000 0.03811756 0.00185203
v 0.00650000 0.03807075 0.00191808
v 0.00650000 0.03835701 0.00181563
v 0.00650000 0.03829745 0.00179377
v 0.00650000 0.03823493 0.00179273
v 0.00650000 0.03542301 -0.00426908
v 0.00650000 0.03704197 -0.00331608
v 0.00650000 0.03807075 -0.00191808
v 0.00650000 0.03811451 -0.00185509
v 0.00650000 0.03812747 -0.00184286
v 0.00650000 0.03817696 -0.00181039
v 0.00650000 0.03824815 -0.00179125
v 0.00650000 0.03843474 -0.00190104
v 0.00650000 0.03844525 -0.00192842
v 0.00650000 0.03820847 0.00179846
v 0.00650000 0.03817338 0.00181213
v 0.00650000 0.03829818 -0.00179390
v 0.00650000 0.03844293 0.00192126
v 0.00650000 0.03843475 0.00190105
v 0.01535054 0.03556472 0.00421920
v 0.01567964 0.03542725 0.00426766
v 0.01868025 0.03400687 0.00449999
v 0.01949741 0.03356470 0.00447890
v 0.01139404 0.03695783 -0.00339134
v 0.01058705 0.03718606 -0.00317790
v 0.00838304 0.03771831 -0.00253460
v 0.01317233 0.03638942 -0.00381323
v 0.01488172 0.03575461 -0.00414383
v 0.01950669 0.03355954 -0.00447839
v 0.01931038 0.03366812 -0.00448774
v 0.01808986 0.03431105 -0.00448924
v 0.01652122 0.03505973 -0.00437344
v 0.01567754 0.03542814 -0.00426737
v 0.02048459 0.03299641 -0.00438666
v 0.02157466 0.03232316 -0.00417591
v 0.02396827 0.03066011 -0.00301581
v 0.02344573 0.03104628 -0.00339493
v 0.02265738 0.03160385 -0.00380900
v 0.02240930 0.03177329 -0.00391047
v 0.02499259 0.02986234 -0.00176912
v 0.02525754 0.02964678 -0.00113993
v 0.02531517 0.02959936 -0.00094043
v 0.02491932 0.02992127 -0.00190105
v 0.02449558 0.03025636 -0.00249703
v 0.02434945 0.03036970 -0.00265912
v 0.02543037 0.02950403 0.00019030
v 0.02543371 0.02950125 -0.00010608
v 0.02535461 0.02956681 -0.00077255
v 0.02488735 0.02994689 0.00195507
v 0.02519734 0.02969610 0.00131393
v 0.02531517 0.02959936 0.00094041
v 0.02533456 0.02958337 0.00086220
v 0.02356913 0.03095631 0.00331450
v 0.02414490 0.03052647 0.00286087
v 0.02434816 0.03037069 0.00266048
v 0.02467756 0.03011364 0.00226852
v 0.02142847 0.03241634 0.00421213
v 0.02172552 0.03222603 0.00413558
v 0.02240897 0.03177352 0.00391060
v 0.02271570 0.03156360 0.00378338
v 0.02012269 0.03320919 0.00442997
v 0.01725001 0.03472242 0.00444163
v 0.00702957 0.03798097 0.00209807
v 0.00926495 0.03752110 0.00280212
v 0.01123296 0.03700485 0.00334976
v 0.01334209 0.03633032 0.00384962
v 0.00100000 0.03858718 -0.00519226
v 0.00100000 0.03858718 0.00519226
v 0.00100000 0.03842933 0.00535000
v 0.00100000 0.02811569 0.00535000
v 0.00100000 0.02795000 0.00518431
v 0.00100000 0.02795000 -0.00518431
v 0.00100000 0.02811569 -0.00535000
v 0.00100000 0.03842933 -0.00535000
v 0.00100000 -0.02795000 0.00518431
v 0.00100000 -0.03218134 0.00105000
v 0.00100000 -0.02811569 0.00535000
v 0.00100000 -0.03295000 0.00181865
v 0.00100000 -0.03842933 0.00535000
v 0.00100000 -0.03400000 0.00210000
v 0.00100000 -0.03505000 0.00181865
v 0.00100000 -0.03858718 0.00519226
v 0.00100000 -0.03581866 0.00105000
v 0.00100000 -0.03610000 -0.00000000
v 0.00100000 -0.03858718 -0.00519226
v 0.00100000 -0.03581866 -0.00105000
v 0.00100000 -0.03842933 -0.00535000
v 0.00100000 -0.03505000 -0.00181865
v 0.00100000 -0.03400000 -0.00210000
v 0.00100000 -0.02811569 -0.00535000
v 0.00100000 -0.03295000 -0.00181865
v 0.00100000 -0.02795000 -0.00518431
v 0.00100000 -0.03218134 -0.00105000
v 0.00100000 -0.03190000 -0.00000000
v 0.01566181 -0.03400000 -0.00000000
v 0.01440000 -0.03218134 -0.00105000
v 0.01440000 -0.03295000 -0.00181865
v 0.01440000 -0.03190000 -0.00000000
v 0.01440000 -0.03505000 -0.00181865
v 0.01440000 -0.03581866 -0.00105000
v 0.01440000 -0.03400000 -0.00210000
v 0.01440000 -0.03581866 0.00105000
v 0.01440000 -0.03505000 0.00181865
v 0.01440000 -0.03610000 -0.00000000
v 0.01440000 -0.03295000 0.00181865
v 0.01440000 -0.03218134 0.00105000
v 0.01440000 -0.03400000 0.00210000
v 0.01357382 0.02726356 0.00474333
v 0.01310831 0.02740324 0.00535000
v 0.01191892 0.02754998 0.00424140
v 0.01250947 0.02751342 0.00443669
v 0.01325868 0.02736349 0.00466089
v 0.01191892 0.02754998 -0.00424140
v 0.01310831 0.02740324 -0.00535000
v 0.01356463 0.02726680 -0.00474106
v 0.01279510 0.02747027 -0.00452603
v 0.01203109 0.02754843 -0.00427934
v 0.01191892 -0.02754998 0.00424140
v 0.01310831 -0.02740324 0.00535000
v 0.01356463 -0.02726680 0.00474106
v 0.01279510 -0.02747027 0.00452603
v 0.01203109 -0.02754843 0.00427934
v 0.01357382 -0.02726356 -0.00474334
v 0.01310831 -0.02740324 -0.00535000
v 0.01191892 -0.02754998 -0.00424140
v 0.01250947 -0.02751342 -0.00443669
v 0.01325868 -0.02736349 -0.00466089
v 0.01462653 0.02705717 -0.00423796
v 0.01286300 0.02749260 -0.00427507
v 0.01368728 0.02734610 -0.00428317
v 0.01520115 0.02739738 -0.00345495
v 0.01441167 0.02713353 -0.00425775
v 0.01191999 0.02754999 -0.00423763
v 0.01204115 0.02754887 -0.00424353
v 0.02042839 0.02737280 -0.00060374
v 0.01780033 0.02738630 -0.00210902
v 0.02042638 0.02737487 -0.00060043
v 0.01369712 0.02734376 0.00428306
v 0.01335972 0.02741571 0.00428367
v 0.01520115 0.02739738 0.00345495
v 0.01191999 0.02754999 0.00423763
v 0.01255636 0.02752366 0.00426536
v 0.01462653 0.02705717 0.00423796
v 0.01441167 0.02713353 0.00425775
v 0.01780033 0.02738630 0.00210902
v 0.02042638 0.02737487 0.00060043
v 0.02042839 0.02737280 0.00060374
v 0.02067677 0.02737280 -0.00034617
v 0.02076728 0.02737280 -0.00000000
v 0.02067677 0.02737280 0.00034617
v 0.01462653 -0.02705717 0.00423796
v 0.01286300 -0.02749260 0.00427507
v 0.01368728 -0.02734610 0.00428317
v 0.01520115 -0.02739738 0.00345495
v 0.01441167 -0.02713353 0.00425775
v 0.01191999 -0.02754999 0.00423763
v 0.01204115 -0.02754887 0.00424353
v 0.02042839 -0.02737280 0.00060374
v 0.01780033 -0.02738630 0.00210902
v 0.02042638 -0.02737487 0.00060043
v 0.01369712 -0.02734376 -0.00428306
v 0.01335972 -0.02741571 -0.00428367
v 0.01520115 -0.02739738 -0.00345495
v 0.01191999 -0.02754999 -0.00423763
v 0.01255636 -0.02752366 -0.00426536
v 0.01462653 -0.02705717 -0.00423796
v 0.01441167 -0.02713353 -0.00425775
v 0.01780033 -0.02738630 -0.00210902
v 0.02042638 -0.02737487 -0.00060043
v 0.02042839 -0.02737280 -0.00060374
v 0.02067677 -0.02737280 0.00034617
v 0.02076728 -0.02737280 -0.00000000
v 0.02067677 -0.02737280 -0.00034617
v 0.01253253 0.02751461 0.00435068
v 0.01330480 0.02737088 0.00446851
v 0.01362716 0.02727610 0.00450617
v 0.01430272 0.02700357 0.00455130
v 0.01452058 0.02689740 0.00454850
v 0.01473868 0.02678937 0.00453153
v 0.01473868 -0.02678937 0.00453153
v 0.01659638 -0.02567994 0.00453153
v 0.01837097 -0.02444191 0.00453153
v 0.02020103 -0.02295251 0.00453153
v 0.02191078 -0.02132643 0.00453153
v 0.02349006 -0.01957335 0.00453153
v 0.02492946 -0.01770371 0.00453153
v 0.02622039 -0.01572864 0.00453153
v 0.02735518 -0.01365991 0.00453153
v 0.02832707 -0.01150983 0.00453153
v 0.02913027 -0.00929121 0.00453153
v 0.02975999 -0.00701726 0.00453153
v 0.03021250 -0.00470152 0.00453153
v 0.03048508 -0.00235778 0.00453153
v 0.03057612 -0.00000000 0.00453153
v 0.03048508 0.00235778 0.00453153
v 0.03021250 0.00470152 0.00453153
v 0.02975999 0.00701726 0.00453153
v 0.02913027 0.00929121 0.00453153
v 0.02832707 0.01150983 0.00453153
v 0.02735518 0.01365991 0.00453153
v 0.02622039 0.01572864 0.00453153
v 0.02492946 0.01770371 0.00453153
v 0.02349006 0.01957335 0.00453153
v 0.02191078 0.02132643 0.00453153
v 0.02020103 0.02295251 0.00453153
v 0.01837097 0.02444191 0.00453153
v 0.01659638 0.02567994 0.00453153
v 0.01452058 -0.02689740 0.00454850
v 0.01430272 -0.02700357 0.00455130
v 0.01203611 -0.02754848 0.00426144
v 0.01282781 -0.02747305 0.00439947
v 0.01361779 -0.02727917 0.00450520
v 0.01203611 0.02754848 -0.00426143
v 0.01282781 0.02747305 -0.00439947
v 0.01361779 0.02727917 -0.00450520
v 0.01430272 0.02700357 -0.00455130
v 0.01452058 0.02689740 -0.00454850
v 0.01473868 0.02678937 -0.00453153
v 0.01473868 -0.02678937 -0.00453153
v 0.01659638 -0.02567994 -0.00453153
v 0.01837097 -0.02444191 -0.00453153
v 0.02020103 -0.02295251 -0.00453153
v 0.02191078 -0.02132643 -0.00453153
v 0.02349006 -0.01957335 -0.00453153
v 0.02492946 -0.01770371 -0.00453153
v 0.02622039 -0.01572864 -0.00453153
v 0.02735518 -0.01365991 -0.00453153
v 0.02832707 -0.01150983 -0.00453153
v 0.02913027 -0.00929121 -0.00453153
v 0.02975999 -0.00701726 -0.00453153
v 0.03021250 -0.00470152 -0.00453153
v 0.03048508 -0.00235778 -0.00453153
v 0.03057612 0.00000000 -0.00453153
v 0.03048508 0.00235778 -0.00453153
v 0.03021250 0.00470152 -0.00453153
v 0.02975999 0.00701726 -0.00453153
v 0.02913027 0.00929121 -0.00453153
v 0.02832707 0.01150983 -0.00453153
v 0.02735518 0.01365991 -0.00453153
v 0.02622039 0.01572864 -0.00453153
v 0.02492946 0.01770371 -0.00453153
v 0.02349006 0.01957335 -0.00453153
v 0.02191078 0.02132643 -0.00453153
v 0.02020103 0.02295251 -0.00453153
v 0.01837097 0.02444191 -0.00453153
v 0.01659638 0.02567994 -0.00453153
v 0.01452058 -0.02689740 -0.00454850
v 0.01430272 -0.02700357 -0.00455130
v 0.01253253 -0.02751461 -0.00435068
v 0.01330480 -0.02737088 -0.00446851
v 0.01362716 -0.02727610 -0.00450617
v 0.00841274 0.03777514 -0.00248183
v 0.00843732 0.03785066 -0.00245759
v 0.00845255 0.03793186 -0.00246604
v 0.00845579 0.03800473 -0.00250572
v 0.00844649 0.03805671 -0.00256981
v 0.00708949 0.03833105 0.00211116
v 0.00710188 0.03827488 0.00204611
v 0.00710064 0.03819665 0.00200843
v 0.00708600 0.03811111 0.00200524
v 0.00706072 0.03803440 0.00203712
v 0.00933085 0.03785063 0.00285107
v 0.01130452 0.03731100 0.00342731
v 0.01341978 0.03660578 0.00395423
v 0.00929393 0.03757951 0.00275479
v 0.01126070 0.03706507 0.00331464
v 0.01336882 0.03638988 0.00382746
v 0.01537648 0.03562111 0.00420885
v 0.01543403 0.03580528 0.00434523
v 0.01733897 0.03492460 0.00458279
v 0.01727535 0.03477345 0.00444156
v 0.01870520 0.03405229 0.00450675
v 0.02014729 0.03324752 0.00444247
v 0.02145280 0.03244694 0.00422842
v 0.02174979 0.03225470 0.00415250
v 0.02273981 0.03158533 0.00380148
v 0.02359312 0.03097143 0.00333218
v 0.02416881 0.03053680 0.00287713
v 0.02470140 0.03011930 0.00228211
v 0.02491118 0.02995064 0.00196701
v 0.02522114 0.02969695 0.00132217
v 0.02535834 0.02958292 0.00086767
v 0.02545414 0.02950265 0.00019151
v 0.02545748 0.02949985 -0.00010675
v 0.02537839 0.02956617 -0.00077746
v 0.02528132 0.02964706 -0.00114712
v 0.02501641 0.02986512 -0.00178003
v 0.02494314 0.02992473 -0.00191269
v 0.02451945 0.03026364 -0.00251173
v 0.02399220 0.03067194 -0.00303263
v 0.02346973 0.03106240 -0.00341278
v 0.02268150 0.03162600 -0.00382707
v 0.01877329 0.03417647 0.00464819
v 0.02021983 0.03334253 0.00458016
v 0.02152931 0.03251367 0.00435810
v 0.02182720 0.03231474 0.00427954
v 0.02282019 0.03162230 0.00391691
v 0.02367605 0.03098754 0.00343273
v 0.02425344 0.03053829 0.00296360
v 0.02478762 0.03010683 0.00235045
v 0.02499801 0.02993257 0.00202583
v 0.02530889 0.02967047 0.00136162
v 0.02544650 0.02955267 0.00089354
v 0.02554258 0.02946975 0.00019722
v 0.02554593 0.02946685 -0.00010994
v 0.02546660 0.02953536 -0.00080064
v 0.02536925 0.02961893 -0.00118134
v 0.02510356 0.02984421 -0.00183321
v 0.02503007 0.02990579 -0.00196987
v 0.02460513 0.03025599 -0.00258703
v 0.02407631 0.03067796 -0.00312389
v 0.02355229 0.03108158 -0.00351585
v 0.02276170 0.03166437 -0.00394333
v 0.02167591 0.03241627 -0.00432094
v 0.02058276 0.03312007 -0.00453635
v 0.02159896 0.03235281 -0.00419252
v 0.02050911 0.03303272 -0.00440037
v 0.01933516 0.03371062 -0.00449718
v 0.01811496 0.03435895 -0.00449329
v 0.01654677 0.03511310 -0.00436955
v 0.01940520 0.03382231 -0.00463753
v 0.01818122 0.03449449 -0.00463506
v 0.01660808 0.03527727 -0.00450948
v 0.01496387 0.03600382 -0.00426531
v 0.01146607 0.03726185 -0.00347110
v 0.01324952 0.03666757 -0.00391582
v 0.01065674 0.03750043 -0.00324639
v 0.01066157 0.03745528 -0.00318438
v 0.01146935 0.03721924 -0.00341000
v 0.01324951 0.03663067 -0.00385699
v 0.01496079 0.03597262 -0.00420910
v 0.01660215 0.03525177 -0.00445628
v 0.01817260 0.03447470 -0.00458530
v 0.01939455 0.03380718 -0.00459098
v 0.02057016 0.03310962 -0.00449346
v 0.02166154 0.03241036 -0.00428215
v 0.02274559 0.03166318 -0.00390959
v 0.02353492 0.03108399 -0.00348676
v 0.02405812 0.03068284 -0.00309857
v 0.02458611 0.03026341 -0.00256649
v 0.02501040 0.02991533 -0.00195448
v 0.02508377 0.02985411 -0.00181893
v 0.02534905 0.02963018 -0.00117222
v 0.02544625 0.02954711 -0.00079448
v 0.02552546 0.02947901 -0.00010909
v 0.02552211 0.02948189 0.00019571
v 0.02542618 0.02956432 0.00088666
v 0.02528878 0.02968141 0.00135110
v 0.02497839 0.02994194 0.00200998
v 0.02476832 0.03011516 0.00233192
v 0.02423497 0.03054401 0.00293975
v 0.02365848 0.03099053 0.00340447
v 0.02280398 0.03162138 0.00388349
v 0.02181258 0.03230948 0.00424139
v 0.02151518 0.03250714 0.00431871
v 0.02020782 0.03333061 0.00453608
v 0.01876369 0.03415891 0.00459992
v 0.01733178 0.03490172 0.00453111
v 0.01543014 0.03577569 0.00428983
v 0.01341946 0.03656944 0.00389565
v 0.01130811 0.03726788 0.00336602
v 0.00933831 0.03780137 0.00278774
v 0.01065539 0.03739129 -0.00314227
v 0.01146216 0.03715856 -0.00336725
v 0.01324019 0.03657749 -0.00381332
v 0.01494953 0.03592692 -0.00416521
v 0.01658910 0.03521353 -0.00441288
v 0.01815791 0.03444390 -0.00454315
v 0.01937861 0.03378240 -0.00455047
v 0.02055305 0.03309085 -0.00445522
v 0.02164337 0.03239739 -0.00424683
v 0.02272639 0.03165620 -0.00387826
v 0.02351498 0.03108153 -0.00345936
v 0.02403769 0.03068345 -0.00307454
v 0.02456519 0.03026721 -0.00254682
v 0.02498909 0.02992173 -0.00193965
v 0.02506239 0.02986097 -0.00180515
v 0.02532744 0.02963870 -0.00116339
v 0.02542455 0.02955625 -0.00078851
v 0.02550368 0.02948865 -0.00010827
v 0.02550034 0.02949151 0.00019424
v 0.02540449 0.02957332 0.00087999
v 0.02526722 0.02968955 0.00134090
v 0.02495711 0.02994814 0.00199472
v 0.02474723 0.03012006 0.00231412
v 0.02421438 0.03054568 0.00291704
v 0.02363842 0.03098878 0.00337780
v 0.02278472 0.03161472 0.00385241
v 0.02179427 0.03229732 0.00420655
v 0.02149715 0.03249338 0.00428294
v 0.02019107 0.03330996 0.00449705
v 0.01874839 0.03413100 0.00455848
v 0.01731796 0.03486689 0.00448819
v 0.01541836 0.03573209 0.00424600
v 0.01340994 0.03651699 0.00385192
v 0.01130112 0.03720654 0.00332339
v 0.00933385 0.03773202 0.00274697
v 0.01063912 0.03731789 -0.00312628
v 0.01144551 0.03708826 -0.00334881
v 0.01322269 0.03651445 -0.00379007
v 0.01493125 0.03587145 -0.00413817
v 0.01657009 0.03516591 -0.00438310
v 0.01813821 0.03440435 -0.00451171
v 0.01935839 0.03374953 -0.00451853
v 0.02053234 0.03306476 -0.00442363
v 0.02162220 0.03237792 -0.00421651
v 0.02270477 0.03164366 -0.00385043
v 0.02349304 0.03107426 -0.00343446
v 0.02401553 0.03067979 -0.00305237
v 0.02454281 0.03026728 -0.00252844
v 0.02496654 0.02992488 -0.00192563
v 0.02503981 0.02986466 -0.00179210
v 0.02530475 0.02964436 -0.00115498
v 0.02540182 0.02956263 -0.00078281
v 0.02548092 0.02949563 -0.00010749
v 0.02547758 0.02949846 0.00019284
v 0.02538177 0.02957956 0.00087363
v 0.02524456 0.02969476 0.00133121
v 0.02493457 0.02995106 0.00198031
v 0.02472478 0.03012145 0.00229741
v 0.02419215 0.03054326 0.00289600
v 0.02361643 0.03098236 0.00335348
v 0.02276308 0.03160257 0.00382476
v 0.02177304 0.03227880 0.00417649
v 0.02147604 0.03247301 0.00425238
v 0.02017051 0.03328174 0.00446526
v 0.01872844 0.03409463 0.00452670
v 0.01729863 0.03482295 0.00445750
v 0.01539986 0.03567881 0.00421808
v 0.01339237 0.03645467 0.00382826
v 0.01128454 0.03713560 0.00330542
v 0.00931822 0.03765383 0.00273535
v 0.01061516 0.03724594 -0.00313877
v 0.01142170 0.03701810 -0.00335723
v 0.01319913 0.03644913 -0.00379003
v 0.01490784 0.03581196 -0.00413079
v -0.00638489 -0.00736856 0.00450000
v -0.01047915 -0.00928372 0.00450000
v -0.00820222 -0.00527125 0.00450000
v -0.01239638 -0.00650612 0.00450000
v -0.00935506 -0.00274689 0.00450000
v -0.01359319 -0.00335042 0.00450000
v -0.00975000 0.00000000 0.00450000
v -0.01400000 0.00000000 0.00450000
v -0.00935506 0.00274689 0.00450000
v -0.01359319 0.00335042 0.00450000
v -0.00820222 0.00527125 0.00450000
v 0.00820222 -0.00527125 0.00450000
v 0.01047915 -0.00928372 0.00450000
v 0.00638489 -0.00736856 0.00450000
v 0.00795291 -0.01152177 0.00450000
v 0.00405030 -0.00886891 0.00450000
v 0.00496447 -0.01309023 0.00450000
v 0.00138757 -0.00965076 0.00450000
v 0.00168751 -0.01389792 0.00450000
v -0.00138757 -0.00965076 0.00450000
v -0.00168751 -0.01389792 0.00450000
v -0.00405030 -0.00886891 0.00450000
v -0.00496447 -0.01309023 0.00450000
v -0.00795291 -0.01152177 0.00450000
v -0.01239638 0.00650612 0.00450000
v -0.01047915 0.00928372 0.00450000
v -0.00638489 0.00736856 0.00450000
v -0.00795291 0.01152177 0.00450000
v -0.00405030 0.00886891 0.00450000
v -0.00496447 0.01309023 0.00450000
v -0.00138757 0.00965076 0.00450000
v -0.00168751 0.01389792 0.00450000
v 0.00138757 0.00965076 0.00450000
v 0.00168751 0.01389792 0.00450000
v 0.00405030 0.00886891 0.00450000
v 0.00496447 0.01309023 0.00450000
v 0.00638489 0.00736856 0.00450000
v 0.00795291 0.01152177 0.00450000
v 0.01047915 0.00928372 0.00450000
v 0.00820222 0.00527125 0.00450000
v 0.01239638 0.00650612 0.00450000
v 0.00935506 0.00274689 0.00450000
v 0.01359319 0.00335042 0.00450000
v 0.00975000 -0.00000000 0.00450000
v 0.01400000 -0.00000000 0.00450000
v 0.00935506 -0.00274689 0.00450000
v 0.01359319 -0.00335042 0.00450000
v 0.01239638 -0.00650612 0.00450000
v 0.00503539 -0.01327723 0.01400000
v 0.00171162 -0.01409647 0.01400000
v 0.00321936 -0.01494902 0.01400000
v -0.01420000 0.00000000 0.01400000
v -0.01378737 0.00339828 0.01400000
v -0.01567066 0.00268792 0.01400000
v 0.02642563 -0.01194514 0.01400000
v 0.01504780 -0.01494902 0.01400000
v 0.01504780 -0.01606096 0.01400000
v 0.00321936 0.01606096 0.01400000
v 0.00811095 0.01604800 0.01400000
v 0.00784300 0.01704800 0.01400000
v 0.01724436 0.02331592 0.01400000
v 0.01305591 0.02589485 0.01400000
v 0.01504780 0.01606096 0.01400000
v 0.01157505 0.01804800 0.01400000
v 0.00368352 0.02876511 0.01400000
v 0.00811095 0.01804800 0.01400000
v 0.00884300 0.01878005 0.01400000
v 0.00849186 0.02772884 0.01400000
v 0.00984300 0.01904800 0.01400000
v 0.01084300 0.01878005 0.01400000
v 0.01184300 0.01704800 0.01400000
v 0.01157505 0.01604800 0.01400000
v 0.01504780 0.01462400 0.01400000
v 0.01084300 0.01531595 0.01400000
v 0.00884300 0.01531595 0.01400000
v 0.00321936 0.01462400 0.01400000
v 0.00984300 0.01504800 0.01400000
v -0.01062885 0.00941634 0.01400000
v -0.00806652 0.01168637 0.01400000
v -0.01184132 0.01304805 0.01400000
v -0.01449132 0.01039805 0.01400000
v -0.01567066 0.00953694 0.01400000
v -0.01316632 0.01075308 0.01400000
v -0.01219636 0.01172305 0.01400000
v -0.01581632 0.01075308 0.01400000
v -0.01678629 0.01172305 0.01400000
v -0.01741316 0.00953694 0.01400000
v -0.01714132 0.01304805 0.01400000
v -0.01741316 0.01462400 0.01400000
v -0.01678629 0.01437305 0.01400000
v -0.01581632 0.01534301 0.01400000
v 0.02084057 -0.00735083 0.01400000
v 0.01987060 -0.00832080 0.01400000
v 0.01854560 -0.00867583 0.01400000
v 0.01722060 -0.00832080 0.01400000
v 0.01504780 -0.00953694 0.01400000
v 0.01722060 -0.00373086 0.01400000
v 0.01854560 -0.00337583 0.01400000
v 0.01504780 -0.00268792 0.01400000
v 0.02119560 -0.00602583 0.01400000
v 0.02806425 -0.00730736 0.01400000
v 0.02084057 -0.00470083 0.01400000
v 0.02889553 -0.00245937 0.01400000
v 0.01987060 -0.00373086 0.01400000
v 0.01625063 -0.00735083 0.01400000
v 0.01589560 -0.00602583 0.01400000
v 0.01625063 -0.00470083 0.01400000
v 0.01305591 -0.02589485 0.01400000
v 0.01724436 -0.02331592 0.01400000
v 0.02093673 -0.02006623 0.01400000
v 0.02402678 -0.01623927 0.01400000
v -0.01520491 -0.02469435 0.01400000
v -0.01081284 -0.02690878 0.01400000
v -0.00927280 -0.02536194 0.01400000
v -0.00610970 -0.02834910 0.01400000
v 0.00321936 -0.02536194 0.01400000
v -0.00123079 -0.02897387 0.01400000
v 0.00368352 -0.02876511 0.01400000
v -0.01741316 -0.01494902 0.01400000
v -0.02256304 -0.01821838 0.01400000
v -0.01741316 -0.01606096 0.01400000
v -0.01915957 -0.02176950 0.01400000
v -0.02531741 -0.01414315 0.01400000
v -0.01741316 -0.00953694 0.01400000
v -0.02734345 -0.00966105 0.01400000
v -0.01741316 -0.00268792 0.01400000
v -0.02858286 -0.00490102 0.01400000
v -0.01795295 -0.00100000 0.01400000
v -0.01768500 0.00000000 0.01400000
v -0.01741316 0.00268792 0.01400000
v -0.01795295 0.00100000 0.01400000
v -0.01868500 0.00173205 0.01400000
v -0.02858286 0.00490102 0.01400000
v -0.02068500 0.00173205 0.01400000
v -0.01968500 0.00200000 0.01400000
v -0.02141705 -0.00100000 0.01400000
v -0.02900000 0.00000000 0.01400000
v -0.02168500 0.00000000 0.01400000
v -0.02141705 0.00100000 0.01400000
v -0.01868500 -0.00173205 0.01400000
v -0.01968500 -0.00200000 0.01400000
v -0.02068500 -0.00173205 0.01400000
v -0.02734345 0.00966105 0.01400000
v -0.01219636 0.01437305 0.01400000
v -0.00927280 0.01462400 0.01400000
v -0.01316632 0.01534301 0.01400000
v -0.00927280 0.01606096 0.01400000
v -0.01449132 0.01569805 0.01400000
v -0.01567066 0.01606096 0.01400000
v -0.01741316 0.01606096 0.01400000
v -0.02531741 0.01414315 0.01400000
v -0.00175931 0.01774888 0.01400000
v -0.00272928 0.01677891 0.01400000
v -0.00405428 0.01642388 0.01400000
v -0.00537928 0.01677891 0.01400000
v -0.00634925 0.01774888 0.01400000
v -0.00670428 0.01907388 0.01400000
v -0.01081284 0.02690878 0.01400000
v -0.01520491 0.02469435 0.01400000
v -0.01915957 0.02176950 0.01400000
v -0.02256304 0.01821838 0.01400000
v -0.00634925 0.02039888 0.01400000
v -0.00537928 0.02136885 0.01400000
v -0.00610970 0.02834910 0.01400000
v -0.00405428 0.02172388 0.01400000
v -0.00123079 0.02897387 0.01400000
v -0.00272928 0.02136885 0.01400000
v -0.00175931 0.02039888 0.01400000
v -0.00140428 0.01907388 0.01400000
v 0.01625063 0.00735083 0.01400000
v 0.01722060 0.00832080 0.01400000
v 0.01504780 0.00953694 0.01400000
v 0.01987060 0.00373086 0.01400000
v 0.01854560 0.00337583 0.01400000
v 0.02889553 0.00245937 0.01400000
v 0.01504780 0.00268792 0.01400000
v 0.02900000 -0.00000000 0.01400000
v 0.01722060 0.00373086 0.01400000
v 0.01625063 0.00470083 0.01400000
v 0.01589560 0.00602583 0.01400000
v 0.01854560 0.00867583 0.01400000
v 0.02642563 0.01194514 0.01400000
v 0.02402678 0.01623927 0.01400000
v 0.02093673 0.02006623 0.01400000
v 0.01987060 0.00832080 0.01400000
v 0.02084057 0.00735083 0.01400000
v 0.02806425 0.00730736 0.01400000
v 0.02119560 0.00602583 0.01400000
v 0.02084057 0.00470083 0.01400000
v -0.01714132 -0.01304805 0.01400000
v -0.01581632 -0.01534301 0.01400000
v -0.01567066 -0.01606096 0.01400000
v -0.01449132 -0.01569805 0.01400000
v -0.00927280 -0.01606096 0.01400000
v -0.01316632 -0.01534301 0.01400000
v -0.00927280 -0.01494902 0.01400000
v -0.01219636 -0.01437305 0.01400000
v -0.01184132 -0.01304805 0.01400000
v -0.01678629 -0.01172305 0.01400000
v -0.01581632 -0.01075308 0.01400000
v -0.01567066 -0.00953694 0.01400000
v -0.01449132 -0.01039805 0.01400000
v -0.01062885 -0.00941634 0.01400000
v -0.01316632 -0.01075308 0.01400000
v -0.01219636 -0.01172305 0.01400000
v -0.00806652 -0.01168637 0.01400000
v 0.01257348 0.00659907 0.01400000
v -0.00171162 0.01409647 0.01400000
v 0.00171162 0.01409647 0.01400000
v 0.00503539 0.01327723 0.01400000
v 0.00806652 0.01168637 0.01400000
v 0.01062885 0.00941634 0.01400000
v -0.00503539 0.01327723 0.01400000
v -0.01257348 0.00659907 0.01400000
v -0.01378737 -0.00339828 0.01400000
v -0.01567066 -0.00268792 0.01400000
v -0.01257348 -0.00659907 0.01400000
v -0.00503539 -0.01327723 0.01400000
v -0.00171162 -0.01409647 0.01400000
v 0.01062885 -0.00941634 0.01400000
v 0.00806652 -0.01168637 0.01400000
v 0.01378737 0.00339828 0.01400000
v 0.01420000 -0.00000000 0.01400000
v 0.01378737 -0.00339828 0.01400000
v 0.01257348 -0.00659907 0.01400000
v 0.00321936 -0.01606096 0.01400000
v 0.00849186 -0.02772884 0.01400000
v -0.00405428 -0.01642388 0.01400000
v -0.00272928 -0.01677891 0.01400000
v -0.00175931 -0.01774888 0.01400000
v -0.00140428 -0.01907388 0.01400000
v -0.00175931 -0.02039888 0.01400000
v -0.00272928 -0.02136885 0.01400000
v -0.00405428 -0.02172388 0.01400000
v -0.00537928 -0.02136885 0.01400000
v -0.00634925 -0.02039888 0.01400000
v -0.01678629 -0.01437305 0.01400000
v -0.00670428 -0.01907388 0.01400000
v -0.00634925 -0.01774888 0.01400000
v -0.00537928 -0.01677891 0.01400000
v 0.01750246 -0.02668251 0.00308930
v 0.01959283 -0.02663926 0.00193145
v 0.01739813 -0.02356647 0.00570711
v 0.01739813 0.02356647 0.00570711
v 0.01750246 0.02668251 0.00308930
v 0.01551129 0.02484901 0.00570711
v 0.01669371 0.02669911 0.00351155
v 0.01353035 0.02598082 0.00570711
v 0.01461743 0.02674092 0.00452467
v 0.01183973 0.02679355 0.00570711
v 0.01917944 0.02214097 0.00570711
v 0.02202209 0.02542577 0.00136308
v 0.02132650 0.02586698 0.00147508
v 0.02091611 0.02608908 0.00156164
v 0.01991600 0.02652663 0.00182909
v 0.01959283 0.02663926 0.00193145
v 0.02084440 0.02058117 0.00570711
v 0.02306699 0.02457810 0.00129289
v 0.02223064 0.02527588 0.00133887
v 0.02238292 -0.01889652 0.00570711
v 0.02084440 -0.02058117 0.00570711
v 0.02482742 -0.02279843 0.00129289
v 0.02306699 -0.02457810 0.00129289
v 0.01917944 -0.02214097 0.00570711
v 0.02223064 -0.02527588 0.00133887
v 0.02091611 -0.02608908 0.00156164
v 0.02132650 -0.02586698 0.00147508
v 0.02202209 -0.02542577 0.00136308
v 0.01991600 -0.02652663 0.00182909
v 0.01669371 -0.02669911 0.00351155
v 0.01551129 -0.02484901 0.00570711
v 0.01461743 -0.02674092 0.00452467
v 0.01353035 -0.02598082 0.00570711
v 0.01183973 -0.02679355 0.00570711
v 0.02575586 -0.02174408 0.00129289
v 0.02645091 -0.02089302 0.00129289
v 0.02378567 -0.01709724 0.00570711
v 0.02792852 -0.01887238 0.00129289
v 0.02504413 -0.01519425 0.00570711
v 0.02881809 -0.01748390 0.00129289
v 0.02925209 -0.01674766 0.00129289
v 0.02615067 -0.01319909 0.00570711
v 0.03041434 -0.01453056 0.00129289
v 0.02709858 -0.01112386 0.00570711
v 0.03118213 -0.01280014 0.00129289
v 0.03140883 -0.01223333 0.00129289
v 0.02788211 -0.00898116 0.00570711
v 0.03223010 -0.00986862 0.00129289
v 0.02849651 -0.00678398 0.00570711
v 0.03279072 -0.00780627 0.00129289
v 0.03287361 -0.00744949 0.00129289
v 0.02893805 -0.00454565 0.00570711
v 0.03333581 -0.00498927 0.00129289
v 0.02920405 -0.00227974 0.00570711
v 0.03361415 -0.00250153 0.00129289
v 0.02929289 0.00000000 0.00570711
v 0.03370711 -0.00000000 0.00129289
v 0.02920405 0.00227974 0.00570711
v 0.03361415 0.00250153 0.00129289
v 0.02893805 0.00454565 0.00570711
v 0.02788211 0.00898116 0.00570711
v 0.03140883 0.01223333 0.00129289
v 0.02709858 0.01112386 0.00570711
v 0.03118213 0.01280014 0.00129289
v 0.02615067 0.01319909 0.00570711
v 0.03333581 0.00498927 0.00129289
v 0.03287361 0.00744949 0.00129289
v 0.02849651 0.00678398 0.00570711
v 0.03279072 0.00780627 0.00129289
v 0.03223010 0.00986862 0.00129289
v 0.02378567 0.01709724 0.00570711
v 0.02645091 0.02089302 0.00129289
v 0.02238292 0.01889652 0.00570711
v 0.02575586 0.02174408 0.00129289
v 0.02482742 0.02279843 0.00129289
v 0.03041434 0.01453056 0.00129289
v 0.02925209 0.01674766 0.00129289
v 0.02504413 0.01519425 0.00570711
v 0.02881809 0.01748390 0.00129289
v 0.02792852 0.01887238 0.00129289
v 0.02326743 -0.02479167 0.00058579
v 0.02326743 -0.02479167 0.00020000
v 0.02504315 -0.02299654 0.00058579
v 0.02668075 -0.02107457 0.00020000
v 0.02668075 -0.02107457 0.00058579
v 0.02817120 -0.01903637 0.00058579
v 0.02950628 -0.01689318 0.00020000
v 0.02950628 -0.01689318 0.00058579
v 0.03067862 -0.01465682 0.00058579
v 0.03168175 -0.01233963 0.00020000
v 0.03168175 -0.01233963 0.00058579
v 0.03251016 -0.00995438 0.00058579
v 0.03315926 -0.00751422 0.00020000
v 0.03315926 -0.00751422 0.00058579
v 0.03362548 -0.00503262 0.00058579
v 0.03390624 -0.00252327 0.00020000
v 0.03390624 -0.00252327 0.00058579
v 0.03400000 -0.00000000 0.00058579
v 0.03390624 0.00252327 0.00020000
v 0.03390624 0.00252327 0.00058579
v 0.03362548 0.00503262 0.00058579
v 0.03315926 0.00751422 0.00020000
v 0.03315926 0.00751422 0.00058579
v 0.03251016 0.00995438 0.00058579
v 0.03168175 0.01233963 0.00020000
v 0.03168175 0.01233963 0.00058579
v 0.03067862 0.01465682 0.00058579
v 0.02950628 0.01689318 0.00020000
v 0.02950628 0.01689318 0.00058579
v 0.02817120 0.01903637 0.00058579
v 0.02668075 0.02107457 0.00020000
v 0.02668075 0.02107457 0.00058579
v 0.02504315 0.02299654 0.00058579
v 0.02326743 0.02479167 0.00020000
v 0.02326743 0.02479167 0.00058579
v -0.00503539 -0.01327723 0.00000000
v -0.00927280 -0.01254985 0.00000000
v -0.00806652 -0.01168637 0.00000000
v 0.02045902 0.01064523 -0.00000000
v 0.01854560 0.01102583 -0.00000000
v 0.01887280 0.01254985 -0.00000000
v 0.02045902 -0.00140643 0.00000000
v 0.01854560 -0.00102583 0.00000000
v 0.01887280 -0.00000000 0.00000000
v 0.01663218 -0.01064523 0.00000000
v 0.01854560 -0.01102583 0.00000000
v 0.01887280 -0.01254985 0.00000000
v -0.00758981 -0.01553834 0.00000000
v -0.00927280 -0.01612402 0.00000000
v -0.02240192 0.00150000 0.00000000
v -0.02350000 0.00259808 0.00000000
v -0.02074566 0.00552402 0.00000000
v -0.02500000 0.00300000 -0.00000000
v -0.02650000 0.00259808 0.00000000
v -0.03296420 0.00747002 0.00000000
v -0.02759808 0.00150000 0.00000000
v -0.03370679 0.00250843 0.00000000
v -0.02800000 0.00000000 0.00000000
v -0.03370679 -0.00250843 0.00000000
v -0.02759808 -0.00150000 0.00000000
v -0.03296420 -0.00747002 0.00000000
v -0.02650000 -0.00259808 0.00000000
v -0.02500000 -0.00300000 0.00000000
v -0.02200000 0.00000000 0.00000000
v -0.02074566 0.00000000 0.00000000
v -0.02240192 -0.00150000 0.00000000
v -0.02074566 -0.00552402 0.00000000
v -0.02350000 -0.00259808 0.00000000
v -0.01640474 -0.00842865 0.00000000
v -0.01802686 -0.00951251 0.00000000
v -0.01911072 -0.01113463 0.00000000
v -0.02074566 -0.01254985 0.00000000
v -0.01949132 -0.01304805 0.00000000
v -0.02074566 -0.01612402 0.00000000
v -0.01911072 -0.01496146 0.00000000
v -0.01802686 -0.01658358 0.00000000
v -0.01449132 -0.00804805 0.00000000
v -0.01684566 -0.00552402 0.00000000
v -0.01257791 -0.00842865 0.00000000
v -0.01257348 -0.00659907 0.00000000
v -0.01095579 -0.00951251 0.00000000
v -0.01062885 -0.00941634 0.00000000
v -0.00987193 -0.01113463 0.00000000
v -0.01095579 -0.01658358 0.00000000
v -0.00987193 -0.01496146 0.00000000
v -0.00949132 -0.01304805 0.00000000
v -0.01257791 -0.01766744 0.00000000
v -0.00927280 -0.02568694 0.00000000
v -0.01449132 -0.01804805 0.00000000
v -0.01684566 -0.02568694 0.00000000
v -0.01640474 -0.01766744 0.00000000
v -0.00051874 -0.01553834 0.00000000
v 0.00724566 -0.01612402 0.00000000
v 0.00056512 -0.01716046 0.00000000
v 0.00094572 -0.01907388 0.00000000
v 0.00056512 -0.02098729 0.00000000
v 0.00724566 -0.02568694 0.00000000
v -0.00051874 -0.02260941 0.00000000
v -0.00867368 -0.01716046 0.00000000
v -0.00905428 -0.01907388 0.00000000
v -0.00867368 -0.02098729 0.00000000
v -0.00758981 -0.02260941 0.00000000
v -0.00596770 -0.02369328 0.00000000
v -0.00405428 -0.02407388 0.00000000
v -0.00214086 -0.02369328 0.00000000
v -0.01642407 0.02730000 0.00000000
v -0.01640474 0.01766744 0.00000000
v -0.01886031 0.02699235 0.00000000
v -0.01802686 0.01658358 0.00000000
v -0.02114360 0.02608872 0.00000000
v -0.00949132 0.01304805 0.00000000
v -0.00987193 0.01496146 0.00000000
v -0.00927280 0.02730000 0.00000000
v -0.01095579 0.01658358 0.00000000
v -0.01257791 0.01766744 0.00000000
v -0.01449132 0.01804805 0.00000000
v -0.01802686 0.00951251 0.00000000
v -0.01640474 0.00842865 0.00000000
v -0.01684566 0.00552402 0.00000000
v -0.01449132 0.00804805 0.00000000
v -0.00806652 0.01168637 0.00000000
v -0.00934122 0.01069493 0.00000000
v -0.00927280 0.01254985 0.00000000
v -0.00987193 0.01113463 0.00000000
v -0.01095579 0.00951251 0.00000000
v -0.01062885 0.00941634 0.00000000
v -0.01257791 0.00842865 0.00000000
v -0.01257348 0.00659907 0.00000000
v -0.01911072 0.01113463 0.00000000
v -0.01949132 0.01304805 0.00000000
v -0.02074566 0.01254985 0.00000000
v -0.01911072 0.01496146 0.00000000
v 0.01257348 -0.00659907 0.00000000
v 0.01378737 -0.00339828 0.00000000
v 0.01354560 -0.00602583 0.00000000
v 0.01062885 -0.00941634 0.00000000
v 0.01392620 -0.00793925 0.00000000
v 0.01501007 -0.00956137 0.00000000
v 0.00806652 -0.01168637 0.00000000
v 0.00724566 -0.01254985 0.00000000
v 0.00503539 -0.01327723 0.00000000
v 0.00171162 -0.01409647 0.00000000
v -0.00171162 -0.01409647 0.00000000
v -0.00214086 -0.01445448 0.00000000
v -0.00405428 -0.01407388 0.00000000
v -0.00596770 -0.01445448 0.00000000
v 0.01420000 0.00000000 0.00000000
v 0.01663218 -0.00140643 0.00000000
v 0.01501007 -0.00249030 0.00000000
v 0.01392620 -0.00411241 0.00000000
v 0.02354560 -0.00602583 0.00000000
v 0.02316500 -0.00411241 0.00000000
v 0.03380000 -0.00000000 0.00000000
v 0.02208114 -0.00249030 0.00000000
v 0.02045902 -0.01064523 0.00000000
v 0.03149539 -0.01226704 0.00000000
v 0.02208114 -0.00956137 0.00000000
v 0.02316500 -0.00793925 0.00000000
v 0.03296420 -0.00747002 0.00000000
v 0.03370679 -0.00250843 0.00000000
v 0.00724566 0.01254985 0.00000000
v 0.01663218 0.01064523 0.00000000
v 0.01501007 0.00956137 0.00000000
v 0.02045902 0.00140643 0.00000000
v 0.01854560 0.00102583 0.00000000
v 0.02208114 0.00956137 -0.00000000
v 0.03149539 0.01226704 0.00000000
v 0.02316500 0.00793925 -0.00000000
v 0.03296420 0.00747002 0.00000000
v 0.02354560 0.00602583 -0.00000000
v 0.03370679 0.00250843 0.00000000
v 0.02316500 0.00411241 0.00000000
v 0.02208114 0.00249030 0.00000000
v 0.01663218 0.00140643 0.00000000
v 0.01501007 0.00249030 0.00000000
v 0.01378737 0.00339828 0.00000000
v 0.01392620 0.00411241 0.00000000
v -0.00596770 0.02369328 0.00000000
v -0.00758981 0.02260941 0.00000000
v -0.00867368 0.02098729 0.00000000
v -0.00905428 0.01907388 0.00000000
v 0.00056512 0.02098729 0.00000000
v -0.00051874 0.02260941 0.00000000
v 0.00724566 0.02730000 -0.00000000
v -0.00214086 0.02369328 0.00000000
v -0.00405428 0.02407388 0.00000000
v 0.01354560 0.00602583 0.00000000
v 0.01257348 0.00659907 0.00000000
v 0.01392620 0.00793925 0.00000000
v 0.01062885 0.00941634 0.00000000
v 0.00806652 0.01168637 0.00000000
v 0.00646905 0.01264086 0.00000000
v 0.00503539 0.01327723 0.00000000
v 0.00094572 0.01907388 0.00000000
v 0.00056512 0.01716046 0.00000000
v -0.00051874 0.01553834 0.00000000
v 0.00171162 0.01409647 0.00000000
v -0.00214086 0.01445448 0.00000000
v -0.00171162 0.01409647 0.00000000
v -0.00405428 0.01407388 0.00000000
v -0.00503539 0.01327723 0.00000000
v -0.00596770 0.01445448 0.00000000
v -0.00758981 0.01553834 0.00000000
v -0.00867368 0.01716046 0.00000000
v -0.01378737 0.00339828 0.00000000
v -0.01684566 0.00000000 0.00000000
v -0.01420000 0.00000000 0.00000000
v -0.01378737 -0.00339828 0.00000000
v 0.01887280 -0.01612402 0.00000000
v 0.02313056 -0.02464583 0.00000000
v 0.01887280 -0.02568694 0.00000000
v 0.02114360 -0.02608872 0.00000000
v 0.01886031 -0.02699235 0.00000000
v 0.02933271 -0.01679381 0.00000000
v 0.02652381 -0.02095060 0.00000000
v 0.02933271 0.01679381 0.00000000
v 0.02652381 0.02095060 0.00000000
v 0.01886031 0.02699235 -0.00000000
v 0.02114360 0.02608872 -0.00000000
v 0.02313056 0.02464583 -0.00000000
v 0.01642407 0.02730000 -0.00000000
v -0.02313056 0.02464583 0.00000000
v -0.02652381 0.02095060 -0.00000000
v -0.03149539 0.01226704 -0.00000000
v -0.02933271 0.01679381 -0.00000000
v -0.02652381 -0.02095060 0.00000000
v -0.02933271 -0.01679381 0.00000000
v -0.03149539 -0.01226704 0.00000000
v -0.02074566 -0.02568694 0.00000000
v -0.02313056 -0.02464583 0.00000000
v 0.01642407 -0.02730000 0.00000000
v 0.00724566 -0.02730000 0.00000000
v -0.00927280 -0.02730000 0.00000000
v -0.01642407 -0.02730000 0.00000000
v -0.01886031 -0.02699235 0.00000000
v -0.02114360 -0.02608872 0.00000000
v -0.01750246 0.02668251 0.00308930
v -0.01959283 0.02663926 0.00193145
v -0.01739813 0.02356647 0.00570711
v -0.02238292 0.01889652 0.00570711
v -0.02084440 0.02058117 0.00570711
v -0.02482742 0.02279843 0.00129289
v -0.02306699 0.02457810 0.00129289
v -0.01917944 0.02214097 0.00570711
v -0.02223064 0.02527588 0.00133887
v -0.02091611 0.02608908 0.00156164
v -0.02132650 0.02586698 0.00147508
v -0.02202209 0.02542577 0.00136308
v -0.01991600 0.02652663 0.00182909
v -0.01669371 0.02669911 0.00351155
v -0.01551129 0.02484901 0.00570711
v -0.01461743 0.02674092 0.00452467
v -0.01353035 0.02598082 0.00570711
v -0.01183973 0.02679355 0.00570711
v -0.01739813 -0.02356647 0.00570711
v -0.01750246 -0.02668251 0.00308930
v -0.01551129 -0.02484901 0.00570711
v -0.01669371 -0.02669911 0.00351155
v -0.01353035 -0.02598082 0.00570711
v -0.01461743 -0.02674092 0.00452467
v -0.01183973 -0.02679355 0.00570711
v -0.01917944 -0.02214097 0.00570711
v -0.02202209 -0.02542577 0.00136308
v -0.02132650 -0.02586698 0.00147508
v -0.02091611 -0.02608908 0.00156164
v -0.01991600 -0.02652663 0.00182909
v -0.01959283 -0.02663926 0.00193145
v -0.02084440 -0.02058117 0.00570711
v -0.02306699 -0.02457810 0.00129289
v -0.02223064 -0.02527588 0.00133887
v -0.02575586 0.02174408 0.00129289
v -0.02645091 0.02089302 0.00129289
v -0.02378567 0.01709724 0.00570711
v -0.02792852 0.01887238 0.00129289
v -0.02504413 0.01519425 0.00570711
v -0.02881809 0.01748390 0.00129289
v -0.02925209 0.01674766 0.00129289
v -0.02615067 0.01319909 0.00570711
v -0.03041434 0.01453056 0.00129289
v -0.02709858 0.01112386 0.00570711
v -0.03118213 0.01280014 0.00129289
v -0.03140883 0.01223333 0.00129289
v -0.02788211 0.00898116 0.00570711
v -0.03223010 0.00986862 0.00129289
v -0.02849651 0.00678398 0.00570711
v -0.03279072 0.00780627 0.00129289
v -0.03287361 0.00744949 0.00129289
v -0.02893805 0.00454565 0.00570711
v -0.03333581 0.00498927 0.00129289
v -0.02920405 0.00227974 0.00570711
v -0.03361415 0.00250153 0.00129289
v -0.02929289 0.00000000 0.00570711
v -0.03370711 0.00000000 0.00129289
v -0.02920405 -0.00227974 0.00570711
v -0.03361415 -0.00250153 0.00129289
v -0.02893805 -0.00454565 0.00570711
v -0.02788211 -0.00898116 0.00570711
v -0.03140883 -0.01223333 0.00129289
v -0.02709858 -0.01112386 0.00570711
v -0.03118213 -0.01280014 0.00129289
v -0.02615067 -0.01319909 0.00570711
v -0.03333581 -0.00498927 0.00129289
v -0.03287361 -0.00744949 0.00129289
v -0.02849651 -0.00678398 0.00570711
v -0.03279072 -0.00780627 0.00129289
v -0.03223010 -0.00986862 0.00129289
v -0.02378567 -0.01709724 0.00570711
v -0.02645091 -0.02089302 0.00129289
v -0.02238292 -0.01889652 0.00570711
v -0.02575586 -0.02174408 0.00129289
v -0.02482742 -0.02279843 0.00129289
v -0.03041434 -0.01453056 0.00129289
v -0.02925209 -0.01674766 0.00129289
v -0.02504413 -0.01519425 0.00570711
v -0.02881809 -0.01748390 0.00129289
v -0.02792852 -0.01887238 0.00129289
v -0.02326743 0.02479167 0.00058579
v -0.02326743 0.02479167 0.00020000
v -0.02504315 0.02299654 0.00058579
v -0.02668075 0.02107457 0.00020000
v -0.02668075 0.02107457 0.00058579
v -0.02817120 0.01903637 0.00058579
v -0.02950628 0.01689318 0.00020000
v -0.02950628 0.01689318 0.00058579
v -0.03067862 0.01465682 0.00058579
v -0.03168175 0.01233963 0.00020000
v -0.03168175 0.01233963 0.00058579
v -0.03251016 0.00995438 0.00058579
v -0.03315926 0.00751422 0.00020000
v -0.03315926 0.00751422 0.00058579
v -0.03362548 0.00503262 0.00058579
v -0.03390624 0.00252327 0.00020000
v -0.03390624 0.00252327 0.00058579
v -0.03400000 0.00000000 0.00058579
v -0.03390624 -0.00252327 0.00020000
v -0.03390624 -0.00252327 0.00058579
v -0.03362548 -0.00503262 0.00058579
v -0.03315926 -0.00751422 0.00020000
v -0.03315926 -0.00751422 0.00058579
v -0.03251016 -0.00995438 0.00058579
v -0.03168175 -0.01233963 0.00020000
v -0.03168175 -0.01233963 0.00058579
v -0.03067862 -0.01465682 0.00058579
v -0.02950628 -0.01689318 0.00020000
v -0.02950628 -0.01689318 0.00058579
v -0.02817120 -0.01903637 0.00058579
v -0.02668075 -0.02107457 0.00020000
v -0.02668075 -0.02107457 0.00058579
v -0.02504315 -0.02299654 0.00058579
v -0.02326743 -0.02479167 0.00020000
v -0.02326743 -0.02479167 0.00058579
v 0.00935293 0.02750000 0.00544424
v -0.00935293 0.02750000 0.00544424
v -0.00907990 0.02750000 0.00577756
v 0.00982409 0.02750000 0.00505228
v -0.01642407 0.02750000 0.00020000
v 0.01040068 0.02750000 0.00469784
v -0.01126813 0.02750000 0.00429289
v -0.01040068 0.02750000 0.00469784
v -0.00982409 0.02750000 0.00505228
v 0.01642407 0.02750000 0.00184007
v 0.01642407 0.02750000 0.00020000
v 0.01393910 0.02750000 0.00311046
v 0.01126813 0.02750000 0.00429289
v -0.01393910 0.02750000 0.00311046
v -0.01642407 0.02750000 0.00184007
v -0.00896116 0.02750000 0.00600000
v 0.00896116 0.02750000 0.00600000
v -0.00898724 0.02750000 0.00594204
v 0.00898724 0.02750000 0.00594204
v 0.00907990 0.02750000 0.00577756
v 0.01126813 -0.02750000 0.00429289
v 0.01040068 -0.02750000 0.00469784
v -0.01642407 -0.02750000 0.00020000
v 0.00982409 -0.02750000 0.00505228
v 0.00935293 -0.02750000 0.00544424
v -0.00907990 -0.02750000 0.00577756
v -0.00935293 -0.02750000 0.00544424
v -0.00982409 -0.02750000 0.00505228
v 0.01642407 -0.02750000 0.00020000
v 0.01642407 -0.02750000 0.00184007
v 0.01393910 -0.02750000 0.00311046
v 0.00898724 -0.02750000 0.00594204
v 0.00896116 -0.02750000 0.00600000
v -0.00896116 -0.02750000 0.00600000
v 0.00907990 -0.02750000 0.00577756
v -0.00898724 -0.02750000 0.00594204
v -0.01040068 -0.02750000 0.00469784
v -0.01126813 -0.02750000 0.00429289
v -0.01393910 -0.02750000 0.00311046
v -0.01642407 -0.02750000 0.00184007
v -0.00926017 0.02748180 0.00600000
v -0.00610970 0.02834910 0.00600000
v -0.00123079 0.02897387 0.00600000
v 0.00368352 0.02876511 0.00600000
v 0.00849186 0.02772884 0.00600000
v 0.00926017 0.02748180 0.00600000
v -0.00610970 -0.02834910 0.00600000
v -0.00926017 -0.02748180 0.00600000
v 0.00368352 -0.02876511 0.00600000
v -0.00123079 -0.02897387 0.00600000
v 0.00849186 -0.02772884 0.00600000
v 0.00926017 -0.02748180 0.00600000
v -0.00936702 -0.02744556 0.00623683
v -0.00952427 -0.02739139 0.00640893
v -0.00953146 -0.02738889 0.00641421
v -0.01081284 -0.02690878 0.00641421
v -0.01135269 -0.02668551 0.00641421
v -0.01339507 -0.02572105 0.00641421
v -0.01898767 -0.02191959 0.00641421
v -0.01722417 -0.02333083 0.00641421
v -0.01535620 -0.02460055 0.00641421
v -0.01520491 -0.02469435 0.00641421
v -0.02256304 -0.01821838 0.00641421
v -0.02215912 -0.01870757 0.00641421
v -0.02063598 -0.02037538 0.00641421
v -0.01915957 -0.02176950 0.00641421
v -0.02354784 -0.01692629 0.00641421
v -0.02479372 -0.01504232 0.00641421
v -0.02734345 -0.00966105 0.00641421
v -0.02682763 -0.01101264 0.00641421
v -0.02588920 -0.01306711 0.00641421
v -0.02531741 -0.01414315 0.00641421
v -0.02760333 -0.00889136 0.00641421
v -0.02821158 -0.00671615 0.00641421
v -0.02900000 0.00000000 0.00641421
v -0.02891204 -0.00225694 0.00641421
v -0.02864870 -0.00450019 0.00641421
v -0.02858286 -0.00490102 0.00641421
v -0.02891204 0.00225694 0.00641421
v -0.02864870 0.00450019 0.00641421
v -0.02734345 0.00966105 0.00641421
v -0.02760333 0.00889136 0.00641421
v -0.02821158 0.00671615 0.00641421
v -0.02858286 0.00490102 0.00641421
v -0.02682763 0.01101264 0.00641421
v -0.02588920 0.01306711 0.00641421
v -0.02256304 0.01821838 0.00641421
v -0.02354784 0.01692629 0.00641421
v -0.02479372 0.01504232 0.00641421
v -0.02531741 0.01414315 0.00641421
v -0.02215912 0.01870757 0.00641421
v -0.02063598 0.02037538 0.00641421
v -0.01520491 0.02469435 0.00641421
v -0.01535620 0.02460055 0.00641421
v -0.01722417 0.02333083 0.00641421
v -0.01898767 0.02191959 0.00641421
v -0.01915957 0.02176950 0.00641421
v -0.01339507 0.02572105 0.00641421
v -0.01135269 0.02668551 0.00641421
v -0.00937703 0.02744214 0.00625201
v -0.00952427 0.02739139 0.00640893
v -0.00953146 0.02738889 0.00641421
v -0.01081284 0.02690878 0.00641421
v 0.01135269 0.02668551 0.00641421
v 0.00953146 0.02738889 0.00641421
v 0.00952427 0.02739139 0.00640893
v 0.00936702 0.02744556 0.00623683
v 0.01722417 0.02333083 0.00641421
v 0.01535620 0.02460055 0.00641421
v 0.01339507 0.02572105 0.00641421
v 0.01305591 0.02589485 0.00641421
v 0.01898767 0.02191959 0.00641421
v 0.02063598 0.02037538 0.00641421
v 0.02402678 0.01623927 0.00641421
v 0.02354784 0.01692629 0.00641421
v 0.02215912 0.01870757 0.00641421
v 0.02093673 0.02006623 0.00641421
v 0.02479372 0.01504232 0.00641421
v 0.02588920 0.01306711 0.00641421
v 0.02806425 0.00730736 0.00641421
v 0.02760333 0.00889136 0.00641421
v 0.02682763 0.01101264 0.00641421
v 0.02642563 0.01194514 0.00641421
v 0.02821158 0.00671615 0.00641421
v 0.02864870 0.00450019 0.00641421
v 0.02891204 0.00225694 0.00641421
v 0.02889553 0.00245937 0.00641421
v 0.02891204 -0.00225694 0.00641421
v 0.02900000 0.00000000 0.00641421
v 0.02806425 -0.00730736 0.00641421
v 0.02821158 -0.00671615 0.00641421
v 0.02864870 -0.00450019 0.00641421
v 0.02889553 -0.00245937 0.00641421
v 0.02760333 -0.00889136 0.00641421
v 0.02682763 -0.01101264 0.00641421
v 0.02402678 -0.01623927 0.00641421
v 0.02479372 -0.01504232 0.00641421
v 0.02588920 -0.01306711 0.00641421
v 0.02642563 -0.01194514 0.00641421
v 0.02354784 -0.01692629 0.00641421
v 0.02215912 -0.01870757 0.00641421
v 0.01722417 -0.02333083 0.00641421
v 0.01898767 -0.02191959 0.00641421
v 0.02063598 -0.02037538 0.00641421
v 0.02093673 -0.02006623 0.00641421
v 0.01535620 -0.02460055 0.00641421
v 0.01339507 -0.02572105 0.00641421
v 0.00937703 -0.02744214 0.00625201
v 0.00952427 -0.02739139 0.00640893
v 0.00953146 -0.02738889 0.00641421
v 0.01135269 -0.02668551 0.00641421
v 0.01305591 -0.02589485 0.00641421
v -0.01400000 0.00000000 0.00020000
v -0.01359319 0.00335042 0.00020000
v -0.01239638 0.00650612 0.00020000
v -0.01047915 0.00928372 0.00020000
v -0.00795291 0.01152177 0.00020000
v -0.00496447 0.01309023 0.00020000
v -0.00168751 0.01389792 0.00020000
v 0.00168751 0.01389792 0.00020000
v 0.00496447 0.01309023 0.00020000
v 0.00795291 0.01152177 0.00020000
v 0.01047915 0.00928372 0.00020000
v 0.01239638 0.00650612 0.00020000
v 0.01359319 0.00335042 0.00020000
v 0.01400000 -0.00000000 0.00020000
v 0.01359319 -0.00335042 0.00020000
v 0.01239638 -0.00650612 0.00020000
v 0.01047915 -0.00928372 0.00020000
v 0.00795291 -0.01152177 0.00020000
v 0.00496447 -0.01309023 0.00020000
v 0.00168751 -0.01389792 0.00020000
v -0.00168751 -0.01389792 0.00020000
v -0.00496447 -0.01309023 0.00020000
v -0.00795291 -0.01152177 0.00020000
v -0.01047915 -0.00928372 0.00020000
v -0.01239638 -0.00650612 0.00020000
v -0.01359319 -0.00335042 0.00020000
v -0.02800000 0.00000000 0.00700000
v -0.02759808 0.00150000 0.00700000
v -0.02650000 0.00259808 0.00700000
v -0.02500000 0.00300000 0.00700000
v -0.02350000 0.00259808 0.00700000
v -0.02240192 0.00150000 0.00700000
v -0.02200000 0.00000000 0.00700000
v -0.02240192 -0.00150000 0.00700000
v -0.02350000 -0.00259808 0.00700000
v -0.02500000 -0.00300000 0.00700000
v -0.02650000 -0.00259808 0.00700000
v -0.02759808 -0.00150000 0.00700000
v -0.02500000 0.00000000 0.00700000
v -0.01714132 -0.01304805 0.00540000
v -0.01678629 -0.01172305 0.00540000
v -0.01581632 -0.01075308 0.00540000
v -0.01449132 -0.01039805 0.00540000
v -0.01316632 -0.01075308 0.00540000
v -0.01219636 -0.01172305 0.00540000
v -0.01184132 -0.01304805 0.00540000
v -0.01219636 -0.01437305 0.00540000
v -0.01316632 -0.01534301 0.00540000
v -0.01449132 -0.01569805 0.00540000
v -0.01581632 -0.01534301 0.00540000
v -0.01678629 -0.01437305 0.00540000
v -0.01911072 -0.01496146 0.00540000
v -0.01949132 -0.01304805 0.00540000
v -0.01257791 -0.01766744 0.00540000
v -0.01449132 -0.01804805 0.00540000
v -0.01640474 -0.01766744 0.00540000
v -0.01802686 -0.01658358 0.00540000
v -0.00987193 -0.01113463 0.00540000
v -0.00949132 -0.01304805 0.00540000
v -0.00987193 -0.01496146 0.00540000
v -0.01095579 -0.01658358 0.00540000
v -0.01911072 -0.01113463 0.00540000
v -0.01802686 -0.00951251 0.00540000
v -0.01640474 -0.00842865 0.00540000
v -0.01449132 -0.00804805 0.00540000
v -0.01257791 -0.00842865 0.00540000
v -0.01095579 -0.00951251 0.00540000
v -0.00670428 -0.01907388 0.00540000
v -0.00634925 -0.01774888 0.00540000
v -0.00537928 -0.01677891 0.00540000
v -0.00405428 -0.01642388 0.00540000
v -0.00272928 -0.01677891 0.00540000
v -0.00175931 -0.01774888 0.00540000
v -0.00140428 -0.01907388 0.00540000
v -0.00175931 -0.02039888 0.00540000
v -0.00272928 -0.02136885 0.00540000
v -0.00405428 -0.02172388 0.00540000
v -0.00537928 -0.02136885 0.00540000
v -0.00634925 -0.02039888 0.00540000
v -0.00214086 -0.02369328 0.00540000
v -0.00405428 -0.02407388 0.00540000
v -0.00596770 -0.02369328 0.00540000
v -0.00596770 -0.01445448 0.00540000
v -0.00405428 -0.01407388 0.00540000
v -0.00214086 -0.01445448 0.00540000
v -0.00758981 -0.02260941 0.00540000
v -0.00867368 -0.02098729 0.00540000
v -0.00905428 -0.01907388 0.00540000
v -0.00867368 -0.01716046 0.00540000
v -0.00758981 -0.01553834 0.00540000
v -0.00051874 -0.01553834 0.00540000
v 0.00056512 -0.01716046 0.00540000
v 0.00094572 -0.01907388 0.00540000
v 0.00056512 -0.02098729 0.00540000
v -0.00051874 -0.02260941 0.00540000
v -0.00670428 0.01907388 0.00540000
v -0.00634925 0.02039888 0.00540000
v -0.00537928 0.02136885 0.00540000
v -0.00405428 0.02172388 0.00540000
v -0.00272928 0.02136885 0.00540000
v -0.00175931 0.02039888 0.00540000
v -0.00140428 0.01907388 0.00540000
v -0.00175931 0.01774888 0.00540000
v -0.00272928 0.01677891 0.00540000
v -0.00405428 0.01642388 0.00540000
v -0.00537928 0.01677891 0.00540000
v -0.00634925 0.01774888 0.00540000
v -0.00214086 0.01445448 0.00540000
v -0.00405428 0.01407388 0.00540000
v -0.00596770 0.01445448 0.00540000
v -0.00596770 0.02369328 0.00540000
v -0.00405428 0.02407388 0.00540000
v -0.00214086 0.02369328 0.00540000
v -0.00758981 0.01553834 0.00540000
v -0.00867368 0.01716046 0.00540000
v -0.00905428 0.01907388 0.00540000
v -0.00867368 0.02098729 0.00540000
v -0.00758981 0.02260941 0.00540000
v -0.00051874 0.02260941 0.00540000
v 0.00056512 0.02098729 0.00540000
v 0.00094572 0.01907388 0.00540000
v 0.00056512 0.01716046 0.00540000
v -0.00051874 0.01553834 0.00540000
v -0.01714132 0.01304805 0.00540000
v -0.01678629 0.01437305 0.00540000
v -0.01581632 0.01534301 0.00540000
v -0.01449132 0.01569805 0.00540000
v -0.01316632 0.01534301 0.00540000
v -0.01219636 0.01437305 0.00540000
v -0.01184132 0.01304805 0.00540000
v -0.01219636 0.01172305 0.00540000
v -0.01316632 0.01075308 0.00540000
v -0.01449132 0.01039805 0.00540000
v -0.01581632 0.01075308 0.00540000
v -0.01678629 0.01172305 0.00540000
v -0.01257791 0.00842865 0.00540000
v -0.01449132 0.00804805 0.00540000
v -0.01640474 0.00842865 0.00540000
v -0.01640474 0.01766744 0.00540000
v -0.01449132 0.01804805 0.00540000
v -0.01257791 0.01766744 0.00540000
v -0.01095579 0.01658358 0.00540000
v -0.00987193 0.01496146 0.00540000
v -0.00949132 0.01304805 0.00540000
v -0.00987193 0.01113463 0.00540000
v -0.01095579 0.00951251 0.00540000
v -0.01802686 0.00951251 0.00540000
v -0.01911072 0.01113463 0.00540000
v -0.01949132 0.01304805 0.00540000
v -0.01911072 0.01496146 0.00540000
v -0.01802686 0.01658358 0.00540000
v 0.01589560 -0.00602583 0.00540000
v 0.01625063 -0.00470083 0.00540000
v 0.01722060 -0.00373086 0.00540000
v 0.01854560 -0.00337583 0.00540000
v 0.01987060 -0.00373086 0.00540000
v 0.02084057 -0.00470083 0.00540000
v 0.02119560 -0.00602583 0.00540000
v 0.02084057 -0.00735083 0.00540000
v 0.01987060 -0.00832080 0.00540000
v 0.01854560 -0.00867583 0.00540000
v 0.01722060 -0.00832080 0.00540000
v 0.01625063 -0.00735083 0.00540000
v 0.02045902 -0.01064523 0.00540000
v 0.01854560 -0.01102583 0.00540000
v 0.01663218 -0.01064523 0.00540000
v 0.02316500 -0.00411241 0.00540000
v 0.02354560 -0.00602583 0.00540000
v 0.02316500 -0.00793925 0.00540000
v 0.02208114 -0.00956137 0.00540000
v 0.01663218 -0.00140643 0.00540000
v 0.01854560 -0.00102583 0.00540000
v 0.02045902 -0.00140643 0.00540000
v 0.02208114 -0.00249030 0.00540000
v 0.01501007 -0.00956137 0.00540000
v 0.01392620 -0.00793925 0.00540000
v 0.01354560 -0.00602583 0.00540000
v 0.01392620 -0.00411241 0.00540000
v 0.01501007 -0.00249030 0.00540000
v 0.01589560 0.00602583 0.00540000
v 0.01625063 0.00735083 0.00540000
v 0.01722060 0.00832080 0.00540000
v 0.01854560 0.00867583 0.00540000
v 0.01987060 0.00832080 0.00540000
v 0.02084057 0.00735083 0.00540000
v 0.02119560 0.00602583 0.00540000
v 0.02084057 0.00470083 0.00540000
v 0.01987060 0.00373086 0.00540000
v 0.01854560 0.00337583 0.00540000
v 0.01722060 0.00373086 0.00540000
v 0.01625063 0.00470083 0.00540000
v 0.02045902 0.00140643 0.00540000
v 0.01854560 0.00102583 0.00540000
v 0.01663218 0.00140643 0.00540000
v 0.01663218 0.01064523 0.00540000
v 0.01854560 0.01102583 0.00540000
v 0.02045902 0.01064523 0.00540000
v 0.02208114 0.00956137 0.00540000
v 0.02316500 0.00793925 0.00540000
v 0.02354560 0.00602583 0.00540000
v 0.02316500 0.00411241 0.00540000
v 0.02208114 0.00249030 0.00540000
v 0.01501007 0.00249030 0.00540000
v 0.01392620 0.00411241 0.00540000
v 0.01354560 0.00602583 0.00540000
v 0.01392620 0.00793925 0.00540000
v 0.01501007 0.00956137 0.00540000
v 0.00984300 0.01704800 0.00679828
v 0.01157505 0.01804800 0.00800000
v 0.01084300 0.01878005 0.00800000
v 0.01184300 0.01704800 0.00800000
v 0.00884300 0.01878005 0.00800000
v 0.00811095 0.01804800 0.00800000
v 0.00984300 0.01904800 0.00800000
v 0.00811095 0.01604800 0.00800000
v 0.00884300 0.01531595 0.00800000
v 0.00784300 0.01704800 0.00800000
v 0.01084300 0.01531595 0.00800000
v 0.01157505 0.01604800 0.00800000
v 0.00984300 0.01504800 0.00800000
v -0.01968500 0.00000000 0.00679828
v -0.01795295 0.00100000 0.00800000
v -0.01868500 0.00173205 0.00800000
v -0.01768500 0.00000000 0.00800000
v -0.02068500 0.00173205 0.00800000
v -0.02141705 0.00100000 0.00800000
v -0.01968500 0.00200000 0.00800000
v -0.02141705 -0.00100000 0.00800000
v -0.02068500 -0.00173205 0.00800000
v -0.02168500 0.00000000 0.00800000
v -0.01868500 -0.00173205 0.00800000
v -0.01795295 -0.00100000 0.00800000
v -0.01968500 -0.00200000 0.00800000
v -0.00668567 -0.00207407 0.00170000
v -0.00668567 -0.00207407 0.00580000
v -0.00657785 -0.00239414 0.00580000
v -0.00657785 0.00239414 0.00020000
v -0.00668567 0.00207407 0.00170000
v -0.00662072 0.00227290 0.00020000
v -0.00700000 0.00000000 0.00170000
v -0.00668567 0.00207407 0.00580000
v -0.00657785 0.00239414 0.00580000
v -0.00563541 0.00415237 0.00580000
v -0.00552398 0.00429949 0.00020000
v -0.00536231 0.00449951 0.00580000
v -0.00536231 0.00449951 0.00020000
v -0.00396153 0.00577116 0.00580000
v -0.00382864 0.00586017 0.00020000
v -0.00350000 0.00606218 0.00580000
v -0.00350000 0.00606218 0.00020000
v -0.00184927 0.00675131 0.00580000
v -0.00171840 0.00678580 0.00020000
v -0.00121554 0.00689365 0.00580000
v -0.00121554 0.00689365 0.00020000
v 0.00046763 0.00698436 0.00580000
v 0.00057806 0.00697609 0.00020000
v 0.00121554 0.00689365 0.00580000
v 0.00121554 0.00689365 0.00020000
v 0.00273278 0.00644452 0.00580000
v 0.00281187 0.00641041 0.00020000
v 0.00350000 0.00606218 0.00580000
v 0.00350000 0.00606218 0.00020000
v 0.00469553 0.00519153 0.00580000
v 0.00474097 0.00515007 0.00020000
v 0.00536231 0.00449951 0.00580000
v 0.00536231 0.00449951 0.00020000
v 0.00613866 0.00336405 0.00580000
v 0.00615632 0.00333163 0.00020000
v 0.00657785 0.00239414 0.00580000
v 0.00657785 0.00239414 0.00020000
v 0.00690249 0.00116430 0.00580000
v 0.00690453 0.00115216 0.00020000
v 0.00700000 0.00000000 0.00580000
v 0.00700000 0.00000000 0.00020000
v 0.00690249 -0.00116430 0.00580000
v 0.00690453 -0.00115216 0.00020000
v 0.00657785 -0.00239414 0.00580000
v 0.00657785 -0.00239414 0.00020000
v 0.00613866 -0.00336405 0.00580000
v 0.00615632 -0.00333163 0.00020000
v 0.00536231 -0.00449951 0.00580000
v 0.00536231 -0.00449951 0.00020000
v 0.00469553 -0.00519153 0.00580000
v 0.00474097 -0.00515007 0.00020000
v 0.00350000 -0.00606218 0.00580000
v 0.00350000 -0.00606218 0.00020000
v 0.00273278 -0.00644452 0.00580000
v 0.00281187 -0.00641041 0.00020000
v 0.00121554 -0.00689365 0.00580000
v 0.00121554 -0.00689365 0.00020000
v 0.00046763 -0.00698436 0.00580000
v 0.00057806 -0.00697609 0.00020000
v -0.00121554 -0.00689365 0.00580000
v -0.00121554 -0.00689365 0.00020000
v -0.00184927 -0.00675131 0.00580000
v -0.00171840 -0.00678580 0.00020000
v -0.00350000 -0.00606218 0.00580000
v -0.00350000 -0.00606218 0.00020000
v -0.00396153 -0.00577116 0.00580000
v -0.00382864 -0.00586017 0.00020000
v -0.00536231 -0.00449951 0.00580000
v -0.00536231 -0.00449951 0.00020000
v -0.00563541 -0.00415237 0.00580000
v -0.00552398 -0.00429949 0.00020000
v -0.00657785 -0.00239414 0.00020000
v -0.00662072 -0.00227290 0.00020000
v -0.00700000 0.00000000 0.00020000
v 0.01000464 0.02727683 0.00609089
v 0.00973551 0.02734121 0.00620200
v 0.00964376 0.02736277 0.00625682
v 0.00955232 0.02738406 0.00634640
v 0.00953976 0.02738697 0.00637144
v 0.01102018 0.02701885 0.00584209
v 0.01138248 0.02675556 0.00603153
v 0.01046473 0.02716289 0.00596024
v 0.00973551 -0.02734121 0.00620200
v 0.01000464 -0.02727683 0.00609089
v 0.01138248 -0.02675556 0.00603153
v 0.01046473 -0.02716289 0.00596024
v 0.00955232 -0.02738406 0.00634640
v 0.00964376 -0.02736277 0.00625682
v 0.00953976 -0.02738697 0.00637144
v 0.01343023 0.02578856 0.00603153
v 0.01539650 0.02466513 0.00603153
v 0.01726938 0.02339207 0.00603153
v 0.01903751 0.02197712 0.00603153
v 0.02069015 0.02042886 0.00603153
v 0.02221729 0.01875668 0.00603153
v 0.02360965 0.01697071 0.00603153
v 0.02485880 0.01508181 0.00603153
v 0.02595715 0.01310141 0.00603153
v 0.02689805 0.01104155 0.00603153
v 0.02767578 0.00891470 0.00603153
v 0.02828563 0.00673378 0.00603153
v 0.02872390 0.00451201 0.00603153
v 0.02898793 0.00226287 0.00603153
v 0.02907612 0.00000000 0.00603153
v 0.02898793 -0.00226287 0.00603153
v 0.02872390 -0.00451201 0.00603153
v 0.02828563 -0.00673378 0.00603153
v 0.02767578 -0.00891470 0.00603153
v 0.02689805 -0.01104155 0.00603153
v 0.02595715 -0.01310141 0.00603153
v 0.02485880 -0.01508181 0.00603153
v 0.02360965 -0.01697071 0.00603153
v 0.02221729 -0.01875668 0.00603153
v 0.02069015 -0.02042886 0.00603153
v 0.01903751 -0.02197712 0.00603153
v 0.01726938 -0.02339207 0.00603153
v 0.01539650 -0.02466513 0.00603153
v 0.01343023 -0.02578856 0.00603153
v 0.01102018 -0.02701885 0.00584209
v -0.01138248 -0.02675556 0.00603153
v -0.01343023 -0.02578856 0.00603153
v -0.01138248 0.02675556 0.00603153
v -0.01000464 0.02727683 0.00609089
v -0.01046473 0.02716289 0.00596024
v -0.00953976 0.02738697 0.00637144
v -0.00973551 0.02734121 0.00620200
v -0.00964376 0.02736277 0.00625682
v -0.00955232 0.02738406 0.00634640
v -0.01000464 -0.02727683 0.00609089
v -0.00973551 -0.02734121 0.00620200
v -0.00964376 -0.02736277 0.00625682
v -0.00955232 -0.02738406 0.00634640
v -0.00953976 -0.02738697 0.00637144
v -0.01102018 -0.02701885 0.00584209
v -0.01046473 -0.02716289 0.00596024
v -0.01539650 -0.02466513 0.00603153
v -0.01726938 -0.02339207 0.00603153
v -0.01903751 -0.02197712 0.00603153
v -0.02069015 -0.02042886 0.00603153
v -0.02221729 -0.01875668 0.00603153
v -0.02360965 -0.01697071 0.00603153
v -0.02485880 -0.01508181 0.00603153
v -0.02595715 -0.01310141 0.00603153
v -0.02689805 -0.01104155 0.00603153
v -0.02767578 -0.00891470 0.00603153
v -0.02828563 -0.00673378 0.00603153
v -0.02872390 -0.00451201 0.00603153
v -0.02898793 -0.00226287 0.00603153
v -0.02907612 0.00000000 0.00603153
v -0.02898793 0.00226287 0.00603153
v -0.02872390 0.00451201 0.00603153
v -0.02828563 0.00673378 0.00603153
v -0.02767578 0.00891470 0.00603153
v -0.02689805 0.01104155 0.00603153
v -0.02595715 0.01310141 0.00603153
v -0.02485880 0.01508181 0.00603153
v -0.02360965 0.01697071 0.00603153
v -0.02221729 0.01875668 0.00603153
v -0.02069015 0.02042886 0.00603153
v -0.01903751 0.02197712 0.00603153
v -0.01726938 0.02339207 0.00603153
v -0.01539650 0.02466513 0.00603153
v -0.01102018 0.02701885 0.00584209
v -0.01343023 0.02578856 0.00603153
v 0.00935506 0.00274689 0.00020000
v 0.00820222 0.00527125 0.00020000
v 0.00638489 0.00736856 0.00020000
v 0.00405030 0.00886891 0.00020000
v 0.00138757 0.00965076 0.00020000
v -0.00138757 0.00965076 0.00020000
v -0.00405030 0.00886891 0.00020000
v -0.00638489 0.00736856 0.00020000
v -0.00820222 0.00527125 0.00020000
v -0.00935506 0.00274689 0.00020000
v -0.00975000 0.00000000 0.00020000
v -0.00935506 -0.00274689 0.00020000
v -0.00820222 -0.00527125 0.00020000
v -0.00638489 -0.00736856 0.00020000
v -0.00405030 -0.00886891 0.00020000
v -0.00138757 -0.00965076 0.00020000
v 0.00138757 -0.00965076 0.00020000
v 0.00405030 -0.00886891 0.00020000
v 0.00638489 -0.00736856 0.00020000
v 0.00820222 -0.00527125 0.00020000
v 0.00935506 -0.00274689 0.00020000
v 0.00975000 -0.00000000 0.00020000
v -0.00393803 -0.00602760 0.00000000
v -0.00625392 -0.00721741 0.00000000
v -0.00568181 -0.00442233 0.00000000
v -0.00803397 -0.00516312 0.00000000
v -0.00680988 -0.00233784 0.00000000
v -0.00916316 -0.00269055 0.00000000
v -0.00720000 0.00000000 0.00000000
v -0.00955000 0.00000000 0.00000000
v -0.00680988 0.00233784 0.00000000
v -0.00916316 0.00269055 0.00000000
v -0.00568181 0.00442233 0.00000000
v -0.00803397 0.00516312 0.00000000
v -0.00393803 0.00602760 0.00000000
v 0.00710180 0.00118508 0.00000000
v 0.00955000 -0.00000000 0.00000000
v 0.00710180 -0.00118508 0.00000000
v 0.00916316 -0.00269055 0.00000000
v 0.00633221 -0.00342682 0.00000000
v 0.00803397 -0.00516312 0.00000000
v 0.00487643 -0.00529721 0.00000000
v 0.00625392 -0.00721741 0.00000000
v 0.00289221 -0.00659357 0.00000000
v 0.00396721 -0.00868699 0.00000000
v 0.00059457 -0.00717541 0.00000000
v 0.00135911 -0.00945279 0.00000000
v -0.00176750 -0.00697968 0.00000000
v -0.00135911 -0.00945279 0.00000000
v -0.00396721 -0.00868699 0.00000000
v -0.00625392 0.00721741 0.00000000
v -0.00396721 0.00868699 0.00000000
v -0.00176750 0.00697968 0.00000000
v -0.00135911 0.00945279 0.00000000
v 0.00059457 0.00717541 0.00000000
v 0.00135911 0.00945279 0.00000000
v 0.00289221 0.00659357 0.00000000
v 0.00396721 0.00868699 0.00000000
v 0.00487643 0.00529721 0.00000000
v 0.00625392 0.00721741 0.00000000
v 0.00633221 0.00342682 0.00000000
v 0.00803397 0.00516312 0.00000000
v 0.00916316 0.00269055 0.00000000
v 0.00709971 -0.00119756 0.00600000
v 0.01359319 -0.00335042 0.00600000
v 0.01400000 -0.00000000 0.00600000
v 0.00709971 0.00119756 0.00600000
v 0.01359319 0.00335042 0.00600000
v 0.00631405 0.00346016 0.00600000
v 0.01239638 0.00650612 0.00600000
v 0.00482968 0.00533986 0.00600000
v 0.01239638 -0.00650612 0.00600000
v 0.00631405 -0.00346016 0.00600000
v 0.01047915 -0.00928372 0.00600000
v 0.00482968 -0.00533986 0.00600000
v 0.00795291 -0.01152177 0.00600000
v 0.00281086 -0.00662865 0.00600000
v 0.00496447 -0.01309023 0.00600000
v -0.00773628 -0.00150000 0.00600000
v -0.00800000 -0.00150000 0.00600000
v -0.01047915 -0.00928372 0.00600000
v 0.00168751 -0.01389792 0.00600000
v 0.00048099 -0.00718392 0.00600000
v -0.00168751 -0.01389792 0.00600000
v -0.00190211 -0.00694420 0.00600000
v -0.00496447 -0.01309023 0.00600000
v -0.00795291 -0.01152177 0.00600000
v -0.00407472 -0.00593605 0.00600000
v -0.00579642 -0.00427101 0.00600000
v -0.00687669 -0.00213333 0.00600000
v -0.01239638 -0.00650612 0.00600000
v -0.00875000 -0.00129904 0.00600000
v -0.01359319 -0.00335042 0.00600000
v -0.00929904 -0.00075000 0.00600000
v -0.01400000 0.00000000 0.00600000
v -0.00950000 0.00000000 0.00600000
v -0.01359319 0.00335042 0.00600000
v -0.00929904 0.00075000 0.00600000
v -0.01239638 0.00650612 0.00600000
v -0.00875000 0.00129904 0.00600000
v -0.01047915 0.00928372 0.00600000
v 0.01047915 0.00928372 0.00600000
v 0.00795291 0.01152177 0.00600000
v 0.00281086 0.00662865 0.00600000
v 0.00496447 0.01309023 0.00600000
v 0.00048099 0.00718392 0.00600000
v -0.00706212 -0.00180376 0.00600000
v -0.00736656 -0.00157945 0.00600000
v -0.00800000 0.00150000 0.00600000
v -0.00773628 0.00150000 0.00600000
v -0.00736656 0.00157945 0.00600000
v 0.00168751 0.01389792 0.00600000
v -0.00168751 0.01389792 0.00600000
v -0.00190211 0.00694420 0.00600000
v -0.00496447 0.01309023 0.00600000
v -0.00407472 0.00593605 0.00600000
v -0.00795291 0.01152177 0.00600000
v -0.00579642 0.00427101 0.00600000
v -0.00687669 0.00213333 0.00600000
v -0.00706212 0.00180376 0.00600000
v 0.01400000 -0.00000000 0.01380000
v 0.01359319 0.00335042 0.01380000
v 0.01239638 0.00650612 0.01380000
v 0.01047915 0.00928372 0.01380000
v 0.00795291 0.01152177 0.01380000
v 0.00496447 0.01309023 0.01380000
v 0.00168751 0.01389792 0.01380000
v -0.00168751 0.01389792 0.01380000
v -0.00496447 0.01309023 0.01380000
v -0.00795291 0.01152177 0.01380000
v -0.01047915 0.00928372 0.01380000
v -0.01239638 0.00650612 0.01380000
v -0.01359319 0.00335042 0.01380000
v -0.01400000 0.00000000 0.01380000
v -0.01359319 -0.00335042 0.01380000
v -0.01239638 -0.00650612 0.01380000
v -0.01047915 -0.00928372 0.01380000
v -0.00795291 -0.01152177 0.01380000
v -0.00496447 -0.01309023 0.01380000
v -0.00168751 -0.01389792 0.01380000
v 0.00168751 -0.01389792 0.01380000
v 0.00496447 -0.01309023 0.01380000
v 0.00795291 -0.01152177 0.01380000
v 0.01047915 -0.00928372 0.01380000
v 0.01239638 -0.00650612 0.01380000
v 0.01359319 -0.00335042 0.01380000
v -0.00728440 0.00139710 0.00170000
v -0.00691230 0.00167126 0.00170000
v -0.00691230 -0.00167126 0.00170000
v -0.00728440 -0.00139710 0.00170000
v -0.00773628 0.00130000 0.00170000
v -0.00773628 -0.00130000 0.00170000
v -0.00800000 0.00130000 0.00170000
v -0.00800000 -0.00130000 0.00170000
v -0.00865000 0.00112583 0.00170000
v -0.00912583 0.00065000 0.00170000
v -0.00930000 0.00000000 0.00170000
v -0.00912583 -0.00065000 0.00170000
v -0.00865000 -0.00112583 0.00170000
v -0.00773628 -0.00130000 0.00580000
v -0.00800000 -0.00130000 0.00580000
v -0.00800000 0.00130000 0.00580000
v -0.00773628 0.00130000 0.00580000
v -0.00865000 0.00112583 0.00580000
v -0.00912583 0.00065000 0.00580000
v -0.00930000 0.00000000 0.00580000
v -0.00912583 -0.00065000 0.00580000
v -0.00865000 -0.00112583 0.00580000
v -0.00728440 0.00139710 0.00580000
v -0.00691230 0.00167126 0.00580000
v -0.00691230 -0.00167126 0.00580000
v -0.00728440 -0.00139710 0.00580000
v 0.02235694 0.02554991 0.00063177
v 0.02123991 0.02626400 0.00020000
v 0.02137142 0.02619044 0.00076797
v 0.01891265 0.02718540 0.00137959
v 0.01947941 0.02702181 0.00122434
v 0.01891003 0.02718607 0.00020000
v 0.01983227 0.02690128 0.00112199
v 0.02092378 0.02643043 0.00085453
v 0.01644745 0.02749997 0.00183665
v 0.01734563 0.02745745 0.00169707
v 0.01832842 0.02731700 0.00151349
v 0.01644745 -0.02749997 0.00183665
v 0.01947941 -0.02702181 0.00122434
v 0.01891264 -0.02718540 0.00137960
v 0.01891003 -0.02718607 0.00020000
v 0.01833198 -0.02731631 0.00151274
v 0.01750714 -0.02744117 0.00166964
v 0.02123991 -0.02626400 0.00020000
v 0.02137142 -0.02619044 0.00076797
v 0.02092378 -0.02643043 0.00085453
v 0.01983227 -0.02690128 0.00112199
v 0.02235694 -0.02554991 0.00063177
v -0.02235694 -0.02554991 0.00063177
v -0.02123991 -0.02626400 0.00020000
v -0.02137142 -0.02619044 0.00076797
v -0.01891265 -0.02718540 0.00137959
v -0.01947941 -0.02702181 0.00122434
v -0.01891003 -0.02718607 0.00020000
v -0.01983227 -0.02690128 0.00112199
v -0.02092378 -0.02643043 0.00085453
v -0.01644745 -0.02749997 0.00183665
v -0.01734563 -0.02745745 0.00169707
v -0.01832842 -0.02731700 0.00151349
v -0.01644745 0.02749997 0.00183665
v -0.01947941 0.02702181 0.00122434
v -0.01891264 0.02718540 0.00137960
v -0.01891003 0.02718607 0.00020000
v -0.01833198 0.02731631 0.00151274
v -0.01750714 0.02744117 0.00166964
v -0.02123991 0.02626400 0.00020000
v -0.02137142 0.02619044 0.00076797
v -0.02092378 0.02643043 0.00085453
v -0.01983227 0.02690128 0.00112199
v -0.02235694 0.02554991 0.00063177
v 0.03161082 0.01231200 0.00096847
v 0.02662102 0.02102739 0.00096847
v 0.02321534 0.02473616 0.00096847
v 0.02498708 0.02294505 0.00096847
v 0.02944022 0.01685536 0.00096847
v 0.02810813 0.01899375 0.00096847
v 0.03060993 0.01462401 0.00096847
v 0.03308502 0.00749740 0.00096847
v 0.03243737 0.00993209 0.00096847
v 0.03355020 0.00502136 0.00096847
v 0.03383033 0.00251762 0.00096847
v 0.03392388 -0.00000000 0.00096847
v 0.03383033 -0.00251762 0.00096847
v 0.03355020 -0.00502136 0.00096847
v 0.03308502 -0.00749740 0.00096847
v 0.03243737 -0.00993209 0.00096847
v 0.03161082 -0.01231200 0.00096847
v 0.03060993 -0.01462401 0.00096847
v 0.02944022 -0.01685536 0.00096847
v 0.02810813 -0.01899375 0.00096847
v 0.02662102 -0.02102739 0.00096847
v 0.02498708 -0.02294505 0.00096847
v 0.02321534 -0.02473616 0.00096847
v -0.03161082 -0.01231200 0.00096847
v -0.02662102 -0.02102739 0.00096847
v -0.02321534 -0.02473616 0.00096847
v -0.02498708 -0.02294505 0.00096847
v -0.02944022 -0.01685536 0.00096847
v -0.02810813 -0.01899375 0.00096847
v -0.03060993 -0.01462401 0.00096847
v -0.03308502 -0.00749740 0.00096847
v -0.03243737 -0.00993209 0.00096847
v -0.03355020 -0.00502136 0.00096847
v -0.03383033 -0.00251762 0.00096847
v -0.03392388 0.00000000 0.00096847
v -0.03383033 0.00251762 0.00096847
v -0.03355020 0.00502136 0.00096847
v -0.03308502 0.00749740 0.00096847
v -0.03243737 0.00993209 0.00096847
v -0.03161082 0.01231200 0.00096847
v -0.03060993 0.01462401 0.00096847
v -0.02944022 0.01685536 0.00096847
v -0.02810813 0.01899375 0.00096847
v -0.02662102 0.02102739 0.00096847
v -0.02498708 0.02294505 0.00096847
v -0.02321534 0.02473616 0.00096847
v 0.00932128 -0.02746539 0.00610220
v 0.00941441 -0.02745990 0.00599412
v 0.00968828 -0.02744341 0.00577698
v 0.01015883 -0.02741387 0.00552669
v 0.01073093 -0.02737586 0.00530782
v 0.01158310 -0.02731481 0.00507215
v 0.01716159 -0.02728396 0.00246783
v 0.01841529 -0.02716935 0.00199042
v 0.01431589 -0.02730026 0.00389602
v 0.01644846 -0.02749995 0.00184282
v 0.01755574 -0.02739411 0.00194976
v 0.01957026 -0.02690223 0.00161121
v 0.01644796 -0.02749997 0.00183973
v 0.01753284 -0.02742788 0.00181118
v 0.01838147 -0.02727345 0.00175964
v 0.01990945 -0.02678343 0.00150817
v 0.02095890 -0.02632282 0.00123895
v 0.02138944 -0.02608933 0.00115183
v 0.02233791 -0.02546849 0.00101474
v -0.01957026 -0.02690223 0.00161121
v -0.01990945 -0.02678343 0.00150817
v -0.02095890 -0.02632282 0.00123895
v -0.02233791 -0.02546849 0.00101474
v -0.02138944 -0.02608933 0.00115183
v -0.01644796 -0.02749997 0.00183973
v -0.01736714 -0.02744787 0.00181769
v -0.01837780 -0.02727431 0.00175994
v -0.01644846 -0.02749995 0.00184282
v -0.01738693 -0.02742340 0.00193649
v -0.01841160 -0.02717060 0.00199037
v -0.01431589 -0.02730026 0.00389602
v -0.01716159 -0.02728396 0.00246783
v -0.01158310 -0.02731481 0.00507215
v -0.00932128 -0.02746539 0.00610220
v -0.00941441 -0.02745990 0.00599412
v -0.00968828 -0.02744341 0.00577698
v -0.01015883 -0.02741387 0.00552669
v -0.01073093 -0.02737586 0.00530782
v 0.01957026 0.02690223 0.00161121
v 0.01990945 0.02678343 0.00150817
v 0.02095890 0.02632282 0.00123895
v 0.02233791 0.02546849 0.00101474
v 0.02138944 0.02608933 0.00115183
v 0.01644796 0.02749997 0.00183973
v 0.01736714 0.02744787 0.00181769
v 0.01837780 0.02727431 0.00175994
v 0.01644846 0.02749995 0.00184282
v 0.01738693 0.02742340 0.00193649
v 0.01841160 0.02717060 0.00199037
v 0.01431589 0.02730026 0.00389602
v 0.01716159 0.02728396 0.00246783
v 0.01158310 0.02731481 0.00507215
v 0.00932128 0.02746539 0.00610220
v 0.00941441 0.02745990 0.00599412
v 0.00968828 0.02744341 0.00577698
v 0.01015883 0.02741387 0.00552669
v 0.01073093 0.02737586 0.00530782
v -0.00932128 0.02746539 0.00610220
v -0.00941441 0.02745990 0.00599412
v -0.00968828 0.02744341 0.00577698
v -0.01015883 0.02741387 0.00552669
v -0.01073093 0.02737586 0.00530782
v -0.01158310 0.02731481 0.00507215
v -0.01716159 0.02728396 0.00246783
v -0.01841529 0.02716935 0.00199042
v -0.01431589 0.02730026 0.00389602
v -0.01644846 0.02749995 0.00184282
v -0.01755574 0.02739411 0.00194976
v -0.01957026 0.02690223 0.00161121
v -0.01644796 0.02749997 0.00183973
v -0.01753284 0.02742788 0.00181118
v -0.01838147 0.02727345 0.00175964
v -0.01990945 0.02678343 0.00150817
v -0.02095890 0.02632282 0.00123895
v -0.02138944 0.02608933 0.00115183
v -0.02233791 0.02546849 0.00101474
v -0.01847260 0.02477041 0.00575000
v -0.01442700 0.02732529 0.00575000
v -0.01615273 0.03505780 0.00575000
v -0.01320451 0.02779150 0.00575000
v -0.01101459 0.03699512 0.00575000
v -0.01190578 0.02795000 0.00575000
v -0.00565354 0.03818373 0.00575000
v -0.00140000 0.02795000 0.00575000
v -0.00140282 0.03857450 0.00575000
v -0.00140000 0.03857069 0.00575000
v -0.00140282 -0.03857450 0.00575000
v -0.00140000 -0.03857069 0.00575000
v -0.00565354 -0.03818373 0.00575000
v -0.00140000 -0.02795000 0.00575000
v -0.01101459 -0.03699512 0.00575000
v -0.01190578 -0.02795000 0.00575000
v -0.01615273 -0.03505780 0.00575000
v -0.01320451 -0.02779150 0.00575000
v -0.01442700 -0.02732529 0.00575000
v -0.02096397 -0.03241098 0.00575000
v -0.01847260 -0.02477041 0.00575000
v -0.02535095 -0.02910824 0.00575000
v -0.02207527 -0.02162158 0.00575000
v -0.02096397 0.03241098 0.00575000
v -0.02535095 0.02910824 0.00575000
v -0.02207527 0.02162158 0.00575000
v -0.02922487 0.02521640 0.00575000
v -0.02514862 0.01795430 0.00575000
v -0.03250735 0.02081423 0.00575000
v -0.02761896 0.01385653 0.00575000
v -0.03513194 0.01599083 0.00575000
v -0.02942705 0.00942650 0.00575000
v -0.03704554 0.01084381 0.00575000
v -0.03052954 0.00477044 0.00575000
v -0.03820941 0.00547733 0.00575000
v -0.03090000 0.00000000 0.00575000
v -0.03860000 0.00000000 0.00575000
v -0.03052954 -0.00477044 0.00575000
v -0.03820941 -0.00547733 0.00575000
v -0.02942705 -0.00942650 0.00575000
v -0.03704554 -0.01084381 0.00575000
v -0.02761896 -0.01385653 0.00575000
v -0.03513194 -0.01599083 0.00575000
v -0.02514862 -0.01795430 0.00575000
v -0.03250735 -0.02081423 0.00575000
v -0.02922487 -0.02521640 0.00575000
v -0.00138811 0.03897529 -0.00532972
v -0.00140271 0.03897477 -0.00535000
v -0.00571213 0.03857942 -0.00535000
v -0.00571213 0.03857942 0.00535000
v -0.00140271 0.03897477 0.00535000
v -0.00138811 0.03897529 0.00532972
v -0.00138811 -0.03897529 0.00532972
v -0.00140271 -0.03897477 0.00535000
v -0.00571213 -0.03857942 0.00535000
v -0.00571213 -0.03857942 -0.00535000
v -0.00140271 -0.03897477 -0.00535000
v -0.00138811 -0.03897529 -0.00532972
v -0.00634940 -0.03847967 0.00535000
v -0.00634940 -0.03847967 -0.00535000
v -0.01168388 -0.03720869 0.00535000
v -0.01168211 -0.03720925 0.00360265
v -0.01112873 -0.03737849 0.00535000
v -0.01129086 -0.03732983 0.00349864
v -0.00931270 -0.03787180 0.00292666
v -0.00706581 -0.03835459 0.00219132
v -0.00650000 -0.03845452 0.00199130
v -0.00650000 -0.03845452 -0.00199130
v -0.00842625 -0.03807884 -0.00264724
v -0.01112873 -0.03737849 -0.00535000
v -0.01168294 -0.03720899 -0.00360286
v -0.01168388 -0.03720869 -0.00535000
v -0.01145278 -0.03728048 -0.00354207
v -0.01064163 -0.03752007 -0.00331914
v -0.02118122 -0.03274685 0.00535000
v -0.02155892 -0.03249943 0.00535000
v -0.02153893 -0.03251268 0.00439933
v -0.02022641 -0.03334505 0.00462686
v -0.01877655 -0.03418247 0.00469999
v -0.01678736 -0.03520206 0.00535000
v -0.01733893 -0.03493367 0.00463904
v -0.01678575 -0.03520282 0.00458747
v -0.01632012 -0.03542109 0.00535000
v -0.01542966 -0.03581795 0.00440672
v -0.01341087 -0.03662170 0.00402072
v -0.02277417 -0.03165971 -0.00397828
v -0.02561365 -0.02940987 -0.00535000
v -0.02168587 -0.03241486 -0.00436150
v -0.02155892 -0.03249943 -0.00535000
v -0.02504777 -0.02989330 -0.00198554
v -0.02512142 -0.02983143 -0.00184775
v -0.02590425 -0.02915425 -0.00535000
v -0.02538773 -0.02960512 -0.00119060
v -0.02548530 -0.02952117 -0.00080689
v -0.02356659 -0.03107436 -0.00354582
v -0.02409182 -0.03066895 -0.00314985
v -0.02462185 -0.03024508 -0.00260801
v -0.02556481 -0.02945234 -0.00011079
v -0.02556145 -0.02945526 0.00019875
v -0.02590425 -0.02915425 0.00535000
v -0.02546515 -0.02953856 0.00090051
v -0.02532723 -0.02965690 0.00137232
v -0.02426936 -0.03052865 0.00298802
v -0.02561365 -0.02940987 0.00535000
v -0.02480476 -0.03009525 0.00236935
v -0.02501564 -0.02992019 0.00204197
v -0.02369063 -0.03097990 0.00346181
v -0.02283279 -0.03161746 0.00395153
v -0.02183751 -0.03231290 0.00431939
v -0.01678736 -0.03520206 -0.00535000
v -0.01940991 -0.03382684 -0.00468720
v -0.02118122 -0.03274685 -0.00535000
v -0.02059018 -0.03312166 -0.00458163
v -0.02155989 -0.03249879 -0.00439411
v -0.01324023 -0.03668373 -0.00398270
v -0.01495843 -0.03601729 -0.00432800
v -0.01632012 -0.03542109 -0.00535000
v -0.01660638 -0.03528779 -0.00456781
v -0.01818311 -0.03450181 -0.00468876
v -0.02952772 -0.02547771 -0.00535000
v -0.02952772 -0.02547771 0.00535000
v -0.02973741 -0.02523265 -0.00535000
v -0.02973741 -0.02523265 0.00535000
v -0.03284421 -0.02102992 -0.00535000
v -0.03284421 -0.02102992 0.00535000
v -0.03298263 -0.02081217 -0.00535000
v -0.03298263 -0.02081217 0.00535000
v -0.03549600 -0.01615654 -0.00535000
v -0.03549600 -0.01615654 0.00535000
v -0.03557573 -0.01598021 -0.00535000
v -0.03557573 -0.01598021 0.00535000
v -0.03742943 -0.01095618 -0.00535000
v -0.03742943 -0.01095618 0.00535000
v -0.03746547 -0.01083231 -0.00535000
v -0.03746547 -0.01083231 0.00535000
v -0.03860536 -0.00553409 -0.00535000
v -0.03860536 -0.00553409 0.00535000
v -0.03861446 -0.00547023 -0.00535000
v -0.03861446 0.00547023 0.00535000
v -0.03900000 0.00000000 -0.00535000
v -0.03900000 0.00000000 0.00535000
v -0.03861446 -0.00547023 0.00535000
v -0.00634940 0.03847967 0.00535000
v -0.00634940 0.03847967 -0.00535000
v -0.01112873 0.03737849 0.00535000
v -0.01112873 0.03737849 -0.00535000
v -0.01168388 0.03720869 0.00535000
v -0.01168388 0.03720869 -0.00535000
v -0.01632012 0.03542109 0.00535000
v -0.01632012 0.03542109 -0.00535000
v -0.01678736 0.03520206 0.00535000
v -0.01678736 0.03520206 -0.00535000
v -0.02118122 0.03274685 0.00535000
v -0.02118122 0.03274685 -0.00535000
v -0.02155892 0.03249943 0.00535000
v -0.02155892 0.03249943 -0.00535000
v -0.02561365 0.02940987 0.00535000
v -0.02561365 0.02940987 -0.00535000
v -0.02590425 0.02915425 0.00535000
v -0.02590425 0.02915425 -0.00535000
v -0.02952772 0.02547771 0.00535000
v -0.02952772 0.02547771 -0.00535000
v -0.02973741 0.02523265 0.00535000
v -0.02973741 0.02523265 -0.00535000
v -0.03284421 0.02102992 0.00535000
v -0.03284421 0.02102992 -0.00535000
v -0.03298263 0.02081217 0.00535000
v -0.03298263 0.02081217 -0.00535000
v -0.03549600 0.01615654 0.00535000
v -0.03549600 0.01615654 -0.00535000
v -0.03557573 0.01598021 0.00535000
v -0.03557573 0.01598021 -0.00535000
v -0.03742943 0.01095618 0.00535000
v -0.03742943 0.01095618 -0.00535000
v -0.03746547 0.01083231 0.00535000
v -0.03746547 0.01083231 -0.00535000
v -0.03860536 0.00553409 0.00535000
v -0.03860536 0.00553409 -0.00535000
v -0.03861446 0.00547023 -0.00535000
v -0.01847260 -0.02477041 -0.00575000
v -0.01442700 -0.02732529 -0.00575000
v -0.01615273 -0.03505780 -0.00575000
v -0.01320451 -0.02779150 -0.00575000
v -0.01101459 -0.03699512 -0.00575000
v -0.01190578 -0.02795000 -0.00575000
v -0.00565354 -0.03818373 -0.00575000
v -0.00140000 -0.02795000 -0.00575000
v -0.00140282 -0.03857450 -0.00575000
v -0.00140000 -0.03857069 -0.00575000
v -0.00140282 0.03857450 -0.00575000
v -0.00140000 0.03857069 -0.00575000
v -0.00565354 0.03818373 -0.00575000
v -0.00140000 0.02795000 -0.00575000
v -0.01101459 0.03699512 -0.00575000
v -0.01190578 0.02795000 -0.00575000
v -0.01615273 0.03505780 -0.00575000
v -0.01320451 0.02779150 -0.00575000
v -0.01442700 0.02732529 -0.00575000
v -0.02096397 0.03241098 -0.00575000
v -0.01847260 0.02477041 -0.00575000
v -0.02535095 0.02910824 -0.00575000
v -0.02207527 0.02162158 -0.00575000
v -0.02096397 -0.03241098 -0.00575000
v -0.02535095 -0.02910824 -0.00575000
v -0.02207527 -0.02162158 -0.00575000
v -0.02922487 -0.02521640 -0.00575000
v -0.02514862 -0.01795430 -0.00575000
v -0.03250735 -0.02081423 -0.00575000
v -0.02761896 -0.01385653 -0.00575000
v -0.03513194 -0.01599083 -0.00575000
v -0.02942705 -0.00942650 -0.00575000
v -0.03704554 -0.01084381 -0.00575000
v -0.03052954 -0.00477044 -0.00575000
v -0.03820941 -0.00547733 -0.00575000
v -0.03090000 0.00000000 -0.00575000
v -0.03860000 0.00000000 -0.00575000
v -0.03052954 0.00477044 -0.00575000
v -0.03820941 0.00547733 -0.00575000
v -0.02942705 0.00942650 -0.00575000
v -0.03704554 0.01084381 -0.00575000
v -0.02761896 0.01385653 -0.00575000
v -0.03513194 0.01599083 -0.00575000
v -0.02514862 0.01795430 -0.00575000
v -0.03250735 0.02081423 -0.00575000
v -0.02922487 0.02521640 -0.00575000
v -0.00140000 -0.02755000 -0.00535000
v -0.01190578 -0.02755000 -0.00535000
v -0.00140000 -0.02755000 0.00535000
v -0.01190578 -0.02755000 -0.00423693
v -0.01237321 -0.02755000 -0.00403949
v -0.01490790 -0.02755000 -0.00286455
v -0.01746877 -0.02755000 0.00151372
v -0.01746877 -0.02755000 -0.00151372
v -0.02006004 -0.02755000 -0.00000000
v -0.01190578 -0.02755000 0.00535000
v -0.01190578 -0.02755000 0.00423693
v -0.01237321 -0.02755000 0.00403949
v -0.01490790 -0.02755000 0.00286455
v -0.01237321 0.02755000 -0.00403949
v -0.01190578 0.02755000 -0.00423693
v -0.01237321 0.02755000 0.00403949
v -0.01190578 0.02755000 -0.00535000
v -0.00140000 0.02755000 -0.00535000
v -0.00140000 0.02755000 0.00535000
v -0.01190578 0.02755000 0.00423693
v -0.01190578 0.02755000 0.00535000
v -0.02006004 0.02755000 -0.00000000
v -0.01746877 0.02755000 -0.00151372
v -0.01746877 0.02755000 0.00151372
v -0.01490790 0.02755000 0.00286455
v -0.01490790 0.02755000 -0.00286455
v -0.00100000 -0.03125000 -0.00000000
v -0.00650000 -0.03125000 -0.00000000
v -0.00100000 -0.03161843 -0.00137500
v -0.00650000 -0.03161843 -0.00137500
v -0.00100000 -0.03262500 -0.00238157
v -0.00650000 -0.03262500 -0.00238157
v -0.00100000 -0.03400000 -0.00275000
v -0.00650000 -0.03400000 -0.00275000
v -0.00100000 -0.03537500 -0.00238157
v -0.00650000 -0.03537500 -0.00238157
v -0.00100000 -0.03638157 -0.00137500
v -0.00650000 -0.03638157 -0.00137500
v -0.00100000 -0.03675000 -0.00000000
v -0.00650000 -0.03675000 -0.00000000
v -0.00100000 -0.03638157 0.00137500
v -0.00650000 -0.03638157 0.00137500
v -0.00100000 -0.03537500 0.00238157
v -0.00650000 -0.03537500 0.00238157
v -0.00100000 -0.03400000 0.00275000
v -0.00650000 -0.03400000 0.00275000
v -0.00100000 -0.03262500 0.00238157
v -0.00650000 -0.03262500 0.00238157
v -0.00100000 -0.03161843 0.00137500
v -0.00650000 -0.03161843 0.00137500
v -0.01447125 -0.02684833 -0.00490676
v -0.01424024 -0.02697157 -0.00488298
v -0.01424024 -0.02697157 -0.00535000
v -0.01823347 -0.02444975 -0.00535000
v -0.01655506 -0.02561601 -0.00491421
v -0.01470198 -0.02672268 -0.00491421
v -0.02178950 -0.02134168 -0.00535000
v -0.02015073 -0.02289537 -0.00491421
v -0.01832523 -0.02438106 -0.00491421
v -0.02482307 -0.01772189 -0.00535000
v -0.02343158 -0.01952462 -0.00491421
v -0.02185624 -0.02127334 -0.00491421
v -0.02726143 -0.01367715 -0.00535000
v -0.02615511 -0.01568948 -0.00491421
v -0.02486739 -0.01765964 -0.00491421
v -0.02904611 -0.00930447 -0.00535000
v -0.02825655 -0.01148118 -0.00491421
v -0.02728708 -0.01362590 -0.00491421
v -0.03013434 -0.00470869 -0.00535000
v -0.02968591 -0.00699979 -0.00491421
v -0.02905775 -0.00926808 -0.00491421
v -0.03050000 0.00000000 -0.00535000
v -0.03040919 -0.00235191 -0.00491421
v -0.03013728 -0.00468981 -0.00491421
v -0.03013434 0.00470869 -0.00535000
v -0.03040919 0.00235191 -0.00491421
v -0.03050000 -0.00000000 -0.00491421
v -0.02904611 0.00930447 -0.00535000
v -0.02968591 0.00699979 -0.00491421
v -0.03013728 0.00468981 -0.00491421
v -0.02726143 0.01367715 -0.00535000
v -0.02825655 0.01148118 -0.00491421
v -0.02905775 0.00926808 -0.00491421
v -0.02482307 0.01772189 -0.00535000
v -0.02615511 0.01568948 -0.00491421
v -0.02728708 0.01362590 -0.00491421
v -0.02178950 0.02134168 -0.00535000
v -0.02343158 0.01952462 -0.00491421
v -0.02486739 0.01765964 -0.00491421
v -0.01823347 0.02444975 -0.00535000
v -0.02015073 0.02289537 -0.00491421
v -0.02185624 0.02127334 -0.00491421
v -0.01424024 0.02697157 -0.00535000
v -0.01424024 0.02697157 -0.00488298
v -0.01447125 0.02684833 -0.00490676
v -0.01470198 0.02672268 -0.00491421
v -0.01655506 0.02561601 -0.00491421
v -0.01832523 0.02438106 -0.00491421
v -0.01543473 -0.02697057 -0.00392521
v -0.01484317 -0.02697930 -0.00420711
v -0.01671404 -0.02586200 -0.00420711
v -0.02754912 -0.01375675 -0.00420711
v -0.03003809 -0.01579847 -0.00106066
v -0.02640628 -0.01584015 -0.00420711
v -0.02816778 -0.01893290 -0.00106066
v -0.02510620 -0.01782922 -0.00420711
v -0.02767157 -0.01965103 -0.00106066
v -0.02365660 -0.01971212 -0.00420711
v -0.02597168 -0.02184836 -0.00106066
v -0.02206612 -0.02147763 -0.00420711
v -0.02432086 -0.02367223 -0.00106066
v -0.02034424 -0.02311523 -0.00420711
v -0.02347518 -0.02451111 -0.00106066
v -0.01850121 -0.02461519 -0.00420711
v -0.02070717 -0.02689037 -0.00106066
v -0.01805951 -0.02693093 -0.00257438
v -0.03042669 -0.00473485 -0.00420711
v -0.03349826 -0.00545394 -0.00106066
v -0.02997098 -0.00706701 -0.00420711
v -0.03271884 -0.00901979 -0.00106066
v -0.02933679 -0.00935708 -0.00420711
v -0.03233445 -0.01031319 -0.00106066
v -0.02852790 -0.01159143 -0.00420711
v -0.03156098 -0.01248131 -0.00106066
v -0.03036411 -0.01516243 -0.00106066
v -0.02997098 0.00706701 -0.00420711
v -0.03349826 0.00545394 -0.00106066
v -0.03042669 0.00473485 -0.00420711
v -0.03353572 0.00521866 -0.00106066
v -0.03070121 0.00237449 -0.00420711
v -0.03389024 0.00182502 -0.00106066
v -0.03079289 -0.00000000 -0.00420711
v -0.03393934 -0.00000000 -0.00106066
v -0.03070121 -0.00237449 -0.00420711
v -0.03389024 -0.00182502 -0.00106066
v -0.03353572 -0.00521866 -0.00106066
v -0.02640628 0.01584015 -0.00420711
v -0.03003809 0.01579847 -0.00106066
v -0.02754912 0.01375675 -0.00420711
v -0.03036411 0.01516243 -0.00106066
v -0.02852790 0.01159143 -0.00420711
v -0.03156098 0.01248131 -0.00106066
v -0.02933679 0.00935708 -0.00420711
v -0.03233445 0.01031319 -0.00106066
v -0.03271884 0.00901979 -0.00106066
v -0.01484317 0.02697930 -0.00420711
v -0.01543473 0.02697057 -0.00392521
v -0.01671404 0.02586200 -0.00420711
v -0.01805951 0.02693093 -0.00257438
v -0.01850121 0.02461519 -0.00420711
v -0.02070717 0.02689037 -0.00106066
v -0.02034424 0.02311523 -0.00420711
v -0.02347518 0.02451111 -0.00106066
v -0.02206612 0.02147763 -0.00420711
v -0.02432086 0.02367223 -0.00106066
v -0.02365660 0.01971212 -0.00420711
v -0.02597168 0.02184836 -0.00106066
v -0.02510620 0.01782922 -0.00420711
v -0.02767157 0.01965103 -0.00106066
v -0.02816778 0.01893290 -0.00106066
v -0.02767157 0.01965103 0.00106066
v -0.02816778 0.01893290 0.00106066
v -0.02848999 0.01914947 0.00038823
v -0.03038170 0.01597919 0.00038823
v -0.03353572 -0.00521866 0.00106066
v -0.03349826 -0.00545394 0.00106066
v -0.03388144 -0.00551633 0.00038823
v -0.03309310 -0.00912296 0.00038823
v -0.02848999 -0.01914947 0.00038823
v -0.03038170 -0.01597919 0.00038823
v -0.03003809 -0.01579847 0.00106066
v -0.03388144 0.00551633 -0.00038823
v -0.02092349 -0.02717128 -0.00049718
v -0.02097522 -0.02723846 -0.00000000
v -0.02094404 -0.02719796 -0.00038823
v -0.02374371 -0.02479149 -0.00038823
v -0.02626877 -0.02209828 -0.00038823
v -0.02848999 -0.01914947 -0.00038823
v -0.03038170 -0.01597919 -0.00038823
v -0.03192201 -0.01262408 -0.00038823
v -0.03309310 -0.00912296 -0.00038823
v -0.03388144 -0.00551633 -0.00038823
v -0.03427790 -0.00184589 -0.00038823
v -0.03427790 0.00184589 -0.00038823
v -0.03309310 0.00912296 -0.00038823
v -0.03192201 0.01262408 -0.00038823
v -0.03038170 0.01597919 -0.00038823
v -0.02848999 0.01914947 -0.00038823
v -0.02626877 0.02209828 -0.00038823
v -0.02374371 0.02479149 -0.00038823
v -0.02092349 0.02717128 -0.00049718
v -0.03427790 0.00184589 0.00038823
v -0.03427790 -0.00184589 0.00038823
v -0.03192201 -0.01262408 0.00038823
v -0.02626877 -0.02209828 0.00038823
v -0.02374371 -0.02479149 0.00038823
v -0.02094404 -0.02719796 0.00038823
v -0.02374371 0.02479149 0.00038823
v -0.02626877 0.02209828 0.00038823
v -0.03192201 0.01262408 0.00038823
v -0.03309310 0.00912296 0.00038823
v -0.02092349 -0.02717128 0.00049718
v -0.02347518 -0.02451111 0.00106066
v -0.02070717 -0.02689037 0.00106066
v -0.02816778 -0.01893290 0.00106066
v -0.02767157 -0.01965103 0.00106066
v -0.02597168 -0.02184836 0.00106066
v -0.02432086 -0.02367223 0.00106066
v -0.03271884 -0.00901979 0.00106066
v -0.03233445 -0.01031319 0.00106066
v -0.03156098 -0.01248131 0.00106066
v -0.03036411 -0.01516243 0.00106066
v -0.03389024 -0.00182502 0.00106066
v -0.03393934 0.00000000 0.00106066
v -0.03389024 0.00182502 0.00106066
v -0.03388144 0.00551633 0.00038823
v -0.03349826 0.00545394 0.00106066
v -0.03353572 0.00521866 0.00106066
v -0.03271884 0.00901979 0.00106066
v -0.03003809 0.01579847 0.00106066
v -0.03036411 0.01516243 0.00106066
v -0.03156098 0.01248131 0.00106066
v -0.03233445 0.01031319 0.00106066
v -0.02094404 0.02719796 -0.00038823
v -0.02097522 0.02723846 -0.00000000
v -0.02094404 0.02719796 0.00038823
v -0.02092349 0.02717128 0.00049718
v -0.02597168 0.02184836 0.00106066
v -0.02432086 0.02367223 0.00106066
v -0.02347518 0.02451111 0.00106066
v -0.02070717 0.02689037 0.00106066
v -0.01543473 0.02697057 0.00392521
v -0.01484317 0.02697930 0.00420711
v -0.01671404 0.02586200 0.00420711
v -0.02754912 0.01375675 0.00420711
v -0.02640628 0.01584015 0.00420711
v -0.02510620 0.01782922 0.00420711
v -0.02365660 0.01971212 0.00420711
v -0.02206612 0.02147763 0.00420711
v -0.02034424 0.02311523 0.00420711
v -0.01850121 0.02461519 0.00420711
v -0.01805951 0.02693093 0.00257438
v -0.03042669 0.00473485 0.00420711
v -0.02997098 0.00706701 0.00420711
v -0.02933679 0.00935708 0.00420711
v -0.02852790 0.01159143 0.00420711
v -0.02997098 -0.00706701 0.00420711
v -0.03042669 -0.00473485 0.00420711
v -0.03070121 -0.00237449 0.00420711
v -0.03079289 0.00000000 0.00420711
v -0.03070121 0.00237449 0.00420711
v -0.02640628 -0.01584015 0.00420711
v -0.02754912 -0.01375675 0.00420711
v -0.02852790 -0.01159143 0.00420711
v -0.02933679 -0.00935708 0.00420711
v -0.01484317 -0.02697930 0.00420711
v -0.01543473 -0.02697057 0.00392521
v -0.01671404 -0.02586200 0.00420711
v -0.01805951 -0.02693093 0.00257438
v -0.01850121 -0.02461519 0.00420711
v -0.02034424 -0.02311523 0.00420711
v -0.02206612 -0.02147763 0.00420711
v -0.02365660 -0.01971212 0.00420711
v -0.02510620 -0.01782922 0.00420711
v -0.01447125 0.02684833 0.00490676
v -0.01424024 0.02697157 0.00488298
v -0.01424024 0.02697157 0.00535000
v -0.01424024 -0.02697157 0.00535000
v -0.01424024 -0.02697157 0.00488298
v -0.01447125 -0.02684833 0.00490676
v -0.01470198 -0.02672268 0.00491421
v -0.01655506 -0.02561601 0.00491421
v -0.01823347 -0.02444975 0.00535000
v -0.01823347 0.02444975 0.00535000
v -0.01655506 0.02561601 0.00491421
v -0.01470198 0.02672268 0.00491421
v -0.02178950 0.02134168 0.00535000
v -0.02015073 0.02289537 0.00491421
v -0.01832523 0.02438106 0.00491421
v -0.02482307 0.01772189 0.00535000
v -0.02343158 0.01952462 0.00491421
v -0.02185624 0.02127334 0.00491421
v -0.02726143 0.01367715 0.00535000
v -0.02615511 0.01568948 0.00491421
v -0.02486739 0.01765964 0.00491421
v -0.02904611 0.00930447 0.00535000
v -0.02825655 0.01148118 0.00491421
v -0.02728708 0.01362590 0.00491421
v -0.03013434 0.00470869 0.00535000
v -0.02968591 0.00699979 0.00491421
v -0.02905775 0.00926808 0.00491421
v -0.03050000 0.00000000 0.00535000
v -0.03040919 0.00235191 0.00491421
v -0.03013728 0.00468981 0.00491421
v -0.03013434 -0.00470869 0.00535000
v -0.03040919 -0.00235191 0.00491421
v -0.03050000 0.00000000 0.00491421
v -0.02904611 -0.00930447 0.00535000
v -0.02968591 -0.00699979 0.00491421
v -0.03013728 -0.00468981 0.00491421
v -0.02726143 -0.01367715 0.00535000
v -0.02825655 -0.01148118 0.00491421
v -0.02905775 -0.00926808 0.00491421
v -0.02482307 -0.01772189 0.00535000
v -0.02615511 -0.01568948 0.00491421
v -0.02728708 -0.01362590 0.00491421
v -0.02178950 -0.02134168 0.00535000
v -0.02343158 -0.01952462 0.00491421
v -0.02486739 -0.01765964 0.00491421
v -0.01832523 -0.02438106 0.00491421
v -0.02015073 -0.02289537 0.00491421
v -0.02185624 -0.02127334 0.00491421
v -0.00650000 -0.03704197 0.00331608
v -0.00650000 -0.03542301 0.00426908
v -0.00650000 -0.03355604 0.00447805
v -0.00650000 -0.03176645 0.00390657
v -0.00650000 -0.03036613 0.00265423
v -0.00650000 -0.02959913 0.00093931
v -0.00650000 -0.02959913 -0.00093931
v -0.00650000 -0.03036613 -0.00265423
v -0.00650000 -0.03176645 -0.00390657
v -0.00650000 -0.03355604 -0.00447805
v -0.00650000 -0.03831607 -0.00179817
v -0.00650000 -0.03837348 -0.00182633
v -0.00650000 -0.03841726 -0.00187088
v -0.00650000 -0.03840829 0.00185912
v -0.00650000 -0.03837902 0.00183051
v -0.00650000 -0.03811756 0.00185203
v -0.00650000 -0.03807075 0.00191808
v -0.00650000 -0.03835701 0.00181563
v -0.00650000 -0.03829745 0.00179377
v -0.00650000 -0.03823493 0.00179273
v -0.00650000 -0.03542301 -0.00426908
v -0.00650000 -0.03704197 -0.00331608
v -0.00650000 -0.03807075 -0.00191808
v -0.00650000 -0.03811451 -0.00185509
v -0.00650000 -0.03812747 -0.00184286
v -0.00650000 -0.03817696 -0.00181039
v -0.00650000 -0.03824815 -0.00179125
v -0.00650000 -0.03843474 -0.00190104
v -0.00650000 -0.03844525 -0.00192842
v -0.00650000 -0.03820847 0.00179846
v -0.00650000 -0.03817338 0.00181213
v -0.00650000 -0.03829818 -0.00179390
v -0.00650000 -0.03844293 0.00192126
v -0.00650000 -0.03843475 0.00190105
v -0.01535054 -0.03556472 0.00421920
v -0.01567964 -0.03542725 0.00426766
v -0.01868025 -0.03400687 0.00449999
v -0.01949741 -0.03356470 0.00447890
v -0.01139404 -0.03695783 -0.00339134
v -0.01058705 -0.03718606 -0.00317790
v -0.00838304 -0.03771831 -0.00253460
v -0.01317233 -0.03638942 -0.00381323
v -0.01488172 -0.03575461 -0.00414383
v -0.01950669 -0.03355954 -0.00447839
v -0.01931038 -0.03366812 -0.00448774
v -0.01808986 -0.03431105 -0.00448924
v -0.01652122 -0.03505973 -0.00437344
v -0.01567754 -0.03542814 -0.00426737
v -0.02048459 -0.03299641 -0.00438666
v -0.02157466 -0.03232316 -0.00417591
v -0.02396827 -0.03066011 -0.00301581
v -0.02344573 -0.03104628 -0.00339493
v -0.02265738 -0.03160385 -0.00380900
v -0.02240930 -0.03177329 -0.00391047
v -0.02499259 -0.02986234 -0.00176912
v -0.02525754 -0.02964678 -0.00113993
v -0.02531517 -0.02959936 -0.00094043
v -0.02491932 -0.02992127 -0.00190105
v -0.02449558 -0.03025636 -0.00249703
v -0.02434945 -0.03036970 -0.00265912
v -0.02543037 -0.02950403 0.00019030
v -0.02543371 -0.02950125 -0.00010608
v -0.02535461 -0.02956681 -0.00077255
v -0.02488735 -0.02994689 0.00195507
v -0.02519734 -0.02969610 0.00131393
v -0.02531517 -0.02959936 0.00094041
v -0.02533456 -0.02958337 0.00086220
v -0.02356913 -0.03095631 0.00331450
v -0.02414490 -0.03052647 0.00286087
v -0.02434816 -0.03037069 0.00266048
v -0.02467756 -0.03011364 0.00226852
v -0.02142847 -0.03241634 0.00421213
v -0.02172552 -0.03222603 0.00413558
v -0.02240897 -0.03177352 0.00391060
v -0.02271570 -0.03156360 0.00378338
v -0.02012269 -0.03320919 0.00442997
v -0.01725001 -0.03472242 0.00444163
v -0.00702957 -0.03798097 0.00209807
v -0.00926495 -0.03752110 0.00280212
v -0.01123296 -0.03700485 0.00334976
v -0.01334209 -0.03633032 0.00384962
v -0.00100000 -0.03858718 -0.00519226
v -0.00100000 -0.03858718 0.00519226
v -0.00100000 -0.03842933 0.00535000
v -0.00100000 -0.02811569 0.00535000
v -0.00100000 -0.02795000 0.00518431
v -0.00100000 -0.02795000 -0.00518431
v -0.00100000 -0.02811569 -0.00535000
v -0.00100000 -0.03842933 -0.00535000
v -0.00100000 0.02795000 0.00518431
v -0.00100000 0.03218134 0.00105000
v -0.00100000 0.02811569 0.00535000
v -0.00100000 0.03295000 0.00181865
v -0.00100000 0.03842933 0.00535000
v -0.00100000 0.03400000 0.00210000
v -0.00100000 0.03505000 0.00181865
v -0.00100000 0.03858718 0.00519226
v -0.00100000 0.03581866 0.00105000
v -0.00100000 0.03610000 -0.00000000
v -0.00100000 0.03858718 -0.00519226
v -0.00100000 0.03581866 -0.00105000
v -0.00100000 0.03842933 -0.00535000
v -0.00100000 0.03505000 -0.00181865
v -0.00100000 0.03400000 -0.00210000
v -0.00100000 0.02811569 -0.00535000
v -0.00100000 0.03295000 -0.00181865
v -0.00100000 0.02795000 -0.00518431
v -0.00100000 0.03218134 -0.00105000
v -0.00100000 0.03190000 -0.00000000
v -0.01566181 0.03400000 -0.00000000
v -0.01440000 0.03218134 -0.00105000
v -0.01440000 0.03295000 -0.00181865
v -0.01440000 0.03190000 -0.00000000
v -0.01440000 0.03505000 -0.00181865
v -0.01440000 0.03581866 -0.00105000
v -0.01440000 0.03400000 -0.00210000
v -0.01440000 0.03581866 0.00105000
v -0.01440000 0.03505000 0.00181865
v -0.01440000 0.03610000 -0.00000000
v -0.01440000 0.03295000 0.00181865
v -0.01440000 0.03218134 0.00105000
v -0.01440000 0.03400000 0.00210000
v -0.01357382 -0.02726356 0.00474333
v -0.01310831 -0.02740324 0.00535000
v -0.01191892 -0.02754998 0.00424140
v -0.01250947 -0.02751342 0.00443669
v -0.01325868 -0.02736349 0.00466089
v -0.01191892 -0.02754998 -0.00424140
v -0.01310831 -0.02740324 -0.00535000
v -0.01356463 -0.02726680 -0.00474106
v -0.01279510 -0.02747027 -0.00452603
v -0.01203109 -0.02754843 -0.00427934
v -0.01191892 0.02754998 0.00424140
v -0.01310831 0.02740324 0.00535000
v -0.01356463 0.02726680 0.00474106
v -0.01279510 0.02747027 0.00452603
v -0.01203109 0.02754843 0.00427934
v -0.01357382 0.02726356 -0.00474334
v -0.01310831 0.02740324 -0.00535000
v -0.01191892 0.02754998 -0.00424140
v -0.01250947 0.02751342 -0.00443669
v -0.01325868 0.02736349 -0.00466089
v -0.01462653 -0.02705717 -0.00423796
v -0.01286300 -0.02749260 -0.00427507
v -0.01368728 -0.02734610 -0.00428317
v -0.01520115 -0.02739738 -0.00345495
v -0.01441167 -0.02713353 -0.00425775
v -0.01191999 -0.02754999 -0.00423763
v -0.01204115 -0.02754887 -0.00424353
v -0.02042839 -0.02737280 -0.00060374
v -0.01780033 -0.02738630 -0.00210902
v -0.02042638 -0.02737487 -0.00060043
v -0.01369712 -0.02734376 0.00428306
v -0.01335972 -0.02741571 0.00428367
v -0.01520115 -0.02739738 0.00345495
v -0.01191999 -0.02754999 0.00423763
v -0.01255636 -0.02752366 0.00426536
v -0.01462653 -0.02705717 0.00423796
v -0.01441167 -0.02713353 0.00425775
v -0.01780033 -0.02738630 0.00210902
v -0.02042638 -0.02737487 0.00060043
v -0.02042839 -0.02737280 0.00060374
v -0.02067677 -0.02737280 -0.00034617
v -0.02076728 -0.02737280 -0.00000000
v -0.02067677 -0.02737280 0.00034617
v -0.01462653 0.02705717 0.00423796
v -0.01286300 0.02749260 0.00427507
v -0.01368728 0.02734610 0.00428317
v -0.01520115 0.02739738 0.00345495
v -0.01441167 0.02713353 0.00425775
v -0.01191999 0.02754999 0.00423763
v -0.01204115 0.02754887 0.00424353
v -0.02042839 0.02737280 0.00060374
v -0.01780033 0.02738630 0.00210902
v -0.02042638 0.02737487 0.00060043
v -0.01369712 0.02734376 -0.00428306
v -0.01335972 0.02741571 -0.00428367
v -0.01520115 0.02739738 -0.00345495
v -0.01191999 0.02754999 -0.00423763
v -0.01255636 0.02752366 -0.00426536
v -0.01462653 0.02705717 -0.00423796
v -0.01441167 0.02713353 -0.00425775
v -0.01780033 0.02738630 -0.00210902
v -0.02042638 0.02737487 -0.00060043
v -0.02042839 0.02737280 -0.00060374
v -0.02067677 0.02737280 0.00034617
v -0.02076728 0.02737280 -0.00000000
v -0.02067677 0.02737280 -0.00034617
v -0.01253253 -0.02751461 0.00435068
v -0.01330480 -0.02737088 0.00446851
v -0.01362716 -0.02727610 0.00450617
v -0.01430272 -0.02700357 0.00455130
v -0.01452058 -0.02689740 0.00454850
v -0.01473868 -0.02678937 0.00453153
v -0.01473868 0.02678937 0.00453153
v -0.01659638 0.02567994 0.00453153
v -0.01837097 0.02444191 0.00453153
v -0.02020103 0.02295251 0.00453153
v -0.02191078 0.02132643 0.00453153
v -0.02349006 0.01957335 0.00453153
v -0.02492946 0.01770371 0.00453153
v -0.02622039 0.01572864 0.00453153
v -0.02735518 0.01365991 0.00453153
v -0.02832707 0.01150983 0.00453153
v -0.02913027 0.00929121 0.00453153
v -0.02975999 0.00701726 0.00453153
v -0.03021250 0.00470152 0.00453153
v -0.03048508 0.00235778 0.00453153
v -0.03057612 0.00000000 0.00453153
v -0.03048508 -0.00235778 0.00453153
v -0.03021250 -0.00470152 0.00453153
v -0.02975999 -0.00701726 0.00453153
v -0.02913027 -0.00929121 0.00453153
v -0.02832707 -0.01150983 0.00453153
v -0.02735518 -0.01365991 0.00453153
v -0.02622039 -0.01572864 0.00453153
v -0.02492946 -0.01770371 0.00453153
v -0.02349006 -0.01957335 0.00453153
v -0.02191078 -0.02132643 0.00453153
v -0.02020103 -0.02295251 0.00453153
v -0.01837097 -0.02444191 0.00453153
v -0.01659638 -0.02567994 0.00453153
v -0.01452058 0.02689740 0.00454850
v -0.01430272 0.02700357 0.00455130
v -0.01203611 0.02754848 0.00426144
v -0.01282781 0.02747305 0.00439947
v -0.01361779 0.02727917 0.00450520
v -0.01203611 -0.02754848 -0.00426143
v -0.01282781 -0.02747305 -0.00439947
v -0.01361779 -0.02727917 -0.00450520
v -0.01430272 -0.02700357 -0.00455130
v -0.01452058 -0.02689740 -0.00454850
v -0.01473868 -0.02678937 -0.00453153
v -0.01473868 0.02678937 -0.00453153
v -0.01659638 0.02567994 -0.00453153
v -0.01837097 0.02444191 -0.00453153
v -0.02020103 0.02295251 -0.00453153
v -0.02191078 0.02132643 -0.00453153
v -0.02349006 0.01957335 -0.00453153
v -0.02492946 0.01770371 -0.00453153
v -0.02622039 0.01572864 -0.00453153
v -0.02735518 0.01365991 -0.00453153
v -0.02832707 0.01150983 -0.00453153
v -0.02913027 0.00929121 -0.00453153
v -0.02975999 0.00701726 -0.00453153
v -0.03021250 0.00470152 -0.00453153
v -0.03048508 0.00235778 -0.00453153
v -0.03057612 -0.00000000 -0.00453153
v -0.03048508 -0.00235778 -0.00453153
v -0.03021250 -0.00470152 -0.00453153
v -0.02975999 -0.00701726 -0.00453153
v -0.02913027 -0.00929121 -0.00453153
v -0.02832707 -0.01150983 -0.00453153
v -0.02735518 -0.01365991 -0.00453153
v -0.02622039 -0.01572864 -0.00453153
v -0.02492946 -0.01770371 -0.00453153
v -0.02349006 -0.01957335 -0.00453153
v -0.02191078 -0.02132643 -0.00453153
v -0.02020103 -0.02295251 -0.00453153
v -0.01837097 -0.02444191 -0.00453153
v -0.01659638 -0.02567994 -0.00453153
v -0.01452058 0.02689740 -0.00454850
v -0.01430272 0.02700357 -0.00455130
v -0.01253253 0.02751461 -0.00435068
v -0.01330480 0.02737088 -0.00446851
v -0.01362716 0.02727610 -0.00450617
v -0.00841274 -0.03777514 -0.00248183
v -0.00843732 -0.03785066 -0.00245759
v -0.00845255 -0.03793186 -0.00246604
v -0.00845579 -0.03800473 -0.00250572
v -0.00844649 -0.03805671 -0.00256981
v -0.00708949 -0.03833105 0.00211116
v -0.00710188 -0.03827488 0.00204611
v -0.00710064 -0.03819665 0.00200843
v -0.00708600 -0.03811111 0.00200524
v -0.00706072 -0.03803440 0.00203712
v -0.00933085 -0.03785063 0.00285107
v -0.01130452 -0.03731100 0.00342731
v -0.01341978 -0.03660578 0.00395423
v -0.00929393 -0.03757951 0.00275479
v -0.01126070 -0.03706507 0.00331464
v -0.01336882 -0.03638988 0.00382746
v -0.01537648 -0.03562111 0.00420885
v -0.01543403 -0.03580528 0.00434523
v -0.01733897 -0.03492460 0.00458279
v -0.01727535 -0.03477345 0.00444156
v -0.01870520 -0.03405229 0.00450675
v -0.02014729 -0.03324752 0.00444247
v -0.02145280 -0.03244694 0.00422842
v -0.02174979 -0.03225470 0.00415250
v -0.02273981 -0.03158533 0.00380148
v -0.02359312 -0.03097143 0.00333218
v -0.02416881 -0.03053680 0.00287713
v -0.02470140 -0.03011930 0.00228211
v -0.02491118 -0.02995064 0.00196701
v -0.02522114 -0.02969695 0.00132217
v -0.02535834 -0.02958292 0.00086767
v -0.02545414 -0.02950265 0.00019151
v -0.02545748 -0.02949985 -0.00010675
v -0.02537839 -0.02956617 -0.00077746
v -0.02528132 -0.02964706 -0.00114712
v -0.02501641 -0.02986512 -0.00178003
v -0.02494314 -0.02992473 -0.00191269
v -0.02451945 -0.03026364 -0.00251173
v -0.02399220 -0.03067194 -0.00303263
v -0.02346973 -0.03106240 -0.00341278
v -0.02268150 -0.03162600 -0.00382707
v -0.01877329 -0.03417647 0.00464819
v -0.02021983 -0.03334253 0.00458016
v -0.02152931 -0.03251367 0.00435810
v -0.02182720 -0.03231474 0.00427954
v -0.02282019 -0.03162230 0.00391691
v -0.02367605 -0.03098754 0.00343273
v -0.02425344 -0.03053829 0.00296360
v -0.02478762 -0.03010683 0.00235045
v -0.02499801 -0.02993257 0.00202583
v -0.02530889 -0.02967047 0.00136162
v -0.02544650 -0.02955267 0.00089354
v -0.02554258 -0.02946975 0.00019722
v -0.02554593 -0.02946685 -0.00010994
v -0.02546660 -0.02953536 -0.00080064
v -0.02536925 -0.02961893 -0.00118134
v -0.02510356 -0.02984421 -0.00183321
v -0.02503007 -0.02990579 -0.00196987
v -0.02460513 -0.03025599 -0.00258703
v -0.02407631 -0.03067796 -0.00312389
v -0.02355229 -0.03108158 -0.00351585
v -0.02276170 -0.03166437 -0.00394333
v -0.02167591 -0.03241627 -0.00432094
v -0.02058276 -0.03312007 -0.00453635
v -0.02159896 -0.03235281 -0.00419252
v -0.02050911 -0.03303272 -0.00440037
v -0.01933516 -0.03371062 -0.00449718
v -0.01811496 -0.03435895 -0.00449329
v -0.01654677 -0.03511310 -0.00436955
v -0.01940520 -0.03382231 -0.00463753
v -0.01818122 -0.03449449 -0.00463506
v -0.01660808 -0.03527727 -0.00450948
v -0.01496387 -0.03600382 -0.00426531
v -0.01146607 -0.03726185 -0.00347110
v -0.01324952 -0.03666757 -0.00391582
v -0.01065674 -0.03750043 -0.00324639
v -0.01066157 -0.03745528 -0.00318438
v -0.01146935 -0.03721924 -0.00341000
v -0.01324951 -0.03663067 -0.00385699
v -0.01496079 -0.03597262 -0.00420910
v -0.01660215 -0.03525177 -0.00445628
v -0.01817260 -0.03447470 -0.00458530
v -0.01939455 -0.03380718 -0.00459098
v -0.02057016 -0.03310962 -0.00449346
v -0.02166154 -0.03241036 -0.00428215
v -0.02274559 -0.03166318 -0.00390959
v -0.02353492 -0.03108399 -0.00348676
v -0.02405812 -0.03068284 -0.00309857
v -0.02458611 -0.03026341 -0.00256649
v -0.02501040 -0.02991533 -0.00195448
v -0.02508377 -0.02985411 -0.00181893
v -0.02534905 -0.02963018 -0.00117222
v -0.02544625 -0.02954711 -0.00079448
v -0.02552546 -0.02947901 -0.00010909
v -0.02552211 -0.02948189 0.00019571
v -0.02542618 -0.02956432 0.00088666
v -0.02528878 -0.02968141 0.00135110
v -0.02497839 -0.02994194 0.00200998
v -0.02476832 -0.03011516 0.00233192
v -0.02423497 -0.03054401 0.00293975
v -0.02365848 -0.03099053 0.00340447
v -0.02280398 -0.03162138 0.00388349
v -0.02181258 -0.03230948 0.00424139
v -0.02151518 -0.03250714 0.00431871
v -0.02020782 -0.03333061 0.00453608
v -0.01876369 -0.03415891 0.00459992
v -0.01733178 -0.03490172 0.00453111
v -0.01543014 -0.03577569 0.00428983
v -0.01341946 -0.03656944 0.00389565
v -0.01130811 -0.03726788 0.00336602
v -0.00933831 -0.03780137 0.00278774
v -0.01065539 -0.03739129 -0.00314227
v -0.01146216 -0.03715856 -0.00336725
v -0.01324019 -0.03657749 -0.00381332
v -0.01494953 -0.03592692 -0.00416521
v -0.01658910 -0.03521353 -0.00441288
v -0.01815791 -0.03444390 -0.00454315
v -0.01937861 -0.03378240 -0.00455047
v -0.02055305 -0.03309085 -0.00445522
v -0.02164337 -0.03239739 -0.00424683
v -0.02272639 -0.03165620 -0.00387826
v -0.02351498 -0.03108153 -0.00345936
v -0.02403769 -0.03068345 -0.00307454
v -0.02456519 -0.03026721 -0.00254682
v -0.02498909 -0.02992173 -0.00193965
v -0.02506239 -0.02986097 -0.00180515
v -0.02532744 -0.02963870 -0.00116339
v -0.02542455 -0.02955625 -0.00078851
v -0.02550368 -0.02948865 -0.00010827
v -0.02550034 -0.02949151 0.00019424
v -0.02540449 -0.02957332 0.00087999
v -0.02526722 -0.02968955 0.00134090
v -0.02495711 -0.02994814 0.00199472
v -0.02474723 -0.03012006 0.00231412
v -0.02421438 -0.03054568 0.00291704
v -0.02363842 -0.03098878 0.00337780
v -0.02278472 -0.03161472 0.00385241
v -0.02179427 -0.03229732 0.00420655
v -0.02149715 -0.03249338 0.00428294
v -0.02019107 -0.03330996 0.00449705
v -0.01874839 -0.03413100 0.00455848
v -0.01731796 -0.03486689 0.00448819
v -0.01541836 -0.03573209 0.00424600
v -0.01340994 -0.03651699 0.00385192
v -0.01130112 -0.03720654 0.00332339
v -0.00933385 -0.03773202 0.00274697
v -0.01063912 -0.03731789 -0.00312628
v -0.01144551 -0.03708826 -0.00334881
v -0.01322269 -0.03651445 -0.00379007
v -0.01493125 -0.03587145 -0.00413817
v -0.01657009 -0.03516591 -0.00438310
v -0.01813821 -0.03440435 -0.00451171
v -0.01935839 -0.03374953 -0.00451853
v -0.02053234 -0.03306476 -0.00442363
v -0.02162220 -0.03237792 -0.00421651
v -0.02270477 -0.03164366 -0.00385043
v -0.02349304 -0.03107426 -0.00343446
v -0.02401553 -0.03067979 -0.00305237
v -0.02454281 -0.03026728 -0.00252844
v -0.02496654 -0.02992488 -0.00192563
v -0.02503981 -0.02986466 -0.00179210
v -0.02530475 -0.02964436 -0.00115498
v -0.02540182 -0.02956263 -0.00078281
v -0.02548092 -0.02949563 -0.00010749
v -0.02547758 -0.02949846 0.00019284
v -0.02538177 -0.02957956 0.00087363
v -0.02524456 -0.02969476 0.00133121
v -0.02493457 -0.02995106 0.00198031
v -0.02472478 -0.03012145 0.00229741
v -0.02419215 -0.03054326 0.00289600
v -0.02361643 -0.03098236 0.00335348
v -0.02276308 -0.03160257 0.00382476
v -0.02177304 -0.03227880 0.00417649
v -0.02147604 -0.03247301 0.00425238
v -0.02017051 -0.03328174 0.00446526
v -0.01872844 -0.03409463 0.00452670
v -0.01729863 -0.03482295 0.00445750
v -0.01539986 -0.03567881 0.00421808
v -0.01339237 -0.03645467 0.00382826
v -0.01128454 -0.03713560 0.00330542
v -0.00931822 -0.03765383 0.00273535
v -0.01061516 -0.03724594 -0.00313877
v -0.01142170 -0.03701810 -0.00335723
v -0.01319913 -0.03644913 -0.00379003
v -0.01490784 -0.03581196 -0.00413079
f 1 2 3
f 3 2 4
f 3 4 5
f 5 4 6
f 5 6 7
f 7 6 8
f 7 8 9
f 9 8 10
f 11 12 13
f 13 12 14
f 13 14 15
f 15 14 16
f 15 16 17
f 16 18 17
f 17 18 19
f 17 19 20
f 20 19 21
f 20 21 22
f 22 21 23
f 3 24 1
f 1 24 25
f 1 25 26
f 26 25 27
f 26 27 28
f 28 27 29
f 28 29 30
f 30 29 31
f 30 31 32
f 32 31 33
f 32 33 34
f 34 33 35
f 34 35 36
f 36 35 37
f 36 37 38
f 38 37 39
f 38 39 40
f 40 39 41
f 40 41 42
f 42 41 43
f 42 43 44
f 44 43 45
f 44 45 23
f 23 45 46
f 23 46 22
f 47 48 49
f 50 51 52
f 53 54 55
f 56 57 58
f 59 60 55
f 55 60 56
f 55 56 53
f 53 56 58
f 61 62 63
f 63 62 64
f 63 64 59
f 59 64 65
f 59 65 66
f 66 67 59
f 59 67 68
f 59 68 60
f 60 68 69
f 60 69 70
f 71 72 73
f 73 72 70
f 73 70 74
f 74 70 69
f 75 76 77
f 77 78 75
f 75 78 79
f 75 79 80
f 79 81 80
f 80 81 82
f 80 82 83
f 83 82 84
f 83 84 61
f 61 84 85
f 61 85 62
f 86 87 88
f 88 87 89
f 90 91 92
f 92 91 93
f 92 93 94
f 86 95 87
f 87 95 96
f 87 96 92
f 92 96 97
f 92 97 90
f 98 99 100
f 100 99 101
f 100 101 102
f 103 104 105
f 105 104 100
f 105 100 106
f 106 100 102
f 103 107 104
f 104 107 108
f 104 108 76
f 76 108 109
f 76 109 77
f 110 111 112
f 112 111 113
f 112 113 89
f 89 113 114
f 89 114 88
f 71 115 72
f 72 115 116
f 72 116 117
f 117 116 118
f 117 118 110
f 110 118 119
f 110 119 111
f 94 98 92
f 92 98 100
f 92 100 120
f 120 100 121
f 120 121 122
f 122 121 123
f 122 123 124
f 124 123 125
f 124 125 126
f 126 125 127
f 126 127 128
f 128 127 129
f 128 129 130
f 130 129 131
f 130 131 132
f 132 131 133
f 132 133 134
f 134 133 135
f 134 135 136
f 136 135 137
f 136 137 138
f 139 140 141
f 141 140 138
f 141 138 142
f 142 138 137
f 52 47 50
f 50 47 49
f 50 49 143
f 143 49 144
f 143 144 145
f 145 144 146
f 145 146 147
f 147 146 148
f 147 148 149
f 149 148 150
f 149 150 151
f 151 150 152
f 151 152 153
f 153 152 154
f 153 154 155
f 155 154 156
f 155 156 157
f 157 156 158
f 157 158 159
f 159 158 160
f 159 160 161
f 161 160 162
f 161 162 163
f 163 162 164
f 163 164 165
f 165 164 166
f 165 166 167
f 167 166 168
f 167 168 169
f 169 168 170
f 169 170 171
f 171 170 172
f 171 172 173
f 173 172 174
f 173 174 175
f 175 174 176
f 175 176 177
f 177 176 178
f 177 178 139
f 139 178 179
f 139 179 140
f 180 181 182
f 182 181 183
f 182 183 184
f 184 183 185
f 184 185 186
f 186 185 187
f 186 187 188
f 188 187 189
f 190 191 192
f 192 191 193
f 192 193 194
f 194 193 195
f 194 195 196
f 195 197 196
f 196 197 198
f 196 198 199
f 199 198 200
f 199 200 201
f 201 200 202
f 182 203 180
f 180 203 204
f 180 204 205
f 205 204 206
f 205 206 207
f 207 206 208
f 207 208 209
f 209 208 210
f 209 210 211
f 211 210 212
f 211 212 213
f 213 212 214
f 213 214 215
f 215 214 216
f 215 216 217
f 217 216 218
f 217 218 219
f 219 218 220
f 219 220 221
f 221 220 222
f 221 222 223
f 223 222 224
f 223 224 202
f 202 224 225
f 202 225 201
f 226 227 228
f 228 227 229
f 230 231 232
f 232 231 233
f 232 233 234
f 235 228 236
f 236 228 229
f 236 229 237
f 237 229 230
f 237 230 238
f 238 230 232
f 239 240 241
f 242 243 240
f 240 243 244
f 241 240 245
f 245 240 244
f 245 244 246
f 247 248 249
f 249 248 250
f 250 248 241
f 241 248 251
f 241 251 239
f 252 253 254
f 254 253 255
f 254 255 256
f 256 255 257
f 256 257 258
f 258 257 259
f 258 259 260
f 260 259 261
f 260 261 262
f 262 261 263
f 262 263 264
f 264 263 265
f 264 265 266
f 266 265 267
f 266 267 268
f 268 267 269
f 268 269 270
f 270 269 271
f 270 271 272
f 272 271 273
f 272 273 274
f 274 273 275
f 274 275 252
f 252 275 253
f 276 277 278
f 279 280 278
f 278 280 281
f 278 281 276
f 282 283 279
f 279 283 284
f 279 284 280
f 285 286 282
f 282 286 287
f 282 287 283
f 288 289 285
f 285 289 290
f 285 290 286
f 291 292 288
f 288 292 293
f 288 293 289
f 294 295 291
f 291 295 296
f 291 296 292
f 297 298 294
f 294 298 299
f 294 299 295
f 300 301 297
f 297 301 302
f 297 302 298
f 303 304 300
f 300 304 305
f 300 305 301
f 306 307 303
f 303 307 308
f 303 308 304
f 309 310 306
f 306 310 311
f 306 311 307
f 312 313 309
f 309 313 314
f 309 314 310
f 315 316 312
f 312 316 317
f 312 317 313
f 318 319 320
f 320 321 318
f 318 321 322
f 318 322 315
f 315 322 323
f 315 323 316
f 324 325 326
f 327 328 329
f 329 328 330
f 329 330 331
f 331 330 332
f 331 332 333
f 333 332 334
f 333 334 335
f 335 334 336
f 335 336 337
f 337 336 338
f 337 338 339
f 339 338 340
f 339 340 326
f 326 340 341
f 326 341 324
f 342 343 344
f 344 343 345
f 344 345 346
f 346 345 347
f 346 347 348
f 348 347 349
f 348 349 327
f 327 349 350
f 327 350 328
f 351 352 353
f 353 352 354
f 353 354 355
f 355 354 356
f 355 356 357
f 357 356 358
f 357 358 359
f 359 358 360
f 359 360 342
f 342 360 361
f 342 361 343
f 362 363 364
f 364 363 365
f 364 365 366
f 366 365 367
f 366 367 368
f 368 367 369
f 368 369 351
f 351 369 370
f 351 370 352
f 371 372 373
f 373 372 374
f 373 374 375
f 375 374 376
f 375 376 377
f 377 376 378
f 377 378 379
f 379 378 380
f 379 380 381
f 381 380 382
f 381 382 383
f 383 382 384
f 383 384 362
f 362 384 385
f 362 385 363
f 386 387 388
f 388 387 389
f 390 391 392
f 392 391 393
f 394 395 396
f 354 352 397
f 398 340 338
f 399 400 401
f 401 400 398
f 398 338 401
f 401 338 336
f 401 336 402
f 402 336 334
f 402 334 403
f 334 332 403
f 403 332 330
f 403 330 404
f 330 328 404
f 404 328 350
f 404 350 405
f 405 350 349
f 405 349 406
f 349 347 406
f 406 347 345
f 406 345 407
f 345 343 407
f 407 343 361
f 407 361 408
f 356 409 358
f 358 409 408
f 358 408 360
f 360 408 361
f 354 397 356
f 352 370 410
f 410 370 369
f 410 369 411
f 411 369 367
f 411 367 412
f 367 365 412
f 412 365 363
f 412 363 413
f 363 385 413
f 413 385 384
f 413 384 414
f 414 384 382
f 414 382 415
f 376 416 378
f 378 416 415
f 378 415 380
f 380 415 382
f 409 417 408
f 408 417 418
f 408 418 407
f 407 418 392
f 407 392 406
f 406 392 393
f 406 393 405
f 405 393 419
f 405 419 404
f 404 419 395
f 404 395 403
f 403 395 394
f 403 394 402
f 402 394 420
f 402 420 401
f 401 420 421
f 401 421 399
f 399 421 422
f 415 423 414
f 414 423 424
f 414 424 413
f 413 424 388
f 413 388 412
f 412 388 389
f 412 389 411
f 411 389 425
f 411 425 410
f 410 425 426
f 422 421 427
f 427 421 428
f 427 428 429
f 396 430 394
f 394 430 431
f 394 431 420
f 420 431 432
f 420 432 421
f 421 432 433
f 421 433 428
f 391 434 393
f 393 434 435
f 393 435 419
f 419 435 436
f 419 436 395
f 395 436 437
f 395 437 396
f 390 392 438
f 438 392 418
f 438 418 439
f 439 418 417
f 439 417 440
f 441 442 443
f 356 397 409
f 409 397 441
f 409 441 417
f 417 441 443
f 417 443 440
f 352 410 397
f 397 410 426
f 397 426 441
f 441 426 444
f 441 444 442
f 387 445 389
f 389 445 446
f 389 446 425
f 425 446 447
f 425 447 426
f 426 447 448
f 426 448 444
f 416 449 415
f 415 449 450
f 415 450 423
f 423 450 451
f 423 451 452
f 386 388 453
f 453 388 424
f 453 424 454
f 454 424 423
f 454 423 455
f 455 423 452
f 455 452 456
f 457 458 459
f 460 445 461
f 461 445 387
f 461 387 462
f 462 387 386
f 462 386 463
f 463 386 453
f 463 453 464
f 464 453 454
f 464 454 465
f 465 454 455
f 465 455 466
f 466 455 456
f 466 456 459
f 459 456 467
f 459 467 457
f 468 442 469
f 469 442 444
f 469 444 470
f 470 444 448
f 470 448 471
f 471 448 447
f 471 447 460
f 460 447 446
f 460 446 445
f 472 391 473
f 473 391 390
f 473 390 474
f 474 390 438
f 474 438 475
f 475 438 439
f 475 439 476
f 476 439 440
f 476 440 468
f 468 440 443
f 468 443 442
f 477 396 478
f 478 396 437
f 478 437 479
f 479 437 436
f 479 436 480
f 480 436 435
f 480 435 472
f 472 435 434
f 472 434 391
f 481 482 483
f 483 482 484
f 483 484 485
f 485 484 429
f 485 429 486
f 486 429 428
f 486 428 487
f 487 428 433
f 487 433 488
f 488 433 432
f 488 432 489
f 489 432 431
f 489 431 477
f 477 431 430
f 477 430 396
f 490 491 492
f 493 494 495
f 495 496 493
f 493 496 497
f 493 497 498
f 499 500 492
f 492 500 501
f 492 501 490
f 502 503 499
f 499 503 504
f 499 504 500
f 505 506 502
f 502 506 507
f 502 507 503
f 508 509 505
f 505 509 510
f 505 510 506
f 511 512 508
f 508 512 513
f 508 513 509
f 514 515 511
f 511 515 516
f 511 516 512
f 517 518 514
f 514 518 519
f 514 519 515
f 520 521 517
f 517 521 522
f 517 522 518
f 523 524 520
f 520 524 525
f 520 525 521
f 526 527 523
f 523 527 528
f 523 528 524
f 529 530 526
f 526 530 531
f 526 531 527
f 532 533 529
f 529 533 534
f 529 534 530
f 497 535 498
f 498 535 536
f 498 536 532
f 532 536 537
f 532 537 533
f 267 538 269
f 269 538 539
f 269 539 271
f 271 539 540
f 271 540 273
f 273 540 541
f 273 541 275
f 275 541 542
f 275 542 253
f 542 543 253
f 253 543 544
f 253 544 255
f 255 544 545
f 255 545 257
f 257 545 546
f 257 546 259
f 259 546 547
f 259 547 261
f 548 549 67
f 67 549 550
f 265 551 552
f 265 553 267
f 267 553 554
f 267 554 538
f 552 555 265
f 265 555 556
f 265 556 557
f 547 558 261
f 261 558 559
f 261 559 263
f 263 559 560
f 263 560 265
f 265 560 561
f 561 562 265
f 265 562 563
f 265 563 551
f 551 563 564
f 550 565 67
f 67 565 566
f 67 566 68
f 557 567 265
f 265 567 568
f 265 568 553
f 548 67 569
f 569 67 570
f 569 570 564
f 564 570 571
f 564 571 551
f 572 573 539
f 574 575 540
f 576 577 559
f 559 577 578
f 559 578 560
f 576 559 579
f 579 559 558
f 579 558 580
f 547 581 582
f 582 583 547
f 547 583 584
f 547 584 558
f 558 584 585
f 558 585 580
f 581 547 586
f 586 547 546
f 586 546 587
f 588 589 545
f 545 589 590
f 545 590 546
f 546 590 591
f 546 591 587
f 592 544 593
f 593 544 594
f 592 595 544
f 544 595 596
f 544 596 545
f 545 596 597
f 545 597 588
f 598 599 544
f 544 599 600
f 544 600 594
f 601 602 543
f 543 602 603
f 543 603 544
f 544 603 604
f 544 604 598
f 605 606 542
f 542 606 607
f 542 607 543
f 543 607 608
f 543 608 601
f 609 610 541
f 541 610 611
f 541 611 542
f 542 611 612
f 542 612 605
f 540 575 541
f 541 575 613
f 541 613 609
f 539 573 540
f 540 573 614
f 540 614 574
f 538 554 615
f 615 616 538
f 538 616 617
f 538 617 539
f 539 617 618
f 539 618 572
f 619 264 620
f 620 264 266
f 620 266 621
f 266 268 621
f 621 268 270
f 621 270 622
f 622 270 272
f 622 272 623
f 272 274 623
f 623 274 252
f 623 252 624
f 624 252 254
f 624 254 625
f 254 256 625
f 625 256 258
f 625 258 626
f 626 258 260
f 626 260 619
f 619 260 262
f 619 262 264
f 627 628 629
f 629 628 630
f 629 630 631
f 630 632 631
f 631 632 633
f 631 633 634
f 633 635 634
f 634 635 636
f 634 636 637
f 637 636 638
f 637 638 639
f 638 640 639
f 639 640 641
f 639 641 642
f 642 641 643
f 642 643 644
f 644 643 645
f 644 645 627
f 627 645 646
f 627 646 628
f 647 648 649
f 650 648 647
f 647 651 652
f 653 651 647
f 649 653 647
f 647 654 655
f 656 654 647
f 652 656 647
f 647 657 658
f 659 657 647
f 655 659 647
f 658 650 647
f 650 646 648
f 648 646 645
f 648 645 649
f 649 645 643
f 649 643 653
f 653 643 641
f 653 641 651
f 651 641 640
f 651 640 652
f 652 640 638
f 652 638 656
f 656 638 636
f 656 636 654
f 654 636 635
f 654 635 655
f 655 635 633
f 655 633 659
f 659 633 632
f 659 632 657
f 657 632 630
f 657 630 658
f 658 630 628
f 658 628 650
f 650 628 646
f 494 493 660
f 660 493 661
f 236 662 235
f 235 662 663
f 235 663 661
f 661 663 664
f 661 664 660
f 665 229 227
f 666 278 277
f 277 667 666
f 666 667 668
f 666 668 227
f 227 668 669
f 227 669 665
f 670 245 246
f 671 492 491
f 491 672 671
f 671 672 673
f 671 673 246
f 246 673 674
f 246 674 670
f 319 318 675
f 675 318 676
f 240 677 242
f 242 677 678
f 242 678 676
f 676 678 679
f 676 679 675
f 8 6 244
f 244 6 246
f 246 6 671
f 671 6 4
f 671 4 492
f 492 4 2
f 492 2 499
f 499 2 1
f 499 1 502
f 502 1 26
f 502 26 505
f 505 26 28
f 505 28 508
f 508 28 30
f 508 30 511
f 511 30 32
f 511 32 514
f 514 32 34
f 514 34 517
f 517 34 36
f 517 36 520
f 520 36 38
f 520 38 523
f 523 38 40
f 523 40 526
f 526 40 42
f 526 42 529
f 529 42 44
f 529 44 532
f 532 44 23
f 532 23 498
f 498 23 21
f 498 21 493
f 493 21 19
f 493 19 661
f 661 19 18
f 661 18 235
f 235 18 16
f 228 235 14
f 14 235 16
f 187 185 226
f 226 185 227
f 227 185 666
f 666 185 183
f 666 183 278
f 278 183 181
f 278 181 279
f 279 181 180
f 279 180 282
f 282 180 205
f 282 205 285
f 285 205 207
f 285 207 288
f 288 207 209
f 288 209 291
f 291 209 211
f 291 211 294
f 294 211 213
f 294 213 297
f 297 213 215
f 297 215 300
f 300 215 217
f 300 217 303
f 303 217 219
f 303 219 306
f 306 219 221
f 306 221 309
f 309 221 223
f 309 223 312
f 312 223 202
f 312 202 315
f 315 202 200
f 315 200 318
f 318 200 198
f 318 198 676
f 676 198 197
f 676 197 242
f 242 197 195
f 243 242 193
f 193 242 195
f 192 49 190
f 190 49 48
f 186 188 57
f 57 56 186
f 186 56 60
f 186 60 184
f 60 70 184
f 184 70 72
f 184 72 182
f 72 117 182
f 182 117 110
f 182 110 203
f 110 112 203
f 203 112 89
f 203 89 204
f 89 87 204
f 204 87 92
f 204 92 206
f 92 120 206
f 206 120 122
f 206 122 208
f 122 124 208
f 208 124 126
f 208 126 210
f 126 128 210
f 210 128 130
f 210 130 212
f 130 132 212
f 212 132 134
f 212 134 214
f 134 136 214
f 214 136 138
f 214 138 216
f 138 140 216
f 216 140 179
f 216 179 218
f 179 178 218
f 218 178 176
f 218 176 220
f 176 174 220
f 220 174 172
f 220 172 222
f 172 170 222
f 222 170 168
f 222 168 224
f 168 166 224
f 224 166 164
f 224 164 225
f 225 164 162
f 225 162 201
f 162 160 201
f 201 160 158
f 201 158 199
f 158 156 199
f 199 156 154
f 199 154 196
f 154 152 196
f 196 152 150
f 196 150 194
f 150 148 194
f 194 148 146
f 194 146 192
f 192 146 144
f 192 144 49
f 7 9 51
f 13 55 11
f 11 55 54
f 51 50 7
f 7 50 143
f 7 143 5
f 143 145 5
f 5 145 147
f 5 147 3
f 147 149 3
f 3 149 151
f 3 151 24
f 151 153 24
f 24 153 155
f 24 155 25
f 155 157 25
f 25 157 159
f 25 159 27
f 159 161 27
f 27 161 163
f 27 163 29
f 163 165 29
f 29 165 167
f 29 167 31
f 167 169 31
f 31 169 171
f 31 171 33
f 171 173 33
f 33 173 175
f 33 175 35
f 175 177 35
f 35 177 139
f 35 139 37
f 139 141 37
f 37 141 142
f 37 142 39
f 142 137 39
f 39 137 135
f 39 135 41
f 135 133 41
f 41 133 131
f 41 131 43
f 131 129 43
f 43 129 127
f 43 127 45
f 127 125 45
f 45 125 123
f 45 123 46
f 46 123 121
f 46 121 22
f 121 100 22
f 22 100 104
f 22 104 20
f 104 76 20
f 20 76 75
f 20 75 17
f 75 80 17
f 17 80 83
f 17 83 15
f 83 61 15
f 15 61 63
f 15 63 13
f 13 63 59
f 13 59 55
f 680 325 324
f 681 682 683
f 683 682 684
f 683 684 680
f 230 229 685
f 685 686 230
f 230 686 681
f 230 681 231
f 341 340 687
f 680 324 683
f 683 324 341
f 683 341 688
f 688 341 687
f 688 687 689
f 681 683 231
f 231 683 688
f 231 688 233
f 233 688 689
f 233 689 234
f 690 691 692
f 236 237 693
f 693 237 694
f 481 695 692
f 692 695 696
f 692 696 690
f 694 237 691
f 691 237 238
f 691 238 692
f 692 238 232
f 692 232 697
f 232 234 697
f 697 234 698
f 697 698 699
f 481 692 482
f 482 692 697
f 482 697 484
f 484 697 699
f 484 699 429
f 234 700 701
f 422 427 702
f 702 427 429
f 701 399 422
f 399 701 400
f 400 701 700
f 400 700 398
f 429 699 702
f 702 699 698
f 702 698 234
f 340 398 687
f 687 398 700
f 687 700 689
f 689 700 234
f 422 702 701
f 701 702 234
f 703 458 457
f 704 705 706
f 706 705 707
f 706 707 703
f 241 245 708
f 708 709 241
f 241 709 704
f 241 704 250
f 467 456 710
f 703 457 706
f 706 457 467
f 706 467 711
f 711 467 710
f 711 710 712
f 704 706 250
f 250 706 711
f 250 711 249
f 249 711 712
f 249 712 247
f 713 714 715
f 240 239 716
f 716 239 717
f 371 718 715
f 715 718 719
f 715 719 713
f 717 239 714
f 714 239 251
f 714 251 715
f 715 251 248
f 715 248 720
f 248 247 720
f 720 247 721
f 720 721 722
f 371 715 372
f 372 715 720
f 372 720 374
f 374 720 722
f 374 722 376
f 247 723 724
f 449 416 725
f 725 416 376
f 724 450 449
f 450 724 451
f 451 724 723
f 451 723 452
f 376 722 725
f 725 722 721
f 725 721 247
f 456 452 710
f 710 452 723
f 710 723 712
f 712 723 247
f 449 725 724
f 724 725 247
f 236 693 662
f 662 693 694
f 662 694 726
f 726 694 691
f 726 691 727
f 727 691 690
f 727 690 728
f 728 690 696
f 728 696 729
f 662 726 663
f 663 726 727
f 663 727 664
f 664 727 728
f 664 728 660
f 660 728 729
f 660 729 494
f 695 481 730
f 730 481 731
f 730 731 495
f 495 731 496
f 696 695 729
f 729 695 730
f 729 730 494
f 494 730 495
f 458 732 733
f 732 501 500
f 732 500 733
f 733 500 504
f 733 504 734
f 734 504 503
f 734 503 735
f 735 503 507
f 735 507 736
f 736 507 506
f 736 506 737
f 737 506 510
f 737 510 738
f 738 510 509
f 738 509 739
f 739 509 513
f 739 513 740
f 740 513 512
f 740 512 741
f 741 512 516
f 741 516 742
f 742 516 515
f 742 515 743
f 743 515 519
f 743 519 744
f 744 519 518
f 744 518 745
f 745 518 522
f 745 522 746
f 746 522 521
f 746 521 747
f 747 521 525
f 747 525 748
f 748 525 524
f 748 524 749
f 749 524 528
f 749 528 750
f 750 528 527
f 750 527 751
f 751 527 531
f 751 531 752
f 752 531 530
f 752 530 753
f 753 530 534
f 753 534 754
f 754 534 533
f 754 533 755
f 755 533 537
f 755 537 756
f 756 537 536
f 756 536 757
f 757 536 535
f 757 535 758
f 758 535 497
f 758 497 759
f 759 497 496
f 759 496 731
f 458 733 459
f 459 733 734
f 459 734 466
f 466 734 735
f 466 735 465
f 465 735 736
f 465 736 464
f 464 736 737
f 464 737 463
f 463 737 738
f 463 738 462
f 462 738 739
f 462 739 461
f 461 739 740
f 461 740 460
f 460 740 741
f 460 741 471
f 471 741 742
f 471 742 470
f 470 742 743
f 470 743 469
f 469 743 744
f 469 744 468
f 468 744 745
f 468 745 476
f 476 745 746
f 476 746 475
f 475 746 747
f 475 747 474
f 474 747 748
f 474 748 473
f 473 748 749
f 473 749 472
f 472 749 750
f 472 750 480
f 480 750 751
f 480 751 479
f 479 751 752
f 479 752 478
f 478 752 753
f 478 753 477
f 477 753 754
f 477 754 489
f 489 754 755
f 489 755 488
f 488 755 756
f 488 756 487
f 487 756 757
f 487 757 486
f 486 757 758
f 486 758 485
f 485 758 759
f 485 759 483
f 483 759 731
f 483 731 481
f 703 707 760
f 760 707 761
f 760 761 490
f 490 761 491
f 458 703 732
f 732 703 760
f 732 760 501
f 501 760 490
f 670 674 762
f 762 674 673
f 762 673 763
f 763 673 672
f 763 672 764
f 764 672 491
f 764 491 761
f 245 670 708
f 708 670 762
f 708 762 709
f 709 762 763
f 709 763 704
f 704 763 764
f 704 764 705
f 705 764 761
f 705 761 707
f 229 665 685
f 685 665 669
f 685 669 765
f 765 669 668
f 765 668 766
f 766 668 667
f 766 667 767
f 767 667 277
f 767 277 768
f 685 765 686
f 686 765 766
f 686 766 681
f 681 766 767
f 681 767 682
f 682 767 768
f 682 768 684
f 680 684 769
f 769 684 768
f 769 768 276
f 276 768 277
f 325 680 770
f 770 680 769
f 770 769 281
f 281 769 276
f 321 771 772
f 771 371 373
f 771 373 772
f 772 373 375
f 772 375 773
f 773 375 377
f 773 377 774
f 774 377 379
f 774 379 775
f 775 379 381
f 775 381 776
f 776 381 383
f 776 383 777
f 777 383 362
f 777 362 778
f 778 362 364
f 778 364 779
f 779 364 366
f 779 366 780
f 780 366 368
f 780 368 781
f 781 368 351
f 781 351 782
f 782 351 353
f 782 353 783
f 783 353 355
f 783 355 784
f 784 355 357
f 784 357 785
f 785 357 359
f 785 359 786
f 786 359 342
f 786 342 787
f 787 342 344
f 787 344 788
f 788 344 346
f 788 346 789
f 789 346 348
f 789 348 790
f 790 348 327
f 790 327 791
f 791 327 329
f 791 329 792
f 792 329 331
f 792 331 793
f 793 331 333
f 793 333 794
f 794 333 335
f 794 335 795
f 795 335 337
f 795 337 796
f 796 337 339
f 796 339 797
f 797 339 326
f 797 326 798
f 798 326 325
f 798 325 770
f 321 772 322
f 322 772 773
f 322 773 323
f 323 773 774
f 323 774 316
f 316 774 775
f 316 775 317
f 317 775 776
f 317 776 313
f 313 776 777
f 313 777 314
f 314 777 778
f 314 778 310
f 310 778 779
f 310 779 311
f 311 779 780
f 311 780 307
f 307 780 781
f 307 781 308
f 308 781 782
f 308 782 304
f 304 782 783
f 304 783 305
f 305 783 784
f 305 784 301
f 301 784 785
f 301 785 302
f 302 785 786
f 302 786 298
f 298 786 787
f 298 787 299
f 299 787 788
f 299 788 295
f 295 788 789
f 295 789 296
f 296 789 790
f 296 790 292
f 292 790 791
f 292 791 293
f 293 791 792
f 293 792 289
f 289 792 793
f 289 793 290
f 290 793 794
f 290 794 286
f 286 794 795
f 286 795 287
f 287 795 796
f 287 796 283
f 283 796 797
f 283 797 284
f 284 797 798
f 284 798 280
f 280 798 770
f 280 770 281
f 718 371 799
f 799 371 771
f 799 771 320
f 320 771 321
f 719 718 800
f 800 718 799
f 800 799 319
f 319 799 320
f 716 717 801
f 801 717 714
f 801 714 802
f 802 714 713
f 802 713 803
f 803 713 719
f 803 719 800
f 240 716 677
f 677 716 801
f 677 801 678
f 678 801 802
f 678 802 679
f 679 802 803
f 679 803 675
f 675 803 800
f 675 800 319
f 570 67 66
f 804 562 561
f 564 563 805
f 805 563 562
f 548 569 806
f 806 569 564
f 550 549 807
f 807 549 548
f 808 565 550
f 69 68 566
f 809 571 570
f 810 552 551
f 811 556 555
f 812 567 557
f 813 553 568
f 615 554 553
f 570 66 809
f 809 66 65
f 809 65 814
f 814 65 64
f 814 64 815
f 815 64 62
f 815 62 816
f 553 813 615
f 615 813 817
f 615 817 616
f 616 817 818
f 616 818 617
f 617 818 819
f 617 819 618
f 618 819 820
f 618 820 572
f 62 85 816
f 816 85 84
f 816 84 821
f 821 84 82
f 821 82 822
f 572 820 573
f 573 820 823
f 573 823 614
f 614 823 824
f 614 824 574
f 574 824 575
f 575 824 825
f 575 825 613
f 613 825 826
f 613 826 609
f 609 826 827
f 609 827 610
f 610 827 611
f 611 827 828
f 611 828 612
f 612 828 829
f 612 829 605
f 605 829 830
f 605 830 606
f 606 830 607
f 607 830 831
f 607 831 608
f 608 831 832
f 608 832 601
f 601 832 833
f 601 833 602
f 602 833 603
f 603 833 834
f 603 834 604
f 604 834 835
f 604 835 598
f 598 835 836
f 598 836 599
f 599 836 837
f 599 837 600
f 600 837 594
f 594 837 838
f 594 838 593
f 593 838 839
f 593 839 592
f 592 839 840
f 592 840 595
f 595 840 841
f 595 841 596
f 596 841 597
f 597 841 842
f 597 842 588
f 588 842 843
f 588 843 589
f 589 843 844
f 589 844 590
f 82 81 822
f 822 81 79
f 822 79 845
f 845 79 78
f 845 78 846
f 846 78 77
f 846 77 847
f 847 77 109
f 847 109 848
f 848 109 108
f 848 108 849
f 849 108 107
f 849 107 850
f 850 107 103
f 850 103 851
f 851 103 105
f 851 105 852
f 852 105 106
f 852 106 853
f 853 106 102
f 853 102 854
f 854 102 101
f 854 101 855
f 855 101 99
f 855 99 856
f 856 99 98
f 856 98 857
f 857 98 94
f 857 94 858
f 858 94 93
f 858 93 859
f 859 93 91
f 859 91 860
f 860 91 90
f 860 90 861
f 861 90 97
f 861 97 862
f 862 97 96
f 862 96 863
f 863 96 95
f 863 95 864
f 864 95 86
f 864 86 865
f 865 86 88
f 865 88 866
f 866 88 114
f 866 114 867
f 590 844 591
f 591 844 868
f 591 868 587
f 587 868 869
f 587 869 586
f 586 869 581
f 581 869 870
f 581 870 582
f 582 870 871
f 582 871 583
f 583 871 872
f 583 872 584
f 114 113 867
f 867 113 111
f 867 111 873
f 873 111 119
f 873 119 874
f 874 119 118
f 874 118 875
f 875 118 116
f 875 116 876
f 876 116 115
f 71 877 115
f 115 877 878
f 115 878 876
f 71 73 877
f 877 73 74
f 877 74 879
f 879 74 69
f 879 69 808
f 808 69 566
f 808 566 565
f 550 807 808
f 808 807 880
f 808 880 879
f 879 880 881
f 879 881 877
f 877 881 882
f 877 882 878
f 878 882 883
f 878 883 876
f 876 883 884
f 876 884 875
f 875 884 885
f 875 885 874
f 874 885 886
f 874 886 873
f 873 886 887
f 873 887 867
f 867 887 888
f 867 888 866
f 866 888 889
f 866 889 865
f 865 889 890
f 865 890 864
f 864 890 891
f 864 891 863
f 863 891 892
f 863 892 862
f 862 892 893
f 862 893 861
f 861 893 894
f 861 894 860
f 860 894 895
f 860 895 859
f 859 895 896
f 859 896 858
f 858 896 897
f 858 897 857
f 857 897 898
f 857 898 856
f 856 898 899
f 856 899 855
f 855 899 900
f 855 900 854
f 854 900 901
f 854 901 853
f 853 901 902
f 853 902 852
f 852 902 903
f 852 903 851
f 851 903 904
f 851 904 850
f 850 904 905
f 850 905 849
f 849 905 906
f 849 906 848
f 848 906 907
f 848 907 847
f 847 907 908
f 847 908 846
f 846 908 909
f 846 909 845
f 845 909 910
f 845 910 822
f 822 910 911
f 822 911 821
f 821 911 912
f 821 912 816
f 816 912 913
f 816 913 815
f 815 913 914
f 815 914 814
f 814 914 810
f 814 810 809
f 809 810 551
f 809 551 571
f 548 806 807
f 807 806 915
f 807 915 880
f 880 915 916
f 880 916 881
f 881 916 917
f 881 917 882
f 882 917 918
f 882 918 883
f 883 918 919
f 883 919 884
f 884 919 920
f 884 920 885
f 885 920 921
f 885 921 886
f 886 921 922
f 886 922 887
f 887 922 923
f 887 923 888
f 888 923 924
f 888 924 889
f 889 924 925
f 889 925 890
f 890 925 926
f 890 926 891
f 891 926 927
f 891 927 892
f 892 927 928
f 892 928 893
f 893 928 929
f 893 929 894
f 894 929 930
f 894 930 895
f 895 930 931
f 895 931 896
f 896 931 932
f 896 932 897
f 897 932 933
f 897 933 898
f 898 933 934
f 898 934 899
f 899 934 935
f 899 935 900
f 900 935 936
f 900 936 901
f 901 936 937
f 901 937 902
f 902 937 938
f 902 938 903
f 903 938 939
f 903 939 904
f 904 939 940
f 904 940 905
f 905 940 941
f 905 941 906
f 906 941 942
f 906 942 907
f 907 942 943
f 907 943 908
f 908 943 944
f 908 944 909
f 909 944 945
f 909 945 910
f 910 945 946
f 910 946 911
f 911 946 947
f 911 947 912
f 912 947 948
f 912 948 913
f 913 948 949
f 913 949 914
f 914 949 811
f 914 811 810
f 810 811 555
f 810 555 552
f 564 805 806
f 806 805 950
f 806 950 915
f 915 950 951
f 915 951 916
f 916 951 952
f 916 952 917
f 917 952 953
f 917 953 918
f 918 953 954
f 918 954 919
f 919 954 955
f 919 955 920
f 920 955 956
f 920 956 921
f 921 956 957
f 921 957 922
f 922 957 958
f 922 958 923
f 923 958 959
f 923 959 924
f 924 959 960
f 924 960 925
f 925 960 961
f 925 961 926
f 926 961 962
f 926 962 927
f 927 962 963
f 927 963 928
f 928 963 964
f 928 964 929
f 929 964 965
f 929 965 930
f 930 965 966
f 930 966 931
f 931 966 967
f 931 967 932
f 932 967 968
f 932 968 933
f 933 968 969
f 933 969 934
f 934 969 970
f 934 970 935
f 935 970 971
f 935 971 936
f 936 971 972
f 936 972 937
f 937 972 973
f 937 973 938
f 938 973 974
f 938 974 939
f 939 974 975
f 939 975 940
f 940 975 976
f 940 976 941
f 941 976 977
f 941 977 942
f 942 977 978
f 942 978 943
f 943 978 979
f 943 979 944
f 944 979 980
f 944 980 945
f 945 980 981
f 945 981 946
f 946 981 982
f 946 982 947
f 947 982 983
f 947 983 948
f 948 983 984
f 948 984 949
f 949 984 812
f 949 812 811
f 811 812 557
f 811 557 556
f 562 804 805
f 805 804 985
f 805 985 950
f 950 985 986
f 950 986 951
f 951 986 987
f 951 987 952
f 952 987 988
f 952 988 953
f 953 988 872
f 953 872 954
f 954 872 871
f 954 871 955
f 955 871 870
f 955 870 956
f 956 870 869
f 956 869 957
f 957 869 868
f 957 868 958
f 958 868 844
f 958 844 959
f 959 844 843
f 959 843 960
f 960 843 842
f 960 842 961
f 961 842 841
f 961 841 962
f 962 841 840
f 962 840 963
f 963 840 839
f 963 839 964
f 964 839 838
f 964 838 965
f 965 838 837
f 965 837 966
f 966 837 836
f 966 836 967
f 967 836 835
f 967 835 968
f 968 835 834
f 968 834 969
f 969 834 833
f 969 833 970
f 970 833 832
f 970 832 971
f 971 832 831
f 971 831 972
f 972 831 830
f 972 830 973
f 973 830 829
f 973 829 974
f 974 829 828
f 974 828 975
f 975 828 827
f 975 827 976
f 976 827 826
f 976 826 977
f 977 826 825
f 977 825 978
f 978 825 824
f 978 824 979
f 979 824 823
f 979 823 980
f 980 823 820
f 980 820 981
f 981 820 819
f 981 819 982
f 982 819 818
f 982 818 983
f 983 818 817
f 983 817 984
f 984 817 813
f 984 813 812
f 812 813 568
f 812 568 567
f 584 872 585
f 585 872 988
f 585 988 580
f 580 988 987
f 580 987 579
f 579 987 986
f 579 986 576
f 576 986 985
f 576 985 577
f 577 985 804
f 577 804 578
f 578 804 561
f 578 561 560
f 14 622 228
f 228 622 623
f 12 621 14
f 14 621 622
f 624 226 623
f 623 226 228
f 11 54 12
f 12 54 53
f 12 53 621
f 621 53 620
f 625 187 624
f 624 187 226
f 58 619 53
f 53 619 620
f 626 189 625
f 625 189 187
f 626 619 189
f 189 619 58
f 189 58 188
f 188 58 57
f 244 627 8
f 8 627 629
f 243 644 244
f 244 644 627
f 631 10 629
f 629 10 8
f 193 642 243
f 243 642 644
f 631 634 10
f 10 634 52
f 10 52 9
f 9 52 51
f 191 639 193
f 193 639 642
f 637 47 634
f 634 47 52
f 190 48 191
f 191 48 47
f 191 47 639
f 639 47 637
f 989 990 991
f 991 990 992
f 991 992 993
f 993 992 994
f 993 994 995
f 995 994 996
f 995 996 997
f 997 996 998
f 997 998 999
f 1000 1001 1002
f 1002 1001 1003
f 1002 1003 1004
f 1004 1003 1005
f 1004 1005 1006
f 1006 1005 1007
f 1006 1007 1008
f 1008 1007 1009
f 1008 1009 1010
f 1010 1009 1011
f 1010 1011 989
f 989 1011 1012
f 989 1012 990
f 998 1013 999
f 999 1013 1014
f 999 1014 1015
f 1015 1014 1016
f 1015 1016 1017
f 1017 1016 1018
f 1017 1018 1019
f 1019 1018 1020
f 1019 1020 1021
f 1021 1020 1022
f 1021 1022 1023
f 1023 1022 1024
f 1023 1024 1025
f 1024 1026 1025
f 1025 1026 1027
f 1025 1027 1028
f 1028 1027 1029
f 1028 1029 1030
f 1030 1029 1031
f 1030 1031 1032
f 1032 1031 1033
f 1032 1033 1034
f 1034 1033 1035
f 1034 1035 1000
f 1000 1035 1036
f 1000 1036 1001
f 1037 1038 1039
f 1040 1041 1042
f 1043 1044 1045
f 1046 1047 1048
f 1049 1050 1051
f 1051 1050 1052
f 1046 1048 1053
f 1048 1054 1053
f 1053 1054 1055
f 1053 1055 1056
f 1056 1055 1057
f 1056 1057 1050
f 1050 1057 1058
f 1050 1058 1052
f 1052 1059 1051
f 1051 1059 1060
f 1051 1060 1061
f 1061 1060 1062
f 1047 1046 1063
f 1063 1046 1064
f 1063 1064 1065
f 1066 1067 1068
f 1069 1070 1071
f 1071 1070 1066
f 1071 1066 1072
f 1072 1066 1068
f 1073 1074 1075
f 1075 1074 1076
f 1075 1076 1077
f 1077 1076 1078
f 1077 1078 1079
f 1080 1081 1043
f 1082 1083 1084
f 1085 1086 1087
f 1080 1043 1088
f 1088 1043 1089
f 1088 1089 1090
f 1090 1089 1091
f 1090 1091 1092
f 1083 1093 1084
f 1084 1093 1094
f 1084 1094 1087
f 1087 1094 1095
f 1087 1095 1085
f 1045 1096 1097
f 1097 1098 1045
f 1045 1098 1099
f 1045 1099 1043
f 1100 1101 1102
f 1102 1101 1103
f 1102 1103 1104
f 1104 1103 1105
f 1104 1105 1106
f 1107 1108 1109
f 1109 1108 1110
f 1109 1110 1100
f 1111 1112 1113
f 1113 1112 1114
f 1113 1114 1115
f 1116 1114 1117
f 1117 1114 1118
f 1117 1118 1119
f 1119 1118 1120
f 1121 1122 1123
f 1115 1124 1125
f 1125 1124 1126
f 1125 1126 1121
f 1121 1126 1127
f 1121 1127 1122
f 1116 1128 1114
f 1114 1128 1129
f 1114 1129 1115
f 1115 1129 1130
f 1115 1130 1124
f 1077 1131 1075
f 1075 1131 1121
f 1075 1121 1118
f 1118 1121 1123
f 1118 1123 1120
f 1132 1133 1134
f 1134 1133 1135
f 1134 1135 1136
f 1136 1135 1137
f 1136 1137 1079
f 1079 1137 1138
f 1079 1138 1077
f 1077 1138 1139
f 1077 1139 1131
f 1140 1141 1046
f 1142 1143 1135
f 1135 1143 1144
f 1135 1144 1145
f 1145 1146 1135
f 1135 1146 1147
f 1135 1147 1137
f 1137 1147 1148
f 1137 1148 1138
f 1138 1148 1149
f 1138 1149 1139
f 1145 1150 1146
f 1146 1150 1151
f 1146 1151 1152
f 1152 1151 1153
f 1152 1153 1154
f 1154 1153 1155
f 1154 1155 1053
f 1053 1155 1156
f 1053 1156 1046
f 1046 1156 1157
f 1046 1157 1140
f 1158 1159 1160
f 1161 1162 1163
f 1163 1162 1164
f 1163 1164 1165
f 1165 1164 1087
f 1165 1087 1091
f 1091 1087 1086
f 1091 1086 1092
f 1162 1166 1164
f 1164 1166 1167
f 1164 1167 1168
f 1159 1169 1160
f 1160 1169 1170
f 1160 1170 1061
f 1061 1170 1171
f 1061 1171 1051
f 1051 1171 1172
f 1051 1172 1049
f 1169 1173 1170
f 1170 1173 1174
f 1170 1174 1175
f 1175 1174 1176
f 1175 1176 1163
f 1163 1176 1177
f 1163 1177 1161
f 1178 1112 1107
f 1107 1112 1111
f 1107 1111 1108
f 1179 1180 1181
f 1181 1180 1182
f 1181 1182 1183
f 1183 1182 1184
f 1183 1184 1185
f 1185 1184 1186
f 1187 1188 1189
f 1189 1188 1190
f 1191 1192 1193
f 1191 1193 1194
f 1195 1164 1160
f 1160 1164 1168
f 1160 1168 1158
f 1196 1197 1064
f 1064 1197 1061
f 1064 1061 1065
f 1065 1061 1062
f 1197 1198 1061
f 1061 1198 1199
f 1061 1199 1160
f 1160 1199 1200
f 1160 1200 1195
f 1201 1133 1067
f 1067 1133 1132
f 1067 1132 1068
f 1042 1041 1070
f 1070 1041 1202
f 1070 1202 1066
f 1040 1042 1203
f 1203 1042 1204
f 1203 1204 1205
f 1205 1204 1189
f 1205 1189 1191
f 1191 1189 1190
f 1191 1190 1192
f 1193 1186 1194
f 1194 1186 1184
f 1194 1184 1206
f 1206 1184 1207
f 1081 1082 1043
f 1043 1082 1084
f 1043 1084 1044
f 1044 1084 1208
f 1044 1208 1209
f 1195 1210 1164
f 1164 1210 1211
f 1164 1211 1087
f 1087 1211 1212
f 1087 1212 1084
f 1084 1212 1213
f 1084 1213 1208
f 1141 1142 1046
f 1046 1142 1135
f 1046 1135 1064
f 1064 1135 1133
f 1064 1133 1196
f 1196 1133 1201
f 1069 1073 1070
f 1070 1073 1075
f 1070 1075 1042
f 1042 1075 1118
f 1042 1118 1204
f 1204 1118 1114
f 1204 1114 1189
f 1189 1114 1112
f 1189 1112 1187
f 1187 1112 1178
f 1209 1037 1044
f 1044 1037 1039
f 1044 1039 1045
f 1045 1039 1214
f 1045 1214 1096
f 1096 1214 1104
f 1096 1104 1215
f 1215 1104 1106
f 1216 1217 1214
f 1217 1218 1214
f 1214 1218 1219
f 1214 1219 1104
f 1219 1220 1104
f 1104 1220 1221
f 1104 1221 1102
f 1102 1221 1222
f 1102 1222 1223
f 1223 1224 1102
f 1102 1224 1182
f 1102 1182 1100
f 1100 1182 1180
f 1100 1180 1109
f 1109 1180 1179
f 1109 1179 1107
f 1107 1179 1225
f 1107 1225 1178
f 1224 1226 1182
f 1182 1226 1227
f 1182 1227 1228
f 1228 1216 1182
f 1182 1216 1214
f 1182 1214 1184
f 1184 1214 1039
f 1184 1039 1207
f 1207 1039 1038
f 1229 1230 1231
f 1232 1233 1234
f 1234 1233 1235
f 1234 1235 1236
f 1236 1235 1237
f 1236 1237 1238
f 1239 1240 1241
f 1241 1242 1239
f 1239 1242 1243
f 1239 1243 1232
f 1232 1243 1244
f 1232 1244 1233
f 1245 1246 1239
f 1239 1246 1247
f 1239 1247 1240
f 1248 1249 1250
f 1250 1249 1251
f 1251 1249 1252
f 1251 1252 1253
f 1254 1255 1252
f 1252 1255 1256
f 1252 1256 1253
f 1231 1230 1252
f 1252 1230 1257
f 1252 1257 1254
f 1229 1231 1258
f 1258 1231 1259
f 1258 1259 1260
f 1260 1259 1261
f 1260 1261 1262
f 1250 1263 1248
f 1248 1263 1264
f 1248 1264 1265
f 1265 1264 1266
f 1265 1266 1267
f 1266 1268 1267
f 1267 1268 1269
f 1267 1269 1270
f 1270 1269 1271
f 1270 1271 1272
f 1271 1273 1272
f 1272 1273 1274
f 1272 1274 1275
f 1275 1274 1276
f 1275 1276 1277
f 1276 1278 1277
f 1277 1278 1279
f 1277 1279 1280
f 1280 1279 1281
f 1280 1281 1282
f 1282 1281 1283
f 1282 1283 1284
f 1284 1283 1285
f 1284 1285 1286
f 1286 1285 1287
f 1286 1287 1288
f 1289 1290 1291
f 1291 1290 1292
f 1291 1292 1293
f 1287 1294 1288
f 1288 1294 1295
f 1288 1295 1296
f 1296 1295 1297
f 1296 1297 1289
f 1289 1297 1298
f 1289 1298 1290
f 1299 1300 1301
f 1301 1300 1302
f 1301 1302 1245
f 1245 1302 1303
f 1245 1303 1246
f 1292 1304 1293
f 1293 1304 1305
f 1293 1305 1306
f 1306 1305 1307
f 1306 1307 1299
f 1299 1307 1308
f 1299 1308 1300
f 1309 1310 1311
f 1311 1310 1312
f 1311 1312 1313
f 1313 1312 1314
f 1314 1312 1315
f 1314 1315 1316
f 1316 1315 1317
f 1317 1315 1318
f 1317 1318 1319
f 1319 1318 1320
f 1320 1318 1321
f 1320 1321 1322
f 1322 1321 1323
f 1323 1321 1324
f 1323 1324 1325
f 1325 1324 1326
f 1326 1324 1327
f 1326 1327 1328
f 1328 1327 1329
f 1329 1327 1330
f 1329 1330 1331
f 1331 1330 1332
f 1332 1330 1333
f 1332 1333 1334
f 1334 1333 1335
f 1335 1333 1336
f 1335 1336 1337
f 1337 1336 1338
f 1338 1336 1339
f 1338 1339 1340
f 1340 1339 1341
f 1341 1339 1342
f 1341 1342 1343
f 1344 1345 1346
f 1347 1348 1349
f 1350 1351 1352
f 1353 1354 1355
f 1356 1357 1345
f 1358 1359 1360
f 1360 1359 1361
f 1361 1362 1363
f 1363 1362 1364
f 1363 1364 1365
f 1365 1364 1366
f 1365 1366 1367
f 1367 1366 1368
f 1367 1368 1369
f 1369 1368 1370
f 1369 1370 1371
f 1358 1360 1372
f 1372 1360 1373
f 1372 1373 1374
f 1374 1373 1375
f 1374 1375 1376
f 1377 1378 1375
f 1375 1378 1379
f 1375 1379 1380
f 1380 1379 1381
f 1380 1381 1382
f 1382 1381 1383
f 1382 1383 1384
f 1385 1386 1387
f 1387 1386 1388
f 1387 1388 1389
f 1389 1388 1390
f 1389 1390 1391
f 1392 1393 1357
f 1357 1393 1394
f 1357 1394 1345
f 1345 1394 1391
f 1345 1391 1346
f 1346 1391 1390
f 1392 1357 1395
f 1395 1357 1396
f 1395 1396 1397
f 1397 1396 1398
f 1397 1398 1399
f 1400 1401 1402
f 1402 1401 1403
f 1403 1401 1404
f 1404 1401 1405
f 1404 1405 1406
f 1356 1407 1357
f 1357 1407 1408
f 1357 1408 1396
f 1396 1408 1409
f 1396 1409 1410
f 1410 1411 1396
f 1396 1411 1412
f 1396 1412 1405
f 1405 1412 1413
f 1405 1413 1406
f 1414 1415 1416
f 1416 1415 1417
f 1416 1417 1418
f 1419 1420 1421
f 1420 1422 1421
f 1421 1422 1423
f 1421 1423 1414
f 1414 1423 1424
f 1414 1424 1415
f 1425 1426 1427
f 1427 1426 1428
f 1429 1430 1431
f 1431 1430 1432
f 1432 1430 1433
f 1433 1430 1434
f 1433 1434 1435
f 1435 1434 1436
f 1435 1436 1428
f 1437 1360 1438
f 1438 1360 1439
f 1438 1439 1440
f 1441 1442 1443
f 1441 1443 1444
f 1443 1445 1444
f 1444 1445 1446
f 1444 1446 1447
f 1447 1446 1448
f 1447 1448 1449
f 1449 1448 1401
f 1449 1401 1450
f 1450 1401 1400
f 1450 1400 1451
f 1451 1400 1452
f 1451 1452 1344
f 1344 1452 1453
f 1344 1453 1345
f 1345 1453 1454
f 1345 1454 1356
f 1352 1351 1455
f 1351 1456 1455
f 1455 1456 1457
f 1455 1457 1442
f 1442 1457 1458
f 1442 1458 1443
f 1459 1460 1461
f 1461 1460 1462
f 1354 1463 1464
f 1463 1465 1464
f 1464 1465 1466
f 1464 1466 1467
f 1467 1466 1459
f 1467 1459 1468
f 1468 1459 1461
f 1349 1348 1469
f 1469 1348 1470
f 1469 1470 1471
f 1462 1350 1461
f 1461 1350 1352
f 1461 1352 1472
f 1472 1352 1473
f 1474 1475 1476
f 1476 1475 1477
f 1476 1477 1478
f 1478 1477 1479
f 1478 1479 1480
f 1480 1479 1461
f 1480 1461 1481
f 1481 1461 1472
f 1473 1352 1482
f 1482 1352 1455
f 1482 1455 1483
f 1483 1455 1484
f 1483 1484 1485
f 1486 1487 1421
f 1421 1487 1488
f 1432 1419 1431
f 1431 1419 1421
f 1431 1421 1489
f 1489 1421 1488
f 1490 1491 1492
f 1492 1491 1493
f 1492 1493 1421
f 1421 1493 1494
f 1421 1494 1486
f 1485 1484 1495
f 1495 1484 1496
f 1495 1496 1497
f 1497 1496 1498
f 1497 1498 1471
f 1471 1498 1499
f 1471 1499 1469
f 1469 1499 1500
f 1469 1500 1501
f 1502 1469 1503
f 1503 1469 1501
f 1503 1501 1504
f 1504 1501 1505
f 1504 1505 1506
f 1506 1505 1507
f 1506 1507 1508
f 1508 1507 1509
f 1508 1509 1510
f 1510 1509 1429
f 1510 1429 1511
f 1511 1429 1431
f 1511 1431 1512
f 1512 1431 1489
f 1428 1436 1427
f 1427 1436 1513
f 1427 1513 1514
f 1514 1513 1515
f 1514 1515 1386
f 1386 1515 1516
f 1386 1516 1388
f 1517 1518 1519
f 1519 1518 1520
f 1519 1520 1521
f 1354 1464 1355
f 1355 1464 1522
f 1355 1522 1517
f 1517 1522 1523
f 1517 1523 1518
f 1474 1347 1475
f 1475 1347 1349
f 1475 1349 1524
f 1524 1349 1525
f 1526 1527 1349
f 1349 1527 1528
f 1349 1528 1525
f 1526 1349 1529
f 1529 1349 1469
f 1529 1469 1492
f 1492 1469 1502
f 1492 1502 1490
f 1417 1440 1418
f 1418 1440 1439
f 1418 1439 1530
f 1530 1439 1531
f 1361 1363 1360
f 1360 1363 1532
f 1360 1532 1439
f 1439 1532 1533
f 1439 1533 1531
f 1534 1535 1382
f 1382 1535 1536
f 1382 1536 1380
f 1380 1536 1369
f 1380 1369 1375
f 1375 1369 1371
f 1375 1371 1376
f 1399 1398 1384
f 1384 1398 1537
f 1384 1537 1382
f 1382 1537 1538
f 1382 1538 1534
f 1437 1425 1360
f 1360 1425 1427
f 1360 1427 1373
f 1373 1427 1514
f 1373 1514 1375
f 1375 1514 1386
f 1375 1386 1377
f 1377 1386 1385
f 1446 1353 1448
f 1448 1353 1355
f 1448 1355 1401
f 1401 1355 1517
f 1401 1517 1405
f 1405 1517 1519
f 1405 1519 1539
f 1539 1519 1521
f 1539 1540 1405
f 1405 1540 1541
f 1405 1541 1396
f 1396 1541 1542
f 1396 1542 1398
f 1398 1542 1543
f 1398 1543 1537
f 1537 1543 1544
f 1537 1544 1538
f 1545 1546 1547
f 1548 1549 1550
f 1550 1549 1551
f 1551 1549 1552
f 1551 1552 1553
f 1554 1555 1552
f 1552 1555 1556
f 1552 1556 1553
f 1547 1546 1552
f 1552 1546 1557
f 1552 1557 1554
f 1545 1547 1558
f 1558 1547 1559
f 1558 1559 1560
f 1560 1559 1561
f 1560 1561 1562
f 1563 1564 1565
f 1565 1564 1566
f 1565 1566 1567
f 1567 1566 1568
f 1567 1568 1569
f 1570 1571 1572
f 1572 1573 1570
f 1570 1573 1574
f 1570 1574 1563
f 1563 1574 1575
f 1563 1575 1564
f 1576 1577 1570
f 1570 1577 1578
f 1570 1578 1571
f 1550 1579 1548
f 1548 1579 1580
f 1548 1580 1581
f 1581 1580 1582
f 1581 1582 1583
f 1582 1584 1583
f 1583 1584 1585
f 1583 1585 1586
f 1586 1585 1587
f 1586 1587 1588
f 1587 1589 1588
f 1588 1589 1590
f 1588 1590 1591
f 1591 1590 1592
f 1591 1592 1593
f 1592 1594 1593
f 1593 1594 1595
f 1593 1595 1596
f 1596 1595 1597
f 1596 1597 1598
f 1598 1597 1599
f 1598 1599 1600
f 1600 1599 1601
f 1600 1601 1602
f 1602 1601 1603
f 1602 1603 1604
f 1605 1606 1607
f 1607 1606 1608
f 1607 1608 1609
f 1603 1610 1604
f 1604 1610 1611
f 1604 1611 1612
f 1612 1611 1613
f 1612 1613 1605
f 1605 1613 1614
f 1605 1614 1606
f 1615 1616 1617
f 1617 1616 1618
f 1617 1618 1576
f 1576 1618 1619
f 1576 1619 1577
f 1608 1620 1609
f 1609 1620 1621
f 1609 1621 1622
f 1622 1621 1623
f 1622 1623 1615
f 1615 1623 1624
f 1615 1624 1616
f 1625 1626 1627
f 1627 1626 1628
f 1627 1628 1629
f 1629 1628 1630
f 1630 1628 1631
f 1630 1631 1632
f 1632 1631 1633
f 1633 1631 1634
f 1633 1634 1635
f 1635 1634 1636
f 1636 1634 1637
f 1636 1637 1638
f 1638 1637 1639
f 1639 1637 1640
f 1639 1640 1641
f 1641 1640 1642
f 1642 1640 1643
f 1642 1643 1644
f 1644 1643 1645
f 1645 1643 1646
f 1645 1646 1647
f 1647 1646 1648
f 1648 1646 1649
f 1648 1649 1650
f 1650 1649 1651
f 1651 1649 1652
f 1651 1652 1653
f 1653 1652 1654
f 1654 1652 1655
f 1654 1655 1656
f 1656 1655 1657
f 1657 1655 1658
f 1657 1658 1659
f 1660 1661 1662
f 1660 1663 1664
f 1664 1663 1665
f 1666 1667 1660
f 1660 1667 1668
f 1660 1668 1661
f 1669 1670 1671
f 1671 1670 1664
f 1671 1664 1672
f 1672 1664 1665
f 1666 1660 1673
f 1673 1660 1664
f 1673 1664 1674
f 1675 1676 1677
f 1677 1676 1678
f 1677 1678 1662
f 1662 1678 1679
f 1662 1679 1660
f 1680 1681 1682
f 1682 1681 1683
f 1682 1683 1684
f 1685 1686 1684
f 1684 1686 1687
f 1688 1689 1682
f 1682 1689 1690
f 1682 1690 1680
f 1691 1692 1693
f 1684 1694 1685
f 1685 1694 1691
f 1685 1691 1695
f 1695 1691 1693
f 1687 1696 1684
f 1684 1696 1697
f 1684 1697 1682
f 1682 1697 1698
f 1682 1698 1699
f 1675 1700 1701
f 1675 1701 1676
f 1702 1703 1701
f 1701 1703 1704
f 1701 1704 1676
f 1676 1704 1705
f 1692 1706 1693
f 1693 1706 1707
f 1708 1709 1706
f 1708 1706 1710
f 1710 1706 1692
f 1710 1692 1711
f 1712 1103 1713
f 1713 1103 1714
f 1714 1103 1715
f 1715 1103 1101
f 1715 1101 1716
f 1716 1101 1100
f 1716 1100 1717
f 1110 1718 1100
f 1100 1718 1719
f 1719 1720 1100
f 1100 1720 1721
f 1100 1721 1717
f 1722 1723 1108
f 1108 1723 1724
f 1108 1724 1110
f 1110 1724 1725
f 1110 1725 1718
f 1722 1108 1726
f 1726 1108 1111
f 1726 1111 1727
f 1728 1729 1113
f 1113 1729 1730
f 1113 1730 1111
f 1111 1730 1731
f 1111 1731 1727
f 1728 1113 1732
f 1732 1113 1115
f 1732 1115 1733
f 1734 1735 1125
f 1125 1735 1736
f 1125 1736 1115
f 1115 1736 1737
f 1115 1737 1733
f 1734 1125 1738
f 1738 1125 1121
f 1738 1121 1739
f 1740 1741 1131
f 1131 1741 1742
f 1131 1742 1121
f 1121 1742 1743
f 1121 1743 1739
f 1740 1131 1744
f 1744 1131 1139
f 1744 1139 1745
f 1746 1747 1149
f 1149 1747 1748
f 1149 1748 1139
f 1139 1748 1749
f 1139 1749 1745
f 1746 1149 1750
f 1750 1149 1148
f 1750 1148 1751
f 1147 1752 1753
f 1753 1754 1147
f 1147 1754 1755
f 1147 1755 1148
f 1148 1755 1756
f 1148 1756 1751
f 1752 1147 1757
f 1757 1147 1146
f 1757 1146 1758
f 1700 1759 1152
f 1759 1760 1152
f 1152 1760 1761
f 1152 1761 1146
f 1146 1761 1762
f 1146 1762 1758
f 1056 1050 1763
f 1763 1764 1056
f 1056 1764 1765
f 1056 1765 1766
f 1767 1768 1049
f 1049 1768 1769
f 1049 1769 1050
f 1050 1769 1770
f 1050 1770 1763
f 1767 1049 1771
f 1771 1049 1172
f 1771 1172 1772
f 1773 1774 1171
f 1171 1774 1775
f 1171 1775 1172
f 1172 1775 1776
f 1172 1776 1772
f 1773 1171 1777
f 1777 1171 1170
f 1777 1170 1778
f 1779 1780 1175
f 1175 1780 1781
f 1175 1781 1170
f 1170 1781 1782
f 1170 1782 1778
f 1779 1175 1783
f 1783 1175 1163
f 1783 1163 1784
f 1165 1785 1163
f 1163 1785 1786
f 1163 1786 1784
f 1091 1787 1165
f 1165 1787 1788
f 1165 1788 1785
f 1789 1790 1089
f 1089 1790 1791
f 1089 1791 1091
f 1091 1791 1792
f 1091 1792 1787
f 1789 1089 1793
f 1793 1089 1043
f 1793 1043 1794
f 1795 1796 1099
f 1099 1796 1797
f 1099 1797 1043
f 1043 1797 1798
f 1043 1798 1794
f 1795 1099 1799
f 1799 1099 1098
f 1799 1098 1800
f 1801 1802 1097
f 1097 1802 1803
f 1097 1803 1098
f 1098 1803 1804
f 1098 1804 1800
f 1801 1097 1805
f 1805 1097 1096
f 1805 1096 1806
f 1711 1807 1215
f 1215 1807 1808
f 1808 1809 1215
f 1215 1809 1810
f 1215 1810 1096
f 1096 1810 1811
f 1096 1811 1806
f 1711 1215 1710
f 1710 1215 1106
f 1710 1106 1708
f 1708 1106 1105
f 1708 1105 1709
f 1709 1105 1103
f 1709 1103 1706
f 1706 1103 1712
f 1706 1712 1707
f 1700 1152 1701
f 1701 1152 1154
f 1701 1154 1702
f 1702 1154 1053
f 1702 1053 1703
f 1703 1053 1056
f 1703 1056 1704
f 1704 1056 1766
f 1704 1766 1705
f 996 1812 998
f 998 1812 1813
f 998 1813 1013
f 1013 1813 1814
f 1013 1814 1014
f 1014 1814 1815
f 1014 1815 1016
f 1016 1815 1816
f 1016 1816 1018
f 1018 1816 1817
f 1018 1817 1020
f 1020 1817 1818
f 1020 1818 1022
f 1022 1818 1819
f 1022 1819 1024
f 1024 1819 1820
f 1024 1820 1026
f 1026 1820 1821
f 1026 1821 1027
f 1027 1821 1822
f 1027 1822 1029
f 1029 1822 1823
f 1029 1823 1031
f 1031 1823 1824
f 1031 1824 1033
f 1033 1824 1825
f 1033 1825 1035
f 1035 1825 1826
f 1035 1826 1036
f 1036 1826 1827
f 1036 1827 1001
f 1001 1827 1828
f 1001 1828 1003
f 1003 1828 1829
f 1003 1829 1005
f 1005 1829 1830
f 1005 1830 1007
f 1007 1830 1831
f 1007 1831 1009
f 1009 1831 1832
f 1009 1832 1011
f 1011 1832 1833
f 1011 1833 1012
f 1012 1833 1834
f 1012 1834 990
f 990 1834 1835
f 990 1835 992
f 992 1835 1836
f 992 1836 994
f 994 1836 1837
f 994 1837 996
f 996 1837 1812
f 1838 1366 1839
f 1839 1366 1364
f 1839 1364 1840
f 1840 1364 1362
f 1840 1362 1841
f 1841 1362 1361
f 1841 1361 1842
f 1842 1361 1359
f 1842 1359 1843
f 1843 1359 1358
f 1843 1358 1844
f 1844 1358 1372
f 1844 1372 1845
f 1845 1372 1374
f 1845 1374 1846
f 1846 1374 1376
f 1846 1376 1847
f 1847 1376 1371
f 1847 1371 1848
f 1848 1371 1370
f 1848 1370 1849
f 1849 1370 1368
f 1849 1368 1838
f 1838 1368 1366
f 1848 1849 1850
f 1850 1849 1838
f 1850 1838 1839
f 1845 1846 1850
f 1850 1846 1847
f 1850 1847 1848
f 1842 1843 1850
f 1850 1843 1844
f 1850 1844 1845
f 1839 1840 1850
f 1850 1840 1841
f 1850 1841 1842
f 1178 1851 1187
f 1187 1851 1852
f 1187 1852 1188
f 1188 1852 1853
f 1188 1853 1190
f 1190 1853 1854
f 1190 1854 1192
f 1192 1854 1855
f 1192 1855 1193
f 1193 1855 1856
f 1193 1856 1186
f 1186 1856 1857
f 1186 1857 1185
f 1185 1857 1858
f 1185 1858 1183
f 1183 1858 1859
f 1183 1859 1181
f 1181 1859 1860
f 1181 1860 1179
f 1179 1860 1861
f 1179 1861 1225
f 1225 1861 1862
f 1225 1862 1178
f 1178 1862 1851
f 1862 1863 1851
f 1851 1863 1864
f 1851 1864 1852
f 1859 1865 1860
f 1860 1865 1866
f 1860 1866 1861
f 1861 1866 1867
f 1861 1867 1862
f 1862 1867 1868
f 1862 1868 1863
f 1856 1869 1857
f 1857 1869 1870
f 1857 1870 1858
f 1858 1870 1871
f 1858 1871 1859
f 1859 1871 1872
f 1859 1872 1865
f 1864 1873 1852
f 1852 1873 1874
f 1852 1874 1853
f 1853 1874 1875
f 1853 1875 1854
f 1854 1875 1876
f 1854 1876 1855
f 1855 1876 1877
f 1855 1877 1856
f 1856 1877 1878
f 1856 1878 1869
f 1864 1381 1873
f 1873 1381 1379
f 1873 1379 1874
f 1874 1379 1378
f 1874 1378 1875
f 1875 1378 1377
f 1875 1377 1876
f 1876 1377 1385
f 1876 1385 1877
f 1877 1385 1387
f 1877 1387 1878
f 1878 1387 1389
f 1878 1389 1869
f 1869 1389 1391
f 1869 1391 1870
f 1870 1391 1394
f 1870 1394 1871
f 1871 1394 1393
f 1871 1393 1872
f 1872 1393 1392
f 1872 1392 1865
f 1865 1392 1395
f 1865 1395 1866
f 1866 1395 1397
f 1866 1397 1867
f 1867 1397 1399
f 1867 1399 1868
f 1868 1399 1384
f 1868 1384 1863
f 1863 1384 1383
f 1863 1383 1864
f 1864 1383 1381
f 1226 1879 1227
f 1227 1879 1880
f 1227 1880 1228
f 1228 1880 1881
f 1228 1881 1216
f 1216 1881 1882
f 1216 1882 1217
f 1217 1882 1883
f 1217 1883 1218
f 1218 1883 1884
f 1218 1884 1219
f 1219 1884 1885
f 1219 1885 1220
f 1220 1885 1886
f 1220 1886 1221
f 1221 1886 1887
f 1221 1887 1222
f 1222 1887 1888
f 1222 1888 1223
f 1223 1888 1889
f 1223 1889 1224
f 1224 1889 1890
f 1224 1890 1226
f 1226 1890 1879
f 1887 1891 1888
f 1888 1891 1892
f 1888 1892 1889
f 1889 1892 1893
f 1889 1893 1890
f 1881 1894 1882
f 1882 1894 1895
f 1882 1895 1883
f 1883 1895 1896
f 1883 1896 1884
f 1893 1897 1890
f 1890 1897 1898
f 1890 1898 1879
f 1879 1898 1899
f 1879 1899 1880
f 1880 1899 1900
f 1880 1900 1881
f 1881 1900 1901
f 1881 1901 1894
f 1896 1902 1884
f 1884 1902 1903
f 1884 1903 1885
f 1885 1903 1904
f 1885 1904 1886
f 1886 1904 1905
f 1886 1905 1887
f 1887 1905 1906
f 1887 1906 1891
f 1899 1408 1900
f 1900 1408 1407
f 1900 1407 1901
f 1901 1407 1356
f 1901 1356 1894
f 1894 1356 1454
f 1894 1454 1895
f 1895 1454 1453
f 1895 1453 1896
f 1896 1453 1452
f 1896 1452 1902
f 1902 1452 1400
f 1902 1400 1903
f 1903 1400 1402
f 1903 1402 1904
f 1904 1402 1403
f 1904 1403 1905
f 1905 1403 1404
f 1905 1404 1906
f 1906 1404 1406
f 1906 1406 1891
f 1891 1406 1413
f 1891 1413 1892
f 1892 1413 1412
f 1892 1412 1893
f 1893 1412 1411
f 1893 1411 1897
f 1897 1411 1410
f 1897 1410 1898
f 1898 1410 1409
f 1898 1409 1899
f 1899 1409 1408
f 1145 1907 1150
f 1150 1907 1908
f 1150 1908 1151
f 1151 1908 1909
f 1151 1909 1153
f 1153 1909 1910
f 1153 1910 1155
f 1155 1910 1911
f 1155 1911 1156
f 1156 1911 1912
f 1156 1912 1157
f 1157 1912 1913
f 1157 1913 1140
f 1140 1913 1914
f 1140 1914 1141
f 1141 1914 1915
f 1141 1915 1142
f 1142 1915 1916
f 1142 1916 1143
f 1143 1916 1917
f 1143 1917 1144
f 1144 1917 1918
f 1144 1918 1145
f 1145 1918 1907
f 1915 1919 1916
f 1916 1919 1920
f 1916 1920 1917
f 1917 1920 1921
f 1917 1921 1918
f 1909 1922 1910
f 1910 1922 1923
f 1910 1923 1911
f 1911 1923 1924
f 1911 1924 1912
f 1921 1925 1918
f 1918 1925 1926
f 1918 1926 1907
f 1907 1926 1927
f 1907 1927 1908
f 1908 1927 1928
f 1908 1928 1909
f 1909 1928 1929
f 1909 1929 1922
f 1924 1930 1912
f 1912 1930 1931
f 1912 1931 1913
f 1913 1931 1932
f 1913 1932 1914
f 1914 1932 1933
f 1914 1933 1915
f 1915 1933 1934
f 1915 1934 1919
f 1927 1489 1928
f 1928 1489 1488
f 1928 1488 1929
f 1929 1488 1487
f 1929 1487 1922
f 1922 1487 1486
f 1922 1486 1923
f 1923 1486 1494
f 1923 1494 1924
f 1924 1494 1493
f 1924 1493 1930
f 1930 1493 1491
f 1930 1491 1931
f 1931 1491 1490
f 1931 1490 1932
f 1932 1490 1502
f 1932 1502 1933
f 1933 1502 1503
f 1933 1503 1934
f 1934 1503 1504
f 1934 1504 1919
f 1919 1504 1506
f 1919 1506 1920
f 1920 1506 1508
f 1920 1508 1921
f 1921 1508 1510
f 1921 1510 1925
f 1925 1510 1511
f 1925 1511 1926
f 1926 1511 1512
f 1926 1512 1927
f 1927 1512 1489
f 1076 1935 1078
f 1078 1935 1936
f 1078 1936 1079
f 1079 1936 1937
f 1079 1937 1136
f 1136 1937 1938
f 1136 1938 1134
f 1134 1938 1939
f 1134 1939 1132
f 1132 1939 1940
f 1132 1940 1068
f 1068 1940 1941
f 1068 1941 1072
f 1072 1941 1942
f 1072 1942 1071
f 1071 1942 1943
f 1071 1943 1069
f 1069 1943 1944
f 1069 1944 1073
f 1073 1944 1945
f 1073 1945 1074
f 1074 1945 1946
f 1074 1946 1076
f 1076 1946 1935
f 1943 1947 1944
f 1944 1947 1948
f 1944 1948 1945
f 1945 1948 1949
f 1945 1949 1946
f 1937 1950 1938
f 1938 1950 1951
f 1938 1951 1939
f 1939 1951 1952
f 1939 1952 1940
f 1952 1953 1940
f 1940 1953 1954
f 1940 1954 1941
f 1941 1954 1955
f 1941 1955 1942
f 1942 1955 1956
f 1942 1956 1943
f 1943 1956 1957
f 1943 1957 1947
f 1949 1958 1946
f 1946 1958 1959
f 1946 1959 1935
f 1935 1959 1960
f 1935 1960 1936
f 1936 1960 1961
f 1936 1961 1937
f 1937 1961 1962
f 1937 1962 1950
f 1960 1438 1961
f 1961 1438 1440
f 1961 1440 1962
f 1962 1440 1417
f 1962 1417 1950
f 1950 1417 1415
f 1950 1415 1951
f 1951 1415 1424
f 1951 1424 1952
f 1952 1424 1423
f 1952 1423 1953
f 1953 1423 1422
f 1953 1422 1954
f 1954 1422 1420
f 1954 1420 1955
f 1955 1420 1419
f 1955 1419 1956
f 1956 1419 1432
f 1956 1432 1957
f 1957 1432 1433
f 1957 1433 1947
f 1947 1433 1435
f 1947 1435 1948
f 1948 1435 1428
f 1948 1428 1949
f 1949 1428 1426
f 1949 1426 1958
f 1958 1426 1425
f 1958 1425 1959
f 1959 1425 1437
f 1959 1437 1960
f 1960 1437 1438
f 1094 1963 1095
f 1095 1963 1964
f 1095 1964 1085
f 1085 1964 1965
f 1085 1965 1086
f 1086 1965 1966
f 1086 1966 1092
f 1092 1966 1967
f 1092 1967 1090
f 1090 1967 1968
f 1090 1968 1088
f 1088 1968 1969
f 1088 1969 1080
f 1080 1969 1970
f 1080 1970 1081
f 1081 1970 1971
f 1081 1971 1082
f 1082 1971 1972
f 1082 1972 1083
f 1083 1972 1973
f 1083 1973 1093
f 1093 1973 1974
f 1093 1974 1094
f 1094 1974 1963
f 1971 1975 1972
f 1972 1975 1976
f 1972 1976 1973
f 1973 1976 1977
f 1973 1977 1974
f 1968 1978 1969
f 1969 1978 1979
f 1969 1979 1970
f 1970 1979 1980
f 1970 1980 1971
f 1971 1980 1981
f 1971 1981 1975
f 1965 1982 1966
f 1966 1982 1983
f 1966 1983 1967
f 1967 1983 1984
f 1967 1984 1968
f 1968 1984 1985
f 1968 1985 1978
f 1977 1986 1974
f 1974 1986 1987
f 1974 1987 1963
f 1963 1987 1988
f 1963 1988 1964
f 1964 1988 1989
f 1964 1989 1965
f 1965 1989 1990
f 1965 1990 1982
f 1988 1443 1989
f 1989 1443 1458
f 1989 1458 1990
f 1990 1458 1457
f 1990 1457 1982
f 1982 1457 1456
f 1982 1456 1983
f 1983 1456 1351
f 1983 1351 1984
f 1984 1351 1350
f 1984 1350 1985
f 1985 1350 1462
f 1985 1462 1978
f 1978 1462 1460
f 1978 1460 1979
f 1979 1460 1459
f 1979 1459 1980
f 1980 1459 1466
f 1980 1466 1981
f 1981 1466 1465
f 1981 1465 1975
f 1975 1465 1463
f 1975 1463 1976
f 1976 1463 1354
f 1976 1354 1977
f 1977 1354 1353
f 1977 1353 1986
f 1986 1353 1446
f 1986 1446 1987
f 1987 1446 1445
f 1987 1445 1988
f 1988 1445 1443
f 1168 1991 1158
f 1158 1991 1992
f 1158 1992 1159
f 1159 1992 1993
f 1159 1993 1169
f 1169 1993 1994
f 1169 1994 1173
f 1173 1994 1995
f 1173 1995 1174
f 1174 1995 1996
f 1174 1996 1176
f 1176 1996 1997
f 1176 1997 1177
f 1177 1997 1998
f 1177 1998 1161
f 1161 1998 1999
f 1161 1999 1162
f 1162 1999 2000
f 1162 2000 1166
f 1166 2000 2001
f 1166 2001 1167
f 1167 2001 2002
f 1167 2002 1168
f 1168 2002 1991
f 1999 2003 2000
f 2000 2003 2004
f 2000 2004 2001
f 2001 2004 2005
f 2001 2005 2002
f 1993 2006 1994
f 1994 2006 2007
f 1994 2007 1995
f 1995 2007 2008
f 1995 2008 1996
f 2008 2009 1996
f 1996 2009 2010
f 1996 2010 1997
f 1997 2010 2011
f 1997 2011 1998
f 1998 2011 2012
f 1998 2012 1999
f 1999 2012 2013
f 1999 2013 2003
f 2005 2014 2002
f 2002 2014 2015
f 2002 2015 1991
f 1991 2015 2016
f 1991 2016 1992
f 1992 2016 2017
f 1992 2017 1993
f 1993 2017 2018
f 1993 2018 2006
f 2016 1495 2017
f 2017 1495 1497
f 2017 1497 2018
f 2018 1497 1471
f 2018 1471 2006
f 2006 1471 1470
f 2006 1470 2007
f 2007 1470 1348
f 2007 1348 2008
f 2008 1348 1347
f 2008 1347 2009
f 2009 1347 1474
f 2009 1474 2010
f 2010 1474 1476
f 2010 1476 2011
f 2011 1476 1478
f 2011 1478 2012
f 2012 1478 1480
f 2012 1480 2013
f 2013 1480 1481
f 2013 1481 2003
f 2003 1481 1472
f 2003 1472 2004
f 2004 1472 1473
f 2004 1473 2005
f 2005 1473 1482
f 2005 1482 2014
f 2014 1482 1483
f 2014 1483 2015
f 2015 1483 1485
f 2015 1485 2016
f 2016 1485 1495
f 2019 2020 2021
f 2022 2020 2019
f 2019 2023 2024
f 2025 2023 2019
f 2021 2025 2019
f 2019 2026 2027
f 2028 2026 2019
f 2024 2028 2019
f 2019 2029 2030
f 2031 2029 2019
f 2027 2031 2019
f 2030 2022 2019
f 2022 1059 2020
f 2020 1059 1052
f 2020 1052 2021
f 2021 1052 1058
f 2021 1058 2025
f 2025 1058 1057
f 2025 1057 2023
f 2023 1057 1055
f 2023 1055 2024
f 2024 1055 1054
f 2024 1054 2028
f 2028 1054 1048
f 2028 1048 2026
f 2026 1048 1047
f 2026 1047 2027
f 2027 1047 1063
f 2027 1063 2031
f 2031 1063 1065
f 2031 1065 2029
f 2029 1065 1062
f 2029 1062 2030
f 2030 1062 1060
f 2030 1060 2022
f 2022 1060 1059
f 2032 2033 2034
f 2035 2033 2032
f 2032 2036 2037
f 2038 2036 2032
f 2034 2038 2032
f 2032 2039 2040
f 2041 2039 2032
f 2037 2041 2032
f 2032 2042 2043
f 2044 2042 2032
f 2040 2044 2032
f 2043 2035 2032
f 2035 1117 2033
f 2033 1117 1119
f 2033 1119 2034
f 2034 1119 1120
f 2034 1120 2038
f 2038 1120 1123
f 2038 1123 2036
f 2036 1123 1122
f 2036 1122 2037
f 2037 1122 1127
f 2037 1127 2041
f 2041 1127 1126
f 2041 1126 2039
f 2039 1126 1124
f 2039 1124 2040
f 2040 1124 1130
f 2040 1130 2044
f 2044 1130 1129
f 2044 1129 2042
f 2042 1129 1128
f 2042 1128 2043
f 2043 1128 1116
f 2043 1116 2035
f 2035 1116 1117
f 2045 2046 2047
f 2048 2049 2050
f 2050 2049 2051
f 2052 2049 2053
f 2053 2049 2048
f 2053 2048 2054
f 2054 2048 2055
f 2054 2055 2056
f 2056 2055 2057
f 2056 2057 2058
f 2058 2057 2059
f 2058 2059 2060
f 2060 2059 2061
f 2060 2061 2062
f 2062 2061 2063
f 2062 2063 2064
f 2064 2063 2065
f 2064 2065 2066
f 2066 2065 2067
f 2066 2067 2068
f 2068 2067 2069
f 2068 2069 2070
f 2070 2069 2071
f 2070 2071 2072
f 2072 2071 2073
f 2072 2073 2074
f 2074 2073 2075
f 2074 2075 2076
f 2076 2075 2077
f 2076 2077 2078
f 2078 2077 2079
f 2078 2079 2080
f 2080 2079 2081
f 2080 2081 2082
f 2082 2081 2083
f 2082 2083 2084
f 2084 2083 2085
f 2084 2085 2086
f 2086 2085 2087
f 2086 2087 2088
f 2088 2087 2089
f 2088 2089 2090
f 2090 2089 2091
f 2090 2091 2092
f 2092 2091 2093
f 2092 2093 2094
f 2094 2093 2095
f 2094 2095 2096
f 2096 2095 2097
f 2096 2097 2098
f 2098 2097 2099
f 2098 2099 2100
f 2100 2099 2101
f 2100 2101 2102
f 2102 2101 2103
f 2102 2103 2104
f 2104 2103 2105
f 2104 2105 2106
f 2106 2105 2107
f 2106 2107 2108
f 2108 2107 2109
f 2108 2109 2110
f 2110 2109 2111
f 2110 2111 2112
f 2112 2111 2113
f 2112 2113 2114
f 2114 2113 2115
f 2114 2115 2047
f 2047 2115 2116
f 2047 2116 2045
f 2045 2116 2117
f 2045 2117 2051
f 2051 2117 2118
f 2051 2118 2050
f 2119 2120 1763
f 1763 2120 2121
f 2121 2122 1763
f 1763 2122 2123
f 1763 2123 1764
f 1238 2124 2125
f 2125 2124 2126
f 2125 2126 2119
f 2127 2128 2129
f 2129 2128 2130
f 2131 2132 2133
f 2133 2132 1810
f 2133 1810 1809
f 2119 1763 2125
f 2125 1763 2134
f 2125 2134 1238
f 1763 1770 2134
f 2134 1770 1769
f 2134 1769 2135
f 2135 1769 1768
f 2135 1768 2136
f 2136 1768 1767
f 2136 1767 2137
f 2137 1767 1771
f 2137 1771 2138
f 1771 1772 2138
f 2138 1772 1776
f 2138 1776 2139
f 2139 1776 1775
f 2139 1775 2140
f 1775 1774 2140
f 2140 1774 1773
f 2140 1773 2141
f 2141 1773 1777
f 2141 1777 2142
f 2142 1777 1778
f 2142 1778 2143
f 1778 1782 2143
f 2143 1782 1781
f 2143 1781 2144
f 2144 1781 1780
f 2144 1780 2145
f 1780 1779 2145
f 2145 1779 1783
f 2145 1783 2146
f 2146 1783 1784
f 2146 1784 2147
f 1784 1786 2147
f 2147 1786 1785
f 2147 1785 2148
f 2148 1785 1788
f 2148 1788 2149
f 1788 1787 2149
f 2149 1787 1792
f 2149 1792 2150
f 2150 1792 1791
f 2150 1791 2151
f 1791 1790 2151
f 2151 1790 1789
f 2151 1789 2152
f 2152 1789 1793
f 2152 1793 2153
f 1793 1794 2153
f 2153 1794 1798
f 2153 1798 2154
f 2154 1798 1797
f 2154 1797 2155
f 2155 1797 1796
f 2155 1796 2156
f 1796 1795 2156
f 2156 1795 1799
f 2156 1799 2157
f 2157 1799 1800
f 2157 1800 2158
f 1800 1804 2158
f 2158 1804 1803
f 2158 1803 2159
f 2159 1803 1802
f 2159 1802 2160
f 2160 1802 1801
f 2160 1801 2161
f 2161 1801 1805
f 2161 1805 2162
f 2130 2163 2129
f 2129 2163 1262
f 2129 1262 2162
f 2162 1262 1261
f 2162 1261 2161
f 2161 1261 1259
f 2161 1259 2160
f 2160 1259 1231
f 2160 1231 2159
f 2159 1231 1252
f 2159 1252 2158
f 2158 1252 1249
f 2158 1249 2157
f 2157 1249 1248
f 2157 1248 2156
f 2156 1248 1265
f 2156 1265 2155
f 2155 1265 1267
f 2155 1267 2154
f 2154 1267 1270
f 2154 1270 2153
f 2153 1270 1272
f 2153 1272 2152
f 2152 1272 1275
f 2152 1275 2151
f 2151 1275 1277
f 2151 1277 2150
f 2150 1277 1280
f 2150 1280 2149
f 2149 1280 1282
f 2149 1282 2148
f 2148 1282 1284
f 2148 1284 2147
f 2147 1284 1286
f 2147 1286 2146
f 2146 1286 1288
f 2146 1288 2145
f 2145 1288 1296
f 2145 1296 2144
f 2144 1296 1289
f 2144 1289 2143
f 2143 1289 1291
f 2143 1291 2142
f 2142 1291 1293
f 2142 1293 2141
f 2141 1293 1306
f 2141 1306 2140
f 2140 1306 1299
f 2140 1299 2139
f 2139 1299 1301
f 2139 1301 2138
f 2138 1301 1245
f 2138 1245 2137
f 2137 1245 1239
f 2137 1239 2136
f 2136 1239 1232
f 2136 1232 2135
f 2135 1232 1234
f 2135 1234 2134
f 2134 1234 1236
f 2134 1236 1238
f 2132 2127 1810
f 1810 2127 2129
f 1810 2129 1811
f 1811 2129 2162
f 1811 2162 1806
f 1806 2162 1805
f 1569 2164 2165
f 2166 2167 2168
f 1762 1761 2169
f 2167 2166 2170
f 2170 2166 1762
f 2170 1762 2171
f 2171 1762 2169
f 2171 2169 2172
f 2173 2174 1715
f 1715 2174 2175
f 2175 2176 1715
f 1715 2176 2177
f 1715 2177 1714
f 1569 2178 2164
f 2164 2178 2179
f 2164 2179 2173
f 2173 1715 2164
f 2164 1715 1716
f 2164 1716 2165
f 2165 1716 1717
f 2165 1717 2180
f 1717 1721 2180
f 2180 1721 1720
f 2180 1720 2181
f 2181 1720 1719
f 2181 1719 2182
f 1719 1718 2182
f 2182 1718 1725
f 2182 1725 2183
f 2183 1725 1724
f 2183 1724 2184
f 1724 1723 2184
f 2184 1723 1722
f 2184 1722 2185
f 2185 1722 1726
f 2185 1726 2186
f 1726 1727 2186
f 2186 1727 1731
f 2186 1731 2187
f 2187 1731 1730
f 2187 1730 2188
f 2188 1730 1729
f 2188 1729 2189
f 1729 1728 2189
f 2189 1728 1732
f 2189 1732 2190
f 2190 1732 1733
f 2190 1733 2191
f 1733 1737 2191
f 2191 1737 1736
f 2191 1736 2192
f 2192 1736 1735
f 2192 1735 2193
f 2193 1735 1734
f 2193 1734 2194
f 2194 1734 1738
f 2194 1738 2195
f 1738 1739 2195
f 2195 1739 1743
f 2195 1743 2196
f 2196 1743 1742
f 2196 1742 2197
f 1742 1741 2197
f 2197 1741 1740
f 2197 1740 2198
f 2198 1740 1744
f 2198 1744 2199
f 2199 1744 1745
f 2199 1745 2200
f 1745 1749 2200
f 2200 1749 1748
f 2200 1748 2201
f 2201 1748 1747
f 2201 1747 2202
f 1747 1746 2202
f 2202 1746 1750
f 2202 1750 2203
f 2203 1750 1751
f 2203 1751 2204
f 1751 1756 2204
f 2204 1756 1755
f 2204 1755 2205
f 2205 1755 1754
f 2205 1754 2206
f 2168 2207 2166
f 2166 2207 1562
f 2166 1562 2208
f 2208 1562 1561
f 2208 1561 2206
f 2206 1561 1559
f 2206 1559 2205
f 2205 1559 1547
f 2205 1547 2204
f 2204 1547 1552
f 2204 1552 2203
f 2203 1552 1549
f 2203 1549 2202
f 2202 1549 1548
f 2202 1548 2201
f 2201 1548 1581
f 2201 1581 2200
f 2200 1581 1583
f 2200 1583 2199
f 2199 1583 1586
f 2199 1586 2198
f 2198 1586 1588
f 2198 1588 2197
f 2197 1588 1591
f 2197 1591 2196
f 2196 1591 1593
f 2196 1593 2195
f 2195 1593 1596
f 2195 1596 2194
f 2194 1596 1598
f 2194 1598 2193
f 2193 1598 1600
f 2193 1600 2192
f 2192 1600 1602
f 2192 1602 2191
f 2191 1602 1604
f 2191 1604 2190
f 2190 1604 1612
f 2190 1612 2189
f 2189 1612 1605
f 2189 1605 2188
f 2188 1605 1607
f 2188 1607 2187
f 2187 1607 1609
f 2187 1609 2186
f 2186 1609 1622
f 2186 1622 2185
f 2185 1622 1615
f 2185 1615 2184
f 2184 1615 1617
f 2184 1617 2183
f 2183 1617 1576
f 2183 1576 2182
f 2182 1576 1570
f 2182 1570 2181
f 2181 1570 1563
f 2181 1563 2180
f 2180 1563 1565
f 2180 1565 2165
f 2165 1565 1567
f 2165 1567 1569
f 1754 1753 2206
f 2206 1753 1752
f 2206 1752 2208
f 2208 1752 1757
f 2208 1757 2166
f 2166 1757 1758
f 2166 1758 1762
f 1032 2209 1030
f 1030 2209 2210
f 1030 2210 1028
f 1028 2210 2211
f 1028 2211 1025
f 1025 2211 2212
f 1025 2212 1023
f 1023 2212 2213
f 1023 2213 1021
f 1021 2213 2214
f 1021 2214 1019
f 1019 2214 2215
f 1019 2215 1017
f 1017 2215 2216
f 1017 2216 1015
f 1015 2216 2217
f 1015 2217 999
f 999 2217 2218
f 999 2218 997
f 997 2218 2219
f 997 2219 995
f 995 2219 2220
f 995 2220 993
f 993 2220 2221
f 993 2221 991
f 991 2221 2222
f 991 2222 989
f 989 2222 2223
f 989 2223 1010
f 1010 2223 2224
f 1010 2224 1008
f 1008 2224 2225
f 1008 2225 1006
f 1006 2225 2226
f 1006 2226 1004
f 1004 2226 2227
f 1004 2227 1002
f 1002 2227 2228
f 1002 2228 1000
f 1000 2228 2229
f 1000 2229 1034
f 1034 2229 2230
f 1034 2230 1032
f 1032 2230 2209
f 2231 2232 2233
f 2233 2232 2234
f 2233 2234 2235
f 2235 2234 2236
f 2235 2236 2237
f 2237 2236 2238
f 2237 2238 2239
f 2239 2238 2240
f 2239 2240 2241
f 2241 2240 2242
f 2241 2242 2243
f 2244 2245 2246
f 2246 2245 2247
f 2246 2247 2248
f 2248 2247 2249
f 2248 2249 2250
f 2250 2249 2251
f 2250 2251 2252
f 2252 2251 2253
f 2252 2253 2254
f 2254 2253 2255
f 2254 2255 2256
f 2256 2255 2257
f 2256 2257 2231
f 2231 2257 2258
f 2231 2258 2232
f 2242 2259 2243
f 2243 2259 2260
f 2243 2260 2261
f 2261 2260 2262
f 2261 2262 2263
f 2263 2262 2264
f 2263 2264 2265
f 2265 2264 2266
f 2265 2266 2267
f 2267 2266 2268
f 2267 2268 2269
f 2269 2268 2270
f 2269 2270 2244
f 2244 2270 2271
f 2244 2271 2245
f 2272 2273 2274
f 2272 2274 2275
f 2275 2274 2276
f 2275 2276 2277
f 2277 2276 2278
f 2277 2278 2279
f 2273 2272 2280
f 2280 2272 2281
f 2280 2281 2282
f 2282 2281 2283
f 2282 2283 2284
f 2284 2283 2285
f 2284 2285 2286
f 2287 2288 2289
f 2286 2285 2290
f 2290 2285 2291
f 2290 2291 2292
f 2292 2291 2293
f 2292 2293 2294
f 2294 2293 2295
f 2295 2293 2296
f 2295 2296 2289
f 2289 2296 2297
f 2289 2297 2298
f 2289 2288 2299
f 2299 2288 2300
f 2299 2300 2301
f 2301 2300 2302
f 2301 2302 2303
f 2303 2302 2304
f 2303 2304 2305
f 2305 2304 2306
f 2305 2306 2307
f 2307 2306 2308
f 2307 2308 2309
f 2278 2310 2279
f 2279 2310 2311
f 2279 2311 2312
f 2312 2311 2313
f 2312 2313 2314
f 2298 2315 2289
f 2289 2315 2316
f 2289 2316 2287
f 2308 2317 2309
f 2309 2317 2318
f 2309 2318 2319
f 2313 2320 2314
f 2314 2320 2321
f 2314 2321 2322
f 2322 2321 2323
f 2322 2323 2324
f 2324 2323 2325
f 2324 2325 2326
f 2326 2325 2309
f 2326 2309 2327
f 2327 2309 2319
f 2327 2319 2328
f 2274 2329 2276
f 2276 2329 2330
f 2276 2330 2278
f 2278 2330 2331
f 2278 2331 2310
f 2310 2331 2332
f 2310 2332 2311
f 2311 2332 2333
f 2311 2333 2313
f 2313 2333 2334
f 2313 2334 2320
f 2320 2334 2335
f 2320 2335 2321
f 2321 2335 2336
f 2321 2336 2323
f 2323 2336 2337
f 2323 2337 2325
f 2325 2337 2338
f 2325 2338 2309
f 2309 2338 2339
f 2309 2339 2307
f 2307 2339 2340
f 2307 2340 2305
f 2305 2340 2341
f 2305 2341 2303
f 2303 2341 2342
f 2303 2342 2301
f 2301 2342 2343
f 2301 2343 2299
f 2299 2343 2344
f 2299 2344 2289
f 2289 2344 2345
f 2289 2345 2295
f 2295 2345 2346
f 2295 2346 2294
f 2294 2346 2347
f 2294 2347 2292
f 2292 2347 2348
f 2292 2348 2290
f 2290 2348 2349
f 2290 2349 2286
f 2286 2349 2350
f 2286 2350 2284
f 2284 2350 2351
f 2284 2351 2282
f 2282 2351 2352
f 2282 2352 2280
f 2280 2352 2353
f 2280 2353 2273
f 2273 2353 2354
f 2273 2354 2274
f 2274 2354 2329
f 2355 2051 2356
f 2356 2051 2049
f 2045 2051 2357
f 2357 2051 2355
f 2357 2355 2358
f 2358 2355 2359
f 2358 2359 2360
f 2360 2359 2361
f 2360 2361 2362
f 2363 2364 2361
f 2361 2364 2365
f 2365 2366 2361
f 2361 2366 2367
f 2361 2367 2362
f 2368 2360 2369
f 2369 2360 2362
f 2370 2361 2371
f 2371 2361 2359
f 2361 2370 2363
f 2363 2370 2372
f 2363 2372 2364
f 2364 2372 2373
f 2364 2373 2365
f 2365 2373 2374
f 2365 2374 2366
f 2366 2374 2375
f 2366 2375 2367
f 2367 2375 2376
f 2367 2376 2362
f 2362 2376 2369
f 2371 2359 2355
f 2371 2355 2377
f 2377 2355 2356
f 2377 2356 2378
f 2378 2356 2049
f 2378 2049 2052
f 2046 2045 2357
f 2046 2357 2379
f 2379 2357 2358
f 2379 2358 2380
f 2380 2358 2360
f 2380 2360 2368
f 2230 2271 2209
f 2209 2271 2270
f 2209 2270 2210
f 2210 2270 2268
f 2210 2268 2211
f 2211 2268 2266
f 2211 2266 2212
f 2212 2266 2264
f 2212 2264 2213
f 2213 2264 2262
f 2213 2262 2214
f 2214 2262 2260
f 2214 2260 2215
f 2215 2260 2259
f 2215 2259 2216
f 2216 2259 2242
f 2216 2242 2217
f 2217 2242 2240
f 2217 2240 2218
f 2218 2240 2238
f 2218 2238 2219
f 2219 2238 2236
f 2219 2236 2220
f 2220 2236 2234
f 2220 2234 2221
f 2221 2234 2232
f 2221 2232 2222
f 2222 2232 2258
f 2222 2258 2223
f 2223 2258 2257
f 2223 2257 2224
f 2224 2257 2255
f 2224 2255 2225
f 2225 2255 2253
f 2225 2253 2226
f 2226 2253 2251
f 2226 2251 2227
f 2227 2251 2249
f 2227 2249 2228
f 2228 2249 2247
f 2228 2247 2229
f 2229 2247 2245
f 2229 2245 2230
f 2230 2245 2271
f 2233 2235 2116
f 2116 2115 2233
f 2233 2115 2113
f 2233 2113 2231
f 2113 2111 2231
f 2231 2111 2109
f 2231 2109 2256
f 2109 2107 2256
f 2256 2107 2105
f 2256 2105 2254
f 2105 2103 2254
f 2254 2103 2101
f 2254 2101 2252
f 2101 2099 2252
f 2252 2099 2097
f 2252 2097 2250
f 2097 2095 2250
f 2250 2095 2093
f 2250 2093 2248
f 2093 2091 2248
f 2248 2091 2089
f 2248 2089 2246
f 2081 2269 2244
f 2089 2087 2246
f 2246 2087 2085
f 2246 2085 2244
f 2244 2085 2083
f 2244 2083 2081
f 2073 2265 2267
f 2081 2079 2269
f 2269 2079 2077
f 2269 2077 2267
f 2267 2077 2075
f 2267 2075 2073
f 2073 2071 2265
f 2265 2071 2069
f 2265 2069 2263
f 2263 2069 2067
f 2263 2067 2261
f 2067 2065 2261
f 2261 2065 2063
f 2261 2063 2243
f 2063 2061 2243
f 2243 2061 2059
f 2243 2059 2241
f 2059 2057 2241
f 2241 2057 2055
f 2241 2055 2239
f 2055 2048 2239
f 2239 2048 2050
f 2239 2050 2237
f 2237 2050 2118
f 2237 2118 2235
f 2235 2118 2117
f 2235 2117 2116
f 2327 2052 2053
f 2327 2053 2326
f 2053 2054 2326
f 2326 2054 2056
f 2326 2056 2324
f 2056 2058 2324
f 2324 2058 2060
f 2324 2060 2322
f 2060 2062 2322
f 2322 2062 2064
f 2322 2064 2314
f 2064 2066 2314
f 2314 2066 2068
f 2314 2068 2312
f 2068 2070 2312
f 2312 2070 2072
f 2312 2072 2279
f 2072 2074 2279
f 2279 2074 2076
f 2279 2076 2277
f 2076 2078 2277
f 2277 2078 2080
f 2277 2080 2275
f 2080 2082 2275
f 2275 2082 2084
f 2275 2084 2272
f 2092 2283 2281
f 2084 2086 2272
f 2272 2086 2088
f 2272 2088 2281
f 2281 2088 2090
f 2281 2090 2092
f 2100 2291 2285
f 2092 2094 2283
f 2283 2094 2096
f 2283 2096 2285
f 2285 2096 2098
f 2285 2098 2100
f 2100 2102 2291
f 2291 2102 2104
f 2291 2104 2293
f 2293 2104 2106
f 2293 2106 2296
f 2106 2108 2296
f 2296 2108 2110
f 2296 2110 2297
f 2110 2112 2297
f 2297 2112 2114
f 2297 2114 2298
f 2298 2114 2047
f 2298 2047 2046
f 2318 2371 2377
f 2318 2377 2319
f 2319 2377 2378
f 2319 2378 2328
f 2328 2378 2052
f 2328 2052 2327
f 2298 2046 2379
f 2298 2379 2315
f 2315 2379 2380
f 2315 2380 2316
f 2316 2380 2368
f 2316 2368 2287
f 2317 2370 2318
f 2318 2370 2371
f 2369 2288 2368
f 2368 2288 2287
f 2370 2317 2372
f 2372 2317 2308
f 2372 2308 2373
f 2373 2308 2306
f 2373 2306 2374
f 2374 2306 2304
f 2374 2304 2375
f 2375 2304 2302
f 2375 2302 2376
f 2376 2302 2300
f 2376 2300 2369
f 2369 2300 2288
f 2330 1210 2331
f 2331 1210 1195
f 2331 1195 2332
f 2332 1195 1200
f 2332 1200 2333
f 2333 1200 1199
f 2333 1199 2334
f 2334 1199 1198
f 2334 1198 2335
f 2335 1198 1197
f 2335 1197 2336
f 2336 1197 1196
f 2336 1196 2337
f 2337 1196 1201
f 2337 1201 2338
f 2338 1201 1067
f 2338 1067 2339
f 2339 1067 1066
f 2339 1066 2340
f 2340 1066 1202
f 2340 1202 2341
f 2341 1202 1041
f 2341 1041 2342
f 2342 1041 1040
f 2342 1040 2343
f 2343 1040 1203
f 2343 1203 2344
f 2344 1203 1205
f 2344 1205 2345
f 2345 1205 1191
f 2345 1191 2346
f 2346 1191 1194
f 2346 1194 2347
f 2347 1194 1206
f 2347 1206 2348
f 2348 1206 1207
f 2348 1207 2349
f 2349 1207 1038
f 2349 1038 2350
f 2350 1038 1037
f 2350 1037 2351
f 2351 1037 1209
f 2351 1209 2352
f 2352 1209 1208
f 2352 1208 2353
f 2353 1208 1213
f 2353 1213 2354
f 2354 1213 1212
f 2354 1212 2329
f 2329 1212 1211
f 2329 1211 2330
f 2330 1211 1210
f 1815 1430 1816
f 1816 1430 1429
f 1816 1429 1817
f 1817 1429 1509
f 1817 1509 1818
f 1818 1509 1507
f 1818 1507 1819
f 1819 1507 1505
f 1819 1505 1820
f 1505 1501 1820
f 1820 1501 1500
f 1820 1500 1821
f 1821 1500 1499
f 1821 1499 1822
f 1822 1499 1498
f 1822 1498 1823
f 1823 1498 1496
f 1823 1496 1824
f 1824 1496 1484
f 1824 1484 1825
f 1825 1484 1455
f 1825 1455 1826
f 1826 1455 1442
f 1826 1442 1827
f 1827 1442 1441
f 1827 1441 1828
f 1828 1441 1444
f 1828 1444 1829
f 1829 1444 1447
f 1829 1447 1830
f 1830 1447 1449
f 1830 1449 1831
f 1831 1449 1450
f 1831 1450 1832
f 1832 1450 1451
f 1832 1451 1833
f 1833 1451 1344
f 1833 1344 1834
f 1834 1344 1346
f 1834 1346 1835
f 1835 1346 1390
f 1835 1390 1836
f 1836 1390 1388
f 1836 1388 1837
f 1837 1388 1516
f 1837 1516 1812
f 1812 1516 1515
f 1812 1515 1813
f 1813 1515 1513
f 1813 1513 1814
f 1814 1513 1436
f 1814 1436 1815
f 1815 1436 1434
f 1815 1434 1430
f 1343 1342 2381
f 2381 1342 2382
f 2381 2382 2383
f 2384 2385 2386
f 2386 2385 2387
f 2386 2387 2382
f 2382 2387 2388
f 2382 2388 2383
f 1669 2389 1670
f 1670 2389 2390
f 1670 2390 2386
f 2386 2390 2391
f 2386 2391 2384
f 2392 1689 1688
f 2393 2394 2395
f 2395 2394 2396
f 2395 2396 1688
f 1688 2396 2397
f 1688 2397 2392
f 2398 2399 2400
f 2398 2400 2395
f 2395 2400 2401
f 2395 2401 2393
f 1310 1309 2398
f 2398 1309 2402
f 2398 2402 2399
f 1659 1658 2403
f 2403 1658 2404
f 2403 2404 2405
f 2406 2407 2408
f 2408 2407 2409
f 2408 2409 2404
f 2404 2409 2410
f 2404 2410 2405
f 1699 2411 1682
f 1682 2411 2412
f 1682 2412 2408
f 2408 2412 2413
f 2408 2413 2406
f 2414 1674 1664
f 2415 2416 2417
f 2417 2416 2418
f 2417 2418 1664
f 1664 2418 2419
f 1664 2419 2414
f 2420 2421 2422
f 2420 2422 2417
f 2417 2422 2423
f 2417 2423 2415
f 1626 1625 2420
f 2420 1625 2424
f 2420 2424 2421
f 2425 1290 1298
f 2426 1300 1308
f 2427 1246 1303
f 1343 2427 2428
f 2428 2427 1303
f 2428 1303 2426
f 2426 1303 1302
f 2426 1302 1300
f 1307 2429 1308
f 1308 2429 2430
f 1308 2430 2426
f 1307 1305 2429
f 2429 1305 1304
f 2429 1304 2431
f 2431 1304 2425
f 2425 1304 1292
f 2425 1292 1290
f 1297 2432 1298
f 1298 2432 2433
f 1298 2433 2425
f 1297 1295 2432
f 2432 1295 1294
f 2432 1294 2434
f 2434 1294 1287
f 2434 1287 2435
f 2435 1287 1285
f 2435 1285 2436
f 2436 1285 1283
f 2436 1283 2437
f 2437 1283 1281
f 2437 1281 2438
f 2438 1281 1279
f 2438 1279 2439
f 2439 1279 1278
f 2439 1278 2440
f 1278 1276 2440
f 2440 1276 1274
f 2440 1274 2441
f 2441 1274 1273
f 2441 1273 2442
f 1273 1271 2442
f 2442 1271 1269
f 2442 1269 2443
f 2443 1269 1268
f 2443 1268 2444
f 1268 1266 2444
f 2444 1266 1264
f 2444 1264 2445
f 2445 1264 1263
f 2445 1263 2446
f 1263 1250 2446
f 2446 1250 1251
f 2446 1251 2447
f 1343 2428 1341
f 1341 2428 2426
f 1341 2426 1340
f 1340 2426 2430
f 1340 2430 1338
f 1338 2430 2429
f 1338 2429 1337
f 1337 2429 2431
f 1337 2431 1335
f 1335 2431 2425
f 1335 2425 1334
f 1334 2425 2433
f 1334 2433 1332
f 1332 2433 2432
f 1332 2432 1331
f 1331 2432 2434
f 1331 2434 1329
f 1329 2434 2435
f 1329 2435 1328
f 1328 2435 2436
f 1328 2436 1326
f 1326 2436 2437
f 1326 2437 1325
f 1325 2437 2438
f 1325 2438 1323
f 1323 2438 2439
f 1323 2439 1322
f 1322 2439 2440
f 1322 2440 1320
f 1320 2440 2441
f 1320 2441 1319
f 1319 2441 2442
f 1319 2442 1317
f 1317 2442 2443
f 1317 2443 1316
f 1316 2443 2444
f 1316 2444 1314
f 1314 2444 2445
f 1314 2445 1313
f 1313 2445 2446
f 1313 2446 1311
f 1311 2446 2447
f 1311 2447 1309
f 2448 1606 1614
f 2449 1616 1624
f 2450 1577 1619
f 1659 2450 2451
f 2451 2450 1619
f 2451 1619 2449
f 2449 1619 1618
f 2449 1618 1616
f 1623 2452 1624
f 1624 2452 2453
f 1624 2453 2449
f 1623 1621 2452
f 2452 1621 1620
f 2452 1620 2454
f 2454 1620 2448
f 2448 1620 1608
f 2448 1608 1606
f 1613 2455 1614
f 1614 2455 2456
f 1614 2456 2448
f 1613 1611 2455
f 2455 1611 1610
f 2455 1610 2457
f 2457 1610 1603
f 2457 1603 2458
f 2458 1603 1601
f 2458 1601 2459
f 2459 1601 1599
f 2459 1599 2460
f 2460 1599 1597
f 2460 1597 2461
f 2461 1597 1595
f 2461 1595 2462
f 2462 1595 1594
f 2462 1594 2463
f 1594 1592 2463
f 2463 1592 1590
f 2463 1590 2464
f 2464 1590 1589
f 2464 1589 2465
f 1589 1587 2465
f 2465 1587 1585
f 2465 1585 2466
f 2466 1585 1584
f 2466 1584 2467
f 1584 1582 2467
f 2467 1582 1580
f 2467 1580 2468
f 2468 1580 1579
f 2468 1579 2469
f 1579 1550 2469
f 2469 1550 1551
f 2469 1551 2470
f 1659 2451 1657
f 1657 2451 2449
f 1657 2449 1656
f 1656 2449 2453
f 1656 2453 1654
f 1654 2453 2452
f 1654 2452 1653
f 1653 2452 2454
f 1653 2454 1651
f 1651 2454 2448
f 1651 2448 1650
f 1650 2448 2456
f 1650 2456 1648
f 1648 2456 2455
f 1648 2455 1647
f 1647 2455 2457
f 1647 2457 1645
f 1645 2457 2458
f 1645 2458 1644
f 1644 2458 2459
f 1644 2459 1642
f 1642 2459 2460
f 1642 2460 1641
f 1641 2460 2461
f 1641 2461 1639
f 1639 2461 2462
f 1639 2462 1638
f 1638 2462 2463
f 1638 2463 1636
f 1636 2463 2464
f 1636 2464 1635
f 1635 2464 2465
f 1635 2465 1633
f 1633 2465 2466
f 1633 2466 1632
f 1632 2466 2467
f 1632 2467 1630
f 1630 2467 2468
f 1630 2468 1629
f 1629 2468 2469
f 1629 2469 1627
f 1627 2469 2470
f 1627 2470 1625
f 1528 1342 1339
f 1528 1339 1525
f 1525 1339 1336
f 1525 1336 1524
f 1524 1336 1333
f 1524 1333 1475
f 1475 1333 1330
f 1475 1330 1477
f 1477 1330 1327
f 1477 1327 1479
f 1479 1327 1461
f 1461 1327 1324
f 1461 1324 1468
f 1468 1324 1321
f 1468 1321 1467
f 1467 1321 1318
f 1467 1318 1464
f 1464 1318 1315
f 1464 1315 1522
f 1522 1315 1312
f 1522 1312 1523
f 1523 1312 1310
f 1523 1310 1518
f 1518 1310 2398
f 1518 2398 1520
f 1520 2398 2395
f 1520 2395 1521
f 1521 2395 1688
f 1521 1688 1539
f 1529 1670 2386
f 1529 2386 1526
f 1526 2386 2382
f 1526 2382 1527
f 1527 2382 1342
f 1527 1342 1528
f 1542 1541 1682
f 1682 1541 1540
f 1682 1540 1688
f 1688 1540 1539
f 1421 1414 1664
f 1421 1664 1492
f 1492 1664 1670
f 1492 1670 1529
f 1542 1682 2408
f 1542 2408 1543
f 1543 2408 2404
f 1543 2404 1544
f 1544 2404 1658
f 1544 1658 1538
f 1530 1626 2420
f 1530 2420 1418
f 1418 2420 2417
f 1418 2417 1416
f 1416 2417 1664
f 1416 1664 1414
f 1538 1658 1655
f 1538 1655 1534
f 1534 1655 1652
f 1534 1652 1535
f 1535 1652 1649
f 1535 1649 1536
f 1536 1649 1646
f 1536 1646 1369
f 1369 1646 1643
f 1369 1643 1367
f 1367 1643 1640
f 1367 1640 1365
f 1365 1640 1637
f 1365 1637 1363
f 1363 1637 1634
f 1363 1634 1532
f 1532 1634 1631
f 1532 1631 1533
f 1533 1631 1628
f 1533 1628 1531
f 1531 1628 1626
f 1531 1626 1530
f 1711 2471 1807
f 2471 1711 2472
f 2132 2131 1807
f 1807 2131 2133
f 1807 2133 1808
f 1808 2133 1809
f 1692 1691 1711
f 1711 1691 1694
f 1711 1694 2472
f 2472 1694 1684
f 2472 1684 2473
f 2473 1684 1683
f 2473 1683 2474
f 2474 1683 1681
f 2474 1681 2475
f 2475 1681 1680
f 2475 1680 2476
f 1807 2471 2132
f 2132 2471 2472
f 2132 2472 2127
f 2127 2472 2473
f 2127 2473 2128
f 2128 2473 2474
f 2128 2474 2130
f 2130 2474 2475
f 2130 2475 2163
f 2163 2475 2476
f 2163 2476 1262
f 2477 2478 1230
f 1690 1689 2479
f 2479 1689 2480
f 2479 2480 2477
f 2477 2480 2481
f 2477 2481 2478
f 1260 2479 1258
f 1258 2479 2477
f 1258 2477 1229
f 1229 2477 1230
f 1680 1690 2476
f 2476 1690 2479
f 2476 2479 1262
f 1262 2479 1260
f 2394 2393 2482
f 1689 2483 2480
f 2480 2483 2484
f 2480 2484 2481
f 2481 2484 2485
f 2481 2485 2478
f 2394 2482 2396
f 1230 2478 2482
f 2482 2478 2485
f 2482 2485 2396
f 2396 2485 2484
f 2396 2484 2397
f 2397 2484 2483
f 2397 2483 2392
f 2392 2483 1689
f 2482 2393 2401
f 1230 2482 2486
f 1230 2486 1257
f 1257 2486 2487
f 1257 2487 1254
f 1254 2487 2488
f 1254 2488 1255
f 2482 2401 2486
f 2486 2401 2400
f 2486 2400 2487
f 2487 2400 2399
f 2487 2399 2488
f 2488 2399 2402
f 2488 2402 2489
f 2489 2402 1309
f 2489 1309 2447
f 1255 2488 1256
f 1256 2488 2489
f 1256 2489 1253
f 1253 2489 2447
f 1253 2447 1251
f 2407 2490 2491
f 1572 2492 1573
f 1573 2492 2491
f 1573 2491 1574
f 1574 2491 2490
f 1574 2490 1575
f 1571 2493 1572
f 1572 2493 2494
f 1572 2494 2492
f 1571 1578 2493
f 2493 1578 1577
f 2493 1577 2450
f 2407 2491 2409
f 2409 2491 2492
f 2409 2492 2410
f 2410 2492 2494
f 2410 2494 2405
f 2405 2494 2493
f 2405 2493 2403
f 2403 2493 2450
f 2403 2450 1659
f 1699 2495 2411
f 2411 2495 2496
f 2411 2496 2412
f 2412 2496 2497
f 2412 2497 2413
f 1699 2498 2495
f 2495 2498 2499
f 2495 2499 2496
f 2496 2499 2500
f 2496 2500 2497
f 2497 2500 1575
f 2497 1575 2490
f 2413 2497 2406
f 2406 2497 2490
f 2406 2490 2407
f 2498 1699 1698
f 2499 2498 2501
f 1575 2500 1564
f 1564 2500 2502
f 1564 2502 1566
f 1566 2502 1568
f 2498 1698 2501
f 2501 1698 1697
f 2501 1697 2503
f 2500 2499 2502
f 2502 2499 2501
f 2502 2501 1568
f 1568 2501 2503
f 1568 2503 1569
f 1707 1695 1693
f 1695 1707 1685
f 2176 1712 2177
f 2177 1712 1713
f 2177 1713 1714
f 2504 2175 2174
f 2504 2174 2505
f 2505 2174 2173
f 2505 2173 2506
f 2506 2173 2179
f 2506 2179 2507
f 2507 2179 2178
f 2507 2178 2508
f 2508 2178 1569
f 2508 1569 2503
f 2176 2175 1712
f 1712 2175 2504
f 1712 2504 1707
f 1707 2504 2505
f 1707 2505 1685
f 1685 2505 2506
f 1685 2506 1686
f 1686 2506 2507
f 1686 2507 1687
f 1687 2507 2508
f 1687 2508 1696
f 1696 2508 2503
f 1696 2503 1697
f 2385 2509 2510
f 1241 2511 1242
f 1242 2511 2510
f 1242 2510 1243
f 1243 2510 2509
f 1243 2509 1244
f 1240 2512 1241
f 1241 2512 2513
f 1241 2513 2511
f 1240 1247 2512
f 2512 1247 1246
f 2512 1246 2427
f 2385 2510 2387
f 2387 2510 2511
f 2387 2511 2388
f 2388 2511 2513
f 2388 2513 2383
f 2383 2513 2512
f 2383 2512 2381
f 2381 2512 2427
f 2381 2427 1343
f 1669 2514 2389
f 2389 2514 2515
f 2389 2515 2390
f 2390 2515 2516
f 2390 2516 2391
f 1669 2517 2514
f 2514 2517 2518
f 2514 2518 2515
f 2515 2518 2519
f 2515 2519 2516
f 2516 2519 1244
f 2516 1244 2509
f 2391 2516 2384
f 2384 2516 2509
f 2384 2509 2385
f 2517 1669 1671
f 2518 2517 2520
f 1244 2519 1233
f 1233 2519 2521
f 1233 2521 1235
f 1235 2521 1237
f 2517 1671 2520
f 2520 1671 1672
f 2520 1672 2522
f 2519 2518 2521
f 2521 2518 2520
f 2521 2520 1237
f 1237 2520 2522
f 1237 2522 1238
f 1705 1678 1676
f 1678 1705 1679
f 2122 1766 2123
f 2123 1766 1765
f 2123 1765 1764
f 2523 2121 2120
f 2523 2120 2524
f 2524 2120 2119
f 2524 2119 2525
f 2525 2119 2126
f 2525 2126 2526
f 2526 2126 2124
f 2526 2124 2527
f 2527 2124 1238
f 2527 1238 2522
f 2122 2121 1766
f 1766 2121 2523
f 1766 2523 1705
f 1705 2523 2524
f 1705 2524 1679
f 1679 2524 2525
f 1679 2525 1660
f 1660 2525 2526
f 1660 2526 1663
f 1663 2526 2527
f 1663 2527 1665
f 1665 2527 2522
f 1665 2522 1672
f 1700 2528 1759
f 2528 1700 2529
f 2171 2172 1759
f 1759 2172 2169
f 1759 2169 1760
f 1760 2169 1761
f 1675 1677 1700
f 1700 1677 1662
f 1700 1662 2529
f 2529 1662 1661
f 2529 1661 2530
f 2530 1661 1668
f 2530 1668 2531
f 2531 1668 1667
f 2531 1667 2532
f 2532 1667 1666
f 2532 1666 2533
f 1759 2528 2171
f 2171 2528 2529
f 2171 2529 2170
f 2170 2529 2530
f 2170 2530 2167
f 2167 2530 2531
f 2167 2531 2168
f 2168 2531 2532
f 2168 2532 2207
f 2207 2532 2533
f 2207 2533 1562
f 2534 2535 1546
f 1673 1674 2536
f 2536 1674 2537
f 2536 2537 2534
f 2534 2537 2538
f 2534 2538 2535
f 1560 2536 1558
f 1558 2536 2534
f 1558 2534 1545
f 1545 2534 1546
f 1666 1673 2533
f 2533 1673 2536
f 2533 2536 1562
f 1562 2536 1560
f 2416 2415 2539
f 1674 2540 2537
f 2537 2540 2541
f 2537 2541 2538
f 2538 2541 2542
f 2538 2542 2535
f 2416 2539 2418
f 1546 2535 2539
f 2539 2535 2542
f 2539 2542 2418
f 2418 2542 2541
f 2418 2541 2419
f 2419 2541 2540
f 2419 2540 2414
f 2414 2540 1674
f 2539 2415 2423
f 1546 2539 2543
f 1546 2543 1557
f 1557 2543 2544
f 1557 2544 1554
f 1554 2544 2545
f 1554 2545 1555
f 2539 2423 2543
f 2543 2423 2422
f 2543 2422 2544
f 2544 2422 2421
f 2544 2421 2545
f 2545 2421 2424
f 2545 2424 2546
f 2546 2424 1625
f 2546 1625 2470
f 1555 2545 1556
f 1556 2545 2546
f 1556 2546 1553
f 1553 2546 2470
f 1553 2470 1551
f 2547 2548 2549
f 2549 2548 2550
f 2549 2550 2551
f 2551 2550 2552
f 2551 2552 2553
f 2553 2552 2554
f 2553 2554 2555
f 2555 2554 2556
f 2557 2558 2559
f 2559 2558 2560
f 2559 2560 2561
f 2561 2560 2562
f 2561 2562 2563
f 2562 2564 2563
f 2563 2564 2565
f 2563 2565 2566
f 2566 2565 2567
f 2566 2567 2568
f 2568 2567 2569
f 2549 2570 2547
f 2547 2570 2571
f 2547 2571 2572
f 2572 2571 2573
f 2572 2573 2574
f 2574 2573 2575
f 2574 2575 2576
f 2576 2575 2577
f 2576 2577 2578
f 2578 2577 2579
f 2578 2579 2580
f 2580 2579 2581
f 2580 2581 2582
f 2582 2581 2583
f 2582 2583 2584
f 2584 2583 2585
f 2584 2585 2586
f 2586 2585 2587
f 2586 2587 2588
f 2588 2587 2589
f 2588 2589 2590
f 2590 2589 2591
f 2590 2591 2569
f 2569 2591 2592
f 2569 2592 2568
f 2593 2594 2595
f 2596 2597 2598
f 2599 2600 2601
f 2602 2603 2604
f 2605 2606 2601
f 2601 2606 2602
f 2601 2602 2599
f 2599 2602 2604
f 2607 2608 2609
f 2609 2608 2610
f 2609 2610 2605
f 2605 2610 2611
f 2605 2611 2612
f 2612 2613 2605
f 2605 2613 2614
f 2605 2614 2606
f 2606 2614 2615
f 2606 2615 2616
f 2617 2618 2619
f 2619 2618 2616
f 2619 2616 2620
f 2620 2616 2615
f 2621 2622 2623
f 2623 2624 2621
f 2621 2624 2625
f 2621 2625 2626
f 2625 2627 2626
f 2626 2627 2628
f 2626 2628 2629
f 2629 2628 2630
f 2629 2630 2607
f 2607 2630 2631
f 2607 2631 2608
f 2632 2633 2634
f 2634 2633 2635
f 2636 2637 2638
f 2638 2637 2639
f 2638 2639 2640
f 2632 2641 2633
f 2633 2641 2642
f 2633 2642 2638
f 2638 2642 2643
f 2638 2643 2636
f 2644 2645 2646
f 2646 2645 2647
f 2646 2647 2648
f 2649 2650 2651
f 2651 2650 2646
f 2651 2646 2652
f 2652 2646 2648
f 2649 2653 2650
f 2650 2653 2654
f 2650 2654 2622
f 2622 2654 2655
f 2622 2655 2623
f 2656 2657 2658
f 2658 2657 2659
f 2658 2659 2635
f 2635 2659 2660
f 2635 2660 2634
f 2617 2661 2618
f 2618 2661 2662
f 2618 2662 2663
f 2663 2662 2664
f 2663 2664 2656
f 2656 2664 2665
f 2656 2665 2657
f 2640 2644 2638
f 2638 2644 2646
f 2638 2646 2666
f 2666 2646 2667
f 2666 2667 2668
f 2668 2667 2669
f 2668 2669 2670
f 2670 2669 2671
f 2670 2671 2672
f 2672 2671 2673
f 2672 2673 2674
f 2674 2673 2675
f 2674 2675 2676
f 2676 2675 2677
f 2676 2677 2678
f 2678 2677 2679
f 2678 2679 2680
f 2680 2679 2681
f 2680 2681 2682
f 2682 2681 2683
f 2682 2683 2684
f 2685 2686 2687
f 2687 2686 2684
f 2687 2684 2688
f 2688 2684 2683
f 2598 2593 2596
f 2596 2593 2595
f 2596 2595 2689
f 2689 2595 2690
f 2689 2690 2691
f 2691 2690 2692
f 2691 2692 2693
f 2693 2692 2694
f 2693 2694 2695
f 2695 2694 2696
f 2695 2696 2697
f 2697 2696 2698
f 2697 2698 2699
f 2699 2698 2700
f 2699 2700 2701
f 2701 2700 2702
f 2701 2702 2703
f 2703 2702 2704
f 2703 2704 2705
f 2705 2704 2706
f 2705 2706 2707
f 2707 2706 2708
f 2707 2708 2709
f 2709 2708 2710
f 2709 2710 2711
f 2711 2710 2712
f 2711 2712 2713
f 2713 2712 2714
f 2713 2714 2715
f 2715 2714 2716
f 2715 2716 2717
f 2717 2716 2718
f 2717 2718 2719
f 2719 2718 2720
f 2719 2720 2721
f 2721 2720 2722
f 2721 2722 2723
f 2723 2722 2724
f 2723 2724 2685
f 2685 2724 2725
f 2685 2725 2686
f 2726 2727 2728
f 2728 2727 2729
f 2728 2729 2730
f 2730 2729 2731
f 2730 2731 2732
f 2732 2731 2733
f 2732 2733 2734
f 2734 2733 2735
f 2736 2737 2738
f 2738 2737 2739
f 2738 2739 2740
f 2740 2739 2741
f 2740 2741 2742
f 2741 2743 2742
f 2742 2743 2744
f 2742 2744 2745
f 2745 2744 2746
f 2745 2746 2747
f 2747 2746 2748
f 2728 2749 2726
f 2726 2749 2750
f 2726 2750 2751
f 2751 2750 2752
f 2751 2752 2753
f 2753 2752 2754
f 2753 2754 2755
f 2755 2754 2756
f 2755 2756 2757
f 2757 2756 2758
f 2757 2758 2759
f 2759 2758 2760
f 2759 2760 2761
f 2761 2760 2762
f 2761 2762 2763
f 2763 2762 2764
f 2763 2764 2765
f 2765 2764 2766
f 2765 2766 2767
f 2767 2766 2768
f 2767 2768 2769
f 2769 2768 2770
f 2769 2770 2748
f 2748 2770 2771
f 2748 2771 2747
f 2772 2773 2774
f 2774 2773 2775
f 2776 2777 2778
f 2778 2777 2779
f 2778 2779 2780
f 2781 2774 2782
f 2782 2774 2775
f 2782 2775 2783
f 2783 2775 2776
f 2783 2776 2784
f 2784 2776 2778
f 2785 2786 2787
f 2788 2789 2786
f 2786 2789 2790
f 2787 2786 2791
f 2791 2786 2790
f 2791 2790 2792
f 2793 2794 2795
f 2795 2794 2796
f 2796 2794 2787
f 2787 2794 2797
f 2787 2797 2785
f 2798 2799 2800
f 2800 2799 2801
f 2800 2801 2802
f 2802 2801 2803
f 2802 2803 2804
f 2804 2803 2805
f 2804 2805 2806
f 2806 2805 2807
f 2806 2807 2808
f 2808 2807 2809
f 2808 2809 2810
f 2810 2809 2811
f 2810 2811 2812
f 2812 2811 2813
f 2812 2813 2814
f 2814 2813 2815
f 2814 2815 2816
f 2816 2815 2817
f 2816 2817 2818
f 2818 2817 2819
f 2818 2819 2820
f 2820 2819 2821
f 2820 2821 2798
f 2798 2821 2799
f 2822 2823 2824
f 2825 2826 2824
f 2824 2826 2827
f 2824 2827 2822
f 2828 2829 2825
f 2825 2829 2830
f 2825 2830 2826
f 2831 2832 2828
f 2828 2832 2833
f 2828 2833 2829
f 2834 2835 2831
f 2831 2835 2836
f 2831 2836 2832
f 2837 2838 2834
f 2834 2838 2839
f 2834 2839 2835
f 2840 2841 2837
f 2837 2841 2842
f 2837 2842 2838
f 2843 2844 2840
f 2840 2844 2845
f 2840 2845 2841
f 2846 2847 2843
f 2843 2847 2848
f 2843 2848 2844
f 2849 2850 2846
f 2846 2850 2851
f 2846 2851 2847
f 2852 2853 2849
f 2849 2853 2854
f 2849 2854 2850
f 2855 2856 2852
f 2852 2856 2857
f 2852 2857 2853
f 2858 2859 2855
f 2855 2859 2860
f 2855 2860 2856
f 2861 2862 2858
f 2858 2862 2863
f 2858 2863 2859
f 2864 2865 2866
f 2866 2867 2864
f 2864 2867 2868
f 2864 2868 2861
f 2861 2868 2869
f 2861 2869 2862
f 2870 2871 2872
f 2873 2874 2875
f 2875 2874 2876
f 2875 2876 2877
f 2877 2876 2878
f 2877 2878 2879
f 2879 2878 2880
f 2879 2880 2881
f 2881 2880 2882
f 2881 2882 2883
f 2883 2882 2884
f 2883 2884 2885
f 2885 2884 2886
f 2885 2886 2872
f 2872 2886 2887
f 2872 2887 2870
f 2888 2889 2890
f 2890 2889 2891
f 2890 2891 2892
f 2892 2891 2893
f 2892 2893 2894
f 2894 2893 2895
f 2894 2895 2873
f 2873 2895 2896
f 2873 2896 2874
f 2897 2898 2899
f 2899 2898 2900
f 2899 2900 2901
f 2901 2900 2902
f 2901 2902 2903
f 2903 2902 2904
f 2903 2904 2905
f 2905 2904 2906
f 2905 2906 2888
f 2888 2906 2907
f 2888 2907 2889
f 2908 2909 2910
f 2910 2909 2911
f 2910 2911 2912
f 2912 2911 2913
f 2912 2913 2914
f 2914 2913 2915
f 2914 2915 2897
f 2897 2915 2916
f 2897 2916 2898
f 2917 2918 2919
f 2919 2918 2920
f 2919 2920 2921
f 2921 2920 2922
f 2921 2922 2923
f 2923 2922 2924
f 2923 2924 2925
f 2925 2924 2926
f 2925 2926 2927
f 2927 2926 2928
f 2927 2928 2929
f 2929 2928 2930
f 2929 2930 2908
f 2908 2930 2931
f 2908 2931 2909
f 2932 2933 2934
f 2934 2933 2935
f 2936 2937 2938
f 2938 2937 2939
f 2940 2941 2942
f 2900 2898 2943
f 2944 2886 2884
f 2945 2946 2947
f 2947 2946 2944
f 2944 2884 2947
f 2947 2884 2882
f 2947 2882 2948
f 2948 2882 2880
f 2948 2880 2949
f 2880 2878 2949
f 2949 2878 2876
f 2949 2876 2950
f 2876 2874 2950
f 2950 2874 2896
f 2950 2896 2951
f 2951 2896 2895
f 2951 2895 2952
f 2895 2893 2952
f 2952 2893 2891
f 2952 2891 2953
f 2891 2889 2953
f 2953 2889 2907
f 2953 2907 2954
f 2902 2955 2904
f 2904 2955 2954
f 2904 2954 2906
f 2906 2954 2907
f 2900 2943 2902
f 2898 2916 2956
f 2956 2916 2915
f 2956 2915 2957
f 2957 2915 2913
f 2957 2913 2958
f 2913 2911 2958
f 2958 2911 2909
f 2958 2909 2959
f 2909 2931 2959
f 2959 2931 2930
f 2959 2930 2960
f 2960 2930 2928
f 2960 2928 2961
f 2922 2962 2924
f 2924 2962 2961
f 2924 2961 2926
f 2926 2961 2928
f 2955 2963 2954
f 2954 2963 2964
f 2954 2964 2953
f 2953 2964 2938
f 2953 2938 2952
f 2952 2938 2939
f 2952 2939 2951
f 2951 2939 2965
f 2951 2965 2950
f 2950 2965 2941
f 2950 2941 2949
f 2949 2941 2940
f 2949 2940 2948
f 2948 2940 2966
f 2948 2966 2947
f 2947 2966 2967
f 2947 2967 2945
f 2945 2967 2968
f 2961 2969 2960
f 2960 2969 2970
f 2960 2970 2959
f 2959 2970 2934
f 2959 2934 2958
f 2958 2934 2935
f 2958 2935 2957
f 2957 2935 2971
f 2957 2971 2956
f 2956 2971 2972
f 2968 2967 2973
f 2973 2967 2974
f 2973 2974 2975
f 2942 2976 2940
f 2940 2976 2977
f 2940 2977 2966
f 2966 2977 2978
f 2966 2978 2967
f 2967 2978 2979
f 2967 2979 2974
f 2937 2980 2939
f 2939 2980 2981
f 2939 2981 2965
f 2965 2981 2982
f 2965 2982 2941
f 2941 2982 2983
f 2941 2983 2942
f 2936 2938 2984
f 2984 2938 2964
f 2984 2964 2985
f 2985 2964 2963
f 2985 2963 2986
f 2987 2988 2989
f 2902 2943 2955
f 2955 2943 2987
f 2955 2987 2963
f 2963 2987 2989
f 2963 2989 2986
f 2898 2956 2943
f 2943 2956 2972
f 2943 2972 2987
f 2987 2972 2990
f 2987 2990 2988
f 2933 2991 2935
f 2935 2991 2992
f 2935 2992 2971
f 2971 2992 2993
f 2971 2993 2972
f 2972 2993 2994
f 2972 2994 2990
f 2962 2995 2961
f 2961 2995 2996
f 2961 2996 2969
f 2969 2996 2997
f 2969 2997 2998
f 2932 2934 2999
f 2999 2934 2970
f 2999 2970 3000
f 3000 2970 2969
f 3000 2969 3001
f 3001 2969 2998
f 3001 2998 3002
f 3003 3004 3005
f 3006 2991 3007
f 3007 2991 2933
f 3007 2933 3008
f 3008 2933 2932
f 3008 2932 3009
f 3009 2932 2999
f 3009 2999 3010
f 3010 2999 3000
f 3010 3000 3011
f 3011 3000 3001
f 3011 3001 3012
f 3012 3001 3002
f 3012 3002 3005
f 3005 3002 3013
f 3005 3013 3003
f 3014 2988 3015
f 3015 2988 2990
f 3015 2990 3016
f 3016 2990 2994
f 3016 2994 3017
f 3017 2994 2993
f 3017 2993 3006
f 3006 2993 2992
f 3006 2992 2991
f 3018 2937 3019
f 3019 2937 2936
f 3019 2936 3020
f 3020 2936 2984
f 3020 2984 3021
f 3021 2984 2985
f 3021 2985 3022
f 3022 2985 2986
f 3022 2986 3014
f 3014 2986 2989
f 3014 2989 2988
f 3023 2942 3024
f 3024 2942 2983
f 3024 2983 3025
f 3025 2983 2982
f 3025 2982 3026
f 3026 2982 2981
f 3026 2981 3018
f 3018 2981 2980
f 3018 2980 2937
f 3027 3028 3029
f 3029 3028 3030
f 3029 3030 3031
f 3031 3030 2975
f 3031 2975 3032
f 3032 2975 2974
f 3032 2974 3033
f 3033 2974 2979
f 3033 2979 3034
f 3034 2979 2978
f 3034 2978 3035
f 3035 2978 2977
f 3035 2977 3023
f 3023 2977 2976
f 3023 2976 2942
f 3036 3037 3038
f 3039 3040 3041
f 3041 3042 3039
f 3039 3042 3043
f 3039 3043 3044
f 3045 3046 3038
f 3038 3046 3047
f 3038 3047 3036
f 3048 3049 3045
f 3045 3049 3050
f 3045 3050 3046
f 3051 3052 3048
f 3048 3052 3053
f 3048 3053 3049
f 3054 3055 3051
f 3051 3055 3056
f 3051 3056 3052
f 3057 3058 3054
f 3054 3058 3059
f 3054 3059 3055
f 3060 3061 3057
f 3057 3061 3062
f 3057 3062 3058
f 3063 3064 3060
f 3060 3064 3065
f 3060 3065 3061
f 3066 3067 3063
f 3063 3067 3068
f 3063 3068 3064
f 3069 3070 3066
f 3066 3070 3071
f 3066 3071 3067
f 3072 3073 3069
f 3069 3073 3074
f 3069 3074 3070
f 3075 3076 3072
f 3072 3076 3077
f 3072 3077 3073
f 3078 3079 3075
f 3075 3079 3080
f 3075 3080 3076
f 3043 3081 3044
f 3044 3081 3082
f 3044 3082 3078
f 3078 3082 3083
f 3078 3083 3079
f 2813 3084 2815
f 2815 3084 3085
f 2815 3085 2817
f 2817 3085 3086
f 2817 3086 2819
f 2819 3086 3087
f 2819 3087 2821
f 2821 3087 3088
f 2821 3088 2799
f 3088 3089 2799
f 2799 3089 3090
f 2799 3090 2801
f 2801 3090 3091
f 2801 3091 2803
f 2803 3091 3092
f 2803 3092 2805
f 2805 3092 3093
f 2805 3093 2807
f 3094 3095 2613
f 2613 3095 3096
f 2811 3097 3098
f 2811 3099 2813
f 2813 3099 3100
f 2813 3100 3084
f 3098 3101 2811
f 2811 3101 3102
f 2811 3102 3103
f 3093 3104 2807
f 2807 3104 3105
f 2807 3105 2809
f 2809 3105 3106
f 2809 3106 2811
f 2811 3106 3107
f 3107 3108 2811
f 2811 3108 3109
f 2811 3109 3097
f 3097 3109 3110
f 3096 3111 2613
f 2613 3111 3112
f 2613 3112 2614
f 3103 3113 2811
f 2811 3113 3114
f 2811 3114 3099
f 3094 2613 3115
f 3115 2613 3116
f 3115 3116 3110
f 3110 3116 3117
f 3110 3117 3097
f 3118 3119 3085
f 3120 3121 3086
f 3122 3123 3105
f 3105 3123 3124
f 3105 3124 3106
f 3122 3105 3125
f 3125 3105 3104
f 3125 3104 3126
f 3093 3127 3128
f 3128 3129 3093
f 3093 3129 3130
f 3093 3130 3104
f 3104 3130 3131
f 3104 3131 3126
f 3127 3093 3132
f 3132 3093 3092
f 3132 3092 3133
f 3134 3135 3091
f 3091 3135 3136
f 3091 3136 3092
f 3092 3136 3137
f 3092 3137 3133
f 3138 3090 3139
f 3139 3090 3140
f 3138 3141 3090
f 3090 3141 3142
f 3090 3142 3091
f 3091 3142 3143
f 3091 3143 3134
f 3144 3145 3090
f 3090 3145 3146
f 3090 3146 3140
f 3147 3148 3089
f 3089 3148 3149
f 3089 3149 3090
f 3090 3149 3150
f 3090 3150 3144
f 3151 3152 3088
f 3088 3152 3153
f 3088 3153 3089
f 3089 3153 3154
f 3089 3154 3147
f 3155 3156 3087
f 3087 3156 3157
f 3087 3157 3088
f 3088 3157 3158
f 3088 3158 3151
f 3086 3121 3087
f 3087 3121 3159
f 3087 3159 3155
f 3085 3119 3086
f 3086 3119 3160
f 3086 3160 3120
f 3084 3100 3161
f 3161 3162 3084
f 3084 3162 3163
f 3084 3163 3085
f 3085 3163 3164
f 3085 3164 3118
f 3165 2810 3166
f 3166 2810 2812
f 3166 2812 3167
f 2812 2814 3167
f 3167 2814 2816
f 3167 2816 3168
f 3168 2816 2818
f 3168 2818 3169
f 2818 2820 3169
f 3169 2820 2798
f 3169 2798 3170
f 3170 2798 2800
f 3170 2800 3171
f 2800 2802 3171
f 3171 2802 2804
f 3171 2804 3172
f 3172 2804 2806
f 3172 2806 3165
f 3165 2806 2808
f 3165 2808 2810
f 3173 3174 3175
f 3175 3174 3176
f 3175 3176 3177
f 3176 3178 3177
f 3177 3178 3179
f 3177 3179 3180
f 3179 3181 3180
f 3180 3181 3182
f 3180 3182 3183
f 3183 3182 3184
f 3183 3184 3185
f 3184 3186 3185
f 3185 3186 3187
f 3185 3187 3188
f 3188 3187 3189
f 3188 3189 3190
f 3190 3189 3191
f 3190 3191 3173
f 3173 3191 3192
f 3173 3192 3174
f 3193 3194 3195
f 3196 3194 3193
f 3193 3197 3198
f 3199 3197 3193
f 3195 3199 3193
f 3193 3200 3201
f 3202 3200 3193
f 3198 3202 3193
f 3193 3203 3204
f 3205 3203 3193
f 3201 3205 3193
f 3204 3196 3193
f 3196 3192 3194
f 3194 3192 3191
f 3194 3191 3195
f 3195 3191 3189
f 3195 3189 3199
f 3199 3189 3187
f 3199 3187 3197
f 3197 3187 3186
f 3197 3186 3198
f 3198 3186 3184
f 3198 3184 3202
f 3202 3184 3182
f 3202 3182 3200
f 3200 3182 3181
f 3200 3181 3201
f 3201 3181 3179
f 3201 3179 3205
f 3205 3179 3178
f 3205 3178 3203
f 3203 3178 3176
f 3203 3176 3204
f 3204 3176 3174
f 3204 3174 3196
f 3196 3174 3192
f 3040 3039 3206
f 3206 3039 3207
f 2782 3208 2781
f 2781 3208 3209
f 2781 3209 3207
f 3207 3209 3210
f 3207 3210 3206
f 3211 2775 2773
f 3212 2824 2823
f 2823 3213 3212
f 3212 3213 3214
f 3212 3214 2773
f 2773 3214 3215
f 2773 3215 3211
f 3216 2791 2792
f 3217 3038 3037
f 3037 3218 3217
f 3217 3218 3219
f 3217 3219 2792
f 2792 3219 3220
f 2792 3220 3216
f 2865 2864 3221
f 3221 2864 3222
f 2786 3223 2788
f 2788 3223 3224
f 2788 3224 3222
f 3222 3224 3225
f 3222 3225 3221
f 2554 2552 2790
f 2790 2552 2792
f 2792 2552 3217
f 3217 2552 2550
f 3217 2550 3038
f 3038 2550 2548
f 3038 2548 3045
f 3045 2548 2547
f 3045 2547 3048
f 3048 2547 2572
f 3048 2572 3051
f 3051 2572 2574
f 3051 2574 3054
f 3054 2574 2576
f 3054 2576 3057
f 3057 2576 2578
f 3057 2578 3060
f 3060 2578 2580
f 3060 2580 3063
f 3063 2580 2582
f 3063 2582 3066
f 3066 2582 2584
f 3066 2584 3069
f 3069 2584 2586
f 3069 2586 3072
f 3072 2586 2588
f 3072 2588 3075
f 3075 2588 2590
f 3075 2590 3078
f 3078 2590 2569
f 3078 2569 3044
f 3044 2569 2567
f 3044 2567 3039
f 3039 2567 2565
f 3039 2565 3207
f 3207 2565 2564
f 3207 2564 2781
f 2781 2564 2562
f 2774 2781 2560
f 2560 2781 2562
f 2733 2731 2772
f 2772 2731 2773
f 2773 2731 3212
f 3212 2731 2729
f 3212 2729 2824
f 2824 2729 2727
f 2824 2727 2825
f 2825 2727 2726
f 2825 2726 2828
f 2828 2726 2751
f 2828 2751 2831
f 2831 2751 2753
f 2831 2753 2834
f 2834 2753 2755
f 2834 2755 2837
f 2837 2755 2757
f 2837 2757 2840
f 2840 2757 2759
f 2840 2759 2843
f 2843 2759 2761
f 2843 2761 2846
f 2846 2761 2763
f 2846 2763 2849
f 2849 2763 2765
f 2849 2765 2852
f 2852 2765 2767
f 2852 2767 2855
f 2855 2767 2769
f 2855 2769 2858
f 2858 2769 2748
f 2858 2748 2861
f 2861 2748 2746
f 2861 2746 2864
f 2864 2746 2744
f 2864 2744 3222
f 3222 2744 2743
f 3222 2743 2788
f 2788 2743 2741
f 2789 2788 2739
f 2739 2788 2741
f 2738 2595 2736
f 2736 2595 2594
f 2732 2734 2603
f 2603 2602 2732
f 2732 2602 2606
f 2732 2606 2730
f 2606 2616 2730
f 2730 2616 2618
f 2730 2618 2728
f 2618 2663 2728
f 2728 2663 2656
f 2728 2656 2749
f 2656 2658 2749
f 2749 2658 2635
f 2749 2635 2750
f 2635 2633 2750
f 2750 2633 2638
f 2750 2638 2752
f 2638 2666 2752
f 2752 2666 2668
f 2752 2668 2754
f 2668 2670 2754
f 2754 2670 2672
f 2754 2672 2756
f 2672 2674 2756
f 2756 2674 2676
f 2756 2676 2758
f 2676 2678 2758
f 2758 2678 2680
f 2758 2680 2760
f 2680 2682 2760
f 2760 2682 2684
f 2760 2684 2762
f 2684 2686 2762
f 2762 2686 2725
f 2762 2725 2764
f 2725 2724 2764
f 2764 2724 2722
f 2764 2722 2766
f 2722 2720 2766
f 2766 2720 2718
f 2766 2718 2768
f 2718 2716 2768
f 2768 2716 2714
f 2768 2714 2770
f 2714 2712 2770
f 2770 2712 2710
f 2770 2710 2771
f 2771 2710 2708
f 2771 2708 2747
f 2708 2706 2747
f 2747 2706 2704
f 2747 2704 2745
f 2704 2702 2745
f 2745 2702 2700
f 2745 2700 2742
f 2700 2698 2742
f 2742 2698 2696
f 2742 2696 2740
f 2696 2694 2740
f 2740 2694 2692
f 2740 2692 2738
f 2738 2692 2690
f 2738 2690 2595
f 2553 2555 2597
f 2559 2601 2557
f 2557 2601 2600
f 2597 2596 2553
f 2553 2596 2689
f 2553 2689 2551
f 2689 2691 2551
f 2551 2691 2693
f 2551 2693 2549
f 2693 2695 2549
f 2549 2695 2697
f 2549 2697 2570
f 2697 2699 2570
f 2570 2699 2701
f 2570 2701 2571
f 2701 2703 2571
f 2571 2703 2705
f 2571 2705 2573
f 2705 2707 2573
f 2573 2707 2709
f 2573 2709 2575
f 2709 2711 2575
f 2575 2711 2713
f 2575 2713 2577
f 2713 2715 2577
f 2577 2715 2717
f 2577 2717 2579
f 2717 2719 2579
f 2579 2719 2721
f 2579 2721 2581
f 2721 2723 2581
f 2581 2723 2685
f 2581 2685 2583
f 2685 2687 2583
f 2583 2687 2688
f 2583 2688 2585
f 2688 2683 2585
f 2585 2683 2681
f 2585 2681 2587
f 2681 2679 2587
f 2587 2679 2677
f 2587 2677 2589
f 2677 2675 2589
f 2589 2675 2673
f 2589 2673 2591
f 2673 2671 2591
f 2591 2671 2669
f 2591 2669 2592
f 2592 2669 2667
f 2592 2667 2568
f 2667 2646 2568
f 2568 2646 2650
f 2568 2650 2566
f 2650 2622 2566
f 2566 2622 2621
f 2566 2621 2563
f 2621 2626 2563
f 2563 2626 2629
f 2563 2629 2561
f 2629 2607 2561
f 2561 2607 2609
f 2561 2609 2559
f 2559 2609 2605
f 2559 2605 2601
f 3226 2871 2870
f 3227 3228 3229
f 3229 3228 3230
f 3229 3230 3226
f 2776 2775 3231
f 3231 3232 2776
f 2776 3232 3227
f 2776 3227 2777
f 2887 2886 3233
f 3226 2870 3229
f 3229 2870 2887
f 3229 2887 3234
f 3234 2887 3233
f 3234 3233 3235
f 3227 3229 2777
f 2777 3229 3234
f 2777 3234 2779
f 2779 3234 3235
f 2779 3235 2780
f 3236 3237 3238
f 2782 2783 3239
f 3239 2783 3240
f 3027 3241 3238
f 3238 3241 3242
f 3238 3242 3236
f 3240 2783 3237
f 3237 2783 2784
f 3237 2784 3238
f 3238 2784 2778
f 3238 2778 3243
f 2778 2780 3243
f 3243 2780 3244
f 3243 3244 3245
f 3027 3238 3028
f 3028 3238 3243
f 3028 3243 3030
f 3030 3243 3245
f 3030 3245 2975
f 2780 3246 3247
f 2968 2973 3248
f 3248 2973 2975
f 3247 2945 2968
f 2945 3247 2946
f 2946 3247 3246
f 2946 3246 2944
f 2975 3245 3248
f 3248 3245 3244
f 3248 3244 2780
f 2886 2944 3233
f 3233 2944 3246
f 3233 3246 3235
f 3235 3246 2780
f 2968 3248 3247
f 3247 3248 2780
f 3249 3004 3003
f 3250 3251 3252
f 3252 3251 3253
f 3252 3253 3249
f 2787 2791 3254
f 3254 3255 2787
f 2787 3255 3250
f 2787 3250 2796
f 3013 3002 3256
f 3249 3003 3252
f 3252 3003 3013
f 3252 3013 3257
f 3257 3013 3256
f 3257 3256 3258
f 3250 3252 2796
f 2796 3252 3257
f 2796 3257 2795
f 2795 3257 3258
f 2795 3258 2793
f 3259 3260 3261
f 2786 2785 3262
f 3262 2785 3263
f 2917 3264 3261
f 3261 3264 3265
f 3261 3265 3259
f 3263 2785 3260
f 3260 2785 2797
f 3260 2797 3261
f 3261 2797 2794
f 3261 2794 3266
f 2794 2793 3266
f 3266 2793 3267
f 3266 3267 3268
f 2917 3261 2918
f 2918 3261 3266
f 2918 3266 2920
f 2920 3266 3268
f 2920 3268 2922
f 2793 3269 3270
f 2995 2962 3271
f 3271 2962 2922
f 3270 2996 2995
f 2996 3270 2997
f 2997 3270 3269
f 2997 3269 2998
f 2922 3268 3271
f 3271 3268 3267
f 3271 3267 2793
f 3002 2998 3256
f 3256 2998 3269
f 3256 3269 3258
f 3258 3269 2793
f 2995 3271 3270
f 3270 3271 2793
f 2782 3239 3208
f 3208 3239 3240
f 3208 3240 3272
f 3272 3240 3237
f 3272 3237 3273
f 3273 3237 3236
f 3273 3236 3274
f 3274 3236 3242
f 3274 3242 3275
f 3208 3272 3209
f 3209 3272 3273
f 3209 3273 3210
f 3210 3273 3274
f 3210 3274 3206
f 3206 3274 3275
f 3206 3275 3040
f 3241 3027 3276
f 3276 3027 3277
f 3276 3277 3041
f 3041 3277 3042
f 3242 3241 3275
f 3275 3241 3276
f 3275 3276 3040
f 3040 3276 3041
f 3004 3278 3279
f 3278 3047 3046
f 3278 3046 3279
f 3279 3046 3050
f 3279 3050 3280
f 3280 3050 3049
f 3280 3049 3281
f 3281 3049 3053
f 3281 3053 3282
f 3282 3053 3052
f 3282 3052 3283
f 3283 3052 3056
f 3283 3056 3284
f 3284 3056 3055
f 3284 3055 3285
f 3285 3055 3059
f 3285 3059 3286
f 3286 3059 3058
f 3286 3058 3287
f 3287 3058 3062
f 3287 3062 3288
f 3288 3062 3061
f 3288 3061 3289
f 3289 3061 3065
f 3289 3065 3290
f 3290 3065 3064
f 3290 3064 3291
f 3291 3064 3068
f 3291 3068 3292
f 3292 3068 3067
f 3292 3067 3293
f 3293 3067 3071
f 3293 3071 3294
f 3294 3071 3070
f 3294 3070 3295
f 3295 3070 3074
f 3295 3074 3296
f 3296 3074 3073
f 3296 3073 3297
f 3297 3073 3077
f 3297 3077 3298
f 3298 3077 3076
f 3298 3076 3299
f 3299 3076 3080
f 3299 3080 3300
f 3300 3080 3079
f 3300 3079 3301
f 3301 3079 3083
f 3301 3083 3302
f 3302 3083 3082
f 3302 3082 3303
f 3303 3082 3081
f 3303 3081 3304
f 3304 3081 3043
f 3304 3043 3305
f 3305 3043 3042
f 3305 3042 3277
f 3004 3279 3005
f 3005 3279 3280
f 3005 3280 3012
f 3012 3280 3281
f 3012 3281 3011
f 3011 3281 3282
f 3011 3282 3010
f 3010 3282 3283
f 3010 3283 3009
f 3009 3283 3284
f 3009 3284 3008
f 3008 3284 3285
f 3008 3285 3007
f 3007 3285 3286
f 3007 3286 3006
f 3006 3286 3287
f 3006 3287 3017
f 3017 3287 3288
f 3017 3288 3016
f 3016 3288 3289
f 3016 3289 3015
f 3015 3289 3290
f 3015 3290 3014
f 3014 3290 3291
f 3014 3291 3022
f 3022 3291 3292
f 3022 3292 3021
f 3021 3292 3293
f 3021 3293 3020
f 3020 3293 3294
f 3020 3294 3019
f 3019 3294 3295
f 3019 3295 3018
f 3018 3295 3296
f 3018 3296 3026
f 3026 3296 3297
f 3026 3297 3025
f 3025 3297 3298
f 3025 3298 3024
f 3024 3298 3299
f 3024 3299 3023
f 3023 3299 3300
f 3023 3300 3035
f 3035 3300 3301
f 3035 3301 3034
f 3034 3301 3302
f 3034 3302 3033
f 3033 3302 3303
f 3033 3303 3032
f 3032 3303 3304
f 3032 3304 3031
f 3031 3304 3305
f 3031 3305 3029
f 3029 3305 3277
f 3029 3277 3027
f 3249 3253 3306
f 3306 3253 3307
f 3306 3307 3036
f 3036 3307 3037
f 3004 3249 3278
f 3278 3249 3306
f 3278 3306 3047
f 3047 3306 3036
f 3216 3220 3308
f 3308 3220 3219
f 3308 3219 3309
f 3309 3219 3218
f 3309 3218 3310
f 3310 3218 3037
f 3310 3037 3307
f 2791 3216 3254
f 3254 3216 3308
f 3254 3308 3255
f 3255 3308 3309
f 3255 3309 3250
f 3250 3309 3310
f 3250 3310 3251
f 3251 3310 3307
f 3251 3307 3253
f 2775 3211 3231
f 3231 3211 3215
f 3231 3215 3311
f 3311 3215 3214
f 3311 3214 3312
f 3312 3214 3213
f 3312 3213 3313
f 3313 3213 2823
f 3313 2823 3314
f 3231 3311 3232
f 3232 3311 3312
f 3232 3312 3227
f 3227 3312 3313
f 3227 3313 3228
f 3228 3313 3314
f 3228 3314 3230
f 3226 3230 3315
f 3315 3230 3314
f 3315 3314 2822
f 2822 3314 2823
f 2871 3226 3316
f 3316 3226 3315
f 3316 3315 2827
f 2827 3315 2822
f 2867 3317 3318
f 3317 2917 2919
f 3317 2919 3318
f 3318 2919 2921
f 3318 2921 3319
f 3319 2921 2923
f 3319 2923 3320
f 3320 2923 2925
f 3320 2925 3321
f 3321 2925 2927
f 3321 2927 3322
f 3322 2927 2929
f 3322 2929 3323
f 3323 2929 2908
f 3323 2908 3324
f 3324 2908 2910
f 3324 2910 3325
f 3325 2910 2912
f 3325 2912 3326
f 3326 2912 2914
f 3326 2914 3327
f 3327 2914 2897
f 3327 2897 3328
f 3328 2897 2899
f 3328 2899 3329
f 3329 2899 2901
f 3329 2901 3330
f 3330 2901 2903
f 3330 2903 3331
f 3331 2903 2905
f 3331 2905 3332
f 3332 2905 2888
f 3332 2888 3333
f 3333 2888 2890
f 3333 2890 3334
f 3334 2890 2892
f 3334 2892 3335
f 3335 2892 2894
f 3335 2894 3336
f 3336 2894 2873
f 3336 2873 3337
f 3337 2873 2875
f 3337 2875 3338
f 3338 2875 2877
f 3338 2877 3339
f 3339 2877 2879
f 3339 2879 3340
f 3340 2879 2881
f 3340 2881 3341
f 3341 2881 2883
f 3341 2883 3342
f 3342 2883 2885
f 3342 2885 3343
f 3343 2885 2872
f 3343 2872 3344
f 3344 2872 2871
f 3344 2871 3316
f 2867 3318 2868
f 2868 3318 3319
f 2868 3319 2869
f 2869 3319 3320
f 2869 3320 2862
f 2862 3320 3321
f 2862 3321 2863
f 2863 3321 3322
f 2863 3322 2859
f 2859 3322 3323
f 2859 3323 2860
f 2860 3323 3324
f 2860 3324 2856
f 2856 3324 3325
f 2856 3325 2857
f 2857 3325 3326
f 2857 3326 2853
f 2853 3326 3327
f 2853 3327 2854
f 2854 3327 3328
f 2854 3328 2850
f 2850 3328 3329
f 2850 3329 2851
f 2851 3329 3330
f 2851 3330 2847
f 2847 3330 3331
f 2847 3331 2848
f 2848 3331 3332
f 2848 3332 2844
f 2844 3332 3333
f 2844 3333 2845
f 2845 3333 3334
f 2845 3334 2841
f 2841 3334 3335
f 2841 3335 2842
f 2842 3335 3336
f 2842 3336 2838
f 2838 3336 3337
f 2838 3337 2839
f 2839 3337 3338
f 2839 3338 2835
f 2835 3338 3339
f 2835 3339 2836
f 2836 3339 3340
f 2836 3340 2832
f 2832 3340 3341
f 2832 3341 2833
f 2833 3341 3342
f 2833 3342 2829
f 2829 3342 3343
f 2829 3343 2830
f 2830 3343 3344
f 2830 3344 2826
f 2826 3344 3316
f 2826 3316 2827
f 3264 2917 3345
f 3345 2917 3317
f 3345 3317 2866
f 2866 3317 2867
f 3265 3264 3346
f 3346 3264 3345
f 3346 3345 2865
f 2865 3345 2866
f 3262 3263 3347
f 3347 3263 3260
f 3347 3260 3348
f 3348 3260 3259
f 3348 3259 3349
f 3349 3259 3265
f 3349 3265 3346
f 2786 3262 3223
f 3223 3262 3347
f 3223 3347 3224
f 3224 3347 3348
f 3224 3348 3225
f 3225 3348 3349
f 3225 3349 3221
f 3221 3349 3346
f 3221 3346 2865
f 3116 2613 2612
f 3350 3108 3107
f 3110 3109 3351
f 3351 3109 3108
f 3094 3115 3352
f 3352 3115 3110
f 3096 3095 3353
f 3353 3095 3094
f 3354 3111 3096
f 2615 2614 3112
f 3355 3117 3116
f 3356 3098 3097
f 3357 3102 3101
f 3358 3113 3103
f 3359 3099 3114
f 3161 3100 3099
f 3116 2612 3355
f 3355 2612 2611
f 3355 2611 3360
f 3360 2611 2610
f 3360 2610 3361
f 3361 2610 2608
f 3361 2608 3362
f 3099 3359 3161
f 3161 3359 3363
f 3161 3363 3162
f 3162 3363 3364
f 3162 3364 3163
f 3163 3364 3365
f 3163 3365 3164
f 3164 3365 3366
f 3164 3366 3118
f 2608 2631 3362
f 3362 2631 2630
f 3362 2630 3367
f 3367 2630 2628
f 3367 2628 3368
f 3118 3366 3119
f 3119 3366 3369
f 3119 3369 3160
f 3160 3369 3370
f 3160 3370 3120
f 3120 3370 3121
f 3121 3370 3371
f 3121 3371 3159
f 3159 3371 3372
f 3159 3372 3155
f 3155 3372 3373
f 3155 3373 3156
f 3156 3373 3157
f 3157 3373 3374
f 3157 3374 3158
f 3158 3374 3375
f 3158 3375 3151
f 3151 3375 3376
f 3151 3376 3152
f 3152 3376 3153
f 3153 3376 3377
f 3153 3377 3154
f 3154 3377 3378
f 3154 3378 3147
f 3147 3378 3379
f 3147 3379 3148
f 3148 3379 3149
f 3149 3379 3380
f 3149 3380 3150
f 3150 3380 3381
f 3150 3381 3144
f 3144 3381 3382
f 3144 3382 3145
f 3145 3382 3383
f 3145 3383 3146
f 3146 3383 3140
f 3140 3383 3384
f 3140 3384 3139
f 3139 3384 3385
f 3139 3385 3138
f 3138 3385 3386
f 3138 3386 3141
f 3141 3386 3387
f 3141 3387 3142
f 3142 3387 3143
f 3143 3387 3388
f 3143 3388 3134
f 3134 3388 3389
f 3134 3389 3135
f 3135 3389 3390
f 3135 3390 3136
f 2628 2627 3368
f 3368 2627 2625
f 3368 2625 3391
f 3391 2625 2624
f 3391 2624 3392
f 3392 2624 2623
f 3392 2623 3393
f 3393 2623 2655
f 3393 2655 3394
f 3394 2655 2654
f 3394 2654 3395
f 3395 2654 2653
f 3395 2653 3396
f 3396 2653 2649
f 3396 2649 3397
f 3397 2649 2651
f 3397 2651 3398
f 3398 2651 2652
f 3398 2652 3399
f 3399 2652 2648
f 3399 2648 3400
f 3400 2648 2647
f 3400 2647 3401
f 3401 2647 2645
f 3401 2645 3402
f 3402 2645 2644
f 3402 2644 3403
f 3403 2644 2640
f 3403 2640 3404
f 3404 2640 2639
f 3404 2639 3405
f 3405 2639 2637
f 3405 2637 3406
f 3406 2637 2636
f 3406 2636 3407
f 3407 2636 2643
f 3407 2643 3408
f 3408 2643 2642
f 3408 2642 3409
f 3409 2642 2641
f 3409 2641 3410
f 3410 2641 2632
f 3410 2632 3411
f 3411 2632 2634
f 3411 2634 3412
f 3412 2634 2660
f 3412 2660 3413
f 3136 3390 3137
f 3137 3390 3414
f 3137 3414 3133
f 3133 3414 3415
f 3133 3415 3132
f 3132 3415 3127
f 3127 3415 3416
f 3127 3416 3128
f 3128 3416 3417
f 3128 3417 3129
f 3129 3417 3418
f 3129 3418 3130
f 2660 2659 3413
f 3413 2659 2657
f 3413 2657 3419
f 3419 2657 2665
f 3419 2665 3420
f 3420 2665 2664
f 3420 2664 3421
f 3421 2664 2662
f 3421 2662 3422
f 3422 2662 2661
f 2617 3423 2661
f 2661 3423 3424
f 2661 3424 3422
f 2617 2619 3423
f 3423 2619 2620
f 3423 2620 3425
f 3425 2620 2615
f 3425 2615 3354
f 3354 2615 3112
f 3354 3112 3111
f 3096 3353 3354
f 3354 3353 3426
f 3354 3426 3425
f 3425 3426 3427
f 3425 3427 3423
f 3423 3427 3428
f 3423 3428 3424
f 3424 3428 3429
f 3424 3429 3422
f 3422 3429 3430
f 3422 3430 3421
f 3421 3430 3431
f 3421 3431 3420
f 3420 3431 3432
f 3420 3432 3419
f 3419 3432 3433
f 3419 3433 3413
f 3413 3433 3434
f 3413 3434 3412
f 3412 3434 3435
f 3412 3435 3411
f 3411 3435 3436
f 3411 3436 3410
f 3410 3436 3437
f 3410 3437 3409
f 3409 3437 3438
f 3409 3438 3408
f 3408 3438 3439
f 3408 3439 3407
f 3407 3439 3440
f 3407 3440 3406
f 3406 3440 3441
f 3406 3441 3405
f 3405 3441 3442
f 3405 3442 3404
f 3404 3442 3443
f 3404 3443 3403
f 3403 3443 3444
f 3403 3444 3402
f 3402 3444 3445
f 3402 3445 3401
f 3401 3445 3446
f 3401 3446 3400
f 3400 3446 3447
f 3400 3447 3399
f 3399 3447 3448
f 3399 3448 3398
f 3398 3448 3449
f 3398 3449 3397
f 3397 3449 3450
f 3397 3450 3396
f 3396 3450 3451
f 3396 3451 3395
f 3395 3451 3452
f 3395 3452 3394
f 3394 3452 3453
f 3394 3453 3393
f 3393 3453 3454
f 3393 3454 3392
f 3392 3454 3455
f 3392 3455 3391
f 3391 3455 3456
f 3391 3456 3368
f 3368 3456 3457
f 3368 3457 3367
f 3367 3457 3458
f 3367 3458 3362
f 3362 3458 3459
f 3362 3459 3361
f 3361 3459 3460
f 3361 3460 3360
f 3360 3460 3356
f 3360 3356 3355
f 3355 3356 3097
f 3355 3097 3117
f 3094 3352 3353
f 3353 3352 3461
f 3353 3461 3426
f 3426 3461 3462
f 3426 3462 3427
f 3427 3462 3463
f 3427 3463 3428
f 3428 3463 3464
f 3428 3464 3429
f 3429 3464 3465
f 3429 3465 3430
f 3430 3465 3466
f 3430 3466 3431
f 3431 3466 3467
f 3431 3467 3432
f 3432 3467 3468
f 3432 3468 3433
f 3433 3468 3469
f 3433 3469 3434
f 3434 3469 3470
f 3434 3470 3435
f 3435 3470 3471
f 3435 3471 3436
f 3436 3471 3472
f 3436 3472 3437
f 3437 3472 3473
f 3437 3473 3438
f 3438 3473 3474
f 3438 3474 3439
f 3439 3474 3475
f 3439 3475 3440
f 3440 3475 3476
f 3440 3476 3441
f 3441 3476 3477
f 3441 3477 3442
f 3442 3477 3478
f 3442 3478 3443
f 3443 3478 3479
f 3443 3479 3444
f 3444 3479 3480
f 3444 3480 3445
f 3445 3480 3481
f 3445 3481 3446
f 3446 3481 3482
f 3446 3482 3447
f 3447 3482 3483
f 3447 3483 3448
f 3448 3483 3484
f 3448 3484 3449
f 3449 3484 3485
f 3449 3485 3450
f 3450 3485 3486
f 3450 3486 3451
f 3451 3486 3487
f 3451 3487 3452
f 3452 3487 3488
f 3452 3488 3453
f 3453 3488 3489
f 3453 3489 3454
f 3454 3489 3490
f 3454 3490 3455
f 3455 3490 3491
f 3455 3491 3456
f 3456 3491 3492
f 3456 3492 3457
f 3457 3492 3493
f 3457 3493 3458
f 3458 3493 3494
f 3458 3494 3459
f 3459 3494 3495
f 3459 3495 3460
f 3460 3495 3357
f 3460 3357 3356
f 3356 3357 3101
f 3356 3101 3098
f 3110 3351 3352
f 3352 3351 3496
f 3352 3496 3461
f 3461 3496 3497
f 3461 3497 3462
f 3462 3497 3498
f 3462 3498 3463
f 3463 3498 3499
f 3463 3499 3464
f 3464 3499 3500
f 3464 3500 3465
f 3465 3500 3501
f 3465 3501 3466
f 3466 3501 3502
f 3466 3502 3467
f 3467 3502 3503
f 3467 3503 3468
f 3468 3503 3504
f 3468 3504 3469
f 3469 3504 3505
f 3469 3505 3470
f 3470 3505 3506
f 3470 3506 3471
f 3471 3506 3507
f 3471 3507 3472
f 3472 3507 3508
f 3472 3508 3473
f 3473 3508 3509
f 3473 3509 3474
f 3474 3509 3510
f 3474 3510 3475
f 3475 3510 3511
f 3475 3511 3476
f 3476 3511 3512
f 3476 3512 3477
f 3477 3512 3513
f 3477 3513 3478
f 3478 3513 3514
f 3478 3514 3479
f 3479 3514 3515
f 3479 3515 3480
f 3480 3515 3516
f 3480 3516 3481
f 3481 3516 3517
f 3481 3517 3482
f 3482 3517 3518
f 3482 3518 3483
f 3483 3518 3519
f 3483 3519 3484
f 3484 3519 3520
f 3484 3520 3485
f 3485 3520 3521
f 3485 3521 3486
f 3486 3521 3522
f 3486 3522 3487
f 3487 3522 3523
f 3487 3523 3488
f 3488 3523 3524
f 3488 3524 3489
f 3489 3524 3525
f 3489 3525 3490
f 3490 3525 3526
f 3490 3526 3491
f 3491 3526 3527
f 3491 3527 3492
f 3492 3527 3528
f 3492 3528 3493
f 3493 3528 3529
f 3493 3529 3494
f 3494 3529 3530
f 3494 3530 3495
f 3495 3530 3358
f 3495 3358 3357
f 3357 3358 3103
f 3357 3103 3102
f 3108 3350 3351
f 3351 3350 3531
f 3351 3531 3496
f 3496 3531 3532
f 3496 3532 3497
f 3497 3532 3533
f 3497 3533 3498
f 3498 3533 3534
f 3498 3534 3499
f 3499 3534 3418
f 3499 3418 3500
f 3500 3418 3417
f 3500 3417 3501
f 3501 3417 3416
f 3501 3416 3502
f 3502 3416 3415
f 3502 3415 3503
f 3503 3415 3414
f 3503 3414 3504
f 3504 3414 3390
f 3504 3390 3505
f 3505 3390 3389
f 3505 3389 3506
f 3506 3389 3388
f 3506 3388 3507
f 3507 3388 3387
f 3507 3387 3508
f 3508 3387 3386
f 3508 3386 3509
f 3509 3386 3385
f 3509 3385 3510
f 3510 3385 3384
f 3510 3384 3511
f 3511 3384 3383
f 3511 3383 3512
f 3512 3383 3382
f 3512 3382 3513
f 3513 3382 3381
f 3513 3381 3514
f 3514 3381 3380
f 3514 3380 3515
f 3515 3380 3379
f 3515 3379 3516
f 3516 3379 3378
f 3516 3378 3517
f 3517 3378 3377
f 3517 3377 3518
f 3518 3377 3376
f 3518 3376 3519
f 3519 3376 3375
f 3519 3375 3520
f 3520 3375 3374
f 3520 3374 3521
f 3521 3374 3373
f 3521 3373 3522
f 3522 3373 3372
f 3522 3372 3523
f 3523 3372 3371
f 3523 3371 3524
f 3524 3371 3370
f 3524 3370 3525
f 3525 3370 3369
f 3525 3369 3526
f 3526 3369 3366
f 3526 3366 3527
f 3527 3366 3365
f 3527 3365 3528
f 3528 3365 3364
f 3528 3364 3529
f 3529 3364 3363
f 3529 3363 3530
f 3530 3363 3359
f 3530 3359 3358
f 3358 3359 3114
f 3358 3114 3113
f 3130 3418 3131
f 3131 3418 3534
f 3131 3534 3126
f 3126 3534 3533
f 3126 3533 3125
f 3125 3533 3532
f 3125 3532 3122
f 3122 3532 3531
f 3122 3531 3123
f 3123 3531 3350
f 3123 3350 3124
f 3124 3350 3107
f 3124 3107 3106
f 2560 3168 2774
f 2774 3168 3169
f 2558 3167 2560
f 2560 3167 3168
f 3170 2772 3169
f 3169 2772 2774
f 2557 2600 2558
f 2558 2600 2599
f 2558 2599 3167
f 3167 2599 3166
f 3171 2733 3170
f 3170 2733 2772
f 2604 3165 2599
f 2599 3165 3166
f 3172 2735 3171
f 3171 2735 2733
f 3172 3165 2735
f 2735 3165 2604
f 2735 2604 2734
f 2734 2604 2603
f 2790 3173 2554
f 2554 3173 3175
f 2789 3190 2790
f 2790 3190 3173
f 3177 2556 3175
f 3175 2556 2554
f 2739 3188 2789
f 2789 3188 3190
f 3177 3180 2556
f 2556 3180 2598
f 2556 2598 2555
f 2555 2598 2597
f 2737 3185 2739
f 2739 3185 3188
f 3183 2593 3180
f 3180 2593 2598
f 2736 2594 2737
f 2737 2594 2593
f 2737 2593 3185
f 3185 2593 3183

