# https://github.com/mikedh/trimesh
mtllib mtl_foot-sole
usemtl mtl_foot-sole
v 0.01636906 -0.02514068 -0.00850000
v 0.01636906 -0.02514068 -0.00579900
v 0.01056555 -0.02807791 -0.00500000
v 0.01641029 -0.02511379 -0.00522600
v 0.01644970 -0.02508800 -0.00500000
v 0.01056555 -0.02807791 -0.00850000
v 0.00409091 -0.02971977 -0.00500000
v 0.00409091 -0.02971977 -0.00850000
v 0.07357106 -0.03832500 0.00000000
v 0.07335000 -0.03750000 0.00000000
v 0.02421530 -0.04350000 0.00000000
v -0.02392894 -0.03832500 0.00000000
v -0.02415000 -0.03750000 0.00000000
v -0.04875000 -0.04350000 0.00000000
v -0.07642894 -0.03832500 0.00000000
v -0.07665000 -0.03750000 0.00000000
v -0.09072030 -0.04350000 0.00000000
v -0.10108225 0.04269926 0.00000000
v -0.10675000 0.04035160 0.00000000
v -0.09072030 0.04132500 -0.00000000
v -0.01735882 0.00808139 -0.00000000
v -0.02053816 0.00881182 -0.00000000
v -0.02053816 -0.00000000 0.00000000
v 0.01281060 0.00602583 -0.00000000
v 0.01357895 0.00889333 -0.00000000
v -0.00353780 0.00881182 -0.00000000
v 0.01854560 -0.01176083 0.00000000
v 0.01567810 -0.01099249 0.00000000
v 0.01683030 -0.01254985 0.00000000
v -0.10543494 0.01271530 -0.00000000
v -0.10719530 0.01095494 -0.00000000
v -0.09072030 0.00881182 -0.00000000
v -0.11850000 0.00881182 -0.00000000
v -0.10960000 0.01031060 -0.00000000
v -0.11200470 0.01095494 -0.00000000
v -0.09072030 0.02085622 -0.00000000
v -0.10479060 0.01812000 -0.00000000
v -0.10479060 0.01512000 -0.00000000
v -0.11376506 0.01271530 -0.00000000
v -0.11440940 0.01512000 -0.00000000
v -0.11850000 0.02000000 -0.00000000
v -0.11440940 0.01812000 -0.00000000
v -0.11769926 0.02608225 0.00000000
v -0.11376506 0.02052470 -0.00000000
v -0.11535159 0.03175000 0.00000000
v -0.11200470 0.02228506 -0.00000000
v -0.10960000 0.02292940 -0.00000000
v -0.09072030 0.03032944 -0.00000000
v -0.10719530 0.02228506 -0.00000000
v -0.10543494 0.02052470 -0.00000000
v -0.10543494 -0.01271530 0.00000000
v -0.10479060 -0.01512000 0.00000000
v -0.09072030 -0.01254985 0.00000000
v -0.10479060 -0.01812000 0.00000000
v -0.09072030 -0.03032944 0.00000000
v -0.10543494 -0.02052470 0.00000000
v -0.10719530 -0.02228506 0.00000000
v -0.10960000 -0.02292940 0.00000000
v -0.11535159 -0.03175000 0.00000000
v -0.11200470 -0.02228506 0.00000000
v -0.11769926 -0.02608225 0.00000000
v -0.11376506 -0.02052470 0.00000000
v -0.11850000 -0.02000000 0.00000000
v -0.11440940 -0.01812000 0.00000000
v -0.11850000 -0.01254985 0.00000000
v -0.11440940 -0.01512000 0.00000000
v -0.11376506 -0.01271530 0.00000000
v -0.11850000 -0.00881182 0.00000000
v -0.11200470 -0.01095494 0.00000000
v -0.10719530 -0.01095494 0.00000000
v -0.09072030 -0.00881182 0.00000000
v -0.10960000 -0.01031060 0.00000000
v -0.00353780 -0.00881182 0.00000000
v 0.01357895 -0.00889333 0.00000000
v 0.01281060 -0.00602583 0.00000000
v -0.00353780 -0.00000000 0.00000000
v 0.02141310 -0.01099249 0.00000000
v 0.02421530 -0.01254985 0.00000000
v 0.02351226 -0.00889333 0.00000000
v 0.02421530 -0.00881182 0.00000000
v 0.02428060 -0.00602583 0.00000000
v 0.09072030 -0.00881182 0.00000000
v 0.09072030 -0.00000000 0.00000000
v 0.02421530 -0.00000000 -0.00000000
v 0.02141310 -0.00105918 0.00000000
v 0.01854560 -0.00029083 0.00000000
v 0.01683030 -0.00000000 0.00000000
v 0.01567810 -0.00105918 0.00000000
v 0.01357895 -0.00315833 0.00000000
v 0.01357895 0.00315833 -0.00000000
v 0.02351226 0.00315833 -0.00000000
v 0.02141310 0.00105918 -0.00000000
v 0.01854560 0.00029083 -0.00000000
v 0.01567810 0.00105918 -0.00000000
v 0.02428060 0.00602583 -0.00000000
v 0.09072030 0.00881182 -0.00000000
v 0.02351226 0.00889333 -0.00000000
v 0.02421530 0.00881182 -0.00000000
v 0.02141310 0.01099249 -0.00000000
v 0.02421530 0.02085622 -0.00000000
v 0.01854560 0.01176083 -0.00000000
v -0.00405428 0.01333888 -0.00000000
v -0.00118678 0.01410722 -0.00000000
v 0.00091238 0.01620638 -0.00000000
v 0.01567810 0.01099249 -0.00000000
v 0.00168072 0.01907388 -0.00000000
v 0.01683030 0.02085622 -0.00000000
v -0.01449132 -0.01878305 0.00000000
v -0.01735882 -0.01801470 0.00000000
v -0.02053816 -0.03032944 0.00000000
v -0.00692178 -0.01410722 0.00000000
v -0.00405428 -0.01333888 0.00000000
v -0.00353780 -0.01254985 0.00000000
v -0.00875632 -0.01304805 0.00000000
v -0.00952467 -0.01591555 0.00000000
v -0.00902093 -0.01620638 0.00000000
v -0.01500780 -0.03032944 0.00000000
v -0.00902093 -0.02194138 0.00000000
v -0.00978928 -0.01907388 0.00000000
v -0.01162382 -0.01801470 0.00000000
v -0.01735882 -0.00808139 0.00000000
v -0.01449132 -0.00731305 0.00000000
v -0.01500780 -0.00000000 0.00000000
v -0.01162382 -0.00808139 0.00000000
v -0.01945798 -0.01591555 0.00000000
v -0.02022632 -0.01304805 0.00000000
v -0.02053816 -0.01254985 0.00000000
v -0.02053816 -0.00881182 0.00000000
v -0.00118678 -0.01410722 0.00000000
v 0.00091238 -0.01620638 0.00000000
v 0.00168072 -0.01907388 0.00000000
v 0.01683030 -0.03032944 0.00000000
v 0.00091238 -0.02194138 0.00000000
v -0.00118678 -0.02404053 0.00000000
v -0.00353780 -0.03032944 0.00000000
v -0.00405428 -0.02480888 0.00000000
v -0.00692178 -0.02404053 0.00000000
v -0.01449132 0.01878305 -0.00000000
v -0.01162382 0.01801470 -0.00000000
v -0.00902093 0.02194138 -0.00000000
v -0.00875632 0.01304805 -0.00000000
v -0.00692178 0.01410722 -0.00000000
v -0.00952467 0.01591555 -0.00000000
v -0.00902093 0.01620638 -0.00000000
v -0.00978928 0.01907388 -0.00000000
v -0.00952467 0.01018055 -0.00000000
v -0.01735882 0.01801470 -0.00000000
v -0.01500780 0.02085622 -0.00000000
v -0.01500780 0.03032944 -0.00000000
v -0.00692178 0.02404053 -0.00000000
v -0.00353780 0.03032944 -0.00000000
v -0.00405428 0.02480888 -0.00000000
v 0.01683030 0.03032944 -0.00000000
v -0.00118678 0.02404053 -0.00000000
v 0.00091238 0.02194138 -0.00000000
v -0.01945798 0.01591555 -0.00000000
v -0.02053816 0.02085622 -0.00000000
v -0.02022632 0.01304805 -0.00000000
v -0.01945798 0.01018055 -0.00000000
v -0.01449132 0.00731305 -0.00000000
v -0.01945798 -0.01018055 0.00000000
v -0.01162382 0.00808139 -0.00000000
v -0.00952467 -0.01018055 0.00000000
v 0.11376506 -0.01271530 0.00000000
v 0.11440940 -0.01512000 0.00000000
v 0.11645470 -0.01254985 0.00000000
v 0.11440940 -0.01812000 0.00000000
v 0.11535159 -0.03175000 0.00000000
v 0.11376506 -0.02052470 0.00000000
v 0.11200470 -0.02228506 0.00000000
v 0.10479060 -0.01812000 0.00000000
v 0.09072030 -0.01254985 0.00000000
v 0.10543494 -0.02052470 0.00000000
v 0.09072030 -0.03032944 0.00000000
v 0.10719530 -0.02228506 0.00000000
v 0.10960000 -0.02292940 0.00000000
v 0.10479060 -0.01512000 0.00000000
v 0.10543494 -0.01271530 0.00000000
v 0.10719530 -0.01095494 0.00000000
v 0.11200470 -0.01095494 0.00000000
v 0.11645470 -0.00881182 0.00000000
v 0.10960000 -0.01031060 0.00000000
v 0.10960000 0.01031060 -0.00000000
v 0.10719530 0.01095494 -0.00000000
v 0.11645470 0.02085622 -0.00000000
v 0.11440940 0.01512000 -0.00000000
v 0.11645470 0.00881182 -0.00000000
v 0.11376506 0.01271530 -0.00000000
v 0.11200470 0.01095494 -0.00000000
v 0.10543494 0.01271530 -0.00000000
v 0.10479060 0.01512000 -0.00000000
v 0.09072030 0.02085622 -0.00000000
v 0.10479060 0.01812000 -0.00000000
v 0.10543494 0.02052470 -0.00000000
v 0.09072030 0.03032944 -0.00000000
v 0.10719530 0.02228506 -0.00000000
v 0.11200470 0.02228506 -0.00000000
v 0.11376506 0.02052470 -0.00000000
v 0.11440940 0.01812000 -0.00000000
v 0.11850000 0.02000000 -0.00000000
v 0.11769926 0.02608225 -0.00000000
v 0.11535159 0.03175000 -0.00000000
v 0.10960000 0.02292940 -0.00000000
v 0.11769926 -0.02608225 0.00000000
v 0.09072030 -0.04350000 0.00000000
v 0.09500000 -0.04350000 0.00000000
v 0.10108225 -0.04269926 0.00000000
v 0.10675000 -0.04035160 0.00000000
v 0.11161701 -0.03661701 0.00000000
v -0.11161701 -0.03661701 0.00000000
v -0.10675000 -0.04035160 0.00000000
v -0.10108225 -0.04269926 0.00000000
v -0.09500000 -0.04350000 0.00000000
v -0.11161701 0.03661701 0.00000000
v 0.09500000 0.04350000 -0.00000000
v 0.09072030 0.04132500 -0.00000000
v 0.10108225 0.04269926 -0.00000000
v 0.10675000 0.04035160 -0.00000000
v 0.11161701 0.03661701 -0.00000000
v -0.07357106 -0.03667500 0.00000000
v -0.07335000 -0.03750000 0.00000000
v -0.07357106 -0.03832500 0.00000000
v -0.07417500 -0.03607106 0.00000000
v -0.04875000 -0.03032944 0.00000000
v -0.07642894 -0.03667500 0.00000000
v -0.07582500 -0.03607106 0.00000000
v -0.07500000 -0.03585000 0.00000000
v -0.07417500 -0.03892894 0.00000000
v -0.07500000 -0.03915000 0.00000000
v -0.07582500 -0.03892894 0.00000000
v -0.02392894 -0.03667500 0.00000000
v -0.02053816 -0.04350000 0.00000000
v -0.02250000 -0.03915000 0.00000000
v -0.02332500 -0.03892894 0.00000000
v -0.02332500 -0.03607106 0.00000000
v -0.02250000 -0.03585000 0.00000000
v -0.02085000 -0.03750000 0.00000000
v -0.02107106 -0.03832500 0.00000000
v -0.02167500 -0.03892894 0.00000000
v -0.02167500 -0.03607106 0.00000000
v -0.02107106 -0.03667500 0.00000000
v 0.02250000 -0.03585000 0.00000000
v 0.02332500 -0.03607106 0.00000000
v 0.02421530 -0.03032944 0.00000000
v 0.02085000 -0.03750000 0.00000000
v 0.01683030 -0.04350000 0.00000000
v 0.02107106 -0.03832500 0.00000000
v 0.02167500 -0.03892894 0.00000000
v -0.01500780 -0.04350000 0.00000000
v -0.00353780 -0.04350000 0.00000000
v 0.02107106 -0.03667500 0.00000000
v 0.02250000 -0.03915000 0.00000000
v 0.02332500 -0.03892894 0.00000000
v 0.02167500 -0.03607106 0.00000000
v 0.02392894 -0.03667500 0.00000000
v 0.02415000 -0.03750000 0.00000000
v 0.02392894 -0.03832500 0.00000000
v 0.07357106 -0.03667500 0.00000000
v 0.07417500 -0.03607106 0.00000000
v 0.07500000 -0.03585000 0.00000000
v 0.07582500 -0.03607106 0.00000000
v 0.07642894 -0.03667500 0.00000000
v 0.07665000 -0.03750000 0.00000000
v 0.07642894 -0.03832500 0.00000000
v 0.07582500 -0.03892894 0.00000000
v 0.07500000 -0.03915000 0.00000000
v 0.07417500 -0.03892894 0.00000000
v 0.02351226 -0.00315833 0.00000000
v -0.11850000 -0.00000000 0.00000000
v -0.09072030 -0.00000000 -0.00000000
v 0.11645470 -0.00000000 0.00000000
v 0.11850000 -0.02000000 0.00000000
v 0.11850000 -0.01254985 0.00000000
v 0.11850000 -0.00881182 0.00000000
v 0.11850000 0.00000000 0.00000000
v 0.11850000 0.00881182 -0.00000000
v -0.02053816 0.03032944 -0.00000000
v -0.07357106 0.03832500 -0.00000000
v -0.07335000 0.03750000 -0.00000000
v -0.04875000 0.04132500 -0.00000000
v -0.04875000 0.03032944 -0.00000000
v -0.07357106 0.03667500 -0.00000000
v -0.07417500 0.03607106 -0.00000000
v -0.07500000 0.03585000 -0.00000000
v -0.07582500 0.03607106 -0.00000000
v -0.07642894 0.03667500 -0.00000000
v -0.07665000 0.03750000 -0.00000000
v -0.07642894 0.03832500 -0.00000000
v -0.07582500 0.03892894 -0.00000000
v -0.07500000 0.03915000 -0.00000000
v -0.07417500 0.03892894 -0.00000000
v -0.04875000 -0.01254985 0.00000000
v -0.04875000 -0.00881182 0.00000000
v -0.04875000 -0.00000000 0.00000000
v -0.04875000 0.00881182 -0.00000000
v -0.04875000 0.02085622 -0.00000000
v -0.02250000 0.03585000 -0.00000000
v -0.02415000 0.03750000 -0.00000000
v -0.02392894 0.03667500 -0.00000000
v -0.02332500 0.03607106 -0.00000000
v -0.02392894 0.03832500 -0.00000000
v -0.02332500 0.03892894 -0.00000000
v -0.02053816 0.04132500 -0.00000000
v -0.02250000 0.03915000 -0.00000000
v -0.02085000 0.03750000 -0.00000000
v -0.02107106 0.03667500 -0.00000000
v -0.02167500 0.03607106 -0.00000000
v -0.02167500 0.03892894 -0.00000000
v -0.02107106 0.03832500 -0.00000000
v 0.02250000 0.03585000 -0.00000000
v 0.02167500 0.03607106 -0.00000000
v 0.02107106 0.03667500 -0.00000000
v 0.02332500 0.03607106 -0.00000000
v 0.02421530 0.03032944 -0.00000000
v -0.01500780 0.04132500 -0.00000000
v -0.00353780 0.04132500 -0.00000000
v 0.01683030 0.04132500 -0.00000000
v 0.02085000 0.03750000 -0.00000000
v 0.02107106 0.03832500 -0.00000000
v 0.02167500 0.03892894 -0.00000000
v 0.02421530 0.04132500 -0.00000000
v 0.02250000 0.03915000 -0.00000000
v 0.02332500 0.03892894 -0.00000000
v 0.02392894 0.03832500 -0.00000000
v 0.02415000 0.03750000 -0.00000000
v 0.02392894 0.03667500 -0.00000000
v 0.07642894 0.03832500 -0.00000000
v 0.07665000 0.03750000 -0.00000000
v 0.07642894 0.03667500 -0.00000000
v 0.07582500 0.03607106 -0.00000000
v 0.07500000 0.03585000 -0.00000000
v 0.07417500 0.03607106 -0.00000000
v 0.07357106 0.03667500 -0.00000000
v 0.07335000 0.03750000 -0.00000000
v 0.07357106 0.03832500 -0.00000000
v 0.07417500 0.03892894 -0.00000000
v 0.07500000 0.03915000 -0.00000000
v 0.07582500 0.03892894 -0.00000000
v 0.09072030 0.04350000 -0.00000000
v 0.02421530 0.04350000 -0.00000000
v 0.01683030 0.04350000 -0.00000000
v -0.00353780 0.04350000 -0.00000000
v -0.01500780 0.04350000 -0.00000000
v -0.02053816 0.04350000 -0.00000000
v -0.04875000 0.04350000 -0.00000000
v -0.09072030 0.04350000 -0.00000000
v -0.09500000 0.04350000 0.00000000
v 0.05393285 -0.02203716 -0.00500000
v 0.10038285 -0.03047437 -0.00500000
v 0.05393285 -0.02203716 -0.00850000
v 0.10038285 -0.03047437 -0.00850000
v 0.04093285 0.01967583 -0.00500000
v 0.02907325 0.01752165 -0.00500000
v 0.04093285 0.01967583 -0.00850000
v 0.02907325 0.01752165 -0.00850000
v -0.11210000 0.01512000 -0.00500000
v -0.11176506 0.01387000 -0.00500000
v -0.11250000 0.00157500 -0.00500000
v -0.11085000 0.01295494 -0.00500000
v -0.11155365 0.00000000 -0.00500000
v -0.04493791 -0.01345000 -0.00500000
v -0.02858074 -0.00610114 -0.00500000
v -0.02893033 -0.00638412 -0.00500000
v -0.02858074 0.00610114 -0.00500000
v -0.02814250 0.00600000 -0.00500000
v -0.03800000 0.00600000 -0.00500000
v -0.05100009 -0.01345000 -0.00500000
v -0.04971900 -0.01216891 -0.00500000
v -0.04400000 -0.00000000 -0.00500000
v -0.04319615 -0.00300000 -0.00500000
v -0.04796900 0.01170000 -0.00500000
v -0.04971900 0.01216891 -0.00500000
v -0.10710000 0.01512000 -0.00500000
v -0.02912056 0.00679168 -0.00500000
v -0.02893033 0.00638412 -0.00500000
v -0.04493791 0.01345000 -0.00500000
v -0.05393285 0.02203716 -0.00500000
v -0.10743494 0.01937000 -0.00500000
v -0.10566900 0.02331891 -0.00500000
v -0.10743494 -0.01387000 -0.00500000
v -0.10835000 -0.01295494 -0.00500000
v -0.11250000 -0.00157500 -0.00500000
v -0.10960000 -0.01262000 -0.00500000
v -0.11700000 -0.00157500 -0.00500000
v -0.02814250 -0.00600000 -0.00500000
v -0.03800000 -0.00600000 -0.00500000
v -0.04100000 -0.00519615 -0.00500000
v -0.04621900 -0.01216891 -0.00500000
v -0.04796900 -0.01170000 -0.00500000
v -0.10741900 0.02285000 -0.00500000
v -0.11176506 0.01937000 -0.00500000
v -0.11210000 0.01812000 -0.00500000
v -0.11700000 0.01985000 -0.00500000
v -0.11700000 0.00157500 -0.00500000
v -0.11176506 -0.01937000 -0.00500000
v -0.11659808 -0.02135000 -0.00500000
v -0.11210000 -0.01812000 -0.00500000
v -0.11700000 -0.01985000 -0.00500000
v -0.04446900 -0.01672413 -0.00500000
v -0.04446900 -0.01520000 -0.00500000
v -0.04093285 -0.01967583 -0.00500000
v -0.10710000 -0.01512000 -0.00500000
v -0.05146900 -0.01520000 -0.00500000
v -0.05146900 -0.01908546 -0.00500000
v -0.05146900 0.01908546 -0.00500000
v -0.05146900 0.01520000 -0.00500000
v -0.05100009 0.01345000 -0.00500000
v -0.04621900 0.01216891 -0.00500000
v -0.11659808 0.02135000 -0.00500000
v -0.11550000 0.02244808 -0.00500000
v -0.11085000 0.02028506 -0.00500000
v -0.11400000 0.02285000 -0.00500000
v -0.10960000 0.02062000 -0.00500000
v -0.10835000 0.02028506 -0.00500000
v -0.11085000 -0.01295494 -0.00500000
v -0.11176506 -0.01387000 -0.00500000
v -0.11210000 -0.01512000 -0.00500000
v -0.02907325 -0.01752165 -0.00500000
v -0.04100000 0.00519615 -0.00500000
v -0.04319615 0.00300000 -0.00500000
v -0.10743494 0.01387000 -0.00500000
v -0.10835000 0.01295494 -0.00500000
v -0.10960000 0.01262000 -0.00500000
v -0.10438791 0.02460000 -0.00500000
v -0.10391900 0.02635000 -0.00500000
v -0.10038285 0.03047437 -0.00500000
v -0.10391900 0.02752267 -0.00500000
v -0.10038285 -0.03047437 -0.00500000
v -0.10168426 -0.03042342 -0.00500000
v -0.10284144 -0.02982576 -0.00500000
v -0.04446900 0.01520000 -0.00500000
v -0.02691764 0.01324541 -0.00500000
v -0.02911293 0.00724138 -0.00500000
v -0.10438791 -0.02460000 -0.00500000
v -0.05393285 -0.02203716 -0.00500000
v -0.10391900 -0.02635000 -0.00500000
v -0.10391900 -0.02752267 -0.00500000
v -0.10363629 -0.02879402 -0.00500000
v -0.05178580 -0.02042725 -0.00500000
v -0.05266928 -0.02148567 -0.00500000
v -0.10710000 -0.01812000 -0.00500000
v -0.10743494 -0.01937000 -0.00500000
v -0.10835000 -0.02028506 -0.00500000
v -0.10566900 -0.02331891 -0.00500000
v -0.10960000 -0.02062000 -0.00500000
v -0.10741900 -0.02285000 -0.00500000
v -0.11085000 -0.02028506 -0.00500000
v -0.11400000 -0.02285000 -0.00500000
v -0.11550000 -0.02244808 -0.00500000
v -0.05178580 0.02042725 -0.00500000
v -0.05266928 0.02148567 -0.00500000
v -0.10710000 0.01812000 -0.00500000
v -0.10363629 0.02879402 -0.00500000
v -0.10284144 0.02982576 -0.00500000
v -0.10168426 0.03042342 -0.00500000
v -0.02693052 -0.01592035 -0.00500000
v -0.02781353 -0.01697304 -0.00500000
v -0.02660944 -0.01458439 -0.00500000
v -0.02691764 -0.01324541 -0.00500000
v -0.02911293 -0.00724138 -0.00500000
v -0.02912056 -0.00679168 -0.00500000
v -0.04223426 -0.01962489 -0.00500000
v -0.04339144 -0.01902722 -0.00500000
v -0.04418629 -0.01799548 -0.00500000
v -0.02907325 0.01752165 -0.00500000
v -0.02781353 0.01697304 -0.00500000
v -0.02693052 0.01592035 -0.00500000
v -0.04339144 0.01902722 -0.00500000
v -0.04223426 0.01962489 -0.00500000
v -0.04418629 0.01799548 -0.00500000
v -0.04093285 0.01967583 -0.00500000
v -0.04446900 0.01672413 -0.00500000
v -0.02660944 0.01458439 -0.00500000
v -0.04093285 -0.01967583 -0.00850000
v -0.02907325 -0.01752165 -0.00850000
v -0.05393285 -0.02203716 -0.00850000
v -0.10038285 -0.03047437 -0.00850000
v -0.05393285 0.02203716 -0.00850000
v -0.07769400 0.02635315 -0.00850000
v -0.10038285 0.03047437 -0.00850000
v -0.10459109 0.03979927 -0.00500000
v -0.10459109 0.03979927 -0.00850000
v -0.10179837 0.04092324 -0.01000000
v -0.11700000 0.02000000 -0.00850000
v -0.11700000 0.02000000 -0.01000000
v -0.11592324 0.02679837 -0.00850000
v -0.11592324 0.02679837 -0.01000000
v -0.11284560 0.03286603 -0.00850000
v -0.11279837 0.03293128 -0.01000000
v -0.11279837 0.03293128 -0.00850000
v -0.10793128 0.03779837 -0.01000000
v -0.10793128 0.03779837 -0.00850000
v -0.11111092 0.03498127 -0.00850000
v -0.09500000 0.04200000 -0.01000000
v -0.09500000 0.04200000 -0.00500000
v -0.10179837 0.04092324 -0.00500000
v -0.10459109 -0.03979927 -0.00850000
v -0.10459109 -0.03979927 -0.00500000
v -0.10179837 -0.04092324 -0.00500000
v -0.11592324 -0.02679837 -0.01000000
v -0.11700000 -0.02000000 -0.01000000
v -0.11700000 -0.02000000 -0.00850000
v -0.11671911 -0.02350430 -0.00850000
v -0.11592324 -0.02679837 -0.00850000
v -0.11279837 -0.03293128 -0.01000000
v -0.11279837 -0.03293128 -0.00850000
v -0.10793128 -0.03779837 -0.01000000
v -0.10793128 -0.03779837 -0.00850000
v -0.10179837 -0.04092324 -0.01000000
v -0.09500000 -0.04200000 -0.01000000
v -0.09500000 -0.04200000 -0.00500000
v -0.04093285 0.01967583 -0.00850000
v -0.02907325 0.01752165 -0.00850000
v 0.09500000 -0.04200000 -0.00500000
v 0.09157500 -0.04200000 -0.00500000
v 0.09157500 -0.03750000 -0.00500000
v 0.10459109 -0.03979927 -0.00500000
v 0.10179837 -0.04092324 -0.00500000
v 0.10381936 -0.03414767 -0.00500000
v 0.03157500 -0.03750000 -0.00500000
v 0.02449677 -0.01973946 -0.00500000
v 0.03000000 -0.03655364 -0.00500000
v 0.07665000 -0.03750000 -0.00500000
v 0.09000000 -0.03655364 -0.00500000
v 0.07642894 -0.03832500 -0.00500000
v 0.08842500 -0.03750000 -0.00500000
v 0.07582500 -0.03892894 -0.00500000
v 0.07500000 -0.03915000 -0.00500000
v 0.02183232 -0.02057684 -0.00500000
v 0.02305284 -0.01983180 -0.00500000
v 0.10572914 -0.03883644 -0.00500000
v 0.10626327 -0.03744471 -0.00500000
v 0.10606159 -0.03596771 -0.00500000
v 0.10517389 -0.03477013 -0.00500000
v 0.07642894 -0.03667500 -0.00500000
v 0.07357106 -0.03832500 -0.00500000
v 0.03157500 -0.04200000 -0.00500000
v 0.07335000 -0.03750000 -0.00500000
v 0.07357106 -0.03667500 -0.00500000
v 0.02068294 -0.02833421 -0.00500000
v 0.02168738 -0.02903752 -0.00500000
v 0.02167500 -0.03607106 -0.00500000
v 0.02107106 -0.03832500 -0.00500000
v 0.02167500 -0.03892894 -0.00500000
v 0.00450000 -0.04200000 -0.00500000
v 0.02250000 -0.03915000 -0.00500000
v 0.02842500 -0.04200000 -0.00500000
v 0.02332500 -0.03892894 -0.00500000
v 0.02842500 -0.03750000 -0.00500000
v 0.02392894 -0.03832500 -0.00500000
v 0.02415000 -0.03750000 -0.00500000
v 0.02392894 -0.03667500 -0.00500000
v 0.02332500 -0.03607106 -0.00500000
v 0.02107106 -0.03667500 -0.00500000
v 0.07417500 -0.03892894 -0.00500000
v 0.08842500 -0.04200000 -0.00500000
v 0.02250000 -0.03585000 -0.00500000
v 0.02290891 -0.02914439 -0.00500000
v 0.02085000 -0.03750000 -0.00500000
v 0.00150000 -0.03900000 -0.00500000
v 0.00150000 -0.03269174 -0.00500000
v 0.00300000 -0.04159808 -0.00500000
v 0.00190192 -0.04050000 -0.00500000
v 0.07582500 -0.03607106 -0.00500000
v 0.07500000 -0.03585000 -0.00500000
v 0.07417500 -0.03607106 -0.00500000
v 0.02153543 -0.02078718 -0.00500000
v 0.02431219 -0.02528890 -0.00500000
v 0.02483040 -0.02640021 -0.00500000
v 0.02472354 -0.02762174 -0.00500000
v 0.02402022 -0.02862618 -0.00500000
v 0.00183625 -0.03131172 -0.00500000
v 0.00276963 -0.03024106 -0.00500000
v 0.02033318 -0.02054690 -0.00500000
v 0.02057831 -0.02075440 -0.00500000
v 0.02066437 -0.02079943 -0.00500000
v 0.02087794 -0.02086940 -0.00500000
v 0.02107226 -0.02089006 -0.00500000
v 0.02120529 -0.02088282 -0.00500000
v 0.01691252 -0.02438475 -0.00500000
v 0.01692666 -0.02417763 -0.00500000
v 0.01671077 -0.02484511 -0.00500000
v 0.01687672 -0.02452950 -0.00500000
v 0.01689532 -0.02396303 -0.00500000
v 0.01685454 -0.02384119 -0.00500000
v 0.01670393 -0.02359220 -0.00500000
v -0.02178238 0.02062833 -0.00850000
v -0.02178238 0.02062833 -0.00500000
v -0.01662426 0.02497267 -0.00500000
v -0.01662426 0.02497267 -0.00850000
v -0.01062607 0.02805507 -0.00500000
v -0.01062607 0.02805507 -0.00850000
v -0.00409091 0.02971977 -0.00500000
v -0.00409091 0.02971977 -0.00850000
v -0.00183625 0.03131172 -0.00500000
v -0.00276963 0.03024106 -0.00500000
v -0.09157500 0.04200000 -0.00500000
v -0.09157500 0.03750000 -0.00500000
v -0.03157500 0.03750000 -0.00500000
v -0.03000000 0.03655364 -0.00500000
v -0.02449677 0.01973946 -0.00500000
v -0.10381936 0.03414767 -0.00500000
v -0.02392894 0.03667500 -0.00500000
v -0.02332500 0.03607106 -0.00500000
v -0.02842500 0.03750000 -0.00500000
v -0.10572914 0.03883644 -0.00500000
v -0.10626327 0.03744471 -0.00500000
v -0.10606159 0.03596771 -0.00500000
v -0.10517389 0.03477013 -0.00500000
v -0.08842500 0.03750000 -0.00500000
v -0.08842500 0.04200000 -0.00500000
v -0.07642894 0.03832500 -0.00500000
v -0.07665000 0.03750000 -0.00500000
v -0.07642894 0.03667500 -0.00500000
v -0.07582500 0.03607106 -0.00500000
v -0.02107106 0.03832500 -0.00500000
v -0.02167500 0.03892894 -0.00500000
v -0.00450000 0.04200000 -0.00500000
v -0.02250000 0.03915000 -0.00500000
v -0.02842500 0.04200000 -0.00500000
v -0.07357106 0.03832500 -0.00500000
v -0.03157500 0.04200000 -0.00500000
v -0.07335000 0.03750000 -0.00500000
v -0.07357106 0.03667500 -0.00500000
v -0.07417500 0.03607106 -0.00500000
v -0.07500000 0.03585000 -0.00500000
v -0.00300000 0.04159808 -0.00500000
v -0.00190192 0.04050000 -0.00500000
v -0.00150000 0.03900000 -0.00500000
v -0.02302700 0.01984013 -0.00500000
v -0.00150000 0.03269174 -0.00500000
v -0.02107106 0.03667500 -0.00500000
v -0.02085000 0.03750000 -0.00500000
v -0.02167500 0.03607106 -0.00500000
v -0.02250000 0.03585000 -0.00500000
v -0.07417500 0.03892894 -0.00500000
v -0.07500000 0.03915000 -0.00500000
v -0.07582500 0.03892894 -0.00500000
v -0.09000000 0.03655364 -0.00500000
v -0.02332500 0.03892894 -0.00500000
v -0.02392894 0.03832500 -0.00500000
v -0.02415000 0.03750000 -0.00500000
v -0.00409091 -0.02971977 -0.00850000
v -0.00409091 -0.02971977 -0.00500000
v -0.01062607 -0.02805507 -0.00500000
v -0.01062607 -0.02805507 -0.00850000
v -0.01662426 -0.02497267 -0.00500000
v -0.01662426 -0.02497267 -0.00850000
v -0.02178238 -0.02062833 -0.00500000
v -0.02178238 -0.02062833 -0.00850000
v -0.10381936 -0.03414767 -0.00500000
v -0.02167500 -0.03607106 -0.00500000
v -0.02250000 -0.03585000 -0.00500000
v -0.02085000 -0.03750000 -0.00500000
v -0.00450000 -0.04200000 -0.00500000
v -0.02107106 -0.03832500 -0.00500000
v -0.02167500 -0.03892894 -0.00500000
v -0.02842500 -0.03750000 -0.00500000
v -0.03000000 -0.03655364 -0.00500000
v -0.03157500 -0.03750000 -0.00500000
v -0.02449677 -0.01973946 -0.00500000
v -0.02302700 -0.01984013 -0.00500000
v -0.07582500 -0.03607106 -0.00500000
v -0.07642894 -0.03667500 -0.00500000
v -0.08842500 -0.03750000 -0.00500000
v -0.07665000 -0.03750000 -0.00500000
v -0.08842500 -0.04200000 -0.00500000
v -0.07642894 -0.03832500 -0.00500000
v -0.02332500 -0.03607106 -0.00500000
v -0.00150000 -0.03900000 -0.00500000
v -0.00190192 -0.04050000 -0.00500000
v -0.00300000 -0.04159808 -0.00500000
v -0.03157500 -0.04200000 -0.00500000
v -0.07357106 -0.03832500 -0.00500000
v -0.10606159 -0.03596771 -0.00500000
v -0.10517389 -0.03477013 -0.00500000
v -0.10626327 -0.03744471 -0.00500000
v -0.10572914 -0.03883644 -0.00500000
v -0.02107106 -0.03667500 -0.00500000
v -0.00276963 -0.03024106 -0.00500000
v -0.02250000 -0.03915000 -0.00500000
v -0.02842500 -0.04200000 -0.00500000
v -0.02332500 -0.03892894 -0.00500000
v -0.00150000 -0.03269174 -0.00500000
v -0.00183625 -0.03131172 -0.00500000
v -0.07335000 -0.03750000 -0.00500000
v -0.07357106 -0.03667500 -0.00500000
v -0.07417500 -0.03607106 -0.00500000
v -0.07500000 -0.03585000 -0.00500000
v -0.02392894 -0.03667500 -0.00500000
v -0.02415000 -0.03750000 -0.00500000
v -0.02392894 -0.03832500 -0.00500000
v -0.09157500 -0.04200000 -0.00500000
v -0.09157500 -0.03750000 -0.00500000
v -0.09000000 -0.03655364 -0.00500000
v -0.07582500 -0.03892894 -0.00500000
v -0.07500000 -0.03915000 -0.00500000
v -0.07417500 -0.03892894 -0.00500000
v 0.02691764 0.01324541 -0.00850000
v 0.02691764 0.01324541 -0.00500000
v 0.02921925 0.00679966 -0.00500000
v 0.03000000 -0.00000000 -0.00500000
v 0.02988192 0.00265914 -0.00850000
v 0.02921925 0.00679966 -0.00850000
v 0.02921925 -0.00679966 -0.00850000
v 0.02988192 -0.00265914 -0.00850000
v 0.03000000 -0.00000000 -0.00850000
v 0.02921925 -0.00679966 -0.00500000
v 0.02691764 -0.01324541 -0.00500000
v 0.02691764 -0.01324541 -0.00850000
v 0.10284144 -0.02982576 -0.00500000
v 0.10168426 -0.03042342 -0.00500000
v 0.05100009 -0.01345000 -0.00500000
v 0.04971900 -0.01216891 -0.00500000
v 0.11155365 -0.00000000 -0.00500000
v 0.04796900 0.01170000 -0.00500000
v 0.04971900 0.01216891 -0.00500000
v 0.05100009 0.01345000 -0.00500000
v 0.11250000 0.00157500 -0.00500000
v 0.05146900 0.01520000 -0.00500000
v 0.11250000 -0.00157500 -0.00500000
v 0.10835000 -0.01295494 -0.00500000
v 0.10743494 -0.01387000 -0.00500000
v 0.11700000 0.01985000 -0.00500000
v 0.11210000 0.01812000 -0.00500000
v 0.11659808 0.02135000 -0.00500000
v 0.11176506 0.01937000 -0.00500000
v 0.11550000 0.02244808 -0.00500000
v 0.10743494 0.01387000 -0.00500000
v 0.10835000 0.01295494 -0.00500000
v 0.10960000 0.01262000 -0.00500000
v 0.11700000 0.00157500 -0.00500000
v 0.05146900 -0.01520000 -0.00500000
v 0.04796900 -0.01170000 -0.00500000
v 0.04621900 -0.01216891 -0.00500000
v 0.04493791 -0.01345000 -0.00500000
v 0.04446900 -0.01520000 -0.00500000
v 0.11700000 -0.00157500 -0.00500000
v 0.11085000 -0.01295494 -0.00500000
v 0.10960000 -0.01262000 -0.00500000
v 0.11700000 -0.01985000 -0.00500000
v 0.11659808 -0.02135000 -0.00500000
v 0.11176506 -0.01937000 -0.00500000
v 0.11550000 -0.02244808 -0.00500000
v 0.11085000 -0.02028506 -0.00500000
v 0.11400000 -0.02285000 -0.00500000
v 0.10960000 -0.02062000 -0.00500000
v 0.10741900 -0.02285000 -0.00500000
v 0.10835000 -0.02028506 -0.00500000
v 0.10566900 -0.02331891 -0.00500000
v 0.10743494 -0.01937000 -0.00500000
v 0.10438791 -0.02460000 -0.00500000
v 0.10710000 -0.01812000 -0.00500000
v 0.11210000 -0.01812000 -0.00500000
v 0.11210000 -0.01512000 -0.00500000
v 0.11176506 -0.01387000 -0.00500000
v 0.11085000 0.01295494 -0.00500000
v 0.11176506 0.01387000 -0.00500000
v 0.11210000 0.01512000 -0.00500000
v 0.05178580 0.02042725 -0.00500000
v 0.05266928 0.02148567 -0.00500000
v 0.05146900 0.01908546 -0.00500000
v 0.05393285 0.02203716 -0.00500000
v 0.05266928 -0.02148567 -0.00500000
v 0.05178580 -0.02042725 -0.00500000
v 0.05146900 -0.01908546 -0.00500000
v 0.02660944 0.01458439 -0.00500000
v 0.02693052 0.01592035 -0.00500000
v 0.02781353 0.01697304 -0.00500000
v 0.02907325 -0.01752165 -0.00500000
v 0.02781353 -0.01697304 -0.00500000
v 0.02693052 -0.01592035 -0.00500000
v 0.10710000 -0.01512000 -0.00500000
v 0.10391900 0.02635000 -0.00500000
v 0.10438791 0.02460000 -0.00500000
v 0.10038285 0.03047437 -0.00500000
v 0.04446900 0.01672413 -0.00500000
v 0.04446900 0.01520000 -0.00500000
v 0.04493791 0.01345000 -0.00500000
v 0.04621900 0.01216891 -0.00500000
v 0.04339144 0.01902722 -0.00500000
v 0.04418629 0.01799548 -0.00500000
v 0.04223426 0.01962489 -0.00500000
v 0.04339144 -0.01902722 -0.00500000
v 0.04223426 -0.01962489 -0.00500000
v 0.04418629 -0.01799548 -0.00500000
v 0.04093285 -0.01967583 -0.00500000
v 0.04446900 -0.01672413 -0.00500000
v 0.02660944 -0.01458439 -0.00500000
v 0.10363629 -0.02879402 -0.00500000
v 0.10391900 -0.02752267 -0.00500000
v 0.10391900 -0.02635000 -0.00500000
v 0.11400000 0.02285000 -0.00500000
v 0.11085000 0.02028506 -0.00500000
v 0.10741900 0.02285000 -0.00500000
v 0.10960000 0.02062000 -0.00500000
v 0.10566900 0.02331891 -0.00500000
v 0.10835000 0.02028506 -0.00500000
v 0.10743494 0.01937000 -0.00500000
v 0.10710000 0.01812000 -0.00500000
v 0.10710000 0.01512000 -0.00500000
v 0.10168426 0.03042342 -0.00500000
v 0.10284144 0.02982576 -0.00500000
v 0.10391900 0.02752267 -0.00500000
v 0.10363629 0.02879402 -0.00500000
v 0.00409091 0.02971977 -0.00850000
v 0.00409091 0.02971977 -0.00500000
v 0.01062607 0.02805507 -0.00500000
v 0.01062607 0.02805507 -0.00850000
v 0.01662426 0.02497267 -0.00500000
v 0.01662426 0.02497267 -0.00850000
v 0.02178238 0.02062833 -0.00500000
v 0.02178238 0.02062833 -0.00850000
v 0.10626327 0.03744471 -0.00500000
v 0.10606159 0.03596771 -0.00500000
v 0.10517389 0.03477013 -0.00500000
v 0.09157500 0.04200000 -0.00500000
v 0.09500000 0.04200000 -0.00500000
v 0.09157500 0.03750000 -0.00500000
v 0.09000000 0.03655364 -0.00500000
v 0.02392894 0.03832500 -0.00500000
v 0.02332500 0.03892894 -0.00500000
v 0.02842500 0.04200000 -0.00500000
v 0.02250000 0.03915000 -0.00500000
v 0.00450000 0.04200000 -0.00500000
v 0.02415000 0.03750000 -0.00500000
v 0.02842500 0.03750000 -0.00500000
v 0.02392894 0.03667500 -0.00500000
v 0.03000000 0.03655364 -0.00500000
v 0.02332500 0.03607106 -0.00500000
v 0.08842500 0.03750000 -0.00500000
v 0.07665000 0.03750000 -0.00500000
v 0.08842500 0.04200000 -0.00500000
v 0.07642894 0.03832500 -0.00500000
v 0.10572914 0.03883644 -0.00500000
v 0.10459109 0.03979927 -0.00500000
v 0.10179837 0.04092324 -0.00500000
v 0.02167500 0.03892894 -0.00500000
v 0.02107106 0.03832500 -0.00500000
v 0.02085000 0.03750000 -0.00500000
v 0.02449677 0.01973946 -0.00500000
v 0.02302700 0.01984013 -0.00500000
v 0.02250000 0.03585000 -0.00500000
v 0.02167500 0.03607106 -0.00500000
v 0.02107106 0.03667500 -0.00500000
v 0.03157500 0.03750000 -0.00500000
v 0.03157500 0.04200000 -0.00500000
v 0.07357106 0.03832500 -0.00500000
v 0.07335000 0.03750000 -0.00500000
v 0.07357106 0.03667500 -0.00500000
v 0.07417500 0.03607106 -0.00500000
v 0.00150000 0.03900000 -0.00500000
v 0.00190192 0.04050000 -0.00500000
v 0.00300000 0.04159808 -0.00500000
v 0.00276963 0.03024106 -0.00500000
v 0.00183625 0.03131172 -0.00500000
v 0.00150000 0.03269174 -0.00500000
v 0.07642894 0.03667500 -0.00500000
v 0.10381936 0.03414767 -0.00500000
v 0.07582500 0.03607106 -0.00500000
v 0.07500000 0.03585000 -0.00500000
v 0.07582500 0.03892894 -0.00500000
v 0.07500000 0.03915000 -0.00500000
v 0.07417500 0.03892894 -0.00500000
v -0.02691764 -0.01324541 -0.00850000
v -0.02911293 -0.00724138 -0.00850000
v 0.08921250 -0.04500000 -0.00636399
v 0.08863601 -0.04500000 -0.00578750
v 0.03157500 -0.04500000 -0.00500000
v -0.03078750 -0.04500000 -0.00636399
v -0.09500000 -0.04500000 -0.01000000
v -0.03000000 -0.04500000 -0.00657500
v 0.09500000 -0.04500000 -0.01000000
v -0.02921250 -0.04500000 -0.00636399
v -0.09157500 -0.04500000 -0.00500000
v -0.09500000 -0.04500000 -0.00150000
v -0.09136399 -0.04500000 -0.00578750
v -0.09078750 -0.04500000 -0.00636399
v 0.03136399 -0.04500000 -0.00421250
v 0.08842500 -0.04500000 -0.00500000
v 0.03078750 -0.04500000 -0.00363601
v -0.08921250 -0.04500000 -0.00363601
v -0.08863601 -0.04500000 -0.00421250
v -0.03157500 -0.04500000 -0.00500000
v -0.08842500 -0.04500000 -0.00500000
v -0.03136399 -0.04500000 -0.00578750
v -0.08863601 -0.04500000 -0.00578750
v -0.08921250 -0.04500000 -0.00636399
v -0.09000000 -0.04500000 -0.00657500
v 0.02842500 -0.04500000 -0.00500000
v -0.02863601 -0.04500000 -0.00421250
v 0.02863601 -0.04500000 -0.00578750
v -0.02842500 -0.04500000 -0.00500000
v -0.09136399 -0.04500000 -0.00421250
v -0.09078750 -0.04500000 -0.00363601
v -0.09000000 -0.04500000 -0.00342500
v 0.02921250 -0.04500000 -0.00363601
v 0.03000000 -0.04500000 -0.00342500
v 0.09078750 -0.04500000 -0.00363601
v 0.09136399 -0.04500000 -0.00421250
v 0.09500000 -0.04500000 -0.00150000
v 0.09157500 -0.04500000 -0.00500000
v 0.09136399 -0.04500000 -0.00578750
v 0.09078750 -0.04500000 -0.00636399
v 0.09000000 -0.04500000 -0.00657500
v 0.02863601 -0.04500000 -0.00421250
v -0.03000000 -0.04500000 -0.00342500
v -0.02921250 -0.04500000 -0.00363601
v 0.08863601 -0.04500000 -0.00421250
v 0.08921250 -0.04500000 -0.00363601
v 0.09000000 -0.04500000 -0.00342500
v -0.03136399 -0.04500000 -0.00421250
v -0.03078750 -0.04500000 -0.00363601
v -0.02863601 -0.04500000 -0.00578750
v 0.03000000 -0.04500000 -0.00657500
v 0.02921250 -0.04500000 -0.00636399
v 0.03136399 -0.04500000 -0.00578750
v 0.03078750 -0.04500000 -0.00636399
v -0.12000000 0.02000000 -0.00150000
v -0.12000000 0.00157500 -0.00500000
v -0.12000000 0.00136399 -0.00421250
v -0.12000000 0.00078750 -0.00363601
v -0.12000000 -0.00000000 -0.00342500
v -0.12000000 -0.02000000 -0.00150000
v -0.12000000 -0.00078750 -0.00363601
v -0.12000000 0.00136399 -0.00578750
v -0.12000000 0.02000000 -0.01000000
v -0.12000000 0.00078750 -0.00636399
v -0.12000000 0.00000000 -0.00657500
v -0.12000000 -0.02000000 -0.01000000
v -0.12000000 -0.00078750 -0.00636399
v -0.12000000 -0.00136399 -0.00421250
v -0.12000000 -0.00157500 -0.00500000
v -0.12000000 -0.00136399 -0.00578750
v -0.08921250 0.04500000 -0.00636399
v -0.03078750 0.04500000 -0.00363601
v -0.09000000 0.04500000 -0.00657500
v -0.03136399 0.04500000 -0.00421250
v -0.03157500 0.04500000 -0.00500000
v -0.08863601 0.04500000 -0.00578750
v -0.08842500 0.04500000 -0.00500000
v -0.03000000 0.04500000 -0.00342500
v 0.09136399 0.04500000 -0.00421250
v 0.09078750 0.04500000 -0.00363601
v 0.09500000 0.04500000 -0.00150000
v 0.09000000 0.04500000 -0.00342500
v -0.09136399 0.04500000 -0.00578750
v -0.09500000 0.04500000 -0.01000000
v -0.09157500 0.04500000 -0.00500000
v -0.09500000 0.04500000 -0.00150000
v -0.09136399 0.04500000 -0.00421250
v 0.09000000 0.04500000 -0.00657500
v 0.09078750 0.04500000 -0.00636399
v 0.09500000 0.04500000 -0.01000000
v 0.09136399 0.04500000 -0.00578750
v 0.09157500 0.04500000 -0.00500000
v 0.08921250 0.04500000 -0.00363601
v 0.03157500 0.04500000 -0.00500000
v 0.03136399 0.04500000 -0.00421250
v 0.03078750 0.04500000 -0.00363601
v 0.03000000 0.04500000 -0.00342500
v -0.03136399 0.04500000 -0.00578750
v -0.09078750 0.04500000 -0.00636399
v 0.02921250 0.04500000 -0.00363601
v -0.02842500 0.04500000 -0.00500000
v -0.02863601 0.04500000 -0.00421250
v -0.02921250 0.04500000 -0.00363601
v -0.08863601 0.04500000 -0.00421250
v -0.08921250 0.04500000 -0.00363601
v -0.09000000 0.04500000 -0.00342500
v -0.09078750 0.04500000 -0.00363601
v 0.08863601 0.04500000 -0.00578750
v 0.03136399 0.04500000 -0.00578750
v 0.08842500 0.04500000 -0.00500000
v 0.08863601 0.04500000 -0.00421250
v -0.03078750 0.04500000 -0.00636399
v -0.03000000 0.04500000 -0.00657500
v -0.02921250 0.04500000 -0.00636399
v 0.03000000 0.04500000 -0.00657500
v 0.02863601 0.04500000 -0.00421250
v 0.02842500 0.04500000 -0.00500000
v -0.02863601 0.04500000 -0.00578750
v 0.02863601 0.04500000 -0.00578750
v 0.02921250 0.04500000 -0.00636399
v 0.08921250 0.04500000 -0.00636399
v 0.03078750 0.04500000 -0.00636399
v 0.12000000 -0.02000000 -0.00150000
v 0.12000000 -0.00157500 -0.00500000
v 0.12000000 -0.00136399 -0.00421250
v 0.12000000 -0.00078750 -0.00363601
v 0.12000000 0.00000000 -0.00342500
v 0.12000000 0.02000000 -0.00150000
v 0.12000000 0.00078750 -0.00363601
v 0.12000000 -0.00136399 -0.00578750
v 0.12000000 -0.02000000 -0.01000000
v 0.12000000 -0.00078750 -0.00636399
v 0.12000000 -0.00000000 -0.00657500
v 0.12000000 0.02000000 -0.01000000
v 0.12000000 0.00078750 -0.00636399
v 0.12000000 0.00136399 -0.00421250
v 0.12000000 0.00157500 -0.00500000
v 0.12000000 0.00136399 -0.00578750
v -0.02911293 0.00724138 -0.00850000
v -0.02691764 0.01324541 -0.00850000
v 0.01674027 -0.01606096 -0.00850000
v 0.01839780 -0.01606096 -0.00850000
v 0.01839780 -0.01803634 -0.00850000
v -0.01537066 -0.02346194 -0.00850000
v -0.11283450 -0.02346194 -0.00850000
v -0.00000000 0.00600000 -0.00850000
v -0.00815214 0.00600000 -0.00850000
v -0.00815214 0.01212402 -0.00850000
v -0.04971900 0.01216891 -0.00850000
v -0.04621900 0.01216891 -0.00850000
v -0.04796900 0.01170000 -0.00850000
v 0.00276963 0.03024106 -0.00850000
v 0.00724566 0.02350000 -0.00850000
v 0.10572914 0.03883644 -0.00850000
v 0.10459109 0.03979927 -0.00850000
v 0.10793128 0.03779837 -0.00850000
v 0.04621900 0.01216891 -0.00850000
v 0.04971900 0.01216891 -0.00850000
v 0.04796900 0.01170000 -0.00850000
v 0.02042296 -0.02044983 -0.00850000
v 0.01932132 -0.01913694 -0.00850000
v 0.02188191 -0.02052807 -0.00850000
v 0.01717060 0.00364426 -0.00850000
v 0.01854560 0.00327583 -0.00850000
v 0.01839780 0.00263792 -0.00850000
v -0.01449132 0.01579805 -0.00850000
v -0.01586632 0.01542962 -0.00850000
v -0.01537066 0.01606096 -0.00850000
v -0.01687289 0.01442305 -0.00850000
v -0.02693052 0.01592035 -0.00850000
v -0.01687289 0.01167305 -0.00850000
v -0.01724132 0.01304805 -0.00850000
v -0.02660944 0.01458439 -0.00850000
v -0.01174132 0.01304805 -0.00850000
v -0.00815214 0.01606096 -0.00850000
v -0.01210975 0.01442305 -0.00850000
v -0.01311632 0.01542962 -0.00850000
v -0.02814250 0.00600000 -0.00850000
v -0.01586632 0.01066648 -0.00850000
v -0.01537066 0.00600000 -0.00850000
v -0.01449132 0.01029805 -0.00850000
v -0.01311632 0.01066648 -0.00850000
v -0.01210975 0.01167305 -0.00850000
v -0.02858074 0.00610114 -0.00850000
v -0.02893033 0.00638412 -0.00850000
v -0.02912056 0.00679168 -0.00850000
v 0.00724566 0.01717500 -0.00850000
v -0.00167271 0.01769888 -0.00850000
v -0.00130428 0.01907388 -0.00850000
v -0.00680428 0.01907388 -0.00850000
v -0.00815214 0.01717500 -0.00850000
v -0.00643585 0.02044888 -0.00850000
v -0.00815214 0.02350000 -0.00850000
v -0.00542928 0.02145545 -0.00850000
v -0.00405428 0.02182388 -0.00850000
v -0.00167271 0.02044888 -0.00850000
v -0.00267928 0.02145545 -0.00850000
v -0.00643585 0.01769888 -0.00850000
v -0.00542928 0.01669231 -0.00850000
v -0.00267928 0.01669231 -0.00850000
v 0.00724566 0.01606096 -0.00850000
v -0.00405428 0.01632388 -0.00850000
v -0.00815214 -0.01606096 -0.00850000
v 0.00724566 -0.01606096 -0.00850000
v -0.00405428 -0.01632388 -0.00850000
v -0.00267928 -0.01669231 -0.00850000
v -0.00815214 -0.02346194 -0.00850000
v -0.00542928 -0.02145545 -0.00850000
v -0.00405428 -0.02182388 -0.00850000
v -0.00267928 -0.02145545 -0.00850000
v 0.00724566 -0.02346194 -0.00850000
v -0.00167271 -0.02044888 -0.00850000
v 0.00724566 -0.01913694 -0.00850000
v -0.00130428 -0.01907388 -0.00850000
v -0.00167271 -0.01769888 -0.00850000
v -0.00542928 -0.01669231 -0.00850000
v -0.00643585 -0.01769888 -0.00850000
v -0.00815214 -0.01913694 -0.00850000
v -0.00680428 -0.01907388 -0.00850000
v -0.00643585 -0.02044888 -0.00850000
v -0.01586632 -0.01066648 -0.00850000
v -0.01687289 -0.01167305 -0.00850000
v -0.01724132 -0.01304805 -0.00850000
v -0.02660944 -0.01458439 -0.00850000
v -0.01687289 -0.01442305 -0.00850000
v -0.02693052 -0.01592035 -0.00850000
v -0.01449132 -0.01579805 -0.00850000
v -0.01311632 -0.01542962 -0.00850000
v -0.01210975 -0.01442305 -0.00850000
v -0.01174132 -0.01304805 -0.00850000
v -0.00815214 -0.00953694 -0.00850000
v -0.01210975 -0.01167305 -0.00850000
v -0.01311632 -0.01066648 -0.00850000
v -0.01537066 -0.00953694 -0.00850000
v -0.01449132 -0.01029805 -0.00850000
v 0.01854560 0.00877583 -0.00850000
v 0.01717060 0.00840740 -0.00850000
v 0.00724566 0.01212402 -0.00850000
v 0.01616403 0.00740083 -0.00850000
v 0.00724566 0.00263792 -0.00850000
v 0.01579560 0.00602583 -0.00850000
v 0.01616403 0.00465083 -0.00850000
v 0.01992060 0.00364426 -0.00850000
v 0.02092717 0.00465083 -0.00850000
v 0.02129560 0.00602583 -0.00850000
v 0.02092717 0.00740083 -0.00850000
v 0.01854560 -0.00327583 -0.00850000
v 0.01717060 -0.00364426 -0.00850000
v 0.00724566 -0.00263792 -0.00850000
v 0.01616403 -0.00465083 -0.00850000
v 0.01126596 -0.00953694 -0.00850000
v 0.00834299 -0.00605348 -0.00850000
v 0.01579560 -0.00602583 -0.00850000
v 0.01854560 -0.00877583 -0.00850000
v 0.01839780 -0.00953694 -0.00850000
v 0.01717060 -0.00840740 -0.00850000
v 0.01616403 -0.00740083 -0.00850000
v 0.01992060 -0.00840740 -0.00850000
v 0.02092717 -0.00740083 -0.00850000
v 0.01839780 -0.00263792 -0.00850000
v 0.01992060 -0.00364426 -0.00850000
v 0.02129560 -0.00602583 -0.00850000
v 0.02092717 -0.00465083 -0.00850000
v -0.04446900 0.01606096 -0.00850000
v -0.04446900 0.01520000 -0.00850000
v -0.04671900 0.01520000 -0.00850000
v -0.04688647 0.01457500 -0.00850000
v -0.04493791 0.01345000 -0.00850000
v -0.04734400 0.01411747 -0.00850000
v -0.04796900 0.01395000 -0.00850000
v -0.04859400 0.01411747 -0.00850000
v -0.04905153 0.01457500 -0.00850000
v -0.05100009 0.01345000 -0.00850000
v -0.04921900 0.01520000 -0.00850000
v -0.05146900 0.01520000 -0.00850000
v -0.04905153 0.01582500 -0.00850000
v -0.05146900 0.01606096 -0.00850000
v -0.04859400 0.01628253 -0.00850000
v -0.05146900 0.01717500 -0.00850000
v -0.04796900 0.01645000 -0.00850000
v -0.04688647 0.01582500 -0.00850000
v -0.04734400 0.01628253 -0.00850000
v -0.04446900 0.01672413 -0.00850000
v -0.04921900 -0.01520000 -0.00850000
v -0.04905153 -0.01582500 -0.00850000
v -0.05146900 -0.01606096 -0.00850000
v -0.04859400 -0.01628253 -0.00850000
v -0.05146900 -0.01908546 -0.00850000
v -0.04796900 -0.01645000 -0.00850000
v -0.04446900 -0.01672413 -0.00850000
v -0.04734400 -0.01628253 -0.00850000
v -0.04446900 -0.01606096 -0.00850000
v -0.04688647 -0.01582500 -0.00850000
v -0.04446900 -0.01520000 -0.00850000
v -0.04671900 -0.01520000 -0.00850000
v -0.04493791 -0.01345000 -0.00850000
v -0.04688647 -0.01457500 -0.00850000
v -0.04621900 -0.01216891 -0.00850000
v -0.04734400 -0.01411747 -0.00850000
v -0.04796900 -0.01170000 -0.00850000
v -0.04796900 -0.01395000 -0.00850000
v -0.04971900 -0.01216891 -0.00850000
v -0.04859400 -0.01411747 -0.00850000
v -0.05100009 -0.01345000 -0.00850000
v -0.04905153 -0.01457500 -0.00850000
v -0.05146900 -0.01520000 -0.00850000
v 0.05146900 0.01606096 -0.00850000
v 0.05146900 0.01520000 -0.00850000
v 0.04921900 0.01520000 -0.00850000
v 0.04905153 0.01457500 -0.00850000
v 0.05100009 0.01345000 -0.00850000
v 0.04859400 0.01411747 -0.00850000
v 0.04796900 0.01395000 -0.00850000
v 0.04905153 0.01582500 -0.00850000
v 0.04859400 0.01628253 -0.00850000
v 0.05146900 0.01717500 -0.00850000
v 0.04734400 0.01411747 -0.00850000
v 0.04688647 0.01457500 -0.00850000
v 0.04493791 0.01345000 -0.00850000
v 0.04671900 0.01520000 -0.00850000
v 0.04446900 0.01520000 -0.00850000
v 0.04688647 0.01582500 -0.00850000
v 0.04446900 0.01606096 -0.00850000
v 0.04734400 0.01628253 -0.00850000
v 0.04446900 0.01672413 -0.00850000
v 0.04796900 0.01645000 -0.00850000
v 0.04446900 -0.01606096 -0.00850000
v 0.04446900 -0.01520000 -0.00850000
v 0.04671900 -0.01520000 -0.00850000
v 0.04688647 -0.01457500 -0.00850000
v 0.04493791 -0.01345000 -0.00850000
v 0.04734400 -0.01411747 -0.00850000
v 0.04621900 -0.01216891 -0.00850000
v 0.04796900 -0.01395000 -0.00850000
v 0.04796900 -0.01170000 -0.00850000
v 0.04859400 -0.01411747 -0.00850000
v 0.04971900 -0.01216891 -0.00850000
v 0.04905153 -0.01457500 -0.00850000
v 0.05100009 -0.01345000 -0.00850000
v 0.04921900 -0.01520000 -0.00850000
v 0.05146900 -0.01520000 -0.00850000
v 0.04905153 -0.01582500 -0.00850000
v 0.05146900 -0.01606096 -0.00850000
v 0.04859400 -0.01628253 -0.00850000
v 0.05146900 -0.01908546 -0.00850000
v 0.04796900 -0.01645000 -0.00850000
v 0.04223426 -0.01962489 -0.00850000
v 0.04339144 -0.01902722 -0.00850000
v 0.04418629 -0.01799548 -0.00850000
v 0.04446900 -0.01672413 -0.00850000
v 0.04734400 -0.01628253 -0.00850000
v 0.04688647 -0.01582500 -0.00850000
v 0.02153750 -0.02074435 -0.00850000
v 0.02113545 -0.02080560 -0.00850000
v 0.02074226 -0.02070170 -0.00850000
v 0.04499041 -0.02346194 -0.00850000
v 0.03585950 -0.02180339 -0.00850000
v 0.03585950 -0.01913694 -0.00850000
v 0.02449677 -0.01973946 -0.00850000
v 0.02305284 -0.01983180 -0.00850000
v 0.10284144 -0.02982576 -0.00850000
v 0.10633647 -0.02697500 -0.00850000
v 0.10679400 -0.02743253 -0.00850000
v 0.10793128 -0.03779837 -0.00850000
v 0.10459109 -0.03979927 -0.00850000
v 0.10572914 -0.03883644 -0.00850000
v 0.11279837 -0.03293128 -0.00850000
v 0.10741900 -0.02760000 -0.00850000
v 0.10850153 -0.02572500 -0.00850000
v 0.11671911 -0.02350430 -0.00850000
v 0.10866900 -0.02635000 -0.00850000
v 0.11592324 -0.02679837 -0.00850000
v 0.10850153 -0.02697500 -0.00850000
v 0.10804400 -0.02743253 -0.00850000
v 0.10804400 -0.02526747 -0.00850000
v 0.10741900 -0.02510000 -0.00850000
v 0.10566900 -0.02331891 -0.00850000
v 0.10679400 -0.02526747 -0.00850000
v 0.10438791 -0.02460000 -0.00850000
v 0.10633647 -0.02572500 -0.00850000
v 0.10391900 -0.02635000 -0.00850000
v 0.10616900 -0.02635000 -0.00850000
v 0.10391900 -0.02752267 -0.00850000
v 0.10363629 -0.02879402 -0.00850000
v 0.10168426 -0.03042342 -0.00850000
v 0.10381936 -0.03414767 -0.00850000
v 0.07769400 -0.02940224 -0.00850000
v 0.05266928 -0.02148567 -0.00850000
v 0.05178580 -0.02042725 -0.00850000
v 0.10626327 -0.03744471 -0.00850000
v 0.10606159 -0.03596771 -0.00850000
v 0.10517389 -0.03477013 -0.00850000
v 0.11400000 -0.02285000 -0.00850000
v 0.10741900 -0.02285000 -0.00850000
v 0.11550000 -0.02244808 -0.00850000
v 0.11659808 -0.02135000 -0.00850000
v 0.11700000 -0.02000000 -0.00850000
v 0.11700000 -0.01985000 -0.00850000
v 0.04093285 -0.01967583 -0.00850000
v 0.02907325 -0.01752165 -0.00850000
v 0.02781353 -0.01697304 -0.00850000
v 0.02693052 -0.01592035 -0.00850000
v 0.02660944 -0.01458439 -0.00850000
v 0.02473205 0.00100000 -0.00850000
v 0.02500000 -0.00000000 -0.00850000
v 0.02473205 -0.00100000 -0.00850000
v 0.02126795 0.00100000 -0.00850000
v 0.02100000 -0.00000000 -0.00850000
v 0.02126795 -0.00100000 -0.00850000
v 0.02200000 -0.00173205 -0.00850000
v 0.02300000 -0.00200000 -0.00850000
v 0.02400000 -0.00173205 -0.00850000
v 0.02400000 0.00173205 -0.00850000
v 0.02300000 0.00200000 -0.00850000
v 0.02200000 0.00173205 -0.00850000
v 0.02302700 0.01984013 -0.00850000
v 0.01839780 0.01717500 -0.00850000
v 0.01992060 0.00840740 -0.00850000
v 0.01839780 0.01212402 -0.00850000
v 0.02660944 0.01458439 -0.00850000
v 0.01839780 0.01606096 -0.00850000
v 0.02693052 0.01592035 -0.00850000
v 0.02781353 0.01697304 -0.00850000
v 0.02449677 0.01973946 -0.00850000
v 0.04418629 0.01799548 -0.00850000
v 0.04339144 0.01902722 -0.00850000
v 0.04519995 0.02350000 -0.00850000
v 0.04223426 0.01962489 -0.00850000
v 0.03585950 0.02180339 -0.00850000
v 0.05146900 0.01908546 -0.00850000
v 0.05178580 0.02042725 -0.00850000
v 0.05266928 0.02148567 -0.00850000
v 0.05393285 0.02203716 -0.00850000
v 0.07769400 0.02940224 -0.00850000
v 0.07769400 0.02635315 -0.00850000
v 0.10804400 0.02743253 -0.00850000
v 0.10741900 0.02760000 -0.00850000
v 0.10606159 0.03596771 -0.00850000
v 0.10566900 0.02331891 -0.00850000
v 0.10679400 0.02526747 -0.00850000
v 0.10741900 0.02510000 -0.00850000
v 0.11671294 0.02354233 -0.00850000
v 0.10804400 0.02526747 -0.00850000
v 0.10850153 0.02572500 -0.00850000
v 0.11592324 0.02679837 -0.00850000
v 0.10866900 0.02635000 -0.00850000
v 0.11279837 0.03293128 -0.00850000
v 0.10850153 0.02697500 -0.00850000
v 0.11111092 0.03498127 -0.00850000
v 0.10679400 0.02743253 -0.00850000
v 0.10381936 0.03414767 -0.00850000
v 0.10517389 0.03477013 -0.00850000
v 0.10038285 0.03047437 -0.00850000
v 0.10168426 0.03042342 -0.00850000
v 0.10633647 0.02572500 -0.00850000
v 0.10438791 0.02460000 -0.00850000
v 0.10616900 0.02635000 -0.00850000
v 0.10391900 0.02635000 -0.00850000
v 0.10633647 0.02697500 -0.00850000
v 0.10391900 0.02752267 -0.00850000
v 0.10363629 0.02879402 -0.00850000
v 0.10284144 0.02982576 -0.00850000
v 0.11700000 0.01985000 -0.00850000
v 0.11659808 0.02135000 -0.00850000
v 0.11700000 0.02000000 -0.00850000
v 0.10741900 0.02285000 -0.00850000
v 0.11400000 0.02285000 -0.00850000
v 0.11550000 0.02244808 -0.00850000
v 0.10626327 0.03744471 -0.00850000
v -0.00276963 0.03024106 -0.00850000
v -0.00183625 0.03131172 -0.00850000
v -0.00450000 0.04200000 -0.00850000
v 0.00450000 0.04200000 -0.00850000
v -0.00300000 0.04159808 -0.00850000
v -0.00190192 0.04050000 -0.00850000
v 0.00300000 0.04159808 -0.00850000
v 0.00190192 0.04050000 -0.00850000
v -0.00150000 0.03900000 -0.00850000
v 0.00150000 0.03900000 -0.00850000
v -0.00150000 0.03480000 -0.00850000
v 0.00150000 0.03480000 -0.00850000
v -0.00150000 0.03269174 -0.00850000
v 0.00150000 0.03269174 -0.00850000
v 0.00183625 0.03131172 -0.00850000
v -0.01537066 0.02350000 -0.00850000
v -0.01537066 0.01717500 -0.00850000
v -0.02302700 0.01984013 -0.00850000
v -0.04519995 0.02350000 -0.00850000
v -0.05178580 0.02042725 -0.00850000
v -0.05266928 0.02148567 -0.00850000
v -0.04418629 0.01799548 -0.00850000
v -0.02449677 0.01973946 -0.00850000
v -0.02781353 0.01697304 -0.00850000
v -0.03198016 0.02109875 -0.00850000
v -0.04223426 0.01962489 -0.00850000
v -0.04339144 0.01902722 -0.00850000
v -0.05146900 0.01908546 -0.00850000
v -0.07769400 0.02940224 -0.00850000
v -0.10850153 0.02697500 -0.00850000
v -0.10866900 0.02635000 -0.00850000
v -0.11283450 0.02350000 -0.00850000
v -0.10284144 0.02982576 -0.00850000
v -0.10633647 0.02697500 -0.00850000
v -0.10679400 0.02743253 -0.00850000
v -0.10850153 0.02572500 -0.00850000
v -0.10804400 0.02526747 -0.00850000
v -0.10566900 0.02331891 -0.00850000
v -0.10741900 0.02760000 -0.00850000
v -0.10804400 0.02743253 -0.00850000
v -0.10741900 0.02510000 -0.00850000
v -0.10679400 0.02526747 -0.00850000
v -0.10438791 0.02460000 -0.00850000
v -0.10633647 0.02572500 -0.00850000
v -0.10391900 0.02635000 -0.00850000
v -0.10616900 0.02635000 -0.00850000
v -0.10391900 0.02752267 -0.00850000
v -0.10363629 0.02879402 -0.00850000
v -0.10381936 0.03414767 -0.00850000
v -0.10168426 0.03042342 -0.00850000
v -0.10517389 0.03477013 -0.00850000
v -0.10606159 0.03596771 -0.00850000
v -0.10626327 0.03744471 -0.00850000
v -0.10572914 0.03883644 -0.00850000
v -0.11700000 0.01985000 -0.00850000
v -0.11659808 0.02135000 -0.00850000
v -0.11550000 0.02244808 -0.00850000
v -0.10741900 0.02285000 -0.00850000
v -0.11283450 0.02285000 -0.00850000
v -0.11400000 0.02285000 -0.00850000
v 0.00300000 0.00519615 -0.00850000
v 0.00519615 0.00300000 -0.00850000
v 0.00600000 0.00000000 -0.00850000
v 0.00519615 -0.00300000 -0.00850000
v 0.00407864 -0.00680539 -0.00850000
v 0.00000000 -0.00600000 -0.00850000
v 0.00482091 -0.00574533 -0.00850000
v 0.00300000 -0.00519615 -0.00850000
v 0.00599376 -0.00519843 -0.00850000
v 0.00728293 -0.00531121 -0.00850000
v -0.02814250 -0.00600000 -0.00850000
v -0.01537066 -0.00600000 -0.00850000
v -0.00815214 -0.00600000 -0.00850000
v 0.00396586 -0.00809457 -0.00850000
v -0.02893033 -0.00638412 -0.00850000
v -0.02858074 -0.00610114 -0.00850000
v -0.02912056 -0.00679168 -0.00850000
v -0.01586632 -0.01542962 -0.00850000
v -0.01537066 -0.01606096 -0.00850000
v -0.02781353 -0.01697304 -0.00850000
v -0.01537066 -0.01913694 -0.00850000
v -0.03198016 -0.01913694 -0.00850000
v -0.04418629 -0.01799548 -0.00850000
v -0.04339144 -0.01902722 -0.00850000
v -0.05178580 -0.02042725 -0.00850000
v -0.04499041 -0.02346194 -0.00850000
v -0.10741900 -0.02285000 -0.00850000
v -0.10566900 -0.02331891 -0.00850000
v -0.10741900 -0.02510000 -0.00850000
v -0.10804400 -0.02526747 -0.00850000
v -0.10850153 -0.02572500 -0.00850000
v -0.10866900 -0.02635000 -0.00850000
v -0.10679400 -0.02743253 -0.00850000
v -0.10381936 -0.03414767 -0.00850000
v -0.10741900 -0.02760000 -0.00850000
v -0.10517389 -0.03477013 -0.00850000
v -0.10606159 -0.03596771 -0.00850000
v -0.10626327 -0.03744471 -0.00850000
v -0.10572914 -0.03883644 -0.00850000
v -0.10284144 -0.02982576 -0.00850000
v -0.10363629 -0.02879402 -0.00850000
v -0.10391900 -0.02752267 -0.00850000
v -0.10633647 -0.02697500 -0.00850000
v -0.10391900 -0.02635000 -0.00850000
v -0.10616900 -0.02635000 -0.00850000
v -0.10438791 -0.02460000 -0.00850000
v -0.10633647 -0.02572500 -0.00850000
v -0.10679400 -0.02526747 -0.00850000
v -0.10168426 -0.03042342 -0.00850000
v -0.07769400 -0.02940224 -0.00850000
v -0.05266928 -0.02148567 -0.00850000
v -0.10804400 -0.02743253 -0.00850000
v -0.10850153 -0.02697500 -0.00850000
v -0.11700000 -0.01985000 -0.00850000
v -0.11659808 -0.02135000 -0.00850000
v -0.11550000 -0.02244808 -0.00850000
v -0.11400000 -0.02285000 -0.00850000
v -0.11283450 -0.02285000 -0.00850000
v -0.02302700 -0.01984013 -0.00850000
v -0.02449677 -0.01973946 -0.00850000
v -0.03198016 -0.02109875 -0.00850000
v -0.04223426 -0.01962489 -0.00850000
v 0.00450000 -0.04200000 -0.00850000
v -0.00450000 -0.04200000 -0.00850000
v 0.00300000 -0.04159808 -0.00850000
v 0.00190192 -0.04050000 -0.00850000
v 0.00276963 -0.03024106 -0.00850000
v 0.00183625 -0.03131172 -0.00850000
v -0.00276963 -0.03024106 -0.00850000
v -0.00300000 -0.04159808 -0.00850000
v -0.00190192 -0.04050000 -0.00850000
v 0.00150000 -0.03900000 -0.00850000
v -0.00150000 -0.03900000 -0.00850000
v 0.00150000 -0.03269174 -0.00850000
v -0.00150000 -0.03269174 -0.00850000
v -0.00183625 -0.03131172 -0.00850000
v 0.01678580 -0.02403093 -0.00850000
v 0.01681253 -0.02444988 -0.00850000
v 0.01658947 -0.02365987 -0.00850000
v 0.01666495 -0.02484288 -0.00850000
v 0.01279428 -0.01913694 -0.00850000
v 0.01642339 -0.02346194 -0.00850000
v 0.00451276 -0.00926741 -0.00850000
v 0.00473892 -0.00953694 -0.00850000
v 0.00724566 -0.01252435 -0.00850000
v 0.01021323 -0.01606096 -0.00850000
v -0.00950000 0.01990000 -0.00850000
v -0.00976795 0.02090000 -0.00850000
v -0.01050000 0.02163205 -0.00850000
v -0.01323205 0.01890000 -0.00850000
v -0.01250000 0.01816795 -0.00850000
v -0.01150000 0.01790000 -0.00850000
v -0.01050000 0.01816795 -0.00850000
v -0.00976795 0.01890000 -0.00850000
v -0.01150000 0.02190000 -0.00850000
v -0.01250000 0.02163205 -0.00850000
v -0.01323205 0.02090000 -0.00850000
v -0.01350000 0.01990000 -0.00850000
v 0.10147048 0.04414815 -0.00150000
v 0.10147048 0.04414815 -0.01000000
v 0.10750000 0.04165063 -0.00150000
v 0.10750000 0.04165063 -0.01000000
v 0.11267767 0.03767767 -0.00150000
v 0.11267767 0.03767767 -0.01000000
v 0.11665063 0.03250000 -0.00150000
v 0.11665063 0.03250000 -0.01000000
v 0.11914814 0.02647048 -0.00150000
v 0.11914814 0.02647048 -0.01000000
v -0.11914814 0.02647048 -0.00150000
v -0.11914814 0.02647048 -0.01000000
v -0.11665063 0.03250000 -0.00150000
v -0.11665063 0.03250000 -0.01000000
v -0.11267767 0.03767767 -0.00150000
v -0.11267767 0.03767767 -0.01000000
v -0.10750000 0.04165063 -0.00150000
v -0.10750000 0.04165063 -0.01000000
v -0.10147048 0.04414815 -0.00150000
v -0.10147048 0.04414815 -0.01000000
v -0.10147048 -0.04414815 -0.00150000
v -0.10147048 -0.04414815 -0.01000000
v -0.10750000 -0.04165063 -0.00150000
v -0.10750000 -0.04165063 -0.01000000
v -0.11267767 -0.03767767 -0.00150000
v -0.11267767 -0.03767767 -0.01000000
v -0.11665063 -0.03250000 -0.00150000
v -0.11665063 -0.03250000 -0.01000000
v -0.11914814 -0.02647048 -0.00150000
v -0.11914814 -0.02647048 -0.01000000
v 0.11914814 -0.02647048 -0.00150000
v 0.11914814 -0.02647048 -0.01000000
v 0.11665063 -0.03250000 -0.00150000
v 0.11665063 -0.03250000 -0.01000000
v 0.11267767 -0.03767767 -0.00150000
v 0.11267767 -0.03767767 -0.01000000
v 0.10750000 -0.04165063 -0.00150000
v 0.10750000 -0.04165063 -0.01000000
v 0.10147048 -0.04414815 -0.00150000
v 0.10147048 -0.04414815 -0.01000000
v -0.03800000 -0.00600000 -0.00350000
v -0.03955292 -0.00579556 -0.00350000
v -0.04100000 -0.00519615 -0.00350000
v -0.04224264 -0.00424264 -0.00350000
v -0.04319615 -0.00300000 -0.00350000
v -0.04379556 -0.00155291 -0.00350000
v -0.04400000 0.00000000 -0.00350000
v -0.04379556 0.00155291 -0.00350000
v -0.04319615 0.00300000 -0.00350000
v -0.03800000 0.00600000 -0.00350000
v -0.03955292 0.00579556 -0.00350000
v -0.04100000 0.00519615 -0.00350000
v -0.04224264 0.00424264 -0.00350000
v -0.00000000 -0.00600000 -0.00350000
v -0.00000000 0.00600000 -0.00350000
v 0.00103528 0.00386370 -0.00150000
v 0.00200000 0.00346410 -0.00150000
v -0.00000000 -0.00400000 -0.00150000
v -0.04000000 -0.00346410 -0.00150000
v -0.03800000 0.00400000 -0.00150000
v -0.03903528 -0.00386370 -0.00150000
v -0.03800000 -0.00400000 -0.00150000
v 0.00000000 0.00400000 -0.00150000
v -0.04200000 0.00000000 -0.00150000
v -0.04186370 0.00103528 -0.00150000
v -0.04146410 0.00200000 -0.00150000
v -0.04082843 0.00282843 -0.00150000
v -0.04000000 0.00346410 -0.00150000
v -0.03903528 0.00386370 -0.00150000
v 0.00282843 0.00282843 -0.00150000
v 0.00346410 0.00200000 -0.00150000
v 0.00386370 0.00103528 -0.00150000
v 0.00400000 -0.00000000 -0.00150000
v 0.00386370 -0.00103528 -0.00150000
v 0.00346410 -0.00200000 -0.00150000
v -0.04082843 -0.00282843 -0.00150000
v -0.04146410 -0.00200000 -0.00150000
v -0.04186370 -0.00103528 -0.00150000
v 0.00282843 -0.00282843 -0.00150000
v 0.00200000 -0.00346410 -0.00150000
v 0.00103528 -0.00386370 -0.00150000
v 0.00155291 0.00579556 -0.00350000
v 0.00300000 0.00519615 -0.00350000
v 0.00424264 0.00424264 -0.00350000
v 0.00519615 0.00300000 -0.00350000
v 0.00579556 0.00155291 -0.00350000
v 0.00600000 0.00000000 -0.00350000
v 0.00579556 -0.00155291 -0.00350000
v 0.00519615 -0.00300000 -0.00350000
v 0.00424264 -0.00424264 -0.00350000
v 0.00300000 -0.00519615 -0.00350000
v 0.00155291 -0.00579556 -0.00350000
v -0.01724132 0.01304805 -0.00298500
v -0.01687289 0.01167305 -0.00298500
v -0.01586632 0.01066648 -0.00298500
v -0.01449132 0.01029805 -0.00298500
v -0.01311632 0.01066648 -0.00298500
v -0.01210975 0.01167305 -0.00298500
v -0.01174132 0.01304805 -0.00298500
v -0.01210975 0.01442305 -0.00298500
v -0.01311632 0.01542962 -0.00298500
v -0.01449132 0.01579805 -0.00298500
v -0.01586632 0.01542962 -0.00298500
v -0.01687289 0.01442305 -0.00298500
v -0.00680428 0.01907388 -0.00298500
v -0.00643585 0.01769888 -0.00298500
v -0.00542928 0.01669231 -0.00298500
v -0.00405428 0.01632388 -0.00298500
v -0.00267928 0.01669231 -0.00298500
v -0.00167271 0.01769888 -0.00298500
v -0.00130428 0.01907388 -0.00298500
v -0.00167271 0.02044888 -0.00298500
v -0.00267928 0.02145545 -0.00298500
v -0.00405428 0.02182388 -0.00298500
v -0.00542928 0.02145545 -0.00298500
v -0.00643585 0.02044888 -0.00298500
v -0.00680428 -0.01907388 -0.00298500
v -0.00643585 -0.02044888 -0.00298500
v -0.00542928 -0.02145545 -0.00298500
v -0.00405428 -0.02182388 -0.00298500
v -0.00267928 -0.02145545 -0.00298500
v -0.00167271 -0.02044888 -0.00298500
v -0.00130428 -0.01907388 -0.00298500
v -0.00167271 -0.01769888 -0.00298500
v -0.00267928 -0.01669231 -0.00298500
v -0.00405428 -0.01632388 -0.00298500
v -0.00542928 -0.01669231 -0.00298500
v -0.00643585 -0.01769888 -0.00298500
v -0.01724132 -0.01304805 -0.00298500
v -0.01687289 -0.01442305 -0.00298500
v -0.01586632 -0.01542962 -0.00298500
v -0.01449132 -0.01579805 -0.00298500
v -0.01311632 -0.01542962 -0.00298500
v -0.01210975 -0.01442305 -0.00298500
v -0.01174132 -0.01304805 -0.00298500
v -0.01210975 -0.01167305 -0.00298500
v -0.01311632 -0.01066648 -0.00298500
v -0.01449132 -0.01029805 -0.00298500
v -0.01586632 -0.01066648 -0.00298500
v -0.01687289 -0.01167305 -0.00298500
v 0.01579560 0.00602583 -0.00298500
v 0.01616403 0.00465083 -0.00298500
v 0.01717060 0.00364426 -0.00298500
v 0.01854560 0.00327583 -0.00298500
v 0.01992060 0.00364426 -0.00298500
v 0.02092717 0.00465083 -0.00298500
v 0.02129560 0.00602583 -0.00298500
v 0.02092717 0.00740083 -0.00298500
v 0.01992060 0.00840740 -0.00298500
v 0.01854560 0.00877583 -0.00298500
v 0.01717060 0.00840740 -0.00298500
v 0.01616403 0.00740083 -0.00298500
v 0.01579560 -0.00602583 -0.00298500
v 0.01616403 -0.00740083 -0.00298500
v 0.01717060 -0.00840740 -0.00298500
v 0.01854560 -0.00877583 -0.00298500
v 0.01992060 -0.00840740 -0.00298500
v 0.02092717 -0.00740083 -0.00298500
v 0.02129560 -0.00602583 -0.00298500
v 0.02092717 -0.00465083 -0.00298500
v 0.01992060 -0.00364426 -0.00298500
v 0.01854560 -0.00327583 -0.00298500
v 0.01717060 -0.00364426 -0.00298500
v 0.01616403 -0.00465083 -0.00298500
v -0.01150000 0.01990000 -0.00229828
v -0.00976795 0.01890000 -0.00350000
v -0.01050000 0.01816795 -0.00350000
v -0.00950000 0.01990000 -0.00350000
v -0.01250000 0.01816795 -0.00350000
v -0.01323205 0.01890000 -0.00350000
v -0.01150000 0.01790000 -0.00350000
v -0.01323205 0.02090000 -0.00350000
v -0.01250000 0.02163205 -0.00350000
v -0.01350000 0.01990000 -0.00350000
v -0.01050000 0.02163205 -0.00350000
v -0.00976795 0.02090000 -0.00350000
v -0.01150000 0.02190000 -0.00350000
v 0.02300000 -0.00000000 -0.00229828
v 0.02473205 -0.00100000 -0.00350000
v 0.02400000 -0.00173205 -0.00350000
v 0.02500000 0.00000000 -0.00350000
v 0.02200000 -0.00173205 -0.00350000
v 0.02126795 -0.00100000 -0.00350000
v 0.02300000 -0.00200000 -0.00350000
v 0.02126795 0.00100000 -0.00350000
v 0.02200000 0.00173205 -0.00350000
v 0.02100000 -0.00000000 -0.00350000
v 0.02400000 0.00173205 -0.00350000
v 0.02473205 0.00100000 -0.00350000
v 0.02300000 0.00200000 -0.00350000
v 0.11279837 0.03293128 -0.01000000
v 0.11592324 0.02679837 -0.01000000
v 0.11700000 0.02000000 -0.01000000
v 0.11700000 -0.02000000 -0.01000000
v 0.11592324 -0.02679837 -0.01000000
v 0.11279837 -0.03293128 -0.01000000
v 0.09500000 0.04200000 -0.01000000
v 0.10179837 0.04092324 -0.01000000
v 0.10793128 0.03779837 -0.01000000
v 0.10793128 -0.03779837 -0.01000000
v 0.10179837 -0.04092324 -0.01000000
v 0.09500000 -0.04200000 -0.01000000
v 0.11700000 0.00136399 -0.00578750
v 0.11700000 -0.00136399 -0.00578750
v 0.11700000 -0.00078750 -0.00636399
v 0.11700000 -0.00000000 -0.00657500
v 0.11700000 0.00078750 -0.00636399
v 0.02863601 -0.04200000 -0.00578750
v 0.03136399 -0.04200000 -0.00578750
v -0.09136399 -0.04200000 -0.00578750
v -0.09078750 -0.04200000 -0.00636399
v 0.02921250 -0.04200000 -0.00636399
v 0.03000000 -0.04200000 -0.00657500
v 0.03078750 -0.04200000 -0.00636399
v 0.09136399 -0.04200000 -0.00578750
v 0.09078750 -0.04200000 -0.00636399
v -0.08863601 -0.04200000 -0.00578750
v -0.03136399 -0.04200000 -0.00578750
v -0.03078750 -0.04200000 -0.00636399
v -0.02863601 -0.04200000 -0.00578750
v -0.02921250 -0.04200000 -0.00636399
v -0.03000000 -0.04200000 -0.00657500
v -0.09000000 -0.04200000 -0.00657500
v -0.08921250 -0.04200000 -0.00636399
v 0.08863601 -0.04200000 -0.00578750
v 0.08921250 -0.04200000 -0.00636399
v 0.09000000 -0.04200000 -0.00657500
v -0.11700000 -0.00136399 -0.00578750
v -0.11700000 0.00136399 -0.00578750
v -0.11700000 0.00078750 -0.00636399
v -0.11700000 0.00000000 -0.00657500
v -0.11700000 -0.00078750 -0.00636399
v -0.09136399 0.04200000 -0.00578750
v -0.09078750 0.04200000 -0.00636399
v 0.02863601 0.04200000 -0.00578750
v 0.09136399 0.04200000 -0.00578750
v 0.09078750 0.04200000 -0.00636399
v -0.02863601 0.04200000 -0.00578750
v -0.02921250 0.04200000 -0.00636399
v -0.03000000 0.04200000 -0.00657500
v -0.08863601 0.04200000 -0.00578750
v -0.08921250 0.04200000 -0.00636399
v -0.09000000 0.04200000 -0.00657500
v 0.03136399 0.04200000 -0.00578750
v 0.03078750 0.04200000 -0.00636399
v 0.03000000 0.04200000 -0.00657500
v 0.02921250 0.04200000 -0.00636399
v -0.03136399 0.04200000 -0.00578750
v -0.03078750 0.04200000 -0.00636399
v 0.09000000 0.04200000 -0.00657500
v 0.08921250 0.04200000 -0.00636399
v 0.08863601 0.04200000 -0.00578750
v -0.00000000 -0.00500000 -0.00176795
v 0.00129410 -0.00482963 -0.00176795
v 0.00250000 -0.00433013 -0.00176795
v 0.00353553 -0.00353553 -0.00176795
v 0.00433013 -0.00250000 -0.00176795
v 0.00482963 -0.00129410 -0.00176795
v 0.00500000 -0.00000000 -0.00176795
v 0.00482963 0.00129410 -0.00176795
v 0.00433013 0.00250000 -0.00176795
v 0.00353553 0.00353553 -0.00176795
v 0.00250000 0.00433013 -0.00176795
v 0.00129410 0.00482963 -0.00176795
v 0.00000000 0.00500000 -0.00176795
v -0.00000000 -0.00573205 -0.00250000
v 0.00148356 -0.00553674 -0.00250000
v 0.00286603 -0.00496410 -0.00250000
v 0.00405317 -0.00405317 -0.00250000
v 0.00496410 -0.00286603 -0.00250000
v 0.00553674 -0.00148356 -0.00250000
v 0.00573205 -0.00000000 -0.00250000
v 0.00553674 0.00148356 -0.00250000
v 0.00496410 0.00286603 -0.00250000
v 0.00405317 0.00405317 -0.00250000
v 0.00286603 0.00496410 -0.00250000
v 0.00148356 0.00553674 -0.00250000
v -0.00000000 0.00573205 -0.00250000
v -0.03800000 -0.00500000 -0.00176795
v -0.03800000 -0.00573205 -0.00250000
v -0.03800000 0.00500000 -0.00176795
v -0.03800000 0.00573205 -0.00250000
v -0.03929409 0.00482963 -0.00176795
v -0.04050000 0.00433013 -0.00176795
v -0.04153553 0.00353553 -0.00176795
v -0.04233013 0.00250000 -0.00176795
v -0.04282963 0.00129410 -0.00176795
v -0.04300000 0.00000000 -0.00176795
v -0.04282963 -0.00129410 -0.00176795
v -0.04233013 -0.00250000 -0.00176795
v -0.04153553 -0.00353553 -0.00176795
v -0.04050000 -0.00433013 -0.00176795
v -0.03929409 -0.00482963 -0.00176795
v -0.03948356 0.00553674 -0.00250000
v -0.04086602 0.00496410 -0.00250000
v -0.04205317 0.00405317 -0.00250000
v -0.04296410 0.00286603 -0.00250000
v -0.04353674 0.00148356 -0.00250000
v -0.04373205 0.00000000 -0.00250000
v -0.04353674 -0.00148356 -0.00250000
v -0.04296410 -0.00286603 -0.00250000
v -0.04205317 -0.00405317 -0.00250000
v -0.04086602 -0.00496410 -0.00250000
v -0.03948356 -0.00553674 -0.00250000
v 0.02188191 -0.02052807 -0.00579900
v 0.02186900 -0.02054055 -0.00539095
v -0.04796900 0.01520000 -0.00224892
v -0.04688647 0.01457500 -0.00300000
v -0.04734400 0.01411747 -0.00300000
v -0.04671900 0.01520000 -0.00300000
v -0.04859400 0.01411747 -0.00300000
v -0.04905153 0.01457500 -0.00300000
v -0.04796900 0.01395000 -0.00300000
v -0.04905153 0.01582500 -0.00300000
v -0.04859400 0.01628253 -0.00300000
v -0.04921900 0.01520000 -0.00300000
v -0.04734400 0.01628253 -0.00300000
v -0.04688647 0.01582500 -0.00300000
v -0.04796900 0.01645000 -0.00300000
v -0.04796900 -0.01520000 -0.00224892
v -0.04688647 -0.01582500 -0.00300000
v -0.04734400 -0.01628253 -0.00300000
v -0.04671900 -0.01520000 -0.00300000
v -0.04859400 -0.01628253 -0.00300000
v -0.04905153 -0.01582500 -0.00300000
v -0.04796900 -0.01645000 -0.00300000
v -0.04905153 -0.01457500 -0.00300000
v -0.04859400 -0.01411747 -0.00300000
v -0.04921900 -0.01520000 -0.00300000
v -0.04734400 -0.01411747 -0.00300000
v -0.04688647 -0.01457500 -0.00300000
v -0.04796900 -0.01395000 -0.00300000
v -0.10741900 -0.02635000 -0.00224892
v -0.10633647 -0.02697500 -0.00300000
v -0.10679400 -0.02743253 -0.00300000
v -0.10616900 -0.02635000 -0.00300000
v -0.10804400 -0.02743253 -0.00300000
v -0.10850153 -0.02697500 -0.00300000
v -0.10741900 -0.02760000 -0.00300000
v -0.10850153 -0.02572500 -0.00300000
v -0.10804400 -0.02526747 -0.00300000
v -0.10866900 -0.02635000 -0.00300000
v -0.10679400 -0.02526747 -0.00300000
v -0.10633647 -0.02572500 -0.00300000
v -0.10741900 -0.02510000 -0.00300000
v -0.10741900 0.02635000 -0.00224892
v -0.10633647 0.02572500 -0.00300000
v -0.10679400 0.02526747 -0.00300000
v -0.10616900 0.02635000 -0.00300000
v -0.10804400 0.02526747 -0.00300000
v -0.10850153 0.02572500 -0.00300000
v -0.10741900 0.02510000 -0.00300000
v -0.10850153 0.02697500 -0.00300000
v -0.10804400 0.02743253 -0.00300000
v -0.10866900 0.02635000 -0.00300000
v -0.10679400 0.02743253 -0.00300000
v -0.10633647 0.02697500 -0.00300000
v -0.10741900 0.02760000 -0.00300000
v -0.10710000 -0.01512000 -0.00400000
v -0.10743494 -0.01387000 -0.00400000
v -0.10835000 -0.01295494 -0.00400000
v -0.10960000 -0.01262000 -0.00400000
v -0.11085000 -0.01295494 -0.00400000
v -0.11176506 -0.01387000 -0.00400000
v -0.11210000 -0.01512000 -0.00400000
v -0.10710000 -0.01812000 -0.00400000
v -0.11210000 -0.01812000 -0.00400000
v -0.11176506 -0.01937000 -0.00400000
v -0.11085000 -0.02028506 -0.00400000
v -0.10960000 -0.02062000 -0.00400000
v -0.10835000 -0.02028506 -0.00400000
v -0.10743494 -0.01937000 -0.00400000
v -0.10710000 0.01812000 -0.00400000
v -0.10743494 0.01937000 -0.00400000
v -0.10835000 0.02028506 -0.00400000
v -0.10960000 0.02062000 -0.00400000
v -0.11085000 0.02028506 -0.00400000
v -0.11176506 0.01937000 -0.00400000
v -0.11210000 0.01812000 -0.00400000
v -0.10710000 0.01512000 -0.00400000
v -0.11210000 0.01512000 -0.00400000
v -0.11176506 0.01387000 -0.00400000
v -0.11085000 0.01295494 -0.00400000
v -0.10960000 0.01262000 -0.00400000
v -0.10835000 0.01295494 -0.00400000
v -0.10743494 0.01387000 -0.00400000
v -0.08921250 -0.03750000 -0.00363601
v -0.09000000 -0.03750000 -0.00342500
v -0.08863601 -0.03750000 -0.00421250
v -0.09136399 -0.03750000 -0.00421250
v -0.09078750 -0.03750000 -0.00363601
v -0.02858097 -0.03750000 -0.00431663
v -0.02863601 -0.03750000 -0.00421250
v -0.02901800 -0.03750000 -0.00376862
v -0.02921250 -0.03750000 -0.00363601
v -0.02964953 -0.03750000 -0.00346449
v -0.03000000 -0.03750000 -0.00342500
v -0.03035047 -0.03750000 -0.00346449
v -0.03078750 -0.03750000 -0.00363601
v -0.03098200 -0.03750000 -0.00376862
v -0.03136399 -0.03750000 -0.00421250
v -0.03141903 -0.03750000 -0.00431663
v 0.03078750 -0.03750000 -0.00363601
v 0.03000000 -0.03750000 -0.00342500
v 0.03136399 -0.03750000 -0.00421250
v 0.02863601 -0.03750000 -0.00421250
v 0.02921250 -0.03750000 -0.00363601
v 0.09078750 -0.03750000 -0.00363601
v 0.09000000 -0.03750000 -0.00342500
v 0.09136399 -0.03750000 -0.00421250
v 0.08863601 -0.03750000 -0.00421250
v 0.08921250 -0.03750000 -0.00363601
v -0.11250000 -0.00078750 -0.00363601
v -0.11250000 -0.00000000 -0.00342500
v -0.11250000 -0.00136399 -0.00421250
v -0.11250000 0.00136399 -0.00421250
v -0.11250000 0.00078750 -0.00363601
v 0.04796900 0.01520000 -0.00224892
v 0.04905153 0.01457500 -0.00300000
v 0.04859400 0.01411747 -0.00300000
v 0.04921900 0.01520000 -0.00300000
v 0.04734400 0.01411747 -0.00300000
v 0.04688647 0.01457500 -0.00300000
v 0.04796900 0.01395000 -0.00300000
v 0.04688647 0.01582500 -0.00300000
v 0.04734400 0.01628253 -0.00300000
v 0.04671900 0.01520000 -0.00300000
v 0.04859400 0.01628253 -0.00300000
v 0.04905153 0.01582500 -0.00300000
v 0.04796900 0.01645000 -0.00300000
v 0.04796900 -0.01520000 -0.00224892
v 0.04905153 -0.01582500 -0.00300000
v 0.04859400 -0.01628253 -0.00300000
v 0.04921900 -0.01520000 -0.00300000
v 0.04734400 -0.01628253 -0.00300000
v 0.04688647 -0.01582500 -0.00300000
v 0.04796900 -0.01645000 -0.00300000
v 0.04688647 -0.01457500 -0.00300000
v 0.04734400 -0.01411747 -0.00300000
v 0.04671900 -0.01520000 -0.00300000
v 0.04859400 -0.01411747 -0.00300000
v 0.04905153 -0.01457500 -0.00300000
v 0.04796900 -0.01395000 -0.00300000
v 0.10741900 -0.02635000 -0.00224892
v 0.10850153 -0.02697500 -0.00300000
v 0.10804400 -0.02743253 -0.00300000
v 0.10866900 -0.02635000 -0.00300000
v 0.10679400 -0.02743253 -0.00300000
v 0.10633647 -0.02697500 -0.00300000
v 0.10741900 -0.02760000 -0.00300000
v 0.10633647 -0.02572500 -0.00300000
v 0.10679400 -0.02526747 -0.00300000
v 0.10616900 -0.02635000 -0.00300000
v 0.10804400 -0.02526747 -0.00300000
v 0.10850153 -0.02572500 -0.00300000
v 0.10741900 -0.02510000 -0.00300000
v 0.10741900 0.02635000 -0.00224892
v 0.10850153 0.02572500 -0.00300000
v 0.10804400 0.02526747 -0.00300000
v 0.10866900 0.02635000 -0.00300000
v 0.10679400 0.02526747 -0.00300000
v 0.10633647 0.02572500 -0.00300000
v 0.10741900 0.02510000 -0.00300000
v 0.10633647 0.02697500 -0.00300000
v 0.10679400 0.02743253 -0.00300000
v 0.10616900 0.02635000 -0.00300000
v 0.10804400 0.02743253 -0.00300000
v 0.10850153 0.02697500 -0.00300000
v 0.10741900 0.02760000 -0.00300000
v 0.11210000 -0.01512000 -0.00400000
v 0.11176506 -0.01387000 -0.00400000
v 0.11085000 -0.01295494 -0.00400000
v 0.10960000 -0.01262000 -0.00400000
v 0.10835000 -0.01295494 -0.00400000
v 0.10743494 -0.01387000 -0.00400000
v 0.10710000 -0.01512000 -0.00400000
v 0.11210000 -0.01812000 -0.00400000
v 0.10710000 -0.01812000 -0.00400000
v 0.10743494 -0.01937000 -0.00400000
v 0.10835000 -0.02028506 -0.00400000
v 0.10960000 -0.02062000 -0.00400000
v 0.11085000 -0.02028506 -0.00400000
v 0.11176506 -0.01937000 -0.00400000
v 0.11210000 0.01812000 -0.00400000
v 0.11176506 0.01937000 -0.00400000
v 0.11085000 0.02028506 -0.00400000
v 0.10960000 0.02062000 -0.00400000
v 0.10835000 0.02028506 -0.00400000
v 0.10743494 0.01937000 -0.00400000
v 0.10710000 0.01812000 -0.00400000
v 0.11210000 0.01512000 -0.00400000
v 0.10710000 0.01512000 -0.00400000
v 0.10743494 0.01387000 -0.00400000
v 0.10835000 0.01295494 -0.00400000
v 0.10960000 0.01262000 -0.00400000
v 0.11085000 0.01295494 -0.00400000
v 0.11176506 0.01387000 -0.00400000
v 0.11250000 0.00078750 -0.00363601
v 0.11250000 0.00000000 -0.00342500
v 0.11250000 0.00136399 -0.00421250
v 0.11250000 -0.00136399 -0.00421250
v 0.11250000 -0.00078750 -0.00363601
v -0.09078750 0.03750000 -0.00363601
v -0.09000000 0.03750000 -0.00342500
v -0.09136399 0.03750000 -0.00421250
v -0.08863601 0.03750000 -0.00421250
v -0.08921250 0.03750000 -0.00363601
v -0.03141903 0.03750000 -0.00431663
v -0.03136399 0.03750000 -0.00421250
v -0.03098200 0.03750000 -0.00376862
v -0.03078750 0.03750000 -0.00363601
v -0.03035047 0.03750000 -0.00346449
v -0.03000000 0.03750000 -0.00342500
v -0.02964953 0.03750000 -0.00346449
v -0.02921250 0.03750000 -0.00363601
v -0.02901800 0.03750000 -0.00376862
v -0.02858097 0.03750000 -0.00431663
v -0.02863601 0.03750000 -0.00421250
v 0.02921250 0.03750000 -0.00363601
v 0.03000000 0.03750000 -0.00342500
v 0.02863601 0.03750000 -0.00421250
v 0.03136399 0.03750000 -0.00421250
v 0.03078750 0.03750000 -0.00363601
v 0.09136399 0.03750000 -0.00421250
v 0.08863601 0.03750000 -0.00421250
v 0.08921250 0.03750000 -0.00363601
v 0.09000000 0.03750000 -0.00342500
v 0.09078750 0.03750000 -0.00363601
v 0.00451276 -0.00926741 -0.00579900
v 0.01658947 -0.02365987 -0.00579900
v 0.02042296 -0.02044983 -0.00579900
v 0.00834299 -0.00605348 -0.00579900
v 0.00396586 -0.00809457 -0.00579900
v 0.00407864 -0.00680539 -0.00579900
v 0.00482091 -0.00574533 -0.00579900
v 0.00599376 -0.00519843 -0.00579900
v 0.00728293 -0.00531121 -0.00579900
v 0.02415620 -0.02541979 -0.00454950
v 0.00808651 -0.00626868 -0.00454950
v 0.02041098 -0.02046208 -0.00550757
v 0.02391129 -0.02562530 -0.00411292
v 0.00738581 -0.00685664 -0.00363480
v 0.02249833 -0.02681091 -0.00330000
v 0.00642723 -0.00765968 -0.00330000
v 0.02327038 -0.02616308 -0.00351224
v 0.02345550 -0.02600775 -0.00363480
v 0.02083893 -0.02820332 -0.00454950
v 0.02108384 -0.02799781 -0.00411292
v 0.02186637 -0.02854575 -0.00411292
v 0.02431502 -0.02649109 -0.00411292
v 0.02153963 -0.02761536 -0.00363480
v 0.02172475 -0.02746003 -0.00351224
v 0.02215252 -0.02775956 -0.00351224
v 0.02349108 -0.02663637 -0.00351224
v 0.02344557 -0.02715660 -0.00351224
v 0.02314604 -0.02758437 -0.00351224
v 0.02267275 -0.02780507 -0.00351224
v 0.02423176 -0.02744275 -0.00411292
v 0.02368382 -0.02822528 -0.00411292
v 0.02281803 -0.02862901 -0.00411292
v 0.00546994 -0.00846425 -0.00363480
v 0.00519637 -0.00787759 -0.00363480
v 0.00525279 -0.00723275 -0.00363480
v 0.00562407 -0.00670251 -0.00363480
v 0.00621073 -0.00642894 -0.00363480
v 0.00685557 -0.00648536 -0.00363480
v 0.00476924 -0.00905221 -0.00454950
v 0.00429557 -0.00803643 -0.00454950
v 0.00439326 -0.00691990 -0.00454950
v 0.00503611 -0.00600181 -0.00454950
v 0.00605189 -0.00552814 -0.00454950
v 0.00716842 -0.00562582 -0.00454950
v 0.01661898 -0.02364255 -0.00538976
v 0.02153750 -0.02074435 -0.00579900
v 0.02113545 -0.02080560 -0.00579900
v 0.02074226 -0.02070170 -0.00579900
v 0.02073137 -0.02071466 -0.00550126
v 0.02112508 -0.02081891 -0.00547659
v 0.02152658 -0.02075746 -0.00543766
v 0.01678580 -0.02403093 -0.00579900
v 0.01681253 -0.02444988 -0.00579900
v 0.01666495 -0.02484288 -0.00579900
v 0.01670055 -0.02481926 -0.00529357
v 0.01684382 -0.02442947 -0.00534926
v 0.01681494 -0.02401286 -0.00538332
f 1 2 3
f 3 2 4
f 3 4 5
f 1 3 6
f 6 3 7
f 6 7 8
f 9 10 11
f 12 13 14
f 15 16 17
f 18 19 20
f 21 22 23
f 24 25 26
f 27 28 29
f 30 31 32
f 33 34 35
f 36 37 32
f 32 37 38
f 32 38 30
f 35 39 33
f 33 39 40
f 33 40 41
f 41 40 42
f 41 42 43
f 43 42 44
f 43 44 45
f 44 46 45
f 45 46 47
f 45 47 48
f 48 47 49
f 48 49 36
f 36 49 50
f 36 50 37
f 51 52 53
f 53 52 54
f 53 54 55
f 55 54 56
f 55 56 57
f 57 58 59
f 59 58 60
f 59 60 61
f 61 60 62
f 61 62 63
f 63 62 64
f 63 64 65
f 64 66 65
f 65 66 67
f 65 67 68
f 68 67 69
f 51 53 70
f 70 53 71
f 70 71 72
f 73 74 75
f 73 75 76
f 77 78 79
f 79 78 80
f 79 80 81
f 82 83 84
f 85 84 86
f 86 84 87
f 86 87 88
f 88 87 76
f 88 76 89
f 89 76 75
f 24 26 90
f 91 92 84
f 84 92 93
f 84 93 87
f 87 93 94
f 87 94 76
f 91 84 95
f 95 84 83
f 95 83 96
f 97 98 99
f 99 98 100
f 99 100 101
f 102 26 103
f 103 26 25
f 103 25 104
f 104 25 105
f 104 105 106
f 106 105 107
f 108 109 110
f 111 112 113
f 114 115 116
f 110 117 108
f 108 117 118
f 108 118 119
f 116 115 119
f 119 115 120
f 119 120 108
f 121 122 123
f 123 122 124
f 109 125 110
f 110 125 126
f 110 126 127
f 127 126 128
f 74 73 28
f 28 73 113
f 28 113 29
f 29 113 112
f 29 112 129
f 129 130 29
f 29 130 131
f 29 131 132
f 131 133 132
f 132 133 134
f 132 134 135
f 135 134 136
f 135 136 117
f 117 136 137
f 117 137 118
f 138 139 140
f 141 142 143
f 143 142 144
f 143 144 139
f 139 144 145
f 139 145 140
f 146 26 141
f 141 26 102
f 141 102 142
f 147 138 148
f 148 138 140
f 148 140 149
f 149 140 150
f 149 150 151
f 151 150 152
f 151 152 153
f 153 152 154
f 153 154 107
f 107 154 155
f 107 155 106
f 156 157 158
f 158 157 22
f 158 22 159
f 159 22 21
f 160 21 123
f 123 21 23
f 123 23 121
f 121 23 128
f 121 128 161
f 161 128 126
f 146 162 26
f 26 162 76
f 26 76 90
f 90 76 94
f 116 111 114
f 114 111 113
f 114 113 163
f 163 113 73
f 163 73 124
f 124 73 76
f 124 76 123
f 123 76 162
f 123 162 160
f 164 165 166
f 166 165 167
f 168 169 170
f 171 172 173
f 173 172 174
f 173 174 175
f 175 174 176
f 171 177 172
f 172 177 178
f 172 178 82
f 82 178 179
f 164 166 180
f 180 166 181
f 180 181 182
f 183 184 96
f 185 186 187
f 187 186 188
f 187 188 189
f 184 190 96
f 96 190 191
f 96 191 192
f 191 193 192
f 192 193 194
f 192 194 195
f 195 194 196
f 197 198 185
f 185 198 199
f 185 199 186
f 187 200 185
f 185 200 201
f 185 201 197
f 197 201 202
f 197 202 203
f 204 166 168
f 168 166 167
f 168 167 169
f 205 206 174
f 174 206 207
f 174 207 208
f 170 176 168
f 168 176 174
f 168 174 209
f 209 174 208
f 57 59 55
f 55 59 210
f 55 210 211
f 211 212 55
f 55 212 213
f 55 213 17
f 20 19 48
f 48 19 214
f 48 214 45
f 215 216 217
f 217 216 218
f 218 216 219
f 219 216 195
f 219 195 202
f 202 195 196
f 202 196 203
f 220 221 14
f 14 221 222
f 223 220 224
f 17 16 55
f 55 16 225
f 55 225 226
f 223 224 227
f 222 228 14
f 14 228 229
f 14 229 17
f 17 229 230
f 17 230 15
f 220 14 224
f 224 14 13
f 224 13 231
f 232 233 14
f 14 233 234
f 14 234 12
f 235 236 110
f 237 238 232
f 232 238 239
f 232 239 233
f 236 240 110
f 110 240 241
f 110 241 237
f 242 243 244
f 245 246 247
f 247 246 248
f 237 232 110
f 110 232 249
f 110 249 117
f 117 249 250
f 117 250 135
f 135 250 246
f 135 246 132
f 132 246 245
f 132 245 251
f 248 246 252
f 252 246 11
f 252 11 253
f 242 244 254
f 243 255 244
f 244 255 256
f 244 256 11
f 11 256 257
f 11 257 253
f 11 10 244
f 244 10 258
f 244 258 259
f 260 261 174
f 174 261 262
f 174 262 205
f 205 262 263
f 205 263 264
f 264 265 205
f 205 265 266
f 205 266 11
f 11 266 267
f 11 267 9
f 251 254 132
f 132 254 244
f 132 244 29
f 29 244 78
f 29 78 27
f 27 78 77
f 259 260 244
f 244 260 174
f 244 174 78
f 78 174 172
f 78 172 80
f 80 172 82
f 80 82 81
f 81 82 84
f 81 84 268
f 268 84 85
f 69 72 68
f 68 72 71
f 68 71 269
f 269 71 270
f 269 270 33
f 33 270 32
f 33 32 34
f 34 32 31
f 179 182 82
f 82 182 181
f 82 181 83
f 83 181 271
f 83 271 96
f 96 271 187
f 96 187 183
f 183 187 189
f 204 272 166
f 166 272 273
f 166 273 181
f 181 273 274
f 181 274 271
f 271 274 275
f 271 275 187
f 187 275 276
f 187 276 200
f 156 147 157
f 157 147 148
f 157 148 277
f 277 148 149
f 278 279 280
f 280 279 281
f 281 279 282
f 281 282 283
f 284 285 48
f 48 285 286
f 48 286 20
f 20 286 287
f 20 287 288
f 288 289 20
f 20 289 290
f 20 290 280
f 280 290 291
f 280 291 278
f 226 227 55
f 55 227 224
f 55 224 53
f 53 224 292
f 53 292 71
f 71 292 293
f 71 293 270
f 270 293 294
f 270 294 32
f 32 294 295
f 32 295 36
f 36 295 296
f 36 296 48
f 48 296 281
f 48 281 284
f 284 281 283
f 231 235 224
f 224 235 110
f 224 110 292
f 292 110 127
f 292 127 293
f 293 127 128
f 293 128 294
f 294 128 23
f 294 23 295
f 295 23 22
f 295 22 296
f 296 22 157
f 296 157 281
f 281 157 277
f 281 277 297
f 298 280 299
f 299 280 281
f 299 281 300
f 300 281 297
f 298 301 280
f 280 301 302
f 280 302 303
f 303 302 304
f 305 306 277
f 277 306 307
f 277 307 297
f 304 308 303
f 303 308 309
f 303 309 305
f 310 311 153
f 153 311 312
f 313 310 314
f 314 310 153
f 314 153 100
f 100 153 107
f 100 107 101
f 101 107 105
f 305 277 303
f 303 277 149
f 303 149 315
f 315 149 151
f 315 151 316
f 316 151 153
f 316 153 317
f 317 153 312
f 317 312 318
f 318 319 317
f 317 319 320
f 317 320 321
f 321 320 322
f 321 322 323
f 323 324 321
f 321 324 325
f 321 325 314
f 314 325 326
f 314 326 313
f 327 328 216
f 216 328 195
f 195 328 329
f 195 329 330
f 331 332 314
f 314 332 333
f 314 333 321
f 321 333 334
f 321 334 335
f 335 336 321
f 321 336 337
f 321 337 216
f 216 337 338
f 216 338 327
f 330 331 195
f 195 331 314
f 195 314 192
f 192 314 100
f 192 100 96
f 96 100 98
f 96 98 95
f 95 98 97
f 215 339 216
f 216 339 340
f 216 340 321
f 321 340 341
f 321 341 317
f 317 341 342
f 317 342 316
f 316 342 343
f 316 343 315
f 315 343 344
f 315 344 303
f 303 344 345
f 303 345 280
f 280 345 346
f 280 346 20
f 20 346 347
f 20 347 18
f 348 349 350
f 350 349 351
f 352 353 354
f 354 353 355
f 356 357 358
f 358 357 359
f 358 359 360
f 361 362 363
f 364 365 366
f 367 360 368
f 368 360 369
f 368 369 370
f 371 366 372
f 372 366 373
f 374 375 376
f 377 378 379
f 380 381 382
f 382 381 383
f 382 383 384
f 385 362 386
f 386 362 361
f 386 361 387
f 387 361 388
f 387 388 370
f 370 388 389
f 370 389 368
f 379 378 390
f 391 392 393
f 356 358 392
f 392 358 394
f 392 394 393
f 395 396 397
f 397 396 398
f 399 400 401
f 382 360 380
f 380 360 367
f 380 367 402
f 402 367 403
f 402 403 404
f 405 406 373
f 373 406 407
f 373 407 372
f 375 364 376
f 376 364 366
f 376 366 408
f 408 366 371
f 393 409 391
f 391 409 410
f 391 410 411
f 411 410 412
f 411 412 413
f 413 412 390
f 413 390 414
f 414 390 378
f 383 415 384
f 384 415 416
f 384 416 398
f 398 416 417
f 398 417 397
f 401 400 418
f 366 419 373
f 373 419 420
f 373 420 421
f 421 420 369
f 421 369 422
f 422 369 360
f 422 360 423
f 423 360 359
f 379 424 377
f 377 424 425
f 377 425 426
f 426 425 427
f 428 429 430
f 431 432 376
f 376 432 433
f 376 433 374
f 434 435 436
f 436 435 428
f 436 428 437
f 437 428 430
f 437 430 438
f 404 439 402
f 402 439 440
f 402 440 441
f 441 440 435
f 441 435 442
f 442 435 434
f 442 434 443
f 443 434 444
f 443 444 445
f 445 444 446
f 445 446 447
f 447 446 448
f 447 448 395
f 395 448 449
f 395 449 396
f 450 405 451
f 451 405 373
f 451 373 377
f 377 373 452
f 377 452 378
f 427 453 426
f 426 453 454
f 426 454 455
f 456 457 458
f 458 457 418
f 458 418 459
f 459 418 400
f 459 400 460
f 460 400 361
f 460 361 461
f 461 361 363
f 462 463 401
f 401 463 464
f 401 464 399
f 465 466 467
f 468 469 470
f 470 469 471
f 470 471 472
f 467 473 465
f 465 473 432
f 465 432 471
f 471 432 431
f 471 431 472
f 401 418 474
f 474 418 475
f 476 477 435
f 435 477 428
f 478 377 479
f 479 377 426
f 479 426 480
f 481 482 483
f 484 485 486
f 486 485 487
f 486 487 488
f 488 487 489
f 488 489 490
f 483 482 491
f 491 482 492
f 491 492 489
f 489 492 493
f 489 493 490
f 494 495 483
f 483 495 496
f 483 496 481
f 497 498 499
f 500 501 502
f 502 503 500
f 500 503 504
f 500 504 505
f 505 504 506
f 505 506 507
f 507 506 508
f 507 508 509
f 508 497 509
f 509 497 499
f 509 499 510
f 510 499 511
f 512 513 471
f 471 513 465
f 514 515 516
f 517 518 519
f 519 520 521
f 521 520 522
f 523 524 525
f 525 524 526
f 525 526 527
f 527 526 528
f 529 530 521
f 531 517 532
f 532 517 519
f 532 519 533
f 533 519 534
f 523 535 524
f 524 535 519
f 524 519 516
f 516 519 518
f 516 518 514
f 536 537 538
f 538 537 520
f 538 520 539
f 540 541 542
f 543 544 545
f 545 544 546
f 545 546 547
f 547 546 548
f 547 548 549
f 549 548 550
f 549 550 522
f 550 551 522
f 522 551 552
f 522 552 553
f 554 7 3
f 536 555 537
f 537 555 528
f 537 528 556
f 556 528 526
f 542 541 557
f 557 541 558
f 557 558 553
f 554 3 542
f 559 560 554
f 554 560 561
f 562 563 545
f 545 563 560
f 545 560 543
f 543 560 559
f 535 564 519
f 519 564 565
f 519 565 520
f 520 565 566
f 520 566 539
f 567 529 568
f 568 529 521
f 568 521 569
f 569 521 522
f 569 522 570
f 570 522 553
f 570 553 571
f 571 553 558
f 561 572 554
f 554 572 573
f 554 573 7
f 574 575 568
f 568 575 576
f 568 576 577
f 577 578 568
f 568 578 579
f 568 579 567
f 580 581 540
f 3 5 542
f 542 5 582
f 542 582 540
f 540 582 583
f 540 583 580
f 581 584 540
f 540 584 585
f 540 585 586
f 587 588 589
f 587 589 590
f 590 589 591
f 590 591 592
f 592 591 593
f 592 593 594
f 595 596 593
f 495 597 598
f 599 600 601
f 481 496 602
f 603 604 605
f 606 481 607
f 607 481 602
f 607 602 608
f 608 602 609
f 610 611 612
f 612 613 610
f 610 613 614
f 610 614 615
f 616 617 618
f 618 617 619
f 618 619 620
f 621 622 623
f 623 622 599
f 623 599 624
f 624 599 601
f 624 601 625
f 625 601 626
f 627 628 618
f 618 628 629
f 618 629 616
f 630 601 588
f 588 601 600
f 588 600 589
f 589 600 605
f 589 605 591
f 591 605 604
f 631 632 629
f 629 632 633
f 629 633 616
f 631 595 632
f 632 595 593
f 632 593 634
f 634 593 591
f 634 591 635
f 635 591 604
f 621 636 622
f 622 636 637
f 622 637 611
f 611 637 638
f 611 638 612
f 615 626 610
f 610 626 601
f 610 601 639
f 639 601 602
f 639 602 598
f 598 602 496
f 598 496 495
f 619 640 620
f 620 640 641
f 620 641 605
f 605 641 642
f 605 642 603
f 643 644 645
f 643 645 646
f 646 645 647
f 646 647 648
f 648 647 649
f 648 649 650
f 511 499 651
f 651 499 498
f 645 652 653
f 654 655 656
f 656 655 657
f 658 659 649
f 660 661 659
f 659 661 662
f 659 662 649
f 663 664 665
f 665 664 666
f 665 666 667
f 667 666 668
f 649 647 658
f 658 647 645
f 658 645 669
f 669 645 653
f 670 671 672
f 660 673 674
f 675 676 677
f 677 676 651
f 677 651 678
f 678 651 498
f 652 645 679
f 679 645 644
f 679 644 680
f 657 655 681
f 681 655 682
f 681 682 683
f 672 655 670
f 670 655 654
f 670 654 684
f 684 654 679
f 684 679 685
f 685 679 680
f 674 686 660
f 660 686 687
f 660 687 661
f 661 687 688
f 661 688 689
f 669 690 658
f 658 690 691
f 658 691 682
f 682 691 692
f 682 692 683
f 693 511 694
f 694 511 651
f 694 651 695
f 695 651 661
f 695 661 665
f 665 661 689
f 665 689 663
f 668 696 667
f 667 696 697
f 667 697 673
f 673 697 698
f 673 698 674
f 699 700 701
f 702 703 701
f 701 703 704
f 701 704 699
f 705 706 702
f 702 706 707
f 702 707 703
f 702 708 705
f 705 708 709
f 705 709 710
f 711 712 349
f 713 714 715
f 715 714 702
f 715 702 716
f 716 717 715
f 715 717 718
f 715 718 719
f 719 718 720
f 721 722 723
f 724 725 726
f 726 725 727
f 726 727 728
f 729 730 719
f 719 730 731
f 719 731 732
f 349 348 733
f 714 734 702
f 702 734 735
f 702 735 708
f 708 735 736
f 708 736 709
f 709 736 737
f 738 739 721
f 721 739 740
f 721 740 722
f 741 742 743
f 743 742 744
f 743 744 745
f 745 744 746
f 745 746 747
f 747 746 748
f 747 748 749
f 749 748 750
f 749 750 751
f 751 750 752
f 751 752 753
f 743 754 741
f 741 754 755
f 741 755 738
f 738 755 756
f 738 756 739
f 731 757 732
f 732 757 758
f 732 758 724
f 724 758 759
f 724 759 725
f 760 761 762
f 762 761 763
f 764 765 348
f 348 765 766
f 348 766 733
f 767 768 769
f 770 771 772
f 713 715 733
f 733 715 721
f 733 721 349
f 349 721 723
f 349 723 752
f 752 723 773
f 752 773 753
f 774 775 776
f 769 353 767
f 767 353 777
f 767 777 700
f 700 777 778
f 700 778 701
f 701 778 779
f 701 779 702
f 702 779 780
f 702 780 716
f 781 782 783
f 783 782 777
f 783 777 352
f 352 777 353
f 784 785 786
f 786 785 787
f 786 787 788
f 772 789 770
f 770 789 709
f 770 709 787
f 787 709 737
f 787 737 788
f 790 711 791
f 791 711 349
f 791 349 792
f 792 349 752
f 728 727 793
f 793 727 794
f 793 794 795
f 795 794 796
f 795 796 797
f 797 796 798
f 797 798 775
f 775 798 799
f 775 799 776
f 776 799 800
f 776 800 801
f 801 729 776
f 776 729 719
f 776 719 763
f 763 719 720
f 763 720 762
f 776 802 803
f 774 776 804
f 804 776 803
f 804 803 805
f 806 807 808
f 806 808 809
f 809 808 810
f 809 810 811
f 811 810 812
f 811 812 813
f 814 815 816
f 817 818 819
f 819 818 816
f 819 816 820
f 821 822 823
f 823 822 824
f 823 824 825
f 821 823 826
f 826 823 827
f 826 827 828
f 828 827 829
f 828 829 830
f 831 832 833
f 833 832 834
f 835 814 836
f 836 814 816
f 836 816 837
f 837 816 818
f 824 838 825
f 825 838 839
f 825 839 840
f 841 842 843
f 843 842 812
f 843 812 844
f 844 812 810
f 844 810 845
f 845 810 808
f 845 808 807
f 846 847 848
f 848 849 846
f 846 849 850
f 846 850 851
f 852 853 854
f 855 856 857
f 831 820 832
f 832 820 816
f 832 816 858
f 858 816 859
f 858 859 860
f 860 859 861
f 807 855 845
f 845 855 857
f 845 857 840
f 840 857 852
f 840 852 825
f 825 852 854
f 834 862 833
f 833 862 863
f 833 863 847
f 847 863 864
f 847 864 848
f 843 830 841
f 841 830 829
f 841 829 859
f 859 829 846
f 859 846 861
f 861 846 851
f 459 460 865
f 865 460 866
f 867 868 869
f 870 871 872
f 872 871 873
f 872 873 874
f 875 876 877
f 877 876 871
f 877 871 878
f 869 868 879
f 879 868 880
f 879 880 881
f 882 883 884
f 884 883 885
f 884 885 886
f 886 885 887
f 886 887 870
f 870 887 888
f 870 888 871
f 871 888 889
f 871 889 878
f 890 891 892
f 892 891 893
f 875 894 876
f 876 894 895
f 876 895 896
f 876 897 898
f 899 900 901
f 901 900 902
f 901 902 873
f 902 903 873
f 873 903 904
f 873 904 905
f 897 876 906
f 906 876 907
f 906 907 890
f 890 907 908
f 890 908 891
f 881 880 898
f 898 880 909
f 898 909 876
f 876 909 910
f 876 910 901
f 901 910 911
f 901 911 899
f 882 884 896
f 896 884 912
f 896 912 876
f 876 912 913
f 876 913 907
f 874 873 914
f 914 873 915
f 914 915 893
f 893 915 916
f 893 916 892
f 867 869 905
f 905 869 917
f 905 917 873
f 873 917 918
f 873 918 915
f 919 920 921
f 921 922 919
f 919 922 923
f 919 923 924
f 924 923 925
f 920 919 926
f 926 919 927
f 926 927 928
f 928 927 929
f 929 927 930
f 929 930 931
f 925 932 924
f 924 932 933
f 924 933 930
f 930 933 934
f 930 934 931
f 935 936 937
f 937 936 938
f 937 938 939
f 935 940 936
f 936 940 941
f 936 941 942
f 943 944 945
f 945 944 946
f 947 948 949
f 949 948 950
f 949 950 951
f 952 953 954
f 954 953 955
f 954 955 945
f 945 955 956
f 945 956 943
f 957 958 946
f 946 958 959
f 946 959 945
f 945 959 960
f 945 960 961
f 939 962 937
f 937 962 948
f 937 948 963
f 963 948 947
f 964 965 961
f 961 965 966
f 961 966 945
f 945 966 967
f 945 967 942
f 941 968 942
f 942 968 969
f 942 969 945
f 945 969 970
f 945 970 950
f 950 970 971
f 950 971 951
f 972 973 974
f 974 973 958
f 974 958 975
f 975 958 957
f 962 976 948
f 948 976 977
f 948 977 954
f 954 977 978
f 954 978 979
f 964 980 965
f 965 980 981
f 965 981 982
f 982 981 983
f 982 983 978
f 978 983 984
f 978 984 979
f 952 954 985
f 985 954 979
f 985 979 972
f 972 979 986
f 972 986 973
f 987 988 989
f 989 990 987
f 987 990 991
f 987 991 992
f 992 991 993
f 988 987 994
f 994 987 995
f 994 995 996
f 996 995 997
f 997 995 998
f 997 998 999
f 993 1000 992
f 992 1000 1001
f 992 1001 998
f 998 1001 1002
f 998 1002 999
f 433 432 1003
f 1003 432 1004
f 1005 1006 1007
f 650 1008 648
f 503 1009 504
f 1010 1011 1012
f 1013 1014 1015
f 1016 806 1017
f 1018 1019 1020
f 1021 1022 1023
f 1024 1025 1026
f 1027 1028 1029
f 1030 1031 1032
f 1031 1033 1034
f 1035 1003 1036
f 1036 1003 1004
f 1036 1004 1033
f 1033 1004 1037
f 1033 1037 1034
f 1012 1038 1039
f 1039 1038 1040
f 1039 1040 1041
f 1042 1043 1044
f 1044 1043 1045
f 1044 1045 1011
f 1011 1045 1046
f 1011 1046 1012
f 1012 1046 1047
f 1012 1047 1038
f 1042 1048 1049
f 1035 1043 1003
f 1003 1043 1042
f 1003 1042 1050
f 1050 1042 1049
f 1051 1052 1053
f 1054 1055 1056
f 1056 1055 1057
f 1056 1057 1058
f 1058 1057 1059
f 1051 1053 1017
f 1017 1053 1060
f 1017 1060 1061
f 1054 1062 1055
f 1055 1062 1063
f 1055 1063 1039
f 1052 1051 1064
f 1064 1051 1065
f 1064 1065 1066
f 1067 1068 1069
f 1069 1068 1070
f 1071 1072 1073
f 1073 1074 1075
f 1075 1074 1076
f 1075 1076 1077
f 1077 1076 1078
f 1077 1078 1068
f 1068 1078 1079
f 1068 1079 1070
f 1069 1080 1067
f 1067 1080 1081
f 1067 1081 1082
f 1082 1081 1083
f 1082 1083 1071
f 1071 1083 1084
f 1071 1084 1072
f 1085 1086 866
f 866 1086 865
f 865 1086 1087
f 865 1087 1088
f 1088 1087 1089
f 1088 1089 1090
f 1091 1092 1067
f 1092 1093 1067
f 1067 1093 1094
f 1067 1094 1095
f 1094 1096 1095
f 1095 1096 1097
f 1095 1097 1098
f 1098 1097 1099
f 1100 1101 1102
f 1102 1101 1103
f 1102 1103 1104
f 1104 1103 1105
f 1104 1105 1106
f 1029 1028 703
f 1028 1107 703
f 703 1107 1108
f 703 1108 704
f 704 1108 1109
f 704 1109 699
f 699 1109 1110
f 1111 1112 1113
f 1113 1112 1114
f 1115 1116 1117
f 1118 1119 1120
f 1120 1119 1115
f 1120 1115 1121
f 1121 1115 1117
f 1122 1123 710
f 1124 706 1125
f 710 1123 705
f 705 1123 1126
f 705 1126 706
f 706 1126 1127
f 706 1127 1125
f 1128 1129 1130
f 1130 1129 1131
f 1131 1129 1132
f 1131 1132 1133
f 1133 1132 1014
f 1133 1014 1134
f 1134 1014 1135
f 1135 1014 1013
f 1135 1013 1136
f 1136 1013 1137
f 1136 1137 1138
f 1138 1137 1139
f 1138 1139 1140
f 1140 1139 1141
f 1140 1141 1142
f 1142 1141 1143
f 1142 1143 1144
f 1130 1145 1128
f 1128 1145 1146
f 1128 1146 1147
f 1148 1149 1150
f 1150 1149 1151
f 1150 1151 1152
f 1152 1151 1153
f 1152 1153 1154
f 1154 1153 1155
f 1154 1155 1156
f 1156 1155 1157
f 1156 1157 1158
f 1158 1157 1159
f 1158 1159 1160
f 1160 1159 1161
f 1160 1161 1162
f 1162 1161 1163
f 1162 1163 1164
f 1164 1163 1165
f 1164 1165 1166
f 1166 1165 1167
f 1166 1167 1168
f 1168 1167 1169
f 1168 1169 1170
f 1170 1169 1148
f 1170 1148 1150
f 1171 1172 1173
f 1173 1172 1174
f 1174 1172 1175
f 1174 1175 1176
f 1176 1175 1022
f 1176 1022 1177
f 1173 1178 1171
f 1171 1178 1179
f 1171 1179 1180
f 1177 1022 1181
f 1181 1022 1021
f 1181 1021 1182
f 1182 1021 1183
f 1182 1183 1184
f 1184 1183 1185
f 1184 1185 1186
f 1186 1185 1187
f 1186 1187 1188
f 1188 1187 1189
f 1188 1189 1190
f 1191 1192 1193
f 1193 1192 1194
f 1194 1192 1195
f 1194 1195 1196
f 1196 1195 1197
f 1196 1197 1198
f 1198 1197 1199
f 1198 1199 1200
f 1200 1199 1201
f 1200 1201 1202
f 1202 1201 1203
f 1202 1203 1204
f 1204 1203 1205
f 1204 1205 1206
f 1206 1205 1207
f 1206 1207 1208
f 1208 1207 1209
f 1208 1209 1210
f 1211 1212 1209
f 1209 1212 1213
f 1209 1213 1210
f 1210 1213 1214
f 1210 1214 1215
f 1215 1214 1191
f 1215 1191 1216
f 1216 1191 1193
f 1217 1218 1026
f 1026 1218 1219
f 1026 1219 1024
f 1220 1221 1222
f 1222 1221 1223
f 1222 1223 1025
f 1025 1223 1224
f 1025 1224 1026
f 1225 1226 1227
f 1228 1229 1230
f 1231 1228 1232
f 1233 1234 1235
f 1235 1234 1236
f 1235 1236 1237
f 1237 1236 1231
f 1237 1231 1238
f 1238 1231 1232
f 1239 1240 1241
f 1241 1240 1242
f 1241 1242 1243
f 1243 1242 1244
f 1243 1244 1245
f 1245 1244 1246
f 1245 1246 1247
f 1247 1246 1226
f 1247 1226 1248
f 1248 1226 1225
f 1249 1250 351
f 351 1250 1251
f 351 1251 350
f 350 1251 1220
f 350 1220 1252
f 1252 1220 1253
f 1230 1254 1228
f 1228 1254 1255
f 1228 1255 1232
f 1232 1255 1256
f 1232 1256 1227
f 1227 1256 1250
f 1227 1250 1225
f 1225 1250 1249
f 1233 1239 1234
f 1234 1239 1241
f 1234 1241 1257
f 1257 1241 1258
f 1257 1259 1234
f 1234 1259 1260
f 1234 1260 1261
f 1261 1260 1262
f 1209 1253 1211
f 1211 1253 1220
f 1211 1220 1263
f 1263 1220 1222
f 1263 1222 1264
f 1264 1222 1025
f 1264 1025 1265
f 1265 1025 1007
f 1265 1007 1266
f 1266 1007 1006
f 1266 1006 1267
f 1267 1006 710
f 1268 703 1269
f 1269 703 707
f 1269 707 1270
f 1270 707 706
f 1029 1271 1124
f 1124 1271 1272
f 1124 1272 1273
f 1273 1274 1124
f 1124 1274 1275
f 1124 1275 706
f 706 1275 1276
f 706 1276 1270
f 1268 1277 703
f 703 1277 1278
f 703 1278 1029
f 1029 1278 1279
f 1029 1279 1271
f 1280 1281 813
f 813 1281 811
f 1110 1282 699
f 699 1282 1283
f 699 1283 1284
f 1284 1283 1285
f 1284 1285 1286
f 1286 1285 1281
f 1286 1281 1287
f 1287 1281 1280
f 1287 1280 1288
f 1289 1290 1291
f 1291 1290 1292
f 1291 1292 1293
f 1293 1292 354
f 1293 354 1288
f 1288 354 355
f 1288 355 1287
f 1179 1190 1180
f 1180 1190 1189
f 1180 1189 1294
f 1294 1189 1289
f 1294 1289 1295
f 1295 1289 1291
f 1295 1291 1296
f 1296 1291 1297
f 1297 1291 1298
f 1297 1298 1299
f 1300 1301 1302
f 1303 1304 1305
f 1303 1305 1306
f 1305 1307 1306
f 1306 1307 1308
f 1306 1308 1309
f 1309 1308 1310
f 1309 1310 1311
f 1311 1310 1312
f 1311 1312 1313
f 1314 1315 1301
f 1301 1315 1316
f 1301 1316 1302
f 1299 1298 1317
f 1317 1298 1315
f 1317 1315 1318
f 1304 1303 1319
f 1319 1303 1320
f 1319 1320 1321
f 1321 1320 1322
f 1321 1322 1323
f 1323 1322 1324
f 1323 1324 1314
f 1314 1324 1325
f 1314 1325 1315
f 1315 1325 1326
f 1315 1326 1318
f 1327 1328 1329
f 1329 1328 1306
f 1330 1303 1331
f 1331 1303 1306
f 1331 1306 1332
f 1332 1306 1328
f 1312 1300 1313
f 1313 1300 1302
f 1313 1302 1020
f 1020 1302 1333
f 1020 1333 1018
f 1057 592 594
f 1016 1334 1335
f 1061 1059 1017
f 1017 1059 1057
f 1017 1057 1016
f 1016 1057 594
f 1016 594 1334
f 1336 1337 1338
f 1338 1337 1339
f 1337 1340 1339
f 1339 1340 1341
f 1339 1341 1342
f 1342 1341 1343
f 1342 1343 1344
f 1344 1343 1345
f 1344 1345 1346
f 1346 1345 1347
f 1346 1347 1335
f 1335 1347 1348
f 1335 1348 1016
f 590 1349 587
f 587 1349 1350
f 587 1350 1351
f 1352 1353 1354
f 1146 1144 1147
f 1147 1144 1143
f 1147 1143 1355
f 1356 1357 1358
f 1358 1357 513
f 1358 513 1352
f 1352 513 512
f 512 1359 1352
f 1352 1359 1360
f 1352 1360 1353
f 1353 1360 1355
f 1353 1355 1361
f 1361 1355 1143
f 1354 478 1352
f 1352 478 479
f 1352 479 1362
f 1363 1364 1365
f 1366 1367 1368
f 1364 1369 1365
f 1365 1369 1370
f 1365 1370 1371
f 1372 1373 493
f 1370 1374 1371
f 1371 1374 1375
f 1371 1375 1376
f 1376 1375 1377
f 1376 1377 1378
f 1378 1377 1379
f 1378 1379 1380
f 1380 1379 1367
f 1380 1367 1381
f 1381 1367 1366
f 1362 479 1382
f 1382 479 480
f 1382 480 1383
f 493 1373 490
f 490 1373 1363
f 490 1363 488
f 488 1363 1365
f 488 1365 486
f 1383 1366 1382
f 1382 1366 1368
f 1382 1368 1384
f 1384 1368 1372
f 1384 1372 1385
f 1385 1372 493
f 1385 493 1386
f 1386 493 492
f 1386 492 1387
f 1387 492 482
f 1388 484 1389
f 1389 484 486
f 1389 486 1390
f 1371 1391 1365
f 1365 1391 1392
f 1365 1392 486
f 486 1392 1393
f 486 1393 1390
f 1031 1034 1032
f 1032 1034 1357
f 1032 1357 1350
f 1350 1357 1356
f 1350 1356 1351
f 1394 1102 1395
f 1395 1102 1104
f 1395 1104 1396
f 1396 1104 1113
f 1396 1113 1397
f 1398 1399 1400
f 1400 1399 1401
f 1400 1401 1402
f 1402 1401 1397
f 1402 1397 1403
f 1403 1397 1113
f 1403 1113 1116
f 1116 1113 1114
f 1116 1114 1117
f 1404 1405 1098
f 1098 1405 1406
f 1098 1406 1095
f 1095 1406 1399
f 1095 1399 1407
f 1407 1399 1398
f 1408 1409 1410
f 1410 1409 1404
f 1410 1404 866
f 866 1404 1098
f 866 1098 1085
f 1085 1098 1099
f 1089 1411 1090
f 1090 1411 1412
f 1090 1412 1413
f 1413 1412 1414
f 1413 1414 475
f 475 1414 1415
f 475 1415 474
f 1154 1416 1152
f 1152 1416 1417
f 1152 1417 1418
f 1418 1417 1419
f 1420 1421 1009
f 1009 1421 1422
f 1422 1423 1009
f 1009 1423 1424
f 1009 1424 504
f 504 1424 1425
f 504 1425 506
f 1426 1427 1428
f 1428 1427 1429
f 1430 1431 508
f 508 1431 1432
f 508 1432 497
f 1433 1427 1434
f 1434 1427 1426
f 1434 1426 1435
f 1435 1426 1436
f 1435 1436 1437
f 1437 1436 1438
f 1437 1438 1439
f 1439 1438 1440
f 1439 1440 1421
f 1421 1440 1441
f 1421 1441 1422
f 1433 1442 1427
f 1427 1442 477
f 1427 477 1443
f 1443 477 476
f 1443 476 1419
f 1419 476 1444
f 1419 1444 1418
f 1429 1430 1428
f 1428 1430 508
f 1428 508 1445
f 1445 508 506
f 1445 506 1446
f 1446 506 1425
f 1447 1448 502
f 502 1448 503
f 1448 1449 503
f 503 1449 1450
f 503 1450 1009
f 1009 1450 1451
f 1009 1451 1420
f 1008 650 1414
f 650 1452 1414
f 1414 1452 1453
f 1414 1453 1415
f 1415 1453 1454
f 1415 1454 474
f 474 1454 1419
f 474 1419 1455
f 1455 1419 1417
f 1456 1457 1458
f 1458 1457 1459
f 1460 1461 1462
f 1075 1462 643
f 1073 1075 1071
f 1071 1075 643
f 1071 643 646
f 1457 1463 1459
f 1459 1463 1464
f 1459 1464 1465
f 1465 1464 1466
f 1465 1466 1467
f 1467 1466 1468
f 1467 1468 1461
f 1461 1468 1469
f 1461 1469 1462
f 1460 1462 8
f 8 1462 1075
f 8 1075 6
f 1470 1471 1472
f 1472 1471 1473
f 1472 1473 1
f 1068 1474 1077
f 1077 1474 1475
f 1077 1475 1075
f 1075 1475 1472
f 1075 1472 6
f 6 1472 1
f 1407 1476 1095
f 1095 1476 1477
f 1095 1477 1067
f 1067 1477 1478
f 1067 1478 1068
f 1068 1478 1479
f 1068 1479 1474
f 1005 1115 1006
f 1006 1115 1119
f 1006 1119 710
f 710 1119 1118
f 710 1118 1122
f 646 648 1071
f 1071 648 1008
f 1071 1008 1082
f 1082 1008 1414
f 1082 1414 1067
f 1067 1414 1412
f 1067 1412 1091
f 1091 1412 1411
f 1125 1111 1124
f 1124 1111 1113
f 1124 1113 1029
f 1029 1113 1104
f 1029 1104 1027
f 1027 1104 1106
f 1394 1010 1102
f 1102 1010 1012
f 1102 1012 1065
f 1065 1012 1039
f 1065 1039 1066
f 1066 1039 1063
f 1282 1100 1283
f 1283 1100 1102
f 1283 1102 1285
f 1285 1102 1065
f 1285 1065 1281
f 1281 1065 1051
f 1281 1051 811
f 811 1051 1017
f 811 1017 809
f 809 1017 806
f 1055 1480 1057
f 1057 1480 1481
f 1057 1481 1482
f 1350 1483 1484
f 1485 1486 1055
f 1055 1486 1487
f 1055 1487 1480
f 1041 1030 1039
f 1039 1030 1032
f 1039 1032 1055
f 1055 1032 1350
f 1055 1350 1485
f 1485 1350 1484
f 1482 1488 1057
f 1057 1488 1349
f 1057 1349 592
f 592 1349 590
f 1488 1489 1349
f 1349 1489 1490
f 1349 1490 1350
f 1350 1490 1491
f 1350 1491 1483
f 954 945 1492
f 954 1492 1493
f 1493 1492 1494
f 1493 1494 1495
f 1495 1494 1496
f 1495 1496 1497
f 1497 1496 1498
f 1497 1498 1499
f 1499 1498 1500
f 1499 1500 1501
f 1501 1500 992
f 1501 992 998
f 927 919 1502
f 927 1502 1503
f 1503 1502 1504
f 1503 1504 1505
f 1505 1504 1506
f 1505 1506 1507
f 1507 1506 1508
f 1507 1508 1509
f 1509 1508 1510
f 1509 1510 1511
f 1511 1510 950
f 1511 950 948
f 871 876 1512
f 871 1512 1513
f 1513 1512 1514
f 1513 1514 1515
f 1515 1514 1516
f 1515 1516 1517
f 1517 1516 1518
f 1517 1518 1519
f 1519 1518 1520
f 1519 1520 1521
f 1521 1520 924
f 1521 924 930
f 995 987 1522
f 995 1522 1523
f 1523 1522 1524
f 1523 1524 1525
f 1525 1524 1526
f 1525 1526 1527
f 1527 1526 1528
f 1527 1528 1529
f 1529 1528 1530
f 1529 1530 1531
f 1531 1530 901
f 1531 901 873
f 1532 386 1533
f 1533 386 387
f 1533 387 1534
f 1534 387 1535
f 1535 387 370
f 1535 370 1536
f 1536 370 1537
f 1537 370 369
f 1537 369 1538
f 1538 369 1539
f 1539 369 420
f 1539 420 1540
f 419 366 1541
f 1541 1542 419
f 419 1542 1543
f 419 1543 420
f 420 1543 1544
f 420 1544 1540
f 386 1532 385
f 385 1532 1545
f 1404 385 1405
f 1405 385 1545
f 1405 1545 1406
f 1406 1545 1399
f 1042 1546 365
f 365 1546 1541
f 365 1541 366
f 1042 1044 1546
f 1546 1044 1011
f 1546 1011 1010
f 1547 1548 1549
f 1550 1551 1552
f 1552 1551 1553
f 1553 1551 1549
f 1549 1551 1554
f 1549 1554 1547
f 1555 1556 1557
f 1558 1559 1550
f 1550 1559 1560
f 1550 1560 1551
f 1548 1561 1549
f 1549 1561 1562
f 1549 1562 1563
f 1563 1564 1549
f 1549 1564 1565
f 1549 1565 1566
f 1550 1567 1558
f 1558 1567 1568
f 1558 1568 1557
f 1557 1568 1569
f 1557 1569 1555
f 1566 1570 1549
f 1549 1570 1571
f 1549 1571 1572
f 1546 1010 1573
f 1573 1010 1394
f 1573 1394 1574
f 1574 1394 1575
f 1575 1394 1395
f 1575 1395 1576
f 1576 1395 1577
f 1577 1395 1396
f 1577 1396 1578
f 1578 1396 1579
f 1579 1396 1397
f 1579 1397 1580
f 1580 1397 1581
f 1581 1397 1401
f 1581 1401 1582
f 1582 1401 1583
f 1583 1401 1399
f 1583 1399 1545
f 1036 1584 1035
f 1035 1584 1585
f 1035 1585 1043
f 1043 1585 1586
f 1043 1586 1045
f 1045 1586 1587
f 1045 1587 1046
f 1046 1587 1588
f 1046 1588 1047
f 1047 1588 1589
f 1047 1589 1038
f 1038 1589 1590
f 1038 1590 1040
f 1040 1590 1591
f 1040 1591 1041
f 1041 1591 1592
f 1041 1592 1030
f 1030 1592 1593
f 1030 1593 1031
f 1031 1593 1594
f 1031 1594 1033
f 1033 1594 1595
f 1033 1595 1036
f 1036 1595 1584
f 1585 159 1586
f 1586 159 21
f 1586 21 1587
f 1587 21 160
f 1587 160 1588
f 1588 160 162
f 1588 162 1589
f 1589 162 146
f 1589 146 1590
f 1590 146 141
f 1590 141 1591
f 1591 141 143
f 1591 143 1592
f 1592 143 139
f 1592 139 1593
f 1593 139 138
f 1593 138 1594
f 1594 138 147
f 1594 147 1595
f 1595 147 156
f 1595 156 1584
f 1584 156 158
f 1584 158 1585
f 1585 158 159
f 1054 1596 1062
f 1062 1596 1597
f 1062 1597 1063
f 1063 1597 1598
f 1063 1598 1066
f 1066 1598 1599
f 1066 1599 1064
f 1064 1599 1600
f 1064 1600 1052
f 1052 1600 1601
f 1052 1601 1053
f 1053 1601 1602
f 1053 1602 1060
f 1060 1602 1603
f 1060 1603 1061
f 1061 1603 1604
f 1061 1604 1059
f 1059 1604 1605
f 1059 1605 1058
f 1058 1605 1606
f 1058 1606 1056
f 1056 1606 1607
f 1056 1607 1054
f 1054 1607 1596
f 1597 144 1598
f 1598 144 142
f 1598 142 1599
f 1599 142 102
f 1599 102 1600
f 1600 102 103
f 1600 103 1601
f 1601 103 104
f 1601 104 1602
f 1602 104 106
f 1602 106 1603
f 1603 106 155
f 1603 155 1604
f 1604 155 154
f 1604 154 1605
f 1605 154 152
f 1605 152 1606
f 1606 152 150
f 1606 150 1607
f 1607 150 140
f 1607 140 1596
f 1596 140 145
f 1596 145 1597
f 1597 145 144
f 1083 1608 1084
f 1084 1608 1609
f 1084 1609 1072
f 1072 1609 1610
f 1072 1610 1073
f 1073 1610 1611
f 1073 1611 1074
f 1074 1611 1612
f 1074 1612 1076
f 1076 1612 1613
f 1076 1613 1078
f 1078 1613 1614
f 1078 1614 1079
f 1079 1614 1615
f 1079 1615 1070
f 1070 1615 1616
f 1070 1616 1069
f 1069 1616 1617
f 1069 1617 1080
f 1080 1617 1618
f 1080 1618 1081
f 1081 1618 1619
f 1081 1619 1083
f 1083 1619 1608
f 1609 118 1610
f 1610 118 137
f 1610 137 1611
f 1611 137 136
f 1611 136 1612
f 1612 136 134
f 1612 134 1613
f 1613 134 133
f 1613 133 1614
f 1614 133 131
f 1614 131 1615
f 1615 131 130
f 1615 130 1616
f 1616 130 129
f 1616 129 1617
f 1617 129 112
f 1617 112 1618
f 1618 112 111
f 1618 111 1619
f 1619 111 116
f 1619 116 1608
f 1608 116 119
f 1608 119 1609
f 1609 119 118
f 1087 1620 1089
f 1089 1620 1621
f 1089 1621 1411
f 1411 1621 1622
f 1411 1622 1091
f 1091 1622 1623
f 1091 1623 1092
f 1092 1623 1624
f 1092 1624 1093
f 1093 1624 1625
f 1093 1625 1094
f 1094 1625 1626
f 1094 1626 1096
f 1096 1626 1627
f 1096 1627 1097
f 1097 1627 1628
f 1097 1628 1099
f 1099 1628 1629
f 1099 1629 1085
f 1085 1629 1630
f 1085 1630 1086
f 1086 1630 1631
f 1086 1631 1087
f 1087 1631 1620
f 1621 125 1622
f 1622 125 109
f 1622 109 1623
f 1623 109 108
f 1623 108 1624
f 1624 108 120
f 1624 120 1625
f 1625 120 115
f 1625 115 1626
f 1626 115 114
f 1626 114 1627
f 1627 114 163
f 1627 163 1628
f 1628 163 124
f 1628 124 1629
f 1629 124 122
f 1629 122 1630
f 1630 122 121
f 1630 121 1631
f 1631 121 161
f 1631 161 1620
f 1620 161 126
f 1620 126 1621
f 1621 126 125
f 1105 1632 1106
f 1106 1632 1633
f 1106 1633 1027
f 1027 1633 1634
f 1027 1634 1028
f 1028 1634 1635
f 1028 1635 1107
f 1107 1635 1636
f 1107 1636 1108
f 1108 1636 1637
f 1108 1637 1109
f 1109 1637 1638
f 1109 1638 1110
f 1110 1638 1639
f 1110 1639 1282
f 1282 1639 1640
f 1282 1640 1100
f 1100 1640 1641
f 1100 1641 1101
f 1101 1641 1642
f 1101 1642 1103
f 1103 1642 1643
f 1103 1643 1105
f 1105 1643 1632
f 1633 90 1634
f 1634 90 94
f 1634 94 1635
f 1635 94 93
f 1635 93 1636
f 1636 93 92
f 1636 92 1637
f 1637 92 91
f 1637 91 1638
f 1638 91 95
f 1638 95 1639
f 1639 95 97
f 1639 97 1640
f 1640 97 99
f 1640 99 1641
f 1641 99 101
f 1641 101 1642
f 1642 101 105
f 1642 105 1643
f 1643 105 25
f 1643 25 1632
f 1632 25 24
f 1632 24 1633
f 1633 24 90
f 1117 1644 1121
f 1121 1644 1645
f 1121 1645 1120
f 1120 1645 1646
f 1120 1646 1118
f 1118 1646 1647
f 1118 1647 1122
f 1122 1647 1648
f 1122 1648 1123
f 1123 1648 1649
f 1123 1649 1126
f 1126 1649 1650
f 1126 1650 1127
f 1127 1650 1651
f 1127 1651 1125
f 1125 1651 1652
f 1125 1652 1111
f 1111 1652 1653
f 1111 1653 1112
f 1112 1653 1654
f 1112 1654 1114
f 1114 1654 1655
f 1114 1655 1117
f 1117 1655 1644
f 1645 74 1646
f 1646 74 28
f 1646 28 1647
f 1647 28 27
f 1647 27 1648
f 1648 27 77
f 1648 77 1649
f 1649 77 79
f 1649 79 1650
f 1650 79 81
f 1650 81 1651
f 1651 81 268
f 1651 268 1652
f 1652 268 85
f 1652 85 1653
f 1653 85 86
f 1653 86 1654
f 1654 86 88
f 1654 88 1655
f 1655 88 89
f 1655 89 1644
f 1644 89 75
f 1644 75 1645
f 1645 75 74
f 1656 1657 1658
f 1659 1657 1656
f 1656 1660 1661
f 1662 1660 1656
f 1658 1662 1656
f 1656 1663 1664
f 1665 1663 1656
f 1661 1665 1656
f 1656 1666 1667
f 1668 1666 1656
f 1664 1668 1656
f 1667 1659 1656
f 1659 1480 1657
f 1657 1480 1487
f 1657 1487 1658
f 1658 1487 1486
f 1658 1486 1662
f 1662 1486 1485
f 1662 1485 1660
f 1660 1485 1484
f 1660 1484 1661
f 1661 1484 1483
f 1661 1483 1665
f 1665 1483 1491
f 1665 1491 1663
f 1663 1491 1490
f 1663 1490 1664
f 1664 1490 1489
f 1664 1489 1668
f 1668 1489 1488
f 1668 1488 1666
f 1666 1488 1482
f 1666 1482 1667
f 1667 1482 1481
f 1667 1481 1659
f 1659 1481 1480
f 1669 1670 1671
f 1672 1670 1669
f 1669 1673 1674
f 1675 1673 1669
f 1671 1675 1669
f 1669 1676 1677
f 1678 1676 1669
f 1674 1678 1669
f 1669 1679 1680
f 1681 1679 1669
f 1677 1681 1669
f 1680 1672 1669
f 1672 1269 1670
f 1670 1269 1270
f 1670 1270 1671
f 1671 1270 1276
f 1671 1276 1675
f 1675 1276 1275
f 1675 1275 1673
f 1673 1275 1274
f 1673 1274 1674
f 1674 1274 1273
f 1674 1273 1678
f 1678 1273 1272
f 1678 1272 1676
f 1676 1272 1271
f 1676 1271 1677
f 1677 1271 1279
f 1677 1279 1681
f 1681 1279 1278
f 1681 1278 1679
f 1679 1278 1277
f 1679 1277 1680
f 1680 1277 1268
f 1680 1268 1672
f 1672 1268 1269
f 1682 1499 1683
f 1683 1499 1501
f 1683 1501 1684
f 1684 1501 998
f 1684 998 1685
f 1685 998 995
f 1685 995 1686
f 1686 995 1523
f 1686 1523 1687
f 507 1517 505
f 505 1517 1519
f 505 1519 500
f 500 1519 1521
f 500 1521 501
f 501 1521 930
f 501 930 485
f 485 930 927
f 485 927 487
f 487 927 1503
f 487 1503 489
f 1503 1505 489
f 489 1505 1507
f 489 1507 491
f 491 1507 1509
f 491 1509 483
f 483 1509 1511
f 483 1511 494
f 494 1511 948
f 494 948 1688
f 1688 948 954
f 1688 954 1689
f 1689 954 1493
f 1689 1493 1690
f 1690 1493 1495
f 1690 1495 1682
f 1682 1495 1497
f 1682 1497 1499
f 1523 1525 1687
f 1687 1525 1527
f 1687 1527 1691
f 1691 1527 1529
f 1691 1529 1692
f 1692 1529 1531
f 1692 1531 1693
f 1693 1531 873
f 1693 873 510
f 510 873 871
f 510 871 509
f 509 871 1513
f 509 1513 507
f 507 1513 1515
f 507 1515 1517
f 1019 836 837
f 1682 1313 1690
f 1690 1313 1020
f 1690 1020 1689
f 1683 1684 1329
f 1329 1306 1683
f 1683 1306 1309
f 1683 1309 1682
f 1682 1309 1311
f 1682 1311 1313
f 1020 1019 1689
f 1689 1019 837
f 1689 837 1688
f 1688 837 818
f 1329 1684 1327
f 1327 1684 1685
f 1327 1685 1262
f 1262 1685 1261
f 732 724 1694
f 1694 724 1327
f 741 738 1262
f 1262 738 1695
f 1695 1696 1262
f 1262 1696 1697
f 1262 1697 1327
f 1327 1697 1698
f 1327 1698 1694
f 517 1229 1692
f 1261 1685 1234
f 1234 1685 1686
f 1692 1229 1691
f 1691 1229 1228
f 1691 1228 1687
f 1687 1228 1231
f 1687 1231 1686
f 1686 1231 1236
f 1686 1236 1234
f 1693 514 1692
f 1692 514 518
f 1692 518 517
f 1693 510 1456
f 1456 510 1457
f 545 547 1456
f 1456 547 1699
f 1700 537 556
f 511 693 510
f 510 693 1701
f 510 1701 1702
f 1699 1703 1456
f 1456 1703 1704
f 1456 1704 1693
f 1693 1704 1705
f 1693 1705 1700
f 515 514 1706
f 1706 514 1693
f 1706 1693 1707
f 667 673 1708
f 1708 673 1709
f 1708 1709 1710
f 682 655 1711
f 1711 655 1457
f 1711 1457 1712
f 1712 1457 1713
f 1702 1714 510
f 510 1714 1715
f 510 1715 1457
f 1457 1715 1708
f 1457 1708 1713
f 1713 1708 1710
f 556 1716 1700
f 1700 1716 1717
f 1700 1717 1693
f 1693 1717 1718
f 1693 1718 1707
f 502 501 1447
f 1447 501 485
f 1447 485 1388
f 1388 485 484
f 384 398 1719
f 1719 398 1447
f 393 394 1388
f 1388 394 1720
f 1720 1721 1388
f 1388 1721 1722
f 1388 1722 1447
f 1447 1722 1723
f 1447 1723 1719
f 494 1688 1336
f 1336 1688 1337
f 597 495 1724
f 1724 495 494
f 1724 494 1725
f 823 825 1726
f 1726 825 1337
f 1336 618 620
f 818 817 1688
f 1688 817 1727
f 1688 1727 1728
f 620 1729 1336
f 1336 1729 1730
f 1336 1730 1731
f 1731 1732 1336
f 1336 1732 1733
f 1336 1733 494
f 494 1733 1734
f 494 1734 1725
f 1735 1736 1688
f 1688 1736 1737
f 1688 1737 1337
f 1337 1737 1738
f 1337 1738 1726
f 622 611 1739
f 1739 611 1732
f 1739 1732 1740
f 1740 1732 1731
f 1728 1741 1688
f 1688 1741 1742
f 1688 1742 1735
f 1735 1742 1743
f 1735 1743 847
f 847 1743 833
f 1744 1549 1745
f 1745 1549 1572
f 1745 1572 1746
f 1746 1572 1571
f 1746 1571 1747
f 1747 1571 1570
f 1747 1570 1748
f 1748 1570 1566
f 1748 1566 1749
f 1749 1566 1565
f 1749 1565 1750
f 1750 1565 1564
f 1750 1564 1751
f 1751 1564 1563
f 1751 1563 1752
f 1752 1563 1562
f 1752 1562 1753
f 1753 1562 1561
f 1753 1561 1754
f 1754 1561 1548
f 1754 1548 1755
f 1755 1548 1547
f 1755 1547 1756
f 1756 1547 1554
f 1757 1744 1758
f 1758 1744 1745
f 1758 1745 1759
f 1759 1745 1746
f 1759 1746 1760
f 1760 1746 1747
f 1760 1747 1761
f 1761 1747 1748
f 1761 1748 1762
f 1762 1748 1749
f 1762 1749 1763
f 1763 1749 1750
f 1763 1750 1764
f 1764 1750 1751
f 1764 1751 1765
f 1765 1751 1752
f 1765 1752 1766
f 1766 1752 1753
f 1766 1753 1767
f 1767 1753 1754
f 1767 1754 1768
f 1768 1754 1755
f 1768 1755 1769
f 1769 1755 1756
f 1545 1757 1583
f 1583 1757 1758
f 1583 1758 1582
f 1582 1758 1759
f 1582 1759 1581
f 1581 1759 1760
f 1581 1760 1580
f 1580 1760 1761
f 1580 1761 1579
f 1579 1761 1762
f 1579 1762 1578
f 1578 1762 1763
f 1578 1763 1577
f 1577 1763 1764
f 1577 1764 1576
f 1576 1764 1765
f 1576 1765 1575
f 1575 1765 1766
f 1575 1766 1574
f 1574 1766 1767
f 1574 1767 1573
f 1573 1767 1768
f 1573 1768 1546
f 1546 1768 1769
f 1553 1549 1770
f 1770 1549 1744
f 1770 1744 1771
f 1771 1744 1757
f 1771 1757 1532
f 1532 1757 1545
f 1554 1551 1756
f 1756 1551 1772
f 1756 1772 1769
f 1769 1772 1773
f 1769 1773 1546
f 1546 1773 1541
f 1772 1551 1774
f 1774 1551 1560
f 1774 1560 1775
f 1775 1560 1559
f 1775 1559 1776
f 1776 1559 1558
f 1776 1558 1777
f 1777 1558 1557
f 1777 1557 1778
f 1778 1557 1556
f 1778 1556 1779
f 1779 1556 1555
f 1779 1555 1780
f 1780 1555 1569
f 1780 1569 1781
f 1781 1569 1568
f 1781 1568 1782
f 1782 1568 1567
f 1782 1567 1783
f 1783 1567 1550
f 1783 1550 1784
f 1784 1550 1552
f 1784 1552 1770
f 1770 1552 1553
f 1773 1772 1785
f 1785 1772 1774
f 1785 1774 1786
f 1786 1774 1775
f 1786 1775 1787
f 1787 1775 1776
f 1787 1776 1788
f 1788 1776 1777
f 1788 1777 1789
f 1789 1777 1778
f 1789 1778 1790
f 1790 1778 1779
f 1790 1779 1791
f 1791 1779 1780
f 1791 1780 1792
f 1792 1780 1781
f 1792 1781 1793
f 1793 1781 1782
f 1793 1782 1794
f 1794 1782 1783
f 1794 1783 1795
f 1795 1783 1784
f 1795 1784 1771
f 1771 1784 1770
f 1541 1773 1542
f 1542 1773 1785
f 1542 1785 1543
f 1543 1785 1786
f 1543 1786 1544
f 1544 1786 1787
f 1544 1787 1540
f 1540 1787 1788
f 1540 1788 1539
f 1539 1788 1789
f 1539 1789 1538
f 1538 1789 1790
f 1538 1790 1537
f 1537 1790 1791
f 1537 1791 1536
f 1536 1791 1792
f 1536 1792 1535
f 1535 1792 1793
f 1535 1793 1534
f 1534 1793 1794
f 1534 1794 1533
f 1533 1794 1795
f 1533 1795 1532
f 1532 1795 1771
f 866 460 461
f 866 461 1410
f 1410 461 363
f 1410 363 1408
f 1408 363 362
f 1408 362 1409
f 1409 362 385
f 1409 385 1404
f 1042 365 364
f 1042 364 1048
f 1048 364 375
f 1048 375 1049
f 1049 375 374
f 1049 374 1050
f 1050 374 433
f 1050 433 1003
f 601 1356 1358
f 1358 1352 601
f 601 1352 1362
f 601 1362 602
f 602 1362 1382
f 521 1223 1221
f 1221 1220 521
f 521 1220 1251
f 521 1251 519
f 519 1251 1250
f 1263 1264 787
f 787 1264 770
f 1293 1288 841
f 859 1315 1298
f 859 1298 841
f 841 1298 1291
f 841 1291 1293
f 1317 776 1299
f 1299 776 763
f 1299 763 1297
f 1454 1453 661
f 651 1427 1443
f 651 1443 661
f 661 1443 1419
f 661 1419 1454
f 1343 852 1345
f 1345 852 857
f 1345 857 1347
f 629 1342 631
f 631 1342 1344
f 631 1344 1346
f 1468 1466 684
f 684 1466 670
f 561 560 1467
f 1467 560 1465
f 813 812 1280
f 1280 812 842
f 1280 842 1288
f 1288 842 841
f 1347 857 1348
f 1348 857 856
f 1348 856 1016
f 1016 856 855
f 1016 855 806
f 806 855 807
f 852 1343 853
f 853 1343 1341
f 853 1341 854
f 854 1341 1340
f 854 1340 825
f 825 1340 1337
f 1342 629 1339
f 1339 629 628
f 1339 628 1338
f 1338 628 627
f 1338 627 1336
f 1336 627 618
f 594 593 1334
f 1334 593 596
f 1334 596 1335
f 1335 596 595
f 1335 595 1346
f 1346 595 631
f 1356 601 1351
f 1351 601 630
f 1351 630 587
f 587 630 588
f 482 481 1387
f 1387 481 606
f 1387 606 1386
f 1386 606 607
f 1386 607 1385
f 1385 607 608
f 1385 608 1384
f 1384 608 609
f 1384 609 1382
f 1382 609 602
f 1004 432 1037
f 1037 432 473
f 1037 473 1034
f 1034 473 467
f 1034 467 1357
f 1357 467 466
f 1357 466 513
f 513 466 465
f 475 418 1413
f 1413 418 457
f 1413 457 1090
f 1090 457 456
f 1090 456 1088
f 1088 456 458
f 1088 458 865
f 865 458 459
f 1427 651 1429
f 1429 651 676
f 1429 676 1430
f 1430 676 675
f 1430 675 1431
f 1431 675 677
f 1431 677 1432
f 1432 677 678
f 1432 678 497
f 497 678 498
f 650 649 1452
f 1452 649 662
f 1452 662 1453
f 1453 662 661
f 1468 684 1469
f 1469 684 685
f 1469 685 1462
f 1462 685 680
f 1462 680 643
f 643 680 644
f 670 1466 671
f 671 1466 1464
f 671 1464 672
f 672 1464 1463
f 672 1463 655
f 655 1463 1457
f 1796 1026 1224
f 530 529 1797
f 1223 521 1224
f 1224 521 530
f 1224 530 1796
f 1796 530 1797
f 8 7 1460
f 1460 7 573
f 1460 573 1461
f 1461 573 572
f 1461 572 1467
f 1467 572 561
f 1465 560 1459
f 1459 560 563
f 1459 563 1458
f 1458 563 562
f 1458 562 1456
f 1456 562 545
f 710 709 1267
f 1267 709 789
f 1267 789 1266
f 1266 789 772
f 1266 772 1265
f 1265 772 771
f 1265 771 1264
f 1264 771 770
f 355 353 1287
f 1287 353 769
f 1287 769 1286
f 1286 769 768
f 1286 768 1284
f 1284 768 767
f 1284 767 699
f 699 767 700
f 1315 859 1316
f 1316 859 816
f 1316 816 1302
f 1302 816 815
f 1302 815 1333
f 1333 815 814
f 1333 814 1018
f 1018 814 835
f 1018 835 1019
f 1019 835 836
f 1229 517 1230
f 1230 517 531
f 1230 531 1254
f 1254 531 532
f 1254 532 1255
f 1255 532 533
f 1255 533 1256
f 1256 533 534
f 1256 534 1250
f 1250 534 519
f 1129 431 376
f 1129 376 1132
f 1132 376 408
f 1132 408 1014
f 1014 408 371
f 1014 371 1015
f 1015 371 372
f 1015 372 1013
f 1013 372 407
f 1013 407 1137
f 1137 407 406
f 1137 406 1139
f 1139 406 1141
f 1141 406 405
f 1141 405 1143
f 1143 405 1361
f 1147 472 1128
f 1128 472 431
f 1128 431 1129
f 1420 446 444
f 1420 444 1421
f 1421 444 434
f 1421 434 1439
f 1439 434 436
f 1439 436 1437
f 1435 1437 437
f 437 1437 436
f 1450 448 1451
f 1451 448 446
f 1451 446 1420
f 1378 425 424
f 1378 424 1376
f 1376 424 379
f 1376 379 1371
f 1371 379 390
f 1371 390 1391
f 1391 390 1392
f 1392 390 412
f 1392 412 1393
f 427 425 1380
f 1380 425 1378
f 1170 403 367
f 1170 367 1168
f 1168 367 368
f 1168 368 1166
f 1166 368 389
f 1166 389 1164
f 1164 389 388
f 1164 388 1162
f 1162 388 361
f 1162 361 1160
f 1160 361 400
f 1160 400 1158
f 1158 400 1156
f 1156 400 399
f 1156 399 1154
f 1152 404 1150
f 1150 404 403
f 1150 403 1170
f 1798 1799 1800
f 1801 1799 1798
f 1798 1802 1803
f 1804 1802 1798
f 1800 1804 1798
f 1798 1805 1806
f 1807 1805 1798
f 1803 1807 1798
f 1798 1808 1809
f 1810 1808 1798
f 1806 1810 1798
f 1809 1801 1798
f 1801 1130 1799
f 1799 1130 1131
f 1799 1131 1800
f 1800 1131 1133
f 1800 1133 1804
f 1804 1133 1134
f 1804 1134 1802
f 1802 1134 1135
f 1802 1135 1803
f 1803 1135 1136
f 1803 1136 1807
f 1807 1136 1138
f 1807 1138 1805
f 1805 1138 1140
f 1805 1140 1806
f 1806 1140 1142
f 1806 1142 1810
f 1810 1142 1144
f 1810 1144 1808
f 1808 1144 1146
f 1808 1146 1809
f 1809 1146 1145
f 1809 1145 1801
f 1801 1145 1130
f 1811 1812 1813
f 1814 1812 1811
f 1811 1815 1816
f 1817 1815 1811
f 1813 1817 1811
f 1811 1818 1819
f 1820 1818 1811
f 1816 1820 1811
f 1811 1821 1822
f 1823 1821 1811
f 1819 1823 1811
f 1822 1814 1811
f 1814 1159 1812
f 1812 1159 1157
f 1812 1157 1813
f 1813 1157 1155
f 1813 1155 1817
f 1817 1155 1153
f 1817 1153 1815
f 1815 1153 1151
f 1815 1151 1816
f 1816 1151 1149
f 1816 1149 1820
f 1820 1149 1148
f 1820 1148 1818
f 1818 1148 1169
f 1818 1169 1819
f 1819 1169 1167
f 1819 1167 1823
f 1823 1167 1165
f 1823 1165 1821
f 1821 1165 1163
f 1821 1163 1822
f 1822 1163 1161
f 1822 1161 1814
f 1814 1161 1159
f 1824 1825 1826
f 1827 1825 1824
f 1824 1828 1829
f 1830 1828 1824
f 1826 1830 1824
f 1824 1831 1832
f 1833 1831 1824
f 1829 1833 1824
f 1824 1834 1835
f 1836 1834 1824
f 1832 1836 1824
f 1835 1827 1824
f 1827 1438 1825
f 1825 1438 1436
f 1825 1436 1826
f 1826 1436 1426
f 1826 1426 1830
f 1830 1426 1428
f 1830 1428 1828
f 1828 1428 1445
f 1828 1445 1829
f 1829 1445 1446
f 1829 1446 1833
f 1833 1446 1425
f 1833 1425 1831
f 1831 1425 1424
f 1831 1424 1832
f 1832 1424 1423
f 1832 1423 1836
f 1836 1423 1422
f 1836 1422 1834
f 1834 1422 1441
f 1834 1441 1835
f 1835 1441 1440
f 1835 1440 1827
f 1827 1440 1438
f 1837 1838 1839
f 1840 1838 1837
f 1837 1841 1842
f 1843 1841 1837
f 1839 1843 1837
f 1837 1844 1845
f 1846 1844 1837
f 1842 1846 1837
f 1837 1847 1848
f 1849 1847 1837
f 1845 1849 1837
f 1848 1840 1837
f 1840 1379 1838
f 1838 1379 1377
f 1838 1377 1839
f 1839 1377 1375
f 1839 1375 1843
f 1843 1375 1374
f 1843 1374 1841
f 1841 1374 1370
f 1841 1370 1842
f 1842 1370 1369
f 1842 1369 1846
f 1846 1369 1364
f 1846 1364 1844
f 1844 1364 1363
f 1844 1363 1845
f 1845 1363 1373
f 1845 1373 1849
f 1849 1373 1372
f 1849 1372 1847
f 1847 1372 1368
f 1847 1368 1848
f 1848 1368 1367
f 1848 1367 1840
f 1840 1367 1379
f 402 1850 380
f 380 1850 1851
f 380 1851 381
f 381 1851 1852
f 381 1852 383
f 383 1852 1853
f 383 1853 415
f 415 1853 1854
f 415 1854 416
f 416 1854 1855
f 416 1855 417
f 417 1855 1856
f 1857 1850 441
f 441 1850 402
f 397 1858 395
f 395 1858 1859
f 395 1859 447
f 447 1859 1860
f 447 1860 445
f 445 1860 1861
f 445 1861 443
f 443 1861 1862
f 443 1862 442
f 442 1862 1863
f 442 1863 441
f 441 1863 1857
f 1856 1858 417
f 417 1858 397
f 1850 52 1851
f 1851 52 51
f 1851 51 1852
f 1852 51 70
f 1852 70 1853
f 1853 70 72
f 1853 72 1854
f 1854 72 69
f 1854 69 1855
f 1855 69 67
f 1855 67 1856
f 1856 67 66
f 66 64 1856
f 1856 64 1858
f 1858 64 1859
f 1859 64 62
f 1859 62 1860
f 1860 62 60
f 1860 60 1861
f 1861 60 58
f 1861 58 1862
f 1862 58 57
f 1862 57 1863
f 1863 57 56
f 1863 56 1857
f 1857 56 54
f 54 52 1857
f 1857 52 1850
f 452 1864 378
f 378 1864 1865
f 378 1865 414
f 414 1865 1866
f 414 1866 413
f 413 1866 1867
f 413 1867 411
f 411 1867 1868
f 411 1868 391
f 391 1868 1869
f 391 1869 392
f 392 1869 1870
f 1871 1864 373
f 373 1864 452
f 356 1872 357
f 357 1872 1873
f 357 1873 359
f 359 1873 1874
f 359 1874 423
f 423 1874 1875
f 423 1875 422
f 422 1875 1876
f 422 1876 421
f 421 1876 1877
f 421 1877 373
f 373 1877 1871
f 1870 1872 392
f 392 1872 356
f 1864 37 1865
f 1865 37 50
f 1865 50 1866
f 1866 50 49
f 1866 49 1867
f 1867 49 47
f 1867 47 1868
f 1868 47 46
f 1868 46 1869
f 1869 46 44
f 1869 44 1870
f 1870 44 42
f 42 40 1870
f 1870 40 1872
f 1872 40 1873
f 1873 40 39
f 1873 39 1874
f 1874 39 35
f 1874 35 1875
f 1875 35 34
f 1875 34 1876
f 1876 34 31
f 1876 31 1877
f 1877 31 30
f 1877 30 1871
f 1871 30 38
f 38 37 1871
f 1871 37 1864
f 695 1878 1879
f 1880 1878 695
f 665 1880 695
f 695 1881 694
f 1882 1881 695
f 1879 1882 695
f 693 694 1881
f 665 667 1880
f 1880 667 883
f 1880 883 1878
f 1878 883 882
f 1878 882 1879
f 1879 882 896
f 1879 896 1882
f 1882 896 895
f 1882 895 1881
f 1881 895 894
f 1881 894 693
f 693 894 875
f 693 875 1701
f 1701 875 877
f 1701 877 1702
f 1702 877 878
f 1702 878 1714
f 1714 878 889
f 1714 889 1715
f 1715 889 888
f 1715 888 1708
f 1708 888 887
f 1708 887 667
f 667 887 885
f 667 885 883
f 682 893 891
f 658 682 1883
f 1883 682 891
f 1883 891 1884
f 1884 891 1885
f 1885 891 908
f 1885 908 1886
f 1886 908 1887
f 1887 908 907
f 1887 907 1888
f 1888 907 1889
f 1889 907 913
f 1889 913 1890
f 1890 913 1891
f 1891 913 912
f 1891 912 1892
f 673 660 1893
f 893 682 914
f 914 682 1711
f 914 1711 874
f 874 1711 1712
f 874 1712 872
f 872 1712 1713
f 872 1713 870
f 870 1713 1710
f 870 1710 886
f 886 1710 1709
f 886 1709 884
f 884 1709 673
f 884 673 912
f 912 673 1893
f 912 1893 1892
f 659 658 1883
f 1884 1885 659
f 1886 1887 659
f 1888 1889 659
f 1890 1891 659
f 659 1893 660
f 1892 1893 659
f 1891 1892 659
f 1889 1890 659
f 1887 1888 659
f 1885 1886 659
f 1883 1884 659
f 522 1894 1895
f 1896 1894 522
f 520 1896 522
f 522 1897 549
f 1898 1897 522
f 1895 1898 522
f 547 549 1897
f 520 537 1896
f 1896 537 879
f 1896 879 1894
f 1894 879 881
f 1894 881 1895
f 1895 881 898
f 1895 898 1898
f 1898 898 897
f 1898 897 1897
f 1897 897 906
f 1897 906 547
f 547 906 890
f 547 890 1699
f 1699 890 892
f 1699 892 1703
f 1703 892 916
f 1703 916 1704
f 1704 916 915
f 1704 915 1705
f 1705 915 918
f 1705 918 1700
f 1700 918 917
f 1700 917 537
f 537 917 869
f 537 869 879
f 524 1899 1900
f 1901 1899 524
f 516 1901 524
f 524 1902 526
f 1903 1902 524
f 1900 1903 524
f 556 526 1902
f 516 515 1901
f 1901 515 900
f 1901 900 1899
f 1899 900 899
f 1899 899 1900
f 1900 899 911
f 1900 911 1903
f 1903 911 910
f 1903 910 1902
f 1902 910 909
f 1902 909 556
f 556 909 880
f 556 880 1716
f 1716 880 868
f 1716 868 1717
f 1717 868 867
f 1717 867 1718
f 1718 867 905
f 1718 905 1707
f 1707 905 904
f 1707 904 1706
f 1706 904 903
f 1706 903 515
f 515 903 902
f 515 902 900
f 360 1904 1905
f 1906 1904 360
f 382 1906 360
f 360 1907 358
f 1908 1907 360
f 1905 1908 360
f 394 358 1907
f 382 384 1906
f 1906 384 932
f 1906 932 1904
f 1904 932 925
f 1904 925 1905
f 1905 925 923
f 1905 923 1908
f 1908 923 922
f 1908 922 1907
f 1907 922 921
f 1907 921 394
f 394 921 920
f 394 920 1720
f 1720 920 926
f 1720 926 1721
f 1721 926 928
f 1721 928 1722
f 1722 928 929
f 1722 929 1723
f 1723 929 931
f 1723 931 1719
f 1719 931 934
f 1719 934 384
f 384 934 933
f 384 933 932
f 1172 720 718
f 1172 718 1175
f 1175 718 717
f 1175 717 1022
f 1022 717 716
f 1022 716 1023
f 1023 716 780
f 1023 780 1021
f 1021 780 779
f 1021 779 1183
f 1183 779 778
f 1183 778 1185
f 1185 778 1187
f 1187 778 777
f 1187 777 1189
f 1294 762 1180
f 1180 762 720
f 1180 720 1171
f 1171 720 1172
f 1245 792 752
f 1245 752 1243
f 1243 752 750
f 1243 750 1241
f 1241 750 748
f 1241 748 1258
f 1257 1258 746
f 746 1258 748
f 791 792 1247
f 1247 792 1245
f 1330 795 797
f 1330 797 1303
f 1303 797 775
f 1303 775 1320
f 1320 775 774
f 1320 774 1322
f 1324 1322 804
f 804 1322 774
f 793 795 1331
f 1331 795 1330
f 1192 737 736
f 1192 736 1195
f 1195 736 735
f 1195 735 1197
f 1197 735 734
f 1197 734 1199
f 1199 734 714
f 1199 714 1201
f 1201 714 713
f 1201 713 1203
f 1203 713 733
f 1203 733 1205
f 1205 733 1207
f 1207 733 766
f 1207 766 1209
f 1214 788 1191
f 1191 788 737
f 1191 737 1192
f 1909 1910 1911
f 1912 1910 1909
f 1909 1913 1914
f 1915 1913 1909
f 1911 1915 1909
f 1909 1916 1917
f 1918 1916 1909
f 1914 1918 1909
f 1909 1919 1920
f 1921 1919 1909
f 1917 1921 1909
f 1920 1912 1909
f 1912 1173 1910
f 1910 1173 1174
f 1910 1174 1911
f 1911 1174 1176
f 1911 1176 1915
f 1915 1176 1177
f 1915 1177 1913
f 1913 1177 1181
f 1913 1181 1914
f 1914 1181 1182
f 1914 1182 1918
f 1918 1182 1184
f 1918 1184 1916
f 1916 1184 1186
f 1916 1186 1917
f 1917 1186 1188
f 1917 1188 1921
f 1921 1188 1190
f 1921 1190 1919
f 1919 1190 1179
f 1919 1179 1920
f 1920 1179 1178
f 1920 1178 1912
f 1912 1178 1173
f 1922 1923 1924
f 1925 1923 1922
f 1922 1926 1927
f 1928 1926 1922
f 1924 1928 1922
f 1922 1929 1930
f 1931 1929 1922
f 1927 1931 1922
f 1922 1932 1933
f 1934 1932 1922
f 1930 1934 1922
f 1933 1925 1922
f 1925 1204 1923
f 1923 1204 1206
f 1923 1206 1924
f 1924 1206 1208
f 1924 1208 1928
f 1928 1208 1210
f 1928 1210 1926
f 1926 1210 1215
f 1926 1215 1927
f 1927 1215 1216
f 1927 1216 1931
f 1931 1216 1193
f 1931 1193 1929
f 1929 1193 1194
f 1929 1194 1930
f 1930 1194 1196
f 1930 1196 1934
f 1934 1196 1198
f 1934 1198 1932
f 1932 1198 1200
f 1932 1200 1933
f 1933 1200 1202
f 1933 1202 1925
f 1925 1202 1204
f 1935 1936 1937
f 1938 1936 1935
f 1935 1939 1940
f 1941 1939 1935
f 1937 1941 1935
f 1935 1942 1943
f 1944 1942 1935
f 1940 1944 1935
f 1935 1945 1946
f 1947 1945 1935
f 1943 1947 1935
f 1946 1938 1935
f 1938 1235 1936
f 1936 1235 1237
f 1936 1237 1937
f 1937 1237 1238
f 1937 1238 1941
f 1941 1238 1232
f 1941 1232 1939
f 1939 1232 1227
f 1939 1227 1940
f 1940 1227 1226
f 1940 1226 1944
f 1944 1226 1246
f 1944 1246 1942
f 1942 1246 1244
f 1942 1244 1943
f 1943 1244 1242
f 1943 1242 1947
f 1947 1242 1240
f 1947 1240 1945
f 1945 1240 1239
f 1945 1239 1946
f 1946 1239 1233
f 1946 1233 1938
f 1938 1233 1235
f 1948 1949 1950
f 1951 1949 1948
f 1948 1952 1953
f 1954 1952 1948
f 1950 1954 1948
f 1948 1955 1956
f 1957 1955 1948
f 1953 1957 1948
f 1948 1958 1959
f 1960 1958 1948
f 1956 1960 1948
f 1959 1951 1948
f 1951 1310 1949
f 1949 1310 1308
f 1949 1308 1950
f 1950 1308 1307
f 1950 1307 1954
f 1954 1307 1305
f 1954 1305 1952
f 1952 1305 1304
f 1952 1304 1953
f 1953 1304 1319
f 1953 1319 1957
f 1957 1319 1321
f 1957 1321 1955
f 1955 1321 1323
f 1955 1323 1956
f 1956 1323 1314
f 1956 1314 1960
f 1960 1314 1301
f 1960 1301 1958
f 1958 1301 1300
f 1958 1300 1959
f 1959 1300 1312
f 1959 1312 1951
f 1951 1312 1310
f 755 1961 756
f 756 1961 1962
f 756 1962 739
f 739 1962 1963
f 739 1963 740
f 740 1963 1964
f 740 1964 722
f 722 1964 1965
f 722 1965 723
f 723 1965 1966
f 723 1966 773
f 773 1966 1967
f 1961 755 1968
f 1968 755 754
f 753 1969 751
f 751 1969 1970
f 751 1970 749
f 749 1970 1971
f 749 1971 747
f 747 1971 1972
f 747 1972 745
f 745 1972 1973
f 745 1973 743
f 743 1973 1974
f 743 1974 754
f 754 1974 1968
f 1969 753 1967
f 1967 753 773
f 1961 165 1962
f 1962 165 164
f 1962 164 1963
f 1963 164 180
f 1963 180 1964
f 1964 180 182
f 1964 182 1965
f 1965 182 179
f 1965 179 1966
f 1966 179 178
f 1966 178 1967
f 1967 178 177
f 177 171 1967
f 1967 171 1969
f 1969 171 1970
f 1970 171 173
f 1970 173 1971
f 1971 173 175
f 1971 175 1972
f 1972 175 176
f 1972 176 1973
f 1973 176 170
f 1973 170 1974
f 1974 170 169
f 1974 169 1968
f 1968 169 167
f 167 165 1968
f 1968 165 1961
f 725 1975 727
f 727 1975 1976
f 727 1976 794
f 794 1976 1977
f 794 1977 796
f 796 1977 1978
f 796 1978 798
f 798 1978 1979
f 798 1979 799
f 799 1979 1980
f 799 1980 800
f 800 1980 1981
f 1975 725 1982
f 1982 725 759
f 801 1983 729
f 729 1983 1984
f 729 1984 730
f 730 1984 1985
f 730 1985 731
f 731 1985 1986
f 731 1986 757
f 757 1986 1987
f 757 1987 758
f 758 1987 1988
f 758 1988 759
f 759 1988 1982
f 1983 801 1981
f 1981 801 800
f 1975 199 1976
f 1976 199 198
f 1976 198 1977
f 1977 198 197
f 1977 197 1978
f 1978 197 203
f 1978 203 1979
f 1979 203 196
f 1979 196 1980
f 1980 196 194
f 1980 194 1981
f 1981 194 193
f 193 191 1981
f 1981 191 1983
f 1983 191 1984
f 1984 191 190
f 1984 190 1985
f 1985 190 184
f 1985 184 1986
f 1986 184 183
f 1986 183 1987
f 1987 183 189
f 1987 189 1988
f 1988 189 188
f 1988 188 1982
f 1982 188 186
f 186 199 1982
f 1982 199 1975
f 715 1989 1990
f 1991 1989 715
f 719 1991 715
f 715 1992 721
f 1993 1992 715
f 1990 1993 715
f 738 721 1992
f 719 732 1991
f 1991 732 1000
f 1991 1000 1989
f 1989 1000 993
f 1989 993 1990
f 1990 993 991
f 1990 991 1993
f 1993 991 990
f 1993 990 1992
f 1992 990 989
f 1992 989 738
f 738 989 988
f 738 988 1695
f 1695 988 994
f 1695 994 1696
f 1696 994 996
f 1696 996 1697
f 1697 996 997
f 1697 997 1698
f 1698 997 999
f 1698 999 1694
f 1694 999 1002
f 1694 1002 732
f 732 1002 1001
f 732 1001 1000
f 639 1994 1995
f 1996 1994 639
f 598 1996 639
f 639 1997 610
f 1998 1997 639
f 1995 1998 639
f 611 610 1997
f 598 597 1996
f 1996 597 951
f 1996 951 1994
f 1994 951 971
f 1994 971 1995
f 1995 971 970
f 1995 970 1998
f 1998 970 969
f 1998 969 1997
f 1997 969 968
f 1997 968 611
f 611 968 941
f 611 941 1732
f 1732 941 940
f 1732 940 1733
f 1733 940 935
f 1733 935 1734
f 1734 935 937
f 1734 937 1725
f 1725 937 963
f 1725 963 1724
f 1724 963 947
f 1724 947 597
f 597 947 949
f 597 949 951
f 600 599 1999
f 2000 2001 600
f 2002 2003 600
f 2004 2005 600
f 2006 2007 600
f 600 2008 605
f 2009 2008 600
f 2007 2009 600
f 2005 2006 600
f 2003 2004 600
f 2001 2002 600
f 1999 2000 600
f 622 939 938
f 599 622 1999
f 1999 622 938
f 1999 938 2000
f 2000 938 2001
f 2001 938 936
f 2001 936 2002
f 2002 936 2003
f 2003 936 942
f 2003 942 2004
f 2004 942 2005
f 2005 942 967
f 2005 967 2006
f 2006 967 2007
f 2007 967 966
f 2007 966 2009
f 620 605 2008
f 939 622 962
f 962 622 1739
f 962 1739 976
f 976 1739 1740
f 976 1740 977
f 977 1740 1731
f 977 1731 978
f 978 1731 1730
f 978 1730 982
f 982 1730 1729
f 982 1729 965
f 965 1729 620
f 965 620 966
f 966 620 2008
f 966 2008 2009
f 829 2010 2011
f 2012 2010 829
f 827 2012 829
f 829 2013 846
f 2014 2013 829
f 2011 2014 829
f 847 846 2013
f 827 823 2012
f 2012 823 980
f 2012 980 2010
f 2010 980 964
f 2010 964 2011
f 2011 964 961
f 2011 961 2014
f 2014 961 960
f 2014 960 2013
f 2013 960 959
f 2013 959 847
f 847 959 958
f 847 958 1735
f 1735 958 973
f 1735 973 1736
f 1736 973 986
f 1736 986 1737
f 1737 986 979
f 1737 979 1738
f 1738 979 984
f 1738 984 1726
f 1726 984 983
f 1726 983 823
f 823 983 981
f 823 981 980
f 817 819 2015
f 831 833 2016
f 2016 833 975
f 2016 975 2017
f 2017 975 957
f 2017 957 2018
f 2018 957 946
f 2018 946 2019
f 2019 946 944
f 2019 944 2015
f 2015 944 943
f 2015 943 817
f 817 943 956
f 817 956 1727
f 1727 956 955
f 1727 955 1728
f 1728 955 953
f 1728 953 1741
f 1741 953 952
f 1741 952 1742
f 1742 952 985
f 1742 985 1743
f 1743 985 972
f 1743 972 833
f 833 972 974
f 833 974 975
f 820 2017 2018
f 2016 2017 820
f 831 2016 820
f 820 2015 819
f 2019 2015 820
f 2018 2019 820
f 325 826 326
f 326 826 828
f 326 828 313
f 313 828 830
f 313 830 310
f 310 830 843
f 310 843 311
f 311 843 844
f 311 844 312
f 312 844 845
f 312 845 318
f 318 845 840
f 318 840 319
f 319 840 839
f 319 839 320
f 320 839 838
f 320 838 322
f 322 838 824
f 322 824 323
f 323 824 822
f 323 822 324
f 324 822 821
f 324 821 325
f 325 821 826
f 256 551 257
f 257 551 550
f 257 550 253
f 253 550 548
f 253 548 252
f 252 548 546
f 252 546 248
f 248 546 544
f 248 544 247
f 247 544 543
f 247 543 245
f 245 543 559
f 245 559 251
f 251 559 554
f 251 554 254
f 254 554 542
f 254 542 242
f 242 542 557
f 242 557 243
f 243 557 553
f 243 553 255
f 255 553 552
f 255 552 256
f 256 552 551
f 237 654 238
f 238 654 656
f 238 656 239
f 239 656 657
f 239 657 233
f 233 657 681
f 233 681 234
f 234 681 683
f 234 683 12
f 12 683 692
f 12 692 13
f 13 692 691
f 13 691 231
f 231 691 690
f 231 690 235
f 235 690 669
f 235 669 236
f 236 669 653
f 236 653 240
f 240 653 652
f 240 652 241
f 241 652 679
f 241 679 237
f 237 679 654
f 305 633 306
f 306 633 632
f 306 632 307
f 307 632 634
f 307 634 297
f 297 634 635
f 297 635 300
f 300 635 604
f 300 604 299
f 299 604 603
f 299 603 298
f 298 603 642
f 298 642 301
f 301 642 641
f 301 641 302
f 302 641 640
f 302 640 304
f 304 640 619
f 304 619 308
f 308 619 617
f 308 617 309
f 309 617 616
f 309 616 305
f 305 616 633
f 279 623 282
f 282 623 624
f 282 624 283
f 283 624 625
f 283 625 284
f 284 625 626
f 284 626 285
f 285 626 615
f 285 615 286
f 286 615 614
f 286 614 287
f 287 614 613
f 287 613 288
f 288 613 612
f 288 612 289
f 289 612 638
f 289 638 290
f 290 638 637
f 290 637 291
f 291 637 636
f 291 636 278
f 278 636 621
f 278 621 279
f 279 621 623
f 263 523 264
f 264 523 525
f 264 525 265
f 265 525 527
f 265 527 266
f 266 527 528
f 266 528 267
f 267 528 555
f 267 555 9
f 9 555 536
f 9 536 10
f 10 536 538
f 10 538 258
f 258 538 539
f 258 539 259
f 259 539 566
f 259 566 260
f 260 566 565
f 260 565 261
f 261 565 564
f 261 564 262
f 262 564 535
f 262 535 263
f 263 535 523
f 328 832 329
f 329 832 858
f 329 858 330
f 330 858 860
f 330 860 331
f 331 860 861
f 331 861 332
f 332 861 851
f 332 851 333
f 333 851 850
f 333 850 334
f 334 850 849
f 334 849 335
f 335 849 848
f 335 848 336
f 336 848 864
f 336 864 337
f 337 864 863
f 337 863 338
f 338 863 862
f 338 862 327
f 327 862 834
f 327 834 328
f 328 834 832
f 221 686 222
f 222 686 674
f 222 674 228
f 228 674 698
f 228 698 229
f 229 698 697
f 229 697 230
f 230 697 696
f 230 696 15
f 15 696 668
f 15 668 16
f 16 668 666
f 16 666 225
f 225 666 664
f 225 664 226
f 226 664 663
f 226 663 227
f 227 663 689
f 227 689 223
f 223 689 688
f 223 688 220
f 220 688 687
f 220 687 221
f 221 687 686
f 1477 1476 2020
f 2021 1472 1475
f 1475 1474 2021
f 2021 1474 1479
f 2021 1479 2020
f 2020 1479 1478
f 2020 1478 1477
f 1005 2022 1115
f 1115 2022 2023
f 1115 2023 1116
f 1005 1007 2022
f 2022 1007 1025
f 2022 1025 1024
f 2020 1476 2024
f 2024 1476 1407
f 2024 1407 2025
f 2025 1407 1398
f 2025 1398 2026
f 2026 1398 1400
f 2026 1400 2027
f 2027 1400 1402
f 2027 1402 2028
f 2028 1402 1403
f 2028 1403 2023
f 2023 1403 1116
f 574 568 2029
f 574 2030 2031
f 2031 2030 2023
f 2031 2023 2022
f 574 2029 2030
f 2030 2029 2032
f 2030 2032 2033
f 2034 2035 2036
f 2036 2035 2033
f 2036 2033 2037
f 2037 2033 2032
f 2029 568 569
f 2038 2039 2040
f 2037 2032 2041
f 2042 2043 2044
f 2034 2036 2045
f 2034 2045 2046
f 2034 2046 2047
f 2034 2047 2048
f 2034 2048 2044
f 2034 2044 2043
f 2036 2037 2045
f 2045 2037 2041
f 2045 2041 2046
f 2046 2041 2049
f 2046 2049 2047
f 2047 2049 2050
f 2047 2050 2048
f 2048 2050 2051
f 2048 2051 2044
f 2044 2051 2040
f 2044 2040 2042
f 2042 2040 2039
f 2032 2029 2041
f 2041 2029 569
f 2041 569 2049
f 2049 569 570
f 2049 570 2050
f 2050 570 571
f 2050 571 2051
f 2051 571 558
f 2051 558 2040
f 2040 558 541
f 2040 541 2038
f 2038 541 540
f 2035 2052 2053
f 2035 2053 2054
f 2035 2054 2055
f 2035 2055 2056
f 2035 2056 2057
f 2035 2057 2033
f 2052 2058 2053
f 2053 2058 2059
f 2053 2059 2054
f 2054 2059 2060
f 2054 2060 2055
f 2055 2060 2061
f 2055 2061 2056
f 2056 2061 2062
f 2056 2062 2057
f 2057 2062 2063
f 2057 2063 2033
f 2033 2063 2030
f 2058 2020 2059
f 2059 2020 2024
f 2059 2024 2060
f 2060 2024 2025
f 2060 2025 2061
f 2061 2025 2026
f 2061 2026 2062
f 2062 2026 2027
f 2062 2027 2063
f 2063 2027 2028
f 2063 2028 2030
f 2030 2028 2023
f 2021 2020 2064
f 2064 2020 2058
f 2064 2058 586
f 540 586 2038
f 2038 586 2058
f 2038 2058 2039
f 2039 2058 2052
f 2039 2052 2042
f 2042 2052 2043
f 2043 2052 2035
f 2043 2035 2034
f 793 1331 728
f 728 1331 1332
f 728 1332 726
f 726 1332 1328
f 726 1328 724
f 724 1328 1327
f 1257 746 1259
f 1259 746 744
f 1259 744 1260
f 1260 744 742
f 1260 742 1262
f 1262 742 741
f 448 1450 449
f 449 1450 1449
f 449 1449 396
f 396 1449 1448
f 396 1448 398
f 398 1448 1447
f 1393 412 1390
f 1390 412 410
f 1390 410 1389
f 1389 410 409
f 1389 409 1388
f 1388 409 393
f 1361 405 1353
f 1353 405 450
f 1353 450 1354
f 1354 450 451
f 1354 451 478
f 478 451 377
f 1154 399 1416
f 1416 399 464
f 1416 464 1417
f 1417 464 463
f 1417 463 1455
f 1455 463 462
f 1455 462 474
f 474 462 401
f 476 435 1444
f 1444 435 440
f 1444 440 1418
f 1418 440 439
f 1418 439 1152
f 1152 439 404
f 1209 766 1253
f 1253 766 765
f 1253 765 1252
f 1252 765 764
f 1252 764 350
f 350 764 348
f 1263 787 1211
f 1211 787 785
f 1211 785 1212
f 1212 785 784
f 1212 784 1213
f 1213 784 786
f 1213 786 1214
f 1214 786 788
f 1189 777 1289
f 1289 777 782
f 1289 782 1290
f 1290 782 781
f 1290 781 1292
f 1292 781 783
f 1292 783 354
f 354 783 352
f 1297 763 1296
f 1296 763 761
f 1296 761 1295
f 1295 761 760
f 1295 760 1294
f 1294 760 762
f 512 471 1359
f 1359 471 469
f 1359 469 1360
f 1360 469 468
f 1360 468 1355
f 1355 468 470
f 1355 470 1147
f 1147 470 472
f 351 349 1249
f 1249 349 712
f 1249 712 1225
f 1225 712 711
f 1225 711 1248
f 1248 711 790
f 1248 790 1247
f 1247 790 791
f 1324 804 1325
f 1325 804 805
f 1325 805 1326
f 1326 805 803
f 1326 803 1318
f 1318 803 802
f 1318 802 1317
f 1317 802 776
f 1435 437 1434
f 1434 437 438
f 1434 438 1433
f 1433 438 430
f 1433 430 1442
f 1442 430 429
f 1442 429 477
f 477 429 428
f 480 426 1383
f 1383 426 455
f 1383 455 1366
f 1366 455 454
f 1366 454 1381
f 1381 454 453
f 1381 453 1380
f 1380 453 427
f 901 206 205
f 205 11 901
f 901 11 246
f 901 246 876
f 246 250 876
f 876 250 249
f 876 249 232
f 232 14 876
f 876 14 17
f 876 17 213
f 63 924 1520
f 63 1520 61
f 61 1520 1518
f 61 1518 59
f 59 1518 1516
f 59 1516 210
f 210 1516 1514
f 210 1514 211
f 211 1514 1512
f 211 1512 212
f 212 1512 876
f 212 876 213
f 206 901 1530
f 206 1530 207
f 207 1530 1528
f 207 1528 208
f 208 1528 1526
f 208 1526 209
f 209 1526 1524
f 209 1524 168
f 168 1524 1522
f 168 1522 204
f 204 1522 987
f 204 987 272
f 924 63 65
f 65 68 924
f 924 68 269
f 924 269 919
f 919 269 33
f 919 33 41
f 273 272 987
f 200 276 992
f 992 276 275
f 992 275 987
f 987 275 274
f 987 274 273
f 347 950 1510
f 347 1510 18
f 18 1510 1508
f 18 1508 19
f 19 1508 1506
f 19 1506 214
f 214 1506 1504
f 214 1504 45
f 45 1504 1502
f 45 1502 43
f 43 1502 919
f 43 919 41
f 200 992 1500
f 200 1500 201
f 201 1500 1498
f 201 1498 202
f 202 1498 1496
f 202 1496 219
f 219 1496 1494
f 219 1494 218
f 218 1494 1492
f 218 1492 217
f 217 1492 945
f 217 945 215
f 347 346 950
f 950 346 345
f 345 344 950
f 950 344 343
f 950 343 945
f 945 343 342
f 945 342 341
f 341 340 945
f 945 340 339
f 945 339 215
f 1026 1796 2065
f 1026 2065 1217
f 1217 2065 2066
f 1217 2066 1218
f 1218 2066 2067
f 1218 2067 1219
f 1219 2067 2022
f 1219 2022 1024
f 574 2031 575
f 575 2031 2068
f 575 2068 576
f 576 2068 577
f 577 2068 2069
f 577 2069 578
f 578 2069 579
f 579 2069 2070
f 579 2070 567
f 567 2070 1797
f 567 1797 529
f 2031 2022 2068
f 2068 2022 2067
f 2068 2067 2069
f 2069 2067 2066
f 2069 2066 2070
f 2070 2066 2065
f 2070 2065 1797
f 1797 2065 1796
f 1472 2021 2071
f 1472 2071 1470
f 1470 2071 2072
f 1470 2072 1471
f 1471 2072 2073
f 1471 2073 1473
f 1473 2073 2
f 1473 2 1
f 4 2074 5
f 5 2074 582
f 582 2074 583
f 583 2074 2075
f 583 2075 580
f 580 2075 581
f 581 2075 2076
f 581 2076 584
f 584 2076 585
f 585 2076 2064
f 585 2064 586
f 2021 2064 2071
f 2071 2064 2076
f 2071 2076 2072
f 2072 2076 2075
f 2072 2075 2073
f 2073 2075 2074
f 2073 2074 2
f 2 2074 4

