# https://github.com/mikedh/trimesh
mtllib mtl_forearm_link
usemtl mtl_forearm_link
v -0.01507959 0.02928031 0.00100399
v -0.01500000 0.02932116 0.00100523
v -0.01500000 0.02899792 0.00100000
v -0.01546092 0.02899889 0.00100531
v -0.01532172 0.02913374 0.00100350
v -0.01515906 0.02923924 0.00100291
v 0.00863901 0.02878135 0.00100000
v 0.00841578 0.02899792 0.00100000
v 0.01546174 0.02899792 0.00100000
v 0.01567910 0.02854894 0.00100000
v 0.01394829 0.02656022 0.00100000
v 0.00891798 0.02864384 0.00100000
v 0.01536697 0.02714492 0.00100000
v 0.01514994 0.02676934 0.00100000
v 0.01479428 0.02652100 0.00100000
v 0.01565253 0.02805082 0.00100000
v 0.01436693 0.02644663 0.00100000
v -0.00891798 0.02864384 0.00100000
v -0.00863901 0.02878135 0.00100000
v -0.00841578 0.02899792 0.00100000
v -0.01466727 0.02647837 0.00100000
v -0.01500000 0.02663581 0.00100000
v -0.01430012 0.02645198 0.00100000
v -0.01394829 0.02656022 0.00100000
v 0.01669865 0.02837524 0.00100000
v 0.01659144 0.02899792 0.00100000
v 0.02000000 0.02899792 0.00100000
v 0.01859243 0.02093613 0.00100000
v 0.01508085 0.02359169 0.00100000
v 0.01432063 0.02544770 0.00100000
v -0.01500000 0.02553357 0.00100000
v -0.01422769 0.02545418 0.00100000
v -0.01500000 0.02364318 0.00100000
v -0.01348335 0.02567488 0.00100000
v -0.00929875 0.02641085 0.00100000
v -0.00862072 0.02768905 0.00100000
v -0.00522364 0.02750843 0.00100000
v -0.00780332 0.02818213 0.00100000
v -0.00312114 0.02782550 0.00100000
v 0.00321638 0.02781465 0.00100000
v -0.00730759 0.02899792 0.00100000
v 0.00730759 0.02899792 0.00100000
v 0.00522332 0.02750849 0.00100000
v 0.00780332 0.02818213 0.00100000
v 0.00938912 0.02637886 0.00100000
v 0.00862072 0.02768905 0.00100000
v 0.01348335 0.02567488 0.00100000
v 0.01992005 0.01967719 0.00100000
v 0.01964393 0.01995284 0.00100000
v 0.01588664 0.02609313 0.00100000
v 0.01888743 0.02067039 0.00100000
v 0.01517533 0.02559645 0.00100000
v 0.02000000 0.01959592 0.00100000
v 0.01632071 0.02684428 0.00100000
v 0.01660627 0.02775018 0.00100000
v 0.00822875 0.02943468 0.00100954
v 0.00825490 0.02987756 0.00103876
v 0.00854715 0.03048088 0.00111057
v 0.00876715 0.03090349 0.00118324
v 0.00936197 0.03115032 0.00123439
v 0.00908813 0.03126664 0.00126075
v 0.00946936 0.03142545 0.00129912
v 0.00993338 0.03140293 0.00129351
v 0.00995679 0.03139579 0.00129174
v 0.01321772 0.03016738 0.00106862
v 0.01515906 0.02923924 0.00100291
v 0.00832829 0.03006050 0.00105661
v 0.01532219 0.02913337 0.00100092
v -0.00949489 0.03142993 0.00130024
v -0.00906903 0.03125316 0.00125762
v -0.00995679 0.03139579 0.00129174
v -0.00876715 0.03090349 0.00118324
v -0.01200653 0.03066978 0.00114075
v -0.00854716 0.03048090 0.00111057
v -0.00832829 0.03006050 0.00105661
v -0.00821522 0.02959594 0.00101790
v -0.00831120 0.02917113 0.00100150
v -0.00843267 0.03202772 0.00147003
v 0.00802006 0.03159584 0.00134335
v 0.00788049 0.03136608 0.00128445
v 0.00766094 0.03094426 0.00119124
v 0.00744138 0.03052247 0.00111690
v -0.00788049 0.03136608 0.00128445
v 0.00721762 0.02969683 0.00102445
v -0.00722309 0.02977560 0.00103028
v -0.00744138 0.03052247 0.00111690
v -0.00766094 0.03094424 0.00119124
v -0.01500000 0.03473369 0.00280848
v 0.00943458 0.03243535 0.00160936
v 0.00864475 0.03217158 0.00151697
v -0.00920266 0.03239535 0.00159482
v -0.01500000 0.03200674 0.00146338
v -0.01026094 0.03235349 0.00157980
v -0.01500000 0.03171233 0.00137545
v -0.01360365 0.03109028 0.00122135
v -0.01500000 0.03044036 0.00110458
v -0.00993214 0.03242877 0.00160695
v -0.01500000 0.03342224 0.00203198
v 0.02000000 0.03171233 0.00137545
v 0.01614945 0.02972839 0.00102671
v 0.02000000 0.03473369 0.00280848
v 0.02000000 0.03342224 0.00203198
v 0.01026094 0.03235349 0.00157980
v 0.02000000 0.03200673 0.00146338
v 0.01256744 0.03152449 0.00132444
v 0.01561936 0.03012710 0.00106396
v -0.01500000 0.03839485 0.00757980
v 0.02000000 0.03839485 0.00757980
v 0.02000000 0.03711366 0.00515750
v 0.02000000 0.03591251 0.00377584
v -0.01500000 0.03591251 0.00377584
v -0.01500000 0.03711366 0.00515750
v -0.01568321 -0.02852733 0.00101167
v -0.01565253 -0.02805083 0.00101065
v -0.01549596 -0.02895522 0.00100615
v -0.01500000 -0.02899792 0.00100000
v -0.01546092 -0.02899889 0.00100531
v -0.01522444 -0.02686081 0.00100126
v -0.01500000 -0.02663581 0.00100000
v -0.01536697 -0.02714492 0.00100337
v -0.01550900 -0.02759551 0.00100648
v -0.01550885 0.02893782 0.00100647
v -0.01522444 0.02686081 0.00100126
v -0.01536697 0.02714492 0.00100337
v -0.01550900 0.02759551 0.00100648
v -0.01567422 0.02857180 0.00101136
v -0.01566793 0.02810495 0.00101116
v -0.01565253 0.02805083 0.00101065
v -0.01500000 -0.02932116 0.00100523
v -0.01507959 -0.02928031 0.00100399
v -0.01515906 -0.02923924 0.00100291
v -0.01532172 -0.02913374 0.00100350
v -0.01784620 -0.03056207 0.00132315
v -0.01794438 -0.02903766 0.00121832
v -0.01658753 -0.02900941 0.00106311
v -0.01629118 -0.02956164 0.00105847
v -0.01626559 -0.02959460 0.00105875
v -0.01561937 -0.03012712 0.00107338
v -0.01647223 -0.03843451 0.00768876
v -0.01791236 -0.03855263 0.00801329
v -0.01837871 -0.03795207 0.00670000
v -0.01500000 -0.03711366 0.00515750
v -0.01500000 -0.03839485 0.00757980
v -0.01671081 -0.03780637 0.00631444
v -0.01694381 -0.03697252 0.00505256
v -0.01716596 -0.03595624 0.00393001
v -0.01500000 -0.03591251 0.00377584
v -0.01737201 -0.03478077 0.00297348
v -0.01500000 -0.03473369 0.00280848
v -0.01755678 -0.03346949 0.00220940
v -0.01500000 -0.03342224 0.00203198
v -0.01771593 -0.03205137 0.00165631
v -0.01500000 -0.03044036 0.00110458
v -0.01500000 -0.03171233 0.00137545
v -0.01500000 -0.03200674 0.00146338
v -0.01884523 -0.03712693 0.00546789
v -0.01928921 -0.03610919 0.00437993
v -0.01969993 -0.03492341 0.00346241
v -0.02006743 -0.03359822 0.00273756
v -0.02038286 -0.03216568 0.00222286
v -0.02063859 -0.03066041 0.00193070
v -0.02082472 -0.02915570 0.00186697
v 0.00841578 -0.02899792 0.00100000
v 0.00863901 -0.02878135 0.00100000
v 0.01546174 -0.02899792 0.00100000
v 0.00891798 -0.02864384 0.00100000
v 0.01394829 -0.02656022 0.00100000
v 0.01567910 -0.02854894 0.00100000
v 0.01565253 -0.02805082 0.00100000
v 0.01536697 -0.02714492 0.00100000
v 0.01436693 -0.02644663 0.00100000
v 0.01514994 -0.02676934 0.00100000
v 0.01479428 -0.02652100 0.00100000
v -0.01394829 -0.02656022 0.00100000
v -0.00891798 -0.02864384 0.00100000
v -0.00863901 -0.02878135 0.00100000
v -0.00841578 -0.02899792 0.00100000
v -0.01466727 -0.02647837 0.00100000
v -0.01430012 -0.02645198 0.00100000
v 0.00949489 -0.03142993 0.00130024
v 0.00906903 -0.03125316 0.00125762
v 0.00995679 -0.03139579 0.00129174
v 0.00876715 -0.03090349 0.00118324
v 0.01218577 -0.03059906 0.00112901
v 0.00854716 -0.03048090 0.00111057
v 0.01515906 -0.02923924 0.00100291
v 0.00832829 -0.03006050 0.00105661
v 0.01532219 -0.02913337 0.00100092
v 0.00821522 -0.02959594 0.00101790
v 0.00831120 -0.02917113 0.00100150
v -0.00832829 -0.03006050 0.00105661
v -0.00854715 -0.03048088 0.00111057
v -0.00822875 -0.02943468 0.00100954
v -0.00825490 -0.02987756 0.00103876
v -0.00876715 -0.03090349 0.00118324
v -0.00936197 -0.03115032 0.00123439
v -0.00908813 -0.03126664 0.00126075
v -0.00946936 -0.03142545 0.00129912
v -0.01321730 -0.03016745 0.00106862
v -0.00995679 -0.03139579 0.00129174
v -0.00993338 -0.03140293 0.00129351
v -0.01187239 -0.03179393 0.00139883
v 0.02000000 -0.03839485 0.00757980
v 0.01659144 -0.02899792 0.00100000
v 0.02000000 -0.02899792 0.00100000
v 0.01627918 -0.02957731 0.00101680
v 0.02000000 -0.03171233 0.00137545
v 0.01561936 -0.03012710 0.00106396
v 0.01360593 -0.03108923 0.00122112
v -0.01026094 -0.03235349 0.00157980
v -0.00943458 -0.03243535 0.00160936
v -0.00864475 -0.03217158 0.00151697
v 0.02000000 -0.03473369 0.00280848
v 0.02000000 -0.03342224 0.00203198
v 0.01026094 -0.03235349 0.00157980
v 0.00993214 -0.03242877 0.00160695
v 0.02000000 -0.03200673 0.00146338
v 0.00920266 -0.03239535 0.00159482
v 0.00843267 -0.03202772 0.00147003
v -0.00802006 -0.03159584 0.00134335
v -0.00788049 -0.03136608 0.00128445
v -0.00766094 -0.03094426 0.00119124
v -0.00744138 -0.03052247 0.00111690
v 0.00788049 -0.03136608 0.00128445
v -0.00721762 -0.02969683 0.00102445
v -0.00730759 -0.02899792 0.00100000
v 0.00730759 -0.02899792 0.00100000
v 0.00722309 -0.02977560 0.00103028
v 0.00744138 -0.03052247 0.00111690
v 0.00766094 -0.03094424 0.00119124
v 0.02000000 -0.03591251 0.00377584
v 0.02000000 -0.03711366 0.00515750
v 0.03424829 0.00952024 0.09710202
v 0.03382545 0.00634683 0.09950007
v 0.03463294 0.00730514 0.09492057
v 0.03418284 0.00400000 0.09747323
v 0.03490493 0.00459220 0.09337805
v 0.03435707 0.00104421 0.09648512
v 0.03504572 0.00156631 0.09257959
v 0.03218234 0.01108655 0.10881861
v 0.03244815 0.00739104 0.10731114
v 0.03270778 0.01189734 0.10583869
v 0.03297977 0.00800000 0.10429618
v 0.03325175 0.01189734 0.10275366
v 0.03351139 0.00739104 0.10128122
v 0.03377720 0.01108655 0.09977374
v 0.03091382 0.00156631 0.11601277
v 0.03160247 0.00104421 0.11210724
v 0.03104433 0.00444669 0.11527257
v 0.03177670 0.00400000 0.11111913
v 0.03134334 0.00742913 0.11357681
v 0.03213409 0.00634683 0.10909228
v 0.03171124 0.00952024 0.11149033
v 0.03177670 -0.00400000 0.11111913
v 0.03160247 -0.00104421 0.11210724
v 0.03091382 -0.00156631 0.11601277
v 0.03171124 -0.00952024 0.11149033
v 0.03213409 -0.00634683 0.10909228
v 0.03134334 -0.00742913 0.11357681
v 0.03104433 -0.00444669 0.11527257
v 0.03297977 -0.00800000 0.10429618
v 0.03244815 -0.00739104 0.10731114
v 0.03218234 -0.01108655 0.10881861
v 0.03377720 -0.01108655 0.09977374
v 0.03351139 -0.00739104 0.10128122
v 0.03325175 -0.01189734 0.10275366
v 0.03270778 -0.01189734 0.10583869
v 0.03418284 -0.00400000 0.09747323
v 0.03382545 -0.00634683 0.09950007
v 0.03424829 -0.00952024 0.09710202
v 0.03504572 -0.00156631 0.09257959
v 0.03435707 -0.00104421 0.09648512
v 0.03490493 -0.00459220 0.09337805
v 0.03463294 -0.00730514 0.09492057
v 0.03701533 -0.00156631 0.09292688
v 0.03632668 -0.00104421 0.09683241
v 0.03621791 -0.00952024 0.09744932
v 0.03660256 -0.00730514 0.09526787
v 0.03687454 -0.00459220 0.09372535
v 0.03574681 -0.01108655 0.10012104
v 0.03548100 -0.00739104 0.10162852
v 0.03415196 -0.01108655 0.10916591
v 0.03467739 -0.01189734 0.10618600
v 0.03522137 -0.01189734 0.10310096
v 0.03366349 -0.00952024 0.11183456
v 0.03328947 -0.00811297 0.11332914
v 0.03292293 -0.00645409 0.11455885
v 0.03261811 -0.00457462 0.11549750
v 0.03241407 -0.00255598 0.11610208
v 0.03235757 -0.00156631 0.11626735
v 0.03298494 -0.00130473 0.11436038
v 0.03352165 -0.00104421 0.11244565
v 0.03235757 0.00156631 0.11626735
v 0.03285354 0.00136181 0.11477746
v 0.03298498 0.00130472 0.11436028
v 0.03352165 0.00104421 0.11244565
v 0.03250595 0.00361555 0.11583155
v 0.03276335 0.00555888 0.11505686
v 0.03310472 0.00732836 0.11396734
v 0.03347922 0.00884777 0.11261608
v 0.03366349 0.00952024 0.11183456
v 0.03415196 0.01108655 0.10916591
v 0.03441776 0.00739104 0.10765843
v 0.03574681 0.01108655 0.10012104
v 0.03522137 0.01189734 0.10310096
v 0.03467739 0.01189734 0.10618600
v 0.03621791 0.00952024 0.09744932
v 0.03579507 0.00634683 0.09984737
v 0.03701533 0.00156631 0.09292688
v 0.03687454 0.00459220 0.09372535
v 0.03660256 0.00730514 0.09526787
v 0.01120116 -0.04524611 0.06506895
v 0.01053454 -0.04525000 0.06468913
v 0.01220786 -0.04525000 0.06468913
v 0.01145057 -0.04523959 0.06532174
v 0.01302742 -0.04508531 0.06720176
v 0.01201107 -0.04508531 0.06720176
v 0.01283127 -0.04521499 0.06584962
v 0.01186072 -0.04519730 0.06611256
v 0.01257991 -0.04524220 0.06523708
v 0.01173893 -0.04521891 0.06578095
v 0.01241593 -0.04524804 0.06496412
v 0.01229161 -0.04524972 0.06479221
v 0.00920894 -0.04525000 0.06468913
v 0.00881797 -0.04524892 0.06488404
v 0.00759964 -0.04525000 0.06468913
v 0.00864792 -0.04524729 0.06501027
v 0.00741095 -0.04524827 0.06494704
v 0.00811812 -0.04522301 0.06570813
v 0.00724839 -0.04524262 0.06522223
v 0.00804910 -0.04521418 0.06586331
v 0.00688117 -0.04518810 0.06623167
v 0.00772459 -0.04508531 0.06720176
v 0.00675015 -0.04509891 0.06709622
v 0.00674150 -0.04508531 0.06720176
v 0.00389844 -0.04508531 0.06720176
v 0.00287651 -0.04508531 0.06720176
v 0.00392318 -0.04512511 0.06687844
v 0.00295964 -0.04517242 0.06641561
v 0.00397156 -0.04515914 0.06655725
v 0.00313300 -0.04522599 0.06565023
v 0.00430671 -0.04523409 0.06547134
v 0.00351475 -0.04524977 0.06478255
v 0.00493422 -0.04524996 0.06472684
v 0.00357372 -0.04525000 0.06468913
v 0.00498476 -0.04525000 0.06468913
v 0.00500283 -0.04525000 0.06467616
v 0.00447689 -0.04525000 0.06380635
v 0.00949939 -0.04525000 0.06363365
v 0.01094243 -0.04525000 0.06380375
v 0.01206060 -0.04525000 0.06452779
v 0.00818730 -0.04525000 0.06413842
v 0.00968837 -0.04525000 0.06458419
v 0.00293966 -0.04495707 0.06817589
v 0.00765282 -0.04470680 0.07007688
v 0.00676296 -0.04470680 0.07007688
v 0.00764761 -0.04487003 0.06883696
v 0.00672320 -0.04488518 0.06872196
v 0.00390793 -0.04502289 0.06767590
v 0.00397156 -0.04495971 0.06815583
v 0.00337259 -0.04477602 0.06955107
v 0.00431775 -0.04482637 0.06916865
v 0.00374200 -0.04469879 0.07013769
v 0.00488147 -0.04473871 0.06983448
v 0.00405307 -0.04465391 0.07047862
v 0.01030273 -0.04457093 0.07110886
v 0.01030273 -0.04470680 0.07007688
v 0.01121597 -0.04459492 0.07092771
v 0.01077096 -0.04471847 0.06998818
v 0.01194662 -0.04466117 0.07042344
v 0.01132977 -0.04477273 0.06957610
v 0.01222625 -0.04470485 0.07009258
v 0.01256215 -0.04478054 0.06951811
v 0.01186072 -0.04491181 0.06851967
v 0.01283127 -0.04487719 0.06878260
v 0.01187795 -0.04492075 0.06845190
v 0.01298664 -0.04498026 0.06799971
v 0.00427476 -0.04462954 0.07066370
v 0.00495508 -0.04473241 0.06988235
v 0.00500336 -0.04458433 0.07100708
v 0.00507710 -0.04472376 0.06994809
v 0.00527306 -0.04471413 0.07002118
v 0.00538784 -0.04457427 0.07108352
v 0.00573106 -0.04470680 0.07007688
v 0.00564818 -0.04457140 0.07110532
v 0.00581199 -0.04457093 0.07110886
v 0.00779033 -0.04589095 0.06677195
v 0.00811812 -0.04597402 0.06570813
v 0.00771315 -0.04582890 0.06729966
v 0.00764787 -0.04562069 0.06888115
v 0.00765282 -0.04546327 0.07007688
v 0.01186072 -0.04594928 0.06611256
v 0.01142699 -0.04599085 0.06529379
v 0.01078846 -0.04599962 0.06479590
v 0.01053454 -0.04600000 0.06468913
v 0.00968837 -0.04600000 0.06458419
v 0.00920894 -0.04600000 0.06468913
v 0.00881797 -0.04599896 0.06488404
v 0.00854569 -0.04599573 0.06510223
v 0.00724839 -0.04599289 0.06522223
v 0.00741096 -0.04599834 0.06494702
v 0.00759964 -0.04600000 0.06468913
v 0.01206060 -0.04600000 0.06452779
v 0.01094243 -0.04600000 0.06380375
v 0.00949939 -0.04600000 0.06363365
v 0.00818730 -0.04600000 0.06413842
v 0.01257990 -0.04599249 0.06523706
v 0.01283127 -0.04596630 0.06584962
v 0.01220786 -0.04600000 0.06468913
v 0.00676296 -0.04546327 0.07007688
v 0.00672467 -0.04563546 0.06876896
v 0.00673462 -0.04582890 0.06729966
v 0.00675012 -0.04585456 0.06709656
v 0.00695624 -0.04596067 0.06594225
v 0.00573106 -0.04546327 0.07007688
v 0.00507710 -0.04548023 0.06994809
v 0.00495508 -0.04548888 0.06988235
v 0.00488147 -0.04549518 0.06983448
v 0.00527306 -0.04547060 0.07002118
v 0.00528352 -0.04547022 0.07002407
v 0.00397156 -0.04571618 0.06815583
v 0.00400982 -0.04569096 0.06834741
v 0.00409322 -0.04565123 0.06864912
v 0.00427192 -0.04559419 0.06908242
v 0.00397156 -0.04591256 0.06655725
v 0.00389592 -0.04582890 0.06729966
v 0.00391208 -0.04577281 0.06772570
v 0.01030273 -0.04546327 0.07007688
v 0.01058786 -0.04546743 0.07004528
v 0.01088252 -0.04548166 0.06993721
v 0.01114906 -0.04550543 0.06975666
v 0.01135357 -0.04553290 0.06954800
v 0.01186072 -0.04566828 0.06851967
v 0.01201235 -0.04582890 0.06729966
v 0.01283127 -0.04563366 0.06878260
v 0.01298043 -0.04573035 0.06804820
v 0.01302856 -0.04582890 0.06729966
v 0.01302785 -0.04583856 0.06722514
v 0.01215241 -0.04544835 0.07019020
v 0.01128090 -0.04535509 0.07089859
v 0.01030273 -0.04532741 0.07110886
v 0.00581199 -0.04532741 0.07110886
v 0.00564824 -0.04532787 0.07110533
v 0.00538803 -0.04533074 0.07108355
v 0.00500383 -0.04534079 0.07100721
v 0.00427476 -0.04538601 0.07066370
v 0.00293966 -0.04571354 0.06817589
v 0.00333525 -0.04554248 0.06947523
v 0.00340249 -0.04552486 0.06960905
v 0.00398933 -0.04541845 0.07041735
v 0.00287393 -0.04582890 0.06729966
v 0.00295964 -0.04592534 0.06641561
v 0.00329438 -0.04599317 0.06521046
v 0.00351477 -0.04599978 0.06478252
v 0.00357372 -0.04600000 0.06468913
v 0.00447689 -0.04600000 0.06380635
v 0.00500283 -0.04600000 0.06467616
v 0.00498476 -0.04600000 0.06468913
v 0.00482425 -0.04599959 0.06481690
v 0.00425623 -0.04598058 0.06557016
v 0.00765282 -0.04349776 0.07926041
v 0.00676296 -0.04349776 0.07926041
v 0.00765769 -0.04352158 0.07907976
v 0.00770996 -0.04385956 0.07651218
v 0.01197796 -0.04378454 0.07708210
v 0.01201238 -0.04386125 0.07649948
v 0.01302859 -0.04386125 0.07649944
v 0.00447689 -0.04432329 0.07298988
v 0.00500283 -0.04420878 0.07385968
v 0.00482911 -0.04419081 0.07399622
v 0.00675273 -0.04389397 0.07625098
v 0.00724839 -0.04413690 0.07440568
v 0.00803523 -0.04404801 0.07508051
v 0.00811812 -0.04407297 0.07489127
v 0.00350639 -0.04419296 0.07397988
v 0.00427476 -0.04342052 0.07984714
v 0.00488147 -0.04352971 0.07901777
v 0.00495515 -0.04352342 0.07906555
v 0.01298325 -0.04395479 0.07578892
v 0.01186072 -0.04401971 0.07529584
v 0.01290244 -0.04401641 0.07532088
v 0.00500336 -0.04337531 0.08019056
v 0.00507724 -0.04351477 0.07913125
v 0.00527322 -0.04350513 0.07920442
v 0.00538784 -0.04336524 0.08026703
v 0.00573106 -0.04349776 0.07926041
v 0.00564818 -0.04336237 0.08028884
v 0.00581199 -0.04336190 0.08029238
v 0.01132975 -0.04356370 0.07875956
v 0.01194655 -0.04345215 0.07960688
v 0.01077098 -0.04350944 0.07917168
v 0.01121586 -0.04338589 0.08011122
v 0.01030273 -0.04349776 0.07926041
v 0.01030273 -0.04336190 0.08029238
v 0.01191588 -0.04373388 0.07746688
v 0.01283127 -0.04366816 0.07796612
v 0.01186072 -0.04370278 0.07770311
v 0.01256219 -0.04357154 0.07870140
v 0.01222618 -0.04349582 0.07927603
v 0.00675241 -0.04356828 0.07872481
v 0.00458349 -0.04415797 0.07424562
v 0.00429038 -0.04410003 0.07468574
v 0.00302221 -0.04402425 0.07526140
v 0.00397156 -0.04396114 0.07574069
v 0.00295964 -0.04397977 0.07559920
v 0.00405304 -0.04344489 0.07966205
v 0.00374194 -0.04348977 0.07932109
v 0.00431765 -0.04361740 0.07835171
v 0.00337252 -0.04356701 0.07873439
v 0.00397156 -0.04375076 0.07733873
v 0.00293966 -0.04374808 0.07735902
v 0.00389552 -0.04385595 0.07653973
v 0.00289044 -0.04379934 0.07696889
v 0.00391356 -0.04390668 0.07615437
v 0.00394475 -0.04394021 0.07589974
v 0.00863478 -0.04416334 0.07420460
v 0.00779196 -0.04423536 0.07365766
v 0.00881783 -0.04418140 0.07406740
v 0.00818717 -0.04427954 0.07332197
v 0.00933255 -0.04421229 0.07383278
v 0.00857556 -0.04430986 0.07309160
v 0.00968860 -0.04422092 0.07376741
v 0.00957763 -0.04434717 0.07280843
v 0.01017543 -0.04421881 0.07378348
v 0.01064071 -0.04433612 0.07289241
v 0.01066091 -0.04420076 0.07392048
v 0.01094241 -0.04432363 0.07298719
v 0.01099685 -0.04417723 0.07409906
v 0.01160082 -0.04427889 0.07332684
v 0.01145076 -0.04412377 0.07450514
v 0.01206098 -0.04422825 0.07371152
v 0.01161351 -0.04409402 0.07473122
v 0.01235582 -0.04418223 0.07406119
v 0.01283127 -0.04405434 0.07503276
v 0.00811812 -0.04482944 0.07489127
v 0.00801294 -0.04479701 0.07513759
v 0.00765282 -0.04425424 0.07926041
v 0.00769890 -0.04460148 0.07662284
v 0.01186072 -0.04477618 0.07529584
v 0.01162708 -0.04484760 0.07475331
v 0.01145084 -0.04488028 0.07450509
v 0.01103088 -0.04493075 0.07412175
v 0.01066093 -0.04495725 0.07392049
v 0.01022627 -0.04497418 0.07379191
v 0.00968862 -0.04497742 0.07376728
v 0.00938989 -0.04497081 0.07381748
v 0.00881783 -0.04493791 0.07406737
v 0.00865242 -0.04492181 0.07418966
v 0.01186072 -0.04445926 0.07770311
v 0.01201128 -0.04460389 0.07660449
v 0.00397156 -0.04450723 0.07733873
v 0.00397156 -0.04471761 0.07574069
v 0.00394475 -0.04469668 0.07589968
v 0.00391359 -0.04466320 0.07615408
v 0.00389552 -0.04461255 0.07653873
v 0.00500283 -0.04496525 0.07385968
v 0.00482915 -0.04494728 0.07399619
v 0.00458216 -0.04491423 0.07424721
v 0.00428957 -0.04485629 0.07468730
v 0.00447689 -0.04507976 0.07298988
v 0.00295964 -0.04473624 0.07559920
v 0.00302463 -0.04478219 0.07525021
v 0.00350528 -0.04494919 0.07398171
v 0.00293966 -0.04450456 0.07735902
v 0.00290226 -0.04454019 0.07708839
v 0.00333520 -0.04433347 0.07865858
v 0.00340249 -0.04431583 0.07879250
v 0.00398919 -0.04420944 0.07960066
v 0.00427476 -0.04417699 0.07984714
v 0.00581199 -0.04411837 0.08029238
v 0.00564823 -0.04411884 0.08028885
v 0.00538803 -0.04412171 0.08026705
v 0.00500384 -0.04413176 0.08019070
v 0.01030273 -0.04411837 0.08029238
v 0.01030273 -0.04425424 0.07926041
v 0.01058815 -0.04425840 0.07922873
v 0.01088243 -0.04427262 0.07912075
v 0.01114929 -0.04429642 0.07893994
v 0.01135350 -0.04432386 0.07873152
v 0.00400980 -0.04448200 0.07753035
v 0.00409317 -0.04444227 0.07783213
v 0.00427185 -0.04438521 0.07826553
v 0.00488147 -0.04428618 0.07901777
v 0.00507724 -0.04427125 0.07913125
v 0.00495515 -0.04427989 0.07906555
v 0.00527322 -0.04426160 0.07920442
v 0.00528352 -0.04426123 0.07920728
v 0.00573106 -0.04425424 0.07926041
v 0.00676296 -0.04425424 0.07926041
v 0.00675306 -0.04432212 0.07874479
v 0.00675247 -0.04465007 0.07625376
v 0.00724839 -0.04489337 0.07440568
v 0.00773829 -0.04498449 0.07371356
v 0.00818704 -0.04503606 0.07332189
v 0.00856179 -0.04506548 0.07309839
v 0.00955930 -0.04510342 0.07281018
v 0.01061794 -0.04509339 0.07288642
v 0.01094245 -0.04508013 0.07298709
v 0.01157402 -0.04503780 0.07330861
v 0.01206103 -0.04498477 0.07371146
v 0.01234105 -0.04494141 0.07404079
v 0.01283127 -0.04481081 0.07503276
v 0.01290244 -0.04477288 0.07532088
v 0.01298326 -0.04471126 0.07578899
v 0.01302859 -0.04461768 0.07649976
v 0.01283127 -0.04442463 0.07796612
v 0.01215233 -0.04423933 0.07937365
v 0.01128070 -0.04414605 0.08008214
v 0.00844184 -0.04269350 0.08536938
v 0.00844184 -0.04344997 0.08536938
v 0.00864202 -0.04328527 0.08662044
v 0.00864154 -0.04252908 0.08661832
v 0.00909249 -0.04314443 0.08769022
v 0.00909173 -0.04238809 0.08768926
v 0.00953993 -0.04309683 0.08805180
v 0.00953992 -0.04234035 0.08805180
v 0.01020197 -0.04307983 0.08818092
v 0.01020197 -0.04232335 0.08818092
v 0.00782004 -0.04378416 0.08283100
v 0.00732141 -0.04311030 0.08220350
v 0.00733564 -0.04386516 0.08221576
v 0.00648609 -0.04316606 0.08177991
v 0.00651106 -0.04392167 0.08178648
v 0.00565044 -0.04317824 0.08168742
v 0.00565044 -0.04393471 0.08168742
v 0.00796076 -0.04374541 0.08312534
v 0.00794912 -0.04299256 0.08309780
v 0.00782002 -0.04302769 0.08283097
v 0.00470437 -0.04315238 0.08188275
v 0.00396303 -0.04308629 0.08238585
v 0.00372822 -0.04380821 0.08264827
v 0.00362971 -0.04303423 0.08278003
v 0.00306102 -0.04362845 0.08401368
v 0.00333532 -0.04296808 0.08328223
v 0.00306102 -0.04287198 0.08401368
v 0.00463579 -0.04390494 0.08191356
v 0.00364993 -0.04304560 0.08844087
v 0.00418199 -0.04221630 0.08899480
v 0.00418279 -0.04297259 0.08899542
v 0.00488147 -0.04216623 0.08937437
v 0.00488147 -0.04292271 0.08937437
v 0.00285462 -0.04344174 0.08543193
v 0.00285677 -0.04269440 0.08536234
v 0.00285500 -0.04264104 0.08576714
v 0.00293219 -0.04328882 0.08659344
v 0.00293226 -0.04253237 0.08659341
v 0.00300885 -0.04323816 0.08697824
v 0.00303356 -0.04246856 0.08707797
v 0.00349199 -0.04307698 0.08820255
v 0.00348127 -0.04232296 0.08818457
v 0.00364991 -0.04228914 0.08844084
v 0.00544800 -0.04228074 0.08850457
v 0.00544800 -0.04303722 0.08850457
v 0.00405226 -0.04359382 0.08427677
v 0.00387515 -0.04343325 0.08549643
v 0.00405226 -0.04283735 0.08427677
v 0.00387509 -0.04267647 0.08549876
v 0.00454917 -0.04312443 0.08784209
v 0.00407354 -0.04248356 0.08696408
v 0.00407397 -0.04323986 0.08696535
v 0.00394119 -0.04330924 0.08643834
v 0.00464045 -0.04311074 0.08794612
v 0.00463904 -0.04235446 0.08794461
v 0.00454917 -0.04236796 0.08784209
v 0.00565044 -0.04380152 0.08269911
v 0.00546161 -0.04379982 0.08271202
v 0.00565044 -0.04304505 0.08269911
v 0.00517781 -0.04303376 0.08278485
v 0.00487407 -0.04376868 0.08294857
v 0.00454534 -0.04372752 0.08326123
v 0.00459629 -0.04297897 0.08320102
v 0.01040830 -0.04308168 0.08816683
v 0.01067217 -0.04233356 0.08810339
v 0.01103257 -0.04311483 0.08791504
v 0.01133098 -0.04315124 0.08763844
v 0.01128664 -0.04238820 0.08768837
v 0.01186072 -0.04328757 0.08660295
v 0.01186072 -0.04253110 0.08660295
v 0.01194040 -0.04257361 0.08628066
v 0.01204851 -0.04345679 0.08531757
v 0.01204886 -0.04271165 0.08523168
v 0.01199280 -0.04280269 0.08454001
v 0.01199282 -0.04355916 0.08454002
v 0.01190025 -0.04285666 0.08412957
v 0.01189937 -0.04361369 0.08412582
v 0.01146480 -0.04297305 0.08324578
v 0.01146709 -0.04372918 0.08324860
v 0.01086948 -0.04379885 0.08271939
v 0.01086948 -0.04304238 0.08271939
v 0.01139495 -0.04314893 0.08191008
v 0.01139495 -0.04390540 0.08191008
v 0.01177938 -0.04312009 0.08212866
v 0.01195181 -0.04385895 0.08226290
v 0.01207637 -0.04308730 0.08237762
v 0.01207628 -0.04384386 0.08237753
v 0.01244121 -0.04302771 0.08283080
v 0.01258153 -0.04375231 0.08307289
v 0.01278243 -0.04293457 0.08353715
v 0.01278247 -0.04369119 0.08353715
v 0.01289239 -0.04288715 0.08389808
v 0.01295072 -0.04361015 0.08415268
v 0.01305744 -0.04269248 0.08537741
v 0.01305710 -0.04344579 0.08540115
v 0.01285133 -0.04325294 0.08686595
v 0.01285133 -0.04249647 0.08686595
v 0.01256121 -0.04239930 0.08760559
v 0.01216985 -0.04307469 0.08821997
v 0.01228176 -0.04233789 0.08807185
v 0.01191559 -0.04228159 0.08849812
v 0.01123314 -0.04297643 0.08896632
v 0.01138547 -0.04223018 0.08888951
v 0.01116353 -0.04221605 0.08899701
v 0.01020197 -0.04294669 0.08919221
v 0.01020197 -0.04219022 0.08919221
v 0.00740995 -0.04343135 0.08551087
v 0.00740995 -0.04267487 0.08551087
v 0.00788029 -0.04313620 0.08775271
v 0.00790728 -0.04237132 0.08781657
v 0.00802422 -0.04309620 0.08805661
v 0.00802425 -0.04233971 0.08805668
v 0.00849465 -0.04301708 0.08865753
v 0.00852803 -0.04225683 0.08868622
v 0.00866759 -0.04299926 0.08879285
v 0.00929751 -0.04220444 0.08908416
v 0.00931395 -0.04296031 0.08908872
v 0.00721371 -0.04359392 0.08427597
v 0.00721036 -0.04283939 0.08426125
v 0.00720987 -0.04359614 0.08425911
v 0.00676008 -0.04298037 0.08319040
v 0.00676925 -0.04373530 0.08320215
v 0.00675932 -0.04373697 0.08318944
v 0.00631192 -0.04302808 0.08282799
v 0.00631191 -0.04378456 0.08282799
v 0.00637736 -0.04378016 0.08286135
v -0.01197763 -0.04293924 0.08350311
v -0.01144560 -0.04306205 0.08256987
v -0.01089480 -0.04299828 0.08305582
v -0.00404804 -0.04350358 0.07921623
v -0.00448329 -0.04362687 0.07827970
v -0.00382834 -0.04373414 0.07746499
v -0.00560603 -0.04297894 0.08320124
v -0.01029913 -0.04284580 0.08421253
v -0.01029913 -0.04297894 0.08320124
v -0.01039773 -0.04284605 0.08421069
v -0.01121178 -0.04286960 0.08403376
v -0.01224635 -0.04298149 0.08318198
v -0.01255298 -0.04304948 0.08266550
v -0.01189496 -0.04318861 0.08160993
v -0.01294912 -0.04321594 0.08140107
v -0.01197778 -0.04323729 0.08123890
v -0.00394766 -0.04375101 0.07733683
v -0.00484064 -0.04367498 0.07791436
v -0.00445280 -0.04380246 0.07694604
v -0.00502262 -0.04369001 0.07780012
v -0.00493583 -0.04382956 0.07674015
v -0.00560603 -0.04370866 0.07765847
v -0.00560603 -0.04384181 0.07664710
v -0.01029913 -0.04384181 0.07664710
v -0.01029913 -0.04370866 0.07765847
v -0.01122263 -0.04381791 0.07682794
v -0.01069037 -0.04370072 0.07771876
v -0.01196509 -0.04375111 0.07733595
v -0.01126594 -0.04365303 0.07808103
v -0.01258343 -0.04363221 0.07823855
v -0.01181561 -0.04353020 0.07901402
v -0.01276688 -0.04357282 0.07869029
v -0.01188278 -0.04350189 0.07922909
v -0.01301734 -0.04339605 0.08003297
v -0.01196532 -0.04345577 0.07957938
v -0.01203369 -0.04338525 0.08011500
v -0.01302133 -0.04330939 0.08069128
v -0.01298585 -0.04325175 0.08112903
v -0.00307748 -0.04353819 0.07895330
v -0.00300616 -0.04350303 0.07921923
v -0.00388649 -0.04334354 0.08043182
v -0.00287773 -0.04332050 0.08060709
v -0.00404804 -0.04318406 0.08164325
v -0.00307748 -0.04314941 0.08190641
v -0.00457551 -0.04304436 0.08270433
v -0.00374728 -0.04296627 0.08329751
v -0.00513462 -0.04299038 0.08311435
v -0.00462283 -0.04287354 0.08400182
v -0.00560603 -0.04284580 0.08421253
v -0.01181561 -0.04428667 0.07901402
v -0.01188279 -0.04425836 0.07922911
v -0.01196532 -0.04421224 0.07957939
v -0.01203368 -0.04414174 0.08011490
v -0.01197778 -0.04399376 0.08123890
v -0.01029913 -0.04446513 0.07765847
v -0.01053385 -0.04446236 0.07767957
v -0.01088728 -0.04444646 0.07780027
v -0.01110937 -0.04442777 0.07794229
v -0.01128856 -0.04440646 0.07810418
v -0.00560603 -0.04446513 0.07765847
v -0.00404804 -0.04426005 0.07921623
v -0.00447592 -0.04438202 0.07828978
v -0.00502104 -0.04444638 0.07780094
v -0.00307748 -0.04390588 0.08190641
v -0.00374547 -0.04372304 0.08329523
v -0.00462733 -0.04362974 0.08400391
v -0.00560603 -0.04360227 0.08421253
v -0.00307748 -0.04429467 0.07895330
v -0.00299931 -0.04425576 0.07924882
v -0.00287669 -0.04408236 0.08056594
v -0.00560603 -0.04459828 0.07664710
v -0.00446494 -0.04455984 0.07693912
v -0.00383041 -0.04449092 0.07746262
v -0.00382867 -0.04449066 0.07746461
v -0.01029913 -0.04459828 0.07664710
v -0.00404804 -0.04394053 0.08164325
v -0.00388649 -0.04410018 0.08043058
v -0.00560603 -0.04373541 0.08320124
v -0.00526232 -0.04374130 0.08315653
v -0.00501156 -0.04375423 0.08305834
v -0.00469974 -0.04378369 0.08283456
v -0.00456997 -0.04380169 0.08269785
v -0.01029913 -0.04373541 0.08320124
v -0.01197182 -0.04398934 0.08127250
v -0.01146540 -0.04382209 0.08254290
v -0.01141145 -0.04381266 0.08261441
v -0.01089289 -0.04375443 0.08305681
v -0.01029913 -0.04360227 0.08421253
v -0.01224611 -0.04373790 0.08318231
v -0.01294912 -0.04397241 0.08140107
v -0.01059242 -0.04360449 0.08419575
v -0.01160912 -0.04365454 0.08381554
v -0.01224133 -0.04373704 0.08318891
v -0.01298584 -0.04400822 0.08112907
v -0.01302132 -0.04406584 0.08069143
v -0.01301736 -0.04415248 0.08003329
v -0.01276688 -0.04432929 0.07869029
v -0.01215523 -0.04447967 0.07754805
v -0.01129110 -0.04457047 0.07685833
v -0.01292844 -0.04211343 0.08977544
v -0.00299663 -0.04211343 0.08977544
v -0.01292844 -0.04286990 0.08977544
v -0.00299663 -0.04286990 0.08977544
v -0.00299663 -0.04224393 0.08878420
v -0.00299663 -0.04300040 0.08878420
v -0.00408862 -0.04224393 0.08878420
v -0.00408862 -0.04300040 0.08878420
v -0.00299663 -0.04279791 0.08457630
v -0.00299663 -0.04355438 0.08457630
v -0.00286188 -0.04269547 0.08535400
v -0.00283815 -0.04337780 0.08591761
v -0.00284267 -0.04259963 0.08608235
v -0.00284346 -0.04335319 0.08610453
v -0.00349408 -0.04307889 0.08818804
v -0.00349195 -0.04232286 0.08818488
v -0.00328621 -0.04312333 0.08785045
v -0.00328625 -0.04236687 0.08785042
v -0.00302391 -0.04320875 0.08720167
v -0.00301941 -0.04245441 0.08718582
v -0.00284367 -0.04259671 0.08610455
v -0.01292844 -0.04224928 0.08874354
v -0.01292844 -0.04300576 0.08874354
v -0.00580817 -0.04224928 0.08874354
v -0.00580817 -0.04300576 0.08874354
v -0.00506528 -0.04227723 0.08853217
v -0.00546730 -0.04225484 0.08870205
v -0.00579905 -0.04300576 0.08874351
v -0.00520129 -0.04302386 0.08860604
v -0.00506529 -0.04303358 0.08853221
v -0.00480376 -0.04230310 0.08833493
v -0.00454715 -0.04309645 0.08805466
v -0.00441317 -0.04236529 0.08786377
v -0.00441317 -0.04312156 0.08786391
v -0.00421769 -0.04241196 0.08750878
v -0.00402517 -0.04323322 0.08701581
v -0.00385559 -0.04257635 0.08625867
v -0.00384912 -0.04333932 0.08620988
v -0.00381872 -0.04262962 0.08585455
v -0.00381498 -0.04340206 0.08573333
v -0.00394728 -0.04277656 0.08473847
v -0.00394728 -0.04353303 0.08473847
v -0.00052841 -0.04525000 0.04919823
v 0.00127199 -0.04525000 0.04919823
v -0.00052841 -0.04525000 0.05035102
v 0.00127199 -0.04525000 0.05035102
v -0.00052841 -0.04600000 0.04919823
v -0.00052841 -0.04600000 0.04922863
v -0.00052841 -0.04600000 0.05032085
v -0.00052841 -0.04600000 0.05035102
v 0.00127199 -0.04600000 0.05035102
v 0.00127199 -0.04600000 0.04919823
v 0.00127199 -0.04600000 0.05032085
v 0.00127199 -0.04600000 0.04922863
v -0.00299663 -0.04525000 0.05029069
v -0.00299663 -0.04525000 0.04925903
v -0.00299663 -0.04600000 0.05029069
v -0.00299663 -0.04600000 0.04925903
v -0.01292844 -0.04525000 0.04925903
v -0.01292844 -0.04600000 0.04925903
v -0.01292844 -0.04525000 0.05029069
v -0.01292844 -0.04600000 0.05029069
v -0.01031903 -0.04525000 0.03967069
v -0.01031903 -0.04525000 0.04068214
v -0.01052511 -0.04525000 0.04069763
v -0.01140738 -0.04525000 0.03993377
v -0.01109903 -0.04525000 0.04093761
v -0.01226082 -0.04525000 0.04069491
v -0.01138766 -0.04525000 0.04121067
v -0.01284774 -0.04525000 0.04197658
v -0.01189708 -0.04525000 0.04223935
v -0.01189708 -0.04525000 0.04225988
v -0.00566667 -0.04525000 0.04622436
v -0.01027845 -0.04525000 0.04723628
v -0.01027845 -0.04525000 0.04622436
v -0.01044449 -0.04525000 0.04723121
v -0.01091860 -0.04525000 0.04607184
v -0.01150654 -0.04525000 0.04690946
v -0.01146848 -0.04525000 0.04558215
v -0.01210265 -0.04525000 0.04641157
v -0.01189708 -0.04525000 0.04466715
v -0.01286764 -0.04525000 0.04492992
v -0.01204880 -0.04525000 0.04346351
v -0.01304991 -0.04525000 0.04345343
v -0.01286764 -0.04525000 0.04197658
v -0.00564661 -0.04525000 0.04068214
v -0.00564661 -0.04525000 0.03967069
v -0.00504560 -0.04525000 0.04082673
v -0.00496942 -0.04525000 0.03976359
v -0.00450514 -0.04525000 0.04130693
v -0.00400034 -0.04525000 0.04033822
v -0.00406872 -0.04525000 0.04225988
v -0.00309738 -0.04525000 0.04197658
v -0.00390655 -0.04525000 0.04345372
v -0.00289525 -0.04525000 0.04345372
v -0.00406872 -0.04525000 0.04466715
v -0.00309738 -0.04525000 0.04492992
v -0.00460210 -0.04525000 0.04572627
v -0.00369349 -0.04525000 0.04620327
v -0.00516971 -0.04525000 0.04613401
v -0.00455883 -0.04525000 0.04697365
v -0.00564661 -0.04525000 0.04723628
v -0.01031903 -0.04600000 0.03967069
v -0.01140738 -0.04600000 0.03993377
v -0.01226082 -0.04600000 0.04069491
v -0.01284774 -0.04600000 0.04197658
v -0.01286764 -0.04600000 0.04197658
v -0.01304991 -0.04600000 0.04345343
v -0.01286764 -0.04600000 0.04492992
v -0.01210265 -0.04600000 0.04641157
v -0.01150654 -0.04600000 0.04690946
v -0.01044449 -0.04600000 0.04723121
v -0.01027845 -0.04600000 0.04723628
v -0.00564661 -0.04600000 0.04723628
v -0.00455883 -0.04600000 0.04697365
v -0.00369349 -0.04600000 0.04620327
v -0.00309738 -0.04600000 0.04492992
v -0.00289525 -0.04600000 0.04345372
v -0.00309738 -0.04600000 0.04197658
v -0.00400034 -0.04600000 0.04033822
v -0.00496942 -0.04600000 0.03976359
v -0.00564661 -0.04600000 0.03967069
v -0.00564661 -0.04600000 0.04068214
v -0.01031903 -0.04600000 0.04068214
v -0.01189708 -0.04600000 0.04223935
v -0.01138766 -0.04600000 0.04121067
v -0.01109903 -0.04600000 0.04093761
v -0.01052511 -0.04600000 0.04069763
v -0.01189708 -0.04600000 0.04225988
v -0.01189708 -0.04600000 0.04466715
v -0.01204880 -0.04600000 0.04346351
v -0.01027845 -0.04600000 0.04622436
v -0.01091860 -0.04600000 0.04607184
v -0.01146848 -0.04600000 0.04558215
v -0.00566667 -0.04600000 0.04622436
v -0.00406872 -0.04600000 0.04466715
v -0.00460210 -0.04600000 0.04572627
v -0.00516971 -0.04600000 0.04613401
v -0.00406872 -0.04600000 0.04225988
v -0.00390655 -0.04600000 0.04345372
v -0.00504560 -0.04600000 0.04082673
v -0.00450514 -0.04600000 0.04130693
v 0.00127199 -0.04600000 0.05421428
v 0.00127199 -0.04525000 0.05421428
v -0.00167232 -0.04600000 0.05421428
v -0.00299663 -0.04525000 0.05421428
v -0.00285574 -0.04600000 0.05421428
v -0.00299663 -0.04600000 0.05421428
v -0.00299663 -0.04525000 0.05180747
v -0.00299663 -0.04600000 0.05180747
v -0.00390655 -0.04525000 0.05180747
v -0.00390655 -0.04600000 0.05180747
v -0.00390911 -0.04525000 0.05301088
v -0.00390911 -0.04600000 0.05301088
v -0.00392707 -0.04525000 0.05421428
v -0.00392707 -0.04600000 0.05421428
v -0.01013696 -0.04525000 0.05421428
v -0.01013696 -0.04600000 0.05421428
v -0.01108485 -0.04525000 0.05402851
v -0.01108485 -0.04600000 0.05402851
v -0.01131114 -0.04525000 0.05389153
v -0.01131114 -0.04600000 0.05389153
v -0.01170986 -0.04525000 0.05342034
v -0.01170986 -0.04600000 0.05342034
v -0.01202392 -0.04525000 0.05197796
v -0.01202392 -0.04600000 0.05197796
v -0.01203858 -0.04525000 0.05162524
v -0.01203858 -0.04600000 0.05162524
v -0.01296902 -0.04525000 0.05162524
v -0.01296902 -0.04600000 0.05162524
v 0.00127199 -0.04525000 0.05522573
v 0.00127199 -0.04600000 0.05522573
v -0.00285574 -0.04600000 0.05522573
v -0.00299663 -0.04600000 0.05522573
v -0.00299663 -0.04525000 0.05522573
v -0.00167232 -0.04600000 0.05522573
v -0.00299663 -0.04525000 0.05696579
v -0.00299663 -0.04600000 0.05696579
v -0.00390655 -0.04525000 0.05696579
v -0.00390655 -0.04600000 0.05696579
v -0.00390655 -0.04525000 0.05522573
v -0.00390655 -0.04600000 0.05522573
v -0.01015748 -0.04525000 0.05522573
v -0.01015748 -0.04600000 0.05522573
v -0.01268500 -0.04525000 0.05365107
v -0.01268500 -0.04600000 0.05365107
v -0.01194838 -0.04525000 0.05466846
v -0.01194838 -0.04600000 0.05466846
v -0.01087223 -0.04525000 0.05515815
v -0.01087223 -0.04600000 0.05515815
v -0.01071588 -0.04422974 0.07370058
v -0.00997540 -0.04421195 0.07383564
v -0.01181561 -0.04420133 0.07391626
v -0.01106440 -0.04425420 0.07351484
v -0.01188449 -0.04440032 0.07240525
v -0.01177746 -0.04436761 0.07265389
v -0.01139037 -0.04429156 0.07323124
v -0.01144701 -0.04487303 0.06881426
v -0.01197778 -0.04473394 0.06987070
v -0.01294912 -0.04476859 0.06960753
v -0.01211165 -0.04454377 0.07131504
v -0.01246468 -0.04429201 0.07322765
v -0.01285076 -0.04439836 0.07242016
v -0.01294942 -0.04444192 0.07208894
v -0.01310458 -0.04461511 0.07077330
v -0.01211948 -0.04457646 0.07106419
v -0.01208973 -0.04465336 0.07048279
v -0.01292844 -0.04420133 0.07391626
v -0.01292844 -0.04407610 0.07486746
v -0.00580060 -0.04407610 0.07486746
v -0.00576758 -0.04421195 0.07383564
v -0.00563126 -0.04421290 0.07382843
v -0.00520016 -0.04422997 0.07369876
v -0.00416948 -0.04421195 0.07383564
v 0.00131203 -0.04407610 0.07486746
v 0.00131203 -0.04421195 0.07383564
v -0.00594982 -0.04507485 0.06728127
v -0.00590954 -0.04493896 0.06831340
v -0.01042010 -0.04493896 0.06831340
v -0.01227507 -0.04495446 0.06819569
v -0.01150649 -0.04504028 0.06754383
v -0.01088837 -0.04492728 0.06840216
v -0.01140331 -0.04504706 0.06749236
v -0.01042010 -0.04507485 0.06728127
v -0.00565864 -0.04507272 0.06729700
v -0.00533625 -0.04506510 0.06735394
v -0.00517874 -0.04491534 0.06849283
v -0.00457375 -0.04502067 0.06769141
v -0.00484757 -0.04488349 0.06873483
v -0.00467281 -0.04485829 0.06892623
v -0.00382000 -0.04492131 0.06844730
v -0.00375041 -0.04490755 0.06855179
v -0.00431875 -0.04477571 0.06955348
v -0.00330045 -0.04477833 0.06953323
v -0.00416025 -0.04470732 0.07007287
v -0.00308521 -0.04462169 0.07072261
v -0.00407214 -0.04452662 0.07144547
v -0.00307853 -0.04460253 0.07086857
v -0.00416858 -0.04444361 0.07207596
v -0.00507921 -0.04423929 0.07362793
v -0.00467814 -0.04428975 0.07324465
v -0.00354505 -0.04431510 0.07305209
v -0.00453202 -0.04431846 0.07302655
v -0.00340956 -0.04435212 0.07277112
v -0.00319224 -0.04444116 0.07209460
v -0.00576758 -0.04496842 0.07383564
v -0.00997540 -0.04496842 0.07383564
v -0.01197778 -0.04549041 0.06987070
v -0.01211936 -0.04533302 0.07106417
v -0.01081469 -0.04499180 0.07365805
v -0.01106439 -0.04501065 0.07351484
v -0.01146748 -0.04505965 0.07314262
v -0.01177750 -0.04512401 0.07265385
v -0.01192936 -0.04517334 0.07227913
v -0.01211906 -0.04532860 0.07109976
v -0.01023164 -0.04497031 0.07382123
v -0.01042010 -0.04569544 0.06831340
v -0.01070465 -0.04569129 0.06834489
v -0.01099966 -0.04567705 0.06845303
v -0.01126569 -0.04565335 0.06863313
v -0.01147099 -0.04562576 0.06884259
v -0.01181561 -0.04495781 0.07391626
v -0.01292844 -0.04495781 0.07391626
v -0.01292844 -0.04483258 0.07486746
v 0.00131203 -0.04496842 0.07383564
v -0.00416948 -0.04496842 0.07383564
v -0.00580060 -0.04483258 0.07486746
v 0.00131203 -0.04483258 0.07486746
v -0.00590954 -0.04569544 0.06831340
v -0.00517228 -0.04498835 0.07368423
v -0.00573543 -0.04496847 0.07383525
v -0.00458555 -0.04506352 0.07311326
v -0.00465658 -0.04561210 0.06894641
v -0.00422623 -0.04549713 0.06981968
v -0.00416029 -0.04546385 0.07007249
v -0.00405569 -0.04533620 0.07104206
v -0.00416872 -0.04519999 0.07207667
v -0.00419697 -0.04518467 0.07219307
v -0.00522975 -0.04567530 0.06846632
v -0.01237270 -0.04503091 0.07336099
v -0.01289712 -0.04517360 0.07227715
v -0.01310451 -0.04535417 0.07090561
v -0.01294912 -0.04552506 0.06960753
v -0.01057325 -0.04583072 0.06728579
v -0.01042010 -0.04583131 0.06728127
v -0.01072581 -0.04582890 0.06729966
v -0.01150641 -0.04579676 0.06754379
v -0.01163404 -0.04578710 0.06761716
v -0.01246138 -0.04567646 0.06845754
v -0.00594982 -0.04583131 0.06728127
v -0.00579236 -0.04583072 0.06728580
v -0.00563548 -0.04582890 0.06729966
v -0.00557280 -0.04582781 0.06730790
v -0.00375017 -0.04566403 0.06855190
v -0.00392574 -0.04569678 0.06830314
v -0.00468642 -0.04578668 0.06762031
v -0.00335654 -0.04555702 0.06936474
v -0.00308618 -0.04538064 0.07070453
v -0.00308507 -0.04537826 0.07072258
v -0.00317975 -0.04520508 0.07203802
v -0.00355349 -0.04506953 0.07306758
v -0.00340938 -0.04510856 0.07277114
v -0.01046068 -0.04600000 0.03738517
v -0.01046068 -0.04525000 0.03738517
v -0.01135957 -0.04525000 0.03672264
v -0.01135957 -0.04600000 0.03672264
v -0.01192942 -0.04525000 0.03550772
v -0.01192942 -0.04600000 0.03550772
v -0.01196730 -0.04525000 0.03532054
v -0.01196730 -0.04600000 0.03532054
v -0.01185650 -0.04525000 0.03315807
v -0.01185650 -0.04600000 0.03315807
v -0.01136349 -0.04525000 0.03214219
v -0.01136349 -0.04600000 0.03214219
v -0.01095140 -0.04525000 0.03177432
v -0.01095140 -0.04600000 0.03177432
v -0.01036325 -0.04525000 0.03158379
v -0.01036325 -0.04600000 0.03158379
v -0.01025824 -0.04525000 0.03157986
v -0.01025824 -0.04600000 0.03157986
v -0.00953162 -0.04525000 0.03174192
v -0.00953162 -0.04600000 0.03174192
v -0.00913919 -0.04525000 0.03208327
v -0.00913919 -0.04600000 0.03208327
v -0.00869484 -0.04525000 0.03315755
v -0.00869484 -0.04600000 0.03315755
v -0.00849873 -0.04525000 0.03439171
v -0.00849873 -0.04600000 0.03439171
v -0.00788432 -0.04525000 0.03693787
v -0.00788432 -0.04600000 0.03693787
v -0.00724095 -0.04525000 0.03767389
v -0.00724095 -0.04600000 0.03767389
v -0.00655864 -0.04525000 0.03797927
v -0.00655864 -0.04600000 0.03797927
v -0.00570679 -0.04525000 0.03807320
v -0.00570679 -0.04600000 0.03807320
v -0.00452312 -0.04525000 0.03777017
v -0.00452312 -0.04600000 0.03777017
v -0.00362669 -0.04525000 0.03695222
v -0.00362669 -0.04600000 0.03695222
v -0.00305742 -0.04525000 0.03574726
v -0.00305742 -0.04600000 0.03574726
v -0.00293722 -0.04525000 0.03314348
v -0.00293722 -0.04600000 0.03314348
v -0.00312600 -0.04525000 0.03241866
v -0.00312600 -0.04600000 0.03241866
v -0.00383188 -0.04525000 0.03125879
v -0.00383188 -0.04600000 0.03125879
v -0.00451373 -0.04525000 0.03079092
v -0.00451373 -0.04600000 0.03079092
v -0.00503928 -0.04525000 0.03160008
v -0.00503928 -0.04600000 0.03160008
v -0.01102728 -0.04525000 0.03825513
v -0.01102728 -0.04600000 0.03825513
v -0.01284774 -0.04600000 0.03289483
v -0.01284774 -0.04525000 0.03289483
v -0.01297651 -0.04525000 0.03547402
v -0.01297651 -0.04600000 0.03547402
v -0.01225836 -0.04525000 0.03732220
v -0.01225836 -0.04600000 0.03732220
v -0.01133959 -0.04525000 0.03812204
v -0.01133959 -0.04600000 0.03812204
v -0.01025824 -0.04600000 0.03056872
v -0.01025824 -0.04525000 0.03056872
v -0.01140715 -0.04525000 0.03086296
v -0.01140715 -0.04600000 0.03086296
v -0.01227853 -0.04525000 0.03166029
v -0.01227853 -0.04600000 0.03166029
v -0.00746691 -0.04600000 0.03425006
v -0.00746691 -0.04525000 0.03425006
v -0.00808894 -0.04525000 0.03171127
v -0.00808894 -0.04600000 0.03171127
v -0.00874104 -0.04525000 0.03096594
v -0.00874104 -0.04600000 0.03096594
v -0.00938156 -0.04525000 0.03067187
v -0.00938156 -0.04600000 0.03067187
v -0.00570679 -0.04600000 0.03706175
v -0.00570679 -0.04525000 0.03706175
v -0.00643409 -0.04525000 0.03689954
v -0.00643409 -0.04600000 0.03689954
v -0.00682570 -0.04525000 0.03655917
v -0.00682570 -0.04600000 0.03655917
v -0.00727031 -0.04525000 0.03548556
v -0.00727031 -0.04600000 0.03548556
v -0.00404804 -0.04600000 0.03548402
v -0.00404804 -0.04525000 0.03548402
v -0.00457841 -0.04525000 0.03651996
v -0.00457841 -0.04600000 0.03651996
v -0.00492069 -0.04525000 0.03682661
v -0.00492069 -0.04600000 0.03682661
v -0.00554232 -0.04525000 0.03705287
v -0.00554232 -0.04600000 0.03705287
v -0.00440087 -0.04525000 0.03218417
v -0.00440087 -0.04600000 0.03218417
v -0.00391603 -0.04525000 0.03342051
v -0.00391603 -0.04600000 0.03342051
v -0.00379830 -0.04525000 0.06468913
v -0.00404117 -0.04524834 0.06494172
v -0.01120341 -0.04524527 0.06511562
v -0.00414583 -0.04524695 0.06503171
v -0.00461777 -0.04523937 0.06532883
v -0.00560603 -0.04523110 0.06554190
v -0.01066371 -0.04523238 0.06551572
v -0.01145457 -0.04524196 0.06524251
v -0.01210769 -0.04525000 0.06468913
v -0.01029913 -0.04523110 0.06554190
v -0.00501142 -0.04525000 0.06438768
v -0.00366423 -0.04525000 0.06451771
v -0.00448188 -0.04525000 0.06391583
v -0.00307748 -0.04525000 0.06323633
v -0.00404804 -0.04525000 0.06297324
v -0.00287519 -0.04525000 0.06175903
v -0.00388649 -0.04525000 0.06175903
v -0.00307748 -0.04525000 0.06028267
v -0.00404804 -0.04525000 0.06054560
v -0.00382896 -0.04525000 0.05879387
v -0.00455540 -0.04525000 0.05951699
v -0.00445218 -0.04525000 0.05827589
v -0.00484165 -0.04525000 0.05924334
v -0.00560603 -0.04525000 0.05797647
v -0.01029913 -0.04525000 0.06453053
v -0.00560603 -0.04525000 0.06453053
v -0.00540006 -0.04525000 0.05900461
v -0.00560603 -0.04525000 0.05898838
v -0.01029913 -0.04525000 0.05797647
v -0.01029913 -0.04525000 0.05898838
v -0.01139813 -0.04525000 0.05824110
v -0.01088711 -0.04525000 0.05913008
v -0.01223182 -0.04525000 0.05897645
v -0.01143365 -0.04525000 0.05960440
v -0.01276688 -0.04525000 0.06001958
v -0.01181561 -0.04525000 0.06034331
v -0.01301718 -0.04525000 0.06135970
v -0.01203343 -0.04525000 0.06144078
v -0.01294912 -0.04525000 0.06273036
v -0.01197778 -0.04525000 0.06256881
v -0.01224632 -0.04525000 0.06451160
v -0.01141134 -0.04525000 0.06394395
v -0.01083671 -0.04525000 0.06441361
v -0.01197778 -0.04600000 0.06256881
v -0.01203343 -0.04600000 0.06144078
v -0.01181561 -0.04600000 0.06034331
v -0.01143365 -0.04600000 0.05960440
v -0.01088711 -0.04600000 0.05913008
v -0.01029913 -0.04600000 0.05898838
v -0.00560603 -0.04600000 0.05898838
v -0.00540006 -0.04600000 0.05900461
v -0.00484165 -0.04600000 0.05924334
v -0.00455540 -0.04600000 0.05951699
v -0.00404804 -0.04600000 0.06054560
v -0.00307748 -0.04600000 0.06323633
v -0.00366423 -0.04600000 0.06451771
v -0.00445171 -0.04599227 0.06524235
v -0.00379830 -0.04600000 0.06468913
v -0.00524332 -0.04598304 0.06551583
v -0.00560603 -0.04598181 0.06554190
v -0.00287519 -0.04600000 0.06175903
v -0.00307748 -0.04600000 0.06028267
v -0.00382896 -0.04600000 0.05879387
v -0.00445218 -0.04600000 0.05827589
v -0.00560603 -0.04600000 0.05797647
v -0.01029913 -0.04600000 0.05797647
v -0.00388649 -0.04600000 0.06175903
v -0.00404804 -0.04600000 0.06297324
v -0.00448188 -0.04600000 0.06391583
v -0.00501142 -0.04600000 0.06438768
v -0.00560603 -0.04600000 0.06453053
v -0.01029913 -0.04600000 0.06453053
v -0.01083671 -0.04600000 0.06441361
v -0.01141134 -0.04600000 0.06394395
v -0.01029913 -0.04598181 0.06554190
v -0.01054347 -0.04598231 0.06553034
v -0.01129147 -0.04598981 0.06532764
v -0.01175140 -0.04599694 0.06503896
v -0.01188951 -0.04599868 0.06491904
v -0.01210769 -0.04600000 0.06468913
v -0.01224632 -0.04600000 0.06451160
v -0.01294912 -0.04600000 0.06273036
v -0.01276688 -0.04600000 0.06001958
v -0.01301718 -0.04600000 0.06135970
v -0.01139813 -0.04600000 0.05824110
v -0.01223182 -0.04600000 0.05897645
v 0.00409307 -0.04600000 0.05531111
v 0.00409307 -0.04525000 0.05531111
v 0.00331306 -0.04525000 0.05622402
v 0.00331306 -0.04600000 0.05622402
v 0.00281050 -0.04525000 0.05814537
v 0.00281050 -0.04600000 0.05814537
v 0.00295964 -0.04525000 0.05963990
v 0.00295964 -0.04600000 0.05963990
v 0.00371197 -0.04525000 0.06112942
v 0.00371197 -0.04600000 0.06112942
v 0.00433288 -0.04525000 0.06164566
v 0.00433288 -0.04600000 0.06164566
v 0.00548866 -0.04525000 0.06194594
v 0.00548866 -0.04600000 0.06194594
v 0.00995894 -0.04525000 0.06194594
v 0.00995894 -0.04600000 0.06194594
v 0.01111771 -0.04525000 0.06166560
v 0.01111771 -0.04600000 0.06166560
v 0.01205453 -0.04525000 0.06082836
v 0.01205453 -0.04600000 0.06082836
v 0.01276829 -0.04525000 0.05900911
v 0.01276829 -0.04600000 0.05900911
v 0.01259305 -0.04525000 0.05669969
v 0.01259305 -0.04600000 0.05669969
v 0.01187277 -0.04525000 0.05551385
v 0.01187277 -0.04600000 0.05551385
v 0.01173920 -0.04525000 0.05539196
v 0.01173920 -0.04600000 0.05539196
v 0.01014117 -0.04600000 0.05539196
v 0.01014117 -0.04525000 0.05539196
v 0.01065351 -0.04525000 0.05550211
v 0.01065351 -0.04600000 0.05550211
v 0.01126498 -0.04525000 0.05602949
v 0.01126498 -0.04600000 0.05602949
v 0.01178042 -0.04525000 0.05735044
v 0.01178042 -0.04600000 0.05735044
v 0.01168348 -0.04525000 0.05940329
v 0.01168348 -0.04600000 0.05940329
v 0.01112710 -0.04525000 0.06042649
v 0.01112710 -0.04600000 0.06042649
v 0.01071576 -0.04525000 0.06074211
v 0.01071576 -0.04600000 0.06074211
v 0.00999913 -0.04525000 0.06091397
v 0.00999913 -0.04600000 0.06091397
v 0.00593327 -0.04525000 0.05539196
v 0.00593327 -0.04600000 0.05539196
v 0.00393090 -0.04600000 0.05935675
v 0.00393090 -0.04525000 0.05935675
v 0.00379867 -0.04525000 0.05849559
v 0.00379867 -0.04600000 0.05849559
v 0.00399206 -0.04525000 0.05691108
v 0.00399206 -0.04600000 0.05691108
v 0.00441341 -0.04525000 0.05611948
v 0.00441341 -0.04600000 0.05611948
v 0.00508630 -0.04525000 0.05557345
v 0.00508630 -0.04600000 0.05557345
v 0.00298032 -0.04525000 0.05531111
v 0.00298032 -0.04600000 0.05531111
v 0.00298032 -0.04525000 0.05438051
v 0.00298032 -0.04600000 0.05438051
v 0.01722078 -0.04600000 0.05438051
v 0.01722078 -0.04525000 0.05438051
v 0.01010807 -0.04525000 0.05438051
v 0.01010807 -0.04600000 0.05438051
v 0.01722078 -0.04525000 0.05539196
v 0.01722078 -0.04600000 0.05539196
v 0.00548866 -0.04600000 0.06093480
v 0.00548866 -0.04525000 0.06093480
v 0.00529774 -0.04525000 0.06092086
v 0.00529774 -0.04600000 0.06092086
v 0.00474174 -0.04525000 0.06069130
v 0.00474174 -0.04600000 0.06069130
v 0.00443339 -0.04525000 0.06039666
v 0.00443339 -0.04600000 0.06039666
v 0.00548866 -0.04525000 0.06091397
v 0.00548866 -0.04600000 0.06091397
v -0.01313158 -0.04600000 0.06468913
v -0.01328674 -0.04582890 0.06729966
v 0.00202428 -0.04600000 0.06468913
v -0.00167232 -0.04600000 0.06468913
v -0.00285574 -0.04600000 0.06468913
v 0.01754813 -0.04600000 0.06468913
v 0.01769441 -0.04582890 0.06729966
v -0.01522015 -0.04438417 0.07827348
v -0.01484925 -0.04475040 0.07549164
v 0.02039694 -0.04398772 0.08128481
v 0.02215660 -0.04247549 0.09277131
v -0.01441972 -0.04511043 0.07275695
v 0.01894239 -0.04007564 0.11100000
v 0.02001955 -0.04427699 0.07908753
v 0.01850468 -0.04533030 0.07108690
v -0.01667845 -0.04145339 0.10053496
v -0.01611274 -0.04311975 0.08787767
v -0.01674720 -0.04087160 0.10495407
v -0.01675160 -0.04007564 0.11100000
v -0.01303894 -0.04600000 0.03896291
v -0.00285574 -0.04600000 0.05945587
v -0.01385386 -0.04600000 0.03023804
v -0.01303894 -0.04600000 0.03023804
v -0.01348217 -0.04600000 0.04821736
v -0.01303894 -0.04600000 0.04922863
v -0.01346095 -0.04600000 0.04922874
v -0.01303894 -0.04600000 0.05032085
v -0.01343799 -0.04600000 0.05032096
v -0.01303894 -0.04600000 0.05098813
v -0.01342395 -0.04600000 0.05098824
v -0.01303894 -0.04600000 0.05945587
v -0.01324418 -0.04600000 0.05945593
v -0.00285574 -0.04600000 0.05098813
v 0.01738446 -0.04600000 0.05098813
v 0.01738446 -0.04600000 0.05945587
v 0.00202428 -0.04600000 0.05098813
v 0.00202428 -0.04600000 0.05945587
v -0.00167232 -0.04600000 0.05098813
v -0.00167232 -0.04600000 0.05945587
v -0.00285574 -0.04600000 0.04821725
v -0.00285574 -0.04600000 0.03896291
v -0.01303894 -0.04600000 0.04821725
v -0.00167232 -0.04600000 0.04821725
v -0.00167232 -0.04600000 0.04922863
v -0.00167232 -0.04600000 0.05032085
v 0.00202428 -0.04600000 0.05032085
v 0.00202428 -0.04600000 0.04922863
v 0.00202428 -0.04600000 0.04821725
v -0.00285574 -0.04600000 0.03023804
v -0.00167232 -0.04600000 0.03023804
v 0.00202428 -0.04600000 0.03023804
v -0.00167232 -0.04600000 0.03896291
v 0.00202428 -0.04600000 0.03896291
v -0.01367472 -0.04600000 0.03896299
v -0.00285574 -0.04600000 0.04922863
v -0.00285574 -0.04600000 0.05032085
v 0.01738446 -0.04600000 0.03023804
v 0.01738446 -0.04600000 0.03896291
v 0.01738446 -0.04600000 0.04821725
v 0.01738446 -0.04600000 0.04922863
v 0.01738446 -0.04600000 0.05032085
v 0.01754813 -0.04600000 0.03023804
v 0.01754813 -0.04600000 0.03896291
v 0.01754813 -0.04600000 0.04821725
v 0.01754813 -0.04600000 0.04922863
v 0.01754813 -0.04600000 0.05032085
v 0.01754813 -0.04600000 0.05098813
v 0.01754813 -0.04600000 0.05945587
v 0.01754813 0.04525000 0.06468913
v 0.01755806 0.04523890 0.06534266
v 0.01876249 0.04516994 0.06468913
v 0.01816155 0.04521922 0.06534266
v 0.01876249 0.04516753 0.06501585
v 0.01876249 0.04516028 0.06534266
v 0.01164978 0.04523890 0.06534266
v 0.00452203 0.04525000 0.06468913
v 0.00452203 0.04523890 0.06534266
v 0.01754813 0.04525000 0.06433122
v 0.01876249 0.04516994 0.06433122
v 0.00563478 0.04525000 0.06441207
v 0.00452203 0.04525000 0.06441207
v 0.01328091 0.04525000 0.06433122
v 0.00703036 0.04525000 0.05878837
v 0.01150065 0.04525000 0.05777723
v 0.00703036 0.04525000 0.05777723
v 0.01168288 0.04525000 0.06433122
v 0.00747498 0.04525000 0.06433122
v 0.00662800 0.04525000 0.06414972
v 0.00595511 0.04525000 0.06360369
v 0.00485476 0.04525000 0.06349916
v 0.00553376 0.04525000 0.06281210
v 0.00435221 0.04525000 0.06157781
v 0.00534038 0.04525000 0.06122759
v 0.00450135 0.04525000 0.06008328
v 0.00547260 0.04525000 0.06036643
v 0.00525368 0.04525000 0.05859376
v 0.00597509 0.04525000 0.05932652
v 0.00587458 0.04525000 0.05807752
v 0.00628345 0.04525000 0.05903188
v 0.00683944 0.04525000 0.05880231
v 0.00703036 0.04525000 0.05880921
v 0.01154084 0.04525000 0.05880921
v 0.01265942 0.04525000 0.05805758
v 0.01225747 0.04525000 0.05898107
v 0.01359624 0.04525000 0.05889482
v 0.01266881 0.04525000 0.05929669
v 0.01430999 0.04525000 0.06071406
v 0.01322519 0.04525000 0.06031989
v 0.01413476 0.04525000 0.06302349
v 0.01332212 0.04525000 0.06237274
v 0.01341448 0.04525000 0.06420933
v 0.01280669 0.04525000 0.06369369
v 0.01219521 0.04525000 0.06422107
v 0.00747498 0.04600000 0.06433122
v 0.01168288 0.04600000 0.06433122
v 0.01219521 0.04600000 0.06422107
v 0.01280669 0.04600000 0.06369369
v 0.01332212 0.04600000 0.06237274
v 0.01322519 0.04600000 0.06031989
v 0.01266881 0.04600000 0.05929669
v 0.01225747 0.04600000 0.05898107
v 0.01154084 0.04600000 0.05880921
v 0.00703036 0.04600000 0.05880921
v 0.00452203 0.04598932 0.06534266
v 0.01164978 0.04598932 0.06534266
v 0.01755733 0.04598932 0.06534266
v 0.01876249 0.04591653 0.06534266
v 0.00452203 0.04600000 0.06441207
v 0.00452203 0.04600000 0.06468913
v 0.00563478 0.04600000 0.06441207
v 0.00485476 0.04600000 0.06349916
v 0.00435221 0.04600000 0.06157781
v 0.00450135 0.04600000 0.06008328
v 0.00703036 0.04600000 0.05878837
v 0.00683944 0.04600000 0.05880231
v 0.00628345 0.04600000 0.05903188
v 0.00597509 0.04600000 0.05932652
v 0.00547260 0.04600000 0.06036643
v 0.00534038 0.04600000 0.06122759
v 0.00553376 0.04600000 0.06281210
v 0.00595511 0.04600000 0.06360369
v 0.00662800 0.04600000 0.06414972
v 0.01876249 0.04592599 0.06433122
v 0.01876249 0.04592599 0.06468913
v 0.01754813 0.04600000 0.06433122
v 0.01462287 0.04600000 0.06433122
v 0.01328091 0.04600000 0.06433122
v 0.01150065 0.04600000 0.05777723
v 0.01265942 0.04600000 0.05805758
v 0.01359624 0.04600000 0.05889482
v 0.01430999 0.04600000 0.06071406
v 0.01413476 0.04600000 0.06302349
v 0.01341448 0.04600000 0.06420933
v 0.00703036 0.04600000 0.05777723
v 0.00525368 0.04600000 0.05859376
v 0.00587458 0.04600000 0.05807752
v 0.00829193 0.04525000 0.04344436
v 0.00879010 0.04525000 0.04531750
v 0.00965982 0.04525000 0.04483191
v 0.00919452 0.04525000 0.04046277
v 0.00830467 0.04525000 0.04046277
v 0.00919938 0.04525000 0.04064193
v 0.00921508 0.04525000 0.04277558
v 0.00829601 0.04525000 0.04093927
v 0.00601860 0.04525000 0.04673330
v 0.00654454 0.04525000 0.04586350
v 0.00505658 0.04525000 0.04575735
v 0.00583168 0.04525000 0.04503663
v 0.00453375 0.04525000 0.04431197
v 0.00551326 0.04525000 0.04398248
v 0.00727277 0.04525000 0.04046277
v 0.00735370 0.04525000 0.03943079
v 0.00682523 0.04525000 0.04051590
v 0.00654721 0.04525000 0.03953202
v 0.00642318 0.04525000 0.04070541
v 0.00581647 0.04525000 0.03987604
v 0.00583930 0.04525000 0.04140829
v 0.00494431 0.04525000 0.04093048
v 0.00551326 0.04525000 0.04238445
v 0.00448137 0.04525000 0.04236416
v 0.00543723 0.04525000 0.04318335
v 0.00441570 0.04525000 0.04324406
v 0.00450135 0.04525000 0.04412397
v 0.01184443 0.04525000 0.03943079
v 0.01184443 0.04525000 0.04046277
v 0.01292186 0.04525000 0.03969075
v 0.01242389 0.04525000 0.04060230
v 0.01376760 0.04525000 0.04044675
v 0.01296568 0.04525000 0.04108171
v 0.01437298 0.04525000 0.04175705
v 0.01340242 0.04525000 0.04202006
v 0.01457030 0.04525000 0.04322371
v 0.01355408 0.04525000 0.04322381
v 0.01437298 0.04525000 0.04469042
v 0.01340242 0.04525000 0.04442733
v 0.01360237 0.04525000 0.04601197
v 0.01299221 0.04525000 0.04521835
v 0.01248387 0.04525000 0.04673608
v 0.01220237 0.04525000 0.04580280
v 0.01104138 0.04525000 0.04690609
v 0.01123035 0.04525000 0.04595577
v 0.00972918 0.04525000 0.04640143
v 0.01035976 0.04525000 0.04565592
v 0.00973553 0.04525000 0.04497870
v 0.01184443 0.04600000 0.04046277
v 0.00919452 0.04600000 0.04046277
v 0.00919938 0.04600000 0.04064193
v 0.00921508 0.04600000 0.04277558
v 0.00965982 0.04600000 0.04483191
v 0.00973553 0.04600000 0.04497870
v 0.01035976 0.04600000 0.04565592
v 0.01123035 0.04600000 0.04595577
v 0.01220237 0.04600000 0.04580280
v 0.01299221 0.04600000 0.04521835
v 0.01340242 0.04600000 0.04442733
v 0.00551326 0.04600000 0.04398248
v 0.00583168 0.04600000 0.04503663
v 0.00654454 0.04600000 0.04586350
v 0.00601860 0.04600000 0.04673330
v 0.00505658 0.04600000 0.04575735
v 0.00453375 0.04600000 0.04431197
v 0.00450135 0.04600000 0.04412397
v 0.00441570 0.04600000 0.04324406
v 0.00448137 0.04600000 0.04236416
v 0.00494431 0.04600000 0.04093048
v 0.00581647 0.04600000 0.03987604
v 0.00654721 0.04600000 0.03953202
v 0.00735370 0.04600000 0.03943079
v 0.01184443 0.04600000 0.03943079
v 0.01292186 0.04600000 0.03969075
v 0.01376760 0.04600000 0.04044675
v 0.01437298 0.04600000 0.04175705
v 0.01355408 0.04600000 0.04322381
v 0.01340242 0.04600000 0.04202006
v 0.01296568 0.04600000 0.04108171
v 0.01242389 0.04600000 0.04060230
v 0.00551326 0.04600000 0.04238445
v 0.00543723 0.04600000 0.04318335
v 0.00642318 0.04600000 0.04070541
v 0.00583930 0.04600000 0.04140829
v 0.00727277 0.04600000 0.04046277
v 0.00682523 0.04600000 0.04051590
v 0.00830467 0.04600000 0.04046277
v 0.00879010 0.04600000 0.04531750
v 0.00829193 0.04600000 0.04344436
v 0.00829601 0.04600000 0.04093927
v 0.01437298 0.04600000 0.04469042
v 0.01360237 0.04600000 0.04601197
v 0.01248387 0.04600000 0.04673608
v 0.01104138 0.04600000 0.04690609
v 0.00972918 0.04600000 0.04640143
v 0.01457030 0.04600000 0.04322371
v 0.01293666 0.04525000 0.03781310
v 0.01241119 0.04525000 0.03700378
v 0.01293666 0.04600000 0.03781310
v 0.01241119 0.04600000 0.03700378
v 0.01304957 0.04525000 0.03641972
v 0.01304957 0.04600000 0.03641972
v 0.01353448 0.04525000 0.03518333
v 0.01353448 0.04600000 0.03518333
v 0.01340242 0.04525000 0.03312023
v 0.01340242 0.04600000 0.03312023
v 0.01287215 0.04525000 0.03208411
v 0.01287215 0.04600000 0.03208411
v 0.01252957 0.04525000 0.03177722
v 0.01252957 0.04600000 0.03177722
v 0.01190788 0.04525000 0.03155110
v 0.01190788 0.04600000 0.03155110
v 0.01174368 0.04525000 0.03154226
v 0.01174368 0.04600000 0.03154226
v 0.01101612 0.04525000 0.03170479
v 0.01101612 0.04600000 0.03170479
v 0.01062531 0.04525000 0.03204432
v 0.01062531 0.04600000 0.03204432
v 0.01018037 0.04525000 0.03311746
v 0.01018037 0.04600000 0.03311746
v 0.00998355 0.04525000 0.03435380
v 0.00998355 0.04600000 0.03435380
v 0.00936151 0.04525000 0.03689261
v 0.00936151 0.04600000 0.03689261
v 0.00870916 0.04525000 0.03763821
v 0.00870916 0.04600000 0.03763821
v 0.00806981 0.04525000 0.03793205
v 0.00806981 0.04600000 0.03793205
v 0.00719215 0.04525000 0.03803575
v 0.00719215 0.04600000 0.03803575
v 0.00604333 0.04525000 0.03774131
v 0.00604333 0.04600000 0.03774131
v 0.00517170 0.04525000 0.03694354
v 0.00517170 0.04600000 0.03694354
v 0.00460273 0.04525000 0.03570950
v 0.00460273 0.04600000 0.03570950
v 0.00447398 0.04525000 0.03312967
v 0.00447398 0.04600000 0.03312967
v 0.00519184 0.04525000 0.03128203
v 0.00519184 0.04600000 0.03128203
v 0.00611053 0.04525000 0.03048206
v 0.00611053 0.04600000 0.03048206
v 0.00642318 0.04525000 0.03034881
v 0.00642318 0.04600000 0.03034881
v 0.01439304 0.04600000 0.03285722
v 0.01439304 0.04525000 0.03285722
v 0.01451331 0.04525000 0.03545998
v 0.01451331 0.04600000 0.03545998
v 0.01432403 0.04525000 0.03618633
v 0.01432403 0.04600000 0.03618633
v 0.01361780 0.04525000 0.03734583
v 0.01361780 0.04600000 0.03734583
v 0.01174368 0.04600000 0.03053096
v 0.01174368 0.04525000 0.03053096
v 0.01292695 0.04525000 0.03083354
v 0.01292695 0.04600000 0.03083354
v 0.01382319 0.04525000 0.03165094
v 0.01382319 0.04600000 0.03165094
v 0.00895165 0.04600000 0.03421230
v 0.00895165 0.04525000 0.03421230
v 0.00956616 0.04525000 0.03166613
v 0.00956616 0.04600000 0.03166613
v 0.01020948 0.04525000 0.03093020
v 0.01020948 0.04600000 0.03093020
v 0.01089203 0.04525000 0.03062479
v 0.01089203 0.04600000 0.03062479
v 0.00719215 0.04600000 0.03702407
v 0.00719215 0.04525000 0.03702407
v 0.00791896 0.04525000 0.03686189
v 0.00791896 0.04600000 0.03686189
v 0.00831092 0.04525000 0.03652108
v 0.00831092 0.04600000 0.03652108
v 0.00875541 0.04525000 0.03544723
v 0.00875541 0.04600000 0.03544723
v 0.00559396 0.04600000 0.03544641
v 0.00559396 0.04525000 0.03544641
v 0.00608716 0.04525000 0.03646208
v 0.00608716 0.04600000 0.03646208
v 0.00649816 0.04525000 0.03682910
v 0.00649816 0.04600000 0.03682910
v 0.00708625 0.04525000 0.03702007
v 0.00708625 0.04600000 0.03702007
v 0.00698970 0.04600000 0.03121861
v 0.00698970 0.04525000 0.03121861
v 0.00609101 0.04525000 0.03188092
v 0.00609101 0.04600000 0.03188092
v 0.00552113 0.04525000 0.03309572
v 0.00552113 0.04600000 0.03309572
v 0.00548292 0.04525000 0.03328473
v 0.00548292 0.04600000 0.03328473
v -0.00875742 0.04525000 0.03652194
v -0.00900301 0.04525000 0.03552233
v -0.00929506 0.04525000 0.03663890
v -0.01001483 0.04525000 0.03587250
v -0.00986963 0.04525000 0.03710862
v -0.01070439 0.04525000 0.03654084
v -0.01043607 0.04525000 0.03848428
v -0.01140741 0.04525000 0.03832210
v -0.01049172 0.04525000 0.03961205
v -0.01147547 0.04525000 0.03969283
v -0.01027390 0.04525000 0.04070916
v -0.01122518 0.04525000 0.04103288
v -0.00989177 0.04525000 0.04144876
v -0.01068988 0.04525000 0.04207662
v -0.00934536 0.04525000 0.04192301
v -0.00985675 0.04525000 0.04281139
v -0.00875742 0.04525000 0.04206470
v -0.00875742 0.04525000 0.04307608
v -0.00406432 0.04525000 0.04206470
v -0.00406432 0.04525000 0.04307608
v -0.00385736 0.04525000 0.04204830
v -0.00329922 0.04525000 0.04180903
v -0.00291157 0.04525000 0.04277740
v -0.00301389 0.04525000 0.04153600
v -0.00228697 0.04525000 0.04225857
v -0.00250633 0.04525000 0.04050694
v -0.00153578 0.04525000 0.04076988
v -0.00234478 0.04525000 0.03929343
v -0.00133349 0.04525000 0.03929343
v -0.00250633 0.04525000 0.03807993
v -0.00153578 0.04525000 0.03781676
v -0.00294048 0.04525000 0.03713664
v -0.00212266 0.04525000 0.03653475
v -0.00347012 0.04525000 0.03666469
v -0.00297593 0.04525000 0.03577372
v -0.00406432 0.04525000 0.03652194
v -0.00406432 0.04525000 0.03551064
v -0.00875742 0.04525000 0.03551064
v -0.00250633 0.04600000 0.04050694
v -0.00234478 0.04600000 0.03929343
v -0.00250633 0.04600000 0.03807993
v -0.00294048 0.04600000 0.03713664
v -0.00347012 0.04600000 0.03666469
v -0.00406432 0.04600000 0.03652194
v -0.00875742 0.04600000 0.03652194
v -0.00929506 0.04600000 0.03663890
v -0.00986963 0.04600000 0.03710862
v -0.01043607 0.04600000 0.03848428
v -0.00153578 0.04600000 0.03781676
v -0.00133349 0.04600000 0.03929343
v -0.00153578 0.04600000 0.04076988
v -0.00228697 0.04600000 0.04225857
v -0.00291157 0.04600000 0.04277740
v -0.00406432 0.04600000 0.04307608
v -0.00875742 0.04600000 0.04307608
v -0.00985675 0.04600000 0.04281139
v -0.01068988 0.04600000 0.04207662
v -0.01122518 0.04600000 0.04103288
v -0.01049172 0.04600000 0.03961205
v -0.01027390 0.04600000 0.04070916
v -0.00989177 0.04600000 0.04144876
v -0.00934536 0.04600000 0.04192301
v -0.00875742 0.04600000 0.04206470
v -0.00406432 0.04600000 0.04206470
v -0.00385736 0.04600000 0.04204830
v -0.00329922 0.04600000 0.04180903
v -0.00301389 0.04600000 0.04153600
v -0.00406432 0.04600000 0.03551064
v -0.00297593 0.04600000 0.03577372
v -0.00212266 0.04600000 0.03653475
v -0.00875742 0.04600000 0.03551064
v -0.01140741 0.04600000 0.03832210
v -0.01070439 0.04600000 0.03654084
v -0.01001483 0.04600000 0.03587250
v -0.00900301 0.04600000 0.03552233
v -0.01147547 0.04600000 0.03969283
v -0.00145492 0.04525000 0.03093898
v -0.00145492 0.04600000 0.03093898
v -0.00145492 0.04525000 0.03023804
v -0.00145492 0.04600000 0.03023804
v -0.00145492 0.04524544 0.02994774
v -0.00145492 0.04599579 0.02994774
v -0.00254692 0.04525000 0.03093898
v -0.00254692 0.04600000 0.03093898
v -0.00174472 0.04525000 0.03187242
v -0.00174472 0.04600000 0.03187242
v -0.00130196 0.04525000 0.03361862
v -0.00130196 0.04600000 0.03361862
v -0.00145492 0.04525000 0.03514688
v -0.00145492 0.04600000 0.03514688
v -0.00240558 0.04525000 0.03498470
v -0.00240558 0.04600000 0.03498470
v -0.01138673 0.04524544 0.02994774
v -0.01138673 0.04599579 0.02994774
v -0.01138673 0.04525000 0.03023804
v -0.01138673 0.04600000 0.03023804
v -0.01138673 0.04525000 0.03097964
v -0.01138673 0.04600000 0.03097964
v -0.00426646 0.04525000 0.03097964
v -0.00426646 0.04600000 0.03097964
v -0.00230748 0.04525000 0.03351333
v -0.00230748 0.04600000 0.03351333
v -0.00287175 0.04525000 0.03185897
v -0.00287175 0.04600000 0.03185897
v -0.00352387 0.04525000 0.03119082
v -0.00352387 0.04600000 0.03119082
v -0.00415592 0.04525000 0.03098385
v -0.00415592 0.04600000 0.03098385
v -0.00425889 0.04525000 0.04485571
v -0.01138673 0.04525000 0.04485571
v -0.01027390 0.04525000 0.04580691
v -0.01138673 0.04525000 0.04580691
v 0.00285373 0.04525000 0.04588753
v 0.00285373 0.04525000 0.04485571
v -0.00262777 0.04525000 0.04588753
v -0.00843370 0.04525000 0.04588753
v -0.00868978 0.04525000 0.04590207
v -0.00952241 0.04525000 0.04620814
v -0.01059003 0.04525000 0.04607671
v -0.01023562 0.04525000 0.04706900
v -0.01130894 0.04525000 0.04730267
v -0.01057772 0.04525000 0.04865903
v -0.01145572 0.04525000 0.04784040
v -0.01043607 0.04525000 0.04985248
v -0.01140741 0.04525000 0.05011564
v -0.00999941 0.04525000 0.05079095
v -0.01081468 0.04525000 0.05142026
v -0.00945771 0.04525000 0.05127027
v -0.00996459 0.04525000 0.05217945
v -0.00887839 0.04525000 0.05140977
v -0.00887839 0.04525000 0.05244191
v -0.00436784 0.04525000 0.05140977
v -0.00422588 0.04525000 0.04588753
v -0.00365858 0.04525000 0.04602435
v -0.00313669 0.04525000 0.04647818
v -0.00186796 0.04525000 0.04695181
v -0.00262705 0.04525000 0.04764642
v -0.00154351 0.04525000 0.04900061
v -0.00261867 0.04525000 0.04965089
v -0.00220879 0.04525000 0.05117153
v -0.00313141 0.04525000 0.05079733
v -0.00303628 0.04525000 0.05203460
v -0.00377408 0.04525000 0.05129567
v -0.00411697 0.04525000 0.05242618
v -0.00440811 0.04525000 0.05244191
v -0.00887839 0.04600000 0.05140977
v -0.00436784 0.04600000 0.05140977
v -0.00377408 0.04600000 0.05129567
v -0.00313141 0.04600000 0.05079733
v -0.00261867 0.04600000 0.04965089
v -0.00262705 0.04600000 0.04764642
v -0.00313669 0.04600000 0.04647818
v -0.00365858 0.04600000 0.04602435
v -0.00422588 0.04600000 0.04588753
v -0.00843370 0.04600000 0.04588753
v -0.01140741 0.04600000 0.05011564
v -0.01145572 0.04600000 0.04784040
v -0.01130894 0.04600000 0.04730267
v -0.01059003 0.04600000 0.04607671
v -0.01027390 0.04600000 0.04580691
v -0.01138673 0.04600000 0.04580691
v -0.01138673 0.04600000 0.04485571
v -0.00425889 0.04600000 0.04485571
v 0.00285373 0.04600000 0.04485571
v 0.00285373 0.04600000 0.04588753
v -0.00868978 0.04600000 0.04590207
v -0.00952241 0.04600000 0.04620814
v -0.01023562 0.04600000 0.04706900
v -0.01057772 0.04600000 0.04865903
v -0.01043607 0.04600000 0.04985248
v -0.00999941 0.04600000 0.05079095
v -0.00945771 0.04600000 0.05127027
v -0.00887839 0.04600000 0.05244191
v -0.00996459 0.04600000 0.05217945
v -0.01081468 0.04600000 0.05142026
v -0.00440811 0.04600000 0.05244191
v -0.00262777 0.04600000 0.04588753
v -0.00186796 0.04600000 0.04695181
v -0.00154351 0.04600000 0.04900061
v -0.00220879 0.04600000 0.05117153
v -0.00303628 0.04600000 0.05203460
v -0.00411697 0.04600000 0.05242618
v -0.01138673 0.04465581 0.07046415
v -0.01138673 0.04479163 0.06943249
v -0.01138673 0.04541228 0.07046415
v -0.01138673 0.04554810 0.06943249
v -0.00145492 0.04479163 0.06943249
v -0.00145492 0.04554810 0.06943249
v -0.00145492 0.04465581 0.07046415
v -0.00145492 0.04541228 0.07046415
v 0.00281370 0.04479957 0.06937215
v 0.00101330 0.04479957 0.06937215
v 0.00281370 0.04464781 0.07052495
v 0.00101330 0.04464781 0.07052495
v 0.00281370 0.04555605 0.06937215
v 0.00281370 0.04540428 0.07052495
v 0.00101330 0.04540428 0.07052495
v 0.00101330 0.04555605 0.06937215
v -0.00891898 0.04384906 0.08233801
v -0.00891898 0.04309259 0.08233801
v -0.00972665 0.04377552 0.08289658
v -0.00972806 0.04301885 0.08289809
v -0.00981800 0.04376182 0.08300070
v -0.00981800 0.04300534 0.08300070
v -0.01029322 0.04364637 0.08387763
v -0.01029365 0.04288973 0.08387890
v -0.01038774 0.04360188 0.08421557
v -0.01049201 0.04269721 0.08534124
v -0.01049195 0.04345336 0.08534364
v -0.01031479 0.04253608 0.08656511
v -0.01031479 0.04329255 0.08656511
v -0.00871653 0.04308478 0.08814331
v -0.00890479 0.04308647 0.08813048
v -0.00871653 0.04232831 0.08814331
v -0.00918937 0.04233960 0.08805750
v -0.00949234 0.04311756 0.08789426
v -0.00982190 0.04315883 0.08758084
v -0.00977085 0.04239441 0.08764120
v -0.00695703 0.04269849 0.08533146
v -0.00695703 0.04345496 0.08533146
v -0.00715722 0.04329012 0.08658355
v -0.00715673 0.04253393 0.08658140
v -0.00760783 0.04314931 0.08765316
v -0.00760707 0.04239296 0.08765219
v -0.00805522 0.04310173 0.08801454
v -0.00805522 0.04234526 0.08801454
v -0.00634285 0.04379011 0.08278574
v -0.00583906 0.04311654 0.08215611
v -0.00587240 0.04386923 0.08218478
v -0.00506951 0.04316894 0.08175808
v -0.00505303 0.04392601 0.08175351
v -0.00416508 0.04318317 0.08164997
v -0.00416508 0.04393964 0.08164997
v -0.00648681 0.04375010 0.08308972
v -0.00645983 0.04300203 0.08302588
v -0.00634282 0.04303365 0.08278567
v -0.00219680 0.04381156 0.08262292
v -0.00208471 0.04303536 0.08277135
v -0.00151572 0.04363342 0.08397592
v -0.00180585 0.04297408 0.08323665
v -0.00151572 0.04287696 0.08397592
v -0.00313379 0.04390987 0.08187614
v -0.00320336 0.04315730 0.08184545
v -0.00298118 0.04314315 0.08195313
v -0.00245165 0.04309178 0.08234413
v -0.00297202 0.04222444 0.08893226
v -0.00297202 0.04298091 0.08893226
v -0.00258745 0.04225329 0.08871364
v -0.00241492 0.04302738 0.08857931
v -0.00228990 0.04228615 0.08846411
v -0.00228999 0.04304253 0.08846420
v -0.00178534 0.04313401 0.08776935
v -0.00130996 0.04344046 0.08544160
v -0.00130963 0.04268088 0.08546498
v -0.00139548 0.04329063 0.08657967
v -0.00139549 0.04253419 0.08657957
v -0.00141627 0.04327617 0.08668953
v -0.00147465 0.04248618 0.08694446
v -0.00192572 0.04234565 0.08801157
v -0.00349757 0.04233097 0.08812310
v -0.00349757 0.04308744 0.08812310
v -0.00948558 0.04320712 0.08146805
v -0.00948558 0.04396359 0.08146805
v -0.01151243 0.04344454 0.08541062
v -0.01130603 0.04325790 0.08682835
v -0.01130603 0.04250142 0.08682835
v -0.01018434 0.04391369 0.08184710
v -0.01151025 0.04267888 0.08548066
v -0.01149628 0.04277278 0.08476751
v -0.01143489 0.04359744 0.08424921
v -0.01143483 0.04284094 0.08424935
v -0.01135824 0.04364810 0.08386446
v -0.01119843 0.04296240 0.08332612
v -0.01087513 0.04380929 0.08264006
v -0.01071669 0.04308429 0.08240103
v -0.01071686 0.04384073 0.08240126
v -0.01069354 0.04308842 0.08236971
v -0.00996695 0.04317700 0.08169627
v -0.01103165 0.04240529 0.08756008
v -0.01063871 0.04307809 0.08819408
v -0.01073710 0.04233911 0.08806249
v -0.01040407 0.04228710 0.08845627
v -0.00973141 0.04298142 0.08892843
v -0.00966268 0.04222102 0.08895929
v -0.00871653 0.04295166 0.08915445
v -0.00871653 0.04219519 0.08915445
v -0.00592521 0.04343631 0.08547311
v -0.00592521 0.04267984 0.08547311
v -0.00640628 0.04314088 0.08771713
v -0.00641794 0.04238078 0.08774474
v -0.00654700 0.04310213 0.08801148
v -0.00654702 0.04234566 0.08801151
v -0.00703119 0.04302117 0.08862646
v -0.00704544 0.04226308 0.08863875
v -0.00719915 0.04300397 0.08875711
v -0.00788033 0.04220735 0.08906211
v -0.00785532 0.04296468 0.08905552
v -0.00572861 0.04359897 0.08423764
v -0.00572523 0.04284445 0.08422279
v -0.00572474 0.04360120 0.08422066
v -0.00527503 0.04298535 0.08315255
v -0.00528402 0.04374031 0.08316405
v -0.00527427 0.04374195 0.08315158
v -0.00482688 0.04303305 0.08279026
v -0.00416508 0.04380648 0.08266142
v -0.00416508 0.04305001 0.08266142
v -0.00482688 0.04378952 0.08279026
v -0.00489249 0.04378512 0.08282370
v -0.00395847 0.04380462 0.08267555
v -0.00369499 0.04303981 0.08273894
v -0.00333424 0.04377145 0.08292752
v -0.00303618 0.04373507 0.08320384
v -0.00308050 0.04298517 0.08315393
v -0.00250633 0.04359877 0.08423916
v -0.00250633 0.04284230 0.08423916
v -0.00242668 0.04279978 0.08456152
v -0.00231824 0.04266174 0.08561047
v -0.00231859 0.04342951 0.08552480
v -0.00237430 0.04257065 0.08630251
v -0.00237428 0.04332712 0.08630251
v -0.00246683 0.04251669 0.08671293
v -0.00246770 0.04327260 0.08671666
v -0.00290223 0.04240030 0.08759669
v -0.00289993 0.04315712 0.08759385
v -0.01139203 0.04404765 0.07508361
v -0.00995035 0.04434761 0.07280519
v -0.01132593 0.04408588 0.07479326
v -0.01056321 0.04428060 0.07331417
v -0.01132593 0.04369706 0.07774660
v -0.01130603 0.04369706 0.07774660
v -0.01150820 0.04389147 0.07626992
v -0.01146666 0.04398553 0.07555547
v -0.00939009 0.04423529 0.07365831
v -0.00888262 0.04438900 0.07249080
v -0.00873674 0.04425629 0.07349882
v -0.00873674 0.04438951 0.07248690
v -0.00412496 0.04425629 0.07349882
v -0.01035538 0.04373436 0.07746330
v -0.01036935 0.04374138 0.07741007
v -0.01050708 0.04389455 0.07624648
v -0.01035538 0.04405128 0.07505603
v -0.00993305 0.04417061 0.07414966
v -0.00877733 0.04339348 0.08005249
v -0.00877733 0.04352664 0.07904103
v -0.00976045 0.04342122 0.07984179
v -0.00924523 0.04353778 0.07895642
v -0.01063617 0.04351396 0.07913737
v -0.00981737 0.04359184 0.07854581
v -0.01035538 0.04373166 0.07748382
v -0.00252701 0.04405128 0.07505603
v -0.00189835 0.04420004 0.07392605
v -0.00305955 0.04419059 0.07399786
v -0.00215159 0.04425346 0.07352017
v -0.00310231 0.04419677 0.07395092
v -0.00244223 0.04429844 0.07317866
v -0.00365633 0.04424579 0.07357856
v -0.00318570 0.04436532 0.07266902
v -0.00410491 0.04438951 0.07248690
v -0.00410491 0.04352664 0.07904103
v -0.00410491 0.04339348 0.08005249
v -0.00349820 0.04354607 0.07889348
v -0.00343355 0.04340549 0.07996126
v -0.00296115 0.04360931 0.07841312
v -0.00243891 0.04348394 0.07936537
v -0.00252701 0.04373436 0.07746330
v -0.00155568 0.04369706 0.07774660
v -0.00236484 0.04389155 0.07626946
v -0.00135364 0.04388763 0.07629906
v -0.00155568 0.04408588 0.07479326
v -0.00155568 0.04484235 0.07479326
v -0.00223417 0.04502420 0.07341191
v -0.00312596 0.04511851 0.07269557
v -0.00410491 0.04514598 0.07248690
v -0.00135361 0.04464819 0.07626943
v -0.00155108 0.04445597 0.07772809
v -0.00155568 0.04445353 0.07774660
v -0.00410491 0.04414995 0.08005249
v -0.00346242 0.04416090 0.07996933
v -0.00246756 0.04423669 0.07939368
v -0.00245861 0.04423784 0.07938492
v -0.00410491 0.04428311 0.07904103
v -0.00252701 0.04449083 0.07746330
v -0.00295364 0.04436714 0.07840277
v -0.00296341 0.04436537 0.07841621
v -0.00349655 0.04430266 0.07889260
v -0.00350388 0.04430215 0.07889644
v -0.00252701 0.04480775 0.07505603
v -0.00236481 0.04464828 0.07626943
v -0.00289426 0.04491849 0.07421486
v -0.00306017 0.04494715 0.07399716
v -0.00341732 0.04498716 0.07369327
v -0.00397155 0.04501173 0.07350670
v -0.00412496 0.04501276 0.07349882
v -0.00873674 0.04501276 0.07349882
v -0.01035538 0.04480775 0.07505603
v -0.00993539 0.04492665 0.07415290
v -0.00939209 0.04499162 0.07365938
v -0.00873674 0.04514598 0.07248690
v -0.00923695 0.04513966 0.07253490
v -0.01008516 0.04509290 0.07289015
v -0.01081617 0.04499367 0.07364381
v -0.01132593 0.04484235 0.07479326
v -0.01139203 0.04480412 0.07508360
v -0.01146669 0.04474197 0.07555570
v -0.01150820 0.04464778 0.07627114
v -0.01132593 0.04445353 0.07774660
v -0.01130603 0.04445353 0.07774660
v -0.01063797 0.04427072 0.07913511
v -0.00975595 0.04417742 0.07984389
v -0.00877733 0.04414995 0.08005249
v -0.00877733 0.04428311 0.07904103
v -0.00904602 0.04428663 0.07901436
v -0.00962323 0.04432347 0.07873448
v -0.00984612 0.04435273 0.07851230
v -0.01035538 0.04448812 0.07748382
v -0.01035538 0.04449083 0.07746330
v -0.01050682 0.04464218 0.07631368
v 0.00448137 0.04600000 0.05154729
v 0.00448137 0.04525000 0.05154729
v 0.00494431 0.04525000 0.05011394
v 0.00494431 0.04600000 0.05011394
v 0.00581647 0.04525000 0.04905948
v 0.00581647 0.04600000 0.04905948
v 0.00654721 0.04525000 0.04871550
v 0.00654721 0.04600000 0.04871550
v 0.00735370 0.04525000 0.04861432
v 0.00735370 0.04600000 0.04861432
v 0.01184443 0.04525000 0.04861432
v 0.01184443 0.04600000 0.04861432
v 0.01292208 0.04525000 0.04887431
v 0.01292208 0.04600000 0.04887431
v 0.01376767 0.04525000 0.04963019
v 0.01376767 0.04600000 0.04963019
v 0.01437298 0.04525000 0.05094057
v 0.01437298 0.04600000 0.05094057
v 0.01457030 0.04525000 0.05240706
v 0.01457030 0.04600000 0.05240706
v 0.01437298 0.04525000 0.05387355
v 0.01437298 0.04600000 0.05387355
v 0.01360231 0.04525000 0.05519539
v 0.01360231 0.04600000 0.05519539
v 0.01248414 0.04525000 0.05591942
v 0.01248414 0.04600000 0.05591942
v 0.01104110 0.04525000 0.05608952
v 0.01104110 0.04600000 0.05608952
v 0.00972900 0.04525000 0.05558475
v 0.00972900 0.04600000 0.05558475
v 0.00879010 0.04525000 0.05450094
v 0.00879010 0.04600000 0.05450094
v 0.00829189 0.04525000 0.05262723
v 0.00829189 0.04600000 0.05262723
v 0.00829602 0.04525000 0.05012235
v 0.00829602 0.04600000 0.05012235
v 0.00830467 0.04525000 0.04964629
v 0.00830467 0.04600000 0.04964629
v 0.00965982 0.04600000 0.05401504
v 0.00965982 0.04525000 0.05401504
v 0.00973553 0.04525000 0.05416186
v 0.00973553 0.04600000 0.05416186
v 0.01035968 0.04525000 0.05483913
v 0.01035968 0.04600000 0.05483913
v 0.01123007 0.04525000 0.05513898
v 0.01123007 0.04600000 0.05513898
v 0.01220218 0.04525000 0.05498605
v 0.01220218 0.04600000 0.05498605
v 0.01299219 0.04525000 0.05440154
v 0.01299219 0.04600000 0.05440154
v 0.01340242 0.04525000 0.05361062
v 0.01340242 0.04600000 0.05361062
v 0.00919452 0.04600000 0.04964629
v 0.00919452 0.04525000 0.04964629
v 0.00919939 0.04525000 0.04982569
v 0.00919939 0.04600000 0.04982569
v 0.00921510 0.04525000 0.05195935
v 0.00921510 0.04600000 0.05195935
v 0.00450135 0.04600000 0.05330757
v 0.00450135 0.04525000 0.05330757
v 0.00441570 0.04525000 0.05242737
v 0.00441570 0.04600000 0.05242737
v 0.00601860 0.04600000 0.05591682
v 0.00601860 0.04525000 0.05591682
v 0.00505649 0.04525000 0.05494067
v 0.00505649 0.04600000 0.05494067
v 0.00453371 0.04525000 0.05349537
v 0.00453371 0.04600000 0.05349537
v 0.00654454 0.04525000 0.05504702
v 0.00654454 0.04600000 0.05504702
v 0.00551326 0.04600000 0.05316592
v 0.00551326 0.04525000 0.05316592
v 0.00583168 0.04525000 0.05422017
v 0.00583168 0.04600000 0.05422017
v 0.00551326 0.04600000 0.05156735
v 0.00551326 0.04525000 0.05156735
v 0.00543723 0.04525000 0.05236669
v 0.00543723 0.04600000 0.05236669
v 0.00642318 0.04600000 0.04988870
v 0.00642318 0.04525000 0.04988870
v 0.00583930 0.04525000 0.05059152
v 0.00583930 0.04600000 0.05059152
v 0.00727277 0.04600000 0.04964629
v 0.00727277 0.04525000 0.04964629
v 0.00682523 0.04525000 0.04969910
v 0.00682523 0.04600000 0.04969910
v 0.01184443 0.04525000 0.04964629
v 0.01184443 0.04600000 0.04964629
v 0.01340242 0.04600000 0.05120350
v 0.01340242 0.04525000 0.05120350
v 0.01296574 0.04525000 0.05026522
v 0.01296574 0.04600000 0.05026522
v 0.01242399 0.04525000 0.04978584
v 0.01242399 0.04600000 0.04978584
v 0.01355408 0.04525000 0.05240729
v 0.01355408 0.04600000 0.05240729
v -0.01141101 0.04508531 0.06720176
v -0.01043213 0.04508531 0.06720176
v -0.01114333 0.04520006 0.06607220
v -0.01032232 0.04514628 0.06668167
v -0.01113243 0.04520195 0.06604607
v -0.01016831 0.04518193 0.06630313
v -0.01058059 0.04524291 0.06521066
v -0.01000529 0.04520123 0.06605755
v -0.01040668 0.04524654 0.06505473
v -0.00947852 0.04522530 0.06566522
v -0.00976416 0.04525000 0.06468913
v -0.00859525 0.04523254 0.06550890
v -0.00236537 0.04508531 0.06720176
v -0.00145492 0.04508531 0.06720176
v -0.00237043 0.04517759 0.06635717
v -0.00145492 0.04523254 0.06550890
v -0.00238536 0.04523254 0.06550890
v 0.00281370 0.04523254 0.06550890
v 0.00281370 0.04525000 0.06468913
v -0.00236484 0.04499132 0.06791570
v -0.00145492 0.04499132 0.06791570
v -0.00236490 0.04503844 0.06755782
v -0.01047596 0.04502722 0.06764305
v -0.01143627 0.04502623 0.06765057
v -0.01049687 0.04496733 0.06809793
v -0.01142731 0.04496733 0.06809793
v -0.00145492 0.04525000 0.06275738
v -0.00236484 0.04525000 0.06275738
v -0.00145492 0.04525000 0.06449745
v -0.00236484 0.04525000 0.06449745
v -0.00861577 0.04525000 0.06449745
v -0.00933052 0.04525000 0.06456503
v 0.00281370 0.04525000 0.06449745
v -0.01142731 0.04572380 0.06809793
v -0.01143687 0.04577625 0.06769953
v -0.01141972 0.04582890 0.06729966
v -0.01136678 0.04588052 0.06687017
v -0.01114348 0.04595190 0.06607256
v -0.01103303 0.04596715 0.06583408
v -0.01044446 0.04599607 0.06508591
v -0.00976416 0.04600000 0.06468913
v -0.00923348 0.04600000 0.06454697
v -0.00861577 0.04600000 0.06449745
v -0.00236484 0.04600000 0.06449745
v -0.00236484 0.04600000 0.06275738
v -0.00145492 0.04600000 0.06275738
v -0.00145492 0.04600000 0.06449745
v 0.00281370 0.04600000 0.06449745
v 0.00281370 0.04598319 0.06550890
v 0.00281370 0.04600000 0.06468913
v -0.01049687 0.04572380 0.06809793
v -0.01047920 0.04577702 0.06769370
v -0.00859525 0.04598319 0.06550890
v -0.00926418 0.04597976 0.06559048
v -0.00954318 0.04597476 0.06569468
v -0.00983064 0.04596451 0.06588016
v -0.01022609 0.04592454 0.06642113
v -0.01044474 0.04582890 0.06729966
v -0.00238536 0.04598319 0.06550890
v -0.00236991 0.04592615 0.06640629
v -0.00236484 0.04574779 0.06791570
v -0.00236488 0.04578844 0.06760696
v -0.00236518 0.04582890 0.06729966
v -0.00145492 0.04574779 0.06791570
v -0.00145492 0.04582890 0.06729966
v -0.00145492 0.04598319 0.06550890
v -0.00875742 0.04600000 0.06174671
v -0.00875742 0.04525000 0.06174671
v -0.00985642 0.04525000 0.06148208
v -0.00985642 0.04600000 0.06148208
v -0.01069011 0.04525000 0.06074673
v -0.01069011 0.04600000 0.06074673
v -0.01122518 0.04525000 0.05970359
v -0.01122518 0.04600000 0.05970359
v -0.01147547 0.04525000 0.05836348
v -0.01147547 0.04600000 0.05836348
v -0.01140741 0.04525000 0.05699281
v -0.01140741 0.04600000 0.05699281
v -0.01070461 0.04525000 0.05521157
v -0.01070461 0.04600000 0.05521157
v -0.01001391 0.04525000 0.05454242
v -0.01001391 0.04600000 0.05454242
v -0.00900176 0.04525000 0.05419284
v -0.00900176 0.04600000 0.05419284
v -0.00875742 0.04525000 0.05418127
v -0.00875742 0.04600000 0.05418127
v -0.00406432 0.04525000 0.05418127
v -0.00406432 0.04600000 0.05418127
v -0.00250633 0.04600000 0.05674994
v -0.00250633 0.04525000 0.05674994
v -0.00294017 0.04525000 0.05580735
v -0.00294017 0.04600000 0.05580735
v -0.00346972 0.04525000 0.05533550
v -0.00346972 0.04600000 0.05533550
v -0.00406432 0.04525000 0.05519265
v -0.00406432 0.04600000 0.05519265
v -0.00250633 0.04600000 0.05917758
v -0.00250633 0.04525000 0.05917758
v -0.00234478 0.04525000 0.05796415
v -0.00234478 0.04600000 0.05796415
v -0.00406432 0.04600000 0.06073479
v -0.00406432 0.04525000 0.06073479
v -0.00385835 0.04525000 0.06071856
v -0.00385835 0.04600000 0.06071856
v -0.00329994 0.04525000 0.06047984
v -0.00329994 0.04600000 0.06047984
v -0.00301369 0.04525000 0.06020619
v -0.00301369 0.04600000 0.06020619
v -0.00875742 0.04525000 0.06073479
v -0.00875742 0.04600000 0.06073479
v -0.00406432 0.04525000 0.06174671
v -0.00406432 0.04600000 0.06174671
v -0.00153578 0.04600000 0.05944050
v -0.00153578 0.04525000 0.05944050
v -0.00228725 0.04525000 0.06092930
v -0.00228725 0.04600000 0.06092930
v -0.00291047 0.04525000 0.06144729
v -0.00291047 0.04600000 0.06144729
v -0.00153578 0.04600000 0.05648685
v -0.00153578 0.04525000 0.05648685
v -0.00133349 0.04525000 0.05796415
v -0.00133349 0.04600000 0.05796415
v -0.00297591 0.04525000 0.05444437
v -0.00297591 0.04600000 0.05444437
v -0.00212252 0.04525000 0.05520546
v -0.00212252 0.04600000 0.05520546
v -0.01027390 0.04600000 0.05937986
v -0.01027390 0.04525000 0.05937986
v -0.00989194 0.04525000 0.06011878
v -0.00989194 0.04600000 0.06011878
v -0.00934541 0.04525000 0.06059309
v -0.00934541 0.04600000 0.06059309
v -0.01043607 0.04600000 0.05715436
v -0.01043607 0.04525000 0.05715436
v -0.01049172 0.04525000 0.05828239
v -0.01049172 0.04600000 0.05828239
v -0.00875742 0.04600000 0.05519265
v -0.00875742 0.04525000 0.05519265
v -0.00929500 0.04525000 0.05530956
v -0.00929500 0.04600000 0.05530956
v -0.00986963 0.04525000 0.05577923
v -0.00986963 0.04600000 0.05577923
v 0.02014706 0.04565637 0.06468913
v 0.01754813 0.04600000 0.05893219
v 0.02016229 0.04565226 0.03023804
v 0.01754813 0.04600000 0.03023804
v 0.01754813 0.04600000 0.03873482
v 0.01754813 0.04600000 0.04396589
v 0.01754813 0.04600000 0.04777425
v 0.01754813 0.04600000 0.05331159
v 0.02256738 0.04464911 0.06468913
v 0.02256738 0.04464911 0.03023804
v -0.01150575 0.04600000 0.03023804
v -0.01154769 0.04600000 0.03023804
v -0.01385386 0.04600000 0.03023804
v -0.01385386 0.04585278 0.02852846
v -0.01385386 0.04539693 0.02681784
v 0.00361231 0.04600000 0.03023804
v 0.01754813 0.04539693 0.02681784
v 0.00439074 0.04600000 0.03023804
v 0.01462287 0.04600000 0.03023804
v 0.01754813 0.04584625 0.02849125
v -0.00941064 0.04595924 0.06596538
v -0.01328674 0.04582890 0.06729966
v -0.01313158 0.04600000 0.06468913
v -0.01150575 0.04600000 0.06468913
v 0.00361231 0.04600000 0.06468913
v 0.00361231 0.04600000 0.05893219
v 0.00361231 0.04600000 0.03873482
v -0.01150575 0.04600000 0.03873482
v 0.01462287 0.04600000 0.05893219
v 0.01462287 0.04600000 0.05331159
v 0.00439074 0.04600000 0.05331159
v 0.00439074 0.04600000 0.05893219
v 0.00439074 0.04600000 0.06468913
v 0.00439074 0.04600000 0.04777425
v 0.00439074 0.04600000 0.04396589
v 0.01462287 0.04600000 0.04777425
v 0.00439074 0.04600000 0.03873482
v 0.01462287 0.04600000 0.03873482
v 0.01462287 0.04600000 0.04396589
v -0.01150575 0.04600000 0.04396589
v 0.00361231 0.04600000 0.04396589
v 0.00361231 0.04600000 0.05331159
v 0.00361231 0.04600000 0.04777425
v -0.01150575 0.04600000 0.05331159
v -0.01150575 0.04600000 0.04777425
v -0.01150575 0.04600000 0.05893219
v -0.01154769 0.04600000 0.03873482
v -0.01154769 0.04600000 0.04396589
v -0.01154769 0.04600000 0.04777425
v -0.01154769 0.04600000 0.05331159
v -0.01154769 0.04600000 0.05893219
v -0.01325538 0.04600000 0.05893225
v -0.01337490 0.04600000 0.05331169
v -0.01349145 0.04600000 0.04777436
v -0.01357098 0.04600000 0.04396600
v -0.01367943 0.04600000 0.03873490
v 0.03850000 -0.00358860 0.05478535
v 0.03850000 -0.00358860 0.05722310
v 0.04000000 -0.00358860 0.05478535
v 0.04000000 -0.00358860 0.05722310
v 0.04000000 -0.00429199 0.05408196
v 0.03850000 -0.00429199 0.05408196
v 0.03850000 -0.00371610 0.05410454
v 0.04000000 -0.00371610 0.05410454
v 0.03850000 -0.00364561 0.05413101
v 0.04000000 -0.00364561 0.05413101
v 0.03850000 -0.00362930 0.05416074
v 0.04000000 -0.00362930 0.05416074
v 0.03850000 -0.00358924 0.05463794
v 0.04000000 -0.00358924 0.05463794
v 0.03850000 -0.00573316 0.05408196
v 0.04000000 -0.00573316 0.05408196
v 0.04000000 -0.00699329 0.05286789
v 0.03850000 -0.00699329 0.05286789
v 0.03850000 -0.00687315 0.05335803
v 0.04000000 -0.00687315 0.05335803
v 0.03850000 -0.00646433 0.05383617
v 0.04000000 -0.00646433 0.05383617
v 0.03850000 -0.00592099 0.05406662
v 0.04000000 -0.00592099 0.05406662
v 0.03850000 -0.00699329 0.05035548
v 0.04000000 -0.00699329 0.05035548
v 0.03850000 -0.00799616 0.05035548
v 0.04000000 -0.00799616 0.05035548
v 0.04000000 -0.00854792 0.04963193
v 0.03850000 -0.00854792 0.04963193
v 0.03850000 -0.00848647 0.05004152
v 0.04000000 -0.00848647 0.05004152
v 0.03850000 -0.00833602 0.05024045
v 0.04000000 -0.00833602 0.05024045
v 0.03850000 -0.00812263 0.05033834
v 0.04000000 -0.00812263 0.05033834
v 0.04000000 -0.00696226 0.04565947
v 0.03850000 -0.00696226 0.04565947
v 0.03850000 -0.00792445 0.04783975
v 0.04000000 -0.00792445 0.04783975
v 0.03850000 -0.00834097 0.04892251
v 0.04000000 -0.00834097 0.04892251
v 0.03850000 -0.00850794 0.04942989
v 0.04000000 -0.00850794 0.04942989
v 0.04000000 -0.00013646 0.03904763
v 0.03850000 -0.00013646 0.03904763
v 0.03850000 -0.00277690 0.03957751
v 0.04000000 -0.00277690 0.03957751
v 0.03850000 -0.00489251 0.04097762
v 0.04000000 -0.00489251 0.04097762
v 0.03850000 -0.00643593 0.04323666
v 0.04000000 -0.00643593 0.04323666
v 0.04000000 0.00669268 0.04587678
v 0.03850000 0.00669268 0.04587678
v 0.03850000 0.00616281 0.04323648
v 0.04000000 0.00616281 0.04323648
v 0.03850000 0.00470679 0.04106399
v 0.04000000 0.00470679 0.04106399
v 0.03850000 0.00464576 0.04100334
v 0.04000000 0.00464576 0.04100334
v 0.03850000 0.00231850 0.03950284
v 0.04000000 0.00231850 0.03950284
v 0.04000000 0.00539385 0.04988312
v 0.03850000 0.00539385 0.04988312
v 0.03850000 0.00634964 0.04801901
v 0.04000000 0.00634964 0.04801901
v 0.04000000 0.00366335 0.05403464
v 0.03850000 0.00366335 0.05403464
v 0.03850000 0.00403750 0.05173514
v 0.04000000 0.00403750 0.05173514
v 0.03850000 0.00366335 0.05722310
v 0.04000000 0.00366335 0.05722310
v 0.03579507 -0.00634683 0.09984737
v 0.03615245 -0.00400000 0.09782053
v 0.03441776 -0.00739104 0.10765843
v 0.03494938 -0.00800000 0.10464347
v 0.03361556 -0.00271606 0.11204926
v 0.03377163 -0.00426524 0.11130855
v 0.03382856 -0.00472634 0.11100000
v 0.03410370 -0.00634683 0.10943957
v 0.03382856 -0.00841178 0.11100000
v 0.03375026 -0.00896596 0.11141799
v 0.03410370 0.00634683 0.10943957
v 0.03382856 0.00841178 0.11100000
v 0.03375027 0.00896594 0.11141798
v 0.03382856 0.00472634 0.11100000
v 0.03353646 0.00144050 0.11238497
v 0.03356936 0.00206649 0.11224785
v 0.03363761 0.00297832 0.11195165
v 0.03374080 0.00399996 0.11146548
v 0.03548100 0.00739104 0.10162852
v 0.03494938 0.00800000 0.10464347
v 0.03984808 0.01437722 0.07686160
v 0.03895328 0.02100590 0.08193626
v 0.03855919 0.02230080 0.08417122
v 0.03979181 0.01605362 0.07718071
v 0.03970153 0.01708021 0.07769273
v 0.03895327 -0.02100590 0.08193626
v 0.03931433 -0.01951556 0.07988863
v 0.03940801 -0.01904731 0.07935734
v 0.03962316 0.01772316 0.07813717
v 0.03927026 0.01972111 0.08013858
v 0.03957603 -0.01805534 0.07840447
v 0.03970406 -0.01705682 0.07767837
v 0.03972338 -0.01687112 0.07756881
v 0.03834236 -0.02292231 0.08540093
v 0.03862498 -0.02210113 0.08379810
v 0.03382856 -0.02528912 0.11100000
v 0.03984759 0.01453331 0.07686436
v 0.03983908 -0.01504801 0.07691264
v 0.03984808 -0.01437722 0.07686160
v 0.03766324 -0.02459821 0.08925245
v 0.03632668 0.00104421 0.09683241
v 0.03382856 0.02528912 0.11100000
v 0.03633338 0.02715932 0.09679446
v 0.03757648 0.02478970 0.08974446
v 0.03845490 0.02260631 0.08476269
v 0.03633338 -0.02715932 0.09679446
v 0.03644010 -0.02697819 0.09618918
v 0.03615245 0.00400000 0.09782053
v 0.01500000 0.03875000 0.12600000
v -0.01000000 0.03875000 0.12600000
v 0.03000000 0.02375000 0.12600000
v -0.01292623 0.03846193 0.12600000
v -0.01404016 0.03819536 0.12600000
v -0.01573989 0.03760793 0.12600000
v -0.01778665 0.03657047 0.12600000
v -0.01833306 0.03622203 0.12600000
v -0.02307560 0.03109938 0.12600000
v -0.02385731 0.02949015 0.12600000
v -0.02457242 0.02729749 0.12600000
v -0.02470994 0.02667601 0.12600000
v -0.02500000 0.02375000 0.12600000
v -0.02500000 -0.02375000 0.12600000
v -0.02471194 -0.02667668 0.12600000
v -0.02444449 -0.02779628 0.12600000
v -0.02385803 -0.02949021 0.12600000
v -0.02281561 -0.03154409 0.12600000
v -0.02247201 -0.03208352 0.12600000
v -0.01736487 -0.03681717 0.12600000
v -0.01574027 -0.03760798 0.12600000
v -0.01355728 -0.03832132 0.12600000
v -0.01292616 -0.03846098 0.12600000
v -0.01000000 -0.03875000 0.12600000
v 0.01500000 -0.03875000 0.12600000
v 0.03000000 -0.02375000 0.12600000
v -0.02060610 0.03435671 0.12600000
v -0.02247121 0.03208340 0.12600000
v -0.02060707 -0.03435691 0.12600000
v -0.01833338 -0.03622152 0.12600000
v 0.02885757 0.02949063 0.12600000
v 0.02747068 0.03208229 0.12600000
v 0.01792556 0.03845939 0.12600000
v 0.02560533 0.03435525 0.12600000
v 0.02073937 0.03760653 0.12600000
v 0.02333339 0.03622178 0.12600000
v 0.02971013 0.02667641 0.12600000
v 0.02074063 -0.03760765 0.12600000
v 0.02333214 -0.03622074 0.12600000
v 0.02970954 -0.02667566 0.12600000
v 0.02560498 -0.03435537 0.12600000
v 0.02885681 -0.02948961 0.12600000
v 0.02747176 -0.03208353 0.12600000
v 0.01792643 -0.03846017 0.12600000
v -0.01645070 -0.03981253 0.11300526
v 0.01851645 -0.03982713 0.11289434
v -0.01620721 -0.03971728 0.11374205
v 0.01794943 -0.03958706 0.11477840
v 0.01513275 -0.03877960 0.12412768
v -0.01028857 -0.03877751 0.12414352
v 0.01549035 -0.03886332 0.12225935
v -0.01047878 -0.03879644 0.12358085
v -0.01104965 -0.03885616 0.12231367
v 0.01663612 -0.03916264 0.11852516
v -0.01186109 -0.03894816 0.12090939
v 0.01730233 -0.03936302 0.11665455
v -0.01432591 -0.03929327 0.11724609
v -0.01568080 -0.03956560 0.11494137
v 0.03012788 -0.02378879 0.12412756
v 0.03047263 -0.02389672 0.12225895
v 0.02983776 -0.02671277 0.12412733
v 0.03285360 -0.02476734 0.11477719
v 0.03157939 -0.02426952 0.11852410
v 0.03129248 -0.02717723 0.11852202
v 0.03256826 -0.02766607 0.11477486
v 0.03354210 -0.02819083 0.11100000
v 0.03173143 -0.03044418 0.11476932
v 0.03270061 -0.03097214 0.11100000
v 0.03203446 -0.03236970 0.11100000
v 0.03037367 -0.03299587 0.11476292
v 0.03133280 -0.03352901 0.11100000
v 0.02854407 -0.03522809 0.11475857
v 0.02948719 -0.03576369 0.11100000
v 0.02630919 -0.03706502 0.11475801
v 0.02723646 -0.03759560 0.11100000
v 0.02606977 -0.03829397 0.11100000
v 0.02374175 -0.03843954 0.11476161
v 0.02466469 -0.03895605 0.11100000
v 0.03045108 -0.02996749 0.11851710
v 0.02908598 -0.03253313 0.11851140
v 0.02724696 -0.03477904 0.11850753
v 0.02500232 -0.03662749 0.11850704
v 0.02242728 -0.03801001 0.11851024
v 0.01960565 -0.03886849 0.11851677
v 0.02092310 -0.03929402 0.11476896
v 0.02898614 -0.02952451 0.12412679
v 0.02760307 -0.03211577 0.12412617
v 0.02573908 -0.03438520 0.12412575
v 0.02346906 -0.03624912 0.12412569
v 0.02087912 -0.03763586 0.12412604
v 0.01806395 -0.03848922 0.12412675
v 0.03018338 -0.02681640 0.12225817
v 0.02933454 -0.02962249 0.12225632
v 0.02795644 -0.03220696 0.12225419
v 0.02609940 -0.03447024 0.12225274
v 0.02383645 -0.03633031 0.12225255
v 0.02125050 -0.03771640 0.12225375
v 0.01843308 -0.03857167 0.12225620
v 0.02205488 -0.03975314 0.11100000
v 0.02186439 -0.03979170 0.11100000
v 0.03285360 0.02476734 0.11477719
v 0.03157939 0.02426952 0.11852410
v 0.03012788 0.02378879 0.12412756
v 0.03047263 0.02389672 0.12225895
v 0.03203436 0.03236965 0.11100000
v 0.03133175 0.03352781 0.11100000
v 0.03037288 0.03299488 0.11476299
v 0.02606968 0.03829381 0.11100000
v 0.02466347 0.03895497 0.11100000
v 0.02374091 0.03843874 0.11476171
v 0.01960445 0.03886747 0.11851668
v 0.01663612 0.03916264 0.11852516
v 0.01843208 0.03857081 0.12225617
v 0.01549035 0.03886332 0.12225935
v 0.01806304 0.03848842 0.12412675
v 0.01513275 0.03877960 0.12412768
v 0.02092187 0.03929299 0.11476886
v 0.02186354 0.03979095 0.11100000
v 0.01894239 0.04007564 0.11100000
v 0.01851645 0.03982713 0.11289434
v 0.01794943 0.03958706 0.11477840
v 0.01730233 0.03936302 0.11665455
v 0.02242638 0.03800916 0.11851033
v 0.02124937 0.03771538 0.12225378
v 0.02087791 0.03763476 0.12412605
v 0.02723767 0.03759661 0.11100000
v 0.02631012 0.03706592 0.11475795
v 0.02500330 0.03662842 0.11850698
v 0.02383760 0.03633131 0.12225253
v 0.02347028 0.03625015 0.12412569
v 0.02948752 0.03576358 0.11100000
v 0.02854438 0.03522800 0.11475857
v 0.02724727 0.03477895 0.11850753
v 0.02609974 0.03447012 0.12225274
v 0.02573942 0.03438508 0.12412575
v 0.02908515 0.03253210 0.11851147
v 0.02795545 0.03220580 0.12225422
v 0.02760201 0.03211455 0.12412617
v 0.03270134 0.03097311 0.11100000
v 0.03173181 0.03044499 0.11476924
v 0.03045150 0.02996833 0.11851702
v 0.02933518 0.02962344 0.12225629
v 0.02898686 0.02952551 0.12412678
v 0.03354267 0.02819154 0.11100000
v 0.03256919 0.02766702 0.11477495
v 0.03129338 0.02717817 0.11852210
v 0.03018408 0.02681722 0.12225820
v 0.02983839 0.02671354 0.12412734
v -0.01675160 0.04007564 0.11100000
v -0.01645070 0.03981253 0.11300526
v -0.01568080 0.03956560 0.11494137
v -0.01459883 0.03934067 0.11682431
v -0.01336170 0.03914357 0.11867003
v -0.01104965 0.03885616 0.12231367
v -0.01028857 0.03877751 0.12414352
v -0.02482761 0.02668099 0.12412817
v -0.02511073 0.02377129 0.12412798
v -0.01396497 0.03854897 0.12230815
v -0.02672999 0.02925207 0.11478338
v -0.02759458 0.02676289 0.11289780
v -0.02718203 0.02675910 0.11478347
v -0.02800091 0.02401601 0.11100000
v -0.02734471 0.02407587 0.11478151
v -0.02717611 0.03038473 0.11100003
v -0.02746642 0.02915837 0.11100003
v -0.02716921 0.02931527 0.11289773
v -0.02779377 0.02722866 0.11100003
v -0.02393290 0.03650553 0.11293157
v -0.02520042 0.03537876 0.11100000
v -0.02548698 0.03425259 0.11290687
v -0.02562304 0.03463583 0.11100000
v -0.02588466 0.03408414 0.11100000
v -0.01321220 0.03848409 0.12414191
v -0.01675892 0.03763156 0.12229437
v -0.01602094 0.03761223 0.12413789
v -0.01928665 0.03615747 0.12227758
v -0.01859628 0.03620150 0.12413299
v -0.02142894 0.03421848 0.12226548
v -0.02083303 0.03431566 0.12412947
v -0.02321843 0.03401137 0.11854152
v -0.02135310 0.03610411 0.11857379
v -0.01897485 0.03775394 0.11861855
v -0.01624010 0.03879735 0.11865531
v -0.02540646 0.02382537 0.12226038
v -0.02514140 0.02669380 0.12226104
v -0.02437181 0.02941499 0.12226101
v -0.02399815 0.02946832 0.12412816
v -0.02312430 0.03193987 0.12226225
v -0.02265079 0.03204150 0.12412852
v -0.02633396 0.02397316 0.11852793
v -0.02612221 0.02673005 0.11852968
v -0.02552467 0.02928692 0.11852959
v -0.02456178 0.03170172 0.11853291
v -0.01945293 0.03970160 0.11100000
v -0.01921116 0.03943057 0.11299399
v -0.01827517 0.03995895 0.11100000
v -0.01957482 0.03966611 0.11100000
v -0.02142899 0.03890269 0.11100000
v -0.02178282 0.03829163 0.11296584
v -0.02195035 0.03860393 0.11100000
v -0.02217369 0.03846286 0.11100000
v -0.02405838 0.03687304 0.11100000
v -0.01744705 0.03897605 0.11680706
v -0.01848997 0.03918793 0.11492481
v -0.02013735 0.03787630 0.11676398
v -0.02112591 0.03805231 0.11488346
v -0.02243129 0.03614742 0.11671153
v -0.02334087 0.03627245 0.11483310
v -0.02415736 0.03397927 0.11667371
v -0.02495598 0.03404671 0.11479679
v -0.02600099 0.03165767 0.11478712
v -0.02647665 0.03179863 0.11290028
v -0.02616106 0.03343177 0.11100003
v -0.02533008 0.03163739 0.11666363
v -0.02511073 -0.02377129 0.12412798
v -0.02540646 -0.02382537 0.12226038
v -0.02633396 -0.02397316 0.11852793
v -0.02734471 -0.02407587 0.11478151
v -0.02774449 -0.02407361 0.11289646
v -0.02800091 -0.02401601 0.11100000
v -0.01859661 -0.03620094 0.12413299
v -0.02482952 -0.02668161 0.12412816
v -0.02548760 -0.03425293 0.11290693
v -0.02562390 -0.03463559 0.11100000
v -0.02514766 -0.03546266 0.11100000
v -0.02588466 -0.03408414 0.11100000
v -0.02647721 -0.03179806 0.11290025
v -0.02693337 -0.03124111 0.11100020
v -0.02716949 -0.02931549 0.11289775
v -0.02761868 -0.02836381 0.11100025
v -0.02759495 -0.02676244 0.11289778
v -0.02779269 -0.02722809 0.11100020
v -0.02796062 -0.02542910 0.11100006
v -0.02514309 -0.02669427 0.12226103
v -0.02612326 -0.02673011 0.11852965
v -0.02437247 -0.02941513 0.12226102
v -0.02399885 -0.02946840 0.12412816
v -0.02312505 -0.03193983 0.12226224
v -0.02265157 -0.03204158 0.12412852
v -0.02142978 -0.03421889 0.12226551
v -0.02083396 -0.03431593 0.12412947
v -0.02321902 -0.03401209 0.11854161
v -0.02456245 -0.03170138 0.11853288
v -0.02552520 -0.02928719 0.11852962
v -0.01321232 -0.03848288 0.12414189
v -0.01396557 -0.03854711 0.12230808
v -0.01624200 -0.03879379 0.11865513
v -0.02433869 -0.03655585 0.11100000
v -0.02405850 -0.03687199 0.11100000
v -0.02393313 -0.03650432 0.11293154
v -0.02291601 -0.03793004 0.11100000
v -0.02195168 -0.03860393 0.11100000
v -0.02178355 -0.03829259 0.11296595
v -0.02000520 -0.03952548 0.11100000
v -0.01921387 -0.03942642 0.11299385
v -0.01945507 -0.03969854 0.11100000
v -0.01817674 -0.03997177 0.11100000
v -0.01849274 -0.03918346 0.11492461
v -0.01744950 -0.03897185 0.11680685
v -0.02013752 -0.03787776 0.11676414
v -0.01897498 -0.03775520 0.11861869
v -0.02135350 -0.03610305 0.11857376
v -0.01675918 -0.03763207 0.12229442
v -0.01928701 -0.03615676 0.12227757
v -0.01602128 -0.03761242 0.12413790
v -0.02243168 -0.03614620 0.11671148
v -0.02112627 -0.03805371 0.11488362
v -0.02718252 -0.02675876 0.11478344
v -0.02673035 -0.02925237 0.11478341
v -0.02334121 -0.03627118 0.11483306
v -0.02495650 -0.03404737 0.11479689
v -0.02415788 -0.03398003 0.11667381
v -0.02600157 -0.03165710 0.11478708
v -0.02533071 -0.03163691 0.11666359
v -0.02615784 -0.02924902 0.11665976
v 0.01084699 -0.02581362 0.00100000
v 0.01573369 -0.02316141 0.00100000
v 0.01348335 -0.02567488 0.00100000
v 0.01432063 -0.02544770 0.00100000
v -0.00524546 -0.02750428 0.00100000
v -0.00518838 -0.02751510 0.00100000
v -0.00000000 -0.02800000 0.00100000
v 0.01890781 -0.02065175 0.00100000
v 0.01588664 -0.02609313 0.00100000
v 0.01517533 -0.02559645 0.00100000
v -0.00780332 -0.02818213 0.00100000
v -0.00862072 -0.02768905 0.00100000
v -0.01030517 -0.02603466 0.00100000
v -0.01348335 -0.02567488 0.00100000
v -0.01500000 -0.02364318 0.00100000
v -0.01422769 -0.02545418 0.00100000
v -0.01500000 -0.02553357 0.00100000
v 0.01965044 -0.01994643 0.00100000
v 0.01991924 -0.01967801 0.00100000
v 0.02000000 -0.01959592 0.00100000
v 0.01012839 -0.02610394 0.00100000
v 0.00862072 -0.02768905 0.00100000
v 0.00553257 -0.02744796 0.00100000
v 0.00780332 -0.02818213 0.00100000
v 0.01669865 -0.02837524 0.00100000
v 0.01660627 -0.02775018 0.00100000
v 0.01632071 -0.02684428 0.00100000
v -0.02308196 0.01692399 0.00270569
v -0.02212593 0.01792852 0.00231254
v -0.02191994 0.01742172 0.00100000
v -0.01750563 0.02185299 0.00100000
v -0.01747863 0.02194598 0.00115418
v -0.01888847 0.02066944 0.00100000
v -0.01956135 0.02003381 0.00100000
v -0.01986985 0.02003707 0.00160194
v -0.02003517 0.01955996 0.00100000
v -0.02067308 0.01888448 0.00100000
v -0.01862611 0.02090617 0.00100000
v -0.02422012 0.01562125 0.00325206
v -0.02524042 0.01212111 0.00100000
v -0.02620340 0.01299660 0.00443245
v -0.02922174 0.00747274 0.00693792
v -0.02794070 0.01015868 0.00575079
v -0.02730139 0.00621563 0.00100000
v -0.02731239 0.01126202 0.00523913
v -0.02641539 0.01268282 0.00457779
v -0.03083086 0.00000090 0.00877774
v -0.03078523 0.00122064 0.00871885
v -0.02800000 -0.00000000 0.00100000
v -0.03053747 0.00311456 0.00840687
v -0.02751315 0.00519869 0.00100000
v -0.03002200 0.00522796 0.00779624
v -0.02951589 0.00672474 0.00724177
v -0.03023924 -0.00445132 0.00804756
v -0.03063493 -0.00253481 0.00852807
v -0.03081892 -0.00061607 0.00876228
v -0.02957057 -0.00657650 0.00729969
v -0.02730139 -0.00621563 0.00100000
v -0.02855175 -0.00896912 0.00629116
v -0.02619778 -0.00988314 0.00100000
v -0.02703129 -0.01172487 0.00502351
v -0.02524042 -0.01212111 0.00100000
v -0.02641804 -0.01267885 0.00457963
v -0.02231900 -0.01773159 0.00238731
v -0.02280999 -0.01721746 0.00258794
v -0.02191994 -0.01742172 0.00100000
v -0.02307439 -0.01693225 0.00270234
v -0.02507010 -0.01455866 0.00372015
v -0.02061762 -0.01937499 0.00180515
v -0.02067308 -0.01888448 0.00100000
v -0.02003517 -0.01955996 0.00100000
v -0.01956135 -0.02003381 0.00100000
v -0.01888847 -0.02066944 0.00100000
v -0.01832920 -0.02130064 0.00127904
v -0.01750563 -0.02185299 0.00100000
v -0.01579488 -0.02312662 0.00101580
v 0.02233755 -0.01688294 0.00100000
v 0.02215066 -0.01719682 0.00111597
v 0.02408537 -0.01457769 0.00142170
v 0.02543382 -0.01170985 0.00100000
v 0.02578279 -0.01169476 0.00185426
v 0.02714375 -0.00862251 0.00231935
v 0.02735093 -0.00599387 0.00100000
v 0.02806987 -0.00558108 0.00270035
v 0.02857902 -0.00267279 0.00293345
v 0.02800000 -0.00000000 0.00100000
v 0.02873011 0.00000000 0.00300597
v 0.02735093 0.00599387 0.00100000
v 0.02543382 0.01170985 0.00100000
v 0.02593253 0.01140020 0.00190013
v 0.02717341 0.00854245 0.00233072
v 0.02805001 0.00566419 0.00269160
v 0.02856126 0.00282603 0.00292502
v 0.02039899 0.01918240 0.00100398
v 0.02233755 0.01688294 0.00100000
v 0.02242602 0.01685529 0.00114768
v 0.02436701 0.01414632 0.00148259
v 0.02256974 -0.02902847 0.00116784
v 0.02509688 -0.02911879 0.00166414
v 0.02754029 -0.02926691 0.00247806
v 0.03230723 -0.02770086 0.00523524
v 0.02985886 -0.02947086 0.00359877
v 0.02754029 0.02926691 0.00247806
v 0.02985886 0.02947086 0.00359877
v 0.03229641 0.02770882 0.00522573
v 0.03250733 0.02753995 0.00539240
v 0.03970215 -0.01710127 0.01756208
v 0.03939269 -0.01826178 0.01610895
v 0.03830383 0.02083301 0.01294012
v 0.03843670 -0.02057904 0.01324934
v 0.03791173 0.02152746 0.01210140
v 0.03754837 -0.02210995 0.01140484
v 0.03614726 0.02400028 0.00919903
v 0.03632658 -0.02378266 0.00944823
v 0.03556079 0.02467453 0.00843586
v 0.03578163 -0.02442752 0.00871430
v 0.03440208 0.02586979 0.00712221
v 0.03440602 -0.02586743 0.00712683
v 0.03350747 -0.02669683 0.00625065
v 0.04000000 0.01437722 0.02100000
v 0.04000000 -0.01437722 0.02100000
v 0.03984880 0.01631871 0.01854681
v 0.03951382 0.01785078 0.01662185
v 0.02256974 0.02902847 0.00116784
v 0.02509688 0.02911879 0.00166414
v -0.02525756 -0.02947739 0.00383077
v -0.02682827 -0.02958861 0.00487263
v -0.01794438 0.02903766 0.00121832
v -0.01658753 0.02900941 0.00106311
v -0.01668347 0.02859894 0.00107071
v -0.01646322 0.02729637 0.00105360
v -0.01632072 0.02684431 0.00104366
v -0.01660630 0.02775025 0.00106461
v -0.01570328 0.02591724 0.00101242
v -0.01618941 0.02652623 0.00103550
v -0.02082472 0.02915570 0.00186697
v -0.02286134 0.02929004 0.00260982
v -0.02524453 0.02947583 0.00382299
v -0.02729323 0.02961682 0.00522415
v -0.03077748 0.02965042 0.00870890
v -0.02777938 0.02964162 0.00561538
v -0.03016449 0.02967974 0.00796013
v -0.03210058 0.02948722 0.01062840
v -0.03330563 -0.02909671 0.01294370
v -0.03330822 0.02909509 0.01294959
v -0.03264986 0.02935328 0.01159347
v -0.03380505 -0.02878504 0.01419046
v -0.03426980 -0.02831986 0.01564511
v -0.03413614 0.02847744 0.01518553
v -0.03470561 -0.02757327 0.01758109
v -0.03500000 -0.02661975 0.02100000
v -0.03500000 0.02661975 0.02100000
v -0.03492143 -0.02701377 0.01922533
v -0.03492142 0.02701379 0.01922526
v -0.03470559 0.02757332 0.01758095
v -0.03077664 -0.02965130 0.00870782
v -0.03233779 -0.02943675 0.01103000
v -0.02778286 -0.02964062 0.00561824
v -0.03016780 -0.02967954 0.00796397
v -0.03030710 -0.02967508 0.00812784
v -0.02304958 -0.02930446 0.00269142
v -0.02127099 -0.02918151 0.00200856
v -0.01520139 -0.02560741 0.00100101
v -0.01589311 -0.02610022 0.00102006
v -0.01632072 -0.02684431 0.00104366
v -0.01646322 -0.02729637 0.00105360
v -0.01660630 -0.02775025 0.00106461
v -0.01668905 -0.02815396 0.00107119
v -0.01668001 -0.02862530 0.00107043
v -0.01439436 -0.04579972 0.06701507
v -0.01523260 -0.04577583 0.06473459
v -0.01757365 -0.04494838 0.06609714
v -0.01724013 -0.04511657 0.06477802
v -0.01655178 -0.04535659 0.06640989
v -0.01548737 -0.04564132 0.06671717
v 0.02016229 -0.04565226 0.03023804
v 0.01754813 -0.04584625 0.02849125
v 0.01888219 -0.04555206 0.02759809
v 0.02018417 -0.04547751 0.02844181
v 0.02016229 -0.04550386 0.02855199
v 0.02142246 -0.04517400 0.02932892
v 0.01754813 -0.04539693 0.02681784
v 0.02256738 -0.04464911 0.03023804
v 0.01902495 -0.04577356 0.06699518
v 0.02014706 -0.04565637 0.06468913
v 0.02033066 -0.04553446 0.06667206
v 0.02158769 -0.04511768 0.06633642
v 0.02256738 -0.04464911 0.06468913
v 0.02277217 -0.04452934 0.06599439
v -0.01439436 0.04579972 0.06701507
v -0.01523260 0.04577583 0.06473459
v -0.01548737 0.04564132 0.06671717
v -0.01655178 0.04535659 0.06640989
v -0.01724013 0.04511657 0.06477802
v -0.01757365 0.04494838 0.06609714
v -0.01451953 -0.04563626 0.02765015
v -0.01385386 -0.04539693 0.02681784
v -0.01385386 -0.04585278 0.02852846
v -0.01515689 -0.04591459 0.03026465
v -0.01517727 -0.04576080 0.02851329
v -0.01643771 -0.04566028 0.03029080
v 0.02729318 -0.03647765 0.00557702
v 0.02728660 -0.03714521 0.00633716
v 0.02653854 -0.03747952 0.00654433
v 0.02955367 -0.03102572 0.00357151
v 0.02956224 -0.03300904 0.00417421
v 0.02913285 -0.03254227 0.00376229
v 0.03135305 -0.03706965 0.01130435
v 0.03156401 -0.03685636 0.01110074
v 0.03290120 -0.03550832 0.01229938
v 0.03305093 -0.03523416 0.01139617
v 0.03309993 -0.03506857 0.01092377
v 0.03156401 -0.03633080 0.00931216
v 0.03310126 -0.03432960 0.00919925
v 0.03156401 -0.03537941 0.00770902
v 0.03156401 -0.03406122 0.00639084
v 0.03273841 -0.03325141 0.00732692
v 0.03163906 -0.03149501 0.00517399
v 0.03212924 -0.03218656 0.00592047
v 0.03156401 -0.03245809 0.00543944
v 0.03240454 -0.03262642 0.00645966
v 0.03265821 -0.03308781 0.00708720
v 0.03088667 -0.03057036 0.00434706
v 0.02958515 -0.03089062 0.00356511
v 0.03101367 -0.03071783 0.00446658
v 0.03153449 -0.03135824 0.00503980
v 0.02860755 -0.03398110 0.00416577
v 0.02956224 -0.03490786 0.00530109
v 0.02798916 -0.03530328 0.00477603
v 0.02574428 -0.03828439 0.00765328
v 0.02728660 -0.03838094 0.00841941
v 0.02492943 -0.03886779 0.00887918
v 0.02956224 -0.03759603 0.00876121
v 0.02943180 -0.03818793 0.01036773
v 0.02724761 -0.03879721 0.00954389
v 0.02956224 -0.03646916 0.00686239
v 0.02033066 0.04553446 0.06667206
v 0.01902495 0.04577356 0.06699518
v 0.01769441 0.04582890 0.06729966
v 0.02277217 0.04452934 0.06599439
v 0.02158769 0.04511768 0.06633642
v 0.02663120 0.04189225 0.08030203
v 0.02602700 0.04235667 0.07778230
v 0.02467076 0.04320435 0.07813147
v 0.02145230 0.04311511 0.08791293
v 0.02215660 0.04247549 0.09277131
v 0.02403875 0.04232389 0.09248873
v 0.01963639 0.04455929 0.07694331
v 0.02162628 0.04417748 0.07879292
v 0.02585219 0.04181693 0.09216895
v 0.02319031 0.04381561 0.07847128
v 0.02753350 0.04097902 0.09182403
v 0.02901923 0.03983457 0.09146605
v 0.02515735 0.04185024 0.09433421
v 0.03252076 0.03590326 0.09998933
v 0.03317598 0.03471920 0.10100415
v 0.03361339 0.03440639 0.09977494
v 0.03383568 0.03369729 0.10080838
v 0.03441810 0.03314557 0.09919582
v 0.03461689 0.03228749 0.10033791
v 0.03500311 0.03211585 0.09846497
v 0.03512477 0.03120735 0.09983392
v 0.03544344 0.03124927 0.09765725
v 0.03332029 0.03494269 0.09870206
v 0.03264486 0.03584214 0.09891129
v 0.03136628 0.03727635 0.09966617
v 0.03190260 0.03676549 0.09860392
v 0.03088380 0.03789319 0.09851872
v 0.02812952 0.04050335 0.09357895
v 0.02670285 0.04130166 0.09396753
v 0.02884157 0.03989430 0.09530627
v 0.02768977 0.04062271 0.09573805
v 0.02972124 0.03908031 0.09698220
v 0.02887441 0.03969203 0.09745629
v 0.02957841 0.03907531 0.09827254
v 0.03039214 0.03830107 0.09903233
v 0.02353475 0.04213013 0.09466837
v 0.02473880 0.04170080 0.09612473
v 0.02643857 0.04117676 0.09615223
v 0.02511241 0.04154339 0.09654019
v 0.02691704 0.04062133 0.09831434
v 0.03608375 0.02980363 0.09596670
v 0.03507942 0.03227216 0.09505797
v 0.03459375 0.03306426 0.09667727
v 0.03431438 0.03350054 0.09736136
v 0.03386327 0.03417410 0.09814758
v 0.03349984 0.03469291 0.09855745
v 0.03604978 0.02848516 0.09798367
v 0.03583286 0.02926002 0.09858873
v 0.03132820 0.03743839 0.09800166
v 0.03090733 0.03791017 0.09735066
v 0.03048269 0.03836969 0.09650180
v 0.02982597 0.03904853 0.09472795
v 0.02805290 0.03989210 0.09922770
v 0.02810810 0.03985371 0.09926819
v 0.02928071 0.03896574 0.10003556
v 0.03117395 0.03719717 0.10085980
v 0.03233659 0.03585364 0.10105676
v 0.03996149 0.01437722 0.07600193
v 0.03989919 0.01638764 0.07632300
v 0.03971320 0.01839009 0.07728168
v 0.03940477 0.02037676 0.07887116
v 0.03897513 0.02233983 0.08108464
v 0.03842559 0.02427149 0.08391516
v 0.03775832 0.02616419 0.08735088
v 0.03697659 0.02801065 0.09137408
v 0.03621124 0.03021546 0.09047304
v 0.03720278 0.02808756 0.08645640
v 0.03804957 0.02589809 0.08302615
v 0.03874721 0.02365673 0.08020006
v 0.03929278 0.02137355 0.07799000
v 0.03968456 0.01905896 0.07640295
v 0.03992086 0.01672338 0.07544571
v 0.04000000 0.01437722 0.07512511
v 0.03996195 -0.01437722 0.07599670
v 0.04000000 -0.01437722 0.07512511
v 0.03598895 -0.03055129 0.09352072
v 0.03607992 -0.02981929 0.09596138
v 0.03507942 -0.03227216 0.09505797
v 0.03836989 -0.02362250 0.08506630
v 0.03759281 -0.02564520 0.08940089
v 0.03666605 -0.02760039 0.09457067
v 0.03947612 -0.01998669 0.07849789
v 0.03899173 -0.02154423 0.08159778
v 0.03966141 -0.01879337 0.07754409
v 0.03980265 -0.01759379 0.07681689
v 0.03989958 -0.01638966 0.07631776
v 0.03995192 -0.01518265 0.07604817
v 0.03998731 -0.01531629 0.07517651
v 0.03992086 -0.01672338 0.07544571
v 0.03968456 -0.01905896 0.07640295
v 0.03929278 -0.02137355 0.07799000
v 0.03897452 -0.02234784 0.08107939
v 0.03874721 -0.02365673 0.08020006
v 0.03830009 -0.02466373 0.08454918
v 0.03804957 -0.02589809 0.08302615
v 0.03745689 -0.02692136 0.08888541
v 0.03720278 -0.02808756 0.08645640
v 0.03713682 -0.02815710 0.08835305
v 0.03682329 -0.02894665 0.08799370
v 0.03621124 -0.03021546 0.09047304
v 0.03645061 -0.02910818 0.09405719
v 0.03632483 -0.02823506 0.09647411
v 0.02985661 -0.03865948 0.09953909
v 0.03039212 -0.03830110 0.09903234
v 0.03136630 -0.03727633 0.09966619
v 0.03583283 -0.02926013 0.09858882
v 0.02887445 -0.03969199 0.09745636
v 0.02403875 -0.04232389 0.09248873
v 0.02337895 -0.04217706 0.09446658
v 0.02515736 -0.04185024 0.09433424
v 0.02511256 -0.04154333 0.09654037
v 0.02643870 -0.04117670 0.09615240
v 0.02608057 -0.04108335 0.09754068
v 0.02795379 -0.04019748 0.09791803
v 0.02585219 -0.04181693 0.09216895
v 0.02753350 -0.04097902 0.09182403
v 0.02670286 -0.04130166 0.09396756
v 0.02812952 -0.04050335 0.09357898
v 0.02768986 -0.04062265 0.09573822
v 0.02884164 -0.03989424 0.09530643
v 0.02986960 -0.03900453 0.09486566
v 0.03000660 -0.03886541 0.09527830
v 0.03252077 -0.03590325 0.09998935
v 0.03203491 -0.03660547 0.09869735
v 0.03261425 -0.03588151 0.09890933
v 0.03282431 -0.03560905 0.09890395
v 0.03361339 -0.03440639 0.09977494
v 0.03341682 -0.03480897 0.09862916
v 0.03441808 -0.03314560 0.09919586
v 0.03386325 -0.03417412 0.09814762
v 0.03500307 -0.03211593 0.09846505
v 0.03433580 -0.03346758 0.09731445
v 0.03544341 -0.03124934 0.09765732
v 0.03459372 -0.03306430 0.09667734
v 0.03441741 -0.03267071 0.10048606
v 0.03383461 -0.03369906 0.10080884
v 0.03289728 -0.03511404 0.10104312
v 0.03564571 -0.02984587 0.09900635
v 0.03475791 -0.03200445 0.10021850
v 0.02901923 -0.03983457 0.09146605
v 0.02884180 -0.03952413 0.09875733
v 0.03048271 -0.03836967 0.09650187
v 0.03108755 -0.03771026 0.09765208
v 0.03190261 -0.03676547 0.09860395
v 0.03233660 -0.03585363 0.10105678
v 0.03126572 -0.03709930 0.10088507
v 0.03073244 -0.03765152 0.10071840
v 0.02928068 -0.03896578 0.10003556
v 0.02855974 -0.03952848 0.09958509
v 0.02697084 -0.04058943 0.09836114
v 0.02162628 -0.04417748 0.07879292
v 0.02319031 -0.04381561 0.07847128
v 0.02467076 -0.04320435 0.07813147
v 0.02602700 -0.04235667 0.07778230
v -0.01517727 0.04576080 0.02851329
v -0.01515689 0.04591459 0.03026465
v -0.01643771 0.04566028 0.03029080
v -0.01987863 -0.03890939 0.00899349
v -0.02028658 -0.03904324 0.00936122
v -0.02162910 -0.03846731 0.00821952
v -0.01919864 -0.03874482 0.00854133
v -0.02319285 -0.03532903 0.00485273
v -0.02216924 -0.03637772 0.00539904
v -0.02110982 -0.03733166 0.00620241
v -0.02010742 -0.03814250 0.00727183
v -0.02619929 -0.03580135 0.00680469
v -0.02480619 -0.03675213 0.00694216
v -0.02320304 -0.03766764 0.00739466
v -0.02809657 -0.03616095 0.00859336
v -0.02660138 -0.03710799 0.00848217
v -0.02479298 -0.03804025 0.00875068
v -0.02285008 -0.03887741 0.00944762
v -0.02124392 -0.03955008 0.01075377
v -0.02930939 -0.03638908 0.01021624
v -0.02773366 -0.03743806 0.00993755
v -0.02582672 -0.03843355 0.01012242
v -0.02366726 -0.03934190 0.01082134
v -0.02162689 -0.03995416 0.01186396
v -0.02387615 -0.04246102 0.02293952
v -0.02584276 -0.04119173 0.02044979
v -0.02424151 -0.04185351 0.01942659
v -0.01899607 -0.04479847 0.02751593
v -0.02017016 -0.04438294 0.02827887
v -0.02275077 -0.04314385 0.02629304
v -0.02040588 -0.04397212 0.02435614
v -0.01912053 -0.04403300 0.02343754
v -0.01803146 -0.04493288 0.02659208
v -0.01703039 -0.04489327 0.02569851
v -0.01667557 -0.04537031 0.02760848
v -0.01780236 -0.04385550 0.02258280
v -0.01601102 -0.04468111 0.02485114
v -0.01538388 -0.04492031 0.02550837
v -0.01826500 -0.04510862 0.02942905
v -0.02162605 -0.04367318 0.02531595
v -0.02244752 -0.04293699 0.02194687
v -0.02091749 -0.04310787 0.02100712
v -0.02249534 -0.04214124 0.01846872
v -0.01933627 -0.04297015 0.02015032
v -0.02067600 -0.04204704 0.01761411
v -0.02723527 -0.04018417 0.02149686
v -0.02402543 -0.04241406 0.02511560
v 0.01888219 0.04555206 0.02759809
v 0.02016229 0.04550386 0.02855199
v 0.02018417 0.04547751 0.02844181
v 0.02142246 0.04517400 0.02932892
v -0.02756473 0.03907758 0.01356899
v -0.02593154 0.04060856 0.01647752
v -0.02479611 0.04102590 0.01639961
v -0.02173891 0.04017038 0.01245802
v -0.02162716 0.03995462 0.01186523
v -0.02363265 0.03935548 0.01083173
v -0.02241267 0.04153138 0.01636439
v -0.02124776 0.04157760 0.01632434
v -0.02166104 0.04105738 0.01489504
v -0.02157368 0.04214171 0.01801903
v -0.02067572 0.04204725 0.01761468
v -0.02465957 0.04036155 0.01403404
v -0.02308691 0.04083475 0.01451106
v -0.02351890 0.04008199 0.01260103
v -0.02180597 0.04052668 0.01343695
v -0.02797636 0.03860446 0.01281837
v -0.02619704 0.03974799 0.01368340
v -0.02586148 0.03842118 0.01011549
v -0.02545066 0.03934658 0.01187760
v -0.02772397 0.03744137 0.00994060
v -0.02718043 0.03853355 0.01153275
v -0.02930877 0.03638900 0.01021530
v -0.02864945 0.03767901 0.01155058
v -0.02524785 0.04114234 0.01767993
v -0.02360198 0.04134800 0.01638735
v -0.02249502 0.04214145 0.01846929
v -0.02424114 0.04185374 0.01942714
v 0.02913285 0.03254227 0.00376229
v 0.02957515 0.03298610 0.00417163
v 0.02955367 0.03102572 0.00357151
v 0.03075866 0.03042472 0.00423357
v 0.03172103 0.03160475 0.00528505
v 0.03158042 0.03243520 0.00544541
v 0.03211214 0.03216108 0.00589126
v 0.03158042 0.03402882 0.00638420
v 0.03286265 0.03353320 0.00776437
v 0.03158042 0.03534282 0.00768588
v 0.03158042 0.03629659 0.00927058
v 0.03313608 0.03469150 0.00998119
v 0.03158042 0.03683164 0.01104109
v 0.03311333 0.03500044 0.01074136
v 0.02957515 0.03756512 0.00870770
v 0.02943181 0.03818793 0.01036773
v 0.03053511 0.03762895 0.01087531
v 0.02729360 0.03835227 0.00835841
v 0.02724761 0.03879721 0.00954389
v 0.02574428 0.03828439 0.00765328
v 0.02492943 0.03886779 0.00887918
v 0.02729360 0.03711125 0.00629645
v 0.02653854 0.03747952 0.00654433
v 0.02798916 0.03530328 0.00477603
v 0.02729318 0.03647765 0.00557702
v 0.02957515 0.03487589 0.00528490
v 0.02957515 0.03643409 0.00682849
v 0.02860755 0.03398110 0.00416577
v 0.03290120 0.03550832 0.01229938
v 0.03135305 0.03706965 0.01130435
v 0.03096856 0.03066518 0.00442348
v 0.02120999 0.04415786 0.02386790
v 0.01956640 0.04409212 0.02323292
v 0.02244460 0.04168186 0.01661078
v 0.02541111 0.04076405 0.01479699
v 0.02738738 0.04031443 0.01562723
v 0.02274403 0.04397573 0.02470803
v 0.02418145 0.04350469 0.02560458
v 0.02156472 0.04249873 0.01885513
v 0.02339243 0.04255640 0.01958626
v 0.02515161 0.04224920 0.02042192
v 0.02677077 0.04158543 0.02132973
v 0.02916859 0.03943437 0.01654833
v 0.02547811 0.04275959 0.02652988
v 0.02818765 0.04059125 0.02227455
v 0.03067051 0.03816664 0.01751631
v 0.03146464 0.03728084 0.01577793
v 0.03989416 0.01709530 0.01977340
v 0.03990203 0.01690207 0.01946604
v 0.03543813 0.02716990 0.00854432
v 0.03496671 0.02652375 0.00779559
v 0.03366222 0.02927853 0.00670969
v 0.03304108 0.02849575 0.00591320
v 0.03416247 0.03003589 0.00760944
v 0.03453331 0.03075539 0.00859798
v 0.03581161 0.02780062 0.00935873
v 0.03608245 0.02840831 0.01022911
v 0.03733499 0.02606058 0.01194139
v 0.03629989 0.02952491 0.01209794
v 0.03476636 0.03142467 0.00966078
v 0.03485729 0.03203279 0.01078115
v 0.03989705 0.01670801 0.01915876
v 0.03688675 0.02504774 0.01049410
v 0.03803293 0.02292504 0.01251345
v 0.03890231 0.02079679 0.01458704
v 0.03951516 0.01865675 0.01670697
v 0.03533569 0.03183234 0.01354747
v 0.03480665 0.03257060 0.01193978
v 0.03461529 0.03302906 0.01311722
v 0.03960692 0.01943607 0.01793369
v 0.03958745 0.01904850 0.01731702
v 0.03910987 0.02196777 0.01641917
v 0.03906459 0.02138943 0.01549188
v 0.03840473 0.02448798 0.01493744
v 0.03832030 0.02372368 0.01369884
v 0.03747514 0.02700487 0.01349369
v 0.03954440 0.02000003 0.01847209
v 0.03903779 0.02252488 0.01735773
v 0.03814719 0.02561565 0.01602773
v 0.03730308 0.02784951 0.01509951
v 0.03596180 0.03069586 0.01397343
v -0.01629118 0.02956164 0.00105765
v -0.01784620 0.03056207 0.00132315
v -0.01614487 0.02973317 0.00106002
v -0.01561937 0.03012712 0.00107338
v -0.01647223 0.03843451 0.00768876
v -0.01791236 0.03855263 0.00801329
v -0.01671081 0.03780637 0.00631444
v -0.01694381 0.03697252 0.00505256
v -0.01716596 0.03595624 0.00393001
v -0.01737201 0.03478077 0.00297348
v -0.01755678 0.03346949 0.00220940
v -0.01771593 0.03205137 0.00165631
v -0.01837871 0.03795210 0.00670000
v -0.01884524 0.03712697 0.00546787
v -0.01928922 0.03610921 0.00437991
v -0.01969993 0.03492341 0.00346241
v -0.02006539 0.03360649 0.00274125
v -0.02037944 0.03218329 0.00222766
v -0.02063458 0.03068779 0.00193390
v 0.02248405 0.03055223 0.00127543
v 0.02438751 0.03805891 0.00702224
v 0.02377055 0.03866350 0.00831789
v 0.02384320 0.03867438 0.00834780
v 0.02254888 0.03851507 0.00791009
v 0.02149316 0.03779621 0.00628602
v 0.02128508 0.03842503 0.00766271
v 0.02729829 0.03080729 0.00251168
v 0.02697089 0.03231083 0.00276869
v 0.02656641 0.03373973 0.00324227
v 0.02609334 0.03505664 0.00392500
v 0.02556317 0.03623146 0.00479960
v 0.02498987 0.03724017 0.00584058
v 0.02492928 0.03064879 0.00174325
v 0.02470533 0.03214306 0.00204914
v 0.02443060 0.03356492 0.00257397
v 0.02411078 0.03487813 0.00330928
v 0.02375346 0.03605334 0.00423696
v 0.02336781 0.03706697 0.00533088
v 0.02296307 0.03789557 0.00656464
v 0.02237032 0.03204094 0.00161159
v 0.02223138 0.03345860 0.00216786
v 0.02207012 0.03476964 0.00293520
v 0.02189031 0.03594514 0.00389504
v 0.02169648 0.03696173 0.00502089
v -0.03483519 0.02837702 0.01988895
v -0.03489366 0.02787891 0.02131762
v -0.03471547 0.02871140 0.01831046
v -0.03466950 0.02908522 0.01855862
v -0.03450100 0.02981699 0.01905803
v -0.03423584 0.03052051 0.01955605
v -0.03446588 0.02969130 0.02055437
v -0.03457839 0.02910473 0.02162684
v -0.03489938 0.02480576 0.02956726
v -0.03485834 0.02564169 0.02854598
v -0.03500000 0.02493658 0.02643655
v -0.03492201 0.02692850 0.02406755
v -0.03500000 0.02149199 0.03065071
v -0.03496956 0.02149199 0.03134796
v -0.03500000 0.02184519 0.03060702
v -0.03495510 0.02302794 0.03096594
v -0.03500000 0.02264961 0.03019093
v -0.03494756 0.02337451 0.03077456
v -0.03500000 0.02362061 0.02907428
v -0.03500000 0.02367380 0.02899256
v -0.03479971 0.02659046 0.02709201
v -0.03478032 0.02686249 0.02661208
v -0.03469020 0.02797308 0.02438454
v -0.03500000 0.02586325 0.02374429
v -0.03500000 -0.02149199 0.03065071
v -0.03496956 -0.02149199 0.03134796
v -0.03492205 -0.02692605 0.02407044
v -0.03469031 -0.02797015 0.02438744
v -0.03477732 -0.02690664 0.02653764
v -0.03496732 -0.02211405 0.03128207
v -0.03500000 -0.02218514 0.03048586
v -0.03493797 -0.02373617 0.03053291
v -0.03500000 -0.02276910 0.03008877
v -0.03490342 -0.02471692 0.02966782
v -0.03500000 -0.02329081 0.02953270
v -0.03486513 -0.02551764 0.02871455
v -0.03457839 -0.02910473 0.02162684
v -0.03489366 -0.02787891 0.02131762
v -0.03500000 -0.02436755 0.02774179
v -0.03500000 -0.02460368 0.02723038
v -0.03500000 -0.02493818 0.02643355
v -0.03500000 -0.02578585 0.02399356
v -0.03450102 -0.02981692 0.01905813
v -0.03423587 -0.03052043 0.01955614
v -0.03446589 -0.02969127 0.02055442
v -0.03473749 -0.02832945 0.01806141
v -0.03466952 -0.02908515 0.01855874
v -0.03483519 -0.02837699 0.01988901
v -0.01899623 0.04479912 0.02751725
v -0.01748933 0.04531122 0.02851332
v -0.02091937 0.04310848 0.02100878
v -0.01942024 0.04291810 0.02000733
v -0.01780203 0.04385619 0.02258471
v -0.01912016 0.04403378 0.02343944
v -0.01649316 0.04448016 0.02429906
v -0.02162562 0.04367413 0.02531785
v -0.01803158 0.04493344 0.02659341
v -0.01703049 0.04489379 0.02569984
v -0.01601109 0.04468159 0.02485246
v -0.02723485 0.04018451 0.02149741
v -0.02516008 0.04169672 0.02395459
v -0.02584236 0.04119201 0.02045034
v -0.02387860 0.04246182 0.02294121
v -0.02244969 0.04293768 0.02194855
v -0.02040547 0.04397295 0.02435805
v -0.02405316 0.04240044 0.02509377
v -0.02364949 0.04264042 0.02548143
v -0.02275034 0.04314499 0.02629492
v -0.02021025 0.04436677 0.02825317
v -0.01826557 0.04510889 0.02942952
v 0.02120702 -0.03842146 0.00765291
v 0.02377052 -0.03866349 0.00831788
v 0.02128504 -0.03842503 0.00766271
v 0.02149316 -0.03779621 0.00628602
v 0.02169648 -0.03696173 0.00502089
v 0.02189031 -0.03594514 0.00389504
v 0.02207012 -0.03476964 0.00293520
v 0.02223138 -0.03345860 0.00216786
v 0.02237032 -0.03204094 0.00161159
v 0.02248405 -0.03055223 0.00127543
v 0.02254904 -0.03851508 0.00791014
v 0.02296307 -0.03789557 0.00656464
v 0.02336781 -0.03706697 0.00533088
v 0.02375346 -0.03605334 0.00423696
v 0.02411078 -0.03487813 0.00330928
v 0.02443060 -0.03356492 0.00257397
v 0.02470533 -0.03214306 0.00204914
v 0.02492928 -0.03064879 0.00174325
v 0.02729829 -0.03080729 0.00251168
v 0.02697089 -0.03231083 0.00276869
v 0.02656641 -0.03373973 0.00324227
v 0.02609334 -0.03505664 0.00392500
v 0.02556317 -0.03623146 0.00479960
v 0.02498987 -0.03724017 0.00584058
v 0.02438751 -0.03805891 0.00702224
v 0.03416515 -0.03003405 0.00761236
v 0.03366492 -0.02927672 0.00671315
v 0.03544082 -0.02716713 0.00854957
v 0.03304379 -0.02849401 0.00591683
v 0.03987994 -0.01651352 0.01885222
v 0.03951651 -0.01865542 0.01670901
v 0.03840424 -0.02448911 0.01493643
v 0.03911008 -0.02196743 0.01641965
v 0.03944271 -0.02059805 0.01820668
v 0.03960800 -0.01943440 0.01793486
v 0.03989426 -0.01709534 0.01977348
v 0.03989791 -0.01670806 0.01915860
v 0.03476889 -0.03142269 0.00966241
v 0.03453594 -0.03075352 0.00860021
v 0.03624798 -0.02898220 0.01114920
v 0.03608451 -0.02840529 0.01023327
v 0.03733561 -0.02605986 0.01194194
v 0.03461721 -0.03302690 0.01311882
v 0.03480880 -0.03256838 0.01194100
v 0.03485965 -0.03203066 0.01078240
v 0.03624721 -0.03001733 0.01307614
v 0.03630203 -0.02952156 0.01210077
v 0.03747573 -0.02700405 0.01349387
v 0.03831978 -0.02372474 0.01369780
v 0.03906465 -0.02138913 0.01549266
v 0.03958852 -0.01904700 0.01731864
v 0.03688719 -0.02504701 0.01049517
v 0.03803198 -0.02292593 0.01251253
v 0.03890242 -0.02079650 0.01458807
v 0.03828386 -0.02520304 0.01620242
v 0.03810389 -0.02574155 0.01597442
v 0.03776119 -0.02669444 0.01557527
v 0.03608421 -0.03046351 0.01406341
v 0.03538832 -0.03174228 0.01358184
v 0.02274403 -0.04397573 0.02470803
v 0.02120999 -0.04415786 0.02386790
v 0.02339243 -0.04255640 0.01958626
v 0.02541111 -0.04076405 0.01479699
v 0.02064446 -0.04327417 0.02098562
v 0.02156472 -0.04249873 0.01885511
v 0.02338802 -0.04071170 0.01394528
v 0.01962848 -0.04404747 0.02311024
v 0.02418145 -0.04350469 0.02560458
v 0.02515161 -0.04224920 0.02042192
v 0.02916859 -0.03943437 0.01654833
v 0.03146464 -0.03728084 0.01577793
v 0.03067051 -0.03816664 0.01751631
v 0.02738738 -0.04031443 0.01562723
v 0.02677077 -0.04158543 0.02132973
v 0.02818765 -0.04059125 0.02227455
v 0.02547811 -0.04275959 0.02652988
v -0.01792899 0.04137652 0.10049918
v -0.02149662 0.04023694 0.10026874
v -0.01916334 0.04114456 0.10044081
v -0.02352511 0.03877971 0.10003119
v -0.02255761 0.03957269 0.10015738
v -0.02576589 0.03470021 0.10851923
v -0.02533516 0.03627655 0.10213777
v -0.02438501 0.03787227 0.09989236
v -0.02512340 0.03686497 0.09974314
v -0.01621359 0.04292100 0.08938735
v -0.01538454 0.04419744 0.07969182
v -0.01769322 0.04349330 0.08363263
v -0.01442125 0.04511024 0.07275844
v -0.01583105 0.04503917 0.07250828
v -0.01409325 0.04534887 0.07094585
v -0.01688429 0.04426905 0.07805518
v -0.01850320 0.04387735 0.07780584
v -0.01951939 0.04297848 0.08340376
v -0.02002875 0.04321839 0.07753271
v -0.02120938 0.04212565 0.08314240
v -0.01721198 0.04476649 0.07223651
v -0.01853551 0.04429695 0.07194863
v -0.01831884 0.04271328 0.08922914
v -0.01634878 0.04260877 0.09175897
v -0.01667484 0.04145305 0.10053753
v -0.02032991 0.04207137 0.08901962
v -0.02215527 0.04102062 0.08876782
v -0.02297258 0.04035608 0.08862952
v -0.02448652 0.03828353 0.09394169
v -0.01977460 0.04364032 0.07165055
v -0.02011752 0.04339168 0.07270020
v -0.02141806 0.04231100 0.07724353
v -0.02252358 0.04117417 0.08199263
v -0.02407243 0.03903282 0.09086098
v -0.02439047 -0.03787293 0.09988993
v -0.02533838 -0.03628094 0.10212012
v -0.02469285 -0.03788111 0.09559183
v -0.01793277 -0.04137667 0.10049658
v -0.01916735 -0.04114470 0.10043821
v -0.01831730 -0.04271316 0.08922956
v -0.02353024 -0.03878032 0.10002872
v -0.02292074 -0.03990577 0.09439646
v -0.02256245 -0.03957322 0.10015487
v -0.02150117 -0.04023733 0.10026619
v -0.02215332 -0.04102057 0.08876821
v -0.01858986 -0.04440030 0.06843098
v -0.01853311 -0.04429729 0.07194706
v -0.02003137 -0.04321846 0.07753240
v -0.02120767 -0.04212519 0.08314449
v -0.02213069 -0.04160787 0.08018438
v -0.02142099 -0.04231109 0.07724325
v -0.02085729 -0.04280702 0.07516193
v -0.01951192 -0.04382042 0.07088913
v -0.01720985 -0.04476671 0.07223495
v -0.01850553 -0.04387741 0.07780550
v -0.01951787 -0.04297816 0.08340587
v -0.02032817 -0.04207129 0.08902003
v -0.01582919 -0.04503927 0.07250674
v -0.01688635 -0.04426910 0.07805482
v -0.01769187 -0.04349311 0.08363476
v -0.02407421 -0.03903327 0.09085926
v -0.02371160 -0.03960870 0.08848545
v -0.02291682 -0.04070013 0.08396415
v -0.02769404 0.03981347 0.02090280
v -0.02542310 0.03927500 0.06378150
v -0.03033139 0.03726000 0.01828024
v -0.03054566 0.03701173 0.01814395
v -0.02773896 0.03635275 0.06406885
v -0.02905282 0.02991689 0.08791858
v -0.02959461 0.03311611 0.06432506
v -0.03148439 0.02245613 0.07118358
v -0.02975998 0.02651555 0.08810901
v -0.03176804 0.02599304 0.06472185
v -0.03094833 0.02963749 0.06454440
v -0.03324424 0.03296906 0.01782965
v -0.03345609 0.03253173 0.01800938
v -0.03383171 0.03166363 0.01852599
v -0.03144407 0.03588082 0.01771005
v -0.03247035 0.03436066 0.01755199
v -0.03298940 0.03345864 0.01768289
v -0.02961015 0.03804418 0.01882545
v -0.02816573 0.03941399 0.02031350
v -0.02269676 0.04181564 0.06346932
v -0.01962255 0.04391912 0.06313940
v -0.02009394 0.04417112 0.03974598
v 0.03330885 0.03495899 0.09764060
v 0.04000000 -0.01038040 0.04250000
v 0.04000000 -0.00847337 0.04001472
v 0.04000000 -0.00598809 0.03810770
v 0.04000000 -0.01038040 0.05450000
v 0.04000000 -0.00847337 0.05698528
v 0.04000000 0.01160302 0.04539417
v 0.04000000 0.01040421 0.04250000
v 0.04000000 0.00849719 0.04001472
v 0.04000000 0.00001191 0.03650000
v 0.04000000 -0.00309392 0.03690889
v 0.04000000 0.00311774 0.06009111
v 0.04000000 0.00601191 0.05889231
v 0.04000000 0.01201191 0.04850000
v 0.04000000 0.01160302 0.05160583
v 0.04000000 -0.01157920 0.04539417
v 0.04000000 -0.01198809 0.04850000
v 0.04000000 -0.01157920 0.05160583
v 0.04000000 0.00849719 0.05698528
v 0.04000000 0.01040421 0.05450000
v 0.04000000 0.00601191 0.03810770
v 0.04000000 0.00311774 0.03690889
v 0.04000000 -0.00598809 0.05889231
v 0.04000000 -0.00309392 0.06009111
v 0.04000000 0.00001191 0.06050000
v 0.03293740 -0.03546043 0.09716480
v -0.01937953 0.03878304 0.00864635
v -0.02054917 0.03914878 0.00965120
v -0.02111154 0.03945384 0.01048934
v -0.02093316 -0.04185009 0.01707298
v -0.02171492 -0.04094707 0.01459197
v -0.02180654 -0.04050370 0.01337381
v -0.01962296 -0.04391946 0.06314975
v -0.02009450 -0.04417157 0.03976150
v -0.02269722 -0.04181597 0.06347968
v -0.02542190 -0.03927441 0.06379174
v -0.02749313 -0.03997772 0.02116360
v -0.02773827 -0.03635275 0.06407913
v -0.03033111 -0.03726023 0.01828127
v -0.02920781 -0.03845048 0.01918752
v -0.03244081 -0.03440874 0.01755036
v -0.03144337 -0.03588173 0.01771060
v -0.02959455 -0.03311659 0.06433540
v -0.03099649 -0.03646361 0.01789734
v -0.03055214 -0.03700403 0.01814080
v -0.03387104 -0.03156393 0.01859967
v -0.03324374 -0.03296999 0.01782968
v -0.03292742 -0.03357246 0.01765719
v -0.03094679 -0.02963696 0.06455465
v -0.03148439 -0.02245614 0.07118358
v -0.03176659 -0.02599271 0.06473210
v -0.02975920 -0.02651543 0.08811413
v -0.02905186 -0.02991656 0.08792369
v -0.02788072 -0.03318493 0.08769769
v -0.02626701 -0.03625647 0.08744042
v -0.01632071 0.02684428 0.00100000
v -0.01604836 0.02629388 0.00100000
v -0.01554289 0.02579514 0.00100000
v -0.01660627 0.02775018 0.00100000
v -0.01561936 0.03012710 0.00106396
v -0.01621032 0.02966117 0.00102202
v -0.01629111 0.02956165 0.00101594
v -0.01659144 0.02899792 0.00100000
v -0.01667997 0.02862519 0.00100000
v -0.01531048 0.03028530 0.00108321
v -0.01532219 0.02913337 0.00100092
v -0.01546174 0.02899792 0.00100000
v -0.01632071 -0.02684428 0.00100000
v -0.01660627 -0.02775018 0.00100000
v -0.01604836 -0.02629388 0.00100000
v -0.01554289 -0.02579514 0.00100000
v -0.01532219 -0.02913337 0.00100091
v -0.01546174 -0.02899792 0.00100000
v -0.01550885 -0.02893781 0.00100000
v -0.01568593 -0.02851137 0.00100000
v -0.01565253 -0.02805082 0.00100000
v -0.01659144 -0.02899792 0.00100000
v -0.01522334 -0.02685928 0.00100000
v -0.01667997 -0.02862519 0.00100000
v -0.01536697 -0.02714492 0.00100000
v 0.00816722 -0.01880283 0.00300000
v 0.00279142 -0.02030906 0.00300000
v 0.00000000 0.00000000 0.00300000
v 0.00000000 -0.02050000 0.00300000
v -0.00279142 -0.02030906 0.00300000
v 0.01931635 -0.00686503 0.00300000
v 0.01674788 -0.01182195 0.00300000
v 0.01293730 -0.01590208 0.00300000
v 0.01820165 0.00943133 0.00300000
v 0.02007122 0.00417085 0.00300000
v 0.02045221 -0.00139897 0.00300000
v 0.00553083 0.01973980 0.00300000
v 0.01065147 0.01751560 0.00300000
v 0.01498214 0.01399234 0.00300000
v -0.01065147 0.01751560 0.00300000
v -0.00553083 0.01973980 0.00300000
v 0.00000000 0.02050000 0.00300000
v -0.02007122 0.00417085 0.00300000
v -0.01820165 0.00943133 0.00300000
v -0.01498214 0.01399234 0.00300000
v -0.01674788 -0.01182195 0.00300000
v -0.01931635 -0.00686503 0.00300000
v -0.02045221 -0.00139897 0.00300000
v -0.00816722 -0.01880283 0.00300000
v -0.01293730 -0.01590208 0.00300000
v -0.01531048 -0.03028530 0.00108321
v -0.01561936 -0.03012710 0.00106396
v -0.01613868 -0.02973955 0.00102756
v -0.01629107 -0.02956170 0.00101595
v -0.01565253 0.02805082 0.00100000
v -0.01568593 0.02851137 0.00100000
v -0.01550885 0.02893781 0.00100000
v -0.01536697 0.02714492 0.00100000
v -0.01522334 0.02685928 0.00100000
v -0.02211741 -0.00744389 0.00300000
v -0.02122083 -0.00796153 0.00300000
v -0.02070320 -0.00885811 0.00300000
v -0.02315269 -0.01130760 0.00300000
v -0.02404926 -0.01078996 0.00300000
v -0.02456690 -0.00989338 0.00300000
v -0.02122083 -0.01078996 0.00300000
v -0.02211741 -0.01130760 0.00300000
v -0.02456690 -0.00885811 0.00300000
v -0.02404926 -0.00796153 0.00300000
v -0.02315269 -0.00744389 0.00300000
v -0.02070320 -0.00989338 0.00300000
v 0.02315269 0.01130760 0.00300000
v 0.02404926 0.01078996 0.00300000
v 0.02456690 0.00989338 0.00300000
v 0.02211741 0.00744389 0.00300000
v 0.02122083 0.00796153 0.00300000
v 0.02070320 0.00885811 0.00300000
v 0.02122083 0.01078996 0.00300000
v 0.02211741 0.01130760 0.00300000
v 0.02456690 0.00885811 0.00300000
v 0.02404926 0.00796153 0.00300000
v 0.02315269 0.00744389 0.00300000
v 0.02070320 0.00989338 0.00300000
v -0.01732412 0.01932412 0.00300000
v -0.01632412 0.01905617 0.00300000
v -0.01559207 0.01832412 0.00300000
v -0.01732412 0.01532412 0.00300000
v -0.01832412 0.01559207 0.00300000
v -0.01905617 0.01632412 0.00300000
v -0.01559207 0.01632412 0.00300000
v -0.01632412 0.01559207 0.00300000
v -0.01532412 0.01732412 0.00300000
v -0.01932412 0.01732412 0.00300000
v -0.01905617 0.01832412 0.00300000
v -0.01832412 0.01905617 0.00300000
v -0.01732412 0.01932412 0.00100000
v -0.01632412 0.01905617 0.00100000
v -0.01559207 0.01832412 0.00100000
v -0.01532412 0.01732412 0.00100000
v -0.01559207 0.01632412 0.00100000
v -0.01632412 0.01559207 0.00100000
v -0.01732412 0.01532412 0.00100000
v -0.01832412 0.01559207 0.00100000
v -0.01905617 0.01632412 0.00100000
v -0.01932412 0.01732412 0.00100000
v -0.01905617 0.01832412 0.00100000
v -0.01832412 0.01905617 0.00100000
v 0.01532412 -0.01732412 0.00300000
v 0.01559207 -0.01632412 0.00300000
v 0.01559207 -0.01832412 0.00300000
v 0.01632412 -0.01559207 0.00300000
v 0.01832412 -0.01559207 0.00300000
v 0.01905617 -0.01632412 0.00300000
v 0.01832412 -0.01905617 0.00300000
v 0.01932412 -0.01732412 0.00300000
v 0.01905617 -0.01832412 0.00300000
v 0.01632412 -0.01905617 0.00300000
v 0.01732412 -0.01932412 0.00300000
v 0.01732412 -0.01532412 0.00300000
v 0.01732412 -0.01532412 0.00100000
v 0.01832412 -0.01559207 0.00100000
v 0.01905617 -0.01632412 0.00100000
v 0.01932412 -0.01732412 0.00100000
v 0.01905617 -0.01832412 0.00100000
v 0.01832412 -0.01905617 0.00100000
v 0.01732412 -0.01932412 0.00100000
v 0.01632412 -0.01905617 0.00100000
v 0.01559207 -0.01832412 0.00100000
v 0.01532412 -0.01732412 0.00100000
v 0.01559207 -0.01632412 0.00100000
v 0.01632412 -0.01559207 0.00100000
v -0.00300000 -0.02619615 0.00100000
v -0.00300000 -0.02619615 0.00200000
v -0.00025000 -0.02619615 0.00100000
v -0.00025000 -0.02619615 0.00200000
v 0.00300000 -0.02619615 0.00200000
v 0.00300000 -0.02619615 0.00100000
v 0.00025000 -0.02619615 0.00200000
v 0.00025000 -0.02619615 0.00100000
v -0.00000000 -0.02100000 0.00200000
v -0.00000000 -0.02100000 0.00100000
v 0.00025000 -0.02744615 0.00200000
v -0.00025000 -0.02744615 0.00200000
v 0.00025000 -0.02744615 0.00100000
v -0.00025000 -0.02744615 0.00100000
v 0.00300000 0.02619615 0.00100000
v 0.00300000 0.02619615 0.00200000
v 0.00025000 0.02619615 0.00100000
v 0.00025000 0.02619615 0.00200000
v -0.00300000 0.02619615 0.00200000
v -0.00300000 0.02619615 0.00100000
v -0.00025000 0.02619615 0.00200000
v -0.00025000 0.02619615 0.00100000
v -0.00000000 0.02100000 0.00200000
v -0.00000000 0.02100000 0.00100000
v -0.00025000 0.02744615 0.00200000
v 0.00025000 0.02744615 0.00200000
v -0.00025000 0.02744615 0.00100000
v 0.00025000 0.02744615 0.00100000
v -0.02619615 0.00300000 0.00100000
v -0.02619615 0.00300000 0.00200000
v -0.02619615 0.00025000 0.00100000
v -0.02619615 0.00025000 0.00200000
v -0.02619615 -0.00300000 0.00200000
v -0.02619615 -0.00300000 0.00100000
v -0.02619615 -0.00025000 0.00200000
v -0.02619615 -0.00025000 0.00100000
v -0.02100000 0.00000000 0.00200000
v -0.02100000 0.00000000 0.00100000
v -0.02744615 -0.00025000 0.00200000
v -0.02744615 0.00025000 0.00200000
v -0.02744615 -0.00025000 0.00100000
v -0.02744615 0.00025000 0.00100000
v 0.02404926 0.01078996 0.00100000
v 0.02456690 0.00989338 0.00100000
v 0.02456690 0.00885811 0.00100000
v 0.02404926 0.00796153 0.00100000
v 0.02315269 0.00744389 0.00100000
v 0.02211741 0.00744389 0.00100000
v 0.02122083 0.00796153 0.00100000
v 0.02070320 0.00885811 0.00100000
v 0.02070320 0.00989338 0.00100000
v 0.02122083 0.01078996 0.00100000
v 0.02211741 0.01130760 0.00100000
v 0.02315269 0.01130760 0.00100000
v 0.02463505 -0.00937574 0.00300000
v 0.02090300 -0.01037574 0.00300000
v 0.02436710 -0.00837574 0.00300000
v 0.02063505 -0.00937574 0.00300000
v 0.02263505 -0.01137574 0.00300000
v 0.02163505 -0.01110779 0.00300000
v 0.02363505 -0.01110779 0.00300000
v 0.02436710 -0.01037574 0.00300000
v 0.02263505 -0.00737574 0.00300000
v 0.02363505 -0.00764369 0.00300000
v 0.02163505 -0.00764369 0.00300000
v 0.02090300 -0.00837574 0.00300000
v 0.02463505 -0.00937574 0.00100000
v 0.02436710 -0.01037574 0.00100000
v 0.02363505 -0.01110779 0.00100000
v 0.02263505 -0.01137574 0.00100000
v 0.02163505 -0.01110779 0.00100000
v 0.02090300 -0.01037574 0.00100000
v 0.02063505 -0.00937574 0.00100000
v 0.02090300 -0.00837574 0.00100000
v 0.02163505 -0.00764369 0.00100000
v 0.02263505 -0.00737574 0.00100000
v 0.02363505 -0.00764369 0.00100000
v 0.02436710 -0.00837574 0.00100000
v 0.00744389 -0.02211741 0.00300000
v 0.00796153 -0.02122083 0.00300000
v 0.00885811 -0.02070320 0.00300000
v 0.01130760 -0.02315269 0.00300000
v 0.01078996 -0.02404926 0.00300000
v 0.00989338 -0.02456690 0.00300000
v 0.01078996 -0.02122083 0.00300000
v 0.01130760 -0.02211741 0.00300000
v 0.00989338 -0.02070320 0.00300000
v 0.00744389 -0.02315269 0.00300000
v 0.00796153 -0.02404926 0.00300000
v 0.00885811 -0.02456690 0.00300000
v 0.01078996 -0.02404926 0.00100000
v 0.00989338 -0.02456690 0.00100000
v 0.00885811 -0.02456690 0.00100000
v 0.00796153 -0.02404926 0.00100000
v 0.00744389 -0.02315269 0.00100000
v 0.00744389 -0.02211741 0.00100000
v 0.00796153 -0.02122083 0.00100000
v 0.00885811 -0.02070320 0.00100000
v 0.00989338 -0.02070320 0.00100000
v 0.01078996 -0.02122083 0.00100000
v 0.01130760 -0.02211741 0.00100000
v 0.01130760 -0.02315269 0.00100000
v -0.00764369 -0.02363505 0.00300000
v -0.00837574 -0.02436710 0.00300000
v -0.00937574 -0.02463505 0.00300000
v -0.00764369 -0.02163505 0.00300000
v -0.00737574 -0.02263505 0.00300000
v -0.00837574 -0.02090300 0.00300000
v -0.00937574 -0.02063505 0.00300000
v -0.01037574 -0.02090300 0.00300000
v -0.01137574 -0.02263505 0.00300000
v -0.01110779 -0.02163505 0.00300000
v -0.01110779 -0.02363505 0.00300000
v -0.01037574 -0.02436710 0.00300000
v -0.00937574 -0.02463505 0.00100000
v -0.01037574 -0.02436710 0.00100000
v -0.01110779 -0.02363505 0.00100000
v -0.01137574 -0.02263505 0.00100000
v -0.01110779 -0.02163505 0.00100000
v -0.01037574 -0.02090300 0.00100000
v -0.00937574 -0.02063505 0.00100000
v -0.00837574 -0.02090300 0.00100000
v -0.00764369 -0.02163505 0.00100000
v -0.00737574 -0.02263505 0.00100000
v -0.00764369 -0.02363505 0.00100000
v -0.00837574 -0.02436710 0.00100000
v -0.02404926 -0.01078996 0.00100000
v -0.02456690 -0.00989338 0.00100000
v -0.02456690 -0.00885811 0.00100000
v -0.02404926 -0.00796153 0.00100000
v -0.02315269 -0.00744389 0.00100000
v -0.02211741 -0.00744389 0.00100000
v -0.02122083 -0.00796153 0.00100000
v -0.02070320 -0.00885811 0.00100000
v -0.02070320 -0.00989338 0.00100000
v -0.02122083 -0.01078996 0.00100000
v -0.02211741 -0.01130760 0.00100000
v -0.02315269 -0.01130760 0.00100000
v -0.02090300 0.01037574 0.00300000
v -0.02063505 0.00937574 0.00300000
v -0.02463505 0.00937574 0.00300000
v -0.02090300 0.00837574 0.00300000
v -0.02163505 0.00764369 0.00300000
v -0.02263505 0.01137574 0.00300000
v -0.02163505 0.01110779 0.00300000
v -0.02363505 0.01110779 0.00300000
v -0.02436710 0.01037574 0.00300000
v -0.02263505 0.00737574 0.00300000
v -0.02363505 0.00764369 0.00300000
v -0.02436710 0.00837574 0.00300000
v -0.02463505 0.00937574 0.00100000
v -0.02436710 0.01037574 0.00100000
v -0.02363505 0.01110779 0.00100000
v -0.02263505 0.01137574 0.00100000
v -0.02163505 0.01110779 0.00100000
v -0.02090300 0.01037574 0.00100000
v -0.02063505 0.00937574 0.00100000
v -0.02090300 0.00837574 0.00100000
v -0.02163505 0.00764369 0.00100000
v -0.02263505 0.00737574 0.00100000
v -0.02363505 0.00764369 0.00100000
v -0.02436710 0.00837574 0.00100000
v -0.00744389 0.02315269 0.00300000
v -0.00744389 0.02211741 0.00300000
v -0.01130760 0.02315269 0.00300000
v -0.01078996 0.02122083 0.00300000
v -0.01130760 0.02211741 0.00300000
v -0.00989338 0.02070320 0.00300000
v -0.00885811 0.02070320 0.00300000
v -0.00796153 0.02122083 0.00300000
v -0.00885811 0.02456690 0.00300000
v -0.00796153 0.02404926 0.00300000
v -0.00989338 0.02456690 0.00300000
v -0.01078996 0.02404926 0.00300000
v -0.01078996 0.02404926 0.00100000
v -0.00989338 0.02456690 0.00100000
v -0.00885811 0.02456690 0.00100000
v -0.00796153 0.02404926 0.00100000
v -0.00744389 0.02315269 0.00100000
v -0.00744389 0.02211741 0.00100000
v -0.00796153 0.02122083 0.00100000
v -0.00885811 0.02070320 0.00100000
v -0.00989338 0.02070320 0.00100000
v -0.01078996 0.02122083 0.00100000
v -0.01130760 0.02211741 0.00100000
v -0.01130760 0.02315269 0.00100000
v 0.00937574 0.02463505 0.00300000
v 0.01037574 0.02090300 0.00300000
v 0.00837574 0.02436710 0.00300000
v 0.00937574 0.02063505 0.00300000
v 0.01137574 0.02263505 0.00300000
v 0.01110779 0.02163505 0.00300000
v 0.01110779 0.02363505 0.00300000
v 0.01037574 0.02436710 0.00300000
v 0.00737574 0.02263505 0.00300000
v 0.00764369 0.02363505 0.00300000
v 0.00764369 0.02163505 0.00300000
v 0.00837574 0.02090300 0.00300000
v 0.00937574 0.02463505 0.00100000
v 0.01037574 0.02436710 0.00100000
v 0.01110779 0.02363505 0.00100000
v 0.01137574 0.02263505 0.00100000
v 0.01110779 0.02163505 0.00100000
v 0.01037574 0.02090300 0.00100000
v 0.00937574 0.02063505 0.00100000
v 0.00837574 0.02090300 0.00100000
v 0.00764369 0.02163505 0.00100000
v 0.00737574 0.02263505 0.00100000
v 0.00764369 0.02363505 0.00100000
v 0.00837574 0.02436710 0.00100000
v 0.00000000 0.02050000 0.00100000
v -0.00553083 0.01973980 0.00100000
v -0.01065147 0.01751560 0.00100000
v -0.01498214 0.01399234 0.00100000
v -0.01820165 0.00943133 0.00100000
v -0.02007122 0.00417085 0.00100000
v -0.02045221 -0.00139897 0.00100000
v -0.01931635 -0.00686503 0.00100000
v -0.01674788 -0.01182195 0.00100000
v -0.01293730 -0.01590208 0.00100000
v -0.00816722 -0.01880283 0.00100000
v -0.00279142 -0.02030906 0.00100000
v -0.00000000 -0.02050000 0.00100000
v 0.00279142 -0.02030906 0.00100000
v 0.00816722 -0.01880283 0.00100000
v 0.01293730 -0.01590208 0.00100000
v 0.01674788 -0.01182195 0.00100000
v 0.01931635 -0.00686503 0.00100000
v 0.02045221 -0.00139897 0.00100000
v 0.02007122 0.00417085 0.00100000
v 0.01820165 0.00943133 0.00100000
v 0.01498214 0.01399234 0.00100000
v 0.01065147 0.01751560 0.00100000
v 0.00553083 0.01973980 0.00100000
v -0.01334993 -0.01991206 0.00100000
v -0.00518787 -0.01991206 0.00100000
v -0.00518787 -0.02056753 0.00100000
v 0.00518787 0.02056753 0.00100000
v 0.01334993 0.02056753 0.00100000
v 0.01334993 0.01991206 0.00100000
v 0.00518787 0.01991206 0.00100000
v -0.00518787 -0.02604060 0.00100000
v 0.01334993 -0.02056753 0.00100000
v 0.02056753 -0.00518787 0.00100000
v 0.02056753 0.00518787 0.00100000
v 0.02056753 -0.01334993 0.00100000
v 0.02056753 0.01334993 0.00100000
v 0.01991206 0.01334993 0.00100000
v 0.00518787 0.02081752 0.00100000
v -0.00518787 0.02081752 0.00100000
v -0.01334993 0.02081752 0.00100000
v -0.01334993 0.02056753 0.00100000
v -0.01991206 0.01334993 0.00100000
v -0.01334993 0.01991206 0.00100000
v -0.02056753 0.01334993 0.00100000
v -0.02604060 0.00518787 0.00100000
v -0.02056753 0.00518787 0.00100000
v -0.02056753 -0.01334993 0.00100000
v -0.02604060 -0.00518787 0.00100000
v -0.02056753 -0.00518787 0.00100000
v -0.01991206 -0.01334993 0.00100000
v -0.01334993 -0.02056753 0.00100000
v 0.00518787 -0.02604060 0.00100000
v 0.00518787 -0.02056753 0.00100000
v 0.01334993 -0.01991206 0.00100000
v 0.01991206 -0.01334993 0.00100000
v 0.01334993 0.02081752 0.00100000
v -0.01991206 -0.00518787 0.00100000
v -0.01991206 0.00518787 0.00100000
v -0.00518787 0.01991206 0.00100000
v 0.01991206 -0.00518787 0.00100000
v 0.00518787 -0.01991206 0.00100000
v 0.01991206 0.00518787 0.00100000
v -0.00518787 0.02056753 0.00100000
v 0.04000000 -0.00381493 0.05773880
v 0.04000000 0.00001191 0.05850000
v 0.04000000 -0.00922689 0.05232684
v 0.04000000 -0.00705916 0.04142893
v 0.04000000 -0.00381493 0.03926120
v 0.04000000 -0.00705916 0.05557107
v 0.04000000 -0.00998809 0.04850000
v 0.04000000 0.00001191 0.03850000
v 0.04000000 0.00383874 0.03926120
v 0.04000000 0.00708298 0.04142893
v 0.04000000 0.00383874 0.05773880
v 0.04000000 0.00708298 0.05557107
v 0.04000000 0.00925070 0.05232684
v 0.04000000 0.01001191 0.04850000
v 0.04000000 0.00925070 0.04467317
v 0.04000000 -0.00922689 0.04467317
v 0.04075000 0.01001191 0.04850000
v 0.04075000 0.00925070 0.05232684
v 0.04075000 0.00708298 0.05557107
v 0.04075000 0.00383874 0.05773880
v 0.04075000 0.00001191 0.05850000
v 0.04075000 -0.00381493 0.05773880
v 0.04075000 -0.00705916 0.05557107
v 0.04075000 -0.00922689 0.05232684
v 0.04075000 -0.00998809 0.04850000
v 0.04075000 -0.00922689 0.04467317
v 0.04075000 -0.00705916 0.04142893
v 0.04075000 -0.00381493 0.03926120
v 0.04075000 0.00001191 0.03850000
v 0.04075000 0.00383874 0.03926120
v 0.04075000 0.00708298 0.04142893
v 0.04075000 0.00925070 0.04467317
v 0.04075000 -0.00284332 0.03784414
v 0.04075000 0.00001191 0.03746825
v 0.04075000 -0.01064395 0.05135523
v 0.04075000 -0.01101985 0.04850000
v 0.04075000 -0.00550397 0.05805378
v 0.04075000 -0.00778872 0.05630063
v 0.04075000 -0.00954187 0.05401588
v 0.04075000 -0.01064395 0.04564477
v 0.04075000 -0.00954187 0.04298412
v 0.04075000 -0.00778872 0.04069937
v 0.04075000 -0.00550397 0.03894622
v 0.04075000 0.00286714 0.05915586
v 0.04075000 0.00001191 0.05953176
v 0.04075000 -0.00284332 0.05915586
v 0.04075000 0.01066776 0.04564477
v 0.04075000 0.01104366 0.04850000
v 0.04075000 0.01066776 0.05135523
v 0.04075000 0.00956569 0.05401588
v 0.04075000 0.00781254 0.05630063
v 0.04075000 0.00552778 0.05805378
v 0.04075000 0.00286714 0.03784414
v 0.04075000 0.00552778 0.03894622
v 0.04075000 0.00781254 0.04069937
v 0.04075000 0.00956569 0.04298412
v 0.04065502 -0.01105483 0.04553468
v 0.04065502 -0.00991025 0.04277144
v 0.04065502 -0.00808950 0.04039859
v 0.04065502 -0.00571666 0.03857784
v 0.04065502 -0.00295341 0.03743327
v 0.04065502 0.00001191 0.03704287
v 0.04065502 0.00297723 0.03743327
v 0.04065502 0.00574047 0.03857784
v 0.04065502 0.00811332 0.04039859
v 0.04065502 0.00993407 0.04277144
v 0.04065502 0.01107864 0.04553468
v 0.04065502 0.01146903 0.04850000
v 0.04065502 0.01107864 0.05146532
v 0.04065502 0.00993407 0.05422856
v 0.04065502 0.00811332 0.05660141
v 0.04065502 0.00574047 0.05842216
v 0.04065502 0.00297723 0.05956673
v 0.04065502 0.00001191 0.05995712
v 0.04065502 -0.00295341 0.05956673
v 0.04065502 -0.00571666 0.05842216
v 0.04065502 -0.00808950 0.05660141
v 0.04065502 -0.00991025 0.05422856
v 0.04065502 -0.01105483 0.05146532
v 0.04065502 -0.01144522 0.04850000
v 0.04038812 -0.01138765 0.04544550
v 0.04038812 -0.01020866 0.04259915
v 0.04038812 -0.00833315 0.04015495
v 0.04038812 -0.00588894 0.03827944
v 0.04038812 -0.00304260 0.03710044
v 0.04038812 0.00001191 0.03669831
v 0.04038812 0.00306641 0.03710044
v 0.04038812 0.00591275 0.03827944
v 0.04038812 0.00835696 0.04015495
v 0.04038812 0.01023247 0.04259915
v 0.04038812 0.01141147 0.04544550
v 0.04038812 0.01181360 0.04850000
v 0.04038812 0.01141147 0.05155450
v 0.04038812 0.01023247 0.05440085
v 0.04038812 0.00835696 0.05684506
v 0.04038812 0.00591275 0.05872057
v 0.04038812 0.00306641 0.05989956
v 0.04038812 0.00001191 0.06030169
v 0.04038812 -0.00304260 0.05989956
v 0.04038812 -0.00588894 0.05872057
v 0.04038812 -0.00833315 0.05684506
v 0.04038812 -0.01020866 0.05440085
v 0.04038812 -0.01138765 0.05155450
v 0.04038812 -0.01178978 0.04850000
v -0.02010957 0.03814231 0.00727355
v -0.02161675 0.03847057 0.00822312
v -0.02282064 0.03888564 0.00945175
v -0.02482047 0.03803116 0.00874439
v -0.02321285 0.03766465 0.00739005
v -0.02110962 0.03733199 0.00620150
v -0.02659653 0.03711044 0.00848688
v -0.02479856 0.03675243 0.00694084
v -0.02217755 0.03637813 0.00540324
v -0.02809421 0.03616090 0.00859097
v -0.02620340 0.03580142 0.00680790
v -0.02319924 0.03532971 0.00485610
v -0.02811912 0.03147709 0.00610178
v -0.02324641 0.03403750 0.00402017
v -0.02320029 0.03256952 0.00332759
v -0.02308869 0.03097956 0.00285475
v -0.02620365 0.03451664 0.00587210
v -0.02601779 0.03297903 0.00498751
v -0.02570102 0.03125066 0.00426972
v -0.02828665 0.03487980 0.00767649
v -0.02828618 0.03332623 0.00683992
v -0.02971400 0.03505186 0.00928834
v -0.02996996 0.03348418 0.00862053
v -0.03013483 0.03155795 0.00815281
v -0.03138849 0.03454033 0.01148004
v -0.03079894 0.03513253 0.01098816
v -0.03115912 0.03392540 0.01050743
v -0.03184370 0.03091802 0.01035901
v -0.03263143 0.03241071 0.01244861
v -0.03334406 0.03148394 0.01377656
v -0.03320166 0.03222869 0.01398222
v -0.03378956 0.03124602 0.01528916
v -0.03295771 0.03123689 0.01259275
v -0.03396408 0.03050303 0.01528735
v -0.03445658 0.02977462 0.01746751
v -0.03324415 0.03004535 0.01288291
v -0.03411273 0.02973293 0.01536722
v -0.03231658 0.03346124 0.01253923
v -0.03150359 0.03251716 0.01031129
v -0.03273391 0.03341278 0.01387698
v -0.03394890 0.03145564 0.01708510
v -0.03354088 0.03235240 0.01615868
v -0.03305158 0.03327040 0.01533760
v -0.03123433 0.03622114 0.01583990
v -0.03073683 0.03645363 0.01347965
v -0.03195216 0.03498451 0.01419375
v -0.03015942 0.03648581 0.01184474
v -0.03143978 0.03513679 0.01248603
v -0.03229807 0.03471211 0.01604418
v -0.02711798 0.04024164 0.01843167
v -0.02929884 0.03774492 0.01303049
v -0.02888623 0.03881303 0.01788113
v -0.03012067 0.03756121 0.01664500
v -0.02978666 0.03772508 0.01475794
v -0.02852483 0.03903563 0.01640038
v -0.02809579 0.03910233 0.01490306
v -0.02797386 -0.03860784 0.01282360
v -0.02865071 -0.03767863 0.01155144
v -0.02718692 -0.03853094 0.01152833
v -0.02479568 -0.04102621 0.01639988
v -0.02538490 -0.04103919 0.01744002
v -0.02619816 -0.03974756 0.01368197
v -0.02756538 -0.03907740 0.01356941
v -0.02360424 -0.04134631 0.01638546
v -0.02465262 -0.04036603 0.01404414
v -0.02241109 -0.04153285 0.01636630
v -0.02309486 -0.04083023 0.01450251
v -0.02542878 -0.03935732 0.01189259
v -0.02354175 -0.04007071 0.01258552
v -0.02809693 -0.03910303 0.01490218
v -0.03140338 -0.03597797 0.01725269
v -0.03122918 -0.03622546 0.01580247
v -0.02852512 -0.03903198 0.01640570
v -0.03068796 -0.03646024 0.01333242
v -0.02978654 -0.03772272 0.01478286
v -0.03015849 -0.03648790 0.01183459
v -0.02930005 -0.03774545 0.01302455
v -0.02712012 -0.04023898 0.01842786
v -0.03012043 -0.03756317 0.01662181
v -0.03139867 -0.03452806 0.01148839
v -0.03079856 -0.03513262 0.01098709
v -0.03144095 -0.03513697 0.01248013
v -0.03321872 -0.03310991 0.01673101
v -0.03229600 -0.03471430 0.01601672
v -0.03195521 -0.03497929 0.01422168
v -0.03394710 -0.03145695 0.01708293
v -0.03231730 -0.03346094 0.01254079
v -0.03273419 -0.03341318 0.01387412
v -0.03322124 -0.03219819 0.01402094
v -0.03353903 -0.03235362 0.01616322
v -0.03379029 -0.03124494 0.01529120
v -0.03444594 -0.02980303 0.01742624
v -0.03305083 -0.03327037 0.01535036
v -0.03334631 -0.03147786 0.01377833
v -0.03263422 -0.03240576 0.01245112
v -0.03013553 -0.03154859 0.00815561
v -0.03411227 -0.02972549 0.01536607
v -0.03324706 -0.03003545 0.01289006
v -0.03184056 -0.03091245 0.01035702
v -0.03296406 -0.03121272 0.01259730
v -0.02997889 -0.03343732 0.00861092
v -0.03151179 -0.03247958 0.01030828
v -0.02971675 -0.03504999 0.00928627
v -0.03115910 -0.03392344 0.01050354
v -0.03396629 -0.03049757 0.01529013
v -0.02569879 -0.03122874 0.00426424
v -0.02306176 -0.03094732 0.00283599
v -0.02318667 -0.03255060 0.00331616
v -0.02601418 -0.03295113 0.00497493
v -0.02812007 -0.03146249 0.00610233
v -0.02828920 -0.03328463 0.00682594
v -0.02323470 -0.03402762 0.00400913
v -0.02619933 -0.03451014 0.00586385
v -0.02829042 -0.03487630 0.00767585
v -0.01025000 0.00732069 0.16345640
v -0.01025000 0.00765374 0.16478229
v -0.01025000 0.00548127 0.16355959
v -0.01025000 0.00600000 0.16599999
v -0.01025000 0.00774862 0.16614607
v -0.01025000 0.00763226 0.16734578
v -0.01025000 0.00548127 0.16844042
v -0.01025000 0.00720798 0.16884738
v -0.01025000 0.00401478 0.17045887
v -0.01025000 0.00583913 0.17109579
v -0.01025000 0.00185410 0.17170633
v -0.01025000 0.00136176 0.15837057
v -0.01025000 0.00268114 0.15872855
v -0.01025000 0.00185410 0.16029365
v -0.01025000 0.00391709 0.15931278
v -0.01025000 0.00401478 0.16154113
v -0.01025000 0.00503117 0.16010509
v -0.01025000 0.00598869 0.16108084
v -0.01025000 0.00675986 0.16220964
v -0.01025000 0.00000000 0.15825000
v -0.01025000 -0.00062717 0.16003287
v -0.01025000 -0.00136176 0.15837057
v -0.01025000 -0.00268114 0.15872855
v -0.01025000 -0.00300000 0.16080385
v -0.01025000 -0.00391709 0.15931278
v -0.01025000 -0.00503117 0.16010509
v -0.01025000 -0.00485410 0.16247329
v -0.01025000 -0.00598869 0.16108084
v -0.01025000 -0.00586889 0.16475253
v -0.01025000 -0.00732069 0.16345640
v -0.01025000 -0.00675986 0.16220964
v -0.01025000 -0.00586889 0.16724747
v -0.01025000 -0.00763226 0.16734578
v -0.01025000 -0.00600000 0.16599999
v -0.01025000 -0.00774862 0.16614607
v -0.01025000 -0.00765374 0.16478229
v -0.01025000 0.00379665 0.17275633
v -0.01025000 0.00131616 0.17363742
v -0.01025000 -0.00062717 0.17196713
v -0.01025000 -0.00131616 0.17363742
v -0.01025000 -0.00300000 0.17119615
v -0.01025000 -0.00379665 0.17275633
v -0.01025000 -0.00485410 0.16952671
v -0.01025000 -0.00583913 0.17109579
v -0.01025000 -0.00720798 0.16884738
v -0.01050000 0.00612500 0.16599999
v -0.01275000 0.00612500 0.16599999
v -0.01050000 0.00565876 0.16365607
v -0.01275000 0.00565876 0.16365607
v -0.01050000 0.00433103 0.16166897
v -0.01275000 0.00433103 0.16166897
v -0.01050000 0.00234394 0.16034123
v -0.01275000 0.00234394 0.16034123
v -0.01050000 0.00000000 0.15987501
v -0.01275000 0.00000000 0.15987501
v -0.01050000 -0.00234394 0.16034123
v -0.01275000 -0.00234394 0.16034123
v -0.01050000 -0.00433103 0.16166897
v -0.01275000 -0.00433103 0.16166897
v -0.01050000 -0.00565876 0.16365607
v -0.01275000 -0.00565876 0.16365607
v -0.01050000 -0.00612500 0.16599999
v -0.01275000 -0.00612500 0.16599999
v -0.01050000 -0.00565876 0.16834393
v -0.01275000 -0.00565876 0.16834393
v -0.01050000 -0.00433103 0.17033103
v -0.01275000 -0.00433103 0.17033103
v -0.01050000 -0.00234394 0.17165877
v -0.01275000 -0.00234394 0.17165877
v -0.01050000 0.00000000 0.17212500
v -0.01275000 0.00000000 0.17212500
v -0.01050000 0.00234394 0.17165877
v -0.01275000 0.00234394 0.17165877
v -0.01050000 0.00433103 0.17033103
v -0.01275000 0.00433103 0.17033103
v -0.01050000 0.00565876 0.16834393
v -0.01275000 0.00565876 0.16834393
v -0.01050000 -0.00586889 0.16724747
v -0.01050000 -0.00485410 0.16952671
v -0.01050000 -0.00300000 0.17119615
v -0.01050000 -0.00062717 0.17196713
v -0.01050000 0.00185410 0.17170633
v -0.01050000 0.00401478 0.17045887
v -0.01050000 0.00548127 0.16844042
v -0.01050000 0.00600000 0.16599999
v -0.01050000 0.00548127 0.16355959
v -0.01050000 0.00401478 0.16154113
v -0.01050000 -0.00600000 0.16599999
v -0.01050000 -0.00586889 0.16475253
v -0.01050000 -0.00485410 0.16247329
v -0.01050000 -0.00300000 0.16080385
v -0.01050000 -0.00062717 0.16003287
v -0.01050000 0.00185410 0.16029365
v -0.01350000 0.00763226 0.16734578
v -0.01350000 -0.00762977 0.16464020
v -0.01350000 -0.00774965 0.16607404
v -0.01350000 -0.00763226 0.16734578
v -0.01350000 -0.00756546 0.16768116
v -0.01350000 -0.00462331 0.17062332
v -0.01350000 0.00469471 0.15983379
v -0.01350000 0.00347395 0.15907222
v -0.01350000 0.00774965 0.16607404
v -0.01350000 0.00762977 0.16464020
v -0.01350000 0.00724692 0.16325325
v -0.01350000 0.00213345 0.15854944
v -0.01350000 0.00071942 0.15828346
v -0.01350000 -0.00071942 0.15828346
v -0.01350000 -0.00661428 0.16196096
v -0.01350000 -0.00347395 0.15907222
v -0.01350000 -0.00575365 0.16080789
v -0.01350000 -0.00469471 0.15983379
v -0.01350000 -0.00213345 0.15854944
v -0.01350000 -0.00724692 0.16325325
v -0.01350000 0.00661428 0.16196096
v -0.01350000 0.00575365 0.16080789
v -0.01350000 -0.00073206 0.17249724
v -0.01350000 0.00073206 0.17249724
v -0.01350000 -0.00215948 0.17217144
v -0.01350000 -0.00347861 0.17153618
v -0.01350000 0.00756546 0.16768116
v -0.01350000 0.00462331 0.17062332
v -0.01350000 0.00347861 0.17153618
v -0.01350000 0.00215948 0.17217144
v -0.01275000 -0.00116823 0.16088162
v -0.01275000 0.00116823 0.16088162
v -0.01275000 0.00327332 0.16189538
v -0.01275000 0.00473009 0.16372211
v -0.01275000 0.00525000 0.16599999
v -0.01275000 0.00473009 0.16827789
v -0.01275000 0.00327332 0.17010461
v -0.01275000 0.00116823 0.17111838
v -0.01275000 -0.00116823 0.17111838
v -0.01275000 -0.00327332 0.17010461
v -0.01275000 -0.00473009 0.16827789
v -0.01275000 -0.00525000 0.16599999
v -0.01275000 -0.00473009 0.16372211
v -0.01275000 -0.00327332 0.16189538
v -0.01636542 0.01232948 0.14070654
v -0.01650000 0.01250222 0.13972686
v -0.01650000 0.00800970 0.13802809
v -0.01518716 0.01078763 0.14945078
v -0.01391039 0.00890580 0.16012318
v -0.01417993 0.00935473 0.15757713
v -0.01418498 0.00936265 0.15753222
v -0.01351563 0.00786104 0.16604829
v -0.01358986 0.00819010 0.16418213
v -0.01369912 0.00848238 0.16252449
v -0.01358134 -0.00816200 0.16434149
v -0.01351668 -0.00786870 0.16600487
v -0.01439530 -0.00968191 0.15572162
v -0.01390726 -0.00890017 0.16015509
v -0.01379793 -0.00869353 0.16132703
v -0.01369475 -0.00847223 0.16258207
v -0.01627877 -0.01221801 0.14133872
v -0.01534776 -0.01100230 0.14823334
v -0.01500786 -0.01054526 0.15082532
v -0.01650000 -0.01250222 0.13972686
v -0.01650000 -0.00800970 0.13802809
v -0.01650000 -0.00270093 0.13702953
v -0.01650000 0.00270093 0.13702953
v -0.01086065 -0.00924473 0.15820099
v -0.01061257 -0.00881821 0.16061994
v -0.01026389 -0.00784791 0.16612278
v -0.01034109 -0.00819403 0.16415982
v -0.01042384 -0.00842235 0.16286494
v -0.01093339 -0.00936016 0.15754639
v -0.01160993 -0.01034261 0.15197462
v -0.01270175 -0.01179523 0.14373641
v -0.01327163 -0.01252994 0.13956966
v -0.01396424 -0.01284442 0.13778615
v -0.01351757 -0.01284442 0.13778615
v -0.01650000 -0.01261596 0.13908184
v -0.01339205 -0.01268408 0.13869546
v -0.01026478 0.00785470 0.16608426
v -0.01032259 0.00813169 0.16451335
v -0.01339205 0.01268408 0.13869546
v -0.01351757 0.01284442 0.13778615
v -0.01396424 0.01284442 0.13778615
v -0.01042498 0.00842513 0.16284916
v -0.01054793 0.00869353 0.16132703
v -0.01058142 0.00875914 0.16095494
v -0.01100942 0.00947778 0.15687929
v -0.01156804 0.01028469 0.15230311
v -0.01650000 0.01261596 0.13908184
v -0.01327163 0.01252994 0.13956966
v -0.01234632 0.01133096 0.14636941
v -0.01210461 0.01101141 0.14818168
v -0.01351757 -0.01072455 0.13691419
v -0.01351757 0.01072455 0.13691419
v -0.01351757 -0.00544702 0.13548230
v -0.01351757 -0.00347512 0.13519540
v -0.01351757 0.00000000 0.13500001
v -0.01351757 0.00347512 0.13519540
v -0.01351757 0.00544702 0.13548230
v -0.01351757 0.02284442 0.11600000
v -0.01351757 -0.02284442 0.11600000
v -0.01676757 0.02284442 0.11600000
v -0.01676757 -0.02284442 0.11600000
v -0.01351757 0.02284442 0.12600000
v -0.01676757 0.02284442 0.12600000
v -0.01676757 -0.02284442 0.12600000
v -0.01351757 -0.02284442 0.12600000
v -0.01351757 0.01310366 0.13768800
v -0.01284280 0.00548008 0.17148007
v -0.01284280 0.00412325 0.17256211
v -0.01284280 0.00379665 0.17275633
v -0.01284280 0.00255966 0.17331509
v -0.01284280 0.00131616 0.17363742
v -0.01284280 0.00086772 0.17370127
v -0.01284280 -0.00086772 0.17370127
v -0.01284280 -0.00131616 0.17363742
v -0.01284280 -0.00255966 0.17331509
v -0.01284280 -0.00379665 0.17275633
v -0.01284280 -0.00412325 0.17256211
v -0.01284280 -0.00548008 0.17148007
v -0.01286228 0.00594539 0.17097141
v -0.01298249 0.00664919 0.16998130
v -0.01319343 0.00718102 0.16891469
v -0.01285427 -0.00583963 0.17109521
v -0.01290734 -0.00630339 0.17050886
v -0.01308641 -0.00695846 0.16941209
v -0.01336629 -0.00743232 0.16819614
v -0.01551757 -0.00334218 0.12432498
v -0.01551757 -0.00308169 0.12600000
v -0.01551757 -0.00930195 0.12600000
v -0.01551757 -0.01684442 0.12600000
v -0.01551757 -0.01684442 0.12200000
v -0.01551757 -0.01256878 0.12600000
v -0.01551757 -0.00947606 0.12526549
v -0.01551757 0.01684442 0.12600000
v -0.01551757 0.00096648 0.12600000
v -0.01551757 0.01684442 0.12200000
v -0.01551757 0.00061023 0.12370916
v -0.01351757 0.01684442 0.12200000
v -0.01351757 0.01684442 0.12600000
v -0.01351757 -0.01684442 0.12200000
v -0.01300000 0.00525000 0.16599999
v -0.01300000 0.00473009 0.16827789
v -0.01300000 0.00000000 0.16599999
v -0.01300000 0.00473009 0.16372211
v -0.01300000 -0.00116823 0.16088162
v -0.01300000 0.00116823 0.16088162
v -0.01300000 0.00327332 0.16189538
v -0.01300000 -0.00525000 0.16599999
v -0.01300000 -0.00473009 0.16372211
v -0.01300000 -0.00327332 0.16189538
v -0.01300000 -0.00116823 0.17111838
v -0.01300000 -0.00327332 0.17010461
v -0.01300000 -0.00473009 0.16827789
v -0.01300000 0.00327332 0.17010461
v -0.01300000 0.00116823 0.17111838
v -0.01351757 -0.01684442 0.12600000
v -0.01390788 -0.00334218 0.12425470
v -0.01393472 0.00061023 0.12364005
v -0.01235428 0.00065948 0.12388774
v -0.01099926 0.00079934 0.12472793
v -0.01009807 0.00100327 0.12600000
v -0.01351757 0.00386614 0.13504313
v -0.01351757 0.00577972 0.13534270
v -0.01351757 0.00953384 0.13629510
v -0.01351757 -0.00386614 0.13504313
v -0.01351757 -0.00577972 0.13534270
v -0.01351757 -0.00953384 0.13629510
v -0.01351757 -0.01310366 0.13768800
v -0.01396424 0.00347512 0.13519540
v -0.01396424 0.00192427 0.13505977
v -0.01396424 -0.00192427 0.13505977
v -0.01396424 -0.00347512 0.13519540
v -0.01386689 -0.00947606 0.12519343
v -0.01383168 -0.01287871 0.12600000
v -0.01347872 -0.01287614 0.12600000
v -0.01124640 -0.00925775 0.12600000
v -0.01181622 -0.01089389 0.12600000
v -0.01247458 -0.00941910 0.12537295
v -0.01244721 -0.01206440 0.12600000
v -0.01312851 -0.01273868 0.12600000
v -0.01232744 -0.00329293 0.12450238
v -0.01097243 -0.00315307 0.12534258
v -0.01041240 -0.00304703 0.12600000
v 0.00192102 -0.02865503 0.14593554
v 0.00314094 -0.02827873 0.14619902
v 0.00191319 -0.02780704 0.14652930
v 0.00429740 -0.02772598 0.14658606
v 0.00450139 -0.02760600 0.14667007
v -0.00313975 -0.02827912 0.14619875
v -0.00191319 -0.02780704 0.14652930
v -0.00329803 -0.02821554 0.14624326
v -0.00450139 -0.02760600 0.14667007
v -0.00201624 -0.02863265 0.14595121
v -0.00067048 -0.02884607 0.14580177
v 0.00061583 -0.02885016 0.14579889
v 0.01850000 -0.01610229 0.14185707
v 0.01850000 -0.01736587 0.14046225
v 0.01850000 -0.01541283 0.13923909
v 0.01850000 -0.01443827 0.14338581
v 0.01850000 -0.01330443 0.13813218
v 0.01850000 -0.01126122 0.13724644
v 0.01850000 -0.01190384 0.14432584
v 0.01850000 -0.00733939 0.14238636
v 0.01850000 0.00230296 0.13520405
v 0.01850000 0.00469147 0.13547830
v 0.01850000 0.00247971 0.14139672
v 0.01850000 0.00685646 0.13589318
v 0.01850000 0.00733939 0.14238636
v 0.01850000 -0.00000005 0.13511856
v 0.01850000 -0.00247971 0.14139672
v 0.01850000 -0.00230350 0.13520570
v 0.01850000 -0.01262992 0.14474075
v 0.01850000 0.01262992 0.14474075
v 0.01850000 0.01190384 0.14432584
v 0.01850000 0.01443827 0.14338581
v 0.01850000 0.01541235 0.13923968
v 0.01850000 0.01610229 0.14185707
v 0.01850000 0.01736587 0.14046225
v 0.01850000 0.00924788 0.13654143
v 0.01850000 0.01125855 0.13724940
v 0.01850000 0.01362307 0.13828874
v 0.01850000 -0.00893107 0.13643961
v 0.01850000 -0.00685941 0.13589147
v 0.01850000 -0.00433072 0.13542536
v -0.01850000 0.01610229 0.14185707
v -0.01850000 0.01736587 0.14046225
v -0.01850000 0.01541283 0.13923909
v -0.01850000 0.01443827 0.14338581
v -0.01850000 0.01361322 0.13828154
v -0.01850000 0.01126122 0.13724643
v -0.01850000 0.01190384 0.14432584
v -0.01850000 0.00733939 0.14238636
v -0.01850000 -0.00230297 0.13520402
v -0.01850000 -0.00434983 0.13542734
v -0.01850000 -0.00247971 0.14139672
v -0.01850000 -0.00685647 0.13589315
v -0.01850000 -0.00733939 0.14238636
v -0.01850000 0.00000004 0.13511853
v -0.01850000 0.00247971 0.14139672
v -0.01850000 0.00230349 0.13520567
v -0.01850000 0.01262992 0.14474075
v -0.01850000 -0.01262992 0.14474075
v -0.01850000 -0.01190384 0.14432584
v -0.01850000 -0.01443827 0.14338581
v -0.01850000 -0.01541235 0.13923967
v -0.01850000 -0.01610229 0.14185707
v -0.01850000 -0.01736587 0.14046225
v -0.01850000 -0.00896138 0.13645290
v -0.01850000 -0.01125855 0.13724940
v -0.01850000 -0.01332024 0.13814235
v -0.01850000 0.00924948 0.13653769
v -0.01850000 0.00685941 0.13589145
v -0.01850000 0.00466417 0.13547444
v -0.01761475 0.01432313 0.14584266
v -0.01761475 -0.01432314 0.14584266
v -0.01650000 -0.01583165 0.14700449
v -0.01650000 -0.01190384 0.14432584
v -0.01650000 0.01583165 0.14700449
v -0.01650000 0.01190384 0.14432584
v -0.01650000 0.00733939 0.14238636
v -0.01650000 0.00247971 0.14139672
v -0.01650000 -0.00247971 0.14139672
v -0.01650000 -0.00733939 0.14238636
v 0.01650000 0.01576634 0.14079738
v 0.01650000 0.01876763 0.14294516
v 0.01305522 0.01981922 0.14165334
v 0.01204977 0.02417306 0.14534894
v 0.01305522 0.02268321 0.14429671
v 0.01371219 0.02279414 0.14482448
v -0.01434931 0.02217375 0.14458920
v -0.01518891 0.02125896 0.14424330
v -0.01305522 0.02268321 0.14429671
v -0.01305522 0.00959382 0.13610820
v -0.00639957 -0.02708489 0.14646915
v -0.00571533 -0.02690123 0.14600852
v -0.00842396 -0.02629914 0.14616589
v 0.00191319 -0.02724631 0.14575209
v -0.00191319 -0.02724631 0.14575209
v 0.01396424 0.01284442 0.13778615
v 0.01650000 0.01261596 0.13908184
v 0.01351757 0.01310366 0.13768800
v 0.01305522 0.01322370 0.13752729
v 0.01396424 0.00192427 0.13505977
v 0.01396424 0.00347512 0.13519540
v 0.01305522 0.00194871 0.13466689
v 0.01351757 0.00386614 0.13504313
v 0.01305522 -0.00581608 0.13514981
v 0.01351757 -0.00577972 0.13534270
v 0.01351757 -0.00386614 0.13504313
v 0.01650000 -0.01876763 0.14294516
v 0.01650000 -0.01576634 0.14079738
v 0.01305522 -0.01664976 0.13938522
v 0.01650000 -0.01261596 0.13908184
v 0.01650000 -0.01954571 0.14360100
v 0.01579241 -0.02051985 0.14396513
v 0.01305522 -0.01981922 0.14165334
v 0.01034186 -0.02530331 0.14578149
v 0.01192471 -0.02426474 0.14538389
v 0.00944509 -0.02359947 0.14342003
v 0.01212991 -0.02411352 0.14532626
v 0.01305522 -0.02268321 0.14429671
v 0.01377004 -0.02274018 0.14480402
v 0.01518891 -0.02125896 0.14424330
v 0.00849842 -0.02626528 0.14615278
v 0.00571533 -0.02690123 0.14600852
v 0.00726439 -0.02678000 0.14635158
v 0.00655812 -0.02703228 0.14644887
v -0.00580165 -0.02727035 0.14654058
v -0.00945619 -0.02579615 0.14597154
v -0.00944509 -0.02359947 0.14342003
v -0.00571533 -0.02421684 0.14282933
v -0.01434954 -0.02217348 0.14458908
v -0.01371219 -0.02279414 0.14482448
v -0.01305522 -0.02268321 0.14429671
v -0.01204977 -0.02417306 0.14534894
v -0.01030215 -0.02532670 0.14579050
v -0.01305522 -0.01981922 0.14165334
v -0.01650000 -0.01876763 0.14294516
v -0.01650000 -0.01954571 0.14360100
v -0.01605577 -0.02017215 0.14383478
v -0.01520573 -0.02123934 0.14423589
v -0.01305522 -0.01322370 0.13752729
v -0.01305522 -0.00959382 0.13610820
v -0.01305522 -0.00194871 0.13466689
v -0.01305522 0.00581608 0.13514981
v -0.01305522 0.01664976 0.13938522
v -0.01650000 0.01576634 0.14079738
v -0.01650000 0.01954571 0.14360100
v -0.01650000 0.01876763 0.14294516
v -0.01605582 0.02017208 0.14383477
v -0.01305522 0.01981922 0.14165334
v -0.01212991 0.02411352 0.14532626
v -0.00944509 0.02359947 0.14342003
v -0.01034186 0.02530331 0.14578149
v -0.00945596 0.02579625 0.14597157
v -0.01236114 0.02393805 0.14525943
v -0.01236899 0.02393200 0.14525712
v -0.01377004 0.02274018 0.14480402
v -0.00450139 0.02760600 0.14667007
v -0.00580179 0.02727030 0.14654057
v -0.00571533 0.02690123 0.14600852
v -0.00655812 0.02703228 0.14644887
v -0.00849842 0.02626528 0.14615278
v -0.00191319 0.02780704 0.14652930
v -0.00191319 0.02724631 0.14575209
v 0.00191319 0.02724631 0.14575209
v 0.00726449 0.02677997 0.14635158
v 0.00639957 0.02708489 0.14646915
v 0.00571533 0.02690123 0.14600852
v 0.00450139 0.02760600 0.14667007
v 0.00191319 0.02780704 0.14652930
v 0.00945619 0.02579615 0.14597154
v 0.00842396 0.02629914 0.14616589
v 0.00944509 0.02359947 0.14342003
v 0.00571533 0.02421684 0.14282933
v 0.01030215 0.02532670 0.14579050
v 0.01650000 0.01954571 0.14360100
v 0.01579233 0.02051994 0.14396515
v 0.01520573 0.02123934 0.14423589
v -0.00191319 -0.02452748 0.14253211
v 0.00191319 -0.02452748 0.14253211
v 0.00571533 -0.02421684 0.14282933
v 0.00945596 -0.02579625 0.14597157
v -0.00571533 0.02421684 0.14282933
v -0.00191319 0.02452748 0.14253211
v 0.00191319 0.02452748 0.14253211
v -0.00944509 -0.02061979 0.14066988
v -0.00571533 -0.02115921 0.14000726
v -0.00191319 -0.02143063 0.13967381
v 0.00191319 -0.02143063 0.13967381
v 0.00571533 -0.02115921 0.14000726
v 0.00944509 -0.02061979 0.14066988
v 0.01396424 -0.01284442 0.13778615
v 0.01351757 -0.01310366 0.13768800
v 0.01305522 -0.01322370 0.13752729
v 0.00944509 -0.01375785 0.13637717
v 0.00944509 -0.01732231 0.13831015
v 0.00571533 -0.01411776 0.13560224
v 0.00571533 -0.01777546 0.13758577
v 0.00191319 -0.01429886 0.13521230
v 0.00191319 -0.01800348 0.13722129
v -0.00191319 -0.01429886 0.13521230
v -0.00191319 -0.01800348 0.13722129
v -0.00571533 -0.01411776 0.13560224
v -0.00571533 -0.01777546 0.13758577
v -0.00944509 -0.01375785 0.13637717
v -0.00944509 -0.01732231 0.13831015
v -0.01305522 -0.01664976 0.13938522
v -0.01650000 -0.01576634 0.14079738
v -0.00944509 -0.00998135 0.13490076
v -0.00571533 -0.01024247 0.13408720
v -0.00191319 -0.01037385 0.13367783
v 0.00191319 -0.01037385 0.13367783
v 0.00571533 -0.01024247 0.13408720
v 0.00944509 -0.00998135 0.13490076
v 0.01305522 -0.00959382 0.13610820
v 0.01351757 -0.00953384 0.13629510
v -0.01305522 -0.00581608 0.13514981
v -0.00944509 -0.00605102 0.13390365
v -0.00571533 -0.00620931 0.13306402
v -0.00191319 -0.00628896 0.13264151
v 0.00191319 -0.00628896 0.13264151
v 0.00571533 -0.00620931 0.13306402
v 0.00944509 -0.00605102 0.13390365
v 0.01396424 -0.00347512 0.13519540
v 0.01396424 -0.00192427 0.13505977
v 0.01305522 -0.00194871 0.13466689
v 0.00944509 -0.00202742 0.13340123
v 0.00571533 -0.00208046 0.13254844
v 0.00191319 -0.00210715 0.13211933
v -0.00191319 -0.00210715 0.13211933
v -0.00571533 -0.00208046 0.13254844
v -0.00944509 -0.00202742 0.13340123
v -0.01305522 0.00194871 0.13466689
v -0.00944509 0.00202742 0.13340123
v -0.00571533 0.00208046 0.13254844
v -0.00191319 0.00210715 0.13211933
v 0.00191319 0.00210715 0.13211933
v 0.00571533 0.00208046 0.13254844
v 0.00944509 0.00202742 0.13340123
v -0.00944509 0.00605102 0.13390365
v -0.00571533 0.00620931 0.13306402
v -0.00191319 0.00628896 0.13264151
v 0.00191319 0.00628896 0.13264151
v 0.00571533 0.00620931 0.13306402
v 0.00944509 0.00605102 0.13390365
v 0.01305522 0.00581608 0.13514981
v 0.01351757 0.00577972 0.13534270
v -0.00944509 0.00998135 0.13490076
v -0.00571533 0.01024247 0.13408720
v -0.00191319 0.01037385 0.13367783
v 0.00191319 0.01037385 0.13367783
v 0.00571533 0.01024247 0.13408720
v 0.00944509 0.00998135 0.13490076
v 0.01305522 0.00959382 0.13610820
v 0.01351757 0.00953384 0.13629510
v -0.01305522 0.01322370 0.13752729
v -0.00944509 0.01375785 0.13637717
v -0.00571533 0.01411776 0.13560224
v -0.00191319 0.01429886 0.13521230
v 0.00191319 0.01429886 0.13521230
v 0.00571533 0.01411776 0.13560224
v 0.00944509 0.01375785 0.13637717
v -0.00944509 0.01732231 0.13831015
v -0.00571533 0.01777546 0.13758577
v -0.00191319 0.01800348 0.13722129
v 0.00191319 0.01800348 0.13722129
v 0.00571533 0.01777546 0.13758577
v 0.00944509 0.01732231 0.13831015
v 0.01305522 0.01664976 0.13938522
v -0.00944509 0.02061979 0.14066988
v -0.00571533 0.02115921 0.14000726
v -0.00191319 0.02143063 0.13967381
v 0.00191319 0.02143063 0.13967381
v 0.00571533 0.02115921 0.14000726
v 0.00944509 0.02061979 0.14066988
v 0.01761475 0.01432314 0.14584266
v 0.01650000 0.01583165 0.14700449
v 0.01650000 0.01190384 0.14432584
v 0.01761475 -0.01432313 0.14584266
v 0.01650000 -0.01583165 0.14700449
v 0.01650000 -0.01190384 0.14432584
v 0.01650000 -0.00733939 0.14238636
v 0.01650000 -0.00247971 0.14139672
v 0.01650000 0.00247971 0.14139672
v 0.01650000 0.00733939 0.14238636
v 0.00329803 0.02821554 0.14624326
v -0.00192102 0.02865503 0.14593554
v -0.00314094 0.02827873 0.14619902
v -0.00429740 0.02772598 0.14658606
v 0.00201624 0.02863265 0.14595121
v 0.00067048 0.02884607 0.14580177
v -0.00061583 0.02885016 0.14579889
v 0.01294146 0.02479394 0.14333162
v 0.01192619 0.02556341 0.14363313
v -0.01294211 0.02479150 0.14333068
v -0.01459065 0.02328390 0.14274175
v -0.01434567 0.02254141 0.14414264
v -0.01746786 0.01580610 0.14503288
v -0.01605299 0.02097822 0.14288451
v -0.01605742 0.02159179 0.14208399
v -0.01679859 0.02055318 0.14168231
v -0.01746786 0.01927318 0.14151219
v -0.01562594 0.02213347 0.14229412
v -0.00972732 0.02691985 0.14416593
v -0.00867693 0.02743870 0.14437014
v -0.00805047 0.02771275 0.14447807
v -0.00580333 0.02850714 0.14479126
v -0.00461048 0.02880914 0.14491042
v -0.00313521 0.02908302 0.14501856
v -0.00206283 0.02921819 0.14507195
v -0.00090667 0.02930320 0.14510553
v 0.00218812 0.02920652 0.14506733
v 0.00283095 0.02913012 0.14503716
v 0.01127526 0.02600635 0.14380693
v 0.00973158 0.02691893 0.14416558
v 0.00967644 0.02694812 0.14417706
v 0.00805047 0.02771275 0.14447807
v 0.00726317 0.02802288 0.14460029
v 0.00650213 0.02828798 0.14470480
v 0.00475369 0.02877726 0.14489785
v 0.00416892 0.02890500 0.14494827
v 0.01578910 0.02124865 0.14310215
v 0.01420566 0.02367112 0.14289276
v 0.01397791 0.02282875 0.14437391
v 0.01731816 0.01947864 0.14167756
v 0.01645021 0.02106073 0.14187840
v 0.01579342 0.02192868 0.14221463
v 0.01818285 0.01808639 0.14073610
v 0.01731816 0.01781568 0.14354436
v 0.01795025 0.01856835 0.14091997
v 0.01768321 0.01908228 0.14111662
v 0.01650000 0.01680425 0.14623480
v 0.01731816 0.01597460 0.14523578
v 0.01650000 0.01874094 0.14445554
v -0.01237031 0.02523897 0.14350595
v -0.01168494 0.02573204 0.14369930
v -0.01071205 0.02635993 0.14394581
v -0.01650000 0.01874094 0.14445554
v -0.01650000 0.01680425 0.14623480
v -0.01746786 0.01762775 0.14335930
v -0.01747340 0.01946043 0.14126165
v -0.01605299 -0.02097822 0.14288451
v -0.01434567 -0.02254141 0.14414264
v -0.01257585 -0.02396295 0.14495175
v -0.00416892 -0.02890500 0.14494827
v -0.00283095 -0.02913012 0.14503716
v -0.00206204 -0.02921923 0.14507236
v -0.00046135 -0.02931747 0.14511116
v 0.00090667 -0.02930320 0.14510553
v 0.00206283 -0.02921819 0.14507195
v 0.00218826 -0.02920513 0.14506678
v 0.00461048 -0.02880914 0.14491042
v 0.00619984 -0.02838871 0.14474455
v 0.00726435 -0.02802422 0.14460082
v 0.00805047 -0.02771275 0.14447807
v 0.00867692 -0.02743871 0.14437014
v 0.00967552 -0.02694731 0.14417674
v 0.01168493 -0.02573205 0.14369930
v 0.01294213 -0.02479149 0.14333068
v 0.01397791 -0.02282875 0.14437391
v 0.01578910 -0.02124865 0.14310215
v 0.01731816 -0.01947864 0.14167756
v 0.01731816 -0.01781568 0.14354436
v 0.01650000 -0.01874094 0.14445554
v 0.01731816 -0.01597460 0.14523578
v 0.01650000 -0.01680425 0.14623480
v 0.01579412 -0.02192740 0.14221412
v 0.01679858 -0.02055319 0.14168231
v 0.01398057 -0.02388352 0.14297569
v 0.01459064 -0.02328391 0.14274175
v 0.01562595 -0.02213347 0.14229412
v -0.00580151 -0.02850365 0.14478987
v -0.00650213 -0.02828798 0.14470480
v -0.00805047 -0.02771275 0.14447807
v -0.00973157 -0.02691893 0.14416558
v -0.01071198 -0.02636106 0.14394626
v -0.01127525 -0.02600635 0.14380693
v -0.01237106 -0.02523878 0.14350586
v -0.01294145 -0.02479394 0.14333162
v -0.01562556 -0.02213429 0.14229444
v -0.01420566 -0.02367111 0.14289276
v -0.01746786 -0.01927318 0.14151219
v -0.01645021 -0.02106071 0.14187838
v -0.01605627 -0.02159397 0.14208482
v -0.01818284 -0.01808640 0.14073610
v -0.01746786 -0.01762775 0.14335930
v -0.01795025 -0.01856834 0.14091997
v -0.01768321 -0.01908228 0.14111662
v -0.01650000 -0.01680425 0.14623480
v -0.01746786 -0.01580610 0.14503288
v -0.01650000 -0.01874094 0.14445554
v 0.01732288 -0.01971912 0.14136104
v -0.02489844 -0.01401532 0.12752801
v -0.02500000 -0.01411919 0.12600000
v -0.02500000 -0.01977617 0.12600000
v -0.02002344 -0.01008671 0.13520186
v -0.02337500 -0.02023328 0.13273722
v -0.02337500 -0.02215397 0.13327724
v -0.02266422 -0.02145586 0.13470499
v -0.02337500 -0.01542286 0.13185611
v -0.02337500 -0.01797346 0.13226283
v -0.02246094 -0.01703827 0.13372901
v -0.02002344 0.01008987 0.13519883
v -0.02134375 0.01102985 0.13395980
v -0.02134375 0.00837718 0.13352312
v -0.02002344 0.01686215 0.13759640
v -0.02246094 0.01188421 0.13274196
v -0.02337500 0.01263146 0.13151759
v -0.02246094 0.00905123 0.13239162
v -0.02337500 0.00651056 0.13106313
v -0.02246094 0.00609983 0.13213974
v -0.02337500 0.00000002 0.13090947
v -0.02246094 0.00000003 0.13193604
v -0.02134375 0.00563460 0.13320923
v -0.02134375 0.00283219 0.13301952
v -0.02134375 0.00000004 0.13295537
v -0.02134375 -0.00283175 0.13301814
v -0.02337500 -0.00650971 0.13106278
v -0.02246094 -0.00904922 0.13239278
v -0.02246094 -0.00609867 0.13213927
v -0.02134375 -0.00837470 0.13352457
v -0.02134375 -0.00563316 0.13320863
v -0.02246094 -0.01928399 0.13435692
v -0.02408594 -0.01324904 0.13025993
v -0.02337500 -0.01262981 0.13151917
v -0.02246094 -0.01188195 0.13274412
v -0.02134375 -0.01102706 0.13396247
v -0.02134375 -0.01815619 0.13597310
v -0.02134375 -0.01594710 0.13519022
v -0.02002344 -0.01686170 0.13759696
v -0.02002344 -0.01471889 0.13666385
v -0.02246094 -0.01455795 0.13319048
v -0.02134375 -0.01356096 0.13451885
v -0.02002344 -0.01245385 0.13586418
v -0.02489844 -0.01965404 0.12766024
v -0.02489844 -0.02365025 0.12784308
v -0.02459375 -0.01930027 0.12924586
v -0.02408594 -0.01873377 0.13077424
v -0.02408594 -0.02099221 0.13110287
v -0.02459375 -0.02154895 0.12944266
v -0.02397897 -0.02274717 0.13178518
v -0.02474493 -0.02349947 0.12891191
v -0.02459375 -0.02335099 0.12966745
v -0.02459375 -0.01371807 0.12893876
v -0.02408594 -0.00685283 0.12994489
v -0.02500000 -0.00734012 0.12600000
v -0.02489844 0.00000000 0.12742095
v -0.02500000 0.00000000 0.12600000
v -0.02489844 0.00728157 0.12744781
v -0.02500000 0.01411919 0.12600000
v -0.02489844 0.01401546 0.12752786
v -0.02500000 0.01977617 0.12600000
v -0.02489844 0.01965411 0.12766017
v -0.02489844 0.02365025 0.12784308
v -0.02459375 0.02335099 0.12966745
v -0.02459375 0.02154902 0.12944257
v -0.02408594 0.02099236 0.13110268
v -0.02397897 0.02274717 0.13178518
v -0.02337500 0.02023351 0.13273694
v -0.02337500 0.02215397 0.13327724
v -0.02246094 0.01928432 0.13435650
v -0.02266422 0.02145586 0.13470499
v -0.02134375 0.01815659 0.13597260
v -0.02134375 0.02015893 0.13686398
v -0.02069810 0.01952479 0.13777590
v -0.02002344 0.01472037 0.13666210
v -0.02134375 0.01594840 0.13518867
v -0.02246094 0.01703932 0.13372776
v -0.02337500 0.01797423 0.13226192
v -0.02408594 0.01873426 0.13077366
v -0.02459375 0.01930051 0.12924556
v -0.02489844 -0.00728149 0.12744778
v -0.02459375 -0.00711458 0.12875132
v -0.02459375 0.00000001 0.12868847
v -0.02408594 0.00000001 0.12983914
v -0.02459375 0.00711484 0.12875143
v -0.02408594 0.00685337 0.12994511
v -0.02459375 0.01371859 0.12893827
v -0.02408594 0.01325008 0.13025893
v -0.02337500 0.01542419 0.13185464
v -0.02246094 0.01455977 0.13318846
v -0.02134375 0.01356321 0.13451636
v -0.02002344 0.01245640 0.13586135
v -0.02474493 0.02349947 0.12891191
v -0.02134375 -0.02015893 0.13686398
v -0.02069810 -0.01952479 0.13777590
v -0.00993448 0.03837906 0.12894158
v -0.00996954 0.03857754 0.12796074
v -0.01142688 0.03849396 0.12795876
v -0.02498038 0.02451593 0.12600000
v -0.02435406 0.02810424 0.12600000
v -0.02450172 0.02758398 0.12600000
v -0.02458680 0.02654942 0.12796284
v -0.02159522 0.03326595 0.12600000
v -0.02247198 0.03208350 0.12600000
v -0.02233835 0.03190353 0.12804851
v -0.01229423 0.02852878 0.14152610
v -0.01042688 0.02954082 0.14185202
v -0.00850739 0.03029961 0.14211845
v -0.01105312 0.03184576 0.13947499
v -0.00885771 0.03228298 0.13999064
v -0.01159987 0.03382436 0.13707256
v -0.00825278 0.02885815 0.14348322
v -0.01679850 0.03311856 0.13446787
v -0.01882308 0.03138353 0.13432887
v -0.01600818 0.03146894 0.13669248
v -0.01790811 0.02981232 0.13645601
v -0.01509032 0.02951586 0.13892341
v -0.01684791 0.02795851 0.13858624
v -0.01406245 0.02728237 0.14114226
v -0.02080391 0.02587496 0.13589098
v -0.01951206 0.02793424 0.13619293
v -0.02051669 0.02937197 0.13416106
v -0.02184779 0.02713861 0.13394736
v -0.02281616 0.02470256 0.13365497
v -0.02180391 0.02362187 0.13551642
v -0.01834683 0.02623458 0.13822466
v -0.01958527 0.02436940 0.13783190
v -0.02060224 0.02232046 0.13737471
v -0.01704384 0.02429399 0.14025785
v -0.01566367 0.02584641 0.14071210
v -0.01922411 0.02080543 0.13923869
v -0.01821273 0.02263614 0.13977744
v -0.02048464 0.03415876 0.12804036
v -0.02060671 0.03435673 0.12600000
v -0.02151040 0.03336839 0.12600000
v -0.02269799 0.03016302 0.13006394
v -0.02309235 0.03065352 0.12804255
v -0.02322882 0.03082096 0.12600000
v -0.02195268 0.03137761 0.13009046
v -0.02109573 0.03251979 0.13010600
v -0.02146664 0.03307552 0.12804720
v -0.02133785 0.03052676 0.13212743
v -0.02050477 0.03162207 0.13217388
v -0.02269603 0.02814617 0.13199376
v -0.02332775 0.02888343 0.13002285
v -0.02372210 0.02933620 0.12802736
v -0.02332296 0.03064200 0.12600000
v -0.02422189 0.02796373 0.12800129
v -0.02492767 0.02522024 0.12600000
v -0.02481298 0.02510691 0.12791057
v -0.02383714 0.02754927 0.12996453
v -0.02321743 0.02687151 0.13189843
v -0.02422057 0.02617343 0.12988703
v -0.02362604 0.02555545 0.13178146
v -0.02447359 0.02476929 0.12978855
v -0.02206830 0.02936722 0.13206904
v -0.01915257 0.03563391 0.12600000
v -0.01940181 0.03514226 0.12802938
v -0.01833343 0.03622185 0.12600000
v -0.01822872 0.03601637 0.12801562
v -0.01635460 0.03733755 0.12600000
v -0.01697680 0.03677313 0.12800065
v -0.01574030 0.03760820 0.12600000
v -0.01565759 0.03740475 0.12798595
v -0.01325303 0.03839294 0.12600000
v -0.00987815 0.03806017 0.13010667
v -0.01129866 0.03794660 0.13009398
v -0.01108832 0.03704109 0.13236488
v -0.01243035 0.03676134 0.13234243
v -0.01206100 0.03546632 0.13468246
v -0.00923846 0.03443858 0.13722827
v -0.00937652 0.03522018 0.13606034
v -0.00951262 0.03599069 0.13478318
v -0.00973404 0.03724426 0.13228928
v -0.01286916 0.03826933 0.12796347
v -0.01270179 0.03769911 0.13009019
v -0.01407884 0.03731792 0.13009223
v -0.01374874 0.03635708 0.13232373
v -0.01503305 0.03583159 0.13230625
v -0.01451598 0.03449821 0.13458242
v -0.01428382 0.03790508 0.12797306
v -0.01541771 0.03680649 0.13009773
v -0.01626883 0.03519090 0.13228826
v -0.01387890 0.03282451 0.13689716
v -0.01313419 0.03082864 0.13922141
v -0.02013254 0.03358104 0.13011359
v -0.01957162 0.03264787 0.13221224
v -0.01907260 0.03454965 0.13011473
v -0.01854788 0.03359145 0.13224325
v -0.01792631 0.03541531 0.13011105
v -0.01744372 0.03444169 0.13226794
v -0.01670440 0.03617015 0.13010469
v -0.02391657 0.02421097 0.13164145
v -0.01147023 0.03867764 0.12600000
v -0.00682038 0.03628081 0.13488896
v -0.00397433 0.03650342 0.13497068
v -0.00393781 0.03751658 0.13251357
v 0.01119501 0.03737715 0.13246153
v 0.01418731 0.03745928 0.13177891
v 0.01456565 0.03806017 0.13010667
v 0.01402272 0.03719789 0.13239506
v -0.00389129 0.03861968 0.12798017
v -0.00390954 0.03821528 0.13016738
v 0.00234332 0.03827079 0.13018917
v -0.00671326 0.03484458 0.13737641
v -0.00147287 0.03369640 0.14011618
v 0.00109142 0.03377734 0.14014637
v 0.00152155 0.03541131 0.13758487
v -0.00124032 0.03534752 0.13756135
v 0.00187362 0.03668655 0.13503811
v 0.00528876 0.03137781 0.14252800
v 0.01326262 0.03599069 0.13478318
v 0.01056823 0.03627928 0.13488835
v 0.01308733 0.03571231 0.13526154
v 0.00975720 0.03484248 0.13737558
v 0.01228534 0.03443858 0.13722827
v 0.01146560 0.03313667 0.13896361
v 0.00757316 0.03090695 0.14234871
v 0.01109089 0.03254155 0.13968761
v 0.00875961 0.03305546 0.13987759
v 0.00967926 0.03029961 0.14211845
v 0.00933489 0.02975267 0.14265229
v 0.00291822 0.03166284 0.14263664
v 0.00365970 0.03369728 0.14011654
v 0.00625351 0.03345522 0.14002635
v 0.00428665 0.03534823 0.13756163
v 0.00706494 0.03515745 0.13749139
v 0.00479924 0.03664138 0.13502149
v 0.00772485 0.03650478 0.13497122
v 0.00058329 0.03175715 0.14267258
v -0.00174710 0.03166185 0.14263624
v -0.00411590 0.03137523 0.14252697
v -0.00406514 0.03345293 0.14002544
v -0.00640540 0.03090988 0.14234988
v 0.00214756 0.03763055 0.13255620
v -0.00104963 0.03664086 0.13502128
v -0.00401736 0.03515560 0.13749066
v -0.00657574 0.03305805 0.13987862
v -0.00388482 0.03875000 0.12600000
v 0.00246082 0.03863478 0.12798707
v 0.00250000 0.03875000 0.12600000
v 0.01489141 0.03857754 0.12796074
v 0.00823501 0.03751744 0.13251391
v 0.00859720 0.03821570 0.13016754
v 0.01479978 0.03843201 0.12870969
v 0.01538600 0.03704128 0.13236482
v 0.02874452 0.02305303 0.13083316
v 0.02928125 0.02335099 0.12966745
v 0.02916108 0.02476920 0.12978853
v 0.02968675 0.02357610 0.12842932
v 0.02982031 0.02365025 0.12784308
v 0.02973483 0.02510685 0.12791057
v 0.02054826 0.03311992 0.13446833
v 0.01826434 0.03449894 0.13458282
v 0.01692365 0.03282574 0.13689771
v 0.01727730 0.02951797 0.13892420
v 0.01903669 0.02795939 0.13858657
v 0.02095605 0.02981310 0.13645628
v 0.02103555 0.01877346 0.13877323
v 0.02039666 0.02080391 0.13923810
v 0.02279033 0.02231912 0.13737419
v 0.02353125 0.02015893 0.13686398
v 0.02485125 0.02362077 0.13551600
v 0.01683698 0.02584736 0.14071245
v 0.01523371 0.02728472 0.14114317
v 0.01346326 0.02853075 0.14152686
v 0.01160286 0.02953999 0.14185168
v 0.01531914 0.03083031 0.13922210
v 0.01905467 0.03147069 0.13669312
v 0.02257389 0.03138421 0.13432905
v 0.01581340 0.03546642 0.13468228
v 0.01464983 0.03382408 0.13707231
v 0.01324429 0.03184516 0.13947469
v 0.02688410 0.03290237 0.12600000
v 0.02560684 0.03435711 0.12600000
v 0.02555637 0.03430712 0.12701561
v 0.02461349 0.03526560 0.12600000
v 0.02446789 0.03529479 0.12700689
v 0.02451634 0.03534602 0.12600000
v 0.02333360 0.03622212 0.12600000
v 0.02328752 0.03617029 0.12699670
v 0.02207058 0.03697803 0.12600000
v 0.02202715 0.03692622 0.12698592
v 0.02188707 0.03707444 0.12600000
v 0.02069948 0.03755636 0.12697545
v 0.02010447 0.03680629 0.13009785
v 0.01932876 0.03583182 0.13230650
v 0.02139093 0.03616999 0.13010487
v 0.02056414 0.03519135 0.13228863
v 0.02261385 0.03541593 0.13011120
v 0.02174050 0.03444266 0.13226824
v 0.02376086 0.03455052 0.13011478
v 0.02057903 0.03740424 0.12798598
v 0.02189814 0.03677253 0.12800069
v 0.02315074 0.03601674 0.12801567
v 0.02432420 0.03514312 0.12802939
v 0.02540670 0.03415916 0.12804037
v 0.01779174 0.03827035 0.12796345
v 0.01634909 0.03849443 0.12795876
v 0.01598669 0.03794696 0.13009395
v 0.01883868 0.03825143 0.12600000
v 0.01647049 0.03867815 0.12600000
v 0.01577970 0.03872984 0.12600000
v 0.02073998 0.03760757 0.12600000
v 0.01920602 0.03790559 0.12797308
v 0.01739042 0.03769990 0.13009013
v 0.01804638 0.03635750 0.13232374
v 0.01672895 0.03676181 0.13234232
v 0.01876685 0.03731839 0.13009225
v 0.02858762 0.03010479 0.12600000
v 0.02747198 0.03208339 0.12600000
v 0.02741856 0.03203797 0.12702519
v 0.02654304 0.03321782 0.12702200
v 0.02638843 0.03307557 0.12804723
v 0.02482038 0.03358152 0.13011365
v 0.02284586 0.03359234 0.13224337
v 0.02821345 0.02421081 0.13164140
v 0.02792310 0.02555491 0.13178127
v 0.02656649 0.02470174 0.13365465
v 0.02463039 0.02076911 0.13590759
v 0.02550781 0.02125620 0.13507134
v 0.02712500 0.02215397 0.13327724
v 0.02838281 0.02285223 0.13147739
v 0.02950866 0.02654930 0.12796281
v 0.02890814 0.02617313 0.12988694
v 0.02852502 0.02754879 0.12996434
v 0.02751505 0.02687050 0.13189803
v 0.02699414 0.02814495 0.13199323
v 0.02559969 0.02713660 0.13394655
v 0.02914388 0.02796361 0.12800124
v 0.02864423 0.02933615 0.12802731
v 0.02801592 0.02888290 0.13002260
v 0.02738598 0.03016268 0.13006379
v 0.02636606 0.02936645 0.13206872
v 0.02563460 0.03052694 0.13212754
v 0.02426650 0.02937232 0.13416122
v 0.02385335 0.02587216 0.13588987
v 0.02255868 0.02793477 0.13619314
v 0.02177591 0.02436591 0.13783054
v 0.02053401 0.02623526 0.13822491
v 0.01938816 0.02263217 0.13977590
v 0.01821535 0.02429477 0.14025815
v 0.02964295 0.02700300 0.12600000
v 0.02885829 0.02949041 0.12600000
v 0.02880434 0.02945155 0.12701811
v 0.02817483 0.03077877 0.12702422
v 0.02801443 0.03065347 0.12804250
v 0.02726020 0.03190346 0.12804852
v 0.02664012 0.03137765 0.13009050
v 0.02578301 0.03252012 0.13010615
v 0.02480123 0.03162280 0.13217418
v 0.02386906 0.03264844 0.13221236
v 0.02992764 0.02522020 0.12600000
v 0.02838281 0.02099221 0.13110287
v 0.02982031 0.01401532 0.12752801
v 0.03000000 0.01411919 0.12600000
v 0.03000000 0.01977617 0.12600000
v 0.02463039 -0.02076911 0.13590759
v 0.02550781 -0.01928432 0.13435651
v 0.02353125 -0.01815659 0.13597260
v 0.02353125 -0.02015893 0.13686398
v 0.02119531 -0.01686215 0.13759640
v 0.02103555 -0.01877346 0.13877323
v 0.02550781 -0.01188421 0.13274197
v 0.02712500 -0.01263146 0.13151759
v 0.02550781 -0.00905123 0.13239162
v 0.02712500 -0.00651056 0.13106313
v 0.02550781 -0.00609984 0.13213976
v 0.02712500 -0.00000003 0.13090949
v 0.02550781 -0.00000004 0.13193606
v 0.02353125 -0.00563461 0.13320924
v 0.02119531 -0.00512829 0.13430585
v 0.02353125 -0.00837718 0.13352314
v 0.02119531 -0.00764042 0.13467926
v 0.02353125 -0.01102985 0.13395981
v 0.02119531 -0.01008988 0.13519885
v 0.02353125 -0.00283220 0.13301955
v 0.02353125 -0.00000004 0.13295540
v 0.02353125 0.00283175 0.13301815
v 0.02712500 0.00650970 0.13106279
v 0.02550781 0.00904922 0.13239279
v 0.02550781 0.00609866 0.13213928
v 0.02353125 0.00837469 0.13352458
v 0.02353125 0.00563316 0.13320865
v 0.02712500 0.02023328 0.13273723
v 0.02550781 0.01928399 0.13435692
v 0.02712500 0.01797346 0.13226283
v 0.02550781 0.01703827 0.13372903
v 0.02712500 0.01542286 0.13185613
v 0.02550781 0.01455794 0.13319048
v 0.02353125 0.01815619 0.13597310
v 0.02353125 0.01594710 0.13519023
v 0.02353125 0.01356096 0.13451886
v 0.02838281 0.01324904 0.13025993
v 0.02712500 0.01262981 0.13151917
v 0.02550781 0.01188195 0.13274413
v 0.02353125 0.01102706 0.13396248
v 0.02119531 0.01686170 0.13759696
v 0.02119531 0.01471889 0.13666387
v 0.02119531 0.01245385 0.13586418
v 0.02119531 0.01008671 0.13520187
v 0.02119531 0.00763760 0.13468088
v 0.02119531 0.00512664 0.13430518
v 0.02119531 0.00257398 0.13407870
v 0.02119531 -0.00000005 0.13400406
v 0.02982031 0.01965404 0.12766024
v 0.02928125 0.01930027 0.12924586
v 0.02838281 0.01873377 0.13077424
v 0.02928125 0.02154895 0.12944266
v 0.02928125 0.01371807 0.12893876
v 0.02838281 0.00685283 0.12994489
v 0.03000000 0.00734012 0.12600000
v 0.02982031 -0.00000000 0.12742095
v 0.03000000 0.00000000 0.12600000
v 0.02982031 -0.00728157 0.12744781
v 0.03000000 -0.01411919 0.12600000
v 0.02982031 -0.01401546 0.12752786
v 0.03000000 -0.01977617 0.12600000
v 0.02982031 -0.01965411 0.12766017
v 0.02982031 -0.02365025 0.12784308
v 0.02928125 -0.02335099 0.12966745
v 0.02928125 -0.02154902 0.12944257
v 0.02874452 -0.02305303 0.13083316
v 0.02838281 -0.02099236 0.13110268
v 0.02838281 -0.02285223 0.13147739
v 0.02712500 -0.02023351 0.13273694
v 0.02712500 -0.02215397 0.13327724
v 0.02550781 -0.02125620 0.13507134
v 0.02119531 -0.01472037 0.13666211
v 0.02353125 -0.01594841 0.13518867
v 0.02550781 -0.01703932 0.13372776
v 0.02712500 -0.01797423 0.13226192
v 0.02838281 -0.01873426 0.13077366
v 0.02928125 -0.01930051 0.12924558
v 0.02982031 0.00728149 0.12744778
v 0.02928125 0.00711457 0.12875132
v 0.02928125 -0.00000001 0.12868848
v 0.02838281 -0.00000002 0.12983915
v 0.02928125 -0.00711484 0.12875143
v 0.02838281 -0.00685337 0.12994511
v 0.02928125 -0.01371859 0.12893827
v 0.02838281 -0.01325009 0.13025893
v 0.02712500 -0.01542419 0.13185465
v 0.02550781 -0.01455977 0.13318847
v 0.02353125 -0.01356321 0.13451636
v 0.02119531 -0.01245640 0.13586135
v 0.02968675 -0.02357610 0.12842932
v 0.02821345 -0.02421097 0.13164145
v 0.01418731 -0.03745928 0.13177891
v 0.01456565 -0.03806017 0.13010667
v 0.01598616 -0.03794660 0.13009398
v 0.01479978 -0.03843201 0.12870969
v 0.01489141 -0.03857754 0.12796074
v 0.01634875 -0.03849396 0.12795876
v 0.02426669 -0.02937197 0.13416106
v 0.02559779 -0.02713862 0.13394736
v 0.02385079 -0.02587496 0.13589098
v 0.02255894 -0.02793424 0.13619293
v 0.02095499 -0.02981231 0.13645601
v 0.02257309 -0.03138353 0.13432887
v 0.01324062 -0.03184576 0.13947499
v 0.01146560 -0.03313667 0.13896361
v 0.01464675 -0.03382436 0.13707256
v 0.01228534 -0.03443858 0.13722827
v 0.01581100 -0.03546632 0.13468246
v 0.01159876 -0.02954082 0.14185202
v 0.00933489 -0.02975267 0.14265229
v 0.01109089 -0.03254155 0.13968761
v 0.01903542 -0.02795851 0.13858624
v 0.02053433 -0.02623458 0.13822466
v 0.02177277 -0.02436940 0.13783190
v 0.01683556 -0.02584640 0.14071210
v 0.01821572 -0.02429399 0.14025785
v 0.01938461 -0.02263614 0.13977744
v 0.02039599 -0.02080543 0.13923869
v 0.02656616 -0.02470257 0.13365497
v 0.02485078 -0.02362187 0.13551642
v 0.02278974 -0.02232046 0.13737471
v 0.02415257 -0.03563391 0.12600000
v 0.02560671 -0.03435673 0.12600000
v 0.02555622 -0.03430673 0.12701561
v 0.02651040 -0.03336839 0.12600000
v 0.02654308 -0.03321785 0.12702198
v 0.02659522 -0.03326595 0.12600000
v 0.02747198 -0.03208350 0.12600000
v 0.02741856 -0.03203807 0.12702519
v 0.02822882 -0.03082096 0.12600000
v 0.02817470 -0.03077873 0.12702423
v 0.02832296 -0.03064200 0.12600000
v 0.02880420 -0.02945146 0.12701812
v 0.02801525 -0.02888343 0.13002285
v 0.02699290 -0.02814617 0.13199376
v 0.02738549 -0.03016302 0.13006394
v 0.02636518 -0.02936722 0.13206904
v 0.02664018 -0.03137761 0.13009046
v 0.02563472 -0.03052676 0.13212743
v 0.02578323 -0.03251979 0.13010600
v 0.02864397 -0.02933620 0.12802736
v 0.02801423 -0.03065352 0.12804255
v 0.02726022 -0.03190353 0.12804851
v 0.02638851 -0.03307552 0.12804720
v 0.02540651 -0.03415876 0.12804036
v 0.02950868 -0.02654942 0.12796284
v 0.02973485 -0.02510691 0.12791057
v 0.02916109 -0.02476930 0.12978855
v 0.02950172 -0.02758398 0.12600000
v 0.02992767 -0.02522024 0.12600000
v 0.02998038 -0.02451594 0.12600000
v 0.02885818 -0.02949028 0.12600000
v 0.02914377 -0.02796373 0.12800129
v 0.02890808 -0.02617343 0.12988703
v 0.02751430 -0.02687151 0.13189843
v 0.02792292 -0.02555545 0.13178146
v 0.02852464 -0.02754927 0.12996453
v 0.02135460 -0.03733755 0.12600000
v 0.02333343 -0.03622185 0.12600000
v 0.02328735 -0.03617000 0.12699668
v 0.02446745 -0.03529393 0.12700689
v 0.02432369 -0.03514226 0.12802938
v 0.02482004 -0.03358104 0.13011359
v 0.02480165 -0.03162207 0.13217388
v 0.01538520 -0.03704109 0.13236488
v 0.01672723 -0.03676134 0.13234243
v 0.01308733 -0.03571231 0.13526154
v 0.01326262 -0.03599069 0.13478318
v 0.01402272 -0.03719789 0.13239506
v 0.01779103 -0.03826933 0.12796347
v 0.01738929 -0.03769911 0.13009019
v 0.01876634 -0.03731792 0.13009223
v 0.01804562 -0.03635708 0.13232373
v 0.01932993 -0.03583159 0.13230625
v 0.01826599 -0.03449821 0.13458242
v 0.01920570 -0.03790508 0.12797306
v 0.02057947 -0.03740475 0.12798595
v 0.02010521 -0.03680649 0.13009773
v 0.02139190 -0.03617015 0.13010469
v 0.02056571 -0.03519089 0.13228826
v 0.02174059 -0.03444169 0.13226794
v 0.02054850 -0.03311856 0.13446787
v 0.01692579 -0.03282450 0.13689716
v 0.01905507 -0.03146894 0.13669248
v 0.01532170 -0.03082864 0.13922141
v 0.01727783 -0.02951586 0.13892341
v 0.01346611 -0.02852877 0.14152609
v 0.01523434 -0.02728237 0.14114226
v 0.01825303 -0.03839294 0.12600000
v 0.02074030 -0.03760820 0.12600000
v 0.02069984 -0.03755696 0.12697543
v 0.02202757 -0.03692694 0.12698591
v 0.02189867 -0.03677313 0.12800065
v 0.02315060 -0.03601637 0.12801562
v 0.02261381 -0.03541531 0.13011105
v 0.02376010 -0.03454965 0.13011473
v 0.02284476 -0.03359145 0.13224325
v 0.02386850 -0.03264787 0.13221224
v 0.01647023 -0.03867764 0.12600000
v 0.00859704 -0.03821528 0.13016738
v 0.00876324 -0.03305805 0.13987862
v 0.00625264 -0.03345293 0.14002544
v 0.00706424 -0.03515560 0.13749066
v -0.00411689 -0.03137781 0.14252800
v -0.00885771 -0.03228298 0.13999064
v -0.00923846 -0.03443858 0.13722827
v -0.00671032 -0.03484248 0.13737558
v -0.00825278 -0.02885815 0.14348322
v -0.00850739 -0.03029961 0.14211845
v -0.00640129 -0.03090695 0.14234871
v -0.00657211 -0.03305546 0.13987759
v -0.00406601 -0.03345522 0.14002635
v -0.00401807 -0.03515745 0.13749139
v -0.00123978 -0.03534823 0.13756163
v -0.00104924 -0.03664138 0.13502149
v 0.00187638 -0.03668655 0.13503811
v -0.00147221 -0.03369728 0.14011654
v 0.00152533 -0.03541131 0.13758487
v 0.00428719 -0.03534752 0.13756135
v 0.00479963 -0.03664086 0.13502128
v 0.00823468 -0.03751658 0.13251357
v 0.01057038 -0.03628081 0.13488896
v 0.00772433 -0.03650342 0.13497068
v 0.00976013 -0.03484458 0.13737641
v 0.00366037 -0.03369640 0.14011618
v 0.00109608 -0.03377734 0.14014637
v -0.00174635 -0.03166284 0.14263664
v 0.00881317 -0.03861968 0.12798017
v 0.00214931 -0.03763055 0.13255620
v 0.00888482 -0.03875000 0.12600000
v 0.00246106 -0.03863478 0.12798707
v 0.00250000 -0.03875000 0.12600000
v -0.00996954 -0.03857754 0.12796074
v -0.00937652 -0.03522018 0.13606034
v -0.00951262 -0.03599069 0.13478318
v -0.00681823 -0.03627928 0.13488835
v -0.00973404 -0.03724426 0.13228928
v -0.00689814 -0.03737715 0.13246153
v -0.00987815 -0.03806017 0.13010667
v -0.00390970 -0.03821570 0.13016754
v 0.00234418 -0.03827079 0.13018917
v -0.00393813 -0.03751744 0.13251391
v -0.00397485 -0.03650478 0.13497122
v -0.00993448 -0.03837906 0.12894158
v 0.00757727 -0.03090988 0.14234988
v 0.00528777 -0.03137523 0.14252697
v 0.00291898 -0.03166185 0.14263624
v 0.00058858 -0.03175715 0.14267258
v -0.01142721 -0.03849443 0.12795876
v -0.01286987 -0.03827035 0.12796345
v -0.01383868 -0.03825143 0.12600000
v -0.01160295 -0.03382408 0.13707231
v -0.01821628 -0.02263216 0.13977590
v -0.02051650 -0.02937232 0.13416122
v -0.01882389 -0.03138421 0.13432905
v -0.01951180 -0.02793476 0.13619314
v -0.01790917 -0.02981310 0.13645627
v -0.01834651 -0.02623525 0.13822491
v -0.01684918 -0.02795939 0.13858657
v -0.01704347 -0.02429477 0.14025815
v -0.01387677 -0.03282574 0.13689771
v -0.01600779 -0.03147069 0.13669312
v -0.01679825 -0.03311991 0.13446833
v -0.01451434 -0.03449894 0.13458282
v -0.01206340 -0.03546642 0.13468228
v -0.01508979 -0.02951796 0.13892420
v -0.01313164 -0.03083031 0.13922210
v -0.01105679 -0.03184516 0.13947469
v -0.01406183 -0.02728472 0.14114316
v -0.01229138 -0.02853075 0.14152686
v -0.01566510 -0.02584735 0.14071245
v -0.02048482 -0.03415916 0.12804037
v -0.02060684 -0.03435711 0.12600000
v -0.01961349 -0.03526560 0.12600000
v -0.01907335 -0.03455051 0.13011478
v -0.01744363 -0.03444265 0.13226824
v -0.01854898 -0.03359234 0.13224337
v -0.01435450 -0.03810455 0.12600000
v -0.01428414 -0.03790559 0.12797308
v -0.01688707 -0.03707444 0.12600000
v -0.01565715 -0.03740424 0.12798598
v -0.01707058 -0.03697803 0.12600000
v -0.01697626 -0.03677253 0.12800069
v -0.01833360 -0.03622212 0.12600000
v -0.01822886 -0.03601674 0.12801567
v -0.01951634 -0.03534602 0.12600000
v -0.01077970 -0.03872984 0.12600000
v -0.01147049 -0.03867815 0.12600000
v -0.01129919 -0.03794696 0.13009395
v -0.01108913 -0.03704128 0.13236482
v -0.01270292 -0.03769990 0.13009013
v -0.01243208 -0.03676181 0.13234232
v -0.01407935 -0.03731839 0.13009225
v -0.01374950 -0.03635749 0.13232374
v -0.01541697 -0.03680629 0.13009785
v -0.01503189 -0.03583182 0.13230650
v -0.01670343 -0.03616999 0.13010487
v -0.01626726 -0.03519135 0.13228863
v -0.01792635 -0.03541592 0.13011120
v -0.01940233 -0.03514312 0.12802939
v -0.02447358 -0.02476920 0.12978853
v -0.02188409 -0.03290237 0.12600000
v -0.02146656 -0.03307557 0.12804723
v -0.02247198 -0.03208339 0.12600000
v -0.02233833 -0.03190346 0.12804852
v -0.02358762 -0.03010478 0.12600000
v -0.02309256 -0.03065347 0.12804250
v -0.02385828 -0.02949041 0.12600000
v -0.02372235 -0.02933615 0.12802731
v -0.02464295 -0.02700300 0.12600000
v -0.02391657 -0.02421081 0.13164140
v -0.02362623 -0.02555490 0.13178127
v -0.02281649 -0.02470174 0.13365465
v -0.01922479 -0.02080391 0.13923810
v -0.02060282 -0.02231912 0.13737419
v -0.02180437 -0.02362077 0.13551600
v -0.02481295 -0.02510685 0.12791057
v -0.02458678 -0.02654930 0.12796281
v -0.02422064 -0.02617313 0.12988694
v -0.02383751 -0.02754879 0.12996434
v -0.02321817 -0.02687050 0.13189803
v -0.02269726 -0.02814495 0.13199323
v -0.02184969 -0.02713660 0.13394655
v -0.02422200 -0.02796361 0.12800124
v -0.02332842 -0.02888290 0.13002260
v -0.02206919 -0.02936645 0.13206872
v -0.02080647 -0.02587216 0.13588987
v -0.01958840 -0.02436591 0.13783054
v -0.02013288 -0.03358151 0.13011365
v -0.01957218 -0.03264844 0.13221236
v -0.02109551 -0.03252012 0.13010615
v -0.02050435 -0.03162280 0.13217418
v -0.02195262 -0.03137765 0.13009050
v -0.02133772 -0.03052694 0.13212754
v -0.02269848 -0.03016267 0.13006379
v -0.01043098 -0.02953999 0.14185168
v -0.02492764 -0.02522020 0.12600000
v 0.01351757 -0.02284442 0.12600000
v 0.01551757 0.01684442 0.12600000
v 0.01551757 -0.01684442 0.12600000
v 0.01351757 -0.01684442 0.12600000
v 0.01351757 0.01684442 0.12600000
v 0.01676757 0.02284442 0.12600000
v 0.01351757 0.02284442 0.12600000
v 0.01676757 -0.02284442 0.12600000
v 0.01650000 -0.01250222 0.13972686
v 0.01650000 0.01250222 0.13972686
v 0.01650000 0.00800970 0.13802809
v 0.01650000 0.00270093 0.13702953
v 0.01650000 -0.00270093 0.13702953
v 0.01650000 -0.00800970 0.13802809
v 0.01025000 -0.00268114 0.15872855
v 0.01025000 -0.00300000 0.16080385
v 0.01025000 -0.00062717 0.16003287
v 0.01025000 0.00763226 0.16734578
v 0.01025000 0.00600000 0.16599999
v 0.01025000 0.00548127 0.16844042
v 0.01025000 0.00268114 0.15872855
v 0.01025000 0.00136176 0.15837057
v 0.01025000 0.00185410 0.16029365
v 0.01025000 0.00000000 0.15825000
v 0.01025000 -0.00136176 0.15837057
v 0.01025000 0.00391709 0.15931278
v 0.01025000 0.00401478 0.16154113
v 0.01025000 0.00503117 0.16010509
v 0.01025000 0.00774862 0.16614607
v 0.01025000 0.00765374 0.16478229
v 0.01025000 0.00548127 0.16355959
v 0.01025000 -0.00586889 0.16724747
v 0.01025000 -0.00720798 0.16884738
v 0.01025000 -0.00485410 0.16952671
v 0.01025000 -0.00583913 0.17109579
v 0.01025000 -0.00300000 0.17119615
v 0.01025000 -0.00379665 0.17275633
v 0.01025000 -0.00062717 0.17196713
v 0.01025000 -0.00131616 0.17363742
v 0.01025000 0.00185410 0.17170633
v 0.01025000 -0.00598869 0.16108084
v 0.01025000 -0.00485410 0.16247329
v 0.01025000 -0.00503117 0.16010509
v 0.01025000 -0.00391709 0.15931278
v 0.01025000 0.00732069 0.16345640
v 0.01025000 0.00675986 0.16220964
v 0.01025000 0.00598869 0.16108084
v 0.01025000 0.00131616 0.17363742
v 0.01025000 0.00379665 0.17275633
v 0.01025000 0.00401478 0.17045887
v 0.01025000 0.00583913 0.17109579
v 0.01025000 0.00720798 0.16884738
v 0.01025000 -0.00675986 0.16220964
v 0.01025000 -0.00732069 0.16345640
v 0.01025000 -0.00586889 0.16475253
v 0.01025000 -0.00765374 0.16478229
v 0.01025000 -0.00600000 0.16599999
v 0.01025000 -0.00774862 0.16614607
v 0.01025000 -0.00763226 0.16734578
v 0.01275000 0.00612500 0.16599999
v 0.01050000 0.00612500 0.16599999
v 0.01275000 0.00565876 0.16365607
v 0.01050000 0.00565876 0.16365607
v 0.01275000 0.00433103 0.16166897
v 0.01050000 0.00433103 0.16166897
v 0.01275000 0.00234394 0.16034123
v 0.01050000 0.00234394 0.16034123
v 0.01275000 0.00000000 0.15987501
v 0.01050000 0.00000000 0.15987501
v 0.01275000 -0.00234394 0.16034123
v 0.01050000 -0.00234394 0.16034123
v 0.01275000 -0.00433103 0.16166897
v 0.01050000 -0.00433103 0.16166897
v 0.01275000 -0.00565876 0.16365607
v 0.01050000 -0.00565876 0.16365607
v 0.01275000 -0.00612500 0.16599999
v 0.01050000 -0.00612500 0.16599999
v 0.01275000 -0.00565876 0.16834393
v 0.01050000 -0.00565876 0.16834393
v 0.01275000 -0.00433103 0.17033103
v 0.01050000 -0.00433103 0.17033103
v 0.01275000 -0.00234394 0.17165877
v 0.01050000 -0.00234394 0.17165877
v 0.01275000 0.00000000 0.17212500
v 0.01050000 0.00000000 0.17212500
v 0.01275000 0.00234394 0.17165877
v 0.01050000 0.00234394 0.17165877
v 0.01275000 0.00433103 0.17033103
v 0.01050000 0.00433103 0.17033103
v 0.01275000 0.00565876 0.16834393
v 0.01050000 0.00565876 0.16834393
v 0.01050000 -0.00586889 0.16724747
v 0.01050000 -0.00485410 0.16952671
v 0.01050000 -0.00300000 0.17119615
v 0.01050000 -0.00062717 0.17196713
v 0.01050000 0.00185410 0.17170633
v 0.01050000 0.00401478 0.17045887
v 0.01050000 0.00548127 0.16844042
v 0.01050000 0.00600000 0.16599999
v 0.01050000 0.00548127 0.16355959
v 0.01050000 0.00401478 0.16154113
v 0.01050000 0.00185410 0.16029365
v 0.01050000 -0.00062717 0.16003287
v 0.01050000 -0.00300000 0.16080385
v 0.01050000 -0.00485410 0.16247329
v 0.01050000 -0.00586889 0.16475253
v 0.01050000 -0.00600000 0.16599999
v 0.01350000 -0.00462331 0.17062332
v 0.01350000 -0.00756546 0.16768116
v 0.01350000 -0.00763226 0.16734578
v 0.01350000 -0.00774965 0.16607404
v 0.01350000 0.00762977 0.16464020
v 0.01350000 0.00774965 0.16607404
v 0.01350000 0.00763226 0.16734578
v 0.01350000 -0.00347395 0.15907222
v 0.01350000 -0.00213345 0.15854944
v 0.01350000 -0.00071942 0.15828346
v 0.01350000 0.00071942 0.15828346
v 0.01350000 0.00661428 0.16196096
v 0.01350000 0.00347395 0.15907222
v 0.01350000 0.00575365 0.16080789
v 0.01350000 0.00469471 0.15983379
v 0.01350000 0.00213345 0.15854944
v 0.01350000 0.00724692 0.16325325
v 0.01350000 -0.00762977 0.16464020
v 0.01350000 -0.00724692 0.16325325
v 0.01350000 -0.00661428 0.16196096
v 0.01350000 -0.00575365 0.16080789
v 0.01350000 -0.00469471 0.15983379
v 0.01350000 0.00756546 0.16768116
v 0.01350000 0.00462331 0.17062332
v 0.01350000 0.00347861 0.17153618
v 0.01350000 -0.00347861 0.17153618
v 0.01350000 0.00215948 0.17217144
v 0.01350000 -0.00215948 0.17217144
v 0.01350000 0.00073206 0.17249724
v 0.01350000 -0.00073206 0.17249724
v 0.01275000 -0.00116823 0.16088162
v 0.01275000 -0.00327332 0.16189538
v 0.01275000 -0.00473009 0.16372211
v 0.01275000 -0.00525000 0.16599999
v 0.01275000 -0.00473009 0.16827789
v 0.01275000 -0.00327332 0.17010461
v 0.01275000 -0.00116823 0.17111838
v 0.01275000 0.00116823 0.17111838
v 0.01275000 0.00327332 0.17010461
v 0.01275000 0.00473009 0.16827789
v 0.01275000 0.00525000 0.16599999
v 0.01275000 0.00473009 0.16372211
v 0.01275000 0.00327332 0.16189538
v 0.01275000 0.00116823 0.16088162
v 0.01627877 -0.01221801 0.14133872
v 0.01439530 -0.00968191 0.15572162
v 0.01500786 -0.01054526 0.15082532
v 0.01369475 -0.00847223 0.16258207
v 0.01379793 -0.00869353 0.16132703
v 0.01390726 -0.00890017 0.16015509
v 0.01351668 -0.00786870 0.16600487
v 0.01358134 -0.00816200 0.16434149
v 0.01369912 0.00848238 0.16252449
v 0.01358986 0.00819010 0.16418213
v 0.01351563 0.00786104 0.16604829
v 0.01636542 0.01232948 0.14070654
v 0.01518716 0.01078763 0.14945078
v 0.01418498 0.00936265 0.15753222
v 0.01417993 0.00935473 0.15757713
v 0.01391039 0.00890580 0.16012318
v 0.01534776 -0.01100230 0.14823334
v 0.01026478 0.00785470 0.16608426
v 0.01032259 0.00813169 0.16451335
v 0.01042498 0.00842513 0.16284916
v 0.01054793 0.00869353 0.16132703
v 0.01058206 0.00876036 0.16094798
v 0.01101984 0.00949370 0.15678902
v 0.01159285 0.01031902 0.15210842
v 0.01351757 0.01284442 0.13778615
v 0.01233212 0.01131229 0.14647527
v 0.01218045 0.01111208 0.14761075
v 0.01351757 0.01072455 0.13691419
v 0.01061344 -0.00881982 0.16061080
v 0.01042114 -0.00841575 0.16290240
v 0.01035484 -0.00823677 0.16391741
v 0.01026397 -0.00784846 0.16611962
v 0.01351757 -0.01072455 0.13691419
v 0.01351757 -0.01284442 0.13778615
v 0.01278977 -0.01190937 0.14308906
v 0.01351757 0.00544702 0.13548230
v 0.01351757 0.00347512 0.13519540
v 0.01351757 0.00000000 0.13500001
v 0.01351757 -0.00347512 0.13519540
v 0.01351757 -0.00544702 0.13548230
v 0.01161196 -0.01034540 0.15195878
v 0.01097162 -0.00941966 0.15720890
v 0.01086937 -0.00925873 0.15812162
v 0.01351757 -0.02284442 0.11600000
v 0.01351757 0.02284442 0.11600000
v 0.01676757 -0.02284442 0.11600000
v 0.01676757 0.02284442 0.11600000
v 0.01284280 -0.00548008 0.17148007
v 0.01284280 -0.00412325 0.17256211
v 0.01284280 -0.00379665 0.17275633
v 0.01284280 -0.00255966 0.17331509
v 0.01284280 -0.00131616 0.17363742
v 0.01284280 -0.00086772 0.17370127
v 0.01284280 0.00086772 0.17370127
v 0.01284280 0.00131616 0.17363742
v 0.01284280 0.00255966 0.17331509
v 0.01284280 0.00379665 0.17275633
v 0.01284280 0.00412325 0.17256211
v 0.01284280 0.00548008 0.17148007
v 0.01285053 0.00578335 0.17115866
v 0.01318395 0.00716590 0.16895176
v 0.01295909 0.00655999 0.17012288
v 0.01285378 -0.00583937 0.17109501
v 0.01335918 -0.00742457 0.16822244
v 0.01308379 -0.00695305 0.16942137
v 0.01290430 -0.00629073 0.17052399
v 0.01551757 -0.01684442 0.12200000
v 0.01551757 0.01684442 0.12200000
v 0.01351757 -0.01684442 0.12200000
v 0.01351757 0.01684442 0.12200000
v 0.01300000 0.00525000 0.16599999
v 0.01300000 0.00473009 0.16372211
v 0.01300000 0.00000000 0.16599999
v 0.01300000 0.00473009 0.16827789
v 0.01300000 -0.00116823 0.17111838
v 0.01300000 0.00116823 0.17111838
v 0.01300000 0.00327332 0.17010461
v 0.01300000 -0.00525000 0.16599999
v 0.01300000 -0.00473009 0.16827789
v 0.01300000 -0.00327332 0.17010461
v 0.01300000 -0.00116823 0.16088162
v 0.01300000 -0.00327332 0.16189538
v 0.01300000 -0.00473009 0.16372211
v 0.01300000 0.00327332 0.16189538
v 0.01300000 0.00116823 0.16088162
f 1 2 3
f 4 5 3
f 3 5 6
f 3 6 1
f 7 8 9
f 10 11 9
f 9 11 12
f 9 12 7
f 13 14 15
f 10 16 11
f 11 16 13
f 11 13 17
f 17 13 15
f 18 3 19
f 19 3 20
f 21 22 23
f 23 22 3
f 23 3 24
f 24 3 18
f 25 26 27
f 28 29 30
f 31 32 33
f 33 32 34
f 33 34 35
f 35 34 36
f 35 36 37
f 37 36 38
f 37 38 39
f 39 38 40
f 38 41 40
f 40 41 42
f 40 42 43
f 43 42 44
f 43 44 45
f 45 44 46
f 45 46 29
f 29 46 47
f 29 47 30
f 48 49 50
f 49 51 50
f 50 51 28
f 50 28 52
f 52 28 30
f 48 50 53
f 53 50 54
f 53 54 27
f 27 54 55
f 27 55 25
f 8 56 9
f 9 56 57
f 58 59 60
f 60 59 61
f 60 61 62
f 62 63 60
f 60 63 64
f 60 64 58
f 58 64 65
f 58 65 66
f 57 67 9
f 9 67 58
f 9 58 68
f 68 58 66
f 69 70 71
f 71 70 72
f 71 72 73
f 73 72 74
f 75 3 74
f 74 3 2
f 74 2 73
f 75 76 3
f 3 76 77
f 3 77 20
f 78 79 80
f 80 81 78
f 78 81 82
f 78 82 83
f 84 42 41
f 41 85 84
f 84 85 86
f 84 86 82
f 82 86 87
f 82 87 83
f 88 89 90
f 79 78 90
f 90 78 91
f 90 91 88
f 92 93 94
f 94 93 95
f 94 95 96
f 91 97 88
f 88 97 93
f 88 93 98
f 98 93 92
f 27 26 99
f 99 26 100
f 101 102 103
f 103 102 104
f 103 104 105
f 105 104 99
f 105 99 106
f 106 99 100
f 107 108 109
f 103 89 101
f 101 89 88
f 101 88 110
f 110 88 111
f 110 111 109
f 109 111 112
f 109 112 107
f 113 114 115
f 115 114 116
f 115 116 117
f 118 119 120
f 120 119 116
f 120 116 121
f 121 116 114
f 122 4 3
f 22 123 3
f 3 123 124
f 3 124 125
f 126 122 127
f 127 122 3
f 127 3 128
f 128 3 125
f 116 129 130
f 130 131 116
f 116 131 132
f 116 132 117
f 133 134 135
f 135 136 133
f 133 136 137
f 133 137 138
f 139 140 141
f 142 143 144
f 144 143 139
f 144 145 142
f 142 145 146
f 142 146 147
f 147 146 148
f 147 148 149
f 149 148 150
f 149 150 151
f 151 150 152
f 138 153 133
f 133 153 154
f 133 154 152
f 152 154 155
f 152 155 151
f 139 141 144
f 144 141 156
f 144 156 145
f 145 156 157
f 145 157 146
f 146 157 158
f 146 158 148
f 148 158 159
f 148 159 150
f 150 159 160
f 150 160 152
f 152 160 161
f 152 161 133
f 133 161 162
f 133 162 134
f 163 164 165
f 165 164 166
f 165 166 167
f 168 165 169
f 169 165 167
f 169 167 170
f 170 167 171
f 170 171 172
f 172 171 173
f 174 175 116
f 116 175 176
f 116 176 177
f 119 178 116
f 116 178 179
f 116 179 174
f 180 181 182
f 182 181 183
f 182 183 184
f 184 183 185
f 184 185 186
f 187 165 185
f 185 165 188
f 185 188 186
f 187 189 165
f 165 189 190
f 165 190 163
f 191 192 116
f 177 193 116
f 116 193 194
f 116 194 191
f 192 195 196
f 196 195 197
f 196 197 198
f 129 116 199
f 199 116 192
f 199 192 200
f 200 192 196
f 200 196 201
f 201 196 198
f 202 154 153
f 203 143 142
f 204 205 206
f 206 205 207
f 206 207 208
f 208 207 209
f 210 149 151
f 210 151 202
f 202 151 155
f 202 155 154
f 211 212 213
f 214 213 215
f 215 213 216
f 209 207 215
f 215 207 217
f 215 217 214
f 216 213 218
f 218 213 212
f 218 212 219
f 219 212 220
f 219 220 221
f 221 222 219
f 219 222 223
f 219 223 224
f 225 226 227
f 227 228 225
f 225 228 229
f 225 229 223
f 223 229 230
f 223 230 224
f 210 211 149
f 149 211 213
f 149 213 147
f 147 213 231
f 147 231 142
f 142 231 232
f 142 232 203
f 233 234 235
f 235 234 236
f 235 236 237
f 237 236 238
f 237 238 239
f 240 241 242
f 242 241 243
f 242 243 244
f 244 243 245
f 244 245 246
f 247 248 249
f 249 248 250
f 249 250 251
f 251 250 252
f 251 252 253
f 254 255 256
f 257 258 259
f 259 258 254
f 259 254 260
f 260 254 256
f 261 262 263
f 264 265 266
f 266 265 261
f 266 261 267
f 267 261 263
f 268 269 270
f 271 272 273
f 273 272 268
f 273 268 274
f 274 268 270
f 275 276 271
f 271 276 272
f 270 277 274
f 274 277 278
f 274 278 273
f 273 278 279
f 273 279 271
f 271 279 275
f 280 281 264
f 264 281 265
f 263 282 267
f 267 282 283
f 267 283 266
f 266 283 284
f 266 284 264
f 264 284 280
f 285 257 286
f 286 257 259
f 286 259 287
f 287 259 288
f 288 259 260
f 288 260 289
f 289 260 256
f 289 256 290
f 290 256 291
f 291 256 255
f 291 255 292
f 248 247 293
f 293 294 248
f 248 294 295
f 248 295 296
f 293 247 297
f 297 247 249
f 297 249 298
f 298 249 299
f 299 249 251
f 299 251 300
f 300 251 253
f 300 253 301
f 302 303 240
f 240 303 241
f 246 304 244
f 244 304 305
f 244 305 242
f 242 305 306
f 242 306 240
f 240 306 302
f 307 308 233
f 233 308 234
f 239 309 237
f 237 309 310
f 237 310 235
f 235 310 311
f 235 311 233
f 233 311 307
f 312 313 314
f 312 314 315
f 316 317 318
f 318 317 319
f 318 319 320
f 320 319 321
f 320 321 322
f 322 321 315
f 322 315 323
f 323 315 314
f 324 325 326
f 326 325 327
f 326 327 328
f 328 327 329
f 328 329 330
f 330 329 331
f 330 331 332
f 332 331 333
f 332 333 334
f 334 333 335
f 336 337 338
f 338 337 339
f 338 339 340
f 340 339 341
f 340 341 342
f 342 341 343
f 342 343 344
f 344 343 345
f 344 345 346
f 347 346 348
f 348 346 345
f 349 350 313
f 313 350 351
f 313 351 314
f 326 352 324
f 324 352 349
f 324 349 353
f 353 349 313
f 354 337 336
f 355 356 357
f 357 356 358
f 357 358 333
f 333 358 335
f 336 359 354
f 354 359 360
f 354 360 361
f 361 360 362
f 361 362 363
f 363 362 364
f 363 364 365
f 366 367 368
f 368 367 369
f 368 369 370
f 370 369 371
f 370 371 372
f 372 371 373
f 373 371 374
f 373 374 375
f 375 374 376
f 375 376 377
f 377 376 317
f 377 317 316
f 365 364 378
f 378 364 379
f 378 379 380
f 379 381 380
f 380 381 382
f 380 382 383
f 383 382 384
f 383 384 385
f 385 384 386
f 386 384 356
f 386 356 366
f 366 356 355
f 366 355 367
f 387 333 388
f 388 333 331
f 388 331 329
f 387 389 333
f 333 389 390
f 333 390 357
f 357 390 391
f 357 391 355
f 321 319 392
f 321 392 315
f 315 392 393
f 315 393 312
f 312 393 394
f 312 394 313
f 313 394 395
f 313 395 353
f 353 395 396
f 353 396 324
f 324 396 397
f 324 397 325
f 397 398 325
f 325 398 399
f 325 399 327
f 327 399 388
f 327 388 329
f 330 400 328
f 328 400 401
f 328 401 326
f 326 401 402
f 326 402 352
f 403 350 404
f 404 350 349
f 404 349 405
f 405 349 352
f 405 352 406
f 406 352 402
f 407 408 318
f 318 320 407
f 407 320 322
f 407 322 409
f 322 323 409
f 409 323 314
f 409 314 403
f 403 314 351
f 403 351 350
f 356 410 358
f 358 410 411
f 358 411 335
f 335 411 412
f 335 412 334
f 334 412 413
f 334 413 332
f 332 413 414
f 332 414 330
f 330 414 400
f 356 384 410
f 410 384 415
f 416 379 417
f 417 379 364
f 417 364 418
f 419 382 416
f 416 382 381
f 416 381 379
f 419 420 382
f 382 420 415
f 382 415 384
f 421 422 360
f 360 422 423
f 360 423 362
f 423 424 362
f 362 424 418
f 362 418 364
f 340 425 338
f 338 425 426
f 421 360 427
f 427 360 359
f 427 359 426
f 426 359 336
f 426 336 338
f 369 367 428
f 428 429 369
f 369 429 430
f 369 430 371
f 371 430 431
f 431 432 371
f 371 432 433
f 371 433 374
f 367 355 428
f 428 355 391
f 374 433 376
f 376 433 434
f 376 434 317
f 317 434 392
f 317 392 319
f 435 375 436
f 436 375 377
f 436 377 437
f 437 377 316
f 437 316 438
f 438 316 318
f 438 318 408
f 375 435 373
f 373 435 439
f 373 439 372
f 372 439 370
f 370 439 440
f 370 440 368
f 368 440 441
f 368 441 366
f 386 366 442
f 442 366 441
f 386 442 385
f 385 442 443
f 385 443 383
f 383 443 444
f 383 444 380
f 444 445 380
f 380 445 446
f 380 446 378
f 447 354 448
f 448 354 361
f 448 361 449
f 449 361 363
f 449 363 450
f 450 363 365
f 450 365 446
f 446 365 378
f 354 447 451
f 354 451 337
f 337 451 452
f 337 452 339
f 339 452 341
f 341 452 343
f 452 453 343
f 343 453 454
f 343 454 345
f 345 454 455
f 345 455 348
f 348 455 456
f 347 348 457
f 457 348 456
f 347 457 346
f 346 457 458
f 346 458 344
f 344 458 459
f 344 459 342
f 459 460 342
f 342 460 425
f 342 425 340
f 461 462 463
f 463 462 464
f 465 466 467
f 468 469 470
f 471 472 473
f 473 472 474
f 468 470 475
f 476 477 478
f 467 466 479
f 479 466 480
f 479 480 481
f 476 478 482
f 478 483 482
f 482 483 484
f 482 484 485
f 485 484 486
f 485 486 487
f 487 486 488
f 489 490 491
f 491 490 492
f 491 492 493
f 493 492 494
f 493 494 461
f 461 494 488
f 461 488 462
f 462 488 486
f 465 467 495
f 495 467 496
f 495 496 497
f 497 496 498
f 497 498 489
f 489 498 499
f 489 499 490
f 464 462 473
f 473 462 500
f 473 500 471
f 470 501 475
f 475 501 502
f 475 502 503
f 503 502 504
f 503 504 505
f 476 506 477
f 477 506 507
f 477 507 508
f 508 507 509
f 508 509 510
f 510 509 511
f 510 511 512
f 512 511 513
f 512 513 514
f 514 513 505
f 514 505 515
f 515 505 504
f 474 472 516
f 516 472 517
f 516 517 518
f 518 517 519
f 518 519 520
f 520 519 521
f 520 521 522
f 522 521 523
f 522 523 524
f 524 523 525
f 524 525 526
f 526 525 527
f 526 527 528
f 528 527 529
f 528 529 530
f 530 529 531
f 530 531 532
f 532 531 533
f 532 533 480
f 480 533 534
f 480 534 481
f 474 535 473
f 473 535 536
f 473 536 464
f 461 463 537
f 537 463 464
f 537 464 538
f 538 464 536
f 480 539 532
f 532 539 540
f 532 540 530
f 530 540 541
f 530 541 528
f 528 541 542
f 528 542 526
f 526 542 543
f 526 543 524
f 524 543 544
f 524 544 522
f 522 544 545
f 522 545 520
f 520 545 546
f 520 546 518
f 546 547 518
f 518 547 548
f 518 548 516
f 516 548 535
f 516 535 474
f 466 465 549
f 549 465 495
f 549 495 497
f 549 550 466
f 466 550 539
f 466 539 480
f 512 551 510
f 504 552 515
f 515 552 553
f 515 553 514
f 514 553 554
f 514 554 512
f 512 554 555
f 512 555 551
f 469 556 470
f 470 556 557
f 470 557 501
f 501 557 558
f 501 558 502
f 558 559 502
f 502 559 552
f 502 552 504
f 469 468 556
f 556 468 560
f 505 561 503
f 503 561 562
f 503 562 475
f 562 563 475
f 475 563 560
f 475 560 468
f 511 564 565
f 511 565 513
f 513 565 561
f 513 561 505
f 564 511 566
f 566 511 509
f 566 509 567
f 567 509 507
f 567 507 568
f 568 507 506
f 568 506 569
f 569 506 476
f 488 570 487
f 487 570 571
f 487 571 485
f 485 571 572
f 485 572 482
f 572 573 482
f 482 573 569
f 482 569 476
f 488 494 570
f 570 494 574
f 491 493 575
f 575 576 491
f 491 576 577
f 491 577 489
f 489 577 578
f 578 579 489
f 489 579 549
f 489 549 497
f 493 461 575
f 575 461 537
f 551 580 510
f 510 580 581
f 510 581 508
f 581 582 508
f 508 582 583
f 508 583 477
f 584 478 585
f 585 478 477
f 585 477 583
f 586 484 584
f 584 484 483
f 584 483 478
f 586 587 484
f 484 587 588
f 484 588 486
f 462 486 589
f 589 486 588
f 462 589 590
f 462 590 500
f 500 590 591
f 500 591 471
f 471 591 592
f 471 592 472
f 472 592 517
f 517 592 593
f 517 593 519
f 519 593 594
f 519 594 521
f 521 594 595
f 521 595 523
f 523 595 596
f 523 596 525
f 525 596 597
f 525 597 527
f 527 597 598
f 527 598 529
f 529 598 599
f 529 599 531
f 531 599 600
f 531 600 533
f 533 600 601
f 533 601 534
f 534 601 602
f 534 602 481
f 481 602 603
f 481 603 479
f 479 603 604
f 479 604 467
f 604 605 467
f 467 605 606
f 467 606 496
f 496 606 498
f 498 606 607
f 498 607 499
f 499 607 490
f 490 607 608
f 490 608 492
f 492 608 574
f 492 574 494
f 609 610 611
f 609 611 612
f 612 611 613
f 612 613 614
f 614 613 615
f 614 615 616
f 616 615 617
f 616 617 618
f 619 620 621
f 621 620 622
f 621 622 623
f 623 622 624
f 623 624 625
f 610 609 626
f 626 609 627
f 626 627 619
f 619 627 628
f 619 628 620
f 629 630 631
f 631 630 632
f 631 632 633
f 633 632 634
f 633 634 635
f 631 636 629
f 629 636 625
f 629 625 624
f 637 638 639
f 639 638 640
f 639 640 641
f 642 633 635
f 635 643 642
f 642 643 644
f 642 644 645
f 645 644 646
f 645 646 647
f 647 646 648
f 647 648 649
f 649 648 650
f 649 650 637
f 637 650 651
f 637 651 638
f 640 652 641
f 641 652 653
f 654 655 656
f 656 655 657
f 658 659 660
f 660 659 657
f 660 657 661
f 661 657 655
f 653 652 662
f 662 652 663
f 662 663 658
f 658 663 664
f 658 664 659
f 665 666 667
f 667 666 668
f 666 669 668
f 668 669 670
f 668 670 671
f 671 670 654
f 671 654 656
f 617 672 618
f 618 672 673
f 672 674 673
f 673 674 675
f 673 675 676
f 676 675 677
f 676 677 678
f 678 677 679
f 679 677 680
f 679 680 681
f 681 680 682
f 682 680 683
f 682 683 684
f 684 683 685
f 684 685 686
f 685 687 686
f 686 687 688
f 686 688 689
f 690 689 691
f 691 689 688
f 690 691 692
f 692 691 693
f 692 693 694
f 694 693 695
f 694 695 696
f 696 695 697
f 696 697 698
f 698 697 699
f 698 699 700
f 700 699 701
f 700 701 702
f 701 703 702
f 702 703 704
f 702 704 705
f 705 704 706
f 706 704 707
f 706 707 708
f 708 707 709
f 709 707 710
f 709 710 711
f 711 710 712
f 712 710 713
f 712 713 714
f 715 716 717
f 717 716 718
f 717 718 719
f 719 718 720
f 719 720 721
f 721 720 722
f 721 722 723
f 723 722 724
f 723 724 725
f 725 724 714
f 725 714 713
f 716 715 726
f 716 726 727
f 727 726 728
f 727 728 729
f 728 730 729
f 729 730 731
f 729 731 732
f 665 667 733
f 733 667 732
f 733 732 734
f 734 732 731
f 632 630 671
f 732 620 729
f 729 620 628
f 729 628 727
f 727 628 627
f 727 627 716
f 716 627 609
f 716 609 718
f 718 609 612
f 718 612 720
f 720 612 614
f 720 614 722
f 722 614 616
f 676 709 711
f 671 630 668
f 668 630 629
f 668 629 667
f 667 629 624
f 667 624 732
f 732 624 622
f 732 622 620
f 652 640 663
f 663 640 638
f 663 638 664
f 676 711 673
f 673 711 712
f 673 712 618
f 618 712 714
f 618 714 616
f 616 714 724
f 616 724 722
f 689 690 686
f 686 690 692
f 686 692 694
f 657 643 656
f 656 643 635
f 656 635 671
f 671 635 634
f 671 634 632
f 709 676 708
f 708 676 678
f 708 678 706
f 700 684 698
f 698 684 686
f 698 686 696
f 696 686 694
f 638 651 664
f 664 651 650
f 664 650 659
f 650 648 659
f 659 648 646
f 659 646 657
f 657 646 644
f 657 644 643
f 706 678 705
f 705 678 679
f 705 679 702
f 702 679 681
f 702 681 700
f 700 681 682
f 700 682 684
f 735 736 737
f 738 739 740
f 741 742 743
f 743 742 744
f 743 744 737
f 737 744 745
f 737 745 735
f 735 746 736
f 736 746 747
f 736 747 748
f 748 747 749
f 748 749 750
f 740 739 751
f 751 739 752
f 751 752 753
f 753 752 754
f 753 754 755
f 755 754 756
f 755 756 757
f 757 756 758
f 758 756 759
f 758 759 760
f 760 759 761
f 760 761 762
f 762 761 763
f 762 763 764
f 764 763 765
f 764 765 766
f 766 765 767
f 766 767 768
f 767 769 768
f 768 769 770
f 768 770 771
f 771 770 750
f 771 750 772
f 772 750 749
f 740 773 738
f 738 773 774
f 738 774 775
f 775 774 776
f 775 776 777
f 777 776 778
f 777 778 779
f 779 778 780
f 779 780 781
f 781 780 782
f 781 782 741
f 741 782 783
f 741 783 742
f 765 784 767
f 767 784 785
f 767 785 769
f 769 785 786
f 769 786 770
f 786 787 770
f 770 787 788
f 770 788 750
f 789 790 759
f 759 790 761
f 790 791 761
f 761 791 792
f 761 792 763
f 792 793 763
f 763 793 784
f 763 784 765
f 759 756 789
f 789 756 794
f 738 795 796
f 738 796 739
f 739 796 797
f 739 797 752
f 752 797 754
f 754 797 794
f 754 794 756
f 778 798 799
f 778 799 780
f 780 799 800
f 780 800 782
f 782 800 801
f 782 801 783
f 773 802 774
f 774 802 803
f 774 803 776
f 803 804 776
f 776 804 798
f 776 798 778
f 757 805 755
f 755 805 806
f 755 806 753
f 753 806 751
f 751 806 807
f 751 807 740
f 807 808 740
f 740 808 802
f 740 802 773
f 757 758 805
f 805 758 809
f 777 810 811
f 777 811 775
f 775 811 795
f 775 795 738
f 781 741 812
f 812 813 781
f 781 813 814
f 781 814 779
f 779 814 815
f 815 816 779
f 779 816 810
f 779 810 777
f 741 743 812
f 812 743 817
f 750 788 818
f 750 818 748
f 748 818 819
f 748 819 736
f 819 820 736
f 736 820 821
f 736 821 737
f 737 821 817
f 737 817 743
f 742 783 822
f 822 783 801
f 744 742 822
f 744 822 745
f 823 824 749
f 822 825 745
f 745 825 826
f 745 826 735
f 735 826 827
f 735 827 746
f 746 827 823
f 746 823 747
f 747 823 749
f 749 824 772
f 772 824 828
f 772 828 771
f 771 828 829
f 771 829 768
f 829 830 768
f 768 830 831
f 768 831 766
f 764 766 831
f 764 831 762
f 831 832 762
f 762 832 833
f 762 833 760
f 760 833 809
f 760 809 758
f 834 835 836
f 836 835 837
f 835 838 837
f 837 838 839
f 838 840 839
f 839 840 841
f 842 843 844
f 844 843 845
f 844 845 846
f 846 845 847
f 841 840 848
f 848 840 849
f 848 849 850
f 850 849 851
f 850 851 852
f 852 851 853
f 852 853 847
f 847 853 854
f 847 854 846
f 855 834 856
f 856 834 836
f 857 855 858
f 858 855 856
f 859 860 861
f 861 860 857
f 861 857 858
f 861 862 859
f 859 862 863
f 859 863 864
f 864 863 865
f 864 865 866
f 866 865 867
f 866 867 868
f 868 867 869
f 868 869 870
f 870 869 871
f 870 871 872
f 872 871 873
f 872 873 874
f 874 873 875
f 842 874 843
f 843 874 875
f 857 860 840
f 838 835 840
f 840 835 834
f 840 834 857
f 857 834 855
f 870 872 846
f 846 872 844
f 844 872 874
f 844 874 842
f 860 859 840
f 840 859 864
f 840 864 849
f 849 864 866
f 849 866 851
f 851 866 868
f 851 868 853
f 853 868 870
f 853 870 854
f 854 870 846
f 876 877 878
f 878 877 879
f 880 876 881
f 881 876 878
f 881 878 882
f 882 878 883
f 878 879 883
f 883 879 884
f 877 876 885
f 885 876 880
f 886 884 879
f 886 879 887
f 887 879 877
f 887 877 885
f 888 889 890
f 890 889 891
f 889 892 891
f 891 892 893
f 894 888 895
f 895 888 890
f 892 894 893
f 893 894 895
f 892 889 894
f 894 889 888
f 896 897 898
f 896 898 899
f 899 898 900
f 899 900 901
f 901 900 902
f 901 902 903
f 903 902 904
f 903 904 905
f 906 907 908
f 908 907 909
f 908 909 910
f 910 909 911
f 910 911 912
f 912 911 913
f 912 913 914
f 914 913 915
f 914 915 916
f 916 915 917
f 916 917 905
f 905 917 918
f 905 918 903
f 919 920 921
f 921 920 922
f 921 922 923
f 923 922 924
f 923 924 925
f 925 924 926
f 925 926 927
f 927 926 928
f 927 928 929
f 929 928 930
f 929 930 931
f 931 930 932
f 931 932 933
f 933 932 934
f 933 934 906
f 906 934 935
f 906 935 907
f 936 896 899
f 936 899 937
f 937 899 901
f 937 901 938
f 938 901 903
f 938 903 939
f 903 918 939
f 939 918 940
f 940 918 917
f 940 917 941
f 941 917 915
f 941 915 942
f 942 915 913
f 942 913 943
f 943 913 911
f 943 911 944
f 944 911 909
f 944 909 945
f 945 909 907
f 945 907 946
f 907 935 946
f 946 935 947
f 947 935 934
f 947 934 948
f 948 934 932
f 948 932 949
f 949 932 930
f 949 930 950
f 950 930 928
f 950 928 951
f 951 928 926
f 951 926 952
f 952 926 924
f 952 924 953
f 953 924 922
f 953 922 954
f 954 922 920
f 954 920 955
f 920 919 955
f 955 919 956
f 897 896 957
f 957 896 936
f 958 904 902
f 958 902 959
f 959 902 900
f 959 900 960
f 960 900 898
f 960 898 961
f 961 898 897
f 961 897 957
f 905 904 962
f 962 904 958
f 963 914 916
f 963 916 964
f 964 916 905
f 964 905 962
f 965 908 910
f 965 910 966
f 966 910 912
f 966 912 967
f 967 912 914
f 967 914 963
f 906 908 968
f 968 908 965
f 969 929 931
f 969 931 970
f 970 931 933
f 970 933 971
f 971 933 906
f 971 906 968
f 972 925 927
f 972 927 973
f 973 927 929
f 973 929 969
f 956 919 921
f 956 921 974
f 974 921 923
f 974 923 975
f 975 923 925
f 975 925 972
f 976 977 978
f 978 977 979
f 978 979 980
f 980 979 981
f 979 982 981
f 981 982 983
f 982 984 983
f 983 984 985
f 985 984 986
f 985 986 987
f 987 986 988
f 987 988 989
f 988 990 989
f 989 990 991
f 991 990 992
f 991 992 993
f 993 992 994
f 993 994 995
f 995 994 996
f 995 996 997
f 997 996 998
f 997 998 999
f 999 998 1000
f 999 1000 1001
f 1000 1002 1001
f 1001 1002 1003
f 1004 977 1005
f 1005 977 976
f 1006 1007 1008
f 1004 1005 1008
f 1008 1005 1009
f 1008 1009 1006
f 1010 1008 1011
f 1011 1008 1007
f 1012 1010 1013
f 1013 1010 1011
f 1014 1012 1015
f 1015 1012 1013
f 1016 1014 1017
f 1017 1014 1015
f 1003 1002 1018
f 1003 1018 1019
f 1019 1018 1020
f 1019 1020 1021
f 1021 1020 1022
f 1021 1022 1023
f 1023 1022 1016
f 1023 1016 1017
f 1010 1012 1008
f 1008 1012 1014
f 984 982 986
f 986 982 979
f 986 979 988
f 977 1004 979
f 979 1004 1008
f 979 1008 988
f 988 1008 1014
f 988 1014 990
f 990 1014 1016
f 990 1016 992
f 992 1016 1022
f 992 1022 994
f 994 1022 1020
f 994 1020 996
f 996 1020 1018
f 996 1018 998
f 998 1018 1002
f 998 1002 1000
f 1024 1025 1026
f 1024 1026 1027
f 1028 1029 1026
f 1026 1029 1030
f 1026 1030 1027
f 1031 1032 1033
f 1028 1026 1034
f 1034 1026 1035
f 1034 1035 1036
f 1036 1037 1034
f 1034 1037 1038
f 1034 1038 1039
f 1033 1032 1038
f 1038 1032 1040
f 1038 1040 1039
f 1041 1026 1042
f 1042 1026 1025
f 1042 1025 1043
f 1043 1025 1044
f 1043 1044 1045
f 1045 1046 1043
f 1043 1046 1047
f 1043 1047 1048
f 1048 1047 1049
f 1050 1051 1052
f 1033 1053 1031
f 1031 1053 1054
f 1031 1054 1055
f 1055 1054 1056
f 1055 1056 1052
f 1052 1056 1057
f 1052 1057 1050
f 1050 1058 1051
f 1051 1058 1059
f 1051 1059 1060
f 1060 1059 1061
f 1060 1061 1062
f 1062 1061 1063
f 1061 1064 1063
f 1063 1064 1065
f 1063 1065 1066
f 1066 1065 1067
f 1066 1067 1068
f 1068 1067 1069
f 1068 1069 1070
f 1070 1069 1071
f 1070 1071 1072
f 1046 1073 1047
f 1047 1073 1074
f 1047 1074 1075
f 1075 1074 1076
f 1075 1076 1077
f 1077 1076 1072
f 1077 1072 1078
f 1078 1072 1071
f 1044 1025 1079
f 1079 1025 1080
f 1032 1081 1040
f 1040 1081 1082
f 1040 1082 1039
f 1083 1024 1084
f 1084 1024 1027
f 1084 1027 1085
f 1085 1027 1030
f 1085 1030 1086
f 1086 1030 1029
f 1086 1029 1087
f 1087 1029 1028
f 1087 1028 1088
f 1088 1028 1034
f 1088 1034 1082
f 1082 1034 1039
f 1083 1089 1024
f 1024 1089 1080
f 1024 1080 1025
f 1090 1091 1052
f 1052 1091 1055
f 1091 1092 1055
f 1055 1092 1093
f 1055 1093 1031
f 1093 1094 1031
f 1031 1094 1081
f 1031 1081 1032
f 1026 1041 1095
f 1095 1041 1096
f 1041 1042 1096
f 1096 1042 1097
f 1049 1047 1098
f 1098 1047 1099
f 1097 1042 1043
f 1097 1043 1100
f 1100 1043 1048
f 1100 1048 1101
f 1048 1049 1101
f 1101 1049 1098
f 1052 1051 1090
f 1090 1051 1102
f 1103 1045 1104
f 1104 1045 1044
f 1104 1044 1079
f 1105 1073 1103
f 1103 1073 1046
f 1103 1046 1045
f 1060 1062 1106
f 1106 1062 1063
f 1106 1063 1107
f 1107 1063 1066
f 1107 1066 1108
f 1108 1066 1068
f 1108 1068 1109
f 1109 1068 1070
f 1109 1070 1110
f 1110 1070 1072
f 1110 1072 1111
f 1111 1072 1076
f 1111 1076 1105
f 1105 1076 1074
f 1105 1074 1073
f 1106 1112 1060
f 1060 1112 1102
f 1060 1102 1051
f 1026 1095 1113
f 1026 1113 1035
f 1035 1113 1114
f 1035 1114 1036
f 1036 1114 1037
f 1037 1114 1115
f 1037 1115 1038
f 1038 1115 1116
f 1038 1116 1033
f 1117 1118 1057
f 1117 1057 1119
f 1119 1057 1056
f 1119 1056 1120
f 1120 1056 1054
f 1120 1054 1121
f 1121 1054 1053
f 1121 1053 1122
f 1122 1053 1033
f 1122 1033 1116
f 1050 1057 1123
f 1123 1057 1118
f 1050 1123 1124
f 1050 1124 1058
f 1058 1124 1125
f 1058 1125 1059
f 1059 1125 1126
f 1059 1126 1061
f 1067 1065 1127
f 1127 1065 1064
f 1127 1064 1128
f 1128 1064 1061
f 1128 1061 1129
f 1129 1061 1126
f 1127 1130 1067
f 1067 1130 1131
f 1067 1131 1069
f 1069 1131 1132
f 1069 1132 1071
f 1071 1132 1133
f 1099 1047 1134
f 1134 1047 1075
f 1134 1075 1135
f 1135 1075 1077
f 1135 1077 1133
f 1133 1077 1078
f 1133 1078 1071
f 1136 1137 1138
f 1136 1138 1139
f 1139 1138 1140
f 1139 1140 1141
f 1141 1140 1142
f 1141 1142 1143
f 1143 1142 1144
f 1143 1144 1145
f 1145 1144 1146
f 1145 1146 1147
f 1147 1146 1148
f 1147 1148 1149
f 1149 1148 1150
f 1149 1150 1151
f 1151 1150 1152
f 1151 1152 1153
f 1153 1152 1154
f 1153 1154 1155
f 1155 1154 1156
f 1155 1156 1157
f 1157 1156 1158
f 1157 1158 1159
f 1159 1158 1160
f 1159 1160 1161
f 1161 1160 1162
f 1161 1162 1163
f 1163 1162 1164
f 1163 1164 1165
f 1165 1164 1166
f 1165 1166 1167
f 1167 1166 1168
f 1167 1168 1169
f 1169 1168 1170
f 1169 1170 1171
f 1171 1170 1172
f 1171 1172 1173
f 1173 1172 1174
f 1173 1174 1175
f 1175 1174 1176
f 1175 1176 1177
f 1177 1176 1178
f 1177 1178 1179
f 1179 1178 1180
f 1179 1180 1181
f 1181 1180 1182
f 1181 1182 1183
f 1182 1184 1183
f 1183 1184 1185
f 1186 1137 1187
f 1187 1137 1136
f 1188 1189 1190
f 1188 1190 1191
f 1191 1190 1192
f 1191 1192 1193
f 1193 1192 1194
f 1193 1194 1195
f 1195 1194 1186
f 1195 1186 1187
f 1196 1197 1198
f 1196 1198 1199
f 1199 1198 1200
f 1199 1200 1201
f 1201 1200 1189
f 1201 1189 1188
f 1202 1203 1204
f 1202 1204 1205
f 1205 1204 1206
f 1205 1206 1207
f 1207 1206 1208
f 1207 1208 1209
f 1209 1208 1197
f 1209 1197 1196
f 1210 1211 1212
f 1210 1212 1213
f 1213 1212 1214
f 1213 1214 1215
f 1215 1214 1216
f 1215 1216 1217
f 1217 1216 1203
f 1217 1203 1202
f 1218 1219 1220
f 1218 1220 1221
f 1221 1220 1222
f 1221 1222 1223
f 1223 1222 1224
f 1223 1224 1225
f 1225 1224 1211
f 1225 1211 1210
f 1185 1184 1226
f 1185 1226 1227
f 1227 1226 1228
f 1227 1228 1229
f 1229 1228 1219
f 1229 1219 1218
f 1190 1189 1144
f 1184 1182 1226
f 1226 1182 1180
f 1226 1180 1228
f 1144 1189 1146
f 1146 1189 1200
f 1146 1200 1148
f 1148 1200 1198
f 1148 1198 1150
f 1150 1198 1197
f 1150 1197 1152
f 1152 1197 1208
f 1152 1208 1154
f 1154 1208 1206
f 1154 1206 1156
f 1156 1206 1204
f 1156 1204 1158
f 1144 1142 1190
f 1190 1142 1140
f 1190 1140 1192
f 1192 1140 1138
f 1192 1138 1194
f 1194 1138 1137
f 1194 1137 1186
f 1158 1204 1160
f 1160 1204 1203
f 1160 1203 1162
f 1203 1216 1162
f 1162 1216 1214
f 1162 1214 1164
f 1164 1214 1212
f 1164 1212 1166
f 1166 1212 1211
f 1166 1211 1168
f 1168 1211 1224
f 1168 1224 1170
f 1170 1224 1222
f 1170 1222 1172
f 1172 1222 1220
f 1172 1220 1174
f 1174 1220 1219
f 1174 1219 1176
f 1176 1219 1228
f 1176 1228 1178
f 1178 1228 1180
f 1230 1231 1232
f 1232 1231 1233
f 1233 1234 1235
f 1236 1237 1232
f 1232 1237 1238
f 1232 1238 1230
f 1233 1235 1232
f 1232 1235 1239
f 1232 1239 1236
f 1230 1240 1241
f 1241 1240 1242
f 1241 1242 1243
f 1243 1242 1244
f 1243 1244 1245
f 1245 1244 1246
f 1245 1246 1247
f 1247 1246 1248
f 1247 1248 1249
f 1249 1248 1250
f 1249 1250 1251
f 1251 1250 1252
f 1251 1252 1253
f 1238 1254 1230
f 1230 1254 1255
f 1230 1255 1240
f 1252 1256 1253
f 1253 1256 1257
f 1253 1257 1258
f 1258 1257 1259
f 1258 1259 1260
f 1260 1259 1261
f 1260 1261 1262
f 1262 1261 1263
f 1262 1263 1264
f 1264 1263 1265
f 1264 1265 1266
f 1266 1265 1267
f 1266 1267 1268
f 1268 1267 1269
f 1268 1269 1270
f 1270 1269 1271
f 1270 1271 1238
f 1238 1271 1272
f 1238 1272 1254
f 1273 1269 1267
f 1273 1267 1274
f 1274 1267 1265
f 1274 1265 1275
f 1275 1265 1263
f 1275 1263 1276
f 1276 1263 1261
f 1276 1261 1277
f 1277 1261 1259
f 1277 1259 1278
f 1259 1257 1278
f 1278 1257 1279
f 1279 1257 1256
f 1279 1256 1280
f 1280 1256 1252
f 1280 1252 1281
f 1281 1252 1250
f 1281 1250 1282
f 1282 1250 1248
f 1282 1248 1283
f 1243 1284 1285
f 1286 1234 1233
f 1286 1233 1287
f 1233 1231 1287
f 1287 1231 1230
f 1287 1230 1285
f 1285 1230 1241
f 1285 1241 1243
f 1234 1286 1235
f 1235 1286 1288
f 1235 1288 1289
f 1284 1243 1245
f 1284 1245 1290
f 1290 1245 1247
f 1290 1247 1291
f 1291 1247 1249
f 1291 1249 1292
f 1292 1249 1251
f 1292 1251 1293
f 1293 1251 1253
f 1293 1253 1294
f 1253 1258 1294
f 1294 1258 1295
f 1283 1248 1246
f 1283 1246 1296
f 1296 1246 1244
f 1296 1244 1297
f 1297 1244 1242
f 1297 1242 1298
f 1298 1242 1240
f 1298 1240 1299
f 1299 1240 1255
f 1299 1255 1300
f 1255 1254 1300
f 1300 1254 1301
f 1301 1254 1272
f 1301 1272 1302
f 1302 1272 1271
f 1302 1271 1303
f 1303 1271 1269
f 1303 1269 1273
f 1239 1235 1304
f 1304 1235 1289
f 1239 1304 1305
f 1239 1305 1236
f 1236 1305 1306
f 1236 1306 1237
f 1306 1307 1237
f 1237 1307 1308
f 1237 1308 1238
f 1238 1308 1309
f 1238 1309 1270
f 1309 1310 1270
f 1270 1310 1311
f 1270 1311 1268
f 1312 1264 1266
f 1312 1266 1313
f 1313 1266 1268
f 1313 1268 1311
f 1295 1258 1260
f 1295 1260 1314
f 1314 1260 1262
f 1314 1262 1315
f 1315 1262 1264
f 1315 1264 1312
f 1316 1317 1318
f 1316 1318 1319
f 1319 1318 1320
f 1319 1320 1321
f 1321 1320 1322
f 1321 1322 1323
f 1323 1322 1324
f 1323 1324 1325
f 1325 1324 1326
f 1325 1326 1327
f 1327 1326 1328
f 1327 1328 1329
f 1328 1330 1329
f 1329 1330 1331
f 1331 1330 1332
f 1331 1332 1333
f 1333 1332 1334
f 1333 1334 1335
f 1335 1334 1336
f 1335 1336 1337
f 1337 1336 1338
f 1337 1338 1339
f 1339 1338 1340
f 1339 1340 1341
f 1341 1340 1342
f 1341 1342 1343
f 1344 1345 1346
f 1344 1346 1347
f 1347 1346 1348
f 1347 1348 1349
f 1349 1348 1350
f 1349 1350 1351
f 1351 1350 1352
f 1351 1352 1353
f 1353 1352 1354
f 1353 1354 1355
f 1355 1354 1356
f 1355 1356 1357
f 1357 1356 1358
f 1357 1358 1359
f 1360 1345 1361
f 1361 1345 1344
f 1362 1363 1364
f 1362 1364 1365
f 1365 1364 1366
f 1365 1366 1367
f 1367 1366 1368
f 1367 1368 1369
f 1369 1368 1370
f 1369 1370 1371
f 1371 1370 1360
f 1371 1360 1361
f 1372 1317 1373
f 1373 1317 1316
f 1374 1372 1375
f 1375 1372 1373
f 1376 1377 1378
f 1376 1378 1379
f 1379 1378 1374
f 1379 1374 1375
f 1380 1377 1381
f 1381 1377 1376
f 1342 1380 1343
f 1343 1380 1381
f 1382 1383 1384
f 1382 1384 1385
f 1385 1384 1386
f 1385 1386 1387
f 1387 1386 1388
f 1387 1388 1389
f 1389 1388 1363
f 1389 1363 1362
f 1390 1383 1391
f 1391 1383 1382
f 1358 1390 1359
f 1359 1390 1391
f 1383 1330 1328
f 1377 1380 1378
f 1378 1380 1342
f 1342 1350 1348
f 1342 1348 1378
f 1378 1348 1346
f 1378 1346 1345
f 1342 1340 1350
f 1350 1340 1338
f 1350 1338 1352
f 1352 1338 1336
f 1352 1336 1354
f 1354 1336 1334
f 1354 1334 1356
f 1356 1334 1332
f 1356 1332 1358
f 1358 1332 1330
f 1358 1330 1390
f 1390 1330 1383
f 1372 1374 1317
f 1317 1374 1378
f 1317 1378 1360
f 1360 1378 1345
f 1360 1370 1317
f 1317 1370 1368
f 1317 1368 1318
f 1318 1368 1366
f 1318 1366 1320
f 1320 1366 1364
f 1320 1364 1322
f 1322 1364 1363
f 1322 1363 1324
f 1324 1363 1388
f 1324 1388 1326
f 1326 1388 1386
f 1326 1386 1328
f 1328 1386 1384
f 1328 1384 1383
f 452 451 1286
f 1392 1309 1393
f 1393 1309 1308
f 1308 1307 1393
f 1393 1307 1306
f 1393 1306 1119
f 1119 1306 1305
f 1289 1123 1304
f 1304 1123 1118
f 1304 1118 1305
f 1305 1118 1117
f 1305 1117 1119
f 1286 451 1288
f 1288 451 1125
f 1288 1125 1289
f 1289 1125 1124
f 1289 1124 1123
f 455 454 1394
f 1394 454 453
f 1394 453 1395
f 1395 453 452
f 1395 452 1396
f 1396 452 1286
f 1396 1286 1287
f 389 387 434
f 434 387 388
f 388 399 434
f 434 399 398
f 434 398 397
f 393 392 394
f 394 392 434
f 394 434 395
f 395 434 397
f 407 409 1397
f 1398 437 438
f 1398 438 1397
f 1397 438 408
f 1397 408 407
f 623 625 570
f 570 625 571
f 1113 1095 1096
f 561 565 1101
f 1097 1399 1400
f 1401 1402 440
f 569 573 839
f 839 573 572
f 839 572 571
f 1113 1096 1114
f 560 563 1098
f 1128 1129 451
f 451 1129 1126
f 451 1126 1125
f 591 553 552
f 655 726 661
f 661 726 715
f 661 715 660
f 623 570 621
f 621 570 574
f 621 574 619
f 619 574 688
f 619 688 626
f 626 688 610
f 610 688 687
f 610 687 685
f 1121 1393 1120
f 1120 1393 1119
f 596 595 556
f 556 595 594
f 734 731 655
f 653 662 715
f 715 662 658
f 715 658 660
f 625 636 571
f 571 636 631
f 571 631 839
f 839 631 633
f 839 633 642
f 843 565 564
f 1097 1400 1096
f 1096 1400 1403
f 1096 1403 1114
f 1098 563 1101
f 1101 563 562
f 1101 562 561
f 594 593 556
f 556 593 592
f 556 592 557
f 557 592 591
f 608 693 574
f 574 693 691
f 574 691 688
f 723 725 1404
f 725 713 1404
f 1404 713 710
f 1404 710 1402
f 1401 440 1405
f 1405 440 439
f 1405 439 1406
f 1406 439 435
f 1406 435 1398
f 1398 435 436
f 1398 436 437
f 731 730 655
f 655 730 728
f 655 728 726
f 685 683 610
f 610 683 680
f 610 680 611
f 611 680 615
f 611 615 613
f 841 848 839
f 839 848 850
f 839 850 569
f 564 566 843
f 843 566 567
f 843 567 845
f 845 567 568
f 845 568 847
f 847 568 569
f 847 569 852
f 852 569 850
f 836 1407 856
f 856 1407 1408
f 856 822 858
f 858 822 875
f 836 837 1407
f 1407 837 1404
f 1407 1404 1409
f 1409 1404 1410
f 552 559 591
f 591 559 558
f 591 558 557
f 581 580 591
f 591 580 551
f 590 589 588
f 675 674 677
f 677 674 672
f 677 672 680
f 680 672 617
f 680 617 615
f 1121 1122 1393
f 1393 1122 1116
f 1393 1116 1403
f 1403 1116 1115
f 1403 1115 1114
f 1099 1134 1098
f 1098 1134 1135
f 1098 1135 1133
f 584 585 590
f 590 585 583
f 590 583 591
f 591 583 582
f 591 582 581
f 551 555 591
f 591 555 554
f 591 554 553
f 588 587 590
f 590 587 586
f 590 586 584
f 715 717 653
f 653 717 719
f 653 719 641
f 641 719 721
f 710 707 1402
f 1402 707 704
f 1402 704 703
f 649 837 647
f 647 837 839
f 647 839 645
f 645 839 642
f 875 873 858
f 858 873 871
f 858 871 869
f 721 723 641
f 641 723 1404
f 641 1404 639
f 639 1404 837
f 639 837 637
f 637 837 649
f 444 556 445
f 445 556 560
f 445 560 446
f 446 560 1098
f 446 1098 450
f 654 670 669
f 448 1131 447
f 447 1131 1130
f 447 1130 451
f 451 1130 1127
f 451 1127 1128
f 450 1098 449
f 449 1098 1133
f 449 1133 448
f 448 1133 1132
f 448 1132 1131
f 600 599 440
f 669 666 654
f 654 666 665
f 654 665 655
f 655 665 733
f 655 733 734
f 869 867 858
f 858 867 865
f 858 865 861
f 861 865 863
f 861 863 862
f 703 701 1402
f 1402 701 699
f 1402 699 697
f 606 605 1402
f 1402 605 604
f 599 598 440
f 440 598 597
f 440 597 441
f 441 597 596
f 441 596 442
f 442 596 556
f 442 556 443
f 443 556 444
f 606 1402 607
f 607 1402 697
f 607 697 608
f 608 697 695
f 608 695 693
f 604 603 1402
f 1402 603 602
f 1402 602 440
f 440 602 601
f 440 601 600
f 822 801 875
f 875 801 800
f 875 800 843
f 843 800 799
f 843 799 565
f 565 799 798
f 565 798 804
f 809 1097 805
f 805 1097 1100
f 805 1100 806
f 806 1100 1101
f 806 1101 807
f 823 827 1408
f 1408 827 826
f 1408 826 856
f 856 826 825
f 856 825 822
f 809 833 1097
f 1097 833 832
f 1097 832 1399
f 1399 832 831
f 1399 831 830
f 804 803 565
f 565 803 802
f 565 802 1101
f 1101 802 808
f 1101 808 807
f 830 829 1399
f 1399 829 828
f 1399 828 1408
f 1408 828 824
f 1408 824 823
f 788 787 810
f 810 787 786
f 810 786 785
f 791 785 792
f 792 785 784
f 792 784 793
f 791 790 785
f 785 790 789
f 785 789 810
f 810 789 794
f 810 794 811
f 797 796 794
f 794 796 795
f 794 795 811
f 816 815 810
f 810 815 814
f 820 819 810
f 810 819 818
f 810 818 788
f 814 813 810
f 810 813 812
f 810 812 820
f 820 812 817
f 820 817 821
f 541 540 578
f 577 576 544
f 544 576 575
f 544 575 545
f 545 575 546
f 541 578 542
f 549 579 550
f 550 579 578
f 550 578 539
f 539 578 540
f 577 544 578
f 578 544 543
f 578 543 542
f 537 538 575
f 575 538 536
f 575 536 535
f 535 548 575
f 575 548 547
f 575 547 546
f 1088 1082 1080
f 1102 1108 1109
f 1112 1106 1102
f 1102 1106 1107
f 1102 1107 1108
f 1109 1110 1102
f 1102 1110 1111
f 1102 1111 1105
f 1080 1090 1079
f 1079 1090 1102
f 1079 1102 1104
f 1104 1102 1105
f 1104 1105 1103
f 1082 1081 1080
f 1080 1081 1094
f 1080 1094 1093
f 1093 1092 1080
f 1080 1092 1091
f 1080 1091 1090
f 1089 1083 1084
f 1084 1085 1089
f 1089 1085 1086
f 1089 1086 1080
f 1080 1086 1087
f 1080 1087 1088
f 390 389 434
f 433 432 431
f 434 433 390
f 390 433 428
f 390 428 391
f 431 430 433
f 433 430 429
f 433 429 428
f 1355 1357 1359
f 1387 1389 1385
f 1385 1389 1362
f 1385 1362 1382
f 1369 1371 1367
f 1367 1371 1361
f 1367 1361 1365
f 1365 1361 1362
f 1347 1349 1344
f 1344 1349 1351
f 1382 1362 1391
f 1391 1362 1361
f 1391 1361 1359
f 1359 1361 1344
f 1359 1344 1355
f 1355 1344 1351
f 1355 1351 1353
f 1298 1299 1300
f 1276 1277 1278
f 1301 1274 1275
f 1280 1281 1282
f 1302 1303 1301
f 1301 1303 1273
f 1301 1273 1274
f 1297 1279 1296
f 1296 1279 1280
f 1296 1280 1283
f 1283 1280 1282
f 1275 1276 1301
f 1301 1276 1278
f 1301 1278 1300
f 1300 1278 1279
f 1300 1279 1298
f 1298 1279 1297
f 396 395 397
f 940 941 1411
f 1412 1006 1009
f 1291 1292 1412
f 1011 1007 1006
f 1413 1414 1411
f 1323 1325 1394
f 1329 457 1327
f 1327 457 456
f 1327 456 1325
f 1325 456 455
f 1325 455 1394
f 1333 404 1331
f 1331 404 405
f 1331 405 406
f 402 458 406
f 406 458 457
f 406 457 1331
f 1331 457 1329
f 1415 1416 1417
f 1417 1416 1418
f 1417 1418 1419
f 1419 1418 1420
f 1419 1420 1421
f 1421 1420 1422
f 1421 1422 1423
f 1309 1392 1310
f 1310 1392 1311
f 1423 1422 1392
f 1392 1422 1313
f 1392 1313 1311
f 1424 980 983
f 983 980 981
f 1019 1021 1422
f 1019 1422 1003
f 1003 1422 1420
f 1003 1420 1001
f 1001 1420 985
f 1001 985 999
f 999 985 987
f 999 987 997
f 1006 1412 1011
f 1011 1412 1292
f 1011 1292 1013
f 993 995 991
f 991 995 997
f 991 997 989
f 989 997 987
f 1017 1015 1013
f 1292 1293 1013
f 1013 1293 1294
f 1013 1294 1017
f 1017 1294 1295
f 1017 1295 1023
f 1023 1295 1314
f 1023 1314 1021
f 1021 1314 1315
f 1021 1315 1422
f 1422 1315 1312
f 1422 1312 1313
f 1287 1285 1396
f 1396 1285 1284
f 1396 1284 1290
f 1341 1343 1381
f 1376 1425 1381
f 1381 1425 1426
f 1333 1335 1426
f 1426 1335 1337
f 1426 1337 1381
f 1381 1337 1339
f 1381 1339 1341
f 1379 1375 1427
f 1427 1375 1373
f 1427 1373 1428
f 1316 1319 1373
f 1373 1319 1321
f 1373 1321 1428
f 1428 1321 1323
f 978 1429 976
f 976 1429 1427
f 976 1427 1005
f 1005 1427 1428
f 1005 1428 1009
f 1009 1428 1430
f 1009 1430 1412
f 961 957 970
f 1431 948 949
f 953 954 1432
f 1432 954 955
f 962 970 971
f 939 940 938
f 938 940 1411
f 938 1411 937
f 937 1411 936
f 971 968 962
f 962 968 965
f 962 965 964
f 941 942 1433
f 1433 942 943
f 1433 943 944
f 960 961 959
f 959 961 970
f 959 970 958
f 958 970 962
f 974 975 956
f 956 975 972
f 956 972 973
f 944 945 1433
f 1433 945 946
f 1433 946 1431
f 1431 946 947
f 1431 947 948
f 949 950 1431
f 1431 950 951
f 1431 951 1432
f 1432 951 952
f 1432 952 953
f 966 967 965
f 965 967 963
f 965 963 964
f 885 880 1434
f 1434 880 1435
f 1435 880 881
f 1435 881 1436
f 1436 881 882
f 1436 882 1429
f 1429 882 883
f 1429 883 1427
f 1427 883 884
f 1427 884 1437
f 1437 884 886
f 1437 886 1438
f 1438 886 887
f 1438 887 1439
f 1183 1414 1440
f 1183 1440 1181
f 1145 1153 1155
f 1139 1161 1136
f 1136 1161 1163
f 1136 1163 1187
f 1207 1183 1205
f 1205 1183 1185
f 1205 1185 1202
f 1195 1187 1411
f 1411 1187 1432
f 1411 1432 936
f 936 1432 955
f 936 955 957
f 957 955 956
f 957 956 970
f 970 956 973
f 970 973 969
f 1432 1171 1173
f 1173 1175 1432
f 1432 1175 1177
f 1432 1177 1440
f 1440 1177 1179
f 1440 1179 1181
f 1218 1210 1213
f 1147 1149 1145
f 1145 1149 1151
f 1145 1151 1153
f 1139 1141 1161
f 1161 1141 1143
f 1161 1143 1159
f 1159 1143 1145
f 1159 1145 1157
f 1157 1145 1155
f 1221 1223 1218
f 1218 1223 1225
f 1218 1225 1210
f 1185 1227 1202
f 1202 1227 1229
f 1202 1229 1217
f 1217 1229 1218
f 1217 1218 1215
f 1215 1218 1213
f 1207 1209 1183
f 1183 1209 1196
f 1183 1196 1414
f 1414 1196 1199
f 1414 1199 1201
f 1163 1165 1187
f 1187 1165 1167
f 1187 1167 1432
f 1432 1167 1169
f 1432 1169 1171
f 1201 1188 1414
f 1414 1188 1191
f 1414 1191 1411
f 1411 1191 1193
f 1411 1193 1195
f 1441 1442 1443
f 1443 1442 1444
f 1443 1444 1434
f 1434 1444 1439
f 1434 1439 885
f 885 1439 887
f 1413 1411 1445
f 1445 1411 941
f 1445 941 1415
f 1415 941 1433
f 1415 1433 1416
f 1416 1433 1431
f 1416 1431 1446
f 895 1418 893
f 893 1418 1416
f 893 1416 891
f 891 1416 1446
f 891 1446 890
f 890 1446 1447
f 895 890 1418
f 1418 890 1447
f 1418 1447 1420
f 1420 1447 1424
f 1420 1424 985
f 985 1424 983
f 1440 1441 1432
f 1432 1441 1443
f 1432 1443 1431
f 1431 1443 1434
f 1431 1434 1446
f 1446 1434 1435
f 1446 1435 1447
f 1447 1435 1436
f 1447 1436 1424
f 1424 1436 1429
f 1424 1429 980
f 980 1429 978
f 1442 1448 1444
f 1444 1448 1449
f 1444 1449 1439
f 1439 1449 1450
f 1439 1450 1438
f 1438 1450 1451
f 1438 1451 1437
f 1437 1451 1452
f 1437 1452 1427
f 1427 1452 1425
f 1427 1425 1379
f 1379 1425 1376
f 1448 1453 1449
f 1449 1453 1454
f 1449 1454 1450
f 1450 1454 1455
f 1450 1455 1451
f 1451 1455 1456
f 1451 1456 1452
f 1452 1456 1457
f 1452 1457 1425
f 1425 1457 1458
f 1425 1458 1426
f 1426 1458 1459
f 1323 1394 1428
f 1428 1394 1395
f 1428 1395 1430
f 1430 1395 1396
f 1430 1396 1412
f 1412 1396 1290
f 1412 1290 1291
f 1459 1397 1426
f 1426 1397 409
f 1426 409 1333
f 1333 409 403
f 1333 403 404
f 1460 1461 1462
f 1462 1461 1463
f 1462 1463 1464
f 1464 1463 1465
f 1461 1460 1466
f 1466 1460 1467
f 1466 1467 1468
f 1460 1462 1469
f 1469 1462 1470
f 1471 1472 1467
f 1467 1460 1473
f 1473 1460 1469
f 1474 1475 1476
f 1467 1473 1471
f 1471 1473 1477
f 1471 1477 1478
f 1478 1479 1471
f 1471 1479 1480
f 1471 1480 1481
f 1481 1480 1482
f 1481 1482 1483
f 1483 1482 1484
f 1483 1484 1485
f 1485 1484 1486
f 1485 1486 1487
f 1487 1486 1488
f 1487 1488 1489
f 1489 1488 1490
f 1489 1490 1476
f 1476 1490 1491
f 1476 1491 1474
f 1474 1492 1475
f 1475 1492 1493
f 1475 1493 1494
f 1494 1493 1495
f 1494 1495 1496
f 1496 1495 1497
f 1496 1497 1498
f 1498 1497 1499
f 1498 1499 1500
f 1500 1499 1501
f 1500 1501 1502
f 1502 1501 1503
f 1502 1503 1473
f 1473 1503 1504
f 1473 1504 1477
f 1478 1477 1505
f 1505 1477 1506
f 1506 1477 1504
f 1506 1504 1507
f 1507 1504 1503
f 1507 1503 1508
f 1508 1503 1501
f 1508 1501 1509
f 1509 1501 1499
f 1509 1499 1510
f 1510 1499 1497
f 1510 1497 1511
f 1511 1497 1495
f 1511 1495 1512
f 1512 1495 1493
f 1512 1493 1513
f 1493 1492 1513
f 1513 1492 1514
f 1515 1516 1468
f 1468 1516 1466
f 1466 1516 1461
f 1461 1516 1517
f 1461 1517 1463
f 1463 1517 1518
f 1463 1518 1465
f 1472 1519 1467
f 1467 1519 1520
f 1467 1520 1468
f 1468 1520 1515
f 1472 1471 1519
f 1519 1471 1521
f 1521 1471 1481
f 1521 1481 1522
f 1522 1481 1483
f 1522 1483 1523
f 1523 1483 1485
f 1523 1485 1524
f 1492 1474 1514
f 1514 1474 1525
f 1525 1474 1491
f 1525 1491 1526
f 1526 1491 1490
f 1526 1490 1527
f 1527 1490 1488
f 1527 1488 1528
f 1528 1488 1486
f 1528 1486 1529
f 1529 1486 1484
f 1529 1484 1530
f 1530 1484 1482
f 1530 1482 1531
f 1531 1482 1480
f 1531 1480 1532
f 1532 1480 1479
f 1532 1479 1533
f 1533 1479 1478
f 1533 1478 1505
f 1534 1470 1535
f 1535 1470 1462
f 1535 1462 1518
f 1518 1462 1464
f 1518 1464 1465
f 1470 1534 1469
f 1469 1534 1536
f 1469 1536 1473
f 1473 1536 1537
f 1473 1537 1538
f 1539 1475 1494
f 1539 1494 1540
f 1540 1494 1496
f 1540 1496 1541
f 1541 1496 1498
f 1541 1498 1542
f 1542 1498 1500
f 1542 1500 1543
f 1543 1500 1502
f 1543 1502 1544
f 1544 1502 1473
f 1544 1473 1538
f 1476 1475 1545
f 1545 1475 1539
f 1524 1485 1487
f 1524 1487 1546
f 1546 1487 1489
f 1546 1489 1547
f 1547 1489 1476
f 1547 1476 1545
f 1548 1549 1550
f 1551 1552 1553
f 1553 1552 1554
f 1554 1552 1550
f 1550 1552 1555
f 1550 1555 1548
f 1556 1557 1558
f 1558 1557 1559
f 1558 1559 1560
f 1560 1559 1561
f 1562 1563 1564
f 1564 1563 1565
f 1564 1565 1566
f 1566 1565 1567
f 1566 1567 1568
f 1568 1567 1569
f 1568 1569 1570
f 1570 1569 1571
f 1570 1571 1572
f 1572 1571 1573
f 1572 1573 1561
f 1561 1573 1574
f 1561 1574 1560
f 1562 1552 1563
f 1563 1552 1551
f 1563 1551 1575
f 1575 1551 1576
f 1575 1576 1577
f 1577 1576 1578
f 1577 1578 1579
f 1579 1578 1580
f 1579 1580 1581
f 1581 1580 1582
f 1581 1582 1583
f 1583 1582 1584
f 1583 1584 1585
f 1585 1584 1586
f 1585 1586 1587
f 1587 1586 1588
f 1587 1588 1589
f 1589 1588 1590
f 1589 1590 1591
f 1591 1590 1592
f 1591 1592 1593
f 1593 1592 1594
f 1593 1594 1549
f 1549 1594 1595
f 1549 1595 1550
f 1576 1551 1596
f 1596 1551 1597
f 1597 1551 1553
f 1597 1553 1598
f 1598 1553 1554
f 1598 1554 1599
f 1599 1554 1550
f 1599 1550 1600
f 1600 1550 1595
f 1600 1595 1601
f 1601 1595 1594
f 1601 1594 1602
f 1602 1594 1592
f 1602 1592 1603
f 1603 1592 1590
f 1603 1590 1604
f 1604 1590 1588
f 1604 1588 1605
f 1605 1588 1586
f 1605 1586 1606
f 1607 1561 1559
f 1607 1559 1608
f 1608 1559 1557
f 1608 1557 1609
f 1557 1556 1609
f 1609 1556 1610
f 1610 1556 1558
f 1610 1558 1611
f 1611 1558 1560
f 1611 1560 1612
f 1612 1560 1574
f 1612 1574 1613
f 1613 1574 1573
f 1613 1573 1614
f 1614 1573 1571
f 1614 1571 1615
f 1615 1571 1569
f 1615 1569 1616
f 1616 1569 1567
f 1616 1567 1617
f 1617 1567 1565
f 1617 1565 1618
f 1618 1565 1563
f 1618 1563 1619
f 1563 1575 1619
f 1619 1575 1620
f 1620 1575 1577
f 1620 1577 1621
f 1621 1577 1579
f 1621 1579 1622
f 1622 1579 1581
f 1622 1581 1623
f 1606 1586 1584
f 1606 1584 1624
f 1624 1584 1582
f 1624 1582 1625
f 1625 1582 1580
f 1625 1580 1626
f 1626 1580 1578
f 1626 1578 1627
f 1627 1578 1576
f 1627 1576 1596
f 1628 1570 1572
f 1628 1572 1629
f 1629 1572 1561
f 1629 1561 1607
f 1630 1566 1568
f 1630 1568 1631
f 1631 1568 1570
f 1631 1570 1628
f 1632 1562 1564
f 1632 1564 1633
f 1633 1564 1566
f 1633 1566 1630
f 1552 1562 1634
f 1634 1562 1632
f 1635 1549 1548
f 1635 1548 1636
f 1636 1548 1555
f 1636 1555 1637
f 1637 1555 1552
f 1637 1552 1634
f 1638 1585 1587
f 1638 1587 1639
f 1639 1587 1589
f 1639 1589 1640
f 1640 1589 1591
f 1640 1591 1641
f 1641 1591 1593
f 1641 1593 1642
f 1642 1593 1549
f 1642 1549 1635
f 1623 1581 1583
f 1623 1583 1643
f 1643 1583 1585
f 1643 1585 1638
f 1644 1645 1646
f 1646 1645 1647
f 1647 1645 1648
f 1647 1648 1649
f 1649 1648 1650
f 1649 1650 1651
f 1651 1650 1652
f 1651 1652 1653
f 1653 1652 1654
f 1653 1654 1655
f 1655 1654 1656
f 1655 1656 1657
f 1657 1656 1658
f 1657 1658 1659
f 1659 1658 1660
f 1659 1660 1661
f 1661 1660 1662
f 1661 1662 1663
f 1663 1662 1664
f 1663 1664 1665
f 1665 1664 1666
f 1665 1666 1667
f 1667 1666 1668
f 1667 1668 1669
f 1669 1668 1670
f 1669 1670 1671
f 1671 1670 1672
f 1671 1672 1673
f 1673 1672 1674
f 1673 1674 1675
f 1675 1674 1676
f 1675 1676 1677
f 1677 1676 1678
f 1677 1678 1679
f 1679 1678 1680
f 1679 1680 1681
f 1681 1680 1682
f 1681 1682 1683
f 1683 1682 1684
f 1683 1684 1685
f 1685 1684 1686
f 1685 1686 1687
f 1687 1686 1688
f 1687 1688 1689
f 1689 1688 1690
f 1689 1690 1691
f 1692 1693 1694
f 1692 1694 1695
f 1695 1694 1696
f 1695 1696 1697
f 1697 1696 1698
f 1697 1698 1699
f 1699 1698 1644
f 1699 1644 1646
f 1700 1701 1702
f 1700 1702 1703
f 1703 1702 1704
f 1703 1704 1705
f 1705 1704 1693
f 1705 1693 1692
f 1706 1707 1708
f 1706 1708 1709
f 1709 1708 1710
f 1709 1710 1711
f 1711 1710 1712
f 1711 1712 1713
f 1713 1712 1701
f 1713 1701 1700
f 1714 1715 1716
f 1714 1716 1717
f 1717 1716 1718
f 1717 1718 1719
f 1719 1718 1720
f 1719 1720 1721
f 1721 1720 1707
f 1721 1707 1706
f 1722 1723 1724
f 1722 1724 1725
f 1725 1724 1726
f 1725 1726 1727
f 1727 1726 1728
f 1727 1728 1729
f 1729 1728 1715
f 1729 1715 1714
f 1730 1731 1732
f 1730 1732 1733
f 1733 1732 1734
f 1733 1734 1735
f 1735 1734 1736
f 1735 1736 1737
f 1737 1736 1723
f 1737 1723 1722
f 1690 1731 1691
f 1691 1731 1730
f 1684 1682 1723
f 1645 1644 1648
f 1648 1644 1698
f 1648 1698 1650
f 1723 1682 1724
f 1724 1682 1680
f 1724 1680 1726
f 1726 1680 1678
f 1726 1678 1728
f 1728 1678 1676
f 1728 1676 1715
f 1715 1676 1674
f 1715 1674 1716
f 1716 1674 1672
f 1716 1672 1718
f 1718 1672 1670
f 1718 1670 1720
f 1723 1736 1684
f 1684 1736 1734
f 1684 1734 1686
f 1686 1734 1732
f 1686 1732 1688
f 1688 1732 1731
f 1688 1731 1690
f 1720 1670 1707
f 1707 1670 1668
f 1707 1668 1708
f 1668 1666 1708
f 1708 1666 1664
f 1708 1664 1710
f 1710 1664 1662
f 1710 1662 1712
f 1712 1662 1660
f 1712 1660 1701
f 1701 1660 1658
f 1701 1658 1702
f 1702 1658 1656
f 1702 1656 1704
f 1704 1656 1654
f 1704 1654 1693
f 1693 1654 1652
f 1693 1652 1694
f 1694 1652 1650
f 1694 1650 1696
f 1696 1650 1698
f 1738 1739 1740
f 1740 1739 1741
f 1740 1741 1742
f 1742 1741 1743
f 1742 1743 1744
f 1744 1743 1745
f 1744 1745 1746
f 1746 1745 1747
f 1746 1747 1748
f 1748 1747 1749
f 1748 1749 1750
f 1750 1749 1751
f 1750 1751 1752
f 1752 1751 1753
f 1752 1753 1754
f 1754 1753 1755
f 1754 1755 1756
f 1756 1755 1757
f 1756 1757 1758
f 1758 1757 1759
f 1759 1757 1760
f 1759 1760 1761
f 1761 1760 1762
f 1761 1762 1763
f 1763 1762 1764
f 1763 1764 1765
f 1765 1764 1766
f 1765 1766 1767
f 1767 1766 1768
f 1767 1768 1769
f 1769 1768 1770
f 1769 1770 1771
f 1771 1770 1772
f 1771 1772 1773
f 1773 1772 1774
f 1773 1774 1738
f 1738 1774 1775
f 1738 1775 1739
f 1776 1763 1765
f 1776 1765 1777
f 1777 1765 1767
f 1777 1767 1778
f 1778 1767 1769
f 1778 1769 1779
f 1779 1769 1771
f 1779 1771 1780
f 1780 1771 1773
f 1780 1773 1781
f 1773 1738 1781
f 1781 1738 1782
f 1782 1738 1740
f 1782 1740 1783
f 1783 1740 1742
f 1783 1742 1784
f 1784 1742 1744
f 1784 1744 1785
f 1786 1768 1766
f 1786 1766 1787
f 1787 1766 1764
f 1787 1764 1788
f 1788 1764 1762
f 1788 1762 1789
f 1789 1762 1760
f 1789 1760 1790
f 1790 1760 1757
f 1790 1757 1791
f 1757 1755 1791
f 1791 1755 1792
f 1792 1755 1753
f 1792 1753 1793
f 1793 1753 1751
f 1793 1751 1794
f 1794 1751 1749
f 1794 1749 1795
f 1785 1744 1746
f 1785 1746 1796
f 1796 1746 1748
f 1796 1748 1797
f 1797 1748 1750
f 1797 1750 1798
f 1798 1750 1752
f 1798 1752 1799
f 1799 1752 1754
f 1799 1754 1800
f 1754 1756 1800
f 1800 1756 1801
f 1801 1756 1758
f 1801 1758 1802
f 1802 1758 1759
f 1802 1759 1803
f 1803 1759 1761
f 1803 1761 1804
f 1804 1761 1763
f 1804 1763 1776
f 1805 1774 1772
f 1805 1772 1806
f 1806 1772 1770
f 1806 1770 1807
f 1807 1770 1768
f 1807 1768 1786
f 1775 1774 1808
f 1808 1774 1805
f 1809 1745 1743
f 1809 1743 1810
f 1810 1743 1741
f 1810 1741 1811
f 1811 1741 1739
f 1811 1739 1812
f 1812 1739 1775
f 1812 1775 1808
f 1795 1749 1747
f 1795 1747 1813
f 1813 1747 1745
f 1813 1745 1809
f 1814 1815 1816
f 1816 1815 1817
f 1816 1817 1818
f 1818 1817 1819
f 1814 1820 1815
f 1815 1820 1821
f 1821 1820 1822
f 1821 1822 1823
f 1823 1822 1824
f 1823 1824 1825
f 1825 1824 1826
f 1825 1826 1827
f 1826 1828 1827
f 1827 1828 1829
f 1830 1818 1831
f 1831 1818 1819
f 1830 1831 1832
f 1832 1831 1833
f 1832 1833 1834
f 1834 1833 1835
f 1836 1834 1837
f 1837 1834 1835
f 1829 1828 1838
f 1829 1838 1839
f 1839 1838 1840
f 1839 1840 1841
f 1841 1840 1842
f 1841 1842 1843
f 1843 1842 1844
f 1843 1844 1845
f 1845 1844 1836
f 1845 1836 1837
f 1816 1818 1832
f 1832 1818 1830
f 1834 1836 1832
f 1832 1836 1820
f 1832 1820 1816
f 1816 1820 1814
f 1828 1826 1838
f 1838 1826 1824
f 1838 1824 1840
f 1840 1824 1822
f 1840 1822 1842
f 1842 1822 1820
f 1842 1820 1844
f 1844 1820 1836
f 1846 1847 1848
f 1848 1847 1849
f 1850 1851 1852
f 1852 1851 1846
f 1853 1846 1854
f 1854 1846 1848
f 1854 1848 1855
f 1855 1848 1856
f 1855 1856 1857
f 1857 1856 1858
f 1857 1858 1859
f 1859 1858 1860
f 1859 1860 1861
f 1861 1860 1862
f 1861 1862 1863
f 1863 1862 1864
f 1863 1864 1865
f 1865 1864 1866
f 1865 1866 1867
f 1867 1866 1868
f 1867 1868 1869
f 1853 1870 1846
f 1846 1870 1871
f 1846 1871 1852
f 1852 1871 1872
f 1852 1872 1873
f 1873 1872 1874
f 1873 1874 1875
f 1875 1874 1876
f 1875 1876 1877
f 1877 1876 1878
f 1877 1878 1879
f 1879 1878 1880
f 1879 1880 1881
f 1881 1880 1869
f 1881 1869 1882
f 1882 1869 1868
f 1867 1869 1883
f 1883 1869 1884
f 1884 1869 1880
f 1884 1880 1885
f 1885 1880 1878
f 1885 1878 1886
f 1886 1878 1876
f 1886 1876 1887
f 1887 1876 1874
f 1887 1874 1888
f 1888 1874 1872
f 1888 1872 1889
f 1889 1872 1871
f 1889 1871 1890
f 1890 1871 1870
f 1890 1870 1891
f 1870 1853 1891
f 1891 1853 1892
f 1893 1862 1860
f 1893 1860 1894
f 1894 1860 1858
f 1894 1858 1895
f 1895 1858 1856
f 1895 1856 1896
f 1896 1856 1848
f 1896 1848 1897
f 1848 1849 1897
f 1897 1849 1898
f 1849 1847 1898
f 1898 1847 1899
f 1899 1847 1846
f 1899 1846 1900
f 1900 1846 1851
f 1900 1851 1901
f 1851 1850 1901
f 1901 1850 1902
f 1892 1853 1854
f 1892 1854 1903
f 1903 1854 1855
f 1903 1855 1904
f 1904 1855 1857
f 1904 1857 1905
f 1905 1857 1859
f 1905 1859 1906
f 1906 1859 1861
f 1906 1861 1907
f 1907 1861 1863
f 1907 1863 1908
f 1908 1863 1865
f 1908 1865 1909
f 1909 1865 1867
f 1909 1867 1883
f 1910 1868 1866
f 1910 1866 1911
f 1911 1866 1864
f 1911 1864 1912
f 1912 1864 1862
f 1912 1862 1893
f 1882 1868 1913
f 1913 1868 1910
f 1914 1852 1873
f 1914 1873 1915
f 1915 1873 1875
f 1915 1875 1916
f 1916 1875 1877
f 1916 1877 1917
f 1917 1877 1879
f 1917 1879 1918
f 1918 1879 1881
f 1918 1881 1919
f 1919 1881 1882
f 1919 1882 1913
f 1850 1852 1902
f 1902 1852 1914
f 1920 1921 1922
f 1922 1921 1923
f 1921 1924 1923
f 1923 1924 1925
f 1926 1920 1927
f 1927 1920 1922
f 1924 1926 1925
f 1925 1926 1927
f 1924 1921 1926
f 1926 1921 1920
f 1928 1929 1930
f 1930 1929 1931
f 1928 1930 1932
f 1932 1930 1933
f 1930 1931 1933
f 1933 1931 1934
f 1929 1928 1935
f 1935 1928 1932
f 1931 1929 1934
f 1934 1929 1935
f 1936 1937 1938
f 1938 1937 1939
f 1938 1939 1940
f 1940 1939 1941
f 1940 1941 1942
f 1942 1941 1943
f 1942 1943 1944
f 1944 1943 1945
f 1944 1945 1946
f 1946 1945 1947
f 1946 1947 1948
f 1949 1950 1951
f 1951 1950 1952
f 1950 1953 1952
f 1952 1953 1954
f 1952 1954 1955
f 1955 1954 1948
f 1955 1948 1947
f 1956 1957 1958
f 1956 1958 1959
f 1959 1958 1960
f 1959 1960 1961
f 1961 1960 1962
f 1961 1962 1963
f 1963 1962 1949
f 1963 1949 1951
f 1964 1965 1966
f 1966 1965 1967
f 1966 1967 1968
f 1968 1967 1969
f 1968 1969 1970
f 1957 1956 1971
f 1971 1956 1972
f 1971 1972 1964
f 1964 1972 1973
f 1964 1973 1965
f 1974 1975 1976
f 1976 1975 1977
f 1976 1977 1978
f 1979 1970 1969
f 1969 1980 1979
f 1979 1980 1981
f 1979 1981 1974
f 1974 1981 1982
f 1974 1982 1975
f 1983 1984 1985
f 1985 1984 1986
f 1985 1986 1987
f 1987 1986 1988
f 1987 1988 1989
f 1976 1978 1990
f 1990 1978 1991
f 1990 1991 1992
f 1992 1991 1993
f 1992 1993 1994
f 1994 1993 1995
f 1994 1995 1989
f 1989 1995 1996
f 1989 1996 1987
f 1983 1997 1984
f 1984 1997 1998
f 1999 1937 2000
f 2000 1937 1936
f 2001 2002 2003
f 1999 2000 2004
f 2003 2005 2001
f 2001 2005 2006
f 2001 2006 2007
f 2007 2006 2008
f 2007 2008 2009
f 2009 2008 2010
f 2009 2010 2011
f 2011 2010 2012
f 2011 2012 2013
f 2013 2012 2014
f 2013 2014 2004
f 2004 2014 2015
f 2004 2015 1999
f 2003 2002 2016
f 2016 2002 2017
f 2016 2017 2018
f 2018 2017 2019
f 2019 2017 2020
f 2019 2020 2021
f 2021 2020 2022
f 2021 2022 2023
f 2024 2025 2026
f 2026 2025 2027
f 2026 2027 2028
f 2028 2027 2029
f 2028 2029 2030
f 2030 2029 2031
f 2030 2031 2032
f 2032 2031 2033
f 2032 2033 2034
f 2034 2033 2023
f 2034 2023 2022
f 2025 2024 2035
f 2025 2035 2036
f 2036 2035 2037
f 2036 2037 2038
f 2037 2039 2038
f 2038 2039 2040
f 2038 2040 2041
f 2042 2043 2044
f 2044 2043 2041
f 2044 2041 2045
f 2045 2041 2040
f 2042 2046 2043
f 2043 2046 2047
f 2046 2048 2047
f 2047 2048 2049
f 2047 2049 2050
f 2050 2049 2051
f 2050 2051 2052
f 2053 2052 2051
f 2053 2051 2054
f 2054 2051 2055
f 2054 2055 2056
f 2056 2055 2057
f 2056 2057 2058
f 2058 2057 2059
f 2058 2059 2060
f 2059 2061 2060
f 2060 2061 1998
f 2060 1998 1997
f 2041 1965 2038
f 2038 1965 1973
f 2038 1973 1972
f 1963 2031 1961
f 1961 2031 2029
f 1961 2029 1959
f 1959 2029 2027
f 1959 2027 1956
f 1956 2027 2025
f 1956 2025 1972
f 1972 2025 2036
f 1972 2036 2038
f 2018 2019 1955
f 2050 1981 2047
f 2047 1981 1980
f 2047 1980 2043
f 2043 1980 1969
f 2043 1969 2041
f 2041 1969 1967
f 2041 1967 1965
f 1997 1983 2060
f 2060 1983 1985
f 1955 2019 1952
f 1952 2019 2021
f 1952 2021 1951
f 1951 2021 2023
f 1951 2023 1963
f 1963 2023 2033
f 1963 2033 2031
f 1937 1999 2015
f 2052 1975 2050
f 2050 1975 1982
f 2050 1982 1981
f 1945 2005 1947
f 1947 2005 2003
f 1947 2003 1955
f 1955 2003 2016
f 1955 2016 2018
f 1937 2015 1939
f 1939 2015 2014
f 1939 2014 1941
f 1941 2014 2012
f 1941 2012 1943
f 1985 1987 2060
f 2060 1987 1996
f 2060 1996 2058
f 2058 1996 1995
f 2058 1995 2056
f 2056 1995 1993
f 2056 1993 2054
f 2054 1993 1991
f 2054 1991 2053
f 2053 1991 1978
f 2053 1978 2052
f 2052 1978 1977
f 2052 1977 1975
f 2012 2010 1943
f 1943 2010 2008
f 1943 2008 1945
f 1945 2008 2006
f 1945 2006 2005
f 2062 2063 2064
f 2064 2063 2065
f 2066 2067 2068
f 2068 2067 2063
f 2068 2063 2069
f 2069 2063 2062
f 2063 2070 2071
f 2071 2070 2072
f 2071 2072 2073
f 2073 2072 2074
f 2075 2076 2067
f 2076 2077 2067
f 2067 2077 2078
f 2067 2078 2063
f 2063 2078 2079
f 2063 2079 2070
f 2080 2081 2082
f 2082 2081 2083
f 2082 2083 2084
f 2084 2083 2085
f 2084 2085 2067
f 2067 2085 2086
f 2067 2086 2075
f 2087 2088 2089
f 2089 2088 2090
f 2089 2090 2091
f 2091 2090 2092
f 2091 2092 2093
f 2093 2092 2094
f 2093 2094 2074
f 2074 2094 2095
f 2074 2095 2073
f 2096 2097 2098
f 2098 2097 2099
f 2098 2099 2100
f 2100 2099 2101
f 2100 2101 2102
f 2102 2101 2103
f 2102 2103 2104
f 2104 2103 2105
f 2104 2105 2087
f 2087 2105 2106
f 2087 2106 2088
f 2106 2107 2088
f 2088 2107 2108
f 2094 2092 2108
f 2108 2092 2090
f 2108 2090 2088
f 2108 2109 2094
f 2094 2109 2110
f 2094 2110 2095
f 2107 2106 2111
f 2111 2106 2105
f 2111 2105 2112
f 2112 2105 2103
f 2112 2103 2113
f 2097 2114 2115
f 2116 2101 2115
f 2115 2101 2099
f 2115 2099 2097
f 2116 2117 2101
f 2101 2117 2113
f 2101 2113 2103
f 2097 2096 2114
f 2114 2096 2118
f 2100 2102 2119
f 2119 2120 2100
f 2100 2120 2121
f 2100 2121 2098
f 2098 2121 2122
f 2122 2123 2098
f 2098 2123 2118
f 2098 2118 2096
f 2087 2124 2125
f 2087 2125 2104
f 2104 2125 2119
f 2104 2119 2102
f 2124 2087 2126
f 2126 2087 2089
f 2126 2089 2127
f 2127 2089 2091
f 2127 2091 2128
f 2128 2091 2093
f 2128 2093 2129
f 2129 2093 2074
f 2129 2074 2130
f 2074 2072 2130
f 2130 2072 2131
f 2078 2132 2133
f 2078 2133 2079
f 2079 2133 2134
f 2079 2134 2070
f 2070 2134 2131
f 2070 2131 2072
f 2073 2095 2135
f 2135 2095 2110
f 2073 2135 2136
f 2073 2136 2071
f 2071 2136 2137
f 2071 2137 2063
f 2063 2137 2138
f 2063 2138 2065
f 2065 2138 2139
f 2065 2139 2064
f 2064 2139 2062
f 2062 2139 2140
f 2062 2140 2069
f 2069 2140 2141
f 2069 2141 2068
f 2141 2142 2068
f 2068 2142 2143
f 2068 2143 2066
f 2067 2066 2144
f 2144 2066 2143
f 2067 2144 2145
f 2067 2145 2084
f 2084 2145 2146
f 2084 2146 2082
f 2082 2146 2147
f 2082 2147 2080
f 2081 2080 2148
f 2148 2080 2147
f 2148 2149 2081
f 2081 2149 2083
f 2149 2150 2083
f 2083 2150 2151
f 2083 2151 2085
f 2085 2151 2152
f 2085 2152 2086
f 2075 2086 2153
f 2153 2086 2152
f 2075 2153 2076
f 2076 2153 2154
f 2076 2154 2077
f 2077 2154 2132
f 2077 2132 2078
f 2155 2156 2157
f 2155 2157 2158
f 2158 2157 2159
f 2158 2159 2160
f 2160 2159 2161
f 2160 2161 2162
f 2162 2161 2163
f 2162 2163 2164
f 2163 2165 2164
f 2164 2165 2166
f 2166 2165 2167
f 2166 2167 2168
f 2168 2167 2169
f 2168 2169 2170
f 2170 2169 2171
f 2170 2171 2172
f 2172 2171 2173
f 2172 2173 2174
f 2174 2173 2175
f 2174 2175 2176
f 2176 2175 2177
f 2176 2177 2178
f 2178 2177 2179
f 2178 2179 2180
f 2180 2179 2181
f 2180 2181 2182
f 2182 2181 2183
f 2182 2183 2184
f 2184 2183 2185
f 2184 2185 2186
f 2186 2185 2187
f 2186 2187 2188
f 2188 2187 2189
f 2188 2189 2190
f 2190 2189 2191
f 2190 2191 2192
f 2193 2194 2195
f 2193 2195 2196
f 2196 2195 2197
f 2196 2197 2198
f 2198 2197 2199
f 2198 2199 2200
f 2200 2199 2201
f 2200 2201 2202
f 2202 2201 2203
f 2202 2203 2204
f 2204 2203 2205
f 2204 2205 2206
f 2207 2208 2209
f 2207 2209 2210
f 2210 2209 2211
f 2210 2211 2212
f 2212 2211 2194
f 2212 2194 2193
f 2213 2214 2215
f 2213 2215 2216
f 2216 2215 2156
f 2216 2156 2155
f 2217 2218 2219
f 2217 2219 2220
f 2220 2219 2221
f 2220 2221 2222
f 2222 2221 2214
f 2222 2214 2213
f 2223 2218 2224
f 2224 2218 2217
f 2225 2226 2227
f 2225 2227 2228
f 2228 2227 2223
f 2228 2223 2224
f 2229 2230 2231
f 2229 2231 2232
f 2232 2231 2226
f 2232 2226 2225
f 2233 2234 2235
f 2233 2235 2236
f 2236 2235 2230
f 2236 2230 2229
f 2237 2238 2239
f 2237 2239 2240
f 2240 2239 2234
f 2240 2234 2233
f 2191 2238 2192
f 2192 2238 2237
f 2241 2208 2242
f 2242 2208 2207
f 2243 2244 2245
f 2243 2245 2246
f 2246 2245 2247
f 2246 2247 2248
f 2248 2247 2241
f 2248 2241 2242
f 2206 2205 2249
f 2206 2249 2250
f 2250 2249 2244
f 2250 2244 2243
f 2187 2185 2194
f 2208 2191 2209
f 2209 2191 2211
f 2211 2191 2194
f 2194 2191 2189
f 2194 2189 2187
f 2218 2223 2219
f 2219 2223 2227
f 2219 2227 2221
f 2221 2227 2226
f 2238 2163 2239
f 2239 2163 2161
f 2239 2161 2234
f 2234 2161 2159
f 2234 2159 2235
f 2235 2159 2157
f 2235 2157 2230
f 2230 2157 2156
f 2230 2156 2231
f 2231 2156 2215
f 2231 2215 2226
f 2226 2215 2214
f 2226 2214 2221
f 2238 2191 2163
f 2163 2191 2208
f 2163 2208 2165
f 2165 2208 2241
f 2165 2241 2167
f 2167 2241 2247
f 2167 2247 2169
f 2169 2247 2245
f 2169 2245 2171
f 2171 2245 2244
f 2171 2244 2173
f 2173 2244 2249
f 2173 2249 2175
f 2175 2249 2205
f 2175 2205 2177
f 2177 2205 2203
f 2177 2203 2179
f 2179 2203 2201
f 2179 2201 2181
f 2181 2201 2199
f 2181 2199 2183
f 2183 2199 2197
f 2183 2197 2185
f 2185 2197 2195
f 2185 2195 2194
f 2251 2252 2253
f 2253 2252 2254
f 2253 2254 2255
f 2255 2254 2256
f 2255 2256 2257
f 2257 2256 2258
f 2257 2258 2259
f 2259 2258 2260
f 2259 2260 2261
f 2261 2260 2262
f 2263 2264 2265
f 2265 2264 2266
f 2265 2266 2267
f 2268 2269 2266
f 2266 2269 2261
f 2266 2261 2267
f 2267 2261 2262
f 2270 2271 2272
f 2272 2271 2264
f 2272 2264 2263
f 2252 2251 2273
f 2273 2251 2274
f 2273 2274 2275
f 2275 2274 2276
f 2277 2278 2279
f 2279 2278 2280
f 2281 2282 2280
f 2280 2282 2261
f 2280 2261 2279
f 2279 2261 2269
f 2279 2269 2283
f 2284 2276 2285
f 2285 2276 2274
f 2285 2274 2286
f 2286 2274 2251
f 2286 2251 2287
f 2287 2251 2253
f 2287 2253 2288
f 2288 2253 2255
f 2288 2255 2289
f 2289 2255 2257
f 2289 2257 2290
f 2290 2257 2259
f 2290 2259 2291
f 2291 2259 2261
f 2291 2261 2292
f 2261 2282 2292
f 2292 2282 2281
f 2292 2281 2293
f 2281 2280 2293
f 2293 2280 2294
f 2280 2278 2294
f 2294 2278 2295
f 2278 2277 2295
f 2295 2277 2296
f 2277 2279 2296
f 2296 2279 2297
f 2279 2283 2297
f 2297 2283 2298
f 2268 2299 2269
f 2269 2299 2300
f 2269 2300 2283
f 2283 2300 2298
f 2275 2276 2301
f 2301 2276 2284
f 2275 2301 2302
f 2303 2262 2304
f 2304 2262 2260
f 2304 2260 2305
f 2305 2260 2258
f 2305 2258 2306
f 2306 2258 2256
f 2306 2256 2307
f 2307 2256 2254
f 2307 2254 2308
f 2308 2254 2252
f 2308 2252 2302
f 2302 2252 2273
f 2302 2273 2275
f 2267 2262 2309
f 2309 2262 2303
f 2267 2309 2310
f 2311 2270 2312
f 2312 2270 2272
f 2312 2272 2313
f 2313 2272 2263
f 2313 2263 2310
f 2310 2263 2265
f 2310 2265 2267
f 2271 2270 2314
f 2314 2270 2311
f 2271 2314 2264
f 2264 2314 2315
f 2264 2315 2266
f 2266 2315 2316
f 2268 2266 2299
f 2299 2266 2316
f 2317 2318 2319
f 2317 2319 2320
f 2320 2319 2321
f 2320 2321 2322
f 2322 2321 2323
f 2322 2323 2324
f 2324 2323 2325
f 2324 2325 2326
f 2326 2325 2327
f 2326 2327 2328
f 2328 2327 2329
f 2328 2329 2330
f 2330 2329 2331
f 2330 2331 2332
f 2332 2331 2333
f 2332 2333 2334
f 2334 2333 2335
f 2334 2335 2336
f 2335 2337 2336
f 2336 2337 2338
f 2339 2340 2341
f 2339 2341 2342
f 2342 2341 2343
f 2342 2343 2344
f 2344 2343 2345
f 2344 2345 2346
f 2347 2348 2349
f 2347 2349 2350
f 2350 2349 2340
f 2350 2340 2339
f 2351 2352 2353
f 2351 2353 2354
f 2354 2353 2355
f 2354 2355 2356
f 2356 2355 2357
f 2356 2357 2358
f 2358 2357 2348
f 2358 2348 2347
f 2359 2352 2360
f 2360 2352 2351
f 2361 2318 2362
f 2362 2318 2317
f 2363 2364 2365
f 2363 2365 2366
f 2366 2365 2367
f 2366 2367 2368
f 2368 2367 2361
f 2368 2361 2362
f 2369 2370 2371
f 2369 2371 2372
f 2372 2371 2364
f 2372 2364 2363
f 2338 2337 2373
f 2338 2373 2374
f 2374 2373 2375
f 2374 2375 2376
f 2376 2375 2370
f 2376 2370 2369
f 2377 2378 2379
f 2377 2379 2380
f 2380 2379 2381
f 2380 2381 2382
f 2382 2381 2359
f 2382 2359 2360
f 2383 2384 2385
f 2383 2385 2386
f 2386 2385 2378
f 2386 2378 2377
f 2387 2388 2389
f 2387 2389 2390
f 2390 2389 2391
f 2390 2391 2392
f 2392 2391 2384
f 2392 2384 2383
f 2345 2388 2346
f 2346 2388 2387
f 2388 2333 2389
f 2389 2333 2331
f 2389 2331 2391
f 2391 2331 2329
f 2391 2329 2384
f 2384 2329 2327
f 2384 2327 2385
f 2385 2327 2325
f 2385 2325 2378
f 2378 2325 2323
f 2378 2323 2379
f 2379 2323 2321
f 2379 2321 2381
f 2381 2321 2319
f 2381 2319 2359
f 2359 2319 2318
f 2359 2318 2352
f 2352 2318 2361
f 2352 2361 2353
f 2353 2361 2355
f 2355 2361 2367
f 2355 2367 2357
f 2357 2367 2365
f 2357 2365 2348
f 2348 2365 2364
f 2348 2364 2349
f 2349 2364 2371
f 2349 2371 2340
f 2340 2371 2370
f 2340 2370 2341
f 2341 2370 2375
f 2341 2375 2343
f 2343 2375 2373
f 2343 2373 2345
f 2345 2373 2337
f 2345 2337 2388
f 2388 2337 2335
f 2388 2335 2333
f 1534 1535 2393
f 2394 1536 1534
f 2395 2396 2397
f 2397 2398 2395
f 2395 2398 2399
f 2395 2399 2400
f 2401 2402 2393
f 2393 2402 2395
f 2393 2395 1534
f 1534 2395 2400
f 1534 2400 2394
f 1833 1831 2403
f 2403 1831 2404
f 2405 2404 2406
f 2406 2404 1831
f 2406 1831 2407
f 2407 1831 1819
f 1817 2408 1819
f 1819 2408 2409
f 1819 2409 2407
f 2408 2410 2409
f 2409 2410 2411
f 2409 2411 2412
f 2412 2411 2396
f 2310 2309 2303
f 2306 2307 2305
f 2305 2307 2413
f 2305 2413 2304
f 2308 2313 2307
f 2307 2313 2310
f 2307 2310 2413
f 2413 2310 2303
f 2413 2303 2304
f 2414 2286 2287
f 2414 2287 2415
f 2287 2288 2415
f 2415 2288 2289
f 2415 2289 2416
f 2416 2289 2290
f 2416 2290 2291
f 2342 2344 2346
f 2380 2382 2360
f 2387 2386 2377
f 2354 2356 2358
f 2390 2392 2387
f 2387 2392 2383
f 2387 2383 2386
f 2339 2351 2350
f 2350 2351 2354
f 2350 2354 2347
f 2347 2354 2358
f 2377 2380 2387
f 2387 2380 2360
f 2387 2360 2346
f 2346 2360 2351
f 2346 2351 2342
f 2342 2351 2339
f 2242 2207 2210
f 2250 2243 2212
f 2212 2243 2246
f 2212 2246 2210
f 2210 2246 2248
f 2210 2248 2242
f 2212 2193 2250
f 2250 2193 2196
f 2250 2196 2206
f 2206 2196 2204
f 2198 2200 2196
f 2196 2200 2202
f 2196 2202 2204
f 2237 2240 2233
f 1632 1633 1630
f 1544 1538 1537
f 2300 2417 2298
f 2298 2417 2418
f 2298 2418 2297
f 2297 2418 2296
f 2293 2294 2295
f 2322 2416 2320
f 2320 2416 2291
f 2320 2291 2317
f 2291 2292 2317
f 2317 2292 2293
f 2317 2293 2362
f 2362 2293 2295
f 2408 1817 2419
f 2419 1817 1815
f 1815 1821 1823
f 1833 2403 1835
f 1835 2403 2420
f 1815 1823 2419
f 2419 1823 1825
f 2419 1825 1827
f 1829 1812 1808
f 1808 1805 1829
f 1829 1805 1806
f 1829 1806 1827
f 1827 1806 1807
f 1827 1807 2419
f 1841 1843 1839
f 1839 1843 1845
f 1839 1845 1829
f 1829 1845 1837
f 1829 1837 1812
f 1812 1837 1835
f 1812 1835 1811
f 2421 1542 1537
f 1537 1542 1543
f 1537 1543 1544
f 2422 1540 2421
f 2421 1540 1541
f 2421 1541 1542
f 2423 2424 2222
f 2222 2424 2220
f 2182 2184 2224
f 2224 2184 2186
f 2224 2186 2228
f 2228 2186 2188
f 1540 2180 1539
f 1539 2180 2182
f 1539 2182 1545
f 1545 2182 2224
f 1545 2224 1547
f 1547 2224 2217
f 1547 2217 1546
f 2217 2220 1546
f 1546 2220 2424
f 1546 2424 1524
f 1524 2424 1523
f 2425 1520 1519
f 1521 1522 1519
f 1519 1522 1523
f 1519 1523 2425
f 1610 1611 2426
f 2426 1611 1612
f 2426 1612 2427
f 1609 1635 1608
f 1608 1635 1636
f 2428 1640 1641
f 1628 1629 1636
f 1636 1629 1607
f 1636 1607 1608
f 1634 1632 1637
f 1637 1632 1630
f 1637 1630 1636
f 1636 1630 1631
f 1636 1631 1628
f 1616 1617 2429
f 2429 1617 1618
f 1619 1620 2430
f 2430 1620 1621
f 2430 1621 1622
f 1622 1623 2430
f 2430 1623 1643
f 2430 1643 2431
f 2431 1643 1638
f 2431 1638 2428
f 2428 1638 1639
f 2428 1639 1640
f 1612 1613 2427
f 2427 1613 1614
f 2427 1614 2429
f 2429 1614 1615
f 2429 1615 1616
f 2432 1793 1794
f 1807 1786 2419
f 2419 1786 1787
f 2419 1787 2433
f 2433 1787 1788
f 2433 1788 1789
f 1789 1790 2433
f 2433 1790 1791
f 2433 1791 2432
f 2432 1791 1792
f 2432 1792 1793
f 1794 1795 2432
f 2432 1795 1813
f 2432 1813 2420
f 2420 1813 1809
f 2420 1809 1835
f 1835 1809 1810
f 1835 1810 1811
f 2434 1917 1918
f 1917 2434 1916
f 1916 2434 2435
f 1916 2435 1915
f 1918 1919 2434
f 2434 1919 1913
f 2434 1913 2436
f 2436 1913 1910
f 2436 1910 1911
f 1896 1897 1898
f 2432 2437 1898
f 1911 1912 2436
f 2436 1912 1893
f 2436 1893 2437
f 2437 1893 1894
f 2437 1894 1898
f 1898 1894 1895
f 1898 1895 1896
f 1914 1915 1902
f 1902 1915 2435
f 1902 2435 1901
f 1901 2435 2433
f 1901 2433 1900
f 1900 2433 2432
f 1900 2432 1899
f 1899 2432 1898
f 2158 2160 2426
f 2426 2160 2162
f 2164 2166 2428
f 2428 2166 2168
f 2428 2168 2170
f 2170 2172 2428
f 2428 2172 2174
f 2428 2174 2422
f 2422 2174 2176
f 2422 2176 1540
f 1540 2176 2178
f 1540 2178 2180
f 2222 2213 2423
f 2423 2213 2216
f 2423 2216 2426
f 2426 2216 2155
f 2426 2155 2158
f 2162 2164 2426
f 2426 2164 2428
f 2426 2428 1610
f 1610 2428 1641
f 1610 1641 1609
f 1609 1641 1642
f 1609 1642 1635
f 2229 2232 2188
f 2188 2232 2225
f 2188 2225 2228
f 2192 2237 2190
f 2190 2237 2233
f 2190 2233 2188
f 2188 2233 2236
f 2188 2236 2229
f 2328 2330 2436
f 2436 2330 2332
f 2436 2332 2334
f 2434 2376 2369
f 2434 2369 2418
f 2328 2436 2326
f 2326 2436 2438
f 2326 2438 2324
f 2369 2372 2418
f 2418 2372 2363
f 2418 2363 2296
f 2296 2363 2366
f 2296 2366 2295
f 2295 2366 2368
f 2295 2368 2362
f 2334 2336 2436
f 2436 2336 2338
f 2436 2338 2434
f 2434 2338 2374
f 2434 2374 2376
f 2429 1646 1647
f 1691 2411 2410
f 1618 1619 2429
f 2429 1619 2430
f 2429 2430 1646
f 1646 2430 1699
f 2429 1679 1681
f 1691 2410 1689
f 1722 1714 1717
f 1669 1671 1647
f 1681 1683 2429
f 2429 1683 1685
f 2429 1685 2410
f 2410 1685 1687
f 2410 1687 1689
f 1733 1706 1730
f 1730 1706 1709
f 1730 1709 1691
f 1691 1709 1711
f 1725 1727 1722
f 1722 1727 1729
f 1722 1729 1714
f 1733 1735 1706
f 1706 1735 1737
f 1706 1737 1721
f 1721 1737 1722
f 1721 1722 1719
f 1719 1722 1717
f 1653 1661 1663
f 1671 1673 1647
f 1647 1673 1675
f 1647 1675 2429
f 2429 1675 1677
f 2429 1677 1679
f 1711 1713 1691
f 1691 1713 1700
f 1691 1700 2411
f 2411 1700 1703
f 2411 1703 1705
f 1705 1692 2411
f 2411 1692 1695
f 2411 1695 2430
f 2430 1695 1697
f 2430 1697 1699
f 1655 1657 1653
f 1653 1657 1659
f 1653 1659 1661
f 1647 1649 1669
f 1669 1649 1651
f 1669 1651 1667
f 1667 1651 1653
f 1667 1653 1665
f 1665 1653 1663
f 2396 2411 2397
f 2397 2411 2430
f 2397 2430 2398
f 2398 2430 2431
f 2398 2431 2399
f 2399 2431 2428
f 2399 2428 2400
f 2400 2428 2422
f 2400 2422 2394
f 2394 2422 2421
f 2394 2421 1536
f 1536 2421 1537
f 2410 2408 2429
f 2429 2408 2419
f 2429 2419 2427
f 2427 2419 2433
f 2427 2433 2426
f 2426 2433 2435
f 2426 2435 2423
f 2423 2435 2434
f 2423 2434 2424
f 2424 2434 2418
f 2424 2418 1523
f 1523 2418 2417
f 1523 2417 2425
f 2403 2404 2420
f 2420 2404 2439
f 2420 2439 2432
f 2432 2439 2440
f 2432 2440 2437
f 2437 2440 2441
f 2437 2441 2436
f 2436 2441 2442
f 2436 2442 2438
f 2438 2442 2443
f 2322 2324 2416
f 2416 2324 2438
f 2416 2438 2415
f 2415 2438 2443
f 2415 2443 2444
f 2444 2443 2442
f 2444 2442 2445
f 2445 2442 2441
f 2445 2441 2446
f 2446 2441 2440
f 2446 2440 2447
f 2447 2440 2439
f 2447 2439 2448
f 2448 2439 2404
f 2448 2404 2405
f 1889 1890 1891
f 1885 1886 1884
f 1884 1886 1887
f 1884 1887 1888
f 1888 1889 1884
f 1884 1889 1891
f 1884 1891 1883
f 1883 1891 1892
f 1883 1892 1903
f 1904 1905 1903
f 1903 1905 1906
f 1909 1883 1908
f 1908 1883 1903
f 1908 1903 1907
f 1907 1903 1906
f 1779 1780 1781
f 1798 1799 1800
f 1782 1796 1797
f 1783 1784 1782
f 1782 1784 1785
f 1782 1785 1796
f 1803 1804 1802
f 1802 1804 1776
f 1802 1776 1801
f 1801 1776 1777
f 1801 1777 1778
f 1797 1798 1782
f 1782 1798 1800
f 1782 1800 1781
f 1781 1800 1801
f 1781 1801 1779
f 1779 1801 1778
f 1596 1597 1598
f 1624 1625 1599
f 1599 1625 1626
f 1599 1626 1598
f 1598 1626 1627
f 1598 1627 1596
f 1599 1600 1624
f 1624 1600 1601
f 1624 1601 1606
f 1606 1601 1605
f 1602 1603 1601
f 1601 1603 1604
f 1601 1604 1605
f 2449 2450 2451
f 2451 2450 2452
f 2453 2454 2455
f 2453 2455 2456
f 2456 2455 2457
f 2456 2457 2458
f 2458 2457 2459
f 2458 2459 2460
f 2460 2459 2461
f 2460 2461 2462
f 2462 2461 2449
f 2462 2449 2451
f 2463 2454 2464
f 2464 2454 2453
f 2465 2466 2467
f 2465 2467 2468
f 2468 2467 2469
f 2468 2469 2470
f 2470 2469 2471
f 2470 2471 2472
f 2472 2471 2463
f 2472 2463 2464
f 2473 2466 2474
f 2474 2466 2465
f 2475 2473 2476
f 2476 2473 2474
f 2477 2478 2479
f 2477 2479 2480
f 2480 2479 2481
f 2480 2481 2482
f 2482 2481 2483
f 2482 2483 2484
f 2484 2483 2475
f 2484 2475 2476
f 2485 2486 2487
f 2485 2487 2488
f 2488 2487 2489
f 2488 2489 2490
f 2490 2489 2491
f 2490 2491 2492
f 2492 2491 2478
f 2492 2478 2477
f 2493 2494 2495
f 2493 2495 2496
f 2496 2495 2497
f 2496 2497 2498
f 2498 2497 2499
f 2498 2499 2500
f 2500 2499 2486
f 2500 2486 2485
f 2501 2502 2503
f 2501 2503 2504
f 2504 2503 2505
f 2504 2505 2506
f 2506 2505 2507
f 2506 2507 2508
f 2508 2507 2509
f 2508 2509 2510
f 2510 2509 2494
f 2510 2494 2493
f 2511 2512 2513
f 2511 2513 2514
f 2514 2513 2502
f 2514 2502 2501
f 2515 2516 2517
f 2515 2517 2518
f 2518 2517 2512
f 2518 2512 2511
f 2519 2516 2520
f 2520 2516 2515
f 2450 2519 2452
f 2452 2519 2520
f 2512 2517 2457
f 2457 2517 2459
f 2459 2517 2516
f 2459 2516 2461
f 2503 2457 2505
f 2505 2457 2455
f 2497 2495 2499
f 2499 2495 2494
f 2499 2494 2486
f 2486 2494 2509
f 2486 2509 2487
f 2487 2509 2473
f 2487 2473 2489
f 2489 2473 2491
f 2503 2502 2457
f 2457 2502 2513
f 2457 2513 2512
f 2519 2450 2516
f 2516 2450 2449
f 2516 2449 2461
f 2469 2467 2471
f 2471 2467 2466
f 2471 2466 2463
f 2463 2466 2473
f 2463 2473 2454
f 2454 2473 2509
f 2454 2509 2455
f 2455 2509 2507
f 2455 2507 2505
f 2483 2481 2479
f 2473 2475 2491
f 2491 2475 2483
f 2491 2483 2478
f 2478 2483 2479
f 2521 277 269
f 269 277 270
f 272 276 2522
f 272 2522 268
f 268 2522 2521
f 268 2521 269
f 2523 282 262
f 262 282 263
f 265 281 2524
f 265 2524 261
f 261 2524 2523
f 261 2523 262
f 292 255 2525
f 2525 255 254
f 2525 254 2526
f 2526 254 2527
f 2527 254 258
f 2527 258 2528
f 2528 258 2529
f 2529 258 257
f 2529 257 2530
f 2530 257 285
f 253 252 2531
f 2531 2532 253
f 253 2532 2533
f 253 2533 301
f 2531 252 2534
f 2534 252 250
f 248 296 2535
f 2535 2536 248
f 248 2536 2537
f 248 2537 250
f 250 2537 2538
f 250 2538 2534
f 2539 304 245
f 245 304 246
f 241 303 2540
f 241 2540 243
f 243 2540 2539
f 243 2539 245
f 310 309 2541
f 304 2542 2543
f 2544 2545 311
f 277 2546 278
f 278 2546 2547
f 278 2547 279
f 279 2547 2548
f 2523 2524 281
f 2545 2549 311
f 311 2549 2550
f 311 2550 307
f 2548 2551 279
f 279 2551 2552
f 279 2552 2553
f 2554 2555 280
f 2528 2529 282
f 282 2529 2556
f 282 2556 283
f 310 2541 311
f 311 2541 2557
f 311 2557 2544
f 2553 2558 279
f 279 2558 2559
f 279 2559 275
f 2554 280 2560
f 2550 2542 307
f 307 2542 304
f 307 304 308
f 308 304 2539
f 308 2539 2540
f 2521 2522 2561
f 2561 2522 276
f 2561 276 309
f 309 276 275
f 309 275 2541
f 2541 275 2559
f 2555 2546 280
f 280 2546 277
f 280 277 281
f 281 277 2521
f 281 2521 2523
f 2531 303 2532
f 2532 303 302
f 2532 302 2562
f 2562 302 306
f 2562 306 2563
f 2563 306 305
f 2563 305 2564
f 2564 305 304
f 2564 304 2565
f 2565 304 2543
f 283 2556 284
f 284 2556 2566
f 284 2566 280
f 280 2566 2567
f 280 2567 2560
f 282 2523 2528
f 2528 2523 2521
f 2528 2521 2527
f 2527 2521 2561
f 2527 2561 2568
f 2540 303 308
f 308 303 2531
f 308 2531 2568
f 2568 2531 2534
f 2568 2534 2527
f 2561 309 238
f 238 309 239
f 234 308 2568
f 234 2568 236
f 236 2568 2561
f 236 2561 238
f 2569 2570 2571
f 2571 2570 2572
f 2571 2572 2573
f 2573 2574 2571
f 2571 2574 2575
f 2571 2575 2576
f 2571 2577 2578
f 2578 2579 2571
f 2571 2579 2580
f 2571 2580 2581
f 2581 2582 2571
f 2571 2582 2583
f 2571 2583 2584
f 2584 2585 2571
f 2571 2585 2586
f 2571 2586 2587
f 2588 2589 2571
f 2571 2589 2590
f 2571 2590 2591
f 2591 2592 2571
f 2571 2592 2593
f 2571 2593 2594
f 2576 2595 2571
f 2571 2595 2596
f 2571 2596 2577
f 2587 2597 2571
f 2571 2597 2598
f 2571 2598 2588
f 2599 2600 2601
f 2601 2600 2602
f 2601 2602 2603
f 2603 2602 2604
f 2569 2571 2601
f 2601 2571 2605
f 2601 2605 2599
f 2606 2607 2608
f 2608 2607 2609
f 2608 2609 2610
f 2610 2609 2611
f 2594 2593 2608
f 2608 2593 2612
f 2608 2612 2606
f 1410 1404 2613
f 2613 1404 2614
f 2613 2614 2615
f 2615 2614 2616
f 2593 2592 2617
f 2617 2592 2618
f 2617 2618 2619
f 2618 2620 2619
f 2619 2620 2621
f 2619 2621 2622
f 2622 2621 2623
f 2622 2623 2624
f 2624 2623 2625
f 2624 2625 2616
f 2616 2625 2626
f 2616 2626 2615
f 2627 2594 2608
f 2628 2627 2629
f 2630 2631 2632
f 2556 2630 2633
f 2556 2633 2634
f 2634 2633 2635
f 2634 2635 2636
f 2636 2635 2637
f 2637 2635 2638
f 2637 2638 2639
f 2639 2638 2640
f 2639 2640 2641
f 2641 2640 2642
f 2641 2642 2643
f 2643 2642 2644
f 2644 2642 2645
f 2644 2645 2646
f 2630 2632 2633
f 2633 2632 2647
f 2633 2647 2635
f 2635 2647 2648
f 2635 2648 2638
f 2638 2648 2649
f 2638 2649 2640
f 2640 2649 2650
f 2640 2650 2642
f 2642 2650 2651
f 2642 2651 2645
f 2645 2651 2652
f 2645 2652 2653
f 2627 2608 2629
f 2629 2608 2610
f 2629 2610 2654
f 2654 2610 2611
f 2654 2611 2655
f 2655 2611 2609
f 2655 2609 2656
f 2656 2609 2607
f 2656 2607 2657
f 2657 2607 2606
f 2657 2606 2658
f 2658 2606 2612
f 2658 2612 2659
f 2659 2612 2593
f 2659 2593 2617
f 2628 2629 2660
f 2660 2629 2654
f 2660 2654 2661
f 2661 2654 2655
f 2661 2655 2662
f 2662 2655 2656
f 2662 2656 2663
f 2663 2656 2657
f 2663 2657 2664
f 2664 2657 2658
f 2664 2658 2665
f 2665 2658 2659
f 2665 2659 2666
f 2666 2659 2617
f 2666 2617 2619
f 2619 2652 2666
f 2666 2652 2651
f 2666 2651 2665
f 2665 2651 2650
f 2665 2650 2664
f 2664 2650 2649
f 2664 2649 2663
f 2663 2649 2648
f 2663 2648 2662
f 2662 2648 2647
f 2662 2647 2661
f 2661 2647 2632
f 2661 2632 2660
f 2660 2632 2631
f 2660 2631 2628
f 2619 2622 2652
f 2652 2622 2624
f 2652 2624 2653
f 2653 2624 2616
f 2653 2616 2614
f 2646 2645 2667
f 2667 2645 2653
f 2667 2653 2668
f 2668 2653 2614
f 2668 2614 1404
f 2533 2532 2562
f 2526 2527 296
f 296 2527 2535
f 2527 2534 2538
f 2538 2537 2527
f 2527 2537 2536
f 2527 2536 2535
f 2631 2630 287
f 287 288 2631
f 2631 288 289
f 2631 289 290
f 298 2669 297
f 297 2669 2670
f 297 2670 293
f 2529 2530 2556
f 2556 2530 285
f 2556 285 2630
f 2630 285 286
f 2630 286 287
f 298 299 2669
f 2669 299 300
f 2669 300 2562
f 2562 300 301
f 2562 301 2533
f 2571 2594 2671
f 2671 2594 2627
f 2671 2627 2672
f 2672 2627 2628
f 2672 2628 2670
f 2670 2628 2631
f 2670 2631 293
f 293 2631 290
f 293 290 294
f 294 290 291
f 294 291 295
f 295 291 292
f 295 292 296
f 296 292 2525
f 296 2525 2526
f 2673 2674 2675
f 2676 2677 2678
f 2679 2680 2681
f 2681 2680 2682
f 2681 2682 2683
f 2683 2682 2684
f 2683 2684 2601
f 2601 2684 2569
f 2685 2686 2687
f 2687 2688 2685
f 2685 2688 2689
f 2685 2689 2679
f 2679 2689 2690
f 2679 2690 2680
f 2677 2686 2678
f 2678 2686 2685
f 2678 2685 2691
f 2691 2685 2679
f 2691 2679 2692
f 2692 2679 2681
f 2692 2681 2693
f 2693 2681 2683
f 2693 2683 2603
f 2603 2683 2601
f 2694 2676 2695
f 2695 2676 2678
f 2695 2678 2696
f 2696 2678 2691
f 2696 2691 2697
f 2697 2691 2692
f 2697 2692 2698
f 2698 2692 2693
f 2698 2693 2604
f 2604 2693 2603
f 2699 2694 2700
f 2700 2694 2695
f 2700 2695 2701
f 2701 2695 2696
f 2701 2696 2702
f 2702 2696 2697
f 2702 2697 2703
f 2703 2697 2698
f 2703 2698 2602
f 2602 2698 2604
f 2674 2699 2675
f 2675 2699 2700
f 2675 2700 2704
f 2704 2700 2701
f 2704 2701 2705
f 2705 2701 2702
f 2705 2702 2706
f 2706 2702 2703
f 2706 2703 2600
f 2600 2703 2602
f 2707 2673 2708
f 2708 2673 2675
f 2708 2675 2709
f 2709 2675 2704
f 2709 2704 2710
f 2710 2704 2705
f 2710 2705 2711
f 2711 2705 2706
f 2711 2706 2599
f 2599 2706 2600
f 2712 2707 2713
f 2713 2707 2708
f 2713 2708 2714
f 2714 2708 2709
f 2714 2709 2715
f 2715 2709 2710
f 2715 2710 2716
f 2716 2710 2711
f 2716 2711 2605
f 2605 2711 2599
f 2562 2712 2669
f 2669 2712 2713
f 2669 2713 2670
f 2670 2713 2714
f 2670 2714 2672
f 2672 2714 2715
f 2672 2715 2671
f 2671 2715 2716
f 2671 2716 2571
f 2571 2716 2605
f 2687 2717 2688
f 2688 2717 2718
f 2688 2718 2689
f 2689 2718 2719
f 2689 2719 2690
f 2690 2719 2720
f 2690 2720 2680
f 2680 2720 2721
f 2680 2721 2682
f 2682 2721 2722
f 2682 2722 2684
f 2684 2722 2723
f 2684 2723 2569
f 2569 2723 2570
f 2724 2725 2581
f 2723 2722 2726
f 2727 2728 2729
f 2729 2728 2730
f 2729 2730 2731
f 2732 2733 2734
f 2734 2733 2735
f 2736 2737 2738
f 2738 2737 2739
f 2738 2739 2740
f 2573 2572 2741
f 2741 2572 2570
f 2741 2570 2723
f 2723 2726 2741
f 2741 2726 2742
f 2741 2742 2743
f 2743 2742 2744
f 2743 2744 2745
f 2745 2744 2746
f 2745 2746 2747
f 2748 2746 2749
f 2749 2746 2744
f 2749 2744 2750
f 2750 2744 2742
f 2750 2742 2751
f 2751 2742 2726
f 2751 2726 2721
f 2721 2726 2722
f 2752 2725 2753
f 2753 2725 2724
f 2753 2724 2754
f 2754 2724 2755
f 2754 2755 2756
f 2756 2755 2757
f 2758 2752 2759
f 2759 2752 2753
f 2759 2753 2760
f 2760 2753 2754
f 2760 2754 2761
f 2761 2754 2756
f 2762 2763 2764
f 2764 2763 2718
f 2764 2718 2717
f 2762 2765 2763
f 2763 2765 2766
f 2763 2766 2767
f 2766 2768 2767
f 2767 2768 2769
f 2767 2769 2736
f 2736 2769 2770
f 2736 2770 2737
f 2720 2719 2771
f 2771 2719 2772
f 2771 2772 2773
f 2773 2772 2774
f 2773 2774 2775
f 2775 2774 2776
f 2775 2776 2777
f 2777 2776 2778
f 2777 2778 2779
f 2779 2778 2780
f 2779 2780 2734
f 2734 2780 2781
f 2734 2781 2732
f 2719 2718 2772
f 2772 2718 2763
f 2772 2763 2774
f 2774 2763 2767
f 2774 2767 2776
f 2776 2767 2736
f 2776 2736 2778
f 2778 2736 2738
f 2778 2738 2780
f 2780 2738 2740
f 2780 2740 2781
f 2581 2580 2724
f 2724 2580 2579
f 2724 2579 2755
f 2755 2579 2578
f 2755 2578 2757
f 2757 2578 2577
f 2757 2577 2596
f 2573 2741 2574
f 2574 2741 2743
f 2574 2743 2575
f 2575 2743 2745
f 2575 2745 2576
f 2576 2745 2747
f 2576 2747 2595
f 2731 2758 2729
f 2729 2758 2759
f 2729 2759 2727
f 2727 2759 2760
f 2727 2760 2782
f 2782 2760 2761
f 2782 2761 2748
f 2748 2761 2756
f 2748 2756 2746
f 2746 2756 2757
f 2746 2757 2747
f 2747 2757 2596
f 2747 2596 2595
f 2721 2720 2751
f 2751 2720 2771
f 2751 2771 2750
f 2750 2771 2773
f 2750 2773 2749
f 2749 2773 2775
f 2749 2775 2748
f 2748 2775 2777
f 2748 2777 2782
f 2782 2777 2779
f 2782 2779 2727
f 2727 2779 2734
f 2727 2734 2728
f 2728 2734 2735
f 2728 2735 2730
f 2582 2581 2783
f 2783 2581 2725
f 2783 2725 2784
f 2784 2725 2752
f 2784 2752 2785
f 2785 2752 2758
f 2785 2758 2786
f 2786 2758 2731
f 2786 2731 2787
f 2787 2731 2730
f 2787 2730 2788
f 2588 2598 2789
f 2790 2583 2582
f 2791 2792 2793
f 2792 2791 2794
f 2794 2791 2795
f 2794 2795 2796
f 2796 2795 2797
f 2796 2797 2798
f 2798 2797 2799
f 2798 2799 2800
f 2800 2799 2801
f 2801 2799 2787
f 2801 2787 2788
f 2783 2784 2802
f 2802 2784 2785
f 2802 2785 2803
f 2790 2804 2805
f 2805 2804 2806
f 2805 2806 2807
f 2807 2806 2808
f 2807 2808 2809
f 2810 2808 2811
f 2811 2808 2806
f 2811 2806 2812
f 2812 2806 2804
f 2618 2813 2620
f 2620 2813 2814
f 2620 2814 2621
f 2621 2814 2815
f 2621 2815 2623
f 2623 2815 2625
f 2816 2817 2818
f 2818 2817 2819
f 2819 2820 2821
f 2821 2820 2822
f 2823 2824 2825
f 2826 2827 2828
f 2828 2827 2829
f 2828 2829 2830
f 2830 2829 2831
f 2830 2831 2832
f 2832 2831 2833
f 2832 2833 2789
f 2789 2833 2589
f 2789 2589 2588
f 2613 2615 2826
f 2826 2615 2626
f 2826 2626 2827
f 2598 2809 2789
f 2789 2809 2808
f 2789 2808 2832
f 2832 2808 2810
f 2832 2810 2830
f 2830 2810 2834
f 2830 2834 2828
f 2828 2834 2835
f 2828 2835 2826
f 2826 2835 2823
f 2826 2823 2613
f 2613 2823 2825
f 2613 2825 1410
f 2785 2786 2803
f 2803 2786 2836
f 2803 2836 2837
f 2819 2821 2818
f 2818 2821 2838
f 2818 2838 2839
f 2839 2838 2840
f 2839 2840 2841
f 2841 2840 2842
f 2841 2842 2837
f 2837 2842 2843
f 2837 2843 2803
f 2786 2787 2836
f 2836 2787 2799
f 2836 2799 2837
f 2837 2799 2797
f 2837 2797 2841
f 2841 2797 2795
f 2841 2795 2839
f 2839 2795 2791
f 2839 2791 2818
f 2818 2791 2793
f 2818 2793 2816
f 2618 2592 2813
f 2813 2592 2591
f 2813 2591 2590
f 2598 2597 2809
f 2809 2597 2587
f 2809 2587 2807
f 2807 2587 2586
f 2807 2586 2805
f 2805 2586 2585
f 2805 2585 2790
f 2790 2585 2584
f 2790 2584 2583
f 2626 2625 2827
f 2827 2625 2815
f 2827 2815 2829
f 2829 2815 2814
f 2829 2814 2831
f 2831 2814 2813
f 2831 2813 2833
f 2833 2813 2590
f 2833 2590 2589
f 2582 2783 2790
f 2790 2783 2802
f 2790 2802 2804
f 2804 2802 2803
f 2804 2803 2812
f 2812 2803 2843
f 2812 2843 2811
f 2811 2843 2842
f 2811 2842 2810
f 2810 2842 2840
f 2810 2840 2834
f 2834 2840 2838
f 2834 2838 2835
f 2835 2838 2821
f 2835 2821 2823
f 2823 2821 2822
f 2823 2822 2824
f 2844 2845 2846
f 2846 2845 2847
f 2848 2849 226
f 226 2849 2850
f 2851 2852 2845
f 2845 2852 2853
f 2845 2853 2847
f 226 2854 2848
f 2848 2854 2855
f 2848 2855 2856
f 2856 2855 2857
f 2856 2857 2858
f 2858 2857 2859
f 2858 2859 2860
f 2851 2861 2852
f 2852 2861 2862
f 2852 2862 2863
f 2844 2846 2864
f 2864 2846 2865
f 2864 2865 2866
f 2866 2865 2867
f 2866 2867 2850
f 2850 2867 227
f 2850 227 226
f 204 2868 205
f 205 2868 2869
f 205 2869 2863
f 2863 2869 2870
f 2863 2870 2852
f 2871 2872 2873
f 33 2874 2875
f 2876 2877 2878
f 2878 2877 2879
f 2878 2879 2872
f 2872 2879 2880
f 2872 2880 2873
f 2875 2874 2878
f 2878 2874 2881
f 2878 2881 2876
f 2871 2873 2882
f 2882 2873 2883
f 2882 2883 2884
f 2885 2886 2887
f 2887 2886 2888
f 2887 2888 2883
f 2883 2888 2889
f 2883 2889 2884
f 2890 2891 2892
f 2892 2891 2893
f 2892 2893 2894
f 2894 2893 2895
f 2894 2895 2887
f 2887 2895 2896
f 2887 2896 2885
f 2897 2898 2892
f 2892 2898 2899
f 2892 2899 2890
f 2897 2892 2900
f 2900 2892 2901
f 2900 2901 2902
f 2902 2901 2903
f 2902 2903 2904
f 2904 2903 2905
f 2904 2905 2906
f 2907 2908 2909
f 2909 2908 2910
f 2909 2910 2905
f 2905 2910 2911
f 2905 2911 2906
f 2907 2909 2912
f 2912 2909 2913
f 2912 2913 2914
f 2914 2915 2912
f 2912 2915 2916
f 2912 2916 2917
f 2917 2916 2918
f 2917 2918 2919
f 2919 2918 2858
f 2863 2920 2921
f 2921 2920 2922
f 2922 2920 2923
f 2922 2923 2924
f 2924 2923 2925
f 2925 2923 2926
f 2925 2926 2927
f 2927 2926 2928
f 2928 2926 2929
f 2928 2929 2930
f 2931 2932 2933
f 2933 2934 2931
f 2931 2934 2935
f 2931 2935 2929
f 2929 2935 2936
f 2929 2936 2930
f 53 2937 2938
f 2938 2937 2939
f 2938 2939 2932
f 2932 2939 2940
f 2932 2940 2933
f 2941 205 2863
f 2863 2921 2941
f 2941 2921 2922
f 2941 2922 2942
f 2942 2922 2924
f 2942 2924 2943
f 2944 2945 2943
f 2924 2925 2943
f 2943 2925 2927
f 2943 2927 2944
f 2944 2927 2928
f 2944 2928 2930
f 2946 2947 2935
f 2935 2947 2948
f 2935 2948 2936
f 2949 2944 2948
f 2948 2944 2930
f 2948 2930 2936
f 2950 2951 2952
f 2952 2951 2953
f 2952 2953 2954
f 2954 2953 2955
f 2954 2955 2956
f 2956 2955 2957
f 2956 2957 2958
f 2958 2957 2959
f 2958 2959 2960
f 2960 2959 2961
f 2960 2961 2949
f 2949 2961 2962
f 2949 2962 2944
f 2963 2964 2965
f 2965 2964 2950
f 2965 2950 2966
f 2966 2950 2952
f 2933 2940 2967
f 2935 2934 2946
f 2946 2934 2933
f 2946 2933 2968
f 2968 2933 2967
f 53 27 2937
f 2937 27 2967
f 2937 2967 2939
f 2939 2967 2940
f 2969 2970 2911
f 2971 2972 2973
f 2974 2975 2878
f 2974 2878 2976
f 2977 31 33
f 2975 2978 2878
f 2878 2978 2977
f 2878 2977 2875
f 2875 2977 33
f 2973 2976 2971
f 2971 2976 2878
f 2971 2878 2979
f 2979 2878 2872
f 2979 2872 2980
f 2980 2872 2871
f 2980 2871 2981
f 2981 2871 2882
f 2981 2882 2982
f 2982 2882 2884
f 2896 2895 2983
f 2884 2889 2982
f 2982 2889 2888
f 2982 2888 2984
f 2984 2888 2886
f 2984 2886 2985
f 2985 2886 2983
f 2983 2886 2885
f 2983 2885 2896
f 2895 2893 2983
f 2983 2893 2891
f 2983 2891 2986
f 2899 2987 2890
f 2890 2987 2988
f 2890 2988 2891
f 2891 2988 2989
f 2891 2989 2986
f 2987 2990 2988
f 2988 2990 2991
f 2988 2991 2992
f 2992 2991 2993
f 2994 2995 2996
f 2996 2995 2997
f 2996 2997 2993
f 2993 2997 2998
f 2993 2998 2992
f 2898 2999 2899
f 2899 2999 3000
f 2899 3000 2987
f 2898 2897 2999
f 2999 2897 2900
f 2999 2900 2902
f 3001 3002 2902
f 2902 3002 3003
f 2902 3003 2999
f 2911 2970 2906
f 3001 2902 2970
f 2970 2902 2904
f 2970 2904 2906
f 2908 2907 3004
f 3004 2907 2912
f 3004 2912 3005
f 2969 2911 3004
f 3004 2911 2910
f 3004 2910 2908
f 2858 2860 2919
f 2919 2860 3006
f 2919 3006 2917
f 2917 3006 3007
f 2917 3007 3008
f 3009 3010 134
f 3008 3009 2917
f 2917 3009 134
f 2917 134 2912
f 2912 134 162
f 2912 162 3005
f 3010 3011 134
f 134 3011 3012
f 134 3012 135
f 1392 1393 3013
f 1392 3013 3014
f 3015 3016 3017
f 3017 3016 3014
f 3017 3014 3018
f 3018 3014 3013
f 3019 1453 3020
f 3021 3022 3023
f 3023 3022 3024
f 3025 3021 3020
f 3020 3021 3023
f 3020 3023 3019
f 3019 3023 3024
f 3019 3024 3026
f 1398 1397 3027
f 3027 1397 3028
f 3027 3028 3029
f 3029 3028 3030
f 3030 3028 3031
f 3030 3031 3032
f 1454 1453 3019
f 3028 1397 1459
f 1459 1458 3028
f 3028 1458 1457
f 3028 1457 1456
f 1454 3019 1455
f 1456 1455 3028
f 3028 1455 3019
f 3028 3019 3031
f 3031 3019 3026
f 2414 2415 3033
f 3033 2415 3034
f 3033 3034 3035
f 3035 3034 3036
f 3036 3034 3037
f 3036 3037 3038
f 3039 3040 3041
f 3041 1413 3042
f 3039 3041 3043
f 3043 3041 3042
f 3043 3042 3044
f 1423 1392 3014
f 1413 1445 3042
f 3042 1445 1415
f 3014 1415 1417
f 1417 1419 3014
f 3014 1419 1421
f 3014 1421 1423
f 1415 3014 3042
f 3042 3014 3016
f 3042 3016 3044
f 3045 3046 3047
f 3048 3049 3050
f 3051 3052 3053
f 3053 3052 3054
f 3054 3052 3055
f 3055 3052 3056
f 3055 3056 3057
f 3056 3058 3057
f 3057 3058 3059
f 3057 3059 3060
f 3061 3062 3063
f 3063 3062 3064
f 3063 3064 3059
f 3059 3064 3065
f 3059 3065 3060
f 2945 3066 3067
f 3067 3066 3068
f 3067 3068 3048
f 3048 3068 3069
f 3048 3069 3049
f 3050 3049 3070
f 3070 3049 3071
f 3070 3071 3072
f 3047 3046 3073
f 3073 3046 3074
f 3073 3074 3075
f 3076 3077 3078
f 3072 3071 3045
f 3045 3071 3079
f 3045 3079 3046
f 3046 3079 3076
f 3046 3076 3074
f 3074 3076 3078
f 3074 3078 3075
f 3051 3077 3052
f 3052 3077 3076
f 3052 3076 3056
f 3056 3076 3079
f 3056 3079 3058
f 3058 3079 3071
f 3058 3071 3059
f 3059 3071 3049
f 3059 3049 3063
f 3063 3049 3069
f 3063 3069 3061
f 3080 1518 3081
f 3081 1518 1517
f 3081 1517 3082
f 3083 2401 3084
f 3084 2401 2393
f 3084 2393 3080
f 3080 2393 1535
f 3080 1535 1518
f 2299 2316 2315
f 2417 2300 2299
f 2417 2299 2425
f 1515 1520 2425
f 2425 2299 1515
f 1515 2299 2315
f 1515 2315 1516
f 1516 2315 3082
f 1516 3082 1517
f 3085 3086 3087
f 3088 3089 3090
f 3081 3082 3091
f 3092 3090 3093
f 3092 3093 3094
f 3094 3093 3095
f 3094 3095 3087
f 3087 3095 3096
f 3087 3096 3085
f 3088 3090 3091
f 3091 3090 3092
f 3091 3092 3081
f 3081 3092 3094
f 3081 3094 3080
f 3080 3094 3087
f 3080 3087 3084
f 3084 3087 3086
f 3084 3086 3083
f 3097 3090 3089
f 3098 3099 3100
f 3100 3099 3101
f 3100 3101 3102
f 3102 3101 3103
f 3102 3103 3104
f 3104 3103 3105
f 3104 3105 3106
f 3100 3107 3098
f 3098 3107 3108
f 3098 3108 3109
f 3109 3108 3110
f 3109 3110 3111
f 3095 3093 3112
f 3112 3093 3113
f 3112 3113 3114
f 3114 3113 3115
f 3114 3115 3116
f 3115 3117 3116
f 3116 3117 3118
f 3116 3118 3111
f 3111 3118 3119
f 3111 3119 3109
f 3089 3120 3097
f 3097 3120 3121
f 3097 3121 3122
f 3122 3121 3123
f 3122 3123 3124
f 3093 3090 3113
f 3113 3090 3097
f 3113 3097 3115
f 3115 3097 3122
f 3115 3122 3117
f 3117 3122 3124
f 3117 3124 3118
f 3125 3126 3106
f 3106 3126 3127
f 3106 3127 3104
f 3104 3127 3128
f 3104 3128 3102
f 3102 3128 3129
f 3102 3129 3100
f 3100 3129 3130
f 3100 3130 3107
f 2563 3125 3131
f 3131 3125 3106
f 3131 3106 3132
f 3132 3106 3105
f 3110 3133 3111
f 3111 3133 3134
f 3111 3134 3116
f 3116 3134 3135
f 3116 3135 3114
f 3114 3135 3136
f 3114 3136 3112
f 3112 3136 3096
f 3112 3096 3095
f 3124 3137 3118
f 3118 3137 3138
f 3118 3138 3119
f 3119 3138 3139
f 3119 3139 3109
f 3109 3139 3140
f 3109 3140 3098
f 3098 3140 3141
f 3098 3141 3099
f 2557 2541 3142
f 2557 3142 2544
f 2544 3142 3143
f 2544 3143 2545
f 2545 3143 3144
f 2545 3144 2549
f 2549 3144 3145
f 2549 3145 2550
f 2550 3145 3146
f 2550 3146 2542
f 2542 3146 2543
f 2543 3146 3147
f 2543 3147 2565
f 2565 3147 3148
f 2565 3148 2564
f 3148 3149 2564
f 2564 3149 3125
f 2564 3125 2563
f 3126 3125 3150
f 3150 3125 3149
f 3150 3149 3151
f 3151 3149 3148
f 3151 3148 3152
f 3152 3148 3147
f 3152 3147 3153
f 3153 3147 3146
f 3153 3146 3154
f 3154 3146 3145
f 3154 3145 3155
f 3155 3145 3144
f 3155 3144 3156
f 3156 3144 3143
f 3156 3143 3157
f 3157 3143 3142
f 2541 2559 3142
f 3142 2559 3158
f 3142 3158 3157
f 3157 3158 3159
f 3160 3161 3162
f 2555 2554 3163
f 3163 2554 2560
f 3163 2560 3164
f 3164 2560 2567
f 3164 2567 3165
f 3165 2567 2566
f 3166 2547 2546
f 2555 3163 2546
f 2546 3163 3167
f 2546 3167 3166
f 2548 3168 2551
f 2551 3168 3169
f 2551 3169 2552
f 2552 3169 3170
f 2552 3170 2553
f 2553 3170 3171
f 2553 3171 2558
f 3172 3159 3158
f 2559 2558 3158
f 3158 2558 3171
f 3158 3171 3172
f 3172 3171 3170
f 3172 3170 3173
f 3173 3170 3169
f 3173 3169 3174
f 3174 3169 3168
f 3174 3168 3166
f 3166 3168 2548
f 3166 2548 2547
f 3175 3176 3177
f 3177 3176 3178
f 3177 3178 3179
f 3179 3178 3180
f 3181 3182 3183
f 3183 3182 3160
f 3183 3160 3184
f 3184 3160 3162
f 3165 3185 3164
f 3164 3185 3180
f 3164 3180 3163
f 3163 3180 3178
f 3163 3178 3167
f 3167 3178 3176
f 3167 3176 3166
f 3166 3176 3175
f 3166 3175 3174
f 3181 3179 3182
f 3182 3179 3180
f 3182 3180 3160
f 3160 3180 3185
f 3160 3185 3161
f 3161 3185 3165
f 3161 3165 3186
f 3186 3165 2566
f 3187 3188 3189
f 3186 2566 3190
f 3188 3187 3191
f 1402 3192 3193
f 3193 3192 3194
f 3193 3194 3195
f 3195 3194 3196
f 3195 3196 3197
f 3197 3196 3198
f 3199 3200 3201
f 3201 3200 3202
f 3201 3202 3203
f 3204 3205 3206
f 3207 3189 3208
f 3208 3209 3207
f 3207 3209 3210
f 3207 3210 3211
f 3211 3210 3212
f 3211 3212 3213
f 3213 3212 3214
f 3213 3214 3215
f 3215 3214 3216
f 3215 3216 3217
f 3217 3216 3218
f 3217 3218 3161
f 3161 3218 3162
f 3213 3219 3211
f 3211 3219 3220
f 3211 3220 3207
f 3207 3220 3221
f 3161 3186 3217
f 3217 3186 3190
f 3217 3190 3215
f 3215 3190 3222
f 3215 3222 3213
f 3213 3222 3223
f 3213 3223 3219
f 3205 3204 3224
f 3192 3199 3194
f 3194 3199 3201
f 3194 3201 3196
f 3196 3201 3203
f 3196 3203 3198
f 3198 3203 3191
f 3198 3191 3225
f 3225 3191 3187
f 3200 3224 3202
f 3202 3224 3204
f 3202 3204 3203
f 3203 3204 3206
f 3203 3206 3191
f 3191 3206 3226
f 3191 3226 3188
f 3188 3226 3227
f 3188 3227 3189
f 3189 3227 3228
f 3189 3228 3208
f 3221 3229 3207
f 3207 3229 3230
f 3207 3230 3189
f 3189 3230 3231
f 3189 3231 3187
f 3187 3231 3232
f 3187 3232 3225
f 3225 3232 3233
f 3225 3233 3198
f 3198 3233 3234
f 3198 3234 3197
f 1406 1398 3027
f 1402 1401 3235
f 3235 1401 1405
f 3235 1405 1406
f 1406 3027 3235
f 3235 3027 3029
f 3235 3029 3236
f 3236 3029 3030
f 3236 3030 3237
f 3237 3030 3032
f 3237 3032 3238
f 1402 3235 3192
f 3192 3235 3236
f 3192 3236 3199
f 3199 3236 3237
f 3199 3237 3200
f 3200 3237 3238
f 3200 3238 3224
f 3239 2406 2407
f 2405 2406 3240
f 3240 2406 3239
f 3240 3239 3241
f 3242 3243 3244
f 3242 3244 3245
f 3246 158 3247
f 3247 158 157
f 3247 157 3248
f 3248 157 156
f 3248 156 3249
f 3249 156 141
f 3250 3246 3251
f 3251 3246 3247
f 3251 3247 3252
f 3252 3247 3248
f 3252 3248 3244
f 3244 3248 3249
f 3244 3249 3245
f 3245 3249 141
f 3245 141 140
f 3253 3250 3254
f 3254 3250 3251
f 3254 3251 3255
f 3255 3251 3252
f 3255 3252 3256
f 3256 3252 3244
f 3256 3244 3257
f 3257 3244 3243
f 3258 3253 3259
f 3259 3253 3254
f 3259 3254 3260
f 3260 3254 3255
f 3260 3255 3261
f 3261 3255 3256
f 3261 3256 3262
f 3262 3256 3257
f 3263 3264 3265
f 3266 3267 3268
f 3269 3270 3271
f 3271 3270 3272
f 3271 3272 3273
f 3270 3274 3272
f 3272 3274 3275
f 3272 3275 3276
f 3267 3266 3277
f 3278 3263 3279
f 3279 3263 3265
f 3279 3265 3280
f 3280 3265 3281
f 3280 3281 3282
f 3282 3281 3283
f 3044 3273 3043
f 3043 3273 3272
f 3043 3272 3039
f 3039 3272 3276
f 3039 3276 3040
f 3284 3264 3285
f 3285 3264 3263
f 3285 3263 3268
f 3268 3263 3278
f 3268 3278 3266
f 3044 3277 3273
f 3273 3277 3266
f 3273 3266 3271
f 3271 3266 3278
f 3271 3278 3269
f 3269 3278 3279
f 3269 3279 3270
f 3270 3279 3280
f 3270 3280 3274
f 3274 3280 3282
f 2409 2412 3286
f 3286 2412 3287
f 3286 3287 3288
f 3288 3287 3289
f 2412 2396 3287
f 3287 2396 2395
f 3287 2395 3289
f 3289 2395 2402
f 3290 3291 3292
f 3293 3294 3295
f 3296 3297 3298
f 3299 3300 3297
f 3301 3302 3303
f 3303 3302 3304
f 3303 3304 3293
f 3305 3290 3306
f 3306 3290 3292
f 3306 3292 3301
f 3295 3307 3308
f 3308 3307 3309
f 3308 3309 3310
f 3310 3309 3311
f 3310 3311 3312
f 3291 3313 3292
f 3292 3313 3314
f 3292 3314 3301
f 3301 3314 3296
f 3301 3296 3302
f 3302 3296 3298
f 3302 3298 3304
f 3297 3296 3299
f 3299 3296 3314
f 3299 3314 3315
f 3315 3314 3313
f 3315 3313 3316
f 3293 3295 3303
f 3303 3295 3308
f 3303 3308 3301
f 3301 3308 3310
f 3301 3310 3306
f 3306 3310 3312
f 3306 3312 3305
f 3317 3318 3319
f 3320 2947 3319
f 3321 3322 3323
f 3323 3322 3324
f 3323 3324 3325
f 3324 3326 3325
f 3325 3326 3327
f 3325 3327 3328
f 3328 3327 3329
f 3328 3329 3330
f 3331 3332 3333
f 3334 3335 3332
f 3336 3337 3335
f 3335 3334 3336
f 3336 3334 3338
f 3336 3338 3339
f 3340 3341 3342
f 3342 3341 3343
f 3318 3317 3342
f 3342 3317 3344
f 3342 3344 3340
f 3332 3331 3334
f 3334 3331 3343
f 3334 3343 3338
f 3338 3343 3341
f 3338 3341 3339
f 3345 3330 3346
f 3346 3330 3329
f 3346 3329 3333
f 3333 3329 3327
f 3333 3327 3331
f 3331 3327 3326
f 3331 3326 3343
f 3343 3326 3324
f 3343 3324 3342
f 3342 3324 3322
f 3342 3322 3318
f 3318 3322 3321
f 3318 3321 3319
f 3319 3321 3347
f 3319 3347 3320
f 3348 3349 2409
f 3335 3337 3350
f 3350 3351 3335
f 3335 3351 3352
f 3335 3352 3332
f 2409 3286 3348
f 3348 3286 3288
f 3348 3288 3353
f 3353 3288 3289
f 3353 3289 3354
f 3355 3349 3356
f 3356 3349 3348
f 3356 3348 3357
f 3357 3348 3353
f 3357 3353 3358
f 3358 3353 3354
f 3350 3355 3351
f 3351 3355 3356
f 3351 3356 3352
f 3352 3356 3357
f 3352 3357 3359
f 3359 3357 3358
f 3289 2402 3354
f 3354 2402 3360
f 3354 3360 3358
f 3358 3360 3361
f 3358 3361 3359
f 3359 3361 3362
f 3359 3362 3363
f 3332 3352 3333
f 3333 3352 3359
f 3333 3359 3346
f 3346 3359 3363
f 3346 3363 3345
f 3364 2963 3365
f 3366 3367 3368
f 3368 3367 3369
f 3369 2949 2948
f 3370 3371 3372
f 3372 3371 3373
f 3372 3373 3374
f 3321 3368 3347
f 3347 3368 3369
f 3347 3369 3320
f 3320 3369 2948
f 3320 2948 2947
f 3375 3376 3377
f 3377 3376 3325
f 3377 3325 3328
f 2963 2965 3378
f 3378 2965 2966
f 3365 2963 3378
f 2949 3369 2960
f 2960 3369 3367
f 2960 3367 2958
f 2958 3367 3366
f 2958 3366 2956
f 2956 3366 3379
f 2956 3379 2954
f 2954 3379 3380
f 2954 3380 2952
f 2952 3380 3381
f 2952 3381 2966
f 2966 3381 3382
f 2966 3382 3378
f 3383 3384 3385
f 3385 3384 3330
f 3385 3330 3345
f 3386 3387 3388
f 3388 3387 3389
f 3388 3389 3390
f 3390 3389 3391
f 3390 3391 3392
f 3392 3391 3374
f 3392 3374 3375
f 3375 3374 3373
f 3375 3373 3376
f 3376 3373 3371
f 3376 3371 3325
f 3325 3371 3370
f 3325 3370 3323
f 3393 3386 3394
f 3394 3386 3388
f 3394 3388 3395
f 3395 3388 3390
f 3395 3390 3396
f 3396 3390 3392
f 3396 3392 3397
f 3397 3392 3375
f 3397 3375 3383
f 3383 3375 3377
f 3383 3377 3384
f 3384 3377 3328
f 3384 3328 3330
f 3321 3323 3368
f 3368 3323 3370
f 3368 3370 3366
f 3366 3370 3372
f 3366 3372 3379
f 3379 3372 3374
f 3379 3374 3380
f 3380 3374 3391
f 3380 3391 3381
f 3381 3391 3389
f 3381 3389 3382
f 3382 3389 3387
f 3382 3387 3378
f 3378 3387 3386
f 3378 3386 3365
f 3365 3386 3393
f 3365 3393 3364
f 2972 2971 3398
f 3398 2971 3399
f 3398 3399 3400
f 3400 3399 3401
f 3402 107 112
f 3403 3402 3404
f 3404 3402 112
f 3404 112 3405
f 3405 112 111
f 3405 111 3406
f 3406 111 88
f 3406 88 3407
f 3407 88 98
f 3407 98 3408
f 3408 98 92
f 3408 92 3409
f 3409 92 94
f 3409 94 3399
f 3399 94 96
f 3399 96 3401
f 3403 3404 3410
f 3410 3404 3405
f 3410 3405 3411
f 3411 3405 3406
f 3411 3406 3412
f 3412 3406 3407
f 3412 3407 3413
f 3413 3407 3408
f 3413 3408 3414
f 3414 3408 3409
f 3414 3409 3415
f 3415 3409 3399
f 3415 3399 3416
f 3416 3399 2971
f 3416 2971 2979
f 2968 2967 3417
f 3418 3419 3420
f 3421 3422 3423
f 3423 3422 109
f 3423 109 108
f 2947 3424 3319
f 3319 3424 3425
f 3319 3425 3317
f 3317 3425 3426
f 3317 3426 3344
f 3344 3426 3427
f 3344 3427 3340
f 3340 3427 3428
f 3340 3428 3341
f 3341 3428 3429
f 3341 3429 3339
f 3339 3429 3418
f 3339 3418 3336
f 3336 3418 3420
f 3336 3420 3337
f 2947 2946 3424
f 3424 2946 3430
f 3424 3430 3425
f 3425 3430 3431
f 3425 3431 3426
f 3426 3431 3432
f 3426 3432 3427
f 3427 3432 3433
f 3427 3433 3428
f 3428 3433 3434
f 3428 3434 3429
f 3429 3434 3435
f 3429 3435 3418
f 3418 3435 3436
f 3418 3436 3419
f 3419 3436 3421
f 2946 2968 3430
f 3430 2968 3417
f 3430 3417 3431
f 3431 3417 3437
f 3431 3437 3432
f 3432 3437 3438
f 3432 3438 3433
f 3433 3438 3439
f 3433 3439 3434
f 3434 3439 3440
f 3434 3440 3435
f 3435 3440 3441
f 3435 3441 3436
f 3421 3436 3422
f 3422 3436 3441
f 3422 3441 109
f 109 3441 3440
f 109 3440 110
f 110 3440 3439
f 110 3439 101
f 101 3439 3438
f 101 3438 102
f 102 3438 3437
f 102 3437 104
f 104 3437 3417
f 104 3417 99
f 99 3417 2967
f 99 2967 27
f 3442 2997 3443
f 3443 2997 2995
f 2998 2997 3444
f 3444 2997 3442
f 3444 3442 3445
f 3445 3442 3446
f 3447 3446 3448
f 3448 3446 3442
f 3448 3442 3449
f 3449 3442 3443
f 3450 3451 3452
f 3449 3443 3453
f 3454 3455 3456
f 3456 3455 3457
f 3456 3457 3458
f 3458 3457 3459
f 3458 3459 3460
f 3460 3459 3450
f 3460 3450 3461
f 3461 3450 3452
f 3462 3463 3453
f 3453 3463 3464
f 3453 3464 3449
f 3451 3462 3452
f 3452 3462 3453
f 3452 3453 3465
f 3465 3453 3443
f 3465 3443 2995
f 3466 3467 3454
f 3454 3467 3455
f 3468 3469 3470
f 3467 3466 3471
f 3471 3466 3472
f 3471 3472 3473
f 3473 3472 3474
f 3473 3474 3475
f 3475 3474 3476
f 3475 3476 3477
f 3478 3469 3479
f 3479 3469 3468
f 3479 3468 2994
f 3476 3480 3477
f 3477 3480 3481
f 3477 3481 3470
f 3470 3481 3482
f 3470 3482 3468
f 3468 3482 3483
f 3468 3483 2994
f 3484 3485 3486
f 3487 3488 3489
f 3479 2994 3489
f 3489 2994 2996
f 3489 2996 3487
f 3487 2996 2993
f 3478 3479 3486
f 3486 3479 3489
f 3486 3489 3484
f 3484 3489 3488
f 3490 3491 3239
f 3299 3315 3492
f 3300 3299 3493
f 3493 3299 3492
f 3493 3492 3494
f 3494 3492 3495
f 3494 3495 3496
f 3497 3490 3498
f 3498 3490 3239
f 3498 3239 3499
f 3499 3239 2407
f 3499 2407 3500
f 3501 3502 3503
f 3503 3502 3504
f 3315 3316 3492
f 3492 3316 3505
f 3492 3505 3495
f 3495 3505 3506
f 3502 3507 3504
f 3504 3507 3508
f 3504 3508 3497
f 3497 3508 3509
f 3497 3509 3490
f 3490 3509 3510
f 3490 3510 3491
f 3491 3510 3511
f 3491 3511 3239
f 3239 3511 3241
f 3500 3496 3499
f 3499 3496 3495
f 3499 3495 3498
f 3498 3495 3506
f 3498 3506 3497
f 3497 3506 3505
f 3497 3505 3504
f 3504 3505 3316
f 3504 3316 3503
f 3512 203 232
f 3073 3075 3513
f 3514 3512 3515
f 3515 3512 232
f 3515 232 3516
f 3516 232 231
f 3516 231 3517
f 3517 231 213
f 3517 213 3518
f 3518 213 214
f 3518 214 3519
f 3519 214 217
f 3519 217 3520
f 3520 217 207
f 3520 207 3521
f 3522 3514 3523
f 3523 3514 3515
f 3523 3515 3524
f 3524 3515 3516
f 3524 3516 3525
f 3525 3516 3517
f 3525 3517 3526
f 3526 3517 3518
f 3526 3518 3527
f 3527 3518 3519
f 3527 3519 3528
f 3528 3519 3520
f 3528 3520 3529
f 3529 3520 3521
f 3529 3530 3528
f 3528 3530 3531
f 3528 3531 3527
f 3527 3531 3532
f 3527 3532 3526
f 3526 3532 3533
f 3526 3533 3525
f 3525 3533 3534
f 3525 3534 3524
f 3524 3534 3535
f 3524 3535 3523
f 3523 3535 3536
f 3523 3536 3522
f 3067 3048 3530
f 3530 3048 3050
f 3530 3050 3531
f 3531 3050 3070
f 3531 3070 3532
f 3532 3070 3072
f 3532 3072 3533
f 3533 3072 3045
f 3533 3045 3534
f 3534 3045 3047
f 3534 3047 3535
f 3535 3047 3073
f 3535 3073 3536
f 3536 3073 3513
f 3536 3513 3522
f 2945 3067 2943
f 2943 3067 3530
f 2943 3530 2942
f 2942 3530 3529
f 2942 3529 2941
f 2941 3529 3521
f 2941 3521 205
f 205 3521 207
f 2448 2405 3240
f 3034 2415 2444
f 2448 3240 2447
f 2444 2445 3034
f 3034 2445 2446
f 3034 2446 2447
f 2447 3240 3034
f 3034 3240 3241
f 3034 3241 3037
f 3537 3538 3539
f 3068 3066 3540
f 2950 3541 3542
f 3543 3544 3545
f 3545 3544 3546
f 3545 3546 3547
f 3547 3546 3548
f 3547 3548 2964
f 3057 3060 3549
f 3549 3060 3550
f 3549 3550 3551
f 3551 3550 3552
f 3551 3552 3553
f 3053 3054 3554
f 3554 3054 3555
f 3555 3556 3557
f 3557 3556 3558
f 3557 3558 3559
f 3054 3055 3555
f 3555 3055 3057
f 3555 3057 3556
f 3556 3057 3549
f 3556 3549 3558
f 3558 3549 3551
f 3558 3551 3559
f 3559 3551 3553
f 3559 3553 3543
f 3543 3553 3560
f 3543 3560 3544
f 3544 3560 3561
f 3544 3561 3546
f 3546 3561 3562
f 3546 3562 3548
f 3538 3069 3068
f 3065 3064 3537
f 3537 3064 3062
f 3537 3062 3538
f 3538 3062 3061
f 3538 3061 3069
f 2962 3540 2944
f 2944 3540 3066
f 2944 3066 2945
f 3068 3540 3538
f 3538 3540 2962
f 3538 2962 3539
f 3539 2962 2961
f 3539 2961 3563
f 2961 2959 3563
f 3563 2959 2957
f 3563 2957 3564
f 3564 2957 2955
f 3564 2955 3565
f 3565 2955 2953
f 3565 2953 3542
f 3542 2953 2951
f 3542 2951 2950
f 3545 3566 3543
f 3543 3566 3567
f 3543 3567 3559
f 3559 3567 3568
f 3559 3568 3557
f 3557 3568 3569
f 3557 3569 3555
f 3555 3569 3570
f 3555 3570 3554
f 3060 3065 3550
f 3550 3065 3537
f 3550 3537 3552
f 3552 3537 3539
f 3552 3539 3553
f 3553 3539 3563
f 3553 3563 3560
f 3560 3563 3564
f 3560 3564 3561
f 3561 3564 3565
f 3561 3565 3562
f 3562 3565 3542
f 3562 3542 3548
f 3548 3542 3541
f 3548 3541 2964
f 2950 2964 3541
f 3571 3572 3573
f 3075 3078 3574
f 3575 3576 3573
f 3573 3576 3577
f 3021 3025 3578
f 3579 3571 3580
f 3580 3571 3573
f 3580 3573 3574
f 3574 3573 3577
f 3574 3577 3075
f 3051 3053 3581
f 3581 3053 3582
f 3581 3582 3583
f 3077 3051 3584
f 3584 3051 3581
f 3584 3581 3585
f 3585 3581 3583
f 3585 3583 3586
f 3078 3077 3574
f 3574 3077 3584
f 3574 3584 3580
f 3580 3584 3585
f 3580 3585 3579
f 3579 3585 3586
f 3579 3586 3587
f 3575 3573 3578
f 3578 3573 3572
f 3578 3572 3021
f 3021 3572 3571
f 3021 3571 3022
f 3022 3571 3579
f 3022 3579 3024
f 3024 3579 3587
f 3024 3587 3026
f 3040 3025 3041
f 3041 3025 3020
f 1441 3041 1442
f 1442 3041 3020
f 1442 3020 1448
f 1448 3020 1453
f 1441 1440 3041
f 3041 1440 1414
f 3041 1414 1413
f 3588 2764 2717
f 3589 2766 3590
f 3590 2766 2765
f 3590 2765 2762
f 3591 2770 3592
f 3592 2770 2769
f 3592 2769 3589
f 3589 2769 2768
f 3589 2768 2766
f 2740 2739 3593
f 3593 2739 2737
f 3593 2737 3594
f 3594 2737 3595
f 3594 3595 3596
f 3597 3598 3599
f 3598 3600 3601
f 3601 3600 3602
f 3598 3603 3599
f 3599 3603 3604
f 3599 3604 3605
f 3605 3604 3606
f 3605 3606 3607
f 3598 3601 3603
f 3603 3601 3608
f 3603 3608 3604
f 3604 3608 3609
f 3604 3609 3606
f 3597 3610 3611
f 3611 3610 3588
f 3611 3588 3612
f 3612 3588 2717
f 3038 3609 3036
f 3036 3609 3608
f 3036 3608 3035
f 3035 3608 3601
f 3035 3601 3033
f 3033 3601 3602
f 3033 3602 2414
f 3597 3599 3610
f 3610 3599 3605
f 3610 3605 3613
f 3613 3605 3607
f 3613 3607 3614
f 3614 3607 3615
f 3614 3615 3595
f 3595 3615 3616
f 3595 3616 3596
f 3038 3617 3609
f 3609 3617 3618
f 3609 3618 3606
f 3606 3618 3619
f 3606 3619 3607
f 3607 3619 3620
f 3607 3620 3615
f 3615 3620 3621
f 3615 3621 3616
f 2737 2770 3595
f 3595 2770 3591
f 3595 3591 3614
f 3614 3591 3592
f 3614 3592 3613
f 3613 3592 3589
f 3613 3589 3610
f 3610 3589 3590
f 3610 3590 3588
f 3588 3590 2762
f 3588 2762 2764
f 402 401 458
f 458 401 400
f 458 400 459
f 459 400 414
f 412 426 413
f 413 426 425
f 413 425 414
f 414 425 460
f 414 460 459
f 3622 3623 3624
f 3625 3626 3627
f 2817 2816 3628
f 3628 2816 2793
f 3625 2825 3626
f 3626 2825 2824
f 3626 2824 2822
f 3629 3630 3628
f 3628 3630 2819
f 3628 2819 2817
f 2820 2819 3631
f 3631 2819 3630
f 3631 3630 3632
f 3632 3630 3629
f 3632 3629 3624
f 3624 3629 3628
f 3624 3628 3622
f 3622 3628 2793
f 3622 2793 3623
f 3623 2793 2792
f 3623 2792 2794
f 3015 3017 3633
f 3633 3017 3634
f 3635 3636 3637
f 3637 3638 3635
f 3635 3638 3639
f 3635 3639 3634
f 3634 3639 3640
f 3634 3640 3633
f 3017 3018 3634
f 3634 3018 3641
f 3634 3641 3635
f 3635 3641 3642
f 3635 3642 3636
f 3636 3642 3643
f 3636 3643 3632
f 3632 3643 3644
f 3632 3644 3631
f 3013 1393 3645
f 3645 1393 1403
f 3645 1403 3646
f 1403 1400 3646
f 3646 1400 1399
f 3646 1399 3647
f 3647 1399 1408
f 3647 1408 3627
f 3627 1408 1407
f 3627 1407 3625
f 3625 1407 1409
f 3625 1409 2825
f 2825 1409 1410
f 3624 3648 3632
f 3632 3648 3649
f 3632 3649 3636
f 3636 3649 3650
f 3636 3650 3637
f 2822 2820 3626
f 3626 2820 3631
f 3626 3631 3627
f 3627 3631 3644
f 3627 3644 3647
f 3647 3644 3643
f 3647 3643 3646
f 3646 3643 3642
f 3646 3642 3645
f 3645 3642 3641
f 3645 3641 3013
f 3013 3641 3018
f 1402 3193 1404
f 1404 3193 3195
f 1404 3195 2668
f 2668 3195 2667
f 3195 3197 2667
f 2667 3197 3234
f 2667 3234 2646
f 2646 3234 2644
f 3234 3233 2644
f 2644 3233 3232
f 2644 3232 2643
f 2643 3232 3231
f 2643 3231 2641
f 3231 3230 2641
f 2641 3230 3229
f 2641 3229 2639
f 2639 3229 3221
f 2639 3221 2637
f 2637 3221 3220
f 2637 3220 2636
f 2636 3220 3219
f 2636 3219 2634
f 3219 3223 2634
f 2634 3223 3222
f 2634 3222 2556
f 2556 3222 3190
f 2556 3190 2566
f 2563 3131 2562
f 2562 3131 3132
f 2562 3132 2712
f 3132 3105 2712
f 2712 3105 3103
f 2712 3103 2707
f 2707 3103 2673
f 3103 3101 2673
f 2673 3101 3099
f 2673 3099 2674
f 2674 3099 2699
f 3099 3141 2699
f 2699 3141 3140
f 2699 3140 2694
f 2694 3140 3139
f 2694 3139 2676
f 2676 3139 3138
f 2676 3138 2677
f 2677 3138 3137
f 2677 3137 2686
f 2686 3137 3124
f 3124 3123 2686
f 2686 3123 3121
f 2686 3121 2687
f 2687 3121 3120
f 2687 3120 3089
f 1934 1935 1925
f 1958 1957 1946
f 1923 2414 1922
f 1922 2414 3602
f 1922 3602 3600
f 2127 2153 2152
f 1940 1942 1957
f 1957 1942 1944
f 1957 1944 1946
f 1933 3088 3091
f 2154 2153 2131
f 2131 2153 2130
f 1933 3091 1932
f 3091 3082 1932
f 1932 3082 2315
f 1932 2315 1935
f 1935 2315 2314
f 1935 2314 1925
f 1925 2314 2311
f 1925 2311 1923
f 1925 1927 1934
f 1934 1927 2109
f 1934 2109 2108
f 2127 2128 2153
f 2153 2128 2129
f 2153 2129 2130
f 2149 2148 2150
f 2150 2148 2127
f 2150 2127 2151
f 2151 2127 2152
f 2119 2125 2148
f 2118 2148 2114
f 2114 2148 2147
f 2114 2147 1966
f 1966 2147 1936
f 1966 1936 1964
f 1964 1936 1971
f 2123 2122 2118
f 2118 2122 2121
f 2118 2121 2148
f 2148 2121 2120
f 2148 2120 2119
f 2125 2124 2148
f 2148 2124 2126
f 2148 2126 2127
f 1971 1936 1957
f 1957 1936 1938
f 1957 1938 1940
f 2137 1922 2138
f 2138 1922 3600
f 2138 3600 2139
f 2139 3600 2140
f 2137 2136 1922
f 1922 2136 2135
f 1922 2135 1927
f 1927 2135 2110
f 1927 2110 2109
f 2313 2308 2312
f 2312 2308 2302
f 2312 2302 2311
f 2311 2302 2301
f 2311 2301 1923
f 1923 2301 2284
f 1923 2284 2414
f 2414 2284 2285
f 2414 2285 2286
f 2134 2133 2131
f 2131 2133 2132
f 2131 2132 2154
f 1948 1954 1953
f 1976 3088 1974
f 1974 3088 1933
f 1974 1933 1979
f 1979 1933 2113
f 1979 2113 2117
f 2117 2116 1979
f 1979 2116 2115
f 1979 2115 1970
f 1970 2115 2114
f 1970 2114 1968
f 1968 2114 1966
f 2687 3089 1989
f 2034 2022 2717
f 2061 2059 2024
f 2024 2059 2057
f 2024 2057 2035
f 2035 2057 2055
f 1960 1958 1962
f 1962 1958 1946
f 1962 1946 1949
f 1949 1946 1948
f 1949 1948 1950
f 1950 1948 1953
f 2108 2107 1934
f 1934 2107 2111
f 1934 2111 1933
f 1933 2111 2112
f 1933 2112 2113
f 2045 2040 2055
f 1984 2717 1986
f 1986 2717 2687
f 1986 2687 1988
f 1988 2687 1989
f 2717 2022 3612
f 3612 2022 2020
f 3612 2020 3611
f 3611 2020 2017
f 3611 2017 2002
f 2045 2055 2044
f 2040 2039 2055
f 2055 2039 2037
f 2055 2037 2035
f 3597 2143 3598
f 3598 2143 2142
f 3598 2142 3600
f 3600 2142 2141
f 3600 2141 2140
f 1976 1990 3088
f 3088 1990 1992
f 3088 1992 3089
f 3089 1992 1994
f 3089 1994 1989
f 2061 2024 1998
f 1998 2024 2026
f 1998 2026 1984
f 2026 2028 1984
f 1984 2028 2030
f 1984 2030 2717
f 2717 2030 2032
f 2717 2032 2034
f 2011 2013 2146
f 2146 2013 2004
f 2146 2004 2147
f 2147 2004 2000
f 2147 2000 1936
f 2002 2001 3611
f 3611 2001 2007
f 3611 2007 2009
f 2144 2143 2145
f 2145 2143 3597
f 2145 3597 2146
f 2146 3597 3611
f 2146 3611 2011
f 2011 3611 2009
f 2049 2048 2051
f 2051 2048 2046
f 2051 2046 2055
f 2055 2046 2042
f 2055 2042 2044
f 3501 3651 3652
f 3653 3654 3655
f 3656 2732 2781
f 3657 3593 3594
f 3658 2730 3659
f 3659 2730 2735
f 3659 2735 3656
f 3656 2735 2733
f 3656 2733 2732
f 3459 3457 3660
f 3459 3660 3450
f 3449 3464 3661
f 3464 3463 3661
f 3661 3463 3462
f 3661 3462 3660
f 3660 3462 3451
f 3660 3451 3450
f 3657 3662 3663
f 3663 3664 3657
f 3657 3664 3447
f 3657 3447 3661
f 3661 3447 3448
f 3661 3448 3449
f 3654 3665 3657
f 3665 3666 3657
f 3657 3666 3667
f 3657 3667 3662
f 3653 3655 3668
f 3652 3651 3655
f 3655 3651 3669
f 3655 3669 3668
f 3509 3508 3670
f 3670 3508 3507
f 3670 3507 3652
f 3652 3507 3502
f 3652 3502 3501
f 3671 3241 3672
f 3672 3241 3511
f 3672 3511 3510
f 3510 3509 3672
f 3672 3509 3670
f 3672 3670 3671
f 3671 3670 3618
f 3671 3618 3617
f 3617 3038 3671
f 3671 3038 3037
f 3671 3037 3241
f 3654 3657 3655
f 3655 3657 3594
f 3655 3594 3596
f 3596 3616 3655
f 3655 3616 3621
f 3655 3621 3652
f 3652 3621 3620
f 3652 3620 3670
f 3670 3620 3619
f 3670 3619 3618
f 2740 3593 2781
f 2781 3593 3657
f 2781 3657 3656
f 3656 3657 3661
f 3656 3661 3659
f 3659 3661 3660
f 3659 3660 3658
f 3658 3660 3457
f 3658 3457 3455
f 3086 3085 3360
f 3397 3383 3151
f 3393 3155 3156
f 3393 3156 3364
f 3364 3156 3157
f 3364 3157 2963
f 3154 3395 3153
f 3153 3395 3152
f 3155 3393 3154
f 3154 3393 3394
f 3154 3394 3395
f 3152 3395 3151
f 3151 3395 3396
f 3151 3396 3397
f 3673 3130 3129
f 3110 3108 3673
f 3673 3108 3107
f 3673 3107 3130
f 3129 3128 3673
f 3673 3128 3127
f 3673 3127 3126
f 3110 3673 3385
f 3385 3673 3126
f 3385 3126 3383
f 3383 3126 3150
f 3383 3150 3151
f 3096 3136 3362
f 3362 3136 3135
f 3362 3135 3134
f 3134 3133 3362
f 3362 3133 3110
f 3362 3110 3363
f 3363 3110 3385
f 3363 3385 3345
f 3096 3362 3085
f 3085 3362 3361
f 3085 3361 3360
f 2402 2401 3360
f 3360 2401 3083
f 3360 3083 3086
f 3674 2964 3675
f 3675 2964 3676
f 3677 3678 3159
f 3679 3680 2963
f 2963 3680 3681
f 2963 3682 2964
f 2964 3682 3683
f 2964 3683 3676
f 3684 3685 3157
f 3679 2963 3686
f 3686 2963 3157
f 3686 3157 3687
f 3674 3688 2964
f 2964 3688 3689
f 2964 3689 3159
f 3159 3689 3690
f 3159 3690 3677
f 3685 3691 3157
f 3157 3691 3692
f 3157 3692 3687
f 3681 3693 2963
f 2963 3693 3694
f 2963 3694 3682
f 3678 3695 3159
f 3159 3695 3696
f 3159 3696 3157
f 3157 3696 3697
f 3157 3697 3684
f 2964 3159 3547
f 3547 3159 3172
f 3547 3172 3545
f 3172 3173 3545
f 3545 3173 3174
f 3545 3174 3566
f 3566 3174 3175
f 3566 3175 3567
f 3175 3177 3567
f 3567 3177 3179
f 3567 3179 3568
f 3568 3179 3181
f 3183 3570 3181
f 3181 3570 3569
f 3181 3569 3568
f 3227 3582 3053
f 3183 3184 3570
f 3570 3184 3162
f 3570 3162 3554
f 3554 3162 3698
f 3209 3208 3698
f 3053 3554 3227
f 3227 3554 3698
f 3227 3698 3228
f 3228 3698 3208
f 3162 3218 3698
f 3698 3218 3216
f 3698 3216 3214
f 3214 3212 3698
f 3698 3212 3210
f 3698 3210 3209
f 3582 3227 3583
f 3583 3227 3226
f 3583 3226 3206
f 3031 3026 3587
f 3206 3205 3583
f 3583 3205 3224
f 3583 3224 3586
f 3586 3224 3238
f 3586 3238 3587
f 3587 3238 3032
f 3587 3032 3031
f 1511 1512 1513
f 1527 1528 1526
f 1526 1528 1529
f 1526 1529 1525
f 1532 1533 1531
f 1531 1533 1505
f 1531 1505 1530
f 1530 1505 1529
f 1507 1508 1506
f 1506 1508 1509
f 1525 1529 1514
f 1514 1529 1505
f 1514 1505 1513
f 1513 1505 1506
f 1513 1506 1511
f 1511 1506 1509
f 1511 1509 1510
f 107 3355 3350
f 3298 3297 3355
f 3355 3297 3300
f 3355 3300 3493
f 3403 3294 3402
f 3402 3294 3293
f 3402 3293 107
f 107 3293 3355
f 3355 3293 3304
f 3355 3304 3298
f 2407 2409 3500
f 3500 2409 3349
f 3500 3349 3496
f 3496 3349 3355
f 3496 3355 3494
f 3494 3355 3493
f 3337 3420 3350
f 3350 3420 3419
f 3350 3419 3421
f 3421 3423 3350
f 3350 3423 108
f 3350 108 107
f 3699 3700 3403
f 3403 3700 3701
f 3403 3701 3294
f 3577 3576 143
f 143 3576 3575
f 143 3575 139
f 3578 3283 3575
f 3575 3283 3702
f 143 203 3577
f 3577 203 3512
f 3577 3512 3514
f 3275 3274 3578
f 3578 3274 3282
f 3578 3282 3283
f 3702 3703 3575
f 3575 3703 3704
f 3575 3704 3262
f 3025 3040 3578
f 3578 3040 3276
f 3578 3276 3275
f 3242 3245 3575
f 3575 3245 140
f 3575 140 139
f 3514 3522 3577
f 3577 3522 3513
f 3577 3513 3075
f 3262 3257 3575
f 3575 3257 3243
f 3575 3243 3242
f 3016 3015 3705
f 3705 3015 3633
f 3705 3633 3640
f 3044 3706 3277
f 3277 3706 3267
f 3267 3706 3268
f 3268 3706 3707
f 3268 3707 3285
f 3285 3707 3284
f 3284 3707 3708
f 3284 3708 3709
f 3710 3711 3712
f 3713 3714 3715
f 3715 3714 3716
f 3715 3716 3710
f 3710 3716 3717
f 3710 3717 3711
f 3718 3719 3715
f 3715 3719 3720
f 3715 3720 3713
f 3469 3478 3721
f 3721 3478 3486
f 3721 3486 3715
f 3715 3486 3485
f 3715 3485 3718
f 3722 3467 3723
f 3723 3467 3471
f 3723 3471 3473
f 3473 3475 3723
f 3723 3475 3477
f 3723 3477 3721
f 3721 3477 3470
f 3721 3470 3469
f 2788 3724 2801
f 2801 3724 2800
f 2800 3724 2798
f 2798 3724 3725
f 2798 3725 2796
f 2796 3725 3726
f 2796 3726 2794
f 2794 3726 3623
f 3623 3726 3727
f 3623 3727 3624
f 3624 3727 3648
f 3648 3727 3708
f 3648 3708 3649
f 3044 3016 3706
f 3706 3016 3705
f 3706 3705 3707
f 3707 3705 3640
f 3707 3640 3639
f 3639 3638 3707
f 3707 3638 3637
f 3707 3637 3708
f 3708 3637 3650
f 3708 3650 3649
f 2788 3722 3724
f 3724 3722 3723
f 3724 3723 3725
f 3725 3723 3721
f 3725 3721 3726
f 3726 3721 3715
f 3726 3715 3727
f 3727 3715 3710
f 3727 3710 3708
f 3708 3710 3712
f 3708 3712 3709
f 427 426 412
f 416 417 411
f 411 423 422
f 411 422 412
f 412 422 421
f 412 421 427
f 411 410 415
f 417 418 411
f 411 418 424
f 411 424 423
f 415 420 411
f 411 420 419
f 411 419 416
f 2995 2994 3483
f 3483 3482 2995
f 2995 3482 3481
f 2995 3481 3465
f 3465 3481 3480
f 3465 3480 3452
f 3454 3456 3458
f 3452 3480 3461
f 3461 3480 3476
f 3461 3476 3474
f 3458 3460 3454
f 3454 3460 3461
f 3454 3461 3466
f 3466 3461 3474
f 3466 3474 3472
f 3455 3467 3658
f 3658 3467 3722
f 3658 3722 2730
f 2730 3722 2788
f 2975 3728 2978
f 2978 3728 3729
f 2978 3729 2977
f 2977 3729 3730
f 2977 3730 31
f 20 41 19
f 19 41 38
f 19 38 18
f 18 38 36
f 18 36 24
f 24 36 34
f 24 34 23
f 23 34 32
f 23 32 21
f 21 32 31
f 21 31 22
f 2976 3731 2974
f 2974 3731 3728
f 2974 3728 2975
f 3401 3732 3400
f 3400 3732 3733
f 3400 3733 3398
f 3398 3733 3734
f 3398 3734 2972
f 2972 3734 3735
f 2972 3735 2973
f 2973 3735 3736
f 2973 3736 2976
f 2976 3736 3731
f 3732 3401 3737
f 3737 3401 96
f 96 2 3737
f 3737 2 1
f 3737 1 3732
f 3732 1 6
f 3732 6 3733
f 3733 6 3738
f 3733 3738 3734
f 3734 3738 3739
f 3734 3739 3735
f 3008 3740 3009
f 3009 3740 3741
f 3009 3741 3010
f 3740 3008 3742
f 3742 3008 3007
f 3742 3007 3743
f 3743 3007 3006
f 3743 3006 2860
f 132 131 3744
f 132 3744 117
f 117 3744 3745
f 117 3745 115
f 115 3745 3746
f 115 3746 113
f 3746 3747 113
f 113 3747 3748
f 113 3748 114
f 3746 3745 3749
f 2860 119 3743
f 3743 119 3750
f 3746 3749 3747
f 3747 3749 3751
f 3747 3751 3748
f 3748 3751 3741
f 3748 3741 3752
f 3752 3741 3740
f 3752 3740 3750
f 3750 3740 3742
f 3750 3742 3743
f 193 177 226
f 195 220 197
f 197 220 212
f 197 212 198
f 198 212 211
f 198 211 201
f 201 211 210
f 201 210 200
f 200 210 202
f 200 202 199
f 199 202 153
f 199 153 129
f 193 226 194
f 194 226 225
f 194 225 191
f 191 225 223
f 191 223 192
f 192 223 222
f 192 222 195
f 195 222 221
f 195 221 220
f 3753 3754 3755
f 3755 3754 3756
f 3755 3756 3757
f 3758 3759 3755
f 3755 3759 3760
f 3755 3760 3753
f 3761 3762 3755
f 3755 3762 3763
f 3755 3763 3758
f 3764 3765 3755
f 3755 3765 3766
f 3755 3766 3761
f 3767 3768 3755
f 3755 3768 3769
f 3755 3769 3764
f 3770 3771 3755
f 3755 3771 3772
f 3755 3772 3767
f 3773 3774 3755
f 3755 3774 3775
f 3755 3775 3770
f 3757 3776 3755
f 3755 3776 3777
f 3755 3777 3773
f 119 118 3750
f 3750 118 120
f 3750 120 3752
f 114 3748 121
f 121 3748 3752
f 121 3752 120
f 153 138 3778
f 3778 138 3779
f 3010 3741 3011
f 3011 3741 3751
f 3779 138 3780
f 3780 138 137
f 3780 137 3781
f 3781 137 136
f 3781 136 3749
f 3749 136 135
f 3749 135 3751
f 3751 135 3012
f 3751 3012 3011
f 3749 3745 3781
f 3781 3745 3744
f 3781 3744 3780
f 3780 3744 3779
f 3744 131 3779
f 3779 131 130
f 3779 130 3778
f 3778 130 129
f 3778 129 153
f 226 177 2854
f 2854 177 176
f 2854 176 2855
f 2855 176 175
f 2855 175 2857
f 2857 175 174
f 2857 174 2859
f 2859 174 179
f 2859 179 2860
f 2860 179 178
f 2860 178 119
f 169 2868 168
f 168 2868 204
f 168 204 165
f 163 227 164
f 164 227 2867
f 164 2867 166
f 166 2867 2865
f 166 2865 167
f 167 2865 2846
f 167 2846 171
f 171 2846 2847
f 171 2847 173
f 173 2847 2853
f 173 2853 172
f 172 2853 2852
f 172 2852 170
f 170 2852 2870
f 170 2870 169
f 169 2870 2869
f 169 2869 2868
f 227 163 190
f 227 190 228
f 228 190 189
f 228 189 229
f 229 189 187
f 229 187 230
f 230 187 185
f 230 185 224
f 224 185 183
f 224 183 219
f 219 183 181
f 219 181 218
f 218 181 180
f 218 180 216
f 216 180 182
f 216 182 215
f 215 182 209
f 209 182 184
f 209 184 208
f 184 186 208
f 208 186 188
f 208 188 206
f 206 188 165
f 206 165 204
f 56 8 42
f 26 9 100
f 100 9 68
f 100 68 106
f 106 68 66
f 106 66 105
f 105 66 65
f 105 65 103
f 65 64 103
f 103 64 63
f 103 63 89
f 89 63 62
f 89 62 90
f 90 62 61
f 90 61 79
f 79 61 59
f 56 42 57
f 57 42 84
f 57 84 67
f 67 84 82
f 67 82 58
f 58 82 81
f 58 81 59
f 59 81 80
f 59 80 79
f 9 26 10
f 10 26 25
f 10 25 16
f 16 25 55
f 16 55 13
f 13 55 54
f 13 54 14
f 14 54 50
f 14 50 15
f 15 50 52
f 15 52 17
f 17 52 30
f 17 30 11
f 11 30 47
f 11 47 12
f 12 47 46
f 12 46 7
f 7 46 44
f 7 44 8
f 8 44 42
f 128 3782 127
f 127 3782 3783
f 127 3783 126
f 126 3783 3784
f 3738 6 5
f 3738 5 3739
f 3739 5 4
f 3739 4 3784
f 3784 4 122
f 3784 122 126
f 124 3785 125
f 125 3785 3782
f 125 3782 128
f 22 3786 123
f 123 3786 3785
f 123 3785 124
f 22 31 3730
f 22 3730 3786
f 3786 3730 3729
f 3786 3729 3785
f 3785 3729 3728
f 3785 3728 3782
f 3782 3728 3731
f 3782 3731 3783
f 3783 3731 3736
f 3783 3736 3784
f 3784 3736 3735
f 3784 3735 3739
f 71 97 69
f 69 97 91
f 69 91 70
f 70 91 78
f 70 78 72
f 72 78 83
f 72 83 74
f 74 83 87
f 74 87 75
f 75 87 86
f 75 86 76
f 76 86 85
f 76 85 77
f 77 85 41
f 77 41 20
f 2 96 73
f 73 96 95
f 73 95 71
f 71 95 93
f 71 93 97
f 3787 3788 3789
f 3790 3791 3792
f 3793 3794 3790
f 3795 3796 3792
f 3792 3796 3797
f 3797 3787 3792
f 3792 3787 3789
f 3792 3789 3790
f 3790 3789 3798
f 3790 3798 3793
f 3799 3800 3801
f 3802 3803 3804
f 3805 3806 3799
f 3807 3808 3801
f 3801 3808 3809
f 3809 3802 3801
f 3801 3802 3804
f 3801 3804 3799
f 3799 3804 3810
f 3799 3810 3805
f 3811 3812 3813
f 3814 3815 3816
f 3817 3818 3814
f 3813 3819 3817
f 3816 3820 3821
f 3817 3814 3813
f 3813 3814 3816
f 3813 3816 3811
f 3811 3816 3821
f 3811 3821 3822
f 3811 3823 3812
f 3812 3823 3824
f 3812 3824 3813
f 3813 3824 3825
f 3813 3825 3819
f 3819 3825 3826
f 3819 3826 3817
f 3817 3826 3827
f 3817 3827 3818
f 3818 3827 3828
f 3818 3828 3814
f 3814 3828 3829
f 3814 3829 3815
f 3815 3829 3830
f 3815 3830 3816
f 3816 3830 3831
f 3816 3831 3820
f 3820 3831 3832
f 3820 3832 3821
f 3821 3832 3833
f 3821 3833 3822
f 3822 3833 3834
f 3822 3834 3811
f 3811 3834 3823
f 3835 3836 3837
f 3837 3836 3838
f 3839 3840 3841
f 3841 3840 3842
f 3841 3842 3843
f 3844 3837 3845
f 3845 3837 3838
f 3845 3838 3841
f 3841 3838 3846
f 3841 3846 3839
f 3846 3847 3839
f 3839 3847 3848
f 3839 3848 3840
f 3840 3848 3849
f 3840 3849 3842
f 3842 3849 3850
f 3842 3850 3843
f 3843 3850 3851
f 3843 3851 3841
f 3841 3851 3852
f 3841 3852 3845
f 3845 3852 3853
f 3845 3853 3844
f 3844 3853 3854
f 3844 3854 3837
f 3837 3854 3855
f 3837 3855 3835
f 3835 3855 3856
f 3835 3856 3836
f 3836 3856 3857
f 3836 3857 3838
f 3838 3857 3858
f 3838 3858 3846
f 3846 3858 3847
f 3859 3860 3861
f 3861 3860 3862
f 3863 3864 3865
f 3865 3864 3866
f 3867 3860 3868
f 3868 3860 3859
f 3863 3867 3864
f 3864 3867 3868
f 3862 3860 3867
f 3867 3863 3865
f 3867 3865 3862
f 3862 3865 3869
f 3862 3869 3870
f 3869 3865 3871
f 3871 3865 3866
f 3870 3869 3872
f 3872 3869 3871
f 3862 3870 3861
f 3861 3870 3872
f 3873 3874 3875
f 3875 3874 3876
f 3877 3878 3879
f 3879 3878 3880
f 3881 3874 3882
f 3882 3874 3873
f 3877 3881 3878
f 3878 3881 3882
f 3881 3877 3879
f 3883 3884 3879
f 3879 3884 3876
f 3879 3876 3881
f 3881 3876 3874
f 3883 3879 3885
f 3885 3879 3880
f 3884 3883 3886
f 3886 3883 3885
f 3876 3884 3875
f 3875 3884 3886
f 3887 3888 3889
f 3889 3888 3890
f 3891 3892 3893
f 3893 3892 3894
f 3895 3888 3896
f 3896 3888 3887
f 3891 3895 3892
f 3892 3895 3896
f 3895 3891 3893
f 3897 3898 3893
f 3893 3898 3890
f 3893 3890 3895
f 3895 3890 3888
f 3897 3893 3899
f 3899 3893 3894
f 3898 3897 3900
f 3900 3897 3899
f 3890 3898 3889
f 3889 3898 3900
f 3800 3901 3801
f 3801 3901 3902
f 3801 3902 3807
f 3807 3902 3903
f 3807 3903 3808
f 3808 3903 3904
f 3808 3904 3809
f 3809 3904 3905
f 3809 3905 3802
f 3802 3905 3906
f 3802 3906 3803
f 3803 3906 3907
f 3803 3907 3804
f 3804 3907 3908
f 3804 3908 3810
f 3810 3908 3909
f 3810 3909 3805
f 3805 3909 3910
f 3805 3910 3806
f 3806 3910 3911
f 3806 3911 3799
f 3799 3911 3912
f 3799 3912 3800
f 3800 3912 3901
f 3913 3914 3915
f 3915 3914 3916
f 3917 3918 3919
f 3919 3918 3914
f 3919 3914 3920
f 3920 3914 3913
f 3921 3922 3923
f 3923 3922 3915
f 3923 3915 3924
f 3924 3915 3916
f 3913 3925 3920
f 3920 3925 3926
f 3920 3926 3919
f 3919 3926 3927
f 3919 3927 3917
f 3917 3927 3928
f 3917 3928 3918
f 3918 3928 3929
f 3918 3929 3914
f 3914 3929 3930
f 3914 3930 3916
f 3916 3930 3931
f 3916 3931 3924
f 3924 3931 3932
f 3924 3932 3923
f 3923 3932 3933
f 3923 3933 3921
f 3921 3933 3934
f 3921 3934 3922
f 3922 3934 3935
f 3922 3935 3915
f 3915 3935 3936
f 3915 3936 3913
f 3913 3936 3925
f 3937 3938 3939
f 3940 3941 3942
f 3943 3944 3945
f 3945 3944 3940
f 3945 3940 3939
f 3939 3940 3942
f 3946 3937 3947
f 3947 3937 3939
f 3947 3939 3948
f 3948 3939 3942
f 3941 3949 3942
f 3942 3949 3950
f 3942 3950 3948
f 3948 3950 3951
f 3948 3951 3947
f 3947 3951 3952
f 3947 3952 3946
f 3946 3952 3953
f 3946 3953 3937
f 3937 3953 3954
f 3937 3954 3938
f 3938 3954 3955
f 3938 3955 3939
f 3939 3955 3956
f 3939 3956 3945
f 3945 3956 3957
f 3945 3957 3943
f 3943 3957 3958
f 3943 3958 3944
f 3944 3958 3959
f 3944 3959 3940
f 3940 3959 3960
f 3940 3960 3941
f 3941 3960 3949
f 3961 3962 3963
f 3964 3965 3966
f 3966 3965 3961
f 3966 3961 3967
f 3967 3961 3963
f 3967 3963 3968
f 3969 3970 3971
f 3971 3970 3968
f 3971 3968 3972
f 3972 3968 3963
f 3963 3973 3972
f 3972 3973 3974
f 3972 3974 3971
f 3971 3974 3975
f 3971 3975 3969
f 3969 3975 3976
f 3969 3976 3970
f 3970 3976 3977
f 3970 3977 3968
f 3968 3977 3978
f 3968 3978 3967
f 3967 3978 3979
f 3967 3979 3966
f 3966 3979 3980
f 3966 3980 3964
f 3964 3980 3981
f 3964 3981 3965
f 3965 3981 3982
f 3965 3982 3961
f 3961 3982 3983
f 3961 3983 3962
f 3962 3983 3984
f 3962 3984 3963
f 3963 3984 3973
f 3791 3985 3792
f 3792 3985 3986
f 3792 3986 3795
f 3795 3986 3987
f 3795 3987 3796
f 3796 3987 3988
f 3796 3988 3797
f 3797 3988 3989
f 3797 3989 3787
f 3787 3989 3990
f 3787 3990 3788
f 3788 3990 3991
f 3788 3991 3789
f 3789 3991 3992
f 3789 3992 3798
f 3798 3992 3993
f 3798 3993 3793
f 3793 3993 3994
f 3793 3994 3794
f 3794 3994 3995
f 3794 3995 3790
f 3790 3995 3996
f 3790 3996 3791
f 3791 3996 3985
f 3997 3998 3999
f 3999 3998 4000
f 3999 4000 4001
f 4002 4003 4004
f 4004 4003 3997
f 4004 3997 4005
f 4005 3997 3999
f 4001 4006 3999
f 3999 4006 4007
f 3999 4007 4008
f 3999 4009 4005
f 4005 4009 4010
f 4005 4010 4004
f 4004 4010 4011
f 4004 4011 4002
f 4002 4011 4012
f 4002 4012 4003
f 4003 4012 4013
f 4003 4013 3997
f 3997 4013 4014
f 3997 4014 3998
f 3998 4014 4015
f 3998 4015 4000
f 4000 4015 4016
f 4000 4016 4001
f 4001 4016 4017
f 4001 4017 4006
f 4006 4017 4018
f 4006 4018 4007
f 4007 4018 4019
f 4007 4019 4008
f 4008 4019 4020
f 4008 4020 3999
f 3999 4020 4009
f 4021 4022 4023
f 4024 4025 4023
f 4026 4024 4027
f 4027 4024 4023
f 4027 4023 4028
f 4028 4023 4022
f 4029 4030 4031
f 4031 4030 4021
f 4031 4021 4032
f 4032 4021 4023
f 4032 4033 4031
f 4031 4033 4034
f 4031 4034 4029
f 4029 4034 4035
f 4029 4035 4030
f 4030 4035 4036
f 4030 4036 4021
f 4021 4036 4037
f 4021 4037 4022
f 4022 4037 4038
f 4022 4038 4028
f 4028 4038 4039
f 4028 4039 4027
f 4027 4039 4040
f 4027 4040 4026
f 4026 4040 4041
f 4026 4041 4024
f 4024 4041 4042
f 4024 4042 4025
f 4025 4042 4043
f 4025 4043 4023
f 4023 4043 4044
f 4023 4044 4032
f 4032 4044 4033
f 4045 4046 4047
f 4047 4046 4048
f 4049 4050 4051
f 4051 4050 4046
f 4051 4046 4052
f 4052 4046 4045
f 4053 4054 4055
f 4055 4054 4047
f 4055 4047 4056
f 4056 4047 4048
f 4045 4057 4052
f 4052 4057 4058
f 4052 4058 4051
f 4051 4058 4059
f 4051 4059 4049
f 4049 4059 4060
f 4049 4060 4050
f 4050 4060 4061
f 4050 4061 4046
f 4046 4061 4062
f 4046 4062 4048
f 4048 4062 4063
f 4048 4063 4056
f 4056 4063 4064
f 4056 4064 4055
f 4055 4064 4065
f 4055 4065 4053
f 4053 4065 4066
f 4053 4066 4054
f 4054 4066 4067
f 4054 4067 4047
f 4047 4067 4068
f 4047 4068 4045
f 4045 4068 4057
f 4069 3769 4070
f 4070 3769 3768
f 4070 3768 4071
f 4071 3768 3767
f 4071 3767 4072
f 4072 3767 3772
f 4072 3772 4073
f 4073 3772 3771
f 4073 3771 4074
f 4074 3771 3770
f 4074 3770 4075
f 4075 3770 3775
f 4075 3775 4076
f 4076 3775 3774
f 4076 3774 4077
f 4077 3774 3773
f 4077 3773 4078
f 4078 3773 3777
f 4078 3777 4079
f 4079 3777 3776
f 4079 3776 4080
f 4080 3776 3757
f 4080 3757 4081
f 4081 3757 3756
f 4081 3756 4082
f 4082 3756 3754
f 4082 3754 4083
f 4083 3754 3753
f 4083 3753 4084
f 4084 3753 3760
f 4084 3760 4085
f 4085 3760 3759
f 4085 3759 4086
f 4086 3759 3758
f 4086 3758 4087
f 4087 3758 3763
f 4087 3763 4088
f 4088 3763 3762
f 4088 3762 4089
f 4089 3762 3761
f 4089 3761 4090
f 4090 3761 3766
f 4090 3766 4091
f 4091 3766 3765
f 4091 3765 4092
f 4092 3765 3764
f 4092 3764 4069
f 4069 3764 3769
f 4093 4094 4095
f 4096 4097 4098
f 4069 4099 4092
f 3868 3859 4100
f 2845 4101 2851
f 2848 4100 2849
f 2929 4102 4103
f 2863 4104 2920
f 4104 3929 2920
f 2920 3929 3928
f 2920 3928 2923
f 2929 2926 3936
f 3928 3927 2923
f 2923 3927 3926
f 2923 3926 2926
f 2926 3926 3925
f 2926 3925 3936
f 3936 3935 2929
f 2929 3935 3934
f 2929 3934 4102
f 4102 3934 3933
f 3933 3932 4102
f 4102 3932 3931
f 4102 3931 4104
f 4104 3931 3930
f 4104 3930 3929
f 3910 3909 4105
f 3908 3907 4103
f 4103 3907 3906
f 4103 3906 2929
f 2929 3906 3905
f 2929 3905 2931
f 2932 3901 2938
f 2938 3901 3912
f 3905 3904 2931
f 2931 3904 3903
f 2931 3903 2932
f 2932 3903 3902
f 2932 3902 3901
f 3910 4105 3911
f 3912 3911 2938
f 2938 3911 4105
f 2938 4105 53
f 53 4105 4106
f 53 4106 48
f 4068 43 4057
f 4057 43 45
f 29 4059 45
f 45 4059 4058
f 45 4058 4057
f 4067 4066 4107
f 4107 4066 4065
f 3882 3873 43
f 43 3873 40
f 4068 4067 43
f 43 4067 4107
f 43 4107 3882
f 3882 4107 4108
f 3882 4108 3878
f 3885 39 3886
f 3886 39 40
f 3886 40 3875
f 3875 40 3873
f 3885 3880 39
f 39 3880 3878
f 39 3878 37
f 37 3878 4108
f 35 37 4036
f 2874 33 4109
f 4109 33 4044
f 4109 4044 4043
f 4040 4039 4108
f 4108 4039 4038
f 4108 4038 37
f 37 4038 4037
f 37 4037 4036
f 4036 4035 35
f 35 4035 4034
f 35 4034 33
f 33 4034 4033
f 33 4033 4044
f 2874 4109 2881
f 2881 4109 4110
f 2881 4110 2876
f 3831 3830 4111
f 3826 3825 4112
f 3825 3824 4112
f 4112 3824 3823
f 4112 3823 2877
f 2877 3823 3834
f 2877 3834 2879
f 2879 3834 3833
f 2879 3833 3832
f 4073 3829 4072
f 4072 3829 3828
f 4072 3828 4071
f 4071 3828 3827
f 2873 2880 4113
f 4113 2880 2879
f 4113 2879 4111
f 4111 2879 3832
f 4111 3832 3831
f 2894 2887 4114
f 4114 2887 4020
f 4019 4018 4115
f 4115 4018 4017
f 4115 4017 4016
f 2883 4010 2887
f 2887 4010 4009
f 2887 4009 4020
f 4015 4014 4113
f 4113 4014 4013
f 4113 4013 2873
f 2873 4013 4012
f 2873 4012 2883
f 2883 4012 4011
f 2883 4011 4010
f 3887 3889 3900
f 3899 3894 3892
f 3892 2901 3899
f 3899 2901 2892
f 3899 2892 3900
f 3900 2892 2894
f 3900 2894 3887
f 3887 2894 4114
f 3887 4114 3896
f 3994 3993 4116
f 2903 4117 3988
f 3994 4116 3995
f 3992 3991 4118
f 4118 3991 3990
f 4118 3990 4117
f 4117 3990 3989
f 4117 3989 3988
f 3996 2909 3985
f 3985 2909 2905
f 3985 2905 3986
f 3986 2905 2903
f 3986 2903 3987
f 3987 2903 3988
f 2915 2914 4119
f 4119 2914 2913
f 4119 2913 4116
f 4116 2913 2909
f 4116 2909 3995
f 3995 2909 3996
f 2858 2918 4120
f 4120 2918 2916
f 4120 2916 2915
f 2856 3973 2848
f 2848 3973 3984
f 2848 3984 4100
f 3983 3982 4095
f 4095 3982 3981
f 4095 3981 3980
f 3979 3978 4120
f 4120 3978 3977
f 4120 3977 2858
f 3977 3976 2858
f 2858 3976 3975
f 2858 3975 2856
f 2856 3975 3974
f 2856 3974 3973
f 3859 3861 3872
f 4100 3859 2849
f 2849 3859 3872
f 2849 3872 2850
f 2850 3872 3871
f 2850 3871 2866
f 2866 3871 3866
f 2866 3866 3864
f 4101 3959 3958
f 3959 4101 3960
f 3960 4101 2845
f 3960 2845 3949
f 3949 2845 2844
f 3949 2844 3950
f 3950 2844 2864
f 3950 2864 3951
f 3951 2864 4121
f 3951 4121 3952
f 4122 3954 4121
f 4121 3954 3953
f 4121 3953 3952
f 3958 3957 4101
f 4101 3957 3956
f 4101 3956 4122
f 4122 3956 3955
f 4122 3955 3954
f 4123 3853 2861
f 2861 3853 3852
f 2861 3852 2862
f 3856 3855 4123
f 4123 3855 3854
f 4123 3854 3853
f 3852 3851 2862
f 2862 3851 3850
f 2862 3850 4124
f 4124 3850 3849
f 4124 3849 3848
f 3857 4084 3858
f 3858 4084 4085
f 3858 4085 3847
f 2864 2866 4121
f 4121 2866 3864
f 4121 3864 4122
f 4122 3864 3868
f 4122 3868 4095
f 4095 3868 4100
f 4095 4100 3983
f 3983 4100 3984
f 2903 2901 4117
f 4117 2901 3892
f 4117 3892 4118
f 4118 3892 3896
f 4118 3896 4115
f 4115 3896 4114
f 4115 4114 4019
f 4019 4114 4020
f 4064 4063 4096
f 4096 4063 4097
f 4097 4063 4062
f 4097 4062 4125
f 4125 4062 4061
f 4125 4061 29
f 29 4061 4060
f 29 4060 4059
f 4077 4078 4093
f 4093 4078 4079
f 4093 4079 4094
f 4094 4079 4080
f 4094 4080 4095
f 4095 4080 4081
f 4095 4081 4122
f 4126 4118 4075
f 4075 4118 4115
f 4075 4115 4074
f 4074 4115 4127
f 4074 4127 4073
f 3827 3826 4071
f 4071 3826 4112
f 4071 4112 4070
f 4070 4112 4128
f 4070 4128 4069
f 4098 4090 4091
f 4087 4129 4086
f 4086 4129 4124
f 4086 4124 4085
f 4085 4124 3848
f 4085 3848 3847
f 3857 3856 4084
f 4084 3856 4123
f 4084 4123 4083
f 4083 4123 4130
f 4083 4130 4082
f 3909 3908 4105
f 4105 3908 4103
f 4105 4103 4106
f 4106 4103 4131
f 29 28 4125
f 4125 28 51
f 4125 51 4097
f 4097 51 49
f 4097 49 4098
f 4098 49 48
f 4098 48 4090
f 4090 48 4106
f 4090 4106 4089
f 4089 4106 4131
f 4089 4131 4088
f 4088 4131 4103
f 4088 4103 4087
f 4087 4103 4102
f 4087 4102 4129
f 4129 4102 4104
f 4129 4104 4124
f 4124 4104 2863
f 4124 2863 2862
f 2861 2851 4123
f 4123 2851 4101
f 4123 4101 4130
f 4130 4101 4122
f 4130 4122 4082
f 4082 4122 4081
f 4065 4064 4107
f 4107 4064 4096
f 4107 4096 4108
f 4108 4096 4132
f 4108 4132 4040
f 4040 4132 4110
f 4040 4110 4041
f 4041 4110 4109
f 4041 4109 4042
f 4042 4109 4043
f 4091 4092 4098
f 4098 4092 4099
f 4098 4099 4096
f 4096 4099 4069
f 4096 4069 4132
f 4132 4069 4128
f 4132 4128 4110
f 4110 4128 4112
f 4110 4112 2876
f 2876 4112 2877
f 3980 3979 4095
f 4095 3979 4120
f 4095 4120 4093
f 4093 4120 2915
f 4093 2915 4077
f 4077 2915 4119
f 4077 4119 4076
f 4016 4015 4115
f 4115 4015 4113
f 4115 4113 4127
f 4127 4113 4111
f 4127 4111 4073
f 4073 4111 3830
f 4073 3830 3829
f 4075 4076 4126
f 4126 4076 4119
f 4126 4119 4118
f 4118 4119 4116
f 4118 4116 3992
f 3992 4116 3993
f 2451 2452 4133
f 4133 2452 4134
f 2465 2468 4135
f 4136 4137 2496
f 4135 2468 4138
f 2480 4135 2477
f 2477 4135 4139
f 2477 4139 2492
f 2492 4139 2490
f 2496 4137 2493
f 2493 4137 4140
f 2493 4140 2510
f 2510 4140 4141
f 2510 4141 2508
f 2508 4141 4142
f 2508 4142 2506
f 4134 2452 4143
f 4143 2452 2520
f 4143 2520 4144
f 2480 2482 4135
f 4135 2482 2484
f 4135 2484 2465
f 2465 2484 2476
f 2465 2476 2474
f 2520 2515 4144
f 4144 2515 2518
f 4144 2518 4145
f 4145 2518 2511
f 4145 2511 4146
f 4146 2511 2514
f 4146 2514 4147
f 4147 2514 2501
f 4147 2501 4142
f 4142 2501 2504
f 4142 2504 2506
f 2496 2498 4136
f 4136 2498 2500
f 4136 2500 4148
f 4148 2500 2485
f 4148 2485 4139
f 4139 2485 2488
f 4139 2488 2490
f 2458 2460 2456
f 2456 2460 2462
f 2456 2462 2453
f 2453 2462 2451
f 2453 2451 2464
f 2464 2451 4133
f 2464 4133 2472
f 2472 4133 4138
f 2472 4138 2470
f 2470 4138 2468
f 4146 4149 4145
f 4145 4149 4150
f 4145 4150 4144
f 4144 4150 4151
f 4144 4151 4143
f 4143 4151 4152
f 4143 4152 4134
f 4134 4152 4153
f 4134 4153 4133
f 4133 4153 4154
f 4133 4154 4138
f 4138 4154 4155
f 4138 4155 4135
f 4135 4155 4156
f 4135 4156 4139
f 4139 4156 4157
f 4139 4157 4148
f 4148 4157 4158
f 4148 4158 4136
f 4136 4158 4159
f 4136 4159 4137
f 4137 4159 4160
f 4137 4160 4140
f 4140 4160 4161
f 4140 4161 4141
f 4141 4161 4162
f 4141 4162 4142
f 4142 4162 4163
f 4142 4163 4147
f 4147 4163 4164
f 4147 4164 4146
f 4146 4164 4149
f 4160 4165 4161
f 4161 4165 4166
f 4161 4166 4162
f 4156 4167 4157
f 4157 4167 4168
f 4157 4168 4158
f 4154 4169 4155
f 4155 4169 4170
f 4155 4170 4156
f 4156 4170 4171
f 4156 4171 4167
f 4168 4172 4158
f 4158 4172 4173
f 4158 4173 4159
f 4159 4173 4174
f 4159 4174 4160
f 4160 4174 4175
f 4160 4175 4165
f 4152 4176 4153
f 4153 4176 4177
f 4153 4177 4154
f 4154 4177 4178
f 4154 4178 4169
f 4164 4179 4149
f 4149 4179 4180
f 4149 4180 4150
f 4180 4181 4150
f 4150 4181 4182
f 4150 4182 4151
f 4151 4182 4183
f 4151 4183 4152
f 4152 4183 4184
f 4152 4184 4176
f 4166 4185 4162
f 4162 4185 4186
f 4162 4186 4163
f 4163 4186 4187
f 4163 4187 4164
f 4164 4187 4188
f 4164 4188 4179
f 4168 4189 4172
f 4172 4189 4190
f 4172 4190 4173
f 4173 4190 4191
f 4173 4191 4174
f 4174 4191 4192
f 4174 4192 4175
f 4175 4192 4193
f 4175 4193 4165
f 4165 4193 4194
f 4165 4194 4166
f 4166 4194 4195
f 4166 4195 4185
f 4185 4195 4196
f 4185 4196 4186
f 4186 4196 4197
f 4186 4197 4187
f 4187 4197 4198
f 4187 4198 4188
f 4188 4198 4199
f 4188 4199 4179
f 4179 4199 4200
f 4179 4200 4180
f 4180 4200 4201
f 4180 4201 4181
f 4181 4201 4202
f 4181 4202 4182
f 4182 4202 4203
f 4182 4203 4183
f 4183 4203 4204
f 4183 4204 4184
f 4184 4204 4205
f 4184 4205 4176
f 4176 4205 4206
f 4176 4206 4177
f 4177 4206 4207
f 4177 4207 4178
f 4178 4207 4208
f 4178 4208 4169
f 4169 4208 4209
f 4169 4209 4170
f 4170 4209 4210
f 4170 4210 4171
f 4171 4210 4211
f 4171 4211 4167
f 4167 4211 4212
f 4167 4212 4168
f 4168 4212 4189
f 4212 4213 4189
f 4189 4213 4214
f 4189 4214 4190
f 4190 4214 4215
f 4190 4215 4191
f 4191 4215 4216
f 4191 4216 4192
f 4192 4216 4217
f 4192 4217 4193
f 4193 4217 4218
f 4193 4218 4194
f 4194 4218 4219
f 4194 4219 4195
f 4195 4219 4220
f 4195 4220 4196
f 4196 4220 4221
f 4196 4221 4197
f 4197 4221 4222
f 4197 4222 4198
f 4198 4222 4223
f 4198 4223 4199
f 4199 4223 4224
f 4199 4224 4200
f 4200 4224 4225
f 4200 4225 4201
f 4201 4225 4226
f 4201 4226 4202
f 4202 4226 4227
f 4202 4227 4203
f 4203 4227 4228
f 4203 4228 4204
f 4204 4228 4229
f 4204 4229 4205
f 4205 4229 4230
f 4205 4230 4206
f 4206 4230 4231
f 4206 4231 4207
f 4207 4231 4232
f 4207 4232 4208
f 4208 4232 4233
f 4208 4233 4209
f 4209 4233 4234
f 4209 4234 4210
f 4210 4234 4235
f 4210 4235 4211
f 4211 4235 4236
f 4211 4236 4212
f 4212 4236 4213
f 4236 3688 4213
f 4213 3688 3674
f 4213 3674 4214
f 4214 3674 3675
f 4214 3675 4215
f 4215 3675 3676
f 4215 3676 4216
f 4216 3676 3683
f 4216 3683 4217
f 4217 3683 3682
f 4217 3682 4218
f 4218 3682 3694
f 4218 3694 4219
f 4219 3694 3693
f 4219 3693 4220
f 4220 3693 3681
f 4220 3681 4221
f 4221 3681 3680
f 4221 3680 4222
f 4222 3680 3679
f 4222 3679 4223
f 4223 3679 3686
f 4223 3686 4224
f 4224 3686 3687
f 4224 3687 4225
f 4225 3687 3692
f 4225 3692 4226
f 4226 3692 3691
f 4226 3691 4227
f 4227 3691 3685
f 4227 3685 4228
f 4228 3685 3684
f 4228 3684 4229
f 4229 3684 3697
f 4229 3697 4230
f 4230 3697 3696
f 4230 3696 4231
f 4231 3696 3695
f 4231 3695 4232
f 4232 3695 3678
f 4232 3678 4233
f 4233 3678 3677
f 4233 3677 4234
f 4234 3677 3690
f 4234 3690 4235
f 4235 3690 3689
f 4235 3689 4236
f 4236 3689 3688
f 3403 3410 4237
f 3403 4237 3699
f 3699 4237 4238
f 3699 4238 3700
f 3700 4238 4239
f 3700 4239 3701
f 3701 4239 3295
f 3701 3295 3294
f 3307 3295 4240
f 4240 3295 4239
f 4240 4239 4241
f 4241 4239 4238
f 4241 4238 4242
f 4242 4238 4237
f 4242 4237 3411
f 3411 4237 3410
f 3309 3307 4243
f 4243 3307 4240
f 4243 4240 4244
f 4244 4240 4241
f 4244 4241 4245
f 4245 4241 4242
f 4245 4242 3412
f 3412 4242 3411
f 3311 3309 4246
f 4246 3309 4243
f 4246 4243 4247
f 4247 4243 4244
f 4247 4244 4248
f 4248 4244 4245
f 4248 4245 3413
f 3413 4245 3412
f 2982 2984 4249
f 4248 3413 4250
f 4250 3413 3414
f 4250 3414 4251
f 4251 3414 3415
f 4251 3415 4252
f 4252 3415 3416
f 4247 4248 4253
f 4253 4248 4250
f 4253 4250 4254
f 4254 4250 4251
f 4254 4251 4255
f 4255 4251 4252
f 2982 4249 2981
f 4246 4247 4256
f 4256 4247 4253
f 4256 4253 4257
f 4257 4253 4254
f 4257 4254 4249
f 4249 4254 4255
f 4249 4255 2981
f 2981 4255 4252
f 2981 4252 2980
f 2980 4252 3416
f 2980 3416 2979
f 3311 4246 4258
f 4258 4246 4256
f 4258 4256 4259
f 4259 4256 4257
f 4259 4257 4260
f 4260 4257 4249
f 4260 4249 2985
f 2985 4249 2984
f 4261 4262 4263
f 2983 2986 4264
f 4265 4266 4267
f 4267 4266 4268
f 4265 4269 4266
f 4266 4269 4270
f 4266 4270 4268
f 4268 4270 4271
f 2989 2988 4272
f 4272 2988 2992
f 4272 2992 4273
f 4273 2992 2998
f 4273 2998 3444
f 4261 4263 4274
f 4262 3311 4263
f 4263 3311 4258
f 4263 4258 4275
f 4275 4258 4259
f 4275 4259 4260
f 2986 2989 4264
f 4264 2989 4272
f 4264 4272 4269
f 4269 4272 4273
f 4269 4273 4270
f 4270 4273 3444
f 4270 3444 4271
f 4271 3444 3445
f 2985 2983 4260
f 4260 2983 4264
f 4260 4264 4275
f 4275 4264 4269
f 4275 4269 4263
f 4263 4269 4265
f 4263 4265 4274
f 4274 4265 4267
f 4276 4274 4267
f 4277 4278 4267
f 4267 4278 4279
f 4267 4279 4276
f 4280 4281 4282
f 4282 4281 4283
f 4282 4283 4284
f 4283 3311 4284
f 4284 3311 4262
f 4284 4262 4261
f 3446 3447 4277
f 4277 3447 3664
f 4277 3664 4278
f 4278 3664 3663
f 4278 3663 4279
f 3663 3662 4279
f 4279 3662 3667
f 4279 3667 4285
f 4285 3667 3666
f 4285 3666 3665
f 3445 3446 4271
f 4271 3446 4277
f 4271 4277 4268
f 4268 4277 4267
f 3665 4280 4285
f 4285 4280 4282
f 4285 4282 4279
f 4279 4282 4284
f 4279 4284 4276
f 4276 4284 4261
f 4276 4261 4274
f 3313 3291 4286
f 3651 3501 3503
f 3305 3312 4287
f 3653 3668 4288
f 4288 3668 3669
f 4288 3669 4286
f 3665 3654 4289
f 3305 4287 3290
f 3312 3311 4287
f 4287 3311 4283
f 4287 4283 4290
f 4290 4283 4281
f 4290 4281 4280
f 3316 3313 3503
f 3503 3313 4286
f 3503 4286 3651
f 3651 4286 3669
f 3654 3653 4289
f 4289 3653 4288
f 4289 4288 4291
f 4291 4288 4286
f 4291 4286 4292
f 4292 4286 3291
f 3291 3290 4292
f 4292 3290 4287
f 4292 4287 4291
f 4291 4287 4290
f 4291 4290 4289
f 4289 4290 4280
f 4289 4280 3665
f 4293 4294 4295
f 4295 4294 3258
f 3261 3262 3704
f 3281 3265 4296
f 4296 3265 4297
f 4296 4297 4298
f 4298 4297 4299
f 4300 4301 4302
f 4302 4301 4303
f 4302 4303 3702
f 3259 3260 4304
f 4304 3260 3261
f 4304 3261 4305
f 4305 3261 3704
f 4305 3704 3703
f 3258 3259 4295
f 4295 3259 4304
f 4295 4304 4301
f 4301 4304 4305
f 4301 4305 4303
f 4303 4305 3703
f 4303 3703 3702
f 3702 3283 4302
f 4302 3283 3281
f 4302 3281 4300
f 4300 3281 4296
f 4300 4296 4301
f 4301 4296 4298
f 4301 4298 4295
f 4295 4298 4299
f 4295 4299 4293
f 4306 4299 4297
f 3714 4307 3716
f 3716 4307 4308
f 3716 4308 3717
f 4306 4297 4309
f 4308 4310 4311
f 4311 4310 4312
f 4311 4312 4313
f 4312 3258 4313
f 4313 3258 4294
f 4313 4294 4293
f 3264 3284 4314
f 4314 3284 3709
f 3717 4315 3711
f 3711 4315 4309
f 3711 4309 3712
f 3265 3264 4297
f 4297 3264 4314
f 4297 4314 4309
f 4309 4314 3709
f 4309 3709 3712
f 3717 4308 4315
f 4315 4308 4311
f 4315 4311 4309
f 4309 4311 4313
f 4309 4313 4306
f 4306 4313 4293
f 4306 4293 4299
f 4316 4317 4318
f 4318 4317 3258
f 3720 3719 4319
f 4319 3719 3718
f 3714 3713 4307
f 4307 3713 4320
f 4307 4320 4308
f 4308 4320 4321
f 4308 4321 4310
f 4310 4321 4312
f 4322 3484 3488
f 4323 4324 4325
f 4325 4324 4326
f 4325 4326 4327
f 4327 4326 4322
f 4327 4322 4328
f 4328 4322 3488
f 3258 4312 4318
f 4318 4312 4321
f 4318 4321 4329
f 4329 4321 4320
f 4329 4320 4319
f 4319 4320 3713
f 4319 3713 3720
f 3485 3484 3718
f 3718 3484 4322
f 3718 4322 4319
f 4319 4322 4326
f 4319 4326 4329
f 4329 4326 4324
f 4329 4324 4318
f 4318 4324 4323
f 4318 4323 4316
f 4330 4331 4323
f 3000 2999 4332
f 4332 2999 3003
f 4332 3003 3002
f 2990 4333 2991
f 2991 4333 3487
f 2991 3487 2993
f 2987 3000 4334
f 4334 3000 4335
f 4334 4335 4336
f 4331 4330 4336
f 4336 4330 4333
f 4336 4333 4334
f 4334 4333 2990
f 4334 2990 2987
f 4332 4337 4338
f 4338 4337 4339
f 4338 4339 4340
f 4339 3258 4340
f 4340 3258 4317
f 4340 4317 4316
f 4325 4327 4341
f 4341 4327 4328
f 3488 3487 4328
f 4328 3487 4333
f 4328 4333 4341
f 4341 4333 4330
f 4341 4330 4325
f 4325 4330 4323
f 3000 4332 4335
f 4335 4332 4338
f 4335 4338 4336
f 4336 4338 4340
f 4336 4340 4331
f 4331 4340 4316
f 4331 4316 4323
f 2970 2969 4342
f 4342 2969 3004
f 4342 3004 4343
f 4343 3004 3005
f 4343 3005 161
f 161 3005 162
f 4332 3002 3001
f 161 160 4343
f 4343 160 4344
f 4343 4344 4342
f 4342 4344 4345
f 4342 4345 4346
f 4346 4345 4347
f 160 159 4344
f 4344 159 4348
f 4344 4348 4345
f 4345 4348 4349
f 4345 4349 4347
f 4347 4349 4350
f 3253 4350 3250
f 3250 4350 4349
f 3250 4349 3246
f 3246 4349 4348
f 3246 4348 158
f 158 4348 159
f 2970 4342 3001
f 3001 4342 4346
f 3001 4346 4332
f 4332 4346 4347
f 4332 4347 4337
f 4337 4347 4350
f 4337 4350 4339
f 4339 4350 3253
f 4339 3253 3258
f 4351 4352 4353
f 4353 4352 4354
f 4352 4355 4354
f 4354 4355 4356
f 4354 4356 4357
f 4357 4356 4358
f 4357 4358 4359
f 4359 4358 4360
f 4359 4360 4361
f 4362 4363 4364
f 4364 4363 4365
f 4364 4365 4366
f 4365 4367 4366
f 4366 4367 4368
f 4366 4368 4353
f 4353 4368 4369
f 4353 4369 4351
f 4362 4364 4370
f 4370 4364 4371
f 4370 4371 4372
f 4372 4371 4373
f 4373 4371 4374
f 4373 4374 4375
f 4375 4374 4376
f 4376 4374 4377
f 4376 4377 4378
f 4379 4380 4377
f 4377 4380 4381
f 4377 4381 4378
f 4382 4383 4384
f 4384 4383 4385
f 4384 4385 4379
f 4379 4385 4386
f 4379 4386 4380
f 4360 4387 4361
f 4361 4387 4388
f 4361 4388 4389
f 4389 4388 4390
f 4389 4390 4391
f 4391 4390 4392
f 4391 4392 4393
f 4393 4392 4394
f 4393 4394 4382
f 4382 4394 4395
f 4382 4395 4383
f 4396 4397 4398
f 4398 4397 4399
f 4398 4399 4400
f 4400 4399 4401
f 4400 4401 4402
f 4402 4401 4403
f 4402 4403 4404
f 4404 4403 4405
f 4404 4405 4406
f 4406 4405 4407
f 4406 4407 4408
f 4408 4407 4409
f 4408 4409 4410
f 4410 4409 4411
f 4410 4411 4412
f 4412 4411 4413
f 4412 4413 4414
f 4414 4413 4415
f 4414 4415 4416
f 4416 4415 4417
f 4416 4417 4418
f 4418 4417 4419
f 4418 4419 4420
f 4420 4419 4421
f 4420 4421 4422
f 4422 4421 4423
f 4422 4423 4424
f 4424 4423 4425
f 4424 4425 4426
f 4426 4425 4427
f 4426 4427 4396
f 4396 4427 4397
f 4412 4414 4428
f 4428 4414 4429
f 4429 4414 4416
f 4429 4416 4430
f 4430 4416 4418
f 4430 4418 4431
f 4431 4418 4420
f 4431 4420 4432
f 4432 4420 4422
f 4432 4422 4433
f 4433 4422 4424
f 4433 4424 4434
f 4434 4424 4426
f 4434 4426 4435
f 4435 4426 4396
f 4435 4396 4436
f 4436 4396 4398
f 4436 4398 4437
f 4428 4438 4412
f 4412 4438 4439
f 4412 4439 4410
f 4410 4439 4440
f 4410 4440 4408
f 4408 4440 4441
f 4408 4441 4406
f 4406 4441 4442
f 4406 4442 4404
f 4404 4442 4443
f 4404 4443 4402
f 4402 4443 4437
f 4402 4437 4400
f 4400 4437 4398
f 4354 4435 4353
f 4353 4435 4436
f 4353 4436 4366
f 4366 4436 4437
f 4366 4437 4364
f 4364 4437 4443
f 4364 4443 4371
f 4371 4443 4442
f 4371 4442 4374
f 4374 4442 4441
f 4374 4441 4377
f 4377 4441 4440
f 4377 4440 4379
f 4379 4440 4439
f 4379 4439 4384
f 4384 4439 4438
f 4384 4438 4382
f 4382 4438 4428
f 4382 4428 4393
f 4393 4428 4429
f 4393 4429 4391
f 4391 4429 4430
f 4391 4430 4389
f 4389 4430 4431
f 4389 4431 4361
f 4361 4431 4432
f 4361 4432 4359
f 4359 4432 4433
f 4359 4433 4357
f 4357 4433 4434
f 4357 4434 4354
f 4354 4434 4435
f 4444 4445 4446
f 4446 4447 4444
f 4444 4447 4448
f 4444 4448 4449
f 4450 4451 4445
f 4444 4452 4445
f 4445 4452 4453
f 4445 4453 4454
f 4451 4455 4445
f 4445 4455 4456
f 4445 4456 4457
f 4458 4459 4460
f 4460 4459 4461
f 4457 4462 4445
f 4445 4462 4459
f 4445 4459 4463
f 4463 4459 4458
f 4454 4464 4445
f 4445 4464 4465
f 4445 4465 4450
f 4466 4467 4468
f 4468 4467 4469
f 4470 4444 4471
f 4471 4444 4449
f 4471 4449 4472
f 4472 4449 4469
f 4472 4469 4473
f 4473 4469 4467
f 4474 4405 4475
f 4475 4405 4403
f 4475 4403 4476
f 4476 4403 4401
f 4476 4401 4477
f 4477 4401 4399
f 4477 4399 4478
f 4478 4399 4397
f 4478 4397 4479
f 4479 4397 4427
f 4479 4427 4480
f 4480 4427 4425
f 4480 4425 4481
f 4481 4425 4423
f 4481 4423 4482
f 4423 4421 4482
f 4482 4421 4419
f 4482 4419 4483
f 4483 4419 4417
f 4483 4417 4484
f 4484 4417 4415
f 4484 4415 4485
f 4485 4415 4413
f 4485 4413 4486
f 4486 4413 4411
f 4486 4411 4487
f 4487 4411 4409
f 4487 4409 4474
f 4474 4409 4407
f 4474 4407 4405
f 4488 4489 4490
f 4465 4491 4450
f 4450 4491 4488
f 4492 4493 4465
f 4465 4493 4494
f 4465 4494 4491
f 4444 4495 4452
f 4452 4495 4496
f 4452 4496 4453
f 4453 4496 4497
f 4453 4497 4454
f 4454 4497 4492
f 4454 4492 4464
f 4464 4492 4465
f 4463 4498 4445
f 4445 4498 4499
f 4445 4499 4446
f 4446 4499 4447
f 4461 4500 4460
f 4460 4500 4501
f 4460 4501 4458
f 4458 4501 4502
f 4458 4502 4463
f 4463 4502 4503
f 4463 4503 4498
f 4462 4504 4459
f 4459 4504 4505
f 4459 4505 4461
f 4461 4505 4506
f 4461 4506 4500
f 4507 4504 4508
f 4508 4504 4462
f 4508 4462 4509
f 4509 4462 4457
f 4509 4457 4510
f 4510 4457 4456
f 4510 4456 4490
f 4490 4456 4455
f 4490 4455 4488
f 4488 4455 4451
f 4488 4451 4450
f 4511 4512 4501
f 4383 4447 4513
f 4513 4447 4499
f 4513 4499 4514
f 4514 4499 4498
f 4514 4498 4515
f 4515 4498 4503
f 4515 4503 4512
f 4512 4503 4502
f 4512 4502 4501
f 4511 4501 4516
f 4516 4501 4500
f 4516 4500 4517
f 4517 4500 4506
f 4517 4506 4518
f 4518 4506 4505
f 4518 4505 4519
f 4520 4521 4522
f 4522 4521 4523
f 4522 4523 4507
f 4507 4523 4519
f 4507 4519 4504
f 4504 4519 4505
f 4444 4356 4495
f 4495 4356 4524
f 4495 4524 4496
f 4496 4524 4525
f 4496 4525 4497
f 4526 4527 4528
f 4525 4529 4497
f 4497 4529 4530
f 4497 4530 4492
f 4492 4530 4531
f 4492 4531 4493
f 4493 4531 4532
f 4533 4491 4532
f 4532 4491 4494
f 4532 4494 4493
f 4528 4534 4526
f 4526 4534 4489
f 4526 4489 4535
f 4535 4489 4488
f 4535 4488 4536
f 4536 4488 4491
f 4536 4491 4537
f 4537 4491 4533
f 4518 4519 4538
f 4538 4519 4523
f 4538 4523 4521
f 4511 4516 4376
f 4383 4513 4385
f 4385 4513 4514
f 4385 4514 4386
f 4386 4514 4515
f 4386 4515 4380
f 4380 4515 4512
f 4380 4512 4381
f 4381 4512 4511
f 4381 4511 4378
f 4378 4511 4376
f 4351 4525 4352
f 4352 4525 4524
f 4352 4524 4355
f 4355 4524 4356
f 4367 4532 4368
f 4368 4532 4531
f 4368 4531 4369
f 4369 4531 4530
f 4369 4530 4351
f 4351 4530 4529
f 4351 4529 4525
f 4527 4526 4539
f 4539 4526 4535
f 4539 4535 4536
f 4516 4517 4376
f 4376 4517 4518
f 4376 4518 4375
f 4375 4518 4538
f 4375 4538 4373
f 4373 4538 4540
f 4373 4540 4372
f 4372 4540 4541
f 4372 4541 4370
f 4541 4542 4370
f 4370 4542 4543
f 4370 4543 4362
f 4543 4544 4362
f 4362 4544 4539
f 4362 4539 4363
f 4363 4539 4536
f 4363 4536 4365
f 4365 4536 4537
f 4365 4537 4367
f 4367 4537 4533
f 4367 4533 4532
f 4545 4546 4547
f 4547 4546 4548
f 4545 4547 4549
f 4549 4547 4550
f 4547 4548 4550
f 4550 4548 4551
f 4548 4546 4551
f 4551 4546 4552
f 4528 4527 4553
f 4471 4472 4554
f 4554 4472 4555
f 4555 4472 4556
f 4556 4472 4473
f 4556 4473 4557
f 4557 4473 4558
f 4558 4473 4467
f 4558 4467 4559
f 4559 4467 4466
f 4559 4466 4560
f 4560 4466 4561
f 4561 4466 4468
f 4561 4468 4562
f 4562 4468 4563
f 4563 4468 4469
f 4563 4469 4564
f 4564 4469 4449
f 4564 4449 4565
f 4448 4447 4383
f 4565 4394 4564
f 4564 4394 4392
f 4564 4392 4563
f 4563 4392 4562
f 4562 4392 4390
f 4562 4390 4561
f 4561 4390 4560
f 4560 4390 4388
f 4560 4388 4559
f 4387 4557 4388
f 4388 4557 4558
f 4388 4558 4559
f 4566 4554 4360
f 4360 4554 4555
f 4360 4555 4387
f 4387 4555 4556
f 4387 4556 4557
f 4566 4360 4567
f 4567 4360 4358
f 4567 4358 4568
f 4568 4358 4470
f 4470 4358 4356
f 4470 4356 4444
f 4565 4569 4394
f 4394 4569 4570
f 4394 4570 4395
f 4395 4570 4571
f 4395 4571 4383
f 4383 4571 4572
f 4383 4572 4448
f 4471 4554 4566
f 4566 4567 4471
f 4471 4567 4568
f 4471 4568 4470
f 4569 4565 4449
f 4449 4448 4572
f 4572 4571 4449
f 4449 4571 4570
f 4449 4570 4569
f 4573 4574 4575
f 4576 4577 4578
f 4578 4577 4579
f 4580 4581 4582
f 4582 4581 4583
f 4582 4583 4577
f 4577 4583 4573
f 4577 4573 4579
f 4579 4573 4575
f 4582 4584 4580
f 4580 4584 4585
f 4582 4577 4584
f 4584 4577 4586
f 4587 4588 4589
f 4587 4589 4590
f 4591 4592 4589
f 4589 4592 4593
f 4589 4593 4590
f 4594 4595 4589
f 4589 4595 4596
f 4589 4596 4591
f 4597 4598 4589
f 4589 4598 4599
f 4589 4599 4594
f 4588 4600 4589
f 4589 4600 4601
f 4589 4601 4597
f 4485 4594 4484
f 4484 4594 4599
f 4484 4599 4483
f 4483 4599 4598
f 4483 4598 4482
f 4482 4598 4597
f 4482 4597 4481
f 4481 4597 4601
f 4481 4601 4480
f 4480 4601 4600
f 4480 4600 4479
f 4479 4600 4588
f 4479 4588 4478
f 4478 4588 4587
f 4478 4587 4477
f 4477 4587 4590
f 4477 4590 4476
f 4476 4590 4593
f 4476 4593 4475
f 4475 4593 4592
f 4475 4592 4474
f 4474 4592 4591
f 4474 4591 4487
f 4487 4591 4596
f 4487 4596 4486
f 4486 4596 4595
f 4486 4595 4485
f 4485 4595 4594
f 4602 4552 4586
f 4586 4552 4546
f 4586 4546 4584
f 4584 4546 4545
f 4584 4545 4585
f 4585 4545 4549
f 4573 4583 4603
f 4603 4583 4604
f 4604 4583 4581
f 4605 4604 4606
f 4606 4604 4581
f 4606 4581 4607
f 4544 4543 4608
f 4608 4609 4544
f 4544 4609 4610
f 4544 4610 4539
f 4539 4610 4553
f 4539 4553 4527
f 4611 4541 4612
f 4612 4541 4540
f 4612 4540 4613
f 4613 4540 4538
f 4613 4538 4614
f 4614 4538 4521
f 4608 4543 4615
f 4615 4543 4616
f 4616 4543 4542
f 4616 4542 4617
f 4617 4542 4541
f 4617 4541 4618
f 4618 4541 4611
f 4614 4521 4520
f 4586 4577 4602
f 4602 4577 4576
f 4579 4619 4578
f 4578 4619 4620
f 4621 4620 4619
f 4622 4623 4624
f 4624 4623 4625
f 4624 4625 4619
f 4619 4625 4626
f 4619 4626 4621
f 4622 4624 4575
f 4575 4624 4619
f 4575 4619 4579
f 4574 4573 4603
f 4603 4627 4574
f 4574 4627 4628
f 4574 4628 4629
f 4606 4607 4629
f 4629 4628 4606
f 4606 4628 4627
f 4606 4627 4605
f 4605 4627 4603
f 4605 4603 4604
f 4630 4631 4632
f 4632 4631 4633
f 4632 4633 4634
f 4635 4636 4637
f 4637 4636 4638
f 4635 4639 4636
f 4636 4639 4640
f 4636 4640 4632
f 4632 4640 4641
f 4632 4641 4630
f 4642 4643 4644
f 4642 4644 4645
f 4646 4647 4648
f 4648 4647 4649
f 4650 4651 4652
f 4652 4651 4653
f 4652 4653 4654
f 4650 4652 4655
f 4655 4652 4656
f 4655 4656 4657
f 4646 4648 4644
f 4644 4648 4658
f 4644 4658 4645
f 4659 4660 4661
f 4661 4660 4662
f 4661 4662 4663
f 4663 4662 4664
f 4653 4665 4654
f 4654 4665 4666
f 4654 4666 4660
f 4660 4666 4667
f 4660 4667 4662
f 4647 4668 4649
f 4649 4668 4669
f 4649 4669 4656
f 4656 4669 4670
f 4656 4670 4657
f 4671 4672 4673
f 4671 4673 4674
f 4675 4676 4677
f 4677 4676 4678
f 4679 4680 4681
f 4681 4680 4682
f 4681 4682 4683
f 4679 4681 4684
f 4684 4681 4685
f 4684 4685 4686
f 4675 4677 4673
f 4673 4677 4687
f 4673 4687 4674
f 4688 4689 4690
f 4690 4689 4691
f 4690 4691 4692
f 4692 4691 4693
f 4682 4694 4683
f 4683 4694 4695
f 4683 4695 4689
f 4689 4695 4696
f 4689 4696 4691
f 4676 4697 4678
f 4678 4697 4698
f 4678 4698 4685
f 4685 4698 4699
f 4685 4699 4686
f 4700 4687 4677
f 4701 4702 4703
f 4701 4703 4688
f 4704 4700 4705
f 4705 4700 4677
f 4705 4677 4706
f 4706 4677 4678
f 4706 4678 4707
f 4707 4678 4685
f 4707 4685 4708
f 4708 4685 4681
f 4708 4681 4709
f 4709 4681 4683
f 4709 4683 4703
f 4703 4683 4689
f 4703 4689 4688
f 4710 4711 4712
f 4713 4714 4715
f 4716 4717 4718
f 4553 4610 4719
f 4720 4721 4722
f 4632 4723 4724
f 4725 4726 4727
f 4727 4726 4728
f 4729 4730 4731
f 4731 4730 4732
f 4733 4734 4735
f 4736 4737 4738
f 4738 4737 4739
f 4740 4736 4741
f 4741 4736 4742
f 4743 4744 4745
f 4745 4744 4746
f 4745 4746 4747
f 4747 4746 4748
f 4747 4748 4749
f 4750 4751 4752
f 4752 4751 4753
f 4723 4632 4751
f 4751 4632 4634
f 4751 4634 4753
f 4720 4754 4721
f 4721 4754 4638
f 4721 4638 4724
f 4724 4638 4636
f 4724 4636 4632
f 4755 4722 4756
f 4756 4722 4757
f 4758 4759 4760
f 4760 4759 4761
f 4760 4761 4756
f 4756 4761 4762
f 4756 4762 4755
f 4763 4764 4765
f 4765 4766 4763
f 4763 4766 4767
f 4763 4767 4758
f 4520 4522 4614
f 4614 4522 4768
f 4614 4768 4613
f 4612 4613 4769
f 4616 4617 4770
f 4770 4617 4618
f 4770 4618 4611
f 4771 4609 4608
f 4609 4771 4610
f 4772 4773 4534
f 4774 4775 4776
f 4776 4775 4777
f 4776 4777 4717
f 4778 4779 4780
f 4780 4779 4781
f 4778 4782 4779
f 4779 4782 4783
f 4779 4783 4718
f 4718 4783 4784
f 4718 4784 4716
f 4785 4786 4787
f 4787 4786 4788
f 4787 4788 4789
f 4785 4787 4790
f 4790 4787 4791
f 4790 4791 4792
f 4793 4794 4795
f 4795 4794 4796
f 4795 4796 4792
f 4792 4796 4797
f 4792 4797 4790
f 4798 4799 4800
f 4800 4799 4801
f 4714 4713 4800
f 4800 4713 4802
f 4800 4802 4798
f 4711 4803 4712
f 4712 4803 4804
f 4712 4804 4805
f 4722 4721 4757
f 4757 4721 4724
f 4757 4724 4806
f 4806 4724 4723
f 4806 4723 4807
f 4807 4723 4751
f 4807 4751 4808
f 4808 4751 4750
f 4808 4750 4745
f 4745 4750 4809
f 4745 4809 4743
f 4781 4779 4789
f 4789 4779 4810
f 4789 4810 4787
f 4787 4810 4811
f 4787 4811 4791
f 4791 4811 4812
f 4791 4812 4792
f 4792 4812 4801
f 4792 4801 4795
f 4795 4801 4799
f 4795 4799 4793
f 4758 4760 4763
f 4763 4760 4756
f 4763 4756 4813
f 4813 4756 4757
f 4813 4757 4814
f 4814 4757 4806
f 4814 4806 4815
f 4815 4806 4807
f 4815 4807 4816
f 4816 4807 4808
f 4816 4808 4817
f 4817 4808 4745
f 4817 4745 4818
f 4818 4745 4747
f 4818 4747 4742
f 4742 4747 4749
f 4742 4749 4741
f 4819 4820 4739
f 4739 4820 4821
f 4739 4821 4738
f 4738 4821 4822
f 4738 4822 4823
f 4823 4822 4824
f 4823 4824 4825
f 4825 4824 4826
f 4825 4826 4827
f 4827 4826 4828
f 4827 4828 4829
f 4829 4828 4830
f 4829 4830 4831
f 4831 4830 4832
f 4831 4832 4833
f 4833 4832 4768
f 4833 4768 4834
f 4834 4768 4522
f 4834 4522 4835
f 4613 4768 4769
f 4769 4768 4832
f 4769 4832 4836
f 4836 4832 4830
f 4836 4830 4837
f 4837 4830 4828
f 4837 4828 4838
f 4838 4828 4826
f 4838 4826 4839
f 4839 4826 4824
f 4839 4824 4840
f 4840 4824 4822
f 4840 4822 4841
f 4841 4822 4821
f 4841 4821 4842
f 4842 4821 4820
f 4842 4820 4843
f 4612 4769 4844
f 4844 4769 4836
f 4844 4836 4845
f 4845 4836 4837
f 4845 4837 4846
f 4846 4837 4838
f 4846 4838 4847
f 4847 4838 4839
f 4847 4839 4848
f 4848 4839 4840
f 4848 4840 4849
f 4849 4840 4841
f 4849 4841 4850
f 4850 4841 4842
f 4850 4842 4733
f 4733 4842 4843
f 4733 4843 4734
f 4851 4852 4735
f 4735 4852 4853
f 4735 4853 4733
f 4733 4853 4854
f 4733 4854 4850
f 4850 4854 4855
f 4850 4855 4849
f 4849 4855 4856
f 4849 4856 4848
f 4848 4856 4857
f 4848 4857 4847
f 4847 4857 4858
f 4847 4858 4846
f 4846 4858 4859
f 4846 4859 4845
f 4845 4859 4770
f 4845 4770 4844
f 4844 4770 4611
f 4844 4611 4612
f 4616 4770 4860
f 4860 4770 4859
f 4860 4859 4861
f 4861 4859 4858
f 4861 4858 4862
f 4862 4858 4857
f 4862 4857 4863
f 4863 4857 4856
f 4863 4856 4864
f 4864 4856 4855
f 4864 4855 4865
f 4865 4855 4854
f 4865 4854 4866
f 4866 4854 4853
f 4866 4853 4731
f 4731 4853 4852
f 4731 4852 4729
f 4615 4616 4608
f 4608 4616 4860
f 4608 4860 4771
f 4771 4860 4861
f 4771 4861 4867
f 4867 4861 4862
f 4867 4862 4868
f 4868 4862 4863
f 4868 4863 4869
f 4869 4863 4864
f 4869 4864 4870
f 4870 4864 4865
f 4870 4865 4871
f 4871 4865 4866
f 4871 4866 4872
f 4872 4866 4731
f 4872 4731 4873
f 4873 4731 4732
f 4873 4732 4874
f 4610 4771 4719
f 4719 4771 4867
f 4719 4867 4875
f 4875 4867 4868
f 4875 4868 4876
f 4876 4868 4869
f 4876 4869 4877
f 4877 4869 4870
f 4877 4870 4878
f 4878 4870 4871
f 4878 4871 4879
f 4879 4871 4872
f 4879 4872 4880
f 4880 4872 4873
f 4880 4873 4881
f 4881 4873 4874
f 4881 4874 4882
f 4553 4719 4883
f 4883 4719 4875
f 4883 4875 4884
f 4884 4875 4876
f 4884 4876 4885
f 4885 4876 4877
f 4885 4877 4886
f 4886 4877 4878
f 4886 4878 4887
f 4887 4878 4879
f 4887 4879 4888
f 4888 4879 4880
f 4888 4880 4889
f 4889 4880 4881
f 4889 4881 4728
f 4728 4881 4882
f 4728 4882 4727
f 4528 4553 4534
f 4534 4553 4883
f 4534 4883 4772
f 4772 4883 4884
f 4772 4884 4890
f 4890 4884 4885
f 4890 4885 4891
f 4891 4885 4886
f 4891 4886 4892
f 4892 4886 4887
f 4892 4887 4893
f 4893 4887 4888
f 4893 4888 4894
f 4894 4888 4889
f 4894 4889 4895
f 4895 4889 4728
f 4895 4728 4896
f 4896 4728 4726
f 4896 4726 4710
f 4717 4777 4718
f 4718 4777 4897
f 4718 4897 4779
f 4779 4897 4898
f 4779 4898 4810
f 4810 4898 4899
f 4810 4899 4811
f 4811 4899 4900
f 4811 4900 4812
f 4812 4900 4901
f 4812 4901 4801
f 4801 4901 4902
f 4801 4902 4800
f 4800 4902 4712
f 4800 4712 4714
f 4714 4712 4805
f 4714 4805 4715
f 4736 4738 4742
f 4742 4738 4823
f 4742 4823 4818
f 4818 4823 4825
f 4818 4825 4817
f 4817 4825 4827
f 4817 4827 4816
f 4816 4827 4829
f 4816 4829 4815
f 4815 4829 4831
f 4815 4831 4814
f 4814 4831 4833
f 4814 4833 4813
f 4813 4833 4834
f 4813 4834 4763
f 4763 4834 4835
f 4763 4835 4764
f 4710 4712 4896
f 4896 4712 4902
f 4896 4902 4895
f 4895 4902 4901
f 4895 4901 4894
f 4894 4901 4900
f 4894 4900 4893
f 4893 4900 4899
f 4893 4899 4892
f 4892 4899 4898
f 4892 4898 4891
f 4891 4898 4897
f 4891 4897 4890
f 4890 4897 4777
f 4890 4777 4772
f 4772 4777 4775
f 4772 4775 4773
f 4903 4904 4905
f 4906 4658 4648
f 4903 4905 4659
f 4907 4906 4908
f 4908 4906 4648
f 4908 4648 4909
f 4909 4648 4649
f 4909 4649 4910
f 4910 4649 4656
f 4910 4656 4911
f 4911 4656 4652
f 4911 4652 4912
f 4912 4652 4654
f 4912 4654 4905
f 4905 4654 4660
f 4905 4660 4659
f 4797 4796 4913
f 4914 4915 4790
f 4790 4915 4916
f 4790 4916 4785
f 4913 4917 4797
f 4797 4917 4918
f 4797 4918 4790
f 4790 4918 4919
f 4790 4919 4914
f 4920 4921 4713
f 4713 4921 4802
f 4922 4923 4924
f 4925 4700 4704
f 4926 4927 4928
f 4926 4928 4929
f 4924 4923 4926
f 4926 4923 4930
f 4926 4930 4927
f 4780 4781 4931
f 4931 4781 4932
f 4932 4781 4789
f 4932 4789 4933
f 4933 4789 4934
f 4934 4789 4788
f 4934 4788 4786
f 4786 4785 4934
f 4934 4785 4916
f 4934 4916 4935
f 4935 4916 4915
f 4935 4915 4936
f 4936 4915 4937
f 4937 4915 4914
f 4937 4914 4938
f 4938 4914 4919
f 4938 4919 4939
f 4919 4918 4939
f 4939 4918 4917
f 4939 4917 4940
f 4940 4917 4913
f 4921 4941 4802
f 4802 4941 4942
f 4802 4942 4798
f 4798 4942 4943
f 4798 4943 4799
f 4799 4943 4944
f 4799 4944 4793
f 4793 4944 4945
f 4793 4945 4794
f 4794 4945 4946
f 4794 4946 4796
f 4796 4946 4947
f 4796 4947 4913
f 4913 4947 4948
f 4913 4948 4940
f 4949 4950 4951
f 4951 4950 4920
f 4952 4953 4949
f 4949 4953 4954
f 4949 4954 4950
f 4664 4955 4956
f 4956 4955 4957
f 4956 4957 4952
f 4952 4957 4958
f 4952 4958 4953
f 4904 4903 4959
f 4959 4903 4960
f 4959 4960 4956
f 4920 4713 4951
f 4951 4713 4715
f 4951 4715 4949
f 4715 4805 4949
f 4949 4805 4804
f 4949 4804 4952
f 4952 4804 4803
f 4952 4803 4956
f 4956 4803 4961
f 4956 4961 4959
f 4783 4782 4962
f 4962 4782 4778
f 4962 4778 4963
f 4963 4778 4780
f 4963 4780 4964
f 4964 4780 4931
f 4962 4922 4783
f 4783 4922 4924
f 4783 4924 4784
f 4784 4924 4716
f 4716 4924 4717
f 4717 4924 4926
f 4717 4926 4776
f 4776 4926 4774
f 4774 4926 4929
f 4774 4929 4965
f 4704 4966 4925
f 4925 4966 4965
f 4925 4965 4967
f 4967 4965 4929
f 4903 4659 4960
f 4960 4659 4661
f 4960 4661 4956
f 4956 4661 4663
f 4956 4663 4664
f 4687 4700 4674
f 4674 4700 4925
f 4674 4925 4671
f 4671 4925 4967
f 4671 4967 4672
f 4672 4967 4929
f 4672 4929 4968
f 4968 4929 4928
f 4969 4970 4758
f 4758 4970 4759
f 4759 4970 4971
f 4759 4971 4761
f 4972 4973 4635
f 4635 4973 4639
f 4639 4973 4974
f 4639 4974 4640
f 4640 4974 4975
f 4640 4975 4641
f 4975 4976 4641
f 4641 4976 4977
f 4641 4977 4630
f 4630 4977 4978
f 4630 4978 4631
f 4631 4978 4979
f 4631 4979 4633
f 4633 4979 4634
f 4634 4979 4753
f 4753 4979 4980
f 4753 4980 4752
f 4980 4981 4752
f 4752 4981 4982
f 4752 4982 4750
f 4750 4982 4983
f 4750 4983 4809
f 4809 4983 4984
f 4809 4984 4743
f 4743 4984 4744
f 4744 4984 4985
f 4744 4985 4746
f 4746 4985 4986
f 4746 4986 4987
f 4740 4741 4988
f 4988 4741 4749
f 4988 4749 4987
f 4987 4749 4748
f 4987 4748 4746
f 4989 4990 4991
f 4991 4990 4992
f 4991 4992 4993
f 4993 4992 4906
f 4993 4906 4907
f 4994 4995 4988
f 4988 4995 4989
f 4988 4989 4740
f 4740 4989 4991
f 4986 4996 4987
f 4987 4996 4997
f 4987 4997 4988
f 4988 4997 4998
f 4988 4998 4994
f 4635 4637 4972
f 4972 4637 4638
f 4972 4638 4999
f 4999 4638 4754
f 4999 4754 5000
f 5000 4754 4720
f 5000 4720 5001
f 5001 4720 4722
f 5001 4722 5002
f 5002 4722 4755
f 5002 4755 5003
f 5003 4755 4762
f 5003 4762 5004
f 5004 4762 4761
f 5004 4761 5005
f 5005 4761 4971
f 5005 4971 5006
f 5006 4971 4970
f 4969 5007 4970
f 4970 5007 5008
f 4970 5008 5006
f 5009 5010 4969
f 4969 5010 5011
f 4969 5011 5007
f 4693 5012 5013
f 5013 5012 5014
f 5013 5014 5009
f 5009 5014 5015
f 5009 5015 5010
f 4702 4701 5016
f 5016 4701 5017
f 5016 5017 5013
f 4758 4767 4969
f 4969 4767 4766
f 4969 4766 5009
f 5009 4766 4765
f 5009 4765 5013
f 5013 4765 5018
f 5013 5018 5016
f 4995 5019 4989
f 4989 5019 4643
f 4989 4643 4990
f 4990 4643 4642
f 4990 4642 4992
f 4992 4642 4645
f 4992 4645 4906
f 4906 4645 4658
f 4701 4688 5017
f 5017 4688 4690
f 5017 4690 5013
f 5013 4690 4692
f 5013 4692 4693
f 5020 5021 5022
f 5023 4694 4682
f 5024 5025 5026
f 5027 5028 5029
f 5030 5031 5032
f 4675 4673 5033
f 5034 5035 5036
f 5036 5035 5037
f 5036 5037 5038
f 5038 5037 5039
f 5038 5039 5040
f 5030 5032 4697
f 5031 5034 5032
f 5032 5034 5036
f 5032 5036 5041
f 5041 5036 5038
f 5041 5038 5042
f 5042 5038 5040
f 5042 5040 5043
f 5043 5040 5044
f 5045 5046 5047
f 5047 5046 5048
f 5047 5048 5049
f 5028 5024 5050
f 5051 5052 5045
f 5045 5052 5053
f 5045 5053 5046
f 5046 5053 5054
f 5046 5054 5048
f 5028 5050 5029
f 5029 5050 5055
f 5029 5055 5056
f 5056 5055 5057
f 5056 5057 5058
f 5058 5057 4691
f 5058 4691 4696
f 5027 5029 5059
f 5059 5029 5056
f 5059 5056 5060
f 5060 5056 5058
f 5060 5058 5061
f 5061 5058 4696
f 5061 4696 4695
f 5022 2582 5062
f 5062 2582 5063
f 5064 5065 5051
f 5065 5064 5066
f 5066 5064 5067
f 5066 5067 5068
f 5063 5069 5067
f 5067 5069 5070
f 5067 5070 5068
f 5063 5067 5062
f 5062 5067 5064
f 5062 5064 5071
f 5071 5064 5051
f 5071 5051 5072
f 5072 5051 5045
f 5072 5045 5039
f 5039 5045 5047
f 5039 5047 5040
f 5040 5047 5049
f 5040 5049 5044
f 5073 5074 5075
f 5075 5074 5076
f 5075 5076 5077
f 5077 5076 5078
f 5077 5078 5079
f 5079 5078 5080
f 5079 5080 2581
f 2581 5080 5081
f 5082 5083 5084
f 5082 5084 5085
f 5085 5084 5086
f 5085 5086 5087
f 5087 5086 5088
f 5087 5088 5089
f 5089 5088 5090
f 5089 5090 5091
f 5091 5090 5033
f 5091 5033 5092
f 5092 5033 4673
f 5092 4673 4672
f 4675 5033 5093
f 5093 5033 5090
f 5093 5090 5094
f 5094 5090 5088
f 5094 5088 5095
f 5095 5088 5086
f 5095 5086 5096
f 5096 5086 5084
f 5096 5084 5097
f 5097 5084 5083
f 5097 5083 5098
f 5021 5020 5099
f 5099 5020 5100
f 5099 5100 5101
f 5101 5100 5102
f 5101 5102 5103
f 5103 5102 5104
f 5103 5104 5105
f 5105 5104 5106
f 5105 5106 5098
f 5098 5106 5097
f 5097 5106 5107
f 5097 5107 5096
f 5096 5107 5108
f 5096 5108 5095
f 5095 5108 5109
f 5095 5109 5094
f 5094 5109 5110
f 5094 5110 5093
f 5093 5110 4676
f 5093 4676 4675
f 5082 5111 5083
f 5083 5111 5081
f 5083 5081 5098
f 5098 5081 5080
f 5098 5080 5105
f 5105 5080 5078
f 5105 5078 5103
f 5103 5078 5076
f 5103 5076 5101
f 5101 5076 5074
f 5101 5074 5099
f 5099 5074 5073
f 5099 5073 5021
f 5024 5026 5050
f 5050 5026 5112
f 5050 5112 5055
f 5055 5112 5113
f 5055 5113 5057
f 5057 5113 4693
f 5057 4693 4691
f 5054 5023 5048
f 5048 5023 4682
f 5048 4682 5049
f 5049 4682 4680
f 5049 4680 5044
f 5044 4680 4679
f 5044 4679 5043
f 5043 4679 4684
f 5043 4684 5042
f 5042 4684 4686
f 5042 4686 5041
f 5041 4686 4699
f 5041 4699 5032
f 5032 4699 4698
f 5032 4698 4697
f 5068 5025 5066
f 5066 5025 5024
f 5066 5024 5065
f 5065 5024 5028
f 5065 5028 5051
f 5051 5028 5027
f 5051 5027 5052
f 5052 5027 5059
f 5052 5059 5053
f 5053 5059 5060
f 5053 5060 5054
f 5054 5060 5061
f 5054 5061 5023
f 5023 5061 4695
f 5023 4695 4694
f 5022 5062 5020
f 5020 5062 5071
f 5020 5071 5100
f 5100 5071 5072
f 5100 5072 5102
f 5102 5072 5039
f 5102 5039 5104
f 5104 5039 5037
f 5104 5037 5106
f 5106 5037 5035
f 5106 5035 5107
f 5107 5035 5034
f 5107 5034 5108
f 5108 5034 5031
f 5108 5031 5109
f 5109 5031 5030
f 5109 5030 5110
f 5110 5030 4697
f 5110 4697 4676
f 5114 5115 5116
f 5117 2581 5081
f 5118 5119 5120
f 5121 5122 5123
f 4962 4963 5124
f 5125 5126 5127
f 5127 5126 5128
f 5127 5128 5129
f 4933 5130 4932
f 4932 5130 5126
f 4932 5126 4931
f 4931 5126 5125
f 4931 5125 4964
f 5131 5132 5133
f 5133 5132 5134
f 5133 5134 5135
f 5135 5134 5136
f 5135 5136 5137
f 5138 5139 5140
f 5141 5142 5143
f 5144 5139 5145
f 5145 5139 5138
f 5145 5138 5146
f 5147 4930 5148
f 5148 4930 4923
f 5148 4923 4922
f 5149 4968 5150
f 5150 4968 4928
f 5150 4928 5147
f 5147 4928 4927
f 5147 4927 4930
f 5151 5152 5153
f 5154 5123 5155
f 5155 5123 5122
f 5155 5122 5156
f 5157 5158 5159
f 5158 5160 5161
f 5161 5160 5140
f 5161 5140 5132
f 5132 5140 5139
f 5132 5139 5134
f 5134 5139 5144
f 5134 5144 5136
f 5162 5154 5163
f 5163 5154 5155
f 5163 5155 5164
f 5164 5155 5156
f 5164 5156 5165
f 5165 5118 5166
f 5119 5167 5168
f 5165 5166 5164
f 5164 5166 5169
f 5164 5169 5163
f 5163 5169 5170
f 5163 5170 5162
f 5118 5120 5166
f 5166 5120 5171
f 5166 5171 5169
f 5169 5171 5172
f 5169 5172 5170
f 5167 5117 5168
f 5168 5117 5081
f 5168 5081 5173
f 5173 5081 5111
f 5158 5157 5160
f 5160 5157 5174
f 5160 5174 5140
f 5140 5174 5141
f 5140 5141 5138
f 5138 5141 5143
f 5138 5143 5146
f 5152 5151 5175
f 5175 5151 5176
f 5175 5176 5177
f 5177 5176 5178
f 5177 5178 5179
f 5179 5178 5180
f 5179 5180 5181
f 5181 5180 5182
f 5181 5182 5183
f 5184 5185 5186
f 5186 5185 5187
f 5186 5187 5188
f 5128 5189 5129
f 5129 5189 5190
f 5129 5190 5188
f 5188 5190 5191
f 5188 5191 5186
f 5186 5191 5192
f 5186 5192 5184
f 5116 5193 5194
f 5194 5193 5195
f 5194 5195 5196
f 5196 5195 5197
f 5196 5197 5198
f 5193 5199 5195
f 5195 5199 5200
f 5195 5200 5197
f 5197 5200 5201
f 5197 5201 5198
f 5198 5201 5131
f 5198 5131 5202
f 5202 5131 5133
f 5202 5133 5203
f 5203 5133 5135
f 5203 5135 5124
f 5124 5135 5137
f 5124 5137 4962
f 5204 5205 5206
f 5206 5205 5207
f 5206 5207 5208
f 5208 5207 5209
f 5208 5209 5210
f 4963 4964 5124
f 5124 4964 5125
f 5124 5125 5203
f 5203 5125 5127
f 5203 5127 5202
f 5202 5127 5129
f 5202 5129 5198
f 5198 5129 5188
f 5198 5188 5196
f 5196 5188 5187
f 5196 5187 5194
f 5194 5187 5185
f 5194 5185 5116
f 5116 5185 5184
f 5116 5184 5114
f 5151 5204 5176
f 5176 5204 5206
f 5176 5206 5178
f 5178 5206 5208
f 5178 5208 5180
f 5180 5208 5210
f 5180 5210 5182
f 5146 5149 5145
f 5145 5149 5150
f 5145 5150 5144
f 5144 5150 5147
f 5144 5147 5136
f 5136 5147 5148
f 5136 5148 5137
f 5137 5148 4922
f 5137 4922 4962
f 5119 5168 5120
f 5120 5168 5173
f 5120 5173 5171
f 5171 5173 5211
f 5171 5211 5172
f 5172 5211 5142
f 5172 5142 5170
f 5170 5142 5141
f 5170 5141 5162
f 5162 5141 5174
f 5162 5174 5154
f 5154 5174 5157
f 5154 5157 5123
f 5123 5157 5159
f 5123 5159 5121
f 5111 5082 5173
f 5173 5082 5085
f 5173 5085 5211
f 5211 5085 5087
f 5211 5087 5142
f 5142 5087 5089
f 5142 5089 5143
f 5143 5089 5091
f 5143 5091 5146
f 5146 5091 5092
f 5146 5092 5149
f 5149 5092 4672
f 5149 4672 4968
f 5115 2570 5116
f 5116 2570 5212
f 5116 5212 5193
f 5193 5212 5183
f 5193 5183 5199
f 5199 5183 5182
f 5199 5182 5200
f 5200 5182 5210
f 5200 5210 5201
f 5201 5210 5209
f 5201 5209 5131
f 5131 5209 5207
f 5131 5207 5132
f 5132 5207 5205
f 5132 5205 5161
f 5161 5205 5204
f 5161 5204 5158
f 5158 5204 5151
f 5158 5151 5159
f 5159 5151 5153
f 5159 5153 5121
f 5213 5214 5215
f 5216 5217 5218
f 5217 5216 5219
f 5220 5221 5222
f 5223 5189 5128
f 5224 5225 5226
f 5227 5226 5228
f 4940 4948 5229
f 5230 5231 5232
f 5232 5231 5233
f 5232 5233 5234
f 5234 5233 5235
f 4947 4946 5236
f 5236 4946 4945
f 5235 5233 5237
f 5237 5233 5238
f 5237 5238 5239
f 5239 5238 5236
f 5239 5236 5240
f 5240 5236 4945
f 5240 4945 4944
f 4939 4940 5241
f 5241 4940 5229
f 5241 5229 5242
f 5242 5229 5243
f 5242 5243 5244
f 5244 5243 5245
f 5244 5245 5246
f 5246 5245 5247
f 4948 4947 5229
f 5229 4947 5236
f 5229 5236 5243
f 5243 5236 5238
f 5243 5238 5245
f 5245 5238 5233
f 5245 5233 5247
f 5247 5233 5231
f 5214 5213 5223
f 5223 5213 5190
f 5223 5190 5189
f 5248 5225 5249
f 5249 5225 5224
f 5249 5224 5250
f 5226 5227 5224
f 5224 5227 5251
f 5224 5251 5250
f 5250 5251 5252
f 5250 5252 4934
f 4938 5248 4937
f 4937 5248 5249
f 4937 5249 4936
f 4936 5249 5250
f 4936 5250 4935
f 4935 5250 4934
f 5253 5215 5254
f 5254 5215 5214
f 5254 5214 5255
f 5255 5214 5223
f 5255 5223 5256
f 5256 5223 5128
f 5256 5128 5126
f 5257 5258 5259
f 5259 5258 5260
f 5259 5260 2569
f 5261 5222 5253
f 5253 5222 5221
f 5253 5221 5215
f 5261 5262 5222
f 5222 5262 5258
f 5222 5258 5220
f 5220 5258 5257
f 5220 5257 2570
f 5261 5216 5262
f 5262 5216 5218
f 5262 5218 5258
f 5258 5218 5263
f 5258 5263 5260
f 4938 4939 5248
f 5248 4939 5241
f 5248 5241 5225
f 5225 5241 5242
f 5225 5242 5226
f 5226 5242 5244
f 5226 5244 5228
f 5228 5244 5246
f 2570 5115 5220
f 5220 5115 5114
f 5220 5114 5221
f 5221 5114 5184
f 5221 5184 5215
f 5215 5184 5192
f 5215 5192 5213
f 5213 5192 5191
f 5213 5191 5190
f 5230 5219 5231
f 5231 5219 5216
f 5231 5216 5247
f 5247 5216 5261
f 5247 5261 5246
f 5246 5261 5253
f 5246 5253 5228
f 5228 5253 5254
f 5228 5254 5227
f 5227 5254 5255
f 5227 5255 5251
f 5251 5255 5256
f 5251 5256 5252
f 5252 5256 5126
f 5252 5126 4934
f 4934 5126 5130
f 4934 5130 4933
f 5264 5219 5230
f 5265 5266 5267
f 5268 5269 5270
f 5219 5264 5217
f 5271 5272 5273
f 5274 5275 5276
f 4955 4664 5277
f 5278 4958 4957
f 4957 4955 5278
f 5278 4955 5277
f 5278 5277 5279
f 5279 5277 5280
f 5279 5280 5281
f 5282 5275 5283
f 5283 5275 5274
f 5283 5274 5284
f 4943 4942 5285
f 5285 4942 5284
f 5285 5284 5286
f 5286 5284 5274
f 5286 5274 5287
f 5287 5274 5276
f 5287 5276 5288
f 4950 5282 4920
f 4920 5282 5283
f 4920 5283 4921
f 4921 5283 5284
f 4921 5284 4941
f 4941 5284 4942
f 5289 5232 5290
f 5290 5232 5234
f 5290 5234 5291
f 5291 5234 5235
f 5292 5293 5294
f 5294 5293 5295
f 5294 5295 5296
f 5295 5297 5296
f 5296 5297 5298
f 5296 5298 5299
f 5299 5298 5300
f 5299 5300 5301
f 5301 5300 5302
f 5301 5302 5303
f 5304 5305 5306
f 5306 5305 5307
f 5306 5307 5308
f 5308 5307 5309
f 5308 5309 5310
f 5311 5304 5312
f 5312 5304 5306
f 5312 5306 5313
f 5313 5306 5308
f 5313 5308 5314
f 5314 5308 5310
f 5314 5310 5315
f 5316 5317 5318
f 5316 5319 5317
f 5317 5319 5320
f 5317 5320 5321
f 5302 5322 5303
f 5303 5322 5319
f 5303 5319 5323
f 5323 5319 5316
f 5323 5316 5324
f 5324 5316 5318
f 5324 5318 5264
f 5291 5273 5290
f 5290 5273 5272
f 5290 5272 5289
f 5289 5272 5325
f 5289 5325 5326
f 5326 5325 5327
f 5217 5264 5218
f 5218 5264 5318
f 5218 5318 5263
f 5263 5318 5317
f 5263 5317 5260
f 5260 5317 5321
f 5260 5321 2569
f 5328 5329 5330
f 5330 5329 5331
f 5330 5331 5332
f 5332 5331 5315
f 5332 5315 5333
f 5333 5315 5310
f 5333 5310 5334
f 5334 5310 5309
f 5334 5309 5271
f 5271 5309 5307
f 5271 5307 5272
f 5272 5307 5305
f 5272 5305 5325
f 5325 5305 5304
f 5325 5304 5327
f 5327 5304 5311
f 5265 5267 5335
f 5335 5267 5336
f 5335 5336 5337
f 5280 5338 5281
f 5281 5338 5339
f 5281 5339 5337
f 5337 5339 5340
f 5337 5340 5335
f 5335 5340 5341
f 5335 5341 5265
f 5270 5342 5343
f 5343 5342 5344
f 5343 5344 5345
f 5345 5344 5346
f 5345 5346 5347
f 5348 5349 5350
f 5350 5349 5351
f 5350 5351 5352
f 5352 5351 5353
f 5352 5353 5354
f 5342 5348 5344
f 5344 5348 5350
f 5344 5350 5346
f 5346 5350 5352
f 5346 5352 5347
f 5347 5352 5354
f 5347 5354 5355
f 5355 5354 5356
f 5355 5356 5357
f 5357 5356 5358
f 5357 5358 5359
f 5359 5358 5360
f 5359 5360 4953
f 4953 5360 4954
f 5361 5362 5363
f 5363 5362 5364
f 5363 5364 5365
f 5365 5364 5366
f 5365 5366 5367
f 5367 5366 5368
f 5367 5368 5369
f 5369 5368 5370
f 5369 5370 5288
f 4953 4958 5359
f 5359 4958 5278
f 5359 5278 5357
f 5357 5278 5279
f 5357 5279 5355
f 5355 5279 5281
f 5355 5281 5347
f 5347 5281 5337
f 5347 5337 5345
f 5345 5337 5336
f 5345 5336 5343
f 5343 5336 5267
f 5343 5267 5270
f 5270 5267 5266
f 5270 5266 5268
f 5362 5328 5364
f 5364 5328 5330
f 5364 5330 5366
f 5366 5330 5332
f 5366 5332 5368
f 5368 5332 5333
f 5368 5333 5370
f 5370 5333 5334
f 5370 5334 5288
f 5288 5334 5271
f 5288 5271 5287
f 5287 5271 5273
f 5287 5273 5286
f 5286 5273 5291
f 5286 5291 5285
f 4944 4943 5240
f 5240 4943 5285
f 5240 5285 5239
f 5239 5285 5291
f 5239 5291 5237
f 5237 5291 5235
f 5329 5292 5331
f 5331 5292 5294
f 5331 5294 5315
f 5315 5294 5296
f 5315 5296 5314
f 5314 5296 5299
f 5314 5299 5313
f 5313 5299 5301
f 5313 5301 5312
f 5312 5301 5303
f 5312 5303 5311
f 5311 5303 5323
f 5311 5323 5327
f 5327 5323 5324
f 5327 5324 5326
f 5326 5324 5264
f 5326 5264 5289
f 5289 5264 5230
f 5289 5230 5232
f 5269 2571 5270
f 5270 2571 5371
f 5270 5371 5342
f 5342 5371 5361
f 5342 5361 5348
f 5348 5361 5363
f 5348 5363 5349
f 5349 5363 5365
f 5349 5365 5351
f 5351 5365 5367
f 5351 5367 5353
f 5353 5367 5369
f 5353 5369 5354
f 5354 5369 5288
f 5354 5288 5356
f 5356 5288 5276
f 5356 5276 5358
f 5358 5276 5275
f 5358 5275 5360
f 5360 5275 5282
f 5360 5282 4954
f 4954 5282 4950
f 5265 5341 5372
f 5373 5374 5375
f 5376 5377 5378
f 5376 5378 5379
f 5379 5378 5380
f 5379 5380 5381
f 4643 5381 4644
f 4644 5381 5380
f 4644 5380 4646
f 5382 5383 5384
f 5384 5383 5385
f 5384 5385 5386
f 5386 5385 5387
f 5386 5387 5388
f 5389 5390 5391
f 5391 5390 5392
f 5391 5392 5393
f 5393 5392 5394
f 5389 5395 5390
f 5390 5395 4670
f 5390 4670 5392
f 5392 4670 4669
f 5392 4669 5394
f 5394 4669 4668
f 5393 5382 5391
f 5391 5382 5384
f 5391 5384 5389
f 5389 5384 5386
f 5389 5386 5395
f 5395 5386 5388
f 5395 5388 5396
f 5396 5388 5397
f 5398 5399 5400
f 5400 5399 5401
f 5400 5401 5402
f 5403 5404 5405
f 5405 5404 5406
f 5405 5406 5407
f 5407 5406 5408
f 5404 5409 5406
f 5406 5409 5410
f 5406 5410 5408
f 5408 5410 5411
f 5412 5413 5398
f 5398 5413 5414
f 5398 5414 5399
f 5399 5414 5415
f 5399 5415 5401
f 5280 5277 5409
f 5409 5277 5416
f 5409 5416 5410
f 5410 5416 5417
f 5410 5417 5411
f 5411 5417 5418
f 5419 4665 5420
f 5420 4665 4653
f 5420 4653 5421
f 5421 4653 4651
f 5421 4651 5422
f 5422 4651 4650
f 5422 4650 5423
f 5423 4650 4655
f 5423 4655 4657
f 5280 5409 5338
f 5338 5409 5404
f 5338 5404 5339
f 5339 5404 5403
f 5339 5403 5340
f 5375 2571 5424
f 5424 2571 5269
f 5425 5426 5412
f 5426 5425 5372
f 5372 5425 5427
f 5372 5427 5265
f 5269 5268 5427
f 5427 5268 5266
f 5427 5266 5265
f 5269 5427 5424
f 5424 5427 5425
f 5424 5425 5428
f 5428 5425 5412
f 5428 5412 5429
f 5429 5412 5398
f 5429 5398 5387
f 5387 5398 5400
f 5387 5400 5388
f 5388 5400 5402
f 5388 5402 5397
f 5430 5431 5432
f 5432 5431 5433
f 5432 5433 5434
f 5434 5433 5435
f 5434 5435 5436
f 5436 5435 5437
f 5436 5437 2594
f 2594 5437 5438
f 5439 5440 5441
f 5441 5440 5442
f 5441 5442 5443
f 5443 5442 5444
f 5443 5444 5445
f 5445 5444 5377
f 5445 5377 5446
f 5446 5377 5376
f 4646 5380 5447
f 5447 5380 5378
f 5447 5378 5448
f 5448 5378 5377
f 5448 5377 5449
f 5449 5377 5444
f 5449 5444 5450
f 5450 5444 5442
f 5450 5442 5451
f 5451 5442 5440
f 5451 5440 5452
f 5374 5373 5453
f 5453 5373 5454
f 5453 5454 5455
f 5455 5454 5456
f 5455 5456 5457
f 5457 5456 5458
f 5457 5458 5459
f 5459 5458 5460
f 5459 5460 5452
f 5452 5460 5451
f 5451 5460 5461
f 5451 5461 5450
f 5450 5461 5462
f 5450 5462 5449
f 5449 5462 5463
f 5449 5463 5448
f 5448 5463 5464
f 5448 5464 5447
f 5447 5464 4647
f 5447 4647 4646
f 5439 5465 5440
f 5440 5465 5438
f 5440 5438 5452
f 5452 5438 5437
f 5452 5437 5459
f 5459 5437 5435
f 5459 5435 5457
f 5457 5435 5433
f 5457 5433 5455
f 5455 5433 5431
f 5455 5431 5453
f 5453 5431 5430
f 5453 5430 5374
f 5277 4664 5416
f 5416 4664 4662
f 5416 4662 5417
f 5417 4662 4667
f 5417 4667 5418
f 5418 4667 4666
f 5415 5419 5401
f 5401 5419 5420
f 5401 5420 5402
f 5402 5420 5421
f 5402 5421 5397
f 5397 5421 5422
f 5397 5422 5396
f 5396 5422 5423
f 5396 5423 5395
f 5395 5423 4657
f 5395 4657 4670
f 5341 5340 5372
f 5372 5340 5403
f 5372 5403 5426
f 5426 5403 5405
f 5426 5405 5412
f 5412 5405 5407
f 5412 5407 5413
f 5413 5407 5408
f 5413 5408 5414
f 5414 5408 5411
f 5414 5411 5415
f 5415 5411 5418
f 5415 5418 5419
f 5419 5418 4666
f 5419 4666 4665
f 5375 5424 5373
f 5373 5424 5428
f 5373 5428 5454
f 5454 5428 5429
f 5454 5429 5456
f 5456 5429 5387
f 5456 5387 5458
f 5458 5387 5385
f 5458 5385 5460
f 5460 5385 5383
f 5460 5383 5461
f 5461 5383 5382
f 5461 5382 5462
f 5462 5382 5393
f 5462 5393 5463
f 5463 5393 5394
f 5463 5394 5464
f 5464 5394 4668
f 5464 4668 4647
f 5466 5443 5445
f 5467 5468 5469
f 5470 5471 5472
f 5443 5466 5441
f 5473 5474 5475
f 5476 5477 5478
f 5479 5480 5481
f 5481 5480 5482
f 5481 5482 5483
f 5484 5485 5479
f 5479 5485 5486
f 5479 5486 5480
f 5484 4984 5485
f 5485 4984 4983
f 5485 4983 4982
f 5487 5477 5488
f 5488 5477 5476
f 5488 5476 5489
f 5490 5491 4998
f 5490 5487 5491
f 5491 5487 5488
f 5491 5488 5492
f 5492 5488 5489
f 5492 5489 5493
f 5494 5446 5495
f 5495 5446 5376
f 5495 5376 5496
f 5496 5376 5379
f 5496 5379 5381
f 5497 5498 5499
f 5499 5498 5500
f 5499 5500 5501
f 5500 5502 5501
f 5501 5502 5503
f 5501 5503 5504
f 5504 5503 5505
f 5504 5505 5506
f 5506 5505 5507
f 5506 5507 5508
f 5509 5510 5511
f 5511 5510 5512
f 5511 5512 5513
f 5513 5512 5514
f 5513 5514 5515
f 5516 5509 5517
f 5517 5509 5511
f 5517 5511 5518
f 5518 5511 5513
f 5518 5513 5519
f 5519 5513 5515
f 5519 5515 5520
f 5521 5522 5523
f 5521 5524 5522
f 5522 5524 5525
f 5522 5525 5526
f 5507 5527 5508
f 5508 5527 5524
f 5508 5524 5528
f 5528 5524 5521
f 5528 5521 5529
f 5529 5521 5523
f 5529 5523 5466
f 5496 5475 5495
f 5495 5475 5474
f 5495 5474 5494
f 5494 5474 5530
f 5494 5530 5531
f 5531 5530 5532
f 5441 5466 5439
f 5439 5466 5523
f 5439 5523 5465
f 5465 5523 5522
f 5465 5522 5438
f 5438 5522 5526
f 5438 5526 2594
f 5533 5534 5535
f 5535 5534 5536
f 5535 5536 5537
f 5537 5536 5520
f 5537 5520 5538
f 5538 5520 5515
f 5538 5515 5539
f 5539 5515 5514
f 5539 5514 5473
f 5473 5514 5512
f 5473 5512 5474
f 5474 5512 5510
f 5474 5510 5530
f 5530 5510 5509
f 5530 5509 5532
f 5532 5509 5516
f 5467 5469 5540
f 5540 5469 5541
f 5540 5541 5483
f 5482 5542 5483
f 5483 5542 5543
f 5483 5543 5540
f 5540 5543 5544
f 5540 5544 5467
f 5472 5545 5546
f 5546 5545 5547
f 5546 5547 5548
f 5548 5547 5549
f 5548 5549 5550
f 5551 5552 5553
f 5553 5552 5554
f 5553 5554 5555
f 5555 5554 5556
f 5555 5556 5557
f 5545 5551 5547
f 5547 5551 5553
f 5547 5553 5549
f 5549 5553 5555
f 5549 5555 5550
f 5550 5555 5557
f 5550 5557 5558
f 5558 5557 5559
f 5558 5559 5560
f 5560 5559 5561
f 5560 5561 5562
f 5562 5561 5563
f 5562 5563 4985
f 5564 5565 5566
f 5566 5565 5567
f 5566 5567 5568
f 5568 5567 5569
f 5568 5569 5570
f 5570 5569 5571
f 5570 5571 5572
f 5572 5571 5573
f 5572 5573 5478
f 4985 4984 5562
f 5562 4984 5484
f 5562 5484 5560
f 5560 5484 5479
f 5560 5479 5558
f 5558 5479 5481
f 5558 5481 5550
f 5550 5481 5483
f 5550 5483 5548
f 5548 5483 5541
f 5548 5541 5546
f 5546 5541 5469
f 5546 5469 5472
f 5472 5469 5468
f 5472 5468 5470
f 5565 5533 5567
f 5567 5533 5535
f 5567 5535 5569
f 5569 5535 5537
f 5569 5537 5571
f 5571 5537 5538
f 5571 5538 5573
f 5573 5538 5539
f 5573 5539 5478
f 5478 5539 5473
f 5478 5473 5476
f 5476 5473 5475
f 5476 5475 5489
f 5489 5475 5496
f 5489 5496 5493
f 5493 5496 5381
f 5381 4643 5493
f 5493 4643 5019
f 5493 5019 5492
f 5492 5019 4995
f 5492 4995 5491
f 5491 4995 4994
f 5491 4994 4998
f 4997 4996 5563
f 5563 4996 4986
f 5563 4986 4985
f 5534 5497 5536
f 5536 5497 5499
f 5536 5499 5520
f 5520 5499 5501
f 5520 5501 5519
f 5519 5501 5504
f 5519 5504 5518
f 5518 5504 5506
f 5518 5506 5517
f 5517 5506 5508
f 5517 5508 5516
f 5516 5508 5528
f 5516 5528 5532
f 5532 5528 5529
f 5532 5529 5531
f 5531 5529 5466
f 5531 5466 5494
f 5494 5466 5445
f 5494 5445 5446
f 5471 2593 5472
f 5472 2593 5574
f 5472 5574 5545
f 5545 5574 5564
f 5545 5564 5551
f 5551 5564 5566
f 5551 5566 5552
f 5552 5566 5568
f 5552 5568 5554
f 5554 5568 5570
f 5554 5570 5556
f 5556 5570 5572
f 5556 5572 5557
f 5557 5572 5478
f 5557 5478 5559
f 5559 5478 5477
f 5559 5477 5561
f 5561 5477 5487
f 5561 5487 5563
f 5563 5487 5490
f 5563 5490 4997
f 4997 5490 4998
f 5470 5468 5575
f 5576 5577 5578
f 4973 4972 5579
f 5580 5581 5582
f 5583 5584 5585
f 5585 5584 5586
f 5585 5586 5587
f 5587 5586 5588
f 5587 5588 5589
f 5589 5588 5590
f 5589 5590 5591
f 5001 5583 5000
f 5000 5583 5585
f 5000 5585 4999
f 4999 5585 4972
f 4972 5585 5579
f 5579 5585 5587
f 5579 5587 5592
f 5592 5587 5589
f 5592 5589 5593
f 5593 5589 5591
f 5593 5591 5594
f 5594 5591 5595
f 5594 5595 5578
f 5596 5597 5598
f 5598 5597 5599
f 5578 5577 5594
f 5594 5577 5600
f 5594 5600 5593
f 5593 5600 5601
f 5593 5601 5592
f 5592 5601 5602
f 5592 5602 5579
f 5579 5602 4974
f 5579 4974 4973
f 2593 5471 5603
f 5468 5467 5575
f 5575 5467 5596
f 5575 5596 5604
f 5604 5596 5598
f 5605 5606 5607
f 5607 5606 5608
f 5607 5608 2592
f 5609 5610 5611
f 5611 5610 5612
f 5611 5612 5613
f 5613 5612 5614
f 5613 5614 5615
f 5471 5470 5603
f 5603 5470 5575
f 5603 5575 5616
f 5616 5575 5604
f 5616 5604 5617
f 5581 5609 5582
f 5582 5609 5611
f 5582 5611 5618
f 5618 5611 5613
f 5618 5613 5617
f 5617 5613 5615
f 5617 5615 5616
f 5614 5619 5615
f 5615 5619 5608
f 5615 5608 5616
f 5616 5608 5606
f 5616 5606 5603
f 5603 5606 5605
f 5603 5605 2593
f 5620 5485 4982
f 4982 4981 5620
f 5620 4981 4980
f 5620 4980 5621
f 5621 4980 4979
f 5621 4979 5622
f 4979 4978 5622
f 5622 4978 4977
f 5622 4977 5623
f 5623 4977 4976
f 5623 4976 4975
f 5486 5485 5576
f 5576 5485 5620
f 5576 5620 5577
f 5577 5620 5621
f 5577 5621 5600
f 5600 5621 5622
f 5600 5622 5601
f 5601 5622 5623
f 5601 5623 5602
f 5602 5623 4975
f 5602 4975 4974
f 5467 5544 5596
f 5596 5544 5543
f 5596 5543 5597
f 5597 5543 5542
f 5597 5542 5599
f 5599 5542 5482
f 5599 5482 5480
f 5584 5580 5586
f 5586 5580 5582
f 5586 5582 5588
f 5588 5582 5618
f 5588 5618 5590
f 5590 5618 5617
f 5590 5617 5591
f 5591 5617 5604
f 5591 5604 5595
f 5595 5604 5598
f 5595 5598 5578
f 5578 5598 5599
f 5578 5599 5576
f 5576 5599 5480
f 5576 5480 5486
f 5583 5001 5002
f 5624 5625 5626
f 5627 5581 5580
f 5011 5010 5628
f 5012 4693 5113
f 5012 5113 5014
f 5629 5630 5631
f 5631 5630 5632
f 5631 5632 5633
f 5633 5632 5634
f 5633 5634 5635
f 5636 5637 5638
f 5639 5640 5627
f 5581 5627 5609
f 5609 5627 5640
f 5609 5640 5610
f 5641 5637 5642
f 5642 5637 5636
f 5642 5636 5643
f 5644 5645 5004
f 5004 5005 5644
f 5644 5005 5006
f 5644 5006 5646
f 5646 5006 5008
f 5646 5008 5007
f 5647 5648 5649
f 5650 5651 5652
f 5652 5651 5638
f 5652 5638 5630
f 5630 5638 5637
f 5630 5637 5632
f 5632 5637 5641
f 5632 5641 5634
f 5626 5625 5653
f 5653 5625 5654
f 5653 5654 5655
f 5655 5654 5656
f 5655 5656 5657
f 5657 5656 5658
f 5657 5658 5659
f 5659 5658 5660
f 5659 5660 5661
f 2592 5608 5662
f 5662 5608 5624
f 5662 5624 5663
f 5663 5624 5626
f 5664 5665 5666
f 5666 5665 5667
f 5666 5667 5668
f 5668 5667 5669
f 5668 5669 5670
f 5670 5669 5671
f 5670 5671 5672
f 5608 5619 5624
f 5624 5619 5664
f 5624 5664 5625
f 5625 5664 5666
f 5625 5666 5654
f 5654 5666 5668
f 5654 5668 5656
f 5656 5668 5670
f 5656 5670 5658
f 5658 5670 5672
f 5658 5672 5660
f 5580 5643 5627
f 5627 5643 5636
f 5627 5636 5639
f 5639 5636 5638
f 5639 5638 5673
f 5673 5638 5651
f 5673 5651 5674
f 5674 5651 5650
f 5674 5650 5675
f 5676 5070 5069
f 5648 5647 5677
f 5677 5647 5678
f 5677 5678 5679
f 5679 5678 5680
f 5679 5680 5681
f 5681 5680 5682
f 5681 5682 5683
f 5683 5682 5684
f 5683 5684 5685
f 5070 5676 5686
f 5686 5676 5687
f 5686 5687 5688
f 5015 5014 5689
f 5689 5014 5113
f 5689 5113 5690
f 5690 5113 5112
f 5690 5112 5691
f 5691 5112 5026
f 5691 5026 5688
f 5688 5026 5025
f 5688 5025 5686
f 5686 5025 5068
f 5686 5068 5070
f 5692 5693 5694
f 5694 5693 5695
f 5694 5695 5696
f 5696 5695 5697
f 5696 5697 5698
f 5693 5699 5695
f 5695 5699 5700
f 5695 5700 5697
f 5697 5700 5701
f 5697 5701 5698
f 5698 5701 5629
f 5698 5629 5702
f 5702 5629 5631
f 5702 5631 5703
f 5703 5631 5633
f 5703 5633 5628
f 5628 5633 5635
f 5628 5635 5011
f 5704 5705 5706
f 5706 5705 5707
f 5706 5707 5708
f 5708 5707 5709
f 5708 5709 5710
f 5010 5015 5628
f 5628 5015 5689
f 5628 5689 5703
f 5703 5689 5690
f 5703 5690 5702
f 5702 5690 5691
f 5702 5691 5698
f 5698 5691 5688
f 5698 5688 5696
f 5696 5688 5687
f 5696 5687 5694
f 5694 5687 5676
f 5694 5676 5692
f 5692 5676 5069
f 5692 5069 5063
f 5647 5704 5678
f 5678 5704 5706
f 5678 5706 5680
f 5680 5706 5708
f 5680 5708 5682
f 5682 5708 5710
f 5682 5710 5684
f 5584 5583 5711
f 5711 5583 5002
f 5711 5002 5645
f 5645 5002 5003
f 5645 5003 5004
f 5580 5584 5643
f 5643 5584 5711
f 5643 5711 5642
f 5642 5711 5645
f 5642 5645 5641
f 5641 5645 5644
f 5641 5644 5634
f 5634 5644 5646
f 5634 5646 5635
f 5635 5646 5007
f 5635 5007 5011
f 5619 5614 5664
f 5664 5614 5612
f 5664 5612 5665
f 5665 5612 5610
f 5665 5610 5667
f 5667 5610 5640
f 5667 5640 5669
f 5669 5640 5639
f 5669 5639 5671
f 5671 5639 5673
f 5671 5673 5672
f 5672 5673 5674
f 5672 5674 5660
f 5660 5674 5675
f 5660 5675 5661
f 5063 2582 5692
f 5692 2582 5712
f 5692 5712 5693
f 5693 5712 5685
f 5693 5685 5699
f 5699 5685 5684
f 5699 5684 5700
f 5700 5684 5710
f 5700 5710 5701
f 5701 5710 5709
f 5701 5709 5629
f 5629 5709 5707
f 5629 5707 5630
f 5630 5707 5705
f 5630 5705 5652
f 5652 5705 5704
f 5652 5704 5650
f 5650 5704 5647
f 5650 5647 5675
f 5675 5647 5649
f 5675 5649 5661
f 4626 4625 4602
f 5605 5607 5713
f 5714 5715 5716
f 5605 5713 2593
f 4581 4580 4607
f 4607 4580 4585
f 5714 5716 5717
f 4626 4602 4621
f 5375 5374 5718
f 5292 5718 5293
f 5293 5718 5719
f 2582 5022 4551
f 4552 5649 5648
f 4622 5719 4623
f 4623 5719 5717
f 4623 5717 4625
f 4625 5717 5716
f 4625 5716 4602
f 4602 5716 5713
f 4602 5713 4552
f 4552 5713 5607
f 4552 5607 2592
f 5375 5718 2571
f 5295 5293 4607
f 4607 5293 5719
f 4607 5719 4629
f 4629 5719 4622
f 4629 4622 4574
f 4574 4622 4575
f 5122 5121 4549
f 5657 5659 4552
f 4552 5659 5661
f 4552 5661 5649
f 5498 5497 5713
f 2570 5257 4549
f 4549 5257 5259
f 4549 5259 4585
f 4585 5259 2569
f 4585 2569 4607
f 4607 2569 5321
f 4607 5321 5320
f 5022 5021 4551
f 4551 5021 5073
f 4551 5073 4550
f 4550 5073 5075
f 4576 4578 4602
f 4602 4578 4620
f 4602 4620 4621
f 5374 5430 5718
f 5718 5430 5432
f 5718 5432 5720
f 5720 5432 5434
f 5720 5434 5436
f 4607 5302 5300
f 5121 5153 4549
f 4549 5153 5152
f 4549 5152 5175
f 5648 5677 4552
f 4552 5677 5679
f 4552 5679 4551
f 4551 5679 5681
f 4551 5681 5683
f 5075 5077 4550
f 4550 5077 5079
f 4550 5079 2581
f 2592 5662 4552
f 4552 5662 5663
f 4552 5663 5626
f 5626 5653 4552
f 4552 5653 5655
f 4552 5655 5657
f 5436 2594 5720
f 5720 2594 5526
f 5720 5526 5525
f 5720 5507 5505
f 5320 5319 4607
f 4607 5319 5322
f 4607 5322 5302
f 5300 5298 4607
f 4607 5298 5297
f 4607 5297 5295
f 5683 5685 4551
f 4551 5685 5712
f 4551 5712 2582
f 5497 5534 5713
f 5713 5534 5533
f 5713 5533 5565
f 5292 5329 5718
f 5718 5329 5328
f 5718 5328 5362
f 5505 5503 5720
f 5720 5503 5502
f 5720 5502 5713
f 5713 5502 5500
f 5713 5500 5498
f 5175 5177 4549
f 4549 5177 5179
f 4549 5179 5181
f 5565 5564 5713
f 5713 5564 5574
f 5713 5574 2593
f 5362 5361 5718
f 5718 5361 5371
f 5718 5371 2571
f 5525 5524 5720
f 5720 5524 5527
f 5720 5527 5507
f 5181 5183 4549
f 4549 5183 5212
f 4549 5212 2570
f 2581 5117 4550
f 4550 5117 5167
f 4550 5167 5119
f 5119 5118 4550
f 4550 5118 5165
f 4550 5165 4549
f 4549 5165 5156
f 4549 5156 5122
f 5018 4765 4764
f 4507 5016 4522
f 4522 5016 5018
f 4522 5018 4835
f 4835 5018 4764
f 4966 4489 4965
f 4965 4489 4534
f 4534 4773 4965
f 4965 4773 4775
f 4965 4775 4774
f 4702 5016 4703
f 4703 5016 4507
f 4703 4507 4709
f 4709 4507 4508
f 4709 4508 4708
f 4708 4508 4509
f 4708 4509 4707
f 4707 4509 4510
f 4707 4510 4706
f 4706 4510 4490
f 4706 4490 4705
f 4705 4490 4489
f 4705 4489 4704
f 4704 4489 4966
f 4993 5721 4991
f 4991 5721 4739
f 4961 4803 4711
f 4739 4737 4991
f 4991 4737 4736
f 4991 4736 4740
f 5722 4959 4726
f 4726 4959 4961
f 4726 4961 4710
f 4710 4961 4711
f 4904 4959 4905
f 4905 4959 5722
f 4905 5722 4912
f 4912 5722 5723
f 4912 5723 4911
f 4911 5723 5724
f 4911 5724 4910
f 4910 5724 5725
f 4910 5725 4909
f 4909 5725 5726
f 4909 5726 4908
f 4908 5726 5721
f 4908 5721 4907
f 4907 5721 4993
f 5727 5728 5729
f 5730 5731 5732
f 5733 5734 5735
f 5735 5734 5736
f 5735 5736 5729
f 5729 5736 5737
f 5729 5737 5727
f 5733 5735 5738
f 5738 5735 5739
f 5738 5739 5740
f 5730 5741 5731
f 5731 5741 5742
f 5731 5742 5743
f 5744 5745 5746
f 5746 5745 5747
f 5746 5747 5748
f 5748 5747 5749
f 5748 5749 5750
f 5750 5749 5751
f 5750 5751 5752
f 5753 5754 5755
f 5755 5754 5728
f 5755 5728 5756
f 5756 5728 5727
f 5742 5757 5743
f 5743 5757 5758
f 5743 5758 5739
f 5739 5758 5759
f 5739 5759 5740
f 5751 5760 5752
f 5752 5760 5761
f 5752 5761 5762
f 5762 5761 5763
f 5762 5763 5732
f 5732 5763 5764
f 5732 5764 5730
f 5753 5765 5754
f 5754 5765 5766
f 5754 5766 5767
f 5767 5766 5768
f 5767 5768 5769
f 5769 5768 5770
f 5769 5770 5744
f 5744 5770 5771
f 5744 5771 5745
f 5772 5773 5774
f 5774 5773 5775
f 5774 5775 5776
f 5776 5775 5777
f 5776 5777 5778
f 5778 5777 5779
f 5778 5779 5780
f 5780 5779 5781
f 5780 5781 5782
f 5782 5781 5783
f 5782 5783 5784
f 5784 5783 5785
f 5784 5785 5786
f 5786 5785 5787
f 5786 5787 5788
f 5788 5787 5789
f 5788 5789 5790
f 5790 5789 5791
f 5790 5791 5792
f 5792 5791 5793
f 5792 5793 5794
f 5794 5793 5795
f 5794 5795 5796
f 5796 5795 5797
f 5796 5797 5798
f 5798 5797 5799
f 5798 5799 5800
f 5800 5799 5801
f 5800 5801 5802
f 5802 5801 5803
f 5802 5803 5772
f 5772 5803 5773
f 5789 5804 5791
f 5791 5804 5805
f 5791 5805 5793
f 5793 5805 5806
f 5793 5806 5795
f 5795 5806 5807
f 5795 5807 5797
f 5797 5807 5808
f 5797 5808 5799
f 5799 5808 5809
f 5799 5809 5801
f 5801 5809 5803
f 5803 5809 5810
f 5803 5810 5773
f 5773 5810 5811
f 5773 5811 5775
f 5775 5811 5812
f 5775 5812 5777
f 5777 5812 5813
f 5777 5813 5779
f 5779 5813 5814
f 5779 5814 5781
f 5781 5814 5815
f 5781 5815 5783
f 5783 5815 5816
f 5783 5816 5785
f 5785 5816 5817
f 5785 5817 5787
f 5787 5817 5818
f 5787 5818 5789
f 5789 5818 5819
f 5789 5819 5804
f 5811 5731 5812
f 5812 5731 5743
f 5812 5743 5813
f 5813 5743 5739
f 5813 5739 5814
f 5814 5739 5735
f 5814 5735 5815
f 5815 5735 5729
f 5815 5729 5816
f 5816 5729 5728
f 5816 5728 5817
f 5817 5728 5754
f 5817 5754 5818
f 5818 5754 5767
f 5818 5767 5819
f 5819 5767 5769
f 5819 5769 5804
f 5804 5769 5744
f 5804 5744 5805
f 5805 5744 5746
f 5805 5746 5806
f 5806 5746 5748
f 5806 5748 5807
f 5807 5748 5750
f 5807 5750 5808
f 5808 5750 5752
f 5808 5752 5809
f 5809 5752 5762
f 5809 5762 5810
f 5810 5762 5732
f 5810 5732 5811
f 5811 5732 5731
f 5820 5821 5822
f 5823 5824 5822
f 5822 5824 5825
f 5822 5825 5826
f 5827 5828 5824
f 5824 5828 5829
f 5824 5829 5830
f 5831 5832 5833
f 5833 5832 5834
f 5830 5835 5824
f 5824 5835 5832
f 5824 5832 5836
f 5836 5832 5831
f 5823 5837 5824
f 5824 5837 5838
f 5824 5838 5839
f 5839 5840 5824
f 5824 5840 5841
f 5824 5841 5827
f 5826 5842 5822
f 5822 5842 5843
f 5822 5843 5820
f 5820 5843 5844
f 5820 5844 5845
f 5845 5844 5846
f 5845 5846 5847
f 5847 5846 5848
f 5847 5848 5849
f 5850 5782 5851
f 5851 5782 5784
f 5851 5784 5852
f 5852 5784 5786
f 5852 5786 5853
f 5853 5786 5788
f 5853 5788 5854
f 5854 5788 5790
f 5854 5790 5855
f 5855 5790 5792
f 5855 5792 5856
f 5792 5794 5856
f 5856 5794 5796
f 5856 5796 5857
f 5857 5796 5798
f 5857 5798 5858
f 5858 5798 5800
f 5858 5800 5859
f 5859 5800 5802
f 5859 5802 5860
f 5860 5802 5772
f 5860 5772 5861
f 5861 5772 5774
f 5861 5774 5862
f 5862 5774 5776
f 5862 5776 5863
f 5863 5776 5778
f 5863 5778 5850
f 5850 5778 5780
f 5850 5780 5782
f 5864 5721 5726
f 5839 5865 5840
f 5840 5865 5866
f 5840 5866 5841
f 5841 5866 5827
f 5867 5868 5839
f 5839 5868 5869
f 5839 5869 5865
f 5822 5870 5823
f 5823 5870 5871
f 5823 5871 5837
f 5837 5871 5867
f 5837 5867 5838
f 5838 5867 5839
f 5831 5872 5836
f 5836 5872 5873
f 5836 5873 5824
f 5824 5873 5874
f 5824 5874 5825
f 5825 5874 5826
f 5835 5875 5832
f 5832 5875 5876
f 5832 5876 5834
f 5834 5876 5877
f 5834 5877 5833
f 5833 5877 5878
f 5833 5878 5831
f 5831 5878 5879
f 5831 5879 5872
f 5866 5880 5827
f 5827 5880 5864
f 5827 5864 5828
f 5828 5864 5726
f 5828 5726 5829
f 5829 5726 5725
f 5829 5725 5830
f 5830 5725 5724
f 5830 5724 5835
f 5835 5724 5723
f 5835 5723 5875
f 5875 5723 5722
f 5730 5826 5881
f 5881 5826 5874
f 5881 5874 5882
f 5882 5874 5873
f 5882 5873 5883
f 5883 5873 5872
f 5883 5872 5884
f 5884 5872 5879
f 5884 5879 5885
f 5885 5879 5886
f 5879 5878 5886
f 5886 5878 5877
f 5886 5877 5887
f 5887 5877 5876
f 5888 5889 5876
f 5876 5889 5890
f 5876 5890 5887
f 4726 4725 5722
f 5722 4725 5888
f 5722 5888 5875
f 5875 5888 5876
f 5889 5888 5891
f 5887 5890 5738
f 5758 5886 5759
f 5759 5886 5887
f 5759 5887 5740
f 5740 5887 5738
f 5883 5884 5758
f 5758 5884 5885
f 5758 5885 5886
f 5730 5881 5741
f 5741 5881 5882
f 5741 5882 5742
f 5742 5882 5883
f 5742 5883 5757
f 5757 5883 5758
f 5753 5892 5765
f 5765 5892 5893
f 5765 5893 5766
f 5766 5893 5894
f 5766 5894 5768
f 5768 5894 5895
f 5768 5895 5770
f 5770 5895 5771
f 5896 5897 5898
f 5890 5889 5738
f 5738 5889 5891
f 5738 5891 5733
f 5733 5891 5899
f 5733 5899 5734
f 5734 5899 5900
f 5734 5900 5736
f 5900 5901 5736
f 5736 5901 5902
f 5736 5902 5737
f 5902 5903 5737
f 5737 5903 5896
f 5737 5896 5727
f 5727 5896 5898
f 5727 5898 5756
f 5756 5898 5904
f 5756 5904 5755
f 5755 5904 5905
f 5755 5905 5753
f 5753 5905 5906
f 5753 5906 5892
f 5907 5908 5909
f 5909 5908 5910
f 5910 5908 5718
f 5718 5908 5719
f 5909 5910 5720
f 5720 5910 5718
f 5907 5909 5713
f 5713 5909 5720
f 4727 5888 4725
f 5820 5845 5911
f 5911 5845 5912
f 5912 5845 5913
f 5913 5845 5847
f 5913 5847 5914
f 5914 5847 5915
f 5915 5847 5849
f 5915 5849 5916
f 5916 5849 5848
f 5916 5848 5917
f 5917 5848 5918
f 5918 5848 5846
f 5918 5846 5919
f 5919 5846 5920
f 5920 5846 5844
f 5920 5844 5921
f 5921 5844 5843
f 5921 5843 5922
f 5922 5923 5763
f 5826 5730 5842
f 5842 5730 5764
f 5842 5764 5924
f 5763 5923 5764
f 5764 5923 5925
f 5764 5925 5924
f 5922 5763 5921
f 5921 5763 5761
f 5921 5761 5920
f 5920 5761 5919
f 5919 5761 5760
f 5919 5760 5918
f 5918 5760 5917
f 5917 5760 5751
f 5917 5751 5916
f 5749 5914 5751
f 5751 5914 5915
f 5751 5915 5916
f 5926 5911 5747
f 5747 5911 5912
f 5747 5912 5749
f 5749 5912 5913
f 5749 5913 5914
f 5822 5821 5771
f 5771 5821 5927
f 5771 5927 5745
f 5745 5927 5928
f 5745 5928 5747
f 5747 5928 5929
f 5747 5929 5926
f 5843 5842 5924
f 5924 5925 5843
f 5843 5925 5923
f 5843 5923 5922
f 5911 5926 5820
f 5820 5926 5929
f 5929 5928 5820
f 5820 5928 5927
f 5820 5927 5821
f 4730 5900 4732
f 5930 5931 5932
f 5932 5931 5933
f 5934 5935 5936
f 5934 5936 5937
f 5938 5939 5936
f 5936 5939 5940
f 5936 5940 5937
f 5941 5942 5936
f 5936 5942 5943
f 5936 5943 5938
f 5944 5945 5936
f 5936 5945 5946
f 5936 5946 5941
f 5935 5947 5936
f 5936 5947 5948
f 5936 5948 5944
f 5941 5853 5942
f 5942 5853 5854
f 5942 5854 5943
f 5943 5854 5855
f 5943 5855 5938
f 5938 5855 5856
f 5938 5856 5939
f 5939 5856 5857
f 5939 5857 5940
f 5940 5857 5858
f 5940 5858 5937
f 5937 5858 5859
f 5937 5859 5934
f 5934 5859 5860
f 5934 5860 5935
f 5935 5860 5861
f 5935 5861 5947
f 5947 5861 5862
f 5947 5862 5948
f 5948 5862 5863
f 5948 5863 5944
f 5944 5863 5850
f 5944 5850 5945
f 5945 5850 5851
f 5945 5851 5946
f 5946 5851 5852
f 5946 5852 5941
f 5941 5852 5853
f 5904 5866 5905
f 5905 5866 5865
f 5905 5865 5906
f 5906 5865 5869
f 5906 5869 5892
f 5892 5869 5868
f 5892 5868 5893
f 5893 5868 5867
f 5893 5867 5894
f 5894 5867 5871
f 5894 5871 5895
f 5895 5871 5870
f 5895 5870 5771
f 5771 5870 5822
f 4819 4739 5897
f 5897 4739 5721
f 5897 5721 5898
f 5898 5721 5864
f 5898 5864 5904
f 5904 5864 5880
f 5904 5880 5866
f 4819 5897 4820
f 5717 5719 5933
f 5933 5719 5908
f 5933 5908 5932
f 5932 5908 5907
f 5932 5907 5716
f 5716 5907 5713
f 5903 5902 4735
f 4735 4734 5903
f 5903 4734 4843
f 5903 4843 5896
f 5896 4843 4820
f 5896 4820 5897
f 4732 5900 4874
f 4874 5900 5899
f 4874 5899 4882
f 4882 5899 5891
f 4882 5891 4727
f 4727 5891 5888
f 4735 5902 4851
f 4851 5902 4852
f 4852 5902 5901
f 4852 5901 4729
f 4729 5901 5900
f 4729 5900 4730
f 5933 5931 5717
f 5717 5931 5714
f 5931 5930 5714
f 5714 5930 5715
f 5930 5932 5715
f 5715 5932 5716

