# https://github.com/mikedh/trimesh
mtllib mtl_leg_ankle
usemtl mtl_leg_ankle
v 0.02458347 0.01401186 0.00956904
v 0.02417026 0.01378717 0.00971944
v 0.02409042 0.01382201 0.00954488
v 0.02295030 0.01344773 0.01016347
v 0.02238115 0.01343206 0.01037062
v 0.02231734 0.01347009 0.01019022
v 0.02208677 0.01345796 0.01047777
v 0.02177428 0.01351132 0.01059150
v 0.02171590 0.01354863 0.01040913
v 0.01923245 0.01533193 0.01151665
v 0.01897111 0.01581921 0.01161178
v 0.01893783 0.01583585 0.01142027
v 0.01905529 0.01971008 0.01158113
v 0.01931272 0.02014763 0.01148744
v 0.01927638 0.02012551 0.01129704
v 0.02018138 0.02108948 0.01117127
v 0.02068006 0.02142580 0.01098977
v 0.02063147 0.02139224 0.01080383
v 0.02092627 0.02155449 0.01090016
v 0.02123977 0.02168771 0.01078605
v 0.02118617 0.02165180 0.01060194
v 0.02427988 0.02151476 0.00967954
v 0.02475754 0.02122832 0.00950569
v 0.02467244 0.02119653 0.00933304
v 0.02557463 0.01563934 0.00871670
v 0.02540772 0.01573829 0.00873695
v 0.02565057 0.01625096 0.00864856
v 0.02582986 0.01617816 0.00862380
v 0.02581703 0.01679707 0.00858798
v 0.02600482 0.01675214 0.00856013
v 0.02590320 0.01736382 0.00855661
v 0.02609539 0.01734780 0.00852716
v 0.02509419 0.01527108 0.00885107
v 0.02524509 0.01514829 0.00883664
v 0.02539906 0.01504419 0.00889595
v 0.02471730 0.01486028 0.00898824
v 0.02484898 0.01471653 0.00898082
v 0.02498665 0.01459466 0.00904605
v 0.02510935 0.01451323 0.00917402
v 0.02574216 0.01555545 0.00877107
v 0.02600790 0.01611645 0.00867435
v 0.02619006 0.01671404 0.00860805
v 0.02628435 0.01733423 0.00857373
v 0.02582854 0.01850593 0.00858379
v 0.02566945 0.01905452 0.00864169
v 0.02601692 0.01854819 0.00855572
v 0.02584971 0.01912477 0.00861658
v 0.02620265 0.01858401 0.00860346
v 0.02602857 0.01918433 0.00866683
v 0.02635747 0.01860795 0.00871974
v 0.02617878 0.01922412 0.00878477
v 0.02543354 0.01957083 0.00872755
v 0.02560176 0.01966743 0.00870683
v 0.02577041 0.01974932 0.00876079
v 0.02591381 0.01980404 0.00888122
v 0.02512633 0.02004278 0.00883937
v 0.02527888 0.02016346 0.00882435
v 0.02543424 0.02026577 0.00888314
v 0.02556875 0.02033412 0.00900681
v 0.02475502 0.02045929 0.00897451
v 0.02432832 0.02081060 0.00912982
v 0.02488862 0.02060122 0.00896639
v 0.02444015 0.02097045 0.00912962
v 0.02502792 0.02072154 0.00903103
v 0.02456099 0.02110597 0.00920098
v 0.02515171 0.02080194 0.00915860
v 0.02334980 0.02128641 0.00948597
v 0.02282092 0.02139975 0.00967847
v 0.02341170 0.02147054 0.00950394
v 0.02285584 0.02158967 0.00970626
v 0.02349022 0.02162664 0.00959071
v 0.02291148 0.02175067 0.00980135
v 0.02357339 0.02173094 0.00973306
v 0.02297936 0.02185825 0.00994927
v 0.02228199 0.02142585 0.00987463
v 0.02228940 0.02161710 0.00991243
v 0.02232173 0.02177923 0.01001600
v 0.02237404 0.02188757 0.01016959
v 0.02174562 0.02136410 0.01006985
v 0.02172567 0.02155220 0.01011761
v 0.02173479 0.02171166 0.01022963
v 0.02177160 0.02181821 0.01038886
v 0.01987029 0.02029734 0.01075241
v 0.01952406 0.01985705 0.01087843
v 0.01975465 0.02043101 0.01083500
v 0.01939076 0.01996825 0.01096745
v 0.01968265 0.02054433 0.01097655
v 0.01930379 0.02006252 0.01111445
v 0.01966526 0.02062004 0.01115550
v 0.01903980 0.01883472 0.01105468
v 0.01891311 0.01827665 0.01110080
v 0.01888179 0.01889376 0.01115270
v 0.01874864 0.01830722 0.01120116
v 0.01877386 0.01894381 0.01130732
v 0.01863523 0.01833313 0.01135778
v 0.01873247 0.01897725 0.01149501
v 0.01859017 0.01835044 0.01154680
v 0.01886796 0.01770455 0.01111723
v 0.01870118 0.01770592 0.01121843
v 0.01858582 0.01770708 0.01137576
v 0.01853946 0.01770786 0.01156526
v 0.01890540 0.01713181 0.01110360
v 0.01874053 0.01710396 0.01120411
v 0.01862680 0.01708035 0.01136085
v 0.01858151 0.01706457 0.01154996
v 0.01902456 0.01657187 0.01106023
v 0.01922264 0.01603785 0.01098814
v 0.01886577 0.01651545 0.01115853
v 0.01907396 0.01595418 0.01108275
v 0.01875719 0.01646762 0.01131339
v 0.01897394 0.01588325 0.01123450
v 0.01871535 0.01643566 0.01150124
v 0.01983526 0.01509673 0.01076516
v 0.02023544 0.01471169 0.01061951
v 0.01971783 0.01496504 0.01084840
v 0.02013843 0.01456036 0.01069532
v 0.01964432 0.01485340 0.01099050
v 0.02008223 0.01443206 0.01083112
v 0.01962591 0.01477880 0.01116982
v 0.02007539 0.01434633 0.01100623
v 0.02068616 0.01439617 0.01045546
v 0.02061215 0.01422874 0.01052290
v 0.02057544 0.01408679 0.01065160
v 0.02058163 0.01399195 0.01082197
v 0.02117686 0.01415757 0.01027686
v 0.02112789 0.01397796 0.01033519
v 0.02111240 0.01382569 0.01045616
v 0.02113277 0.01372395 0.01062137
v 0.02330109 0.01405469 0.00950370
v 0.02381013 0.01424487 0.00931843
v 0.02336051 0.01386983 0.00952258
v 0.02389552 0.01406972 0.00932785
v 0.02343692 0.01371311 0.00961011
v 0.02399394 0.01392123 0.00940737
v 0.02351868 0.01360840 0.00975297
v 0.02553265 0.01497463 0.00901995
v 0.02588481 0.01549939 0.00889177
v 0.02615757 0.01607521 0.00879249
v 0.02634454 0.01668859 0.00872444
v 0.02644133 0.01732516 0.00868922
v 0.02649637 0.01694345 0.00887280
v 0.02654241 0.01732197 0.00885605
v 0.02655272 0.01786051 0.00885229
v 0.02654679 0.01797262 0.00885445
v 0.02644567 0.01796998 0.00868763
v 0.02628859 0.01796246 0.00857219
v 0.02609945 0.01795120 0.00852568
v 0.02590707 0.01793792 0.00855520
v 0.02645779 0.01861636 0.00888685
v 0.02563516 0.02039284 0.00918626
v 0.02566195 0.02035813 0.00917651
v 0.02601012 0.01982326 0.00904978
v 0.02611181 0.01962649 0.00901277
v 0.02627749 0.01923810 0.00895247
v 0.02642250 0.01876901 0.00889969
v 0.02524114 0.02083017 0.00932967
v 0.02501485 0.02103223 0.00941203
v 0.02422250 0.02154325 0.00970042
v 0.02414219 0.02150863 0.00952603
v 0.02404439 0.02141005 0.00938901
v 0.02394397 0.02126251 0.00931022
v 0.02385622 0.02108848 0.00930165
v 0.02364856 0.02176757 0.00990932
v 0.02174767 0.02183822 0.01060119
v 0.02183048 0.02185562 0.01057105
v 0.02243837 0.02192561 0.01034980
v 0.02260718 0.02192741 0.01028835
v 0.02304916 0.02189603 0.01012748
v 0.02346461 0.02181788 0.00997627
v 0.02116443 0.02154953 0.01043723
v 0.02117785 0.02139648 0.01031700
v 0.02122440 0.02121594 0.01025955
v 0.02062401 0.02129665 0.01063392
v 0.02065879 0.02115359 0.01050592
v 0.02073054 0.02098485 0.01043931
v 0.02016448 0.02107604 0.01117742
v 0.02012051 0.02104561 0.01098980
v 0.02012619 0.02095894 0.01081511
v 0.02018066 0.02082924 0.01067995
v 0.02027561 0.02067624 0.01060488
v 0.01970511 0.02064663 0.01134462
v 0.01954785 0.02046495 0.01140186
v 0.01899651 0.01959073 0.01160253
v 0.01896300 0.01957360 0.01141110
v 0.01899847 0.01952481 0.01122557
v 0.01909751 0.01945179 0.01107418
v 0.01924505 0.01936566 0.01097998
v 0.01876389 0.01898899 0.01168720
v 0.01861470 0.01703682 0.01174150
v 0.01861157 0.01705903 0.01174264
v 0.01856914 0.01770813 0.01175808
v 0.01857754 0.01795498 0.01175502
v 0.01862031 0.01835652 0.01173946
v 0.01872673 0.01886018 0.01170072
v 0.01874661 0.01642443 0.01169348
v 0.01883645 0.01614863 0.01166079
v 0.01927978 0.01525754 0.01149943
v 0.01924374 0.01527922 0.01130892
v 0.01927198 0.01534094 0.01112602
v 0.01936021 0.01543331 0.01097857
v 0.01949500 0.01554227 0.01088900
v 0.01966541 0.01475261 0.01135907
v 0.02124549 0.01366550 0.01078397
v 0.02118588 0.01368822 0.01080566
v 0.02062976 0.01395864 0.01100807
v 0.02046580 0.01406064 0.01106775
v 0.02011894 0.01431623 0.01119400
v 0.01978416 0.01462491 0.01131585
v 0.02168052 0.01365488 0.01024938
v 0.02167355 0.01381390 0.01013658
v 0.02169603 0.01400148 0.01008790
v 0.02226649 0.01357836 0.01003611
v 0.02223635 0.01374040 0.00993174
v 0.02223151 0.01393155 0.00989300
v 0.02299229 0.01345233 0.01014819
v 0.02292300 0.01349016 0.00996978
v 0.02285656 0.01359792 0.00982134
v 0.02280310 0.01375919 0.00972546
v 0.02277074 0.01394942 0.00969673
v 0.02359335 0.01357163 0.00992942
v 0.02379571 0.01363529 0.00985576
v 0.02470949 0.01409390 0.00952318
v 0.02462482 0.01412599 0.00935037
v 0.02451459 0.01421739 0.00921787
v 0.02439558 0.01435417 0.00914584
v 0.02428591 0.01451552 0.00914525
v 0.02519839 0.01448463 0.00934523
v 0.02527674 0.01455985 0.00931671
v 0.02644474 0.01667966 0.00889159
v 0.02625609 0.01606073 0.00896026
v 0.02598087 0.01547971 0.00906043
v 0.02584311 0.01525362 0.00911057
v 0.02562553 0.01495021 0.00918976
v 0.02803546 0.01694345 0.01310142
v 0.02779518 0.01606073 0.01318887
v 0.02809181 0.01786051 0.01308091
v 0.02796159 0.01876901 0.01312830
v 0.02765090 0.01962649 0.01324139
v 0.02717425 0.02039284 0.01341488
v 0.02655394 0.02103223 0.01364065
v 0.02581897 0.02151476 0.01390816
v 0.02500370 0.02181788 0.01420489
v 0.02414627 0.02192741 0.01451697
v 0.02328676 0.02183822 0.01482981
v 0.02246536 0.02155449 0.01512877
v 0.02172047 0.02108948 0.01539989
v 0.02108694 0.02046495 0.01563047
v 0.02059438 0.01971008 0.01580975
v 0.02026583 0.01886018 0.01592934
v 0.02011663 0.01795498 0.01598364
v 0.02015379 0.01703682 0.01597011
v 0.02037554 0.01614863 0.01588940
v 0.02077154 0.01533193 0.01574527
v 0.02132325 0.01462491 0.01554446
v 0.02200489 0.01406064 0.01529637
v 0.02278458 0.01366550 0.01501259
v 0.02362586 0.01345796 0.01470638
v 0.02448939 0.01344773 0.01439208
v 0.02533480 0.01363529 0.01408438
v 0.02612256 0.01401186 0.01379766
v 0.02681583 0.01455985 0.01354533
v 0.02738220 0.01525362 0.01333919
v 0.02298058 0.01987455 0.01494124
v 0.02246520 0.01947117 0.01512883
v 0.02207119 0.01893477 0.01527224
v 0.02182778 0.01830513 0.01536083
v 0.02175303 0.01762896 0.01538804
v 0.02541892 0.01974780 0.01405376
v 0.02484525 0.02004919 0.01426256
v 0.02421644 0.02017469 0.01449143
v 0.02357913 0.02011500 0.01472339
v 0.02643496 0.01738557 0.01368396
v 0.02642249 0.01806627 0.01368849
v 0.02623791 0.01871816 0.01375567
v 0.02589491 0.01929287 0.01388052
v 0.02185248 0.01695641 0.01535184
v 0.02211875 0.01633734 0.01525493
v 0.02253210 0.01581768 0.01510448
v 0.02306186 0.01543597 0.01491166
v 0.02549371 0.01566372 0.01402654
v 0.02595268 0.01613803 0.01385949
v 0.02627438 0.01672653 0.01374240
v 0.02366875 0.01522051 0.01469077
v 0.02430777 0.01518730 0.01445819
v 0.02493150 0.01533878 0.01423117
v 0.02992011 0.01613803 0.02475992
v 0.02946114 0.01566372 0.02492698
v 0.02889894 0.01533878 0.02513160
v 0.02827520 0.01518730 0.02535862
v 0.02763619 0.01522051 0.02559121
v 0.02702929 0.01543597 0.02581210
v 0.02649953 0.01581768 0.02600492
v 0.02608618 0.01633734 0.02615536
v 0.02581991 0.01695641 0.02625228
v 0.02572046 0.01762896 0.02628847
v 0.02579522 0.01830513 0.02626126
v 0.02603862 0.01893477 0.02617267
v 0.02643263 0.01947117 0.02602926
v 0.02694802 0.01987455 0.02584168
v 0.02754656 0.02011500 0.02562383
v 0.02818387 0.02017469 0.02539186
v 0.02881268 0.02004919 0.02516300
v 0.02938636 0.01974780 0.02495420
v 0.02986235 0.01929287 0.02478095
v 0.03020535 0.01871816 0.02465611
v 0.03038993 0.01806627 0.02458893
v 0.03040239 0.01738557 0.02458439
v 0.03024182 0.01672653 0.02464283
v 0.03003101 0.01687871 0.02514523
v 0.03016590 0.01743231 0.02509614
v 0.02820606 0.01767767 0.02580946
v 0.02976078 0.01638437 0.02524359
v 0.02837906 0.01558575 0.02574649
v 0.02890300 0.01571300 0.02555580
v 0.02937525 0.01598595 0.02538391
v 0.02688749 0.01611528 0.02628938
v 0.02733250 0.01579464 0.02612741
v 0.02784229 0.01561366 0.02594186
v 0.02623308 0.01763676 0.02652757
v 0.02631661 0.01707181 0.02649716
v 0.02654028 0.01655179 0.02641575
v 0.02683130 0.01918421 0.02630983
v 0.02650033 0.01873363 0.02643030
v 0.02629587 0.01820474 0.02650471
v 0.02830234 0.01977517 0.02577442
v 0.02776700 0.01972503 0.02596927
v 0.02726422 0.01952305 0.02615226
v 0.02971226 0.01903444 0.02526125
v 0.02931243 0.01941657 0.02540678
v 0.02883054 0.01966974 0.02558217
v 0.03015543 0.01800410 0.02509995
v 0.03000038 0.01855168 0.02515638
v 0.02268016 0.01538876 0.00972970
v 0.02210688 0.01538825 0.00993836
v 0.02156608 0.01554194 0.01013519
v 0.02439865 0.01679905 0.00910422
v 0.02411243 0.01627045 0.00920840
v 0.02371695 0.01584889 0.00935234
v 0.02108021 0.01583772 0.01031204
v 0.02067323 0.01626738 0.01046017
v 0.02038617 0.01679546 0.01056464
v 0.02323331 0.01554900 0.00952837
v 0.02439726 0.01855988 0.00910473
v 0.02411021 0.01908796 0.00920921
v 0.02267655 0.01996709 0.00973102
v 0.02210327 0.01996658 0.00993967
v 0.02023862 0.01796639 0.01061835
v 0.02038478 0.01855629 0.01056515
v 0.02067100 0.01908488 0.01046097
v 0.02454482 0.01738895 0.00905102
v 0.02454259 0.01798462 0.00905183
v 0.02370323 0.01951762 0.00935734
v 0.02321735 0.01981340 0.00953418
v 0.02106648 0.01950645 0.01031703
v 0.02155013 0.01980634 0.01014100
v 0.02024084 0.01737071 0.01061754
v 0.02039352 0.01764712 0.01070455
v 0.02065496 0.01818478 0.01077613
v 0.02054075 0.01793675 0.01076069
v 0.02085129 0.01869268 0.01070462
v 0.02075948 0.01843858 0.01075803
v 0.02100533 0.01922951 0.01048212
v 0.02092875 0.01894041 0.01061947
v 0.02139305 0.01954647 0.01034169
v 0.02198475 0.01962331 0.01029198
v 0.02171762 0.01958780 0.01033235
v 0.02249590 0.01969625 0.01010625
v 0.02224774 0.01965993 0.01021635
v 0.02298406 0.01977355 0.00976207
v 0.02272840 0.01973205 0.00996445
v 0.02343627 0.01957495 0.00959802
v 0.02382128 0.01911713 0.00962354
v 0.02364967 0.01932872 0.00962914
v 0.02413625 0.01868261 0.00950921
v 0.02398579 0.01889901 0.00958375
v 0.02441649 0.01822205 0.00924071
v 0.02427245 0.01846931 0.00940246
v 0.02448143 0.01770769 0.00921692
v 0.02432740 0.01717086 0.00943942
v 0.02440486 0.01741859 0.00935427
v 0.02413107 0.01666296 0.00951093
v 0.02423559 0.01691676 0.00949283
v 0.02386963 0.01612530 0.00943935
v 0.02401686 0.01641493 0.00949549
v 0.02348263 0.01580887 0.00958114
v 0.02299741 0.01573202 0.00992340
v 0.02322800 0.01576754 0.00978262
v 0.02248647 0.01565909 0.01010968
v 0.02274734 0.01569542 0.01003451
v 0.02189127 0.01558179 0.01015981
v 0.02221722 0.01562329 0.01015051
v 0.02143941 0.01578039 0.01032482
v 0.02116088 0.01623821 0.01059184
v 0.02129594 0.01602662 0.01048583
v 0.02084611 0.01667273 0.01070672
v 0.02100928 0.01645633 0.01066711
v 0.02045885 0.01713329 0.01068117
v 0.02067316 0.01688603 0.01071250
v 0.02192132 0.01950645 0.01266569
v 0.02109569 0.01737072 0.01296620
v 0.02129986 0.01789824 0.01289264
v 0.02150876 0.01843858 0.01281664
v 0.02171763 0.01897892 0.01274058
v 0.02407224 0.01981340 0.01188295
v 0.02335130 0.01971050 0.01214563
v 0.02303572 0.01966545 0.01226086
v 0.02299702 0.01965992 0.01227498
v 0.02245930 0.01958319 0.01247070
v 0.02194719 0.01951013 0.01265645
v 0.02506639 0.01844182 0.01152180
v 0.02480192 0.01880679 0.01161812
v 0.02440367 0.01935620 0.01176268
v 0.02471121 0.01893193 0.01165103
v 0.02473507 0.01889901 0.01164238
v 0.02523204 0.01821322 0.01146151
v 0.02538159 0.01800657 0.01140644
v 0.02539743 0.01798462 0.01140049
v 0.02457179 0.01584889 0.01170100
v 0.02519374 0.01745710 0.01147538
v 0.02498487 0.01691676 0.01155144
v 0.02477597 0.01637642 0.01162744
v 0.02242096 0.01554194 0.01248396
v 0.02314218 0.01564485 0.01222174
v 0.02345790 0.01568989 0.01210720
v 0.02349662 0.01569542 0.01209314
v 0.02403434 0.01577215 0.01189743
v 0.02454604 0.01584521 0.01171055
v 0.02142726 0.01691352 0.01284633
v 0.02169168 0.01654865 0.01275015
v 0.02208977 0.01599914 0.01260487
v 0.02178241 0.01642341 0.01271703
v 0.02175856 0.01645633 0.01272575
v 0.02126160 0.01714212 0.01290663
v 0.02111164 0.01734877 0.01296057
v 0.02351492 0.01794784 0.01259570
v 0.02341756 0.01767767 0.01265316
v 0.02296070 0.01786790 0.01274991
v 0.02359976 0.01821801 0.01250382
v 0.02374849 0.01875835 0.01226253
v 0.02416963 0.01856812 0.01206761
v 0.02330604 0.01740750 0.01267173
v 0.02382972 0.01748744 0.01243361
v 0.02198577 0.01824835 0.01277525
v 0.02307150 0.01586642 0.01230022
v 0.02333408 0.01640676 0.01237173
v 0.02200007 0.01697745 0.01276247
v 0.02432482 0.01910846 0.01184405
v 0.02518846 0.01809255 0.01148693
v 0.02497974 0.01818766 0.01158945
v 0.02345579 0.01948891 0.01216036
v 0.02237266 0.01932903 0.01253835
v 0.02283562 0.01913880 0.01245835
v 0.02330060 0.01894858 0.01238391
v 0.02131132 0.01726279 0.01289809
v 0.02153712 0.01716767 0.01284247
v 0.02176796 0.01770801 0.01282676
v 0.02224934 0.01751779 0.01279738
v 0.02247520 0.01805812 0.01276798
v 0.02285008 0.01759773 0.01277096
v 0.02272828 0.01732756 0.01276129
v 0.02264611 0.01605665 0.01248345
v 0.02220247 0.01624688 0.01261652
v 0.02291295 0.01659699 0.01256664
v 0.02246506 0.01678722 0.01268803
v 0.02318199 0.01713733 0.01265588
v 0.02459285 0.01710699 0.01182635
v 0.02437504 0.01656665 0.01187786
v 0.02414420 0.01602631 0.01189357
v 0.02373813 0.01621654 0.01212987
v 0.02359731 0.01694710 0.01244499
v 0.02398739 0.01675688 0.01216478
v 0.02421325 0.01729721 0.01213538
v 0.02371910 0.01721727 0.01245466
v 0.02389943 0.01929869 0.01202728
v 0.02392799 0.01775761 0.01237863
v 0.02401508 0.01802778 0.01229293
v 0.02457367 0.01837789 0.01182575
v 0.02440516 0.01783755 0.01201272
v 0.02479281 0.01764733 0.01172581
v 0.02314605 0.01840824 0.01260923
v 0.02266711 0.01859846 0.01264532
v 0.02218573 0.01878869 0.01267471
v 0.02305896 0.01813807 0.01269493
v -0.00863968 -0.02134348 0.02166128
v -0.00905289 -0.02156817 0.02181168
v -0.00913273 -0.02153333 0.02163711
v -0.01027285 -0.02190761 0.02225571
v -0.01084200 -0.02192328 0.02246286
v -0.01090581 -0.02188525 0.02228246
v -0.01113639 -0.02189738 0.02257001
v -0.01144887 -0.02184402 0.02268374
v -0.01150725 -0.02180671 0.02250137
v -0.01399070 -0.02002341 0.02360889
v -0.01425205 -0.01953613 0.02370401
v -0.01428532 -0.01951949 0.02351250
v -0.01416786 -0.01564526 0.02367337
v -0.01391043 -0.01520771 0.02357968
v -0.01394677 -0.01522983 0.02338928
v -0.01304177 -0.01426585 0.02326351
v -0.01254309 -0.01392954 0.02308201
v -0.01259168 -0.01396310 0.02289607
v -0.01229688 -0.01380085 0.02299239
v -0.01198339 -0.01366763 0.02287829
v -0.01203698 -0.01370354 0.02269417
v -0.00894328 -0.01384058 0.02177178
v -0.00846561 -0.01412702 0.02159792
v -0.00855071 -0.01415881 0.02142528
v -0.00764852 -0.01971600 0.02080894
v -0.00781543 -0.01961705 0.02082919
v -0.00757258 -0.01910438 0.02074080
v -0.00739329 -0.01917718 0.02071604
v -0.00740612 -0.01855827 0.02068021
v -0.00721833 -0.01860320 0.02065236
v -0.00731995 -0.01799152 0.02064885
v -0.00712776 -0.01800754 0.02061940
v -0.00812897 -0.02008425 0.02094331
v -0.00797806 -0.02020705 0.02092888
v -0.00782409 -0.02031115 0.02098818
v -0.00850585 -0.02049506 0.02108048
v -0.00837417 -0.02063881 0.02107305
v -0.00823650 -0.02076068 0.02113829
v -0.00811380 -0.02084211 0.02126625
v -0.00748099 -0.01979989 0.02086331
v -0.00721525 -0.01923889 0.02076659
v -0.00703310 -0.01864129 0.02070029
v -0.00693880 -0.01802111 0.02066597
v -0.00739461 -0.01684941 0.02067602
v -0.00755370 -0.01630082 0.02073393
v -0.00720624 -0.01680715 0.02064796
v -0.00737344 -0.01623057 0.02070882
v -0.00702050 -0.01677132 0.02069570
v -0.00719458 -0.01617101 0.02075906
v -0.00686569 -0.01674739 0.02081198
v -0.00704437 -0.01613122 0.02087701
v -0.00778961 -0.01578450 0.02081979
v -0.00762139 -0.01568791 0.02079907
v -0.00745274 -0.01560601 0.02085303
v -0.00730934 -0.01555130 0.02097346
v -0.00809682 -0.01531256 0.02093161
v -0.00794428 -0.01519188 0.02091659
v -0.00778892 -0.01508957 0.02097538
v -0.00765440 -0.01502122 0.02109904
v -0.00846813 -0.01489605 0.02106675
v -0.00889483 -0.01454474 0.02122206
v -0.00833453 -0.01475412 0.02105863
v -0.00878300 -0.01438489 0.02122186
v -0.00819523 -0.01463380 0.02112327
v -0.00866216 -0.01424937 0.02129322
v -0.00807144 -0.01455340 0.02125084
v -0.00987335 -0.01406893 0.02157821
v -0.01040223 -0.01395559 0.02177070
v -0.00981145 -0.01388480 0.02159618
v -0.01036731 -0.01376567 0.02179850
v -0.00973293 -0.01372870 0.02168295
v -0.01031167 -0.01360467 0.02189359
v -0.00964976 -0.01362440 0.02182530
v -0.01024379 -0.01349709 0.02204151
v -0.01094116 -0.01392949 0.02196686
v -0.01093375 -0.01373824 0.02200467
v -0.01090142 -0.01357611 0.02210824
v -0.01084911 -0.01346777 0.02226183
v -0.01147753 -0.01399124 0.02216208
v -0.01149748 -0.01380314 0.02220985
v -0.01148836 -0.01364368 0.02232187
v -0.01145155 -0.01353713 0.02248110
v -0.01335286 -0.01505800 0.02284465
v -0.01369909 -0.01549829 0.02297067
v -0.01346850 -0.01492433 0.02292724
v -0.01383239 -0.01538709 0.02305968
v -0.01354050 -0.01481101 0.02306879
v -0.01391937 -0.01529282 0.02320668
v -0.01355790 -0.01473530 0.02324774
v -0.01418335 -0.01652062 0.02314692
v -0.01431004 -0.01707868 0.02319303
v -0.01434136 -0.01646158 0.02324494
v -0.01447452 -0.01704812 0.02329340
v -0.01444929 -0.01641153 0.02339956
v -0.01458792 -0.01702221 0.02345002
v -0.01449069 -0.01637809 0.02358725
v -0.01463298 -0.01700490 0.02363904
v -0.01435519 -0.01765079 0.02320947
v -0.01452197 -0.01764942 0.02331067
v -0.01463733 -0.01764826 0.02346800
v -0.01468369 -0.01764748 0.02365750
v -0.01431775 -0.01822353 0.02319584
v -0.01448262 -0.01825138 0.02329635
v -0.01459636 -0.01827499 0.02345309
v -0.01464164 -0.01829077 0.02364219
v -0.01419859 -0.01878347 0.02315247
v -0.01400051 -0.01931749 0.02308038
v -0.01435738 -0.01883989 0.02325077
v -0.01414920 -0.01940116 0.02317499
v -0.01446596 -0.01888772 0.02340563
v -0.01424921 -0.01947209 0.02332674
v -0.01450781 -0.01891968 0.02359348
v -0.01338789 -0.02025861 0.02285740
v -0.01298771 -0.02064365 0.02271175
v -0.01350532 -0.02039030 0.02294064
v -0.01308472 -0.02079498 0.02278756
v -0.01357883 -0.02050194 0.02308274
v -0.01314092 -0.02092328 0.02292335
v -0.01359724 -0.02057654 0.02326206
v -0.01314777 -0.02100901 0.02309847
v -0.01253699 -0.02095916 0.02254770
v -0.01261100 -0.02112660 0.02261514
v -0.01264771 -0.02126855 0.02274384
v -0.01264152 -0.02136339 0.02291421
v -0.01204630 -0.02119777 0.02236910
v -0.01209527 -0.02137738 0.02242742
v -0.01211075 -0.02152965 0.02254840
v -0.01209038 -0.02163139 0.02271361
v -0.00992206 -0.02130065 0.02159594
v -0.00941303 -0.02111047 0.02141066
v -0.00986264 -0.02148551 0.02161482
v -0.00932763 -0.02128562 0.02142009
v -0.00978624 -0.02164223 0.02170235
v -0.00922921 -0.02143411 0.02149961
v -0.00970447 -0.02174694 0.02184521
v -0.00769050 -0.02038071 0.02111218
v -0.00733834 -0.01985594 0.02098401
v -0.00706558 -0.01928013 0.02088473
v -0.00687861 -0.01866675 0.02081668
v -0.00678183 -0.01803018 0.02078145
v -0.00672678 -0.01841188 0.02096504
v -0.00668074 -0.01803337 0.02094829
v -0.00667043 -0.01749483 0.02094453
v -0.00667636 -0.01738272 0.02094669
v -0.00677748 -0.01738536 0.02077987
v -0.00693457 -0.01739288 0.02066443
v -0.00712370 -0.01740414 0.02061792
v -0.00731608 -0.01741742 0.02064744
v -0.00676536 -0.01673898 0.02097908
v -0.00758799 -0.01496250 0.02127850
v -0.00756120 -0.01499721 0.02126875
v -0.00721303 -0.01553208 0.02114202
v -0.00711134 -0.01572885 0.02110501
v -0.00694566 -0.01611724 0.02104471
v -0.00680065 -0.01658633 0.02099193
v -0.00798202 -0.01452517 0.02142191
v -0.00820831 -0.01432311 0.02150427
v -0.00900065 -0.01381209 0.02179266
v -0.00908096 -0.01384671 0.02161827
v -0.00917877 -0.01394529 0.02148125
v -0.00927919 -0.01409283 0.02140245
v -0.00936693 -0.01426686 0.02139389
v -0.00957459 -0.01358777 0.02200156
v -0.01147548 -0.01351712 0.02269343
v -0.01139267 -0.01349972 0.02266329
v -0.01078479 -0.01342973 0.02244203
v -0.01061597 -0.01342793 0.02238059
v -0.01017399 -0.01345931 0.02221972
v -0.00975854 -0.01353746 0.02206851
v -0.01205872 -0.01380581 0.02252946
v -0.01204530 -0.01395886 0.02240924
v -0.01199875 -0.01413940 0.02235179
v -0.01259914 -0.01405869 0.02272616
v -0.01256436 -0.01420175 0.02259816
v -0.01249261 -0.01437049 0.02253154
v -0.01305868 -0.01427929 0.02326966
v -0.01310264 -0.01430973 0.02308204
v -0.01309696 -0.01439640 0.02290735
v -0.01304249 -0.01452610 0.02277219
v -0.01294754 -0.01467910 0.02269712
v -0.01351804 -0.01470871 0.02343686
v -0.01367530 -0.01489039 0.02349409
v -0.01422664 -0.01576461 0.02369477
v -0.01426015 -0.01578174 0.02350334
v -0.01422468 -0.01583053 0.02331781
v -0.01412564 -0.01590355 0.02316642
v -0.01397810 -0.01598967 0.02307222
v -0.01445926 -0.01636635 0.02377944
v -0.01460846 -0.01831852 0.02383374
v -0.01461158 -0.01829631 0.02383487
v -0.01465402 -0.01764721 0.02385032
v -0.01464561 -0.01740036 0.02384726
v -0.01460284 -0.01699882 0.02383169
v -0.01449642 -0.01649516 0.02379296
v -0.01447654 -0.01893091 0.02378572
v -0.01438670 -0.01920671 0.02375302
v -0.01394337 -0.02009779 0.02359167
v -0.01397941 -0.02007612 0.02340116
v -0.01395117 -0.02001440 0.02321826
v -0.01386294 -0.01992203 0.02307080
v -0.01372815 -0.01981307 0.02298124
v -0.01355774 -0.02060273 0.02345131
v -0.01197767 -0.02168984 0.02287621
v -0.01203727 -0.02166712 0.02289790
v -0.01259339 -0.02139670 0.02310031
v -0.01275735 -0.02129470 0.02315999
v -0.01310421 -0.02103911 0.02328623
v -0.01343899 -0.02073043 0.02340809
v -0.01154263 -0.02170046 0.02234162
v -0.01154960 -0.02154144 0.02222882
v -0.01152712 -0.02135386 0.02218013
v -0.01095666 -0.02177698 0.02212835
v -0.01098680 -0.02161494 0.02202398
v -0.01099164 -0.02142379 0.02198524
v -0.01023086 -0.02190301 0.02224042
v -0.01030015 -0.02186517 0.02206202
v -0.01036659 -0.02175742 0.02191358
v -0.01042005 -0.02159615 0.02181770
v -0.01045241 -0.02140591 0.02178897
v -0.00962980 -0.02178371 0.02202165
v -0.00942744 -0.02172005 0.02194800
v -0.00851367 -0.02126144 0.02161541
v -0.00859833 -0.02122935 0.02144261
v -0.00870856 -0.02113795 0.02131011
v -0.00882757 -0.02100117 0.02123808
v -0.00893724 -0.02083982 0.02123749
v -0.00802476 -0.02087071 0.02143747
v -0.00794641 -0.02079549 0.02140895
v -0.00677841 -0.01867568 0.02098383
v -0.00696706 -0.01929461 0.02105250
v -0.00724228 -0.01987563 0.02115267
v -0.00738004 -0.02010172 0.02120281
v -0.00759763 -0.02040513 0.02128200
v -0.00518769 -0.01841188 0.02519366
v -0.00542797 -0.01929461 0.02528111
v -0.00513134 -0.01749483 0.02517315
v -0.00526156 -0.01658633 0.02522054
v -0.00557225 -0.01572885 0.02533363
v -0.00604890 -0.01496250 0.02550711
v -0.00666921 -0.01432311 0.02573289
v -0.00740418 -0.01384058 0.02600040
v -0.00821945 -0.01353746 0.02629713
v -0.00907688 -0.01342793 0.02660921
v -0.00993639 -0.01351712 0.02692205
v -0.01075779 -0.01380085 0.02722101
v -0.01150268 -0.01426585 0.02749212
v -0.01213621 -0.01489039 0.02772271
v -0.01262877 -0.01564526 0.02790199
v -0.01295733 -0.01649516 0.02802157
v -0.01310652 -0.01740036 0.02807588
v -0.01306937 -0.01831852 0.02806235
v -0.01284761 -0.01920671 0.02798164
v -0.01245161 -0.02002341 0.02783751
v -0.01189990 -0.02073043 0.02763670
v -0.01121826 -0.02129470 0.02738861
v -0.01043857 -0.02168984 0.02710482
v -0.00959729 -0.02189738 0.02679862
v -0.00873376 -0.02190761 0.02648432
v -0.00788835 -0.02172005 0.02617662
v -0.00710059 -0.02134348 0.02588990
v -0.00640732 -0.02079549 0.02563757
v -0.00584095 -0.02010172 0.02543142
v -0.01024257 -0.01548079 0.02703348
v -0.01075796 -0.01588417 0.02722107
v -0.01115196 -0.01642057 0.02736448
v -0.01139537 -0.01705021 0.02745307
v -0.01147012 -0.01772638 0.02748028
v -0.00780423 -0.01560754 0.02614600
v -0.00837790 -0.01530615 0.02635480
v -0.00900671 -0.01518065 0.02658367
v -0.00964402 -0.01524033 0.02681563
v -0.00678819 -0.01796977 0.02577619
v -0.00680066 -0.01728906 0.02578073
v -0.00698524 -0.01663718 0.02584791
v -0.00732824 -0.01606247 0.02597275
v -0.01137067 -0.01839893 0.02744408
v -0.01110440 -0.01901800 0.02734716
v -0.01069106 -0.01953766 0.02719672
v -0.01016129 -0.01991937 0.02700390
v -0.00772944 -0.01969162 0.02611878
v -0.00727047 -0.01921731 0.02595173
v -0.00694877 -0.01862881 0.02583464
v -0.00955440 -0.02013483 0.02678301
v -0.00891539 -0.02016804 0.02655043
v -0.00829165 -0.02001656 0.02632341
v -0.00330304 -0.01921731 0.03685216
v -0.00376201 -0.01969162 0.03701922
v -0.00432421 -0.02001656 0.03722384
v -0.00494795 -0.02016804 0.03745086
v -0.00558696 -0.02013483 0.03768344
v -0.00619386 -0.01991937 0.03790433
v -0.00672362 -0.01953766 0.03809715
v -0.00713697 -0.01901800 0.03824760
v -0.00740324 -0.01839893 0.03834451
v -0.00750269 -0.01772638 0.03838071
v -0.00742794 -0.01705021 0.03835350
v -0.00718453 -0.01642057 0.03826491
v -0.00679052 -0.01588417 0.03812150
v -0.00627513 -0.01548079 0.03793392
v -0.00567659 -0.01524033 0.03771606
v -0.00503928 -0.01518065 0.03748410
v -0.00441047 -0.01530615 0.03725524
v -0.00383679 -0.01560754 0.03704643
v -0.00336081 -0.01606247 0.03687319
v -0.00301780 -0.01663718 0.03674835
v -0.00283322 -0.01728906 0.03668116
v -0.00282076 -0.01796977 0.03667663
v -0.00298133 -0.01862881 0.03673507
v -0.00319214 -0.01847663 0.03723747
v -0.00305725 -0.01792303 0.03718838
v -0.00501709 -0.01767767 0.03790170
v -0.00346237 -0.01897096 0.03733582
v -0.00484410 -0.01976958 0.03783873
v -0.00432016 -0.01964234 0.03764803
v -0.00384790 -0.01936939 0.03747615
v -0.00633566 -0.01924006 0.03838162
v -0.00589066 -0.01956070 0.03821965
v -0.00538087 -0.01974168 0.03803410
v -0.00699007 -0.01771858 0.03861981
v -0.00690654 -0.01828353 0.03858940
v -0.00668287 -0.01880355 0.03850799
v -0.00639185 -0.01617113 0.03840207
v -0.00672282 -0.01662171 0.03852253
v -0.00692728 -0.01715060 0.03859695
v -0.00492081 -0.01558017 0.03786666
v -0.00545615 -0.01563031 0.03806150
v -0.00595893 -0.01583229 0.03824450
v -0.00351089 -0.01632090 0.03735349
v -0.00391072 -0.01593876 0.03749901
v -0.00439261 -0.01568560 0.03767440
v -0.00306772 -0.01735124 0.03719219
v -0.00322277 -0.01680366 0.03724862
v -0.01054299 -0.01996658 0.02182194
v -0.01111627 -0.01996709 0.02203060
v -0.01165707 -0.01981340 0.02222743
v -0.00882450 -0.01855629 0.02119646
v -0.00911072 -0.01908488 0.02130064
v -0.00950620 -0.01950645 0.02144458
v -0.01214295 -0.01951762 0.02240428
v -0.01254992 -0.01908796 0.02255240
v -0.01283698 -0.01855988 0.02265688
v -0.00998985 -0.01980634 0.02162061
v -0.00882589 -0.01679546 0.02119697
v -0.00911295 -0.01626738 0.02130145
v -0.01054660 -0.01538825 0.02182325
v -0.01111988 -0.01538876 0.02203191
v -0.01298454 -0.01738895 0.02271059
v -0.01283837 -0.01679905 0.02265739
v -0.01255215 -0.01627045 0.02255321
v -0.00867833 -0.01796639 0.02114326
v -0.00868056 -0.01737071 0.02114407
v -0.00951992 -0.01583772 0.02144957
v -0.01000580 -0.01554194 0.02162642
v -0.01215667 -0.01584889 0.02240927
v -0.01167302 -0.01554900 0.02223324
v -0.01298231 -0.01798462 0.02270978
v -0.01282963 -0.01770822 0.02279679
v -0.01256819 -0.01717055 0.02286837
v -0.01268240 -0.01741859 0.02285293
v -0.01237186 -0.01666266 0.02279686
v -0.01246367 -0.01691676 0.02285027
v -0.01221783 -0.01612583 0.02257435
v -0.01229440 -0.01641493 0.02271171
v -0.01183010 -0.01580887 0.02243393
v -0.01123840 -0.01573202 0.02238422
v -0.01150553 -0.01576754 0.02242459
v -0.01072725 -0.01565909 0.02219849
v -0.01097541 -0.01569542 0.02230859
v -0.01023909 -0.01558179 0.02185431
v -0.01049475 -0.01562329 0.02205669
v -0.00978688 -0.01578039 0.02169026
v -0.00940187 -0.01623821 0.02171578
v -0.00957348 -0.01602662 0.02172138
v -0.00908690 -0.01667273 0.02160145
v -0.00923736 -0.01645633 0.02167599
v -0.00880666 -0.01713329 0.02133295
v -0.00895070 -0.01688603 0.02149470
v -0.00874172 -0.01764765 0.02130915
v -0.00889575 -0.01818448 0.02153166
v -0.00881829 -0.01793675 0.02144651
v -0.00909208 -0.01869238 0.02160317
v -0.00898756 -0.01843858 0.02158507
v -0.00935352 -0.01923004 0.02153159
v -0.00920629 -0.01894041 0.02158773
v -0.00974052 -0.01954647 0.02167338
v -0.01022574 -0.01962331 0.02201564
v -0.00999516 -0.01958780 0.02187485
v -0.01073668 -0.01969625 0.02220192
v -0.01047581 -0.01965993 0.02212675
v -0.01133188 -0.01977355 0.02225205
v -0.01100593 -0.01973205 0.02224275
v -0.01178374 -0.01957495 0.02241705
v -0.01206227 -0.01911713 0.02268408
v -0.01192721 -0.01932872 0.02257806
v -0.01237704 -0.01868261 0.02279896
v -0.01221387 -0.01889901 0.02275935
v -0.01276430 -0.01822205 0.02277341
v -0.01254999 -0.01846931 0.02280474
v -0.01130183 -0.01584889 0.02475793
v -0.01212746 -0.01798462 0.02505844
v -0.01192329 -0.01745710 0.02498487
v -0.01171439 -0.01691676 0.02490888
v -0.01150552 -0.01637642 0.02483282
v -0.00915092 -0.01554194 0.02397519
v -0.00987185 -0.01564484 0.02423786
v -0.01018743 -0.01568989 0.02435310
v -0.01022613 -0.01569542 0.02436722
v -0.01076385 -0.01577215 0.02456294
v -0.01127596 -0.01584521 0.02474869
v -0.00815677 -0.01691352 0.02361404
v -0.00842123 -0.01654855 0.02371036
v -0.00881949 -0.01599914 0.02385492
v -0.00851194 -0.01642341 0.02374327
v -0.00848808 -0.01645633 0.02373462
v -0.00799111 -0.01714212 0.02355375
v -0.00784157 -0.01734877 0.02349867
v -0.00782572 -0.01737072 0.02349273
v -0.00865136 -0.01950645 0.02379324
v -0.00802941 -0.01789824 0.02356762
v -0.00823828 -0.01843858 0.02364368
v -0.00844718 -0.01897892 0.02371967
v -0.01080219 -0.01981340 0.02457620
v -0.01008097 -0.01971049 0.02431398
v -0.00976525 -0.01966545 0.02419944
v -0.00972653 -0.01965992 0.02418538
v -0.00918881 -0.01958319 0.02398967
v -0.00867711 -0.01951013 0.02380279
v -0.01179590 -0.01844182 0.02493857
v -0.01153147 -0.01880668 0.02484239
v -0.01113338 -0.01935620 0.02469711
v -0.01144075 -0.01893193 0.02480927
v -0.01146459 -0.01889901 0.02481798
v -0.01196155 -0.01821322 0.02499887
v -0.01211151 -0.01800657 0.02505281
v -0.00970823 -0.01740750 0.02468794
v -0.00980559 -0.01767767 0.02474540
v -0.01026246 -0.01748744 0.02484215
v -0.00962339 -0.01713733 0.02459606
v -0.00947466 -0.01659699 0.02435476
v -0.00905353 -0.01678722 0.02415985
v -0.00991711 -0.01794784 0.02476397
v -0.00939343 -0.01786790 0.02452585
v -0.01123738 -0.01710699 0.02486749
v -0.01015165 -0.01948891 0.02439246
v -0.00988907 -0.01894858 0.02446396
v -0.01122308 -0.01837789 0.02485470
v -0.00889834 -0.01624688 0.02393629
v -0.00803469 -0.01726279 0.02357917
v -0.00824341 -0.01716767 0.02368169
v -0.00976736 -0.01586642 0.02425259
v -0.01085049 -0.01602631 0.02463059
v -0.01038753 -0.01621654 0.02455059
v -0.00992255 -0.01640676 0.02447615
v -0.01191183 -0.01809255 0.02499033
v -0.01168603 -0.01818766 0.02493471
v -0.01145519 -0.01764733 0.02491900
v -0.01097381 -0.01783755 0.02488962
v -0.01074795 -0.01729721 0.02486022
v -0.01037307 -0.01775761 0.02486320
v -0.01049487 -0.01802778 0.02485353
v -0.01057704 -0.01929869 0.02457569
v -0.01102068 -0.01910846 0.02470876
v -0.01031020 -0.01875835 0.02465888
v -0.01075810 -0.01856812 0.02478026
v -0.01004116 -0.01821801 0.02474811
v -0.00863030 -0.01824835 0.02391859
v -0.00884811 -0.01878869 0.02397010
v -0.00907895 -0.01932903 0.02398580
v -0.00948502 -0.01913880 0.02422210
v -0.00962585 -0.01840824 0.02453723
v -0.00923576 -0.01859846 0.02425702
v -0.00900990 -0.01805812 0.02422762
v -0.00950405 -0.01813807 0.02454690
v -0.00932372 -0.01605665 0.02411952
v -0.00929516 -0.01759773 0.02447087
v -0.00920807 -0.01732756 0.02438517
v -0.00864948 -0.01697745 0.02391799
v -0.00881799 -0.01751779 0.02410496
v -0.00843034 -0.01770801 0.02381804
v -0.01007710 -0.01694710 0.02470147
v -0.01055604 -0.01675688 0.02473756
v -0.01103742 -0.01656665 0.02476694
v -0.01016419 -0.01721727 0.02478717
v -0.00863968 0.01401186 0.02166128
v -0.00905289 0.01378717 0.02181168
v -0.00913273 0.01382201 0.02163711
v -0.01027285 0.01344773 0.02225571
v -0.01084200 0.01343206 0.02246286
v -0.01090581 0.01347009 0.02228246
v -0.01113639 0.01345796 0.02257001
v -0.01144887 0.01351132 0.02268374
v -0.01150725 0.01354863 0.02250137
v -0.01399070 0.01533193 0.02360889
v -0.01425205 0.01581921 0.02370401
v -0.01428532 0.01583585 0.02351250
v -0.01416786 0.01971008 0.02367337
v -0.01391043 0.02014763 0.02357968
v -0.01394677 0.02012551 0.02338928
v -0.01304177 0.02108948 0.02326351
v -0.01254309 0.02142580 0.02308201
v -0.01259168 0.02139224 0.02289607
v -0.01229688 0.02155449 0.02299239
v -0.01198339 0.02168771 0.02287829
v -0.01203698 0.02165180 0.02269417
v -0.00894328 0.02151476 0.02177178
v -0.00846561 0.02122832 0.02159792
v -0.00855071 0.02119653 0.02142528
v -0.00764852 0.01563934 0.02080894
v -0.00781543 0.01573829 0.02082919
v -0.00757258 0.01625096 0.02074080
v -0.00739329 0.01617816 0.02071604
v -0.00740612 0.01679707 0.02068021
v -0.00721833 0.01675214 0.02065236
v -0.00731995 0.01736382 0.02064885
v -0.00712776 0.01734780 0.02061940
v -0.00812897 0.01527108 0.02094331
v -0.00797806 0.01514829 0.02092888
v -0.00782409 0.01504419 0.02098818
v -0.00850585 0.01486028 0.02108048
v -0.00837417 0.01471653 0.02107305
v -0.00823650 0.01459466 0.02113829
v -0.00811380 0.01451323 0.02126625
v -0.00748099 0.01555545 0.02086331
v -0.00721525 0.01611645 0.02076659
v -0.00703310 0.01671404 0.02070029
v -0.00693880 0.01733423 0.02066597
v -0.00739461 0.01850593 0.02067602
v -0.00755370 0.01905452 0.02073393
v -0.00720624 0.01854819 0.02064796
v -0.00737344 0.01912477 0.02070882
v -0.00702050 0.01858401 0.02069570
v -0.00719458 0.01918433 0.02075906
v -0.00686569 0.01860795 0.02081198
v -0.00704437 0.01922412 0.02087701
v -0.00778961 0.01957083 0.02081979
v -0.00762139 0.01966743 0.02079907
v -0.00745274 0.01974932 0.02085303
v -0.00730934 0.01980404 0.02097346
v -0.00809682 0.02004278 0.02093161
v -0.00794428 0.02016346 0.02091659
v -0.00778892 0.02026577 0.02097538
v -0.00765440 0.02033412 0.02109904
v -0.00846813 0.02045929 0.02106675
v -0.00889483 0.02081060 0.02122206
v -0.00833453 0.02060122 0.02105863
v -0.00878300 0.02097045 0.02122186
v -0.00819523 0.02072154 0.02112327
v -0.00866216 0.02110597 0.02129322
v -0.00807144 0.02080194 0.02125084
v -0.00987335 0.02128641 0.02157821
v -0.01040223 0.02139975 0.02177070
v -0.00981145 0.02147054 0.02159618
v -0.01036731 0.02158967 0.02179850
v -0.00973293 0.02162664 0.02168295
v -0.01031167 0.02175067 0.02189359
v -0.00964976 0.02173094 0.02182530
v -0.01024379 0.02185825 0.02204151
v -0.01094116 0.02142585 0.02196686
v -0.01093375 0.02161710 0.02200467
v -0.01090142 0.02177923 0.02210824
v -0.01084911 0.02188757 0.02226183
v -0.01147753 0.02136410 0.02216208
v -0.01149748 0.02155220 0.02220985
v -0.01148836 0.02171166 0.02232187
v -0.01145155 0.02181821 0.02248110
v -0.01335286 0.02029734 0.02284465
v -0.01369909 0.01985705 0.02297067
v -0.01346850 0.02043101 0.02292724
v -0.01383239 0.01996825 0.02305968
v -0.01354050 0.02054433 0.02306879
v -0.01391937 0.02006252 0.02320668
v -0.01355790 0.02062004 0.02324774
v -0.01418335 0.01883472 0.02314692
v -0.01431004 0.01827665 0.02319303
v -0.01434136 0.01889376 0.02324494
v -0.01447452 0.01830722 0.02329340
v -0.01444929 0.01894381 0.02339956
v -0.01458792 0.01833313 0.02345002
v -0.01449069 0.01897725 0.02358725
v -0.01463298 0.01835044 0.02363904
v -0.01435519 0.01770455 0.02320947
v -0.01452197 0.01770592 0.02331067
v -0.01463733 0.01770708 0.02346800
v -0.01468369 0.01770786 0.02365750
v -0.01431775 0.01713181 0.02319584
v -0.01448262 0.01710396 0.02329635
v -0.01459636 0.01708035 0.02345309
v -0.01464164 0.01706457 0.02364219
v -0.01419859 0.01657187 0.02315247
v -0.01400051 0.01603785 0.02308038
v -0.01435738 0.01651545 0.02325077
v -0.01414920 0.01595418 0.02317499
v -0.01446596 0.01646762 0.02340563
v -0.01424921 0.01588325 0.02332674
v -0.01450781 0.01643566 0.02359348
v -0.01338789 0.01509673 0.02285740
v -0.01298771 0.01471169 0.02271175
v -0.01350532 0.01496504 0.02294064
v -0.01308472 0.01456036 0.02278756
v -0.01357883 0.01485340 0.02308274
v -0.01314092 0.01443206 0.02292335
v -0.01359724 0.01477880 0.02326206
v -0.01314777 0.01434633 0.02309847
v -0.01253699 0.01439617 0.02254770
v -0.01261100 0.01422874 0.02261514
v -0.01264771 0.01408679 0.02274384
v -0.01264152 0.01399195 0.02291421
v -0.01204630 0.01415757 0.02236910
v -0.01209527 0.01397796 0.02242742
v -0.01211075 0.01382569 0.02254840
v -0.01209038 0.01372395 0.02271361
v -0.00992206 0.01405469 0.02159594
v -0.00941303 0.01424487 0.02141066
v -0.00986264 0.01386983 0.02161482
v -0.00932763 0.01406972 0.02142009
v -0.00978624 0.01371311 0.02170235
v -0.00922921 0.01392123 0.02149961
v -0.00970447 0.01360840 0.02184521
v -0.00769050 0.01497463 0.02111218
v -0.00733834 0.01549939 0.02098401
v -0.00706558 0.01607521 0.02088473
v -0.00687861 0.01668859 0.02081668
v -0.00678183 0.01732516 0.02078145
v -0.00672678 0.01694345 0.02096504
v -0.00668074 0.01732197 0.02094829
v -0.00667043 0.01786051 0.02094453
v -0.00667636 0.01797262 0.02094669
v -0.00677748 0.01796998 0.02077987
v -0.00693457 0.01796246 0.02066443
v -0.00712370 0.01795120 0.02061792
v -0.00731608 0.01793792 0.02064744
v -0.00676536 0.01861636 0.02097908
v -0.00758799 0.02039284 0.02127850
v -0.00756120 0.02035813 0.02126875
v -0.00721303 0.01982326 0.02114202
v -0.00711134 0.01962649 0.02110501
v -0.00694566 0.01923810 0.02104471
v -0.00680065 0.01876901 0.02099193
v -0.00798202 0.02083017 0.02142191
v -0.00820831 0.02103223 0.02150427
v -0.00900065 0.02154325 0.02179266
v -0.00908096 0.02150863 0.02161827
v -0.00917877 0.02141005 0.02148125
v -0.00927919 0.02126251 0.02140245
v -0.00936693 0.02108848 0.02139389
v -0.00957459 0.02176757 0.02200156
v -0.01147548 0.02183822 0.02269343
v -0.01139267 0.02185562 0.02266329
v -0.01078479 0.02192561 0.02244203
v -0.01061597 0.02192741 0.02238059
v -0.01017399 0.02189603 0.02221972
v -0.00975854 0.02181788 0.02206851
v -0.01205872 0.02154953 0.02252946
v -0.01204530 0.02139648 0.02240924
v -0.01199875 0.02121594 0.02235179
v -0.01259914 0.02129665 0.02272616
v -0.01256436 0.02115359 0.02259816
v -0.01249261 0.02098485 0.02253154
v -0.01305868 0.02107604 0.02326966
v -0.01310264 0.02104561 0.02308204
v -0.01309696 0.02095894 0.02290735
v -0.01304249 0.02082924 0.02277219
v -0.01294754 0.02067624 0.02269712
v -0.01351804 0.02064663 0.02343686
v -0.01367530 0.02046495 0.02349409
v -0.01422664 0.01959073 0.02369477
v -0.01426015 0.01957360 0.02350334
v -0.01422468 0.01952481 0.02331781
v -0.01412564 0.01945179 0.02316642
v -0.01397810 0.01936566 0.02307222
v -0.01445926 0.01898899 0.02377944
v -0.01460846 0.01703682 0.02383374
v -0.01461158 0.01705903 0.02383487
v -0.01465402 0.01770813 0.02385032
v -0.01464561 0.01795498 0.02384726
v -0.01460284 0.01835652 0.02383169
v -0.01449642 0.01886018 0.02379296
v -0.01447654 0.01642443 0.02378572
v -0.01438670 0.01614863 0.02375302
v -0.01394337 0.01525754 0.02359167
v -0.01397941 0.01527922 0.02340116
v -0.01395117 0.01534094 0.02321826
v -0.01386294 0.01543331 0.02307080
v -0.01372815 0.01554227 0.02298124
v -0.01355774 0.01475261 0.02345131
v -0.01197767 0.01366550 0.02287621
v -0.01203727 0.01368822 0.02289790
v -0.01259339 0.01395864 0.02310031
v -0.01275735 0.01406064 0.02315999
v -0.01310421 0.01431623 0.02328623
v -0.01343899 0.01462491 0.02340809
v -0.01154263 0.01365488 0.02234162
v -0.01154960 0.01381390 0.02222882
v -0.01152712 0.01400148 0.02218013
v -0.01095666 0.01357836 0.02212835
v -0.01098680 0.01374040 0.02202398
v -0.01099164 0.01393155 0.02198524
v -0.01023086 0.01345233 0.02224042
v -0.01030015 0.01349016 0.02206202
v -0.01036659 0.01359792 0.02191358
v -0.01042005 0.01375919 0.02181770
v -0.01045241 0.01394942 0.02178897
v -0.00962980 0.01357163 0.02202165
v -0.00942744 0.01363529 0.02194800
v -0.00851367 0.01409390 0.02161541
v -0.00859833 0.01412599 0.02144261
v -0.00870856 0.01421739 0.02131011
v -0.00882757 0.01435417 0.02123808
v -0.00893724 0.01451552 0.02123749
v -0.00802476 0.01448463 0.02143747
v -0.00794641 0.01455985 0.02140895
v -0.00677841 0.01667966 0.02098383
v -0.00696706 0.01606073 0.02105250
v -0.00724228 0.01547971 0.02115267
v -0.00738004 0.01525362 0.02120281
v -0.00759763 0.01495021 0.02128200
v -0.00518769 0.01694345 0.02519366
v -0.00542797 0.01606073 0.02528111
v -0.00513134 0.01786051 0.02517315
v -0.00526156 0.01876901 0.02522054
v -0.00557225 0.01962649 0.02533363
v -0.00604890 0.02039284 0.02550711
v -0.00666921 0.02103223 0.02573289
v -0.00740418 0.02151476 0.02600040
v -0.00821945 0.02181788 0.02629713
v -0.00907688 0.02192741 0.02660921
v -0.00993639 0.02183822 0.02692205
v -0.01075779 0.02155449 0.02722101
v -0.01150268 0.02108948 0.02749212
v -0.01213621 0.02046495 0.02772271
v -0.01262877 0.01971008 0.02790199
v -0.01295733 0.01886018 0.02802157
v -0.01310652 0.01795498 0.02807588
v -0.01306937 0.01703682 0.02806235
v -0.01284761 0.01614863 0.02798164
v -0.01245161 0.01533193 0.02783751
v -0.01189990 0.01462491 0.02763670
v -0.01121826 0.01406064 0.02738861
v -0.01043857 0.01366550 0.02710482
v -0.00959729 0.01345796 0.02679862
v -0.00873376 0.01344773 0.02648432
v -0.00788835 0.01363529 0.02617662
v -0.00710059 0.01401186 0.02588990
v -0.00640732 0.01455985 0.02563757
v -0.00584095 0.01525362 0.02543142
v -0.01024257 0.01987455 0.02703348
v -0.01075796 0.01947117 0.02722107
v -0.01115196 0.01893477 0.02736448
v -0.01139537 0.01830513 0.02745307
v -0.01147012 0.01762896 0.02748028
v -0.00780423 0.01974780 0.02614600
v -0.00837790 0.02004919 0.02635480
v -0.00900671 0.02017469 0.02658367
v -0.00964402 0.02011500 0.02681563
v -0.00678819 0.01738557 0.02577619
v -0.00680066 0.01806627 0.02578073
v -0.00698524 0.01871816 0.02584791
v -0.00732824 0.01929287 0.02597275
v -0.01137067 0.01695641 0.02744408
v -0.01110440 0.01633734 0.02734716
v -0.01069106 0.01581768 0.02719672
v -0.01016129 0.01543597 0.02700390
v -0.00772944 0.01566372 0.02611878
v -0.00727047 0.01613803 0.02595173
v -0.00694877 0.01672653 0.02583464
v -0.00955440 0.01522051 0.02678301
v -0.00891539 0.01518730 0.02655043
v -0.00829165 0.01533878 0.02632341
v -0.00330304 0.01613803 0.03685216
v -0.00376201 0.01566372 0.03701922
v -0.00432421 0.01533878 0.03722384
v -0.00494795 0.01518730 0.03745086
v -0.00558696 0.01522051 0.03768344
v -0.00619386 0.01543597 0.03790433
v -0.00672362 0.01581768 0.03809715
v -0.00713697 0.01633734 0.03824760
v -0.00740324 0.01695641 0.03834451
v -0.00750269 0.01762896 0.03838071
v -0.00742794 0.01830513 0.03835350
v -0.00718453 0.01893477 0.03826491
v -0.00679052 0.01947117 0.03812150
v -0.00627513 0.01987455 0.03793392
v -0.00567659 0.02011500 0.03771606
v -0.00503928 0.02017469 0.03748410
v -0.00441047 0.02004919 0.03725524
v -0.00383679 0.01974780 0.03704643
v -0.00336081 0.01929287 0.03687319
v -0.00301780 0.01871816 0.03674835
v -0.00283322 0.01806627 0.03668116
v -0.00282076 0.01738557 0.03667663
v -0.00298133 0.01672653 0.03673507
v -0.00319214 0.01687871 0.03723747
v -0.00305725 0.01743231 0.03718838
v -0.00501709 0.01767767 0.03790170
v -0.00346237 0.01638437 0.03733582
v -0.00484410 0.01558575 0.03783873
v -0.00432016 0.01571300 0.03764803
v -0.00384790 0.01598595 0.03747615
v -0.00633566 0.01611528 0.03838162
v -0.00589066 0.01579464 0.03821965
v -0.00538087 0.01561366 0.03803410
v -0.00699007 0.01763676 0.03861981
v -0.00690654 0.01707181 0.03858940
v -0.00668287 0.01655179 0.03850799
v -0.00639185 0.01918421 0.03840207
v -0.00672282 0.01873363 0.03852253
v -0.00692728 0.01820474 0.03859695
v -0.00492081 0.01977517 0.03786666
v -0.00545615 0.01972503 0.03806150
v -0.00595893 0.01952305 0.03824450
v -0.00351089 0.01903444 0.03735349
v -0.00391072 0.01941657 0.03749901
v -0.00439261 0.01966974 0.03767440
v -0.00306772 0.01800410 0.03719219
v -0.00322277 0.01855168 0.03724862
v -0.01054299 0.01538876 0.02182194
v -0.01111627 0.01538825 0.02203060
v -0.01165707 0.01554194 0.02222743
v -0.00882450 0.01679905 0.02119646
v -0.00911072 0.01627045 0.02130064
v -0.00950620 0.01584889 0.02144458
v -0.01214295 0.01583772 0.02240428
v -0.01254992 0.01626738 0.02255240
v -0.01283698 0.01679546 0.02265688
v -0.00998985 0.01554900 0.02162061
v -0.00882589 0.01855988 0.02119697
v -0.00911295 0.01908796 0.02130145
v -0.01054660 0.01996709 0.02182325
v -0.01111988 0.01996658 0.02203191
v -0.01298454 0.01796639 0.02271059
v -0.01283837 0.01855629 0.02265739
v -0.01255215 0.01908488 0.02255321
v -0.00867833 0.01738895 0.02114326
v -0.00868056 0.01798462 0.02114407
v -0.00951992 0.01951762 0.02144957
v -0.01000580 0.01981340 0.02162642
v -0.01215667 0.01950645 0.02240927
v -0.01167302 0.01980634 0.02223324
v -0.01298231 0.01737071 0.02270978
v -0.01282963 0.01764712 0.02279679
v -0.01256819 0.01818478 0.02286837
v -0.01268240 0.01793675 0.02285293
v -0.01237186 0.01869268 0.02279686
v -0.01246367 0.01843858 0.02285027
v -0.01221783 0.01922951 0.02257435
v -0.01229440 0.01894041 0.02271171
v -0.01183010 0.01954647 0.02243393
v -0.01123840 0.01962331 0.02238422
v -0.01150553 0.01958780 0.02242459
v -0.01072725 0.01969625 0.02219849
v -0.01097541 0.01965993 0.02230859
v -0.01023909 0.01977355 0.02185431
v -0.01049475 0.01973205 0.02205669
v -0.00978688 0.01957495 0.02169026
v -0.00940187 0.01911713 0.02171578
v -0.00957348 0.01932872 0.02172138
v -0.00908690 0.01868261 0.02160145
v -0.00923736 0.01889901 0.02167599
v -0.00880666 0.01822205 0.02133295
v -0.00895070 0.01846931 0.02149470
v -0.00874172 0.01770769 0.02130915
v -0.00889575 0.01717086 0.02153166
v -0.00881829 0.01741859 0.02144651
v -0.00909208 0.01666296 0.02160317
v -0.00898756 0.01691676 0.02158507
v -0.00935352 0.01612530 0.02153159
v -0.00920629 0.01641493 0.02158773
v -0.00974052 0.01580887 0.02167338
v -0.01022574 0.01573202 0.02201564
v -0.00999516 0.01576754 0.02187485
v -0.01073668 0.01565909 0.02220192
v -0.01047581 0.01569542 0.02212675
v -0.01133188 0.01558179 0.02225205
v -0.01100593 0.01562329 0.02224275
v -0.01178374 0.01578039 0.02241705
v -0.01206227 0.01623821 0.02268408
v -0.01192721 0.01602662 0.02257806
v -0.01237704 0.01667273 0.02279896
v -0.01221387 0.01645633 0.02275935
v -0.01276430 0.01713329 0.02277341
v -0.01254999 0.01688603 0.02280474
v -0.01130183 0.01950645 0.02475793
v -0.01212746 0.01737072 0.02505844
v -0.01192329 0.01789824 0.02498487
v -0.01171439 0.01843858 0.02490888
v -0.01150552 0.01897892 0.02483282
v -0.00915092 0.01981340 0.02397519
v -0.00987185 0.01971050 0.02423786
v -0.01018743 0.01966545 0.02435310
v -0.01022613 0.01965992 0.02436722
v -0.01076385 0.01958319 0.02456294
v -0.01127596 0.01951013 0.02474869
v -0.00815677 0.01844182 0.02361404
v -0.00842123 0.01880679 0.02371036
v -0.00881949 0.01935620 0.02385492
v -0.00851194 0.01893193 0.02374327
v -0.00848808 0.01889901 0.02373462
v -0.00799111 0.01821322 0.02355375
v -0.00784157 0.01800657 0.02349867
v -0.00782572 0.01798462 0.02349273
v -0.00865136 0.01584889 0.02379324
v -0.00802941 0.01745710 0.02356762
v -0.00823828 0.01691676 0.02364368
v -0.00844718 0.01637642 0.02371967
v -0.01080219 0.01554194 0.02457620
v -0.01008097 0.01564485 0.02431398
v -0.00976525 0.01568989 0.02419944
v -0.00972653 0.01569542 0.02418538
v -0.00918881 0.01577215 0.02398967
v -0.00867711 0.01584521 0.02380279
v -0.01179590 0.01691352 0.02493857
v -0.01153147 0.01654865 0.02484239
v -0.01113338 0.01599914 0.02469711
v -0.01144075 0.01642341 0.02480927
v -0.01146459 0.01645633 0.02481798
v -0.01196155 0.01714212 0.02499887
v -0.01211151 0.01734877 0.02505281
v -0.00970823 0.01794784 0.02468794
v -0.00980559 0.01767767 0.02474540
v -0.01026246 0.01786790 0.02484215
v -0.00962339 0.01821801 0.02459606
v -0.00947466 0.01875835 0.02435476
v -0.00905353 0.01856812 0.02415985
v -0.00991711 0.01740750 0.02476397
v -0.00939343 0.01748744 0.02452585
v -0.01123738 0.01824835 0.02486749
v -0.01015165 0.01586642 0.02439246
v -0.00988907 0.01640676 0.02446396
v -0.01122308 0.01697745 0.02485470
v -0.00889834 0.01910846 0.02393629
v -0.00803469 0.01809255 0.02357917
v -0.00824341 0.01818766 0.02368169
v -0.00976736 0.01948891 0.02425259
v -0.01085049 0.01932903 0.02463059
v -0.01038753 0.01913880 0.02455059
v -0.00992255 0.01894858 0.02447615
v -0.01191183 0.01726279 0.02499033
v -0.01168603 0.01716767 0.02493471
v -0.01145519 0.01770801 0.02491900
v -0.01097381 0.01751779 0.02488962
v -0.01074795 0.01805812 0.02486022
v -0.01037307 0.01759773 0.02486320
v -0.01049487 0.01732756 0.02485353
v -0.01057704 0.01605665 0.02457569
v -0.01102068 0.01624688 0.02470876
v -0.01031020 0.01659699 0.02465888
v -0.01075810 0.01678722 0.02478026
v -0.01004116 0.01713733 0.02474811
v -0.00863030 0.01710699 0.02391859
v -0.00884811 0.01656665 0.02397010
v -0.00907895 0.01602631 0.02398580
v -0.00948502 0.01621654 0.02422210
v -0.00962585 0.01694710 0.02453723
v -0.00923576 0.01675688 0.02425702
v -0.00900990 0.01729721 0.02422762
v -0.00950405 0.01721727 0.02454690
v -0.00932372 0.01929869 0.02411952
v -0.00929516 0.01775761 0.02447087
v -0.00920807 0.01802778 0.02438517
v -0.00864948 0.01837789 0.02391799
v -0.00881799 0.01783755 0.02410496
v -0.00843034 0.01764733 0.02381804
v -0.01007710 0.01840824 0.02470147
v -0.01055604 0.01859846 0.02473756
v -0.01103742 0.01878869 0.02476694
v -0.01016419 0.01813807 0.02478717
v -0.00206680 -0.00609981 0.02309998
v -0.00182952 -0.00605222 0.02301363
v -0.00282256 -0.00606504 0.02337506
v 0.01090959 -0.00664980 0.01837697
v 0.01090452 -0.00672890 0.01837881
v 0.01148279 -0.00669324 0.01816834
v 0.01118085 -0.00605222 0.01827824
v 0.01147925 -0.00612237 0.01816963
v 0.01252917 -0.00025000 0.01778749
v 0.01167309 -0.00629974 0.01809908
v 0.01065134 -0.00025000 0.01847096
v 0.01056401 -0.00086022 0.01850275
v 0.01038258 -0.00144650 0.01856878
v 0.01039853 -0.00606504 0.01856298
v 0.01089836 -0.00611431 0.01838105
v 0.01067637 -0.00630943 0.01846185
v 0.01142244 -0.00651583 0.01819031
v 0.01130967 -0.00641271 0.01823135
v 0.01119591 -0.00638555 0.01827275
v 0.01093273 -0.00689859 0.01836855
v 0.01099768 -0.00699061 0.01834491
v 0.01110008 -0.00704433 0.01830763
v 0.01131526 -0.00731063 0.01822932
v 0.01120421 -0.00736549 0.01826973
v 0.01124146 -0.00766760 0.01825617
v 0.01108334 -0.00738555 0.01831373
v 0.01061538 -0.00766760 0.01848405
v 0.01082010 -0.00731027 0.01840954
v 0.01063281 -0.00711048 0.01847771
v 0.01105149 -0.00642233 0.01832532
v 0.01095310 -0.00651743 0.01836113
v 0.01179160 -0.00661710 0.01805594
v 0.01179602 -0.00664997 0.01805433
v 0.01252917 -0.01491823 0.01778749
v 0.01054814 -0.00683656 0.01850852
v 0.01054310 -0.00673731 0.01851036
v 0.01057630 -0.00651154 0.01849828
v 0.01061538 -0.00805222 0.01848405
v 0.01039853 -0.01569372 0.01856298
v 0.01153098 -0.00805222 0.01815080
v 0.01174783 -0.00694565 0.01807187
v 0.01143272 -0.00689837 0.01818657
v 0.01131738 -0.00700835 0.01822854
v 0.01116918 -0.00705222 0.01828248
v 0.00803423 -0.00672202 0.01942351
v 0.00800864 -0.00696207 0.01943283
v 0.00816331 -0.00683769 0.01937653
v 0.00835312 -0.00679581 0.01930745
v 0.00862505 -0.00687336 0.01920847
v 0.00885647 -0.00657385 0.01912424
v 0.00882231 -0.00708142 0.01913667
v 0.00890466 -0.00742682 0.01910670
v 0.00834257 -0.00605222 0.01931128
v 0.00858864 -0.00610886 0.01922172
v 0.00916970 -0.00606504 0.01901024
v 0.00874473 -0.00625269 0.01916491
v 0.00885165 -0.00654467 0.01912600
v 0.00788195 -0.00626650 0.01947894
v 0.00813073 -0.00608810 0.01938839
v 0.00756740 -0.00606504 0.01959342
v 0.00832235 -0.00349549 0.01931864
v 0.00885255 -0.00324517 0.01912567
v 0.00849505 -0.00661632 0.01925579
v 0.00845406 -0.00647482 0.01927071
v 0.00839254 -0.00641125 0.01929310
v 0.00883730 -0.00775319 0.01913122
v 0.00916970 -0.01614098 0.01901024
v 0.00829137 -0.00638555 0.01932992
v 0.00818733 -0.00641621 0.01936779
v 0.00810553 -0.00649988 0.01939756
v 0.00803707 -0.00800733 0.01942248
v 0.00792999 -0.00792755 0.01946145
v 0.00756740 -0.01672417 0.01959342
v 0.00775986 -0.00766762 0.01952338
v 0.00767613 -0.00710792 0.01955385
v 0.00767583 -0.00707706 0.01955396
v 0.00774310 -0.00653201 0.01952947
v 0.00866563 -0.00796535 0.01919370
v 0.00840941 -0.00807139 0.01928696
v 0.00831471 -0.00807786 0.01932142
v 0.00540528 -0.00605222 0.02038037
v 0.00551230 -0.00324517 0.02034142
v 0.00536190 -0.00605359 0.02039616
v 0.00462785 -0.00606504 0.02066333
v 0.00506547 -0.00614922 0.02050405
v 0.00485893 -0.00637315 0.02057923
v 0.00543653 -0.00699230 0.02036900
v 0.00527628 -0.00642005 0.02042732
v 0.00519311 -0.00650704 0.02045760
v 0.00514589 -0.00670246 0.02047478
v 0.00518000 -0.00687341 0.02046237
v 0.00525769 -0.00696746 0.02043409
v 0.00539775 -0.00638555 0.02038311
v 0.00544372 -0.00639000 0.02036638
v 0.00553463 -0.00643376 0.02033329
v 0.00570083 -0.00612454 0.02027280
v 0.00612172 -0.00606504 0.02011961
v 0.00604249 -0.00349549 0.02014845
v 0.00514811 -0.00665316 0.02047398
v 0.00536387 -0.00700094 0.02039544
v 0.00485675 -0.00756504 0.02058002
v 0.00490648 -0.00735904 0.02056192
v 0.00493307 -0.00704433 0.02055224
v 0.00504130 -0.00720259 0.02051285
v 0.00512706 -0.00714477 0.02048163
v 0.00585304 -0.00785632 0.02021740
v 0.00612172 -0.01725035 0.02011961
v 0.00596511 -0.00754581 0.02017661
v 0.00547342 -0.00728299 0.02035557
v 0.00601330 -0.00664597 0.02015907
v 0.00550731 -0.00697249 0.02034324
v 0.00565188 -0.00669324 0.02029062
v 0.00559403 -0.00650184 0.02031167
v 0.00534589 -0.00730439 0.02040199
v 0.00527075 -0.00736278 0.02042934
v 0.00522731 -0.00745257 0.02044515
v 0.00529051 -0.00770935 0.02042215
v 0.00536664 -0.00774220 0.02039444
v 0.00524040 -0.00764457 0.02044038
v 0.00521817 -0.00753138 0.02044847
v 0.00539738 -0.00774453 0.02038325
v 0.00549483 -0.00771485 0.02034778
v 0.00556193 -0.00763899 0.02032336
v 0.00590526 -0.00631975 0.02019840
v 0.00560369 -0.00748812 0.02030816
v 0.00478447 -0.00667722 0.02060633
v 0.00462785 -0.01730000 0.02066333
v 0.00481436 -0.00686247 0.02059545
v 0.00570269 -0.00799826 0.02027212
v 0.00543473 -0.00807660 0.02036965
v 0.00598532 -0.01730000 0.02016925
v 0.00540039 -0.00807786 0.02038215
v 0.00517424 -0.00803591 0.02046446
v 0.00498551 -0.00789797 0.02053316
v 0.00489061 -0.00774470 0.02056769
v 0.00033900 -0.00606504 0.02222435
v -0.00040718 -0.00605222 0.02249594
v -0.00010198 -0.00614035 0.02238485
v -0.00012885 -0.00741160 0.02239463
v -0.00010337 -0.00716680 0.02238536
v -0.00025519 -0.00729191 0.02244061
v -0.00044295 -0.00733427 0.02250895
v -0.00071601 -0.00725816 0.02260834
v -0.00095007 -0.00755582 0.02269353
v 0.00023057 -0.00705102 0.02226381
v 0.00016345 -0.00759715 0.02228824
v 0.00033900 -0.01730000 0.02222435
v -0.00067970 -0.00801803 0.02259512
v -0.00084570 -0.00785927 0.02265554
v -0.00110668 -0.01730000 0.02275053
v -0.00110668 -0.00606504 0.02275053
v -0.00058865 -0.00751376 0.02256198
v -0.00054810 -0.00765514 0.02254723
v -0.00048764 -0.00771817 0.02252522
v -0.00001233 -0.00790414 0.02235222
v -0.00023860 -0.00804730 0.02243458
v -0.00043429 -0.00807786 0.02250580
v -0.00038798 -0.00774453 0.02248895
v -0.00028049 -0.00771290 0.02244982
v -0.00020005 -0.00763064 0.02242055
v 0.00010675 -0.00637285 0.02230888
v 0.00013384 -0.00643054 0.02229902
v 0.00022941 -0.00696797 0.02226423
v -0.00091291 -0.00705332 0.02268000
v -0.00099713 -0.00674458 0.02271066
v -0.00099826 -0.00670446 0.02271107
v -0.00093134 -0.00637617 0.02268671
v 0.00033900 -0.00425000 0.02222435
v -0.00110668 -0.00425000 0.02275053
v -0.00050692 -0.00605928 0.02253224
v -0.00076094 -0.00616509 0.02262469
v 0.00979616 -0.00607786 0.01878222
v 0.00979616 -0.00750174 0.01878222
v 0.01000770 -0.00731306 0.01870523
v 0.00981537 -0.00789894 0.01877523
v 0.00975332 -0.00800560 0.01879782
v 0.00972463 -0.00807786 0.01880826
v 0.00943474 -0.00807786 0.01891377
v 0.00943474 -0.00607786 0.01891377
v 0.01025396 -0.00718042 0.01861560
v 0.01025396 -0.00756504 0.01861560
v 0.00993820 -0.00776389 0.01873052
v 0.00704117 -0.00751555 0.01978496
v 0.00704937 -0.00743683 0.01978197
v 0.00680142 -0.00708409 0.01987222
v 0.00650806 -0.00801319 0.01997899
v 0.00632664 -0.00785362 0.02004503
v 0.00623502 -0.00761438 0.02007837
v 0.00623015 -0.00753379 0.02008015
v 0.00627981 -0.00726650 0.02006207
v 0.00623015 -0.00646247 0.02008015
v 0.00641236 -0.00703219 0.02001382
v 0.00741079 -0.00747449 0.01965043
v 0.00732390 -0.00780017 0.01968205
v 0.00661728 -0.00762363 0.01993924
v 0.00667663 -0.00770119 0.01991764
v 0.00659157 -0.00748211 0.01994860
v 0.00676455 -0.00774002 0.01988564
v 0.00661156 -0.00736111 0.01994132
v 0.00681444 -0.00774453 0.01986748
v 0.00692794 -0.00771639 0.01982617
v 0.00695073 -0.00692802 0.01981787
v 0.00707532 -0.00679803 0.01977253
v 0.00623015 -0.00607786 0.02008015
v 0.00745898 -0.00607786 0.01963289
v 0.00729540 -0.00652830 0.01969242
v 0.00667605 -0.00675224 0.01991785
v 0.00680692 -0.00662231 0.01987022
v 0.00692852 -0.00646247 0.01982596
v 0.00666310 -0.00725094 0.01992256
v 0.00699558 -0.00765041 0.01980155
v 0.00717555 -0.00796897 0.01973605
v 0.00690780 -0.00807151 0.01983350
v 0.00680691 -0.00807786 0.01987022
v 0.00178468 -0.00425000 0.02169816
v 0.00178468 -0.00606504 0.02169816
v 0.00354178 -0.00425000 0.02105863
v 0.00502858 -0.00290455 0.02051748
v 0.00460481 -0.00248309 0.02067172
v 0.00425277 -0.00199252 0.02079985
v 0.00371351 -0.00025000 0.02099613
v 0.00354178 -0.00025000 0.02105863
v 0.00380083 -0.00086022 0.02096434
v 0.00398227 -0.00144650 0.02089830
v 0.00776043 -0.00364851 0.01952317
v 0.00718242 -0.00370000 0.01973354
v 0.00660441 -0.00364851 0.01994392
v 0.01011208 -0.00199252 0.01866724
v 0.00976004 -0.00248309 0.01879537
v 0.00933627 -0.00290455 0.01894961
v -0.00206787 -0.00802956 0.02310038
v -0.00225946 -0.00787233 0.02317011
v -0.00282256 -0.01730000 0.02337506
v -0.00143681 -0.00621347 0.02287069
v -0.00129303 -0.00645300 0.02281836
v -0.00182952 -0.00807786 0.02301363
v -0.00159219 -0.00803041 0.02292724
v -0.00320119 -0.00425000 0.02351287
v -0.00320119 -0.00606504 0.02351287
v -0.00282256 -0.00425000 0.02337506
v -0.00155470 -0.00612148 0.02291360
v -0.00241018 -0.00664261 0.02322497
v -0.00235872 -0.00644692 0.02320624
v -0.00240400 -0.00751953 0.02322272
v -0.00244178 -0.00717942 0.02323647
v -0.00244394 -0.00706424 0.02323725
v -0.00230337 -0.00632492 0.02318609
v -0.00225796 -0.00625534 0.02316956
v -0.00130040 -0.00768379 0.02282104
v -0.00135579 -0.00780536 0.02284120
v -0.00140109 -0.00787473 0.02285769
v -0.00121557 -0.00701828 0.02279016
v -0.00121511 -0.00706824 0.02279000
v -0.00124900 -0.00748868 0.02280233
v 0.00044742 -0.00667722 0.02218488
v 0.00052188 -0.00637315 0.02215778
v 0.00106824 -0.00605222 0.02195893
v 0.00102485 -0.00605359 0.02197472
v 0.00072843 -0.00614922 0.02208261
v 0.00109949 -0.00699230 0.02194755
v 0.00093924 -0.00642005 0.02200588
v 0.00085607 -0.00650704 0.02203615
v 0.00080884 -0.00670246 0.02205334
v 0.00084296 -0.00687341 0.02204092
v 0.00092065 -0.00696746 0.02201264
v 0.00106071 -0.00638555 0.02196167
v 0.00110668 -0.00639000 0.02194494
v 0.00119758 -0.00643376 0.02191185
v 0.00136378 -0.00612454 0.02185136
v 0.00081106 -0.00665316 0.02205253
v 0.00102683 -0.00700094 0.02197400
v 0.00051971 -0.00756504 0.02215857
v 0.00056944 -0.00735904 0.02214047
v 0.00059603 -0.00704433 0.02213080
v 0.00070426 -0.00720259 0.02209140
v 0.00079002 -0.00714477 0.02206019
v 0.00151600 -0.00785632 0.02179595
v 0.00178468 -0.01730000 0.02169816
v 0.00162806 -0.00754581 0.02175517
v 0.00113638 -0.00728299 0.02193412
v 0.00167625 -0.00664597 0.02173763
v 0.00117026 -0.00697249 0.02192179
v 0.00131483 -0.00669324 0.02186917
v 0.00125699 -0.00650184 0.02189023
v 0.00100884 -0.00730439 0.02198054
v 0.00093370 -0.00736278 0.02200789
v 0.00089027 -0.00745257 0.02202370
v 0.00095347 -0.00770935 0.02200070
v 0.00102960 -0.00774220 0.02197299
v 0.00090336 -0.00764457 0.02201894
v 0.00088113 -0.00753138 0.02202703
v 0.00106033 -0.00774453 0.02196180
v 0.00115779 -0.00771485 0.02192633
v 0.00122488 -0.00763899 0.02190191
v 0.00156822 -0.00631975 0.02177695
v 0.00126664 -0.00748812 0.02188671
v 0.00083720 -0.00803591 0.02204302
v 0.00064846 -0.00789797 0.02211171
v 0.00047731 -0.00686247 0.02217401
v 0.00136565 -0.00799826 0.02185068
v 0.00109769 -0.00807660 0.02194821
v 0.00106334 -0.00807786 0.02196071
v 0.00055357 -0.00774470 0.02214625
v 0.00312193 -0.00607786 0.02121144
v 0.00365202 -0.00807786 0.02101851
v 0.00365202 -0.00607786 0.02101851
v 0.00307374 -0.00747449 0.02122898
v 0.00295836 -0.00652830 0.02127098
v 0.00403264 -0.00789894 0.02087997
v 0.00397059 -0.00800560 0.02090256
v 0.00394191 -0.00807786 0.02091300
v 0.00401344 -0.00750174 0.02088696
v 0.00422498 -0.00731306 0.02080997
v 0.00401344 -0.00607786 0.02088696
v 0.00228024 -0.00762363 0.02151779
v 0.00233959 -0.00770119 0.02149619
v 0.00225453 -0.00748211 0.02152715
v 0.00242750 -0.00774002 0.02146420
v 0.00227452 -0.00736111 0.02151988
v 0.00247740 -0.00774453 0.02144603
v 0.00447124 -0.00718042 0.02072034
v 0.00447124 -0.00756504 0.02072034
v 0.00415548 -0.00776389 0.02083526
v 0.00198959 -0.00785362 0.02162358
v 0.00189798 -0.00761438 0.02165692
v 0.00189310 -0.00753379 0.02165870
v 0.00194276 -0.00726650 0.02164062
v 0.00189310 -0.00646247 0.02165870
v 0.00207532 -0.00703219 0.02159238
v 0.00259090 -0.00771639 0.02140472
v 0.00265854 -0.00765041 0.02138011
v 0.00270413 -0.00751555 0.02136351
v 0.00273828 -0.00679803 0.02135108
v 0.00261369 -0.00692802 0.02139643
v 0.00271232 -0.00743683 0.02136053
v 0.00246437 -0.00708409 0.02145077
v 0.00232606 -0.00725094 0.02150112
v 0.00298686 -0.00780017 0.02126061
v 0.00283851 -0.00796897 0.02131460
v 0.00257076 -0.00807151 0.02141205
v 0.00189310 -0.00607786 0.02165870
v 0.00233901 -0.00675224 0.02149640
v 0.00246988 -0.00662231 0.02144877
v 0.00259147 -0.00646247 0.02140451
v 0.00246987 -0.00807786 0.02144877
v 0.00217102 -0.00801319 0.02155755
v -0.00320119 -0.01730000 0.02351287
v 0.00287863 -0.00005000 0.01791872
v 0.00299588 -0.00005000 0.01785195
v 0.00069501 -0.00005000 0.01730597
v 0.00067246 -0.00005000 0.01704814
v 0.00227355 -0.00005000 0.01678404
v 0.00239823 -0.00005000 0.01683367
v 0.00253260 -0.00005000 0.01683936
v 0.00275585 -0.00005000 0.01836499
v 0.00273513 -0.00005000 0.01828009
v 0.00058563 -0.00005000 0.01754054
v 0.00274043 -0.00005000 0.01814579
v 0.00279010 -0.00005000 0.01802055
v 0.00037362 -0.00005000 0.01768899
v 0.00347337 -0.00005000 0.02087069
v 0.00364510 -0.00005000 0.02080819
v -0.00261647 -0.00005000 0.01824521
v -0.00312950 -0.00005000 0.01683567
v -0.01948151 -0.00005000 0.01209847
v -0.00315206 -0.00005000 0.01657783
v -0.00574860 -0.00005000 0.01209847
v -0.00304267 -0.00005000 0.01634326
v -0.00550080 -0.00005000 0.01210765
v -0.00292580 -0.00005000 0.01298196
v -0.00384372 -0.00005000 0.01267845
v -0.00283066 -0.00005000 0.01619481
v -0.00473805 -0.00005000 0.01229330
v -0.00525433 -0.00005000 0.01213482
v -0.00197561 -0.00005000 0.01854404
v -0.00223345 -0.00005000 0.01856660
v -0.00246801 -0.00005000 0.01845722
v 0.00217238 -0.00005000 0.01669607
v 0.00210601 -0.00005000 0.01657957
v 0.00015943 -0.00005000 0.01563860
v 0.00092994 -0.00005000 0.01334834
v 0.00001097 -0.00005000 0.01542658
v 0.00079105 -0.00005000 0.01335956
v -0.00022360 -0.00005000 0.01531720
v -0.00016590 -0.00005000 0.01338760
v -0.00048143 -0.00005000 0.01533976
v -0.00112141 -0.00005000 0.01332988
v -0.00207361 -0.00005000 0.01318605
v 0.00406829 -0.00005000 0.01746163
v 0.00369207 -0.00005000 0.01642797
v 0.00261966 -0.00005000 0.01681829
v 0.01513271 -0.00005000 0.01554930
v 0.01548996 -0.00005000 0.01496631
v 0.01485421 -0.00005000 0.01507893
v 0.01113908 -0.00005000 0.01437406
v 0.01135110 -0.00005000 0.01422561
v 0.00833194 -0.00005000 0.01209847
v 0.01370033 -0.00005000 0.01337055
v 0.01614546 -0.00005000 0.01209847
v 0.01395816 -0.00005000 0.01334800
v 0.01419273 -0.00005000 0.01345738
v 0.01614546 -0.00005000 0.01233727
v 0.01434118 -0.00005000 0.01366939
v 0.01610372 -0.00005000 0.01301974
v 0.01597911 -0.00005000 0.01369203
v 0.01220615 -0.00005000 0.01657484
v 0.01246077 -0.00005000 0.01759955
v 0.01308780 -0.00005000 0.01732691
v 0.01058294 -0.00005000 0.01828302
v 0.01194831 -0.00005000 0.01659739
v 0.01171374 -0.00005000 0.01648801
v 0.00969368 -0.00005000 0.01583982
v 0.01156529 -0.00005000 0.01627600
v 0.00962732 -0.00005000 0.01572333
v 0.01577351 -0.00005000 0.01434413
v 0.00952615 -0.00005000 0.01563536
v 0.00892106 -0.00005000 0.01450068
v 0.00900960 -0.00005000 0.01439885
v 0.01105226 -0.00005000 0.01486646
v 0.00905927 -0.00005000 0.01427360
v 0.01102970 -0.00005000 0.01460863
v 0.00906456 -0.00005000 0.01413931
v 0.00904385 -0.00005000 0.01405441
v 0.01487677 -0.00005000 0.01533676
v 0.01476739 -0.00005000 0.01557133
v 0.01470707 -0.00005000 0.01608440
v 0.01455538 -0.00005000 0.01571979
v 0.01421939 -0.00005000 0.01656364
v 0.01367694 -0.00005000 0.01697988
v 0.00880381 -0.00005000 0.01456744
v 0.00773140 -0.00005000 0.01495777
v 0.00810763 -0.00005000 0.01599143
v 0.00918003 -0.00005000 0.01560111
v 0.00926709 -0.00005000 0.01558003
v 0.00940146 -0.00005000 0.01558572
v -0.00667988 -0.01537095 0.01826965
v -0.00684234 -0.01540705 0.01838716
v -0.00789787 -0.01452062 0.01719148
v -0.00634780 -0.01520126 0.01811081
v -0.00642955 -0.01525491 0.01813983
v -0.00754158 -0.01433711 0.01695120
v -0.00950600 -0.01374395 0.01674775
v -0.00963670 -0.01370971 0.01649095
v -0.00945248 -0.01379644 0.01622920
v -0.00973483 -0.01367329 0.01633042
v -0.01004460 -0.01354597 0.01593768
v -0.01083533 -0.01323142 0.01490171
v -0.01044360 -0.01338922 0.01558925
v -0.01089681 -0.01321978 0.01532615
v -0.01281831 -0.01237898 0.01246805
v -0.01270335 -0.01209875 0.01234476
v -0.01177244 -0.01222571 0.01302113
v -0.01297605 -0.01259050 0.01266124
v -0.01191456 -0.01252056 0.01314290
v -0.01334965 -0.01272669 0.01316939
v -0.01315971 -0.01271069 0.01290366
v -0.01231235 -0.01284365 0.01360152
v -0.01251951 -0.01283249 0.01388244
v -0.01106316 -0.01316317 0.01520953
v -0.01097788 -0.01318853 0.01529039
v -0.01014420 -0.01262252 0.01428566
v -0.01033824 -0.01293897 0.01440196
v -0.00860983 -0.01322295 0.01558289
v -0.00886048 -0.01355388 0.01568924
v -0.00722964 -0.01400114 0.01686080
v -0.00605170 -0.01492697 0.01807347
v -0.01210215 -0.01273527 0.01334456
v -0.01058086 -0.01315271 0.01461822
v -0.00915967 -0.01375751 0.01591872
v -0.00822070 -0.01451160 0.01752920
v -0.00699337 -0.01540818 0.01852390
v -0.00718494 -0.01534463 0.01875248
v -0.00723676 -0.01530683 0.01883178
v -0.00896214 -0.01401326 0.01731989
v -0.00843960 -0.01431201 0.01789059
v -0.00737006 -0.01508354 0.01914271
v -0.01419150 -0.01267767 0.01289847
v -0.01340859 -0.01267767 0.01504951
v -0.01414519 -0.01267767 0.01536710
v -0.01105269 -0.01267767 0.02152229
v -0.01048355 -0.01267767 0.02308599
v -0.01182110 -0.01267767 0.02175248
v -0.01186252 -0.01267767 0.02272316
v -0.01242019 -0.01267767 0.02180489
v -0.01301928 -0.01267767 0.02175248
v -0.02050287 -0.01267767 0.01289847
v -0.01743926 -0.01267767 0.01910338
v -0.01878494 -0.01267767 0.01731388
v -0.01587019 -0.01267767 0.01835489
v -0.01360016 -0.01267767 0.02159683
v -0.01392428 -0.01267767 0.02185004
v -0.01414519 -0.01267767 0.02134268
v -0.01463781 -0.01267767 0.02099774
v -0.01580234 -0.01267767 0.02063102
v -0.01506304 -0.01267767 0.02057251
v -0.01581778 -0.01267767 0.01895398
v -0.01566213 -0.01267767 0.01953486
v -0.01540798 -0.01267767 0.02007989
v -0.01463781 -0.01267767 0.01571204
v -0.01506304 -0.01267767 0.01613727
v -0.02044806 -0.01267767 0.01317464
v -0.01540798 -0.01267767 0.01662989
v -0.01979821 -0.01267767 0.01531727
v -0.01566213 -0.01267767 0.01717492
v -0.01581778 -0.01267767 0.01775580
v -0.01408845 -0.01267857 0.01290495
v -0.01398543 -0.01268125 0.01291142
v -0.01388730 -0.01268539 0.01292216
v -0.01192199 -0.01288490 0.01496878
v -0.01241413 -0.01277450 0.01491855
v -0.01247375 -0.01276371 0.01491758
v -0.01294654 -0.01269967 0.01494902
v -0.01352936 -0.01271048 0.01304560
v -0.01367317 -0.01269883 0.01297888
v -0.01144911 -0.01302356 0.01509030
v -0.01079519 -0.00927767 0.01554031
v -0.01098353 -0.01300896 0.01543967
v -0.01090894 -0.01303866 0.01547763
v -0.01335129 -0.01247767 0.01524112
v -0.01298438 -0.01249289 0.01515424
v -0.01298455 -0.00927767 0.01515426
v -0.01289944 -0.01250055 0.01514042
v -0.01185583 -0.00927767 0.01515426
v -0.01243794 -0.01256715 0.01510494
v -0.01237981 -0.01257838 0.01510514
v -0.01190043 -0.01269319 0.01514672
v -0.01185550 -0.01270588 0.01515432
v -0.01144070 -0.01283739 0.01525600
v -0.01404519 -0.01247767 0.01554031
v -0.01404519 -0.00927767 0.01554031
v -0.01450925 -0.01247767 0.01586525
v -0.01490983 -0.00927767 0.01626583
v -0.01490983 -0.01247767 0.01626583
v -0.01523477 -0.01247767 0.01672989
v -0.01547419 -0.00927767 0.01724333
v -0.01547419 -0.01247767 0.01724333
v -0.01562081 -0.01247767 0.01779053
v -0.01567019 -0.00927767 0.01835489
v -0.01567019 -0.01247767 0.01835489
v -0.01562081 -0.01247767 0.01891925
v -0.01547419 -0.00927767 0.01946646
v -0.01547419 -0.01247767 0.01946646
v -0.01523477 -0.01247767 0.01997989
v -0.01490983 -0.00927767 0.02044395
v -0.01490983 -0.01247767 0.02044395
v -0.01450925 -0.01247767 0.02084453
v -0.01404519 -0.00927767 0.02116947
v -0.01404519 -0.01247767 0.02116947
v -0.01353176 -0.01247767 0.02140889
v -0.01298455 -0.00927767 0.02155552
v -0.01298455 -0.01247767 0.02155552
v -0.01242019 -0.01247767 0.02160489
v -0.01185583 -0.00927767 0.02155552
v -0.01185583 -0.01247767 0.02155552
v -0.01113196 -0.01247767 0.02133868
v -0.01079519 -0.00927767 0.02116947
v -0.01077289 -0.01249501 0.02115648
v -0.01056962 -0.01252157 0.02102657
v -0.00993054 -0.00927767 0.02044395
v -0.01020952 -0.01260384 0.02073721
v -0.00955049 -0.01292366 0.01988044
v -0.00981226 -0.01276189 0.02029428
v -0.00936619 -0.00927767 0.01946646
v -0.00989198 -0.01272313 0.02039711
v -0.00993027 -0.01270591 0.02044362
v -0.00917019 -0.01345877 0.01835583
v -0.00917494 -0.01341048 0.01853054
v -0.00917019 -0.00927767 0.01835489
v -0.00923879 -0.01325234 0.01901910
v -0.00935253 -0.01310102 0.01942820
v -0.00918012 -0.01351955 0.01810097
v -0.00936619 -0.00927767 0.01724332
v -0.00924801 -0.01359400 0.01764794
v -0.00993055 -0.00927767 0.01626583
v -0.00993103 -0.01344066 0.01626525
v -0.00980059 -0.01349841 0.01643130
v -0.00956565 -0.01358660 0.01680114
v -0.00938007 -0.01361684 0.01720590
v -0.01079558 -0.01308313 0.01554008
v -0.01048716 -0.01320414 0.01574225
v -0.01010629 -0.01336306 0.01607271
v -0.01429971 -0.00927767 0.01807664
v -0.01428821 -0.00927767 0.01870199
v -0.01407429 -0.00927767 0.01928974
v -0.01368113 -0.00927767 0.01977617
v -0.01315132 -0.00927767 0.02010859
v -0.01254228 -0.00927767 0.02025096
v -0.01192001 -0.00927767 0.02018787
v -0.01135194 -0.00927767 0.01992615
v -0.01089964 -0.00927767 0.01949415
v -0.01061211 -0.00927767 0.01893870
v -0.01052051 -0.00927767 0.01831998
v -0.01063477 -0.00927767 0.01770505
v -0.01094251 -0.00927767 0.01716054
v -0.01141038 -0.00927767 0.01674545
v -0.01198768 -0.00927767 0.01650477
v -0.01261185 -0.00927767 0.01646458
v -0.01321525 -0.00927767 0.01662924
v -0.01373249 -0.00927767 0.01698089
v -0.01410752 -0.00927767 0.01748144
v -0.01168223 -0.00125000 0.01988637
v -0.01131007 -0.00125000 0.01964238
v -0.01131007 -0.00907767 0.01964238
v -0.01105969 -0.00907767 0.01937423
v -0.01279427 -0.00125981 0.02001322
v -0.01252943 -0.00907767 0.02005138
v -0.01284914 -0.00126103 0.01999988
v -0.01284915 -0.00907767 0.01999988
v -0.01312342 -0.00126562 0.01990262
v -0.01307436 -0.00907767 0.01992399
v -0.01332166 -0.00126627 0.01979619
v -0.01354840 -0.00907767 0.01962656
v -0.01356448 -0.00126278 0.01961211
v -0.01390018 -0.00907767 0.01919133
v -0.01374708 -0.00125699 0.01941761
v -0.01359578 -0.00126196 0.01958290
v -0.01401767 -0.00907767 0.01893632
v -0.01397910 -0.00125000 0.01903298
v -0.01393486 -0.00125052 0.01912675
v -0.01380617 -0.00907767 0.01737048
v -0.01380617 -0.00125000 0.01737048
v -0.01383165 -0.00125000 0.01740738
v -0.01392991 -0.00907767 0.01757338
v -0.01406420 -0.00125000 0.01792217
v -0.01410186 -0.00907767 0.01810593
v -0.01410489 -0.00125000 0.01812734
v -0.01409158 -0.00907767 0.01866546
v -0.01411522 -0.00125000 0.01848475
v -0.01401767 -0.00125000 0.01893632
v -0.01344326 -0.00125000 0.01699720
v -0.01359435 -0.00907767 0.01712552
v -0.01318994 -0.00125000 0.01683914
v -0.01318994 -0.00907767 0.01683914
v -0.01294191 -0.00125000 0.01673693
v -0.01313156 -0.00907767 0.01681088
v -0.01259167 -0.00907767 0.01666356
v -0.01239737 -0.00125000 0.01665504
v -0.01239737 -0.00907767 0.01665504
v -0.01238296 -0.00125000 0.01665530
v -0.01203321 -0.00907767 0.01669952
v -0.01182811 -0.00125000 0.01676133
v -0.01161002 -0.00125000 0.01686036
v -0.01161002 -0.00907767 0.01686036
v -0.01151668 -0.00907767 0.01691487
v -0.01133864 -0.00125000 0.01704331
v -0.01109806 -0.00907767 0.01728626
v -0.01100828 -0.00125000 0.01740805
v -0.01100828 -0.00907767 0.01740805
v -0.01096859 -0.00125000 0.01747010
v -0.01082271 -0.00907767 0.01777346
v -0.01075881 -0.00125000 0.01799458
v -0.01072999 -0.00125000 0.01817265
v -0.01072999 -0.00907767 0.01817265
v -0.01072048 -0.00907767 0.01832366
v -0.01073247 -0.00125000 0.01855885
v -0.01080243 -0.00907767 0.01887725
v -0.01083890 -0.00125000 0.01897900
v -0.01083890 -0.00907767 0.01897900
v -0.01089247 -0.00125000 0.01910060
v -0.01122116 -0.00125000 0.01956001
v -0.01257161 -0.00125465 0.02004813
v -0.01222478 -0.00125000 0.02004362
v -0.01203555 -0.00907767 0.02001080
v -0.01203555 -0.00125000 0.02001080
v -0.01197266 -0.00907767 0.01999493
v -0.01146439 -0.00907767 0.01976075
v -0.00948420 -0.01275162 0.02332669
v -0.01068686 -0.01269434 0.02133447
v -0.00899088 -0.01284773 0.02340682
v -0.00979346 -0.01291368 0.02054355
v -0.00971306 -0.01295096 0.02043593
v -0.00790550 -0.01322940 0.02349356
v -0.01048011 -0.01271988 0.02119985
v -0.01011463 -0.01279899 0.02089879
v -0.00850461 -0.01298700 0.02346094
v -0.00803861 -0.01316804 0.02348958
v -0.00909359 -0.01367948 0.01812642
v -0.00916915 -0.01375107 0.01764678
v -0.00931038 -0.01377303 0.01717792
v -0.00925298 -0.01327704 0.01952672
v -0.00914170 -0.01342254 0.01909590
v -0.00678628 -0.01396506 0.02345204
v -0.00908264 -0.01357460 0.01858044
v -0.00945004 -0.01310651 0.02000204
v -0.00929753 -0.01323207 0.01965383
v -0.00759534 -0.01339108 0.02349556
v -0.00717537 -0.01365777 0.02348185
v -0.00612153 -0.01468375 0.02336203
v -0.00585701 -0.01507662 0.02331209
v -0.00695553 -0.01547071 0.01966129
v -0.00658393 -0.01589266 0.02014443
v -0.00543337 -0.01597614 0.02321477
v -0.00561838 -0.01552373 0.02325994
v -0.00584741 -0.01509260 0.02331012
v -0.00626103 -0.01634711 0.02059538
v -0.00603198 -0.01675148 0.02095054
v -0.00582167 -0.01723781 0.02133206
v -0.00579463 -0.01731453 0.02138828
v -0.00515724 -0.01731453 0.02313949
v -0.00515756 -0.01731001 0.02313958
v -0.00529256 -0.01644870 0.02317757
v -0.01385315 -0.01262116 0.01254695
v -0.01398286 -0.01260893 0.01252478
v -0.01381637 -0.01242047 0.01222377
v -0.01397518 -0.01239318 0.01219596
v -0.01378232 -0.01211262 0.01199983
v -0.01396359 -0.01206739 0.01197584
v -0.01375598 -0.01174259 0.01190785
v -0.01394987 -0.01168197 0.01189847
v -0.01357366 -0.01265344 0.01263661
v -0.01347584 -0.01248535 0.01233448
v -0.01339236 -0.01221625 0.01211148
v -0.01333397 -0.01188090 0.01199642
v -0.01338840 -0.01267823 0.01273261
v -0.01325142 -0.01253172 0.01245218
v -0.01313471 -0.01228837 0.01223764
v -0.01305213 -0.01197711 0.01211449
v -0.00605170 -0.00264171 0.01234476
v -0.00595548 -0.01565520 0.01859040
v -0.00630471 -0.01580376 0.01875170
v -0.00567828 -0.01741219 0.02034374
v -0.00573051 -0.01740707 0.02042523
v -0.00582530 -0.01714940 0.02023207
v -0.00580455 -0.01739506 0.02058688
v -0.00586563 -0.01736830 0.02088549
v -0.00601381 -0.01699034 0.02058890
v -0.00581121 -0.01732024 0.02133839
v -0.00582297 -0.01732480 0.02129813
v -0.00586830 -0.01736067 0.02096252
v -0.00549152 -0.01742033 0.02015099
v -0.00522165 -0.01741802 0.02001263
v -0.00545567 -0.01742075 0.02012519
v -0.00550192 -0.01719873 0.01994719
v -0.00487826 -0.01740228 0.01997538
v -0.00500218 -0.01740925 0.01997388
v -0.00510452 -0.01712904 0.01978786
v -0.00514972 -0.01741570 0.01999371
v -0.00455219 -0.01737792 0.02005565
v -0.00483976 -0.01739985 0.01997909
v -0.00470788 -0.01695346 0.01978406
v -0.00621722 -0.01658748 0.02024493
v -0.00650957 -0.01613080 0.01980699
v -0.00685119 -0.01570295 0.01933690
v -0.00601609 -0.01673540 0.01989827
v -0.00629374 -0.01626414 0.01947271
v -0.00662122 -0.01582063 0.01901549
v -0.00569435 -0.01676390 0.01961867
v -0.00597442 -0.01626918 0.01920046
v -0.00531072 -0.01666776 0.01945716
v -0.00560786 -0.01614504 0.01903819
v -0.00493520 -0.01646453 0.01944320
v -0.00525861 -0.01591359 0.01901447
v -0.00563293 -0.01540021 0.01855901
v 0.00528132 -0.01742302 0.01987024
v 0.00490113 -0.01740569 0.01995295
v 0.00581514 -0.01661196 0.01912925
v 0.00437044 -0.01737846 0.02013820
v 0.00914588 -0.01094335 0.01360189
v 0.00994216 -0.01125736 0.01365583
v 0.00960376 -0.01196448 0.01436295
v 0.00688383 -0.01521253 0.01776399
v 0.00732126 -0.01310179 0.01624984
v 0.00789845 -0.01355478 0.01614730
v 0.00820685 -0.01115516 0.01447996
v 0.00883998 -0.01165425 0.01429465
v 0.00849603 -0.01042702 0.01381793
v 0.00856743 -0.01385489 0.01625337
v 0.00745718 -0.01550383 0.01790231
v 0.00629287 -0.01689583 0.01929430
v 0.00575135 -0.01744142 0.01983989
v 0.00537755 -0.01623314 0.01909687
v 0.00561722 -0.01591702 0.01880945
v 0.00637250 -0.01479975 0.01779363
v 0.00902350 -0.00734215 0.01209024
v 0.00981285 -0.00701472 0.01189847
v 0.00987529 -0.00725207 0.01190317
v 0.00838552 -0.00760680 0.01262875
v 0.00908260 -0.00754119 0.01210270
v 0.00993770 -0.00751735 0.01191956
v 0.00914166 -0.00776378 0.01212509
v 0.01004855 -0.00810114 0.01199765
v 0.00924655 -0.00825429 0.01220639
v 0.01011144 -0.00856728 0.01210282
v 0.00931727 -0.00874264 0.01233259
v 0.01012331 -0.00868090 0.01213446
v 0.01014986 -0.00900978 0.01223988
v 0.00934239 -0.00902036 0.01242562
v 0.01016715 -0.00955486 0.01246269
v 0.00935873 -0.00948206 0.01261706
v 0.01015326 -0.01001477 0.01270235
v 0.00934153 -0.00992910 0.01285063
v 0.01014895 -0.01008010 0.01274062
v 0.01012471 -0.01034686 0.01290880
v 0.00931859 -0.01015717 0.01299029
v 0.01005160 -0.01082158 0.01326083
v 0.00924943 -0.01056529 0.01327994
v 0.00843889 -0.00776110 0.01264033
v 0.00849222 -0.00793396 0.01265980
v 0.00858695 -0.00831594 0.01272732
v 0.00865083 -0.00869750 0.01282917
v 0.00867352 -0.00891497 0.01290326
v 0.00868829 -0.00927719 0.01305430
v 0.00867274 -0.00962858 0.01323696
v 0.00865202 -0.00980804 0.01334559
v 0.00858955 -0.01012938 0.01356987
v -0.00486029 -0.01730979 0.02328797
v -0.00453534 -0.01730955 0.02345018
v -0.00410519 -0.01620290 0.02380705
v -0.00404792 -0.01730920 0.02369349
v -0.00392680 -0.01730000 0.02375442
v -0.00392649 -0.01730911 0.02375411
v -0.01068374 -0.01167767 0.02406575
v -0.00943272 -0.01176641 0.02426207
v -0.00881249 -0.01188174 0.02431629
v -0.00819939 -0.01204886 0.02434230
v -0.00761024 -0.01226612 0.02434161
v -0.00704836 -0.01253377 0.02431749
v -0.00651467 -0.01285379 0.02427326
v -0.00639491 -0.01293590 0.02426046
v -0.00601902 -0.01322253 0.02421340
v -0.00516953 -0.01408496 0.02406802
v -0.00481822 -0.01457558 0.02399176
v -0.00428638 -0.01563584 0.02385785
v -0.00452420 -0.01509294 0.02392051
v -0.01089675 -0.01167767 0.02402047
v -0.02150664 -0.01181067 0.01203478
v -0.02137611 -0.01195087 0.01193652
v -0.02158866 -0.01171235 0.01218245
v -0.02113764 -0.01217767 0.01203245
v -0.02160440 -0.01168674 0.01226439
v -0.02160242 -0.01167767 0.01235081
v -0.02058760 -0.01264080 0.01262943
v -0.02142673 -0.01167767 0.01338007
v -0.02072156 -0.01254370 0.01239847
v -0.02091818 -0.01237760 0.01218426
v -0.01217045 -0.01167767 0.02367457
v -0.01305636 -0.01167767 0.02335405
v -0.01439328 -0.01167767 0.02273324
v -0.01507822 -0.01167767 0.02234406
v -0.01641807 -0.01167767 0.02141898
v -0.01690812 -0.01167767 0.02101759
v -0.01818287 -0.01167767 0.01977199
v -0.01849696 -0.01167767 0.01941024
v -0.01963368 -0.01167767 0.01784269
v -0.01980214 -0.01167767 0.01756510
v -0.02078863 -0.01167767 0.01553166
v -0.02072611 -0.01167767 0.01569009
v 0.00669239 -0.00306333 0.01214635
v 0.00689691 -0.00288828 0.01202404
v 0.00798978 -0.00491477 0.01205280
v 0.00690094 -0.00288470 0.01202206
v 0.00719101 -0.00261290 0.01192120
v 0.00740633 -0.00239327 0.01189847
v 0.00742931 -0.00242811 0.01189847
v 0.00867331 -0.00455942 0.01189847
v 0.00642507 -0.00327278 0.01238085
v 0.00730519 -0.00498443 0.01247876
v 0.00741174 -0.00521528 0.01249196
v -0.02120586 -0.01167767 0.01189847
v -0.01419150 -0.01167767 0.01189847
v -0.02120924 -0.01168302 0.01189849
v -0.01419150 -0.01206035 0.01197459
v -0.01419150 -0.01260155 0.01251579
v -0.01419150 -0.01254370 0.01239847
v -0.01419150 -0.01238478 0.01219137
v -0.01419150 -0.01217767 0.01203245
v -0.01408713 -0.01260432 0.01252028
v -0.01407750 -0.01206286 0.01197521
v -0.01407066 -0.01167874 0.01189847
v -0.01408328 -0.01238802 0.01219366
v -0.00046379 -0.01750000 0.02124255
v -0.00326959 -0.01750000 0.02332493
v -0.00258816 -0.01750000 0.02093953
v -0.00390861 -0.01750000 0.02353974
v -0.00395869 -0.01750000 0.02351474
v -0.00444612 -0.01750000 0.02327144
v -0.00477108 -0.01750000 0.02310924
v -0.00499703 -0.01750000 0.02299646
v 0.00167502 -0.01750000 0.02112232
v 0.00375995 -0.01750000 0.02058282
v 0.00591692 -0.01750000 0.01998132
v 0.00444484 -0.01750000 0.02030646
v 0.00575135 -0.01750000 0.01998132
v 0.00495109 -0.01750000 0.02011522
v 0.00531059 -0.01750000 0.02002519
v -0.00560719 -0.01750000 0.02132006
v -0.00562181 -0.01750000 0.02127740
v -0.00462968 -0.01750000 0.02022275
v -0.00563233 -0.01750000 0.02124298
v -0.00567781 -0.01750000 0.02095688
v -0.00567775 -0.01750000 0.02089146
v -0.00486609 -0.01750000 0.02015037
v -0.00563650 -0.01750000 0.02063905
v -0.00554063 -0.01750000 0.02043574
v -0.00539373 -0.01750000 0.02027733
v -0.00517712 -0.01750000 0.02016783
v -0.00511886 -0.01750000 0.02015390
v -0.00489761 -0.01750000 0.02014616
v -0.00536519 -0.01750000 0.02025647
v 0.01614546 -0.00701472 0.01189847
v 0.01614546 -0.00856763 0.01210292
v 0.01614546 -0.00779788 0.01194980
v 0.01614546 -0.00871864 0.01214550
v 0.01614427 -0.00907867 0.01226464
v 0.01613172 -0.00973585 0.01255100
v 0.01611952 -0.01001479 0.01270236
v 0.01610850 -0.01019382 0.01280992
v 0.01605071 -0.01075462 0.01320666
v 0.01595179 -0.01125736 0.01365583
v 0.00591692 -0.01744142 0.01983989
v 0.01246077 -0.01505965 0.01745813
v 0.01360471 -0.01448789 0.01688636
v 0.01589150 -0.01146466 0.01386314
v 0.01536795 -0.01264405 0.01504253
v 0.01459099 -0.01366954 0.01606802
v -0.00653535 -0.00230153 0.01201334
v -0.00708177 -0.00191720 0.01189847
v 0.00604241 -0.00351424 0.01275778
v 0.00846751 -0.00909404 0.01322917
v 0.00564050 -0.00367268 0.01308581
v 0.00524672 -0.00375477 0.01335128
v 0.00481061 -0.00377557 0.01358890
v 0.00369703 -0.01738023 0.02041076
v 0.00428732 -0.00371541 0.01380336
v 0.00473187 -0.00377223 0.01362595
v 0.00176470 -0.00211066 0.01380185
v 0.00213579 -0.00252206 0.01392477
v 0.00164699 -0.01738369 0.02094284
v 0.00254492 -0.00288376 0.01400167
v 0.00289484 -0.00313446 0.01402669
v 0.00333394 -0.00338521 0.01401041
v 0.00383371 -0.00359355 0.01393090
v 0.00068790 -0.00084379 0.01333592
v 0.00103729 -0.00084194 0.01330667
v 0.00127761 -0.00137434 0.01352869
v 0.00158568 -0.00187336 0.01371966
v -0.00045603 -0.01738446 0.02106143
v -0.00025686 -0.00084503 0.01335564
v -0.00115246 -0.00084116 0.01329442
v -0.00227635 -0.01738292 0.02082486
v -0.00227747 -0.00082921 0.01310549
v -0.00254484 -0.01738252 0.02076257
v -0.00296750 -0.00081784 0.01292578
v -0.00422842 -0.01737886 0.02020001
v -0.00422932 -0.00078858 0.01246345
v -0.00471132 -0.00077432 0.01223795
v -0.00583881 -0.00230488 0.01232549
v 0.00269265 -0.00268568 0.01405316
v 0.00271102 -0.00264983 0.01413394
v 0.00305032 -0.00288754 0.01416371
v 0.00638589 -0.00306932 0.01262709
v 0.00644027 -0.00302893 0.01256689
v 0.00639478 -0.00306239 0.01250093
v 0.00638639 -0.00319700 0.01239823
v 0.00637562 -0.00312217 0.01244094
v 0.00600426 -0.00334858 0.01280628
v 0.00607627 -0.00325571 0.01293835
v 0.00602822 -0.00328612 0.01286762
v 0.00564468 -0.00343128 0.01318487
v 0.00478168 -0.00351854 0.01370260
v 0.00489792 -0.00349854 0.01375230
v 0.00485635 -0.00352202 0.01366730
v 0.00531609 -0.00348027 0.01352072
v 0.00527015 -0.00350513 0.01344012
v 0.00549825 -0.00345109 0.01340148
v 0.00569280 -0.00340402 0.01326073
v 0.00336402 -0.00306922 0.01416106
v 0.00347527 -0.00312556 0.01415344
v 0.00345216 -0.00315520 0.01406577
v 0.00395786 -0.00332372 0.01408081
v 0.00392911 -0.00334977 0.01399164
v 0.00439491 -0.00344013 0.01395953
v 0.00436012 -0.00346407 0.01387117
v 0.00445426 -0.00345131 0.01393892
v 0.00482231 -0.00349514 0.01378826
v 0.00303058 -0.00292075 0.01407926
v 0.00235690 -0.00234842 0.01406330
v 0.00229514 -0.00234531 0.01397610
v 0.00231347 -0.00230711 0.01405157
v 0.00193219 -0.00195667 0.01385399
v 0.00195196 -0.00191752 0.01392384
v 0.00175621 -0.00173191 0.01377250
v 0.00177717 -0.00169288 0.01383939
v 0.00600934 -0.00343023 0.01276697
v 0.00561529 -0.00358225 0.01308658
v 0.00523094 -0.00366027 0.01334435
v 0.00480681 -0.00367921 0.01357458
v 0.00473034 -0.00367583 0.01361047
v 0.00429900 -0.00362045 0.01378245
v 0.00385872 -0.00350276 0.01390664
v 0.00337242 -0.00330169 0.01398507
v 0.00294345 -0.00305913 0.01400247
v 0.00260018 -0.00281592 0.01397952
v 0.00219712 -0.00246389 0.01390615
v 0.00182986 -0.00206222 0.01378733
v 0.00165209 -0.00183004 0.01370739
v 0.00134512 -0.00134089 0.01352087
v 0.00561680 -0.00349540 0.01312221
v 0.00523940 -0.00357013 0.01337643
v 0.00482337 -0.00358743 0.01360297
v 0.00474838 -0.00358397 0.01363823
v 0.00432537 -0.00352939 0.01380702
v 0.00389323 -0.00341455 0.01392862
v 0.00341506 -0.00321873 0.01400504
v 0.00299220 -0.00298237 0.01402135
v 0.00265301 -0.00274508 0.01399794
v 0.00225378 -0.00240106 0.01392440
v 0.00188904 -0.00200781 0.01380575
v 0.00171215 -0.00178022 0.01372601
v 0.00140607 -0.00130019 0.01354002
v 0.00145171 -0.00125806 0.01358339
v 0.00156078 -0.00136796 0.01370753
v 0.00147549 -0.00122057 0.01364477
v 0.00110447 -0.00081803 0.01330307
v 0.00112587 -0.00080817 0.01330715
v 0.00123890 -0.00071678 0.01342027
v 0.00121213 -0.00075120 0.01336374
v 0.00119851 -0.00076308 0.01334808
v 0.00116533 -0.00078644 0.01332294
v 0.00684646 -0.00282136 0.01204622
v 0.00718520 -0.00234828 0.01215303
v 0.00726300 -0.00226390 0.01215064
v 0.00726066 -0.00226180 0.01205976
v 0.00708225 -0.00245605 0.01216766
v 0.00713186 -0.00255076 0.01194339
v 0.00708925 -0.00249758 0.01200004
v 0.00681648 -0.00275985 0.01209945
v 0.00707156 -0.00246380 0.01208003
v 0.00681258 -0.00271532 0.01217373
v 0.00664749 -0.00299269 0.01216713
v 0.00662598 -0.00292542 0.01221662
v 0.00663186 -0.00287403 0.01228563
v 0.00734059 -0.00233394 0.01191915
v 0.00728844 -0.00228687 0.01197689
v 0.00683551 -0.00269613 0.01225510
v 0.00666404 -0.00284807 0.01236132
v 0.00504028 -0.00159747 0.01593726
v 0.00544790 -0.00172733 0.01578890
v 0.00541942 -0.00174236 0.01571781
v 0.00571174 -0.00175000 0.01569287
v 0.00597558 -0.00172733 0.01559684
v 0.00595170 -0.00174236 0.01552408
v 0.00414073 -0.00053165 0.01625241
v 0.00414515 -0.00053216 0.01626306
v 0.00422589 -0.00074987 0.01623367
v 0.00745838 -0.00026776 0.01484431
v 0.00729899 -0.00083557 0.01490232
v 0.00723921 -0.00080277 0.01494028
v 0.00735393 -0.00038820 0.01490949
v 0.00719895 -0.00077497 0.01500107
v 0.00731119 -0.00044534 0.01495913
v 0.00693760 -0.00116649 0.01524669
v 0.00719758 -0.00074987 0.01515206
v 0.00718433 -0.00075639 0.01507544
v 0.00727832 -0.00053216 0.01512268
v 0.00727098 -0.00052790 0.01509004
v 0.00727249 -0.00051286 0.01505021
v 0.00729126 -0.00047569 0.01499310
v 0.00412311 -0.00052468 0.01622437
v 0.00418679 -0.00075639 0.01616645
v 0.00409670 -0.00050868 0.01619860
v 0.00412779 -0.00077497 0.01611888
v 0.00401267 -0.00044349 0.01615831
v 0.00396739 -0.00040385 0.01614980
v 0.00405787 -0.00080277 0.01609819
v 0.00392144 -0.00036130 0.01614798
v 0.00398768 -0.00083557 0.01610754
v 0.00382829 -0.00026776 0.01616555
v 0.00649504 -0.00172655 0.01519493
v 0.00593733 -0.00192474 0.01539792
v 0.00646682 -0.00165879 0.01522140
v 0.00593099 -0.00184919 0.01541643
v 0.00645331 -0.00160134 0.01527246
v 0.00593604 -0.00178515 0.01546073
v 0.00645657 -0.00156295 0.01534032
v 0.00432160 -0.00135059 0.01598600
v 0.00437869 -0.00129758 0.01598142
v 0.00443749 -0.00125264 0.01600615
v 0.00448907 -0.00122261 0.01605643
v 0.00689790 -0.00121207 0.01526114
v 0.00688205 -0.00122261 0.01518546
v 0.00688924 -0.00125264 0.01511379
v 0.00691839 -0.00129758 0.01505705
v 0.00696506 -0.00135059 0.01502386
v 0.00647609 -0.00154947 0.01541466
v 0.00638319 -0.00159747 0.01544848
v 0.00534934 -0.00192474 0.01561193
v 0.00536608 -0.00184919 0.01562204
v 0.00539069 -0.00178515 0.01565922
v 0.00494738 -0.00154947 0.01597107
v 0.00491455 -0.00156295 0.01590157
v 0.00487343 -0.00160134 0.01584749
v 0.00483026 -0.00165879 0.01581706
v 0.00479162 -0.00172655 0.01581493
v 0.00452557 -0.00121207 0.01612460
v 0.00448587 -0.00116649 0.01613904
v 0.00452872 -0.00052790 0.01732935
v 0.00452721 -0.00051286 0.01736919
v 0.00461537 -0.00075639 0.01734396
v 0.00765896 -0.00053165 0.01616699
v 0.00765454 -0.00053216 0.01615634
v 0.00757380 -0.00074987 0.01618573
v 0.00767191 -0.00077497 0.01630052
v 0.00778703 -0.00044349 0.01626109
v 0.00770299 -0.00050868 0.01622080
v 0.00781202 -0.00083557 0.01631186
v 0.00797141 -0.00026776 0.01625385
v 0.00787825 -0.00036130 0.01627141
v 0.00456048 -0.00080277 0.01747912
v 0.00444576 -0.00038820 0.01750991
v 0.00434132 -0.00026776 0.01757509
v 0.00450844 -0.00047569 0.01742629
v 0.00460075 -0.00077497 0.01741833
v 0.00448850 -0.00044534 0.01746026
v 0.00452137 -0.00053216 0.01729672
v 0.00767658 -0.00052468 0.01619502
v 0.00761291 -0.00075639 0.01625294
v 0.00731062 -0.00122261 0.01636296
v 0.00731382 -0.00116649 0.01628035
v 0.00727413 -0.00121207 0.01629480
v 0.00685231 -0.00154947 0.01644833
v 0.00688514 -0.00156295 0.01651783
v 0.00675941 -0.00159747 0.01648214
v 0.00638027 -0.00174236 0.01670158
v 0.00635180 -0.00172733 0.01663050
v 0.00608796 -0.00175000 0.01672653
v 0.00584800 -0.00174236 0.01689531
v 0.00582412 -0.00172733 0.01682256
v 0.00534313 -0.00156295 0.01707907
v 0.00541651 -0.00159747 0.01697092
v 0.00532360 -0.00154947 0.01700473
v 0.00490179 -0.00121207 0.01715826
v 0.00491765 -0.00122261 0.01723394
v 0.00486210 -0.00116649 0.01717271
v 0.00460211 -0.00074987 0.01726733
v 0.00491045 -0.00125264 0.01730560
v 0.00534639 -0.00160134 0.01714694
v 0.00586365 -0.00178515 0.01695867
v 0.00640900 -0.00178515 0.01676018
v 0.00692627 -0.00160134 0.01657191
v 0.00736220 -0.00125264 0.01641324
v 0.00488130 -0.00129758 0.01736235
v 0.00533287 -0.00165879 0.01719799
v 0.00586870 -0.00184919 0.01700297
v 0.00643361 -0.00184919 0.01679736
v 0.00696944 -0.00165879 0.01660233
v 0.00742101 -0.00129758 0.01643797
v 0.00774183 -0.00080277 0.01632120
v 0.00783231 -0.00040385 0.01626959
v 0.00450071 -0.00083557 0.01751708
v 0.00483463 -0.00135059 0.01739554
v 0.00530465 -0.00172655 0.01722446
v 0.00586237 -0.00192474 0.01702147
v 0.00645036 -0.00192474 0.01680746
v 0.00700807 -0.00172655 0.01660447
v 0.00747809 -0.00135059 0.01643340
v 0.00567800 -0.00345130 0.01730141
v 0.00584079 -0.00347606 0.01724216
v 0.00581628 -0.00346094 0.01716963
v 0.00847951 -0.00230573 0.01608511
v 0.00791387 -0.00281491 0.01629099
v 0.00796237 -0.00286900 0.01631947
v 0.00579432 -0.00327743 0.01704624
v 0.00508998 -0.00309874 0.01730260
v 0.00507046 -0.00317061 0.01732590
v 0.00651840 -0.00327743 0.01678270
v 0.00579113 -0.00335345 0.01706360
v 0.00722274 -0.00309874 0.01652634
v 0.00653201 -0.00335345 0.01679395
v 0.00293302 -0.00023677 0.01825428
v 0.00294336 -0.00023649 0.01829674
v 0.00306723 -0.00097940 0.01825165
v 0.00293576 -0.00023833 0.01818710
v 0.00293158 -0.00023741 0.01821956
v 0.00305479 -0.00097514 0.01817473
v 0.00920772 -0.00094485 0.01582007
v 0.00932612 -0.00024446 0.01577696
v 0.00929220 -0.00024673 0.01577842
v 0.00928108 -0.00096300 0.01583950
v 0.00942223 -0.00023918 0.01580590
v 0.00935968 -0.00024243 0.01578116
v 0.00786894 -0.00275110 0.01629114
v 0.00842176 -0.00225346 0.01608993
v 0.00885108 -0.00163296 0.01593367
v 0.00306429 -0.00025000 0.01803989
v 0.00300532 -0.00024517 0.01807340
v 0.00317926 -0.00092343 0.01799804
v 0.00311542 -0.00094485 0.01803748
v 0.00346165 -0.00163296 0.01789526
v 0.00340436 -0.00167084 0.01793232
v 0.00389096 -0.00225346 0.01773901
v 0.00384363 -0.00230573 0.01777244
v 0.00444379 -0.00275110 0.01753779
v 0.00440927 -0.00281491 0.01756656
v 0.00732468 -0.00327225 0.01662062
v 0.00728848 -0.00323154 0.01656475
v 0.00725268 -0.00317061 0.01653164
v 0.00296079 -0.00024119 0.01812441
v 0.00307171 -0.00096300 0.01809953
v 0.00336620 -0.00170294 0.01799234
v 0.00381391 -0.00235003 0.01782939
v 0.00439043 -0.00286900 0.01761955
v 0.00947295 -0.00023717 0.01584984
v 0.00934239 -0.00097514 0.01588624
v 0.00904419 -0.00172440 0.01599477
v 0.00780462 -0.00306976 0.01652739
v 0.00804114 -0.00291783 0.01644130
v 0.00800706 -0.00290514 0.01637226
v 0.00859084 -0.00237964 0.01615978
v 0.00853888 -0.00235003 0.01610964
v 0.00898659 -0.00170294 0.01594669
v 0.00891878 -0.00167084 0.01592523
v 0.00913346 -0.00092343 0.01583089
v 0.00924844 -0.00025000 0.01578905
v 0.00335299 -0.00172440 0.01806620
v 0.00380634 -0.00237964 0.01790119
v 0.00439012 -0.00290514 0.01768871
v 0.00950618 -0.00023649 0.01590807
v 0.00938230 -0.00097940 0.01595316
v 0.00925194 -0.00136831 0.01600061
v 0.00908280 -0.00173193 0.01606217
v 0.00862747 -0.00239004 0.01622790
v 0.00735577 -0.00328654 0.01669075
v 0.00658090 -0.00346094 0.01689133
v 0.00660875 -0.00347606 0.01696265
v 0.00677153 -0.00345130 0.01690340
v 0.00655395 -0.00341789 0.01683209
v 0.00579884 -0.00341789 0.01710693
v 0.00506432 -0.00323154 0.01737428
v 0.00507250 -0.00327225 0.01744035
v 0.00509376 -0.00328654 0.01751406
v 0.00464492 -0.00306976 0.01767742
v 0.00319760 -0.00136831 0.01820421
v 0.00336674 -0.00173193 0.01814264
v 0.00382207 -0.00239004 0.01797692
v 0.00440840 -0.00291783 0.01776351
v 0.00798809 -0.00025000 0.01624777
v 0.00432463 -0.00025000 0.01758116
v 0.00886668 -0.00023677 0.01416511
v 0.00885634 -0.00023649 0.01412265
v 0.00873246 -0.00097940 0.01416774
v 0.00244002 -0.00024243 0.01663823
v 0.00247358 -0.00024446 0.01664244
v 0.00259198 -0.00094485 0.01659933
v 0.00250750 -0.00024673 0.01664097
v 0.00255126 -0.00025000 0.01663035
v 0.00266623 -0.00092343 0.01658851
v 0.00886393 -0.00023833 0.01423230
v 0.00886812 -0.00023741 0.01419983
v 0.00874490 -0.00097514 0.01424466
v 0.00860210 -0.00136831 0.01421519
v 0.00844670 -0.00172440 0.01435320
v 0.00843296 -0.00173193 0.01427675
v 0.00799335 -0.00237964 0.01451820
v 0.00797763 -0.00239004 0.01444248
v 0.00740957 -0.00290514 0.01473068
v 0.00739130 -0.00291783 0.01465589
v 0.00715478 -0.00306976 0.01474197
v 0.00672719 -0.00327225 0.01497905
v 0.00670594 -0.00328654 0.01490534
v 0.00598342 -0.00346094 0.01524976
v 0.00612169 -0.00345130 0.01511798
v 0.00595891 -0.00347606 0.01517723
v 0.00521879 -0.00346094 0.01552806
v 0.00519095 -0.00347606 0.01545675
v 0.00502816 -0.00345130 0.01551600
v 0.00447502 -0.00327225 0.01579877
v 0.00444392 -0.00328654 0.01572864
v 0.00399508 -0.00306976 0.01589201
v 0.00379264 -0.00290514 0.01604714
v 0.00375856 -0.00291783 0.01597809
v 0.00320886 -0.00237964 0.01625962
v 0.00317223 -0.00239004 0.01619150
v 0.00275551 -0.00172440 0.01642462
v 0.00229352 -0.00023649 0.01651132
v 0.00232675 -0.00023717 0.01656956
v 0.00241740 -0.00097940 0.01646624
v 0.00245731 -0.00097514 0.01653316
v 0.00254776 -0.00136831 0.01641879
v 0.00271690 -0.00173193 0.01635723
v 0.00237746 -0.00023918 0.01661349
v 0.00251861 -0.00096300 0.01657990
v 0.00281310 -0.00170294 0.01647271
v 0.00326081 -0.00235003 0.01630976
v 0.00383733 -0.00286900 0.01609992
v 0.00451122 -0.00323154 0.01585465
v 0.00524574 -0.00341789 0.01558730
v 0.00600085 -0.00341789 0.01531246
v 0.00673538 -0.00323154 0.01504512
v 0.00740927 -0.00286900 0.01479984
v 0.00798578 -0.00235003 0.01459001
v 0.00843349 -0.00170294 0.01442706
v 0.00872798 -0.00096300 0.01431987
v 0.00883891 -0.00024119 0.01429499
v 0.00288091 -0.00167084 0.01649416
v 0.00332018 -0.00230573 0.01633428
v 0.00388583 -0.00281491 0.01612841
v 0.00454701 -0.00317061 0.01588775
v 0.00526769 -0.00335345 0.01562545
v 0.00600856 -0.00335345 0.01535579
v 0.00672924 -0.00317061 0.01509349
v 0.00739042 -0.00281491 0.01485284
v 0.00795607 -0.00230573 0.01464696
v 0.00839534 -0.00167084 0.01448708
v 0.00868428 -0.00094485 0.01438191
v 0.00879437 -0.00024517 0.01434600
v 0.00294862 -0.00163296 0.01648572
v 0.00337793 -0.00225346 0.01632947
v 0.00393076 -0.00275110 0.01612826
v 0.00457695 -0.00309874 0.01589306
v 0.00528129 -0.00327743 0.01563670
v 0.00600537 -0.00327743 0.01537316
v 0.00670971 -0.00309874 0.01511680
v 0.00735591 -0.00275110 0.01488160
v 0.00790873 -0.00225346 0.01468039
v 0.00833805 -0.00163296 0.01452413
v 0.00862043 -0.00092343 0.01442135
v 0.00873541 -0.00025000 0.01437951
v 0.00747506 -0.00025000 0.01483823
v 0.00381160 -0.00025000 0.01617162
v 0.00379810 -0.00024324 0.02093682
v 0.00388306 -0.00083697 0.02090590
v 0.00384169 -0.00023830 0.02084305
v 0.00392493 -0.00081995 0.02081276
v 0.00383261 -0.00023649 0.02073994
v 0.00405960 -0.00140740 0.02084165
v 0.00432279 -0.00193867 0.02074585
v 0.00466531 -0.00241598 0.02062119
v 0.00507763 -0.00282605 0.02047111
v 0.00554827 -0.00315747 0.02029981
v 0.00606414 -0.00340101 0.02011205
v 0.00661087 -0.00354990 0.01991306
v 0.00717326 -0.00360000 0.01970837
v 0.00773565 -0.00354990 0.01950367
v 0.00828238 -0.00340101 0.01930468
v 0.00879825 -0.00315747 0.01911692
v 0.00926889 -0.00282605 0.01894562
v 0.00968121 -0.00241598 0.01879555
v 0.01002373 -0.00193867 0.01867088
v 0.01028692 -0.00140740 0.01857509
v 0.01046345 -0.00083697 0.01851083
v 0.01054823 -0.00024323 0.01847987
v 0.01045475 -0.00023830 0.01843610
v 0.01037151 -0.00081995 0.01846639
v 0.00409787 -0.00137878 0.02074981
v 0.00435571 -0.00189925 0.02065597
v 0.00469127 -0.00236685 0.02053383
v 0.00509520 -0.00276858 0.02038681
v 0.00555628 -0.00309326 0.02021900
v 0.00606165 -0.00333185 0.02003505
v 0.00659727 -0.00347772 0.01984010
v 0.00714822 -0.00352679 0.01963958
v 0.00769917 -0.00347772 0.01943905
v 0.00823479 -0.00333185 0.01924410
v 0.00874017 -0.00309326 0.01906016
v 0.00920124 -0.00276858 0.01889234
v 0.00960517 -0.00236685 0.01874532
v 0.00994073 -0.00189925 0.01862319
v 0.01019857 -0.00137878 0.01852934
v 0.01039543 -0.00023649 0.01835127
v 0.01031282 -0.00081372 0.01838134
v 0.00391522 -0.00081372 0.02070988
v 0.00408685 -0.00136831 0.02064741
v 0.00434273 -0.00188482 0.02055427
v 0.00467573 -0.00234887 0.02043307
v 0.00507660 -0.00274755 0.02028717
v 0.00553417 -0.00306976 0.02012062
v 0.00603571 -0.00330654 0.01993808
v 0.00656725 -0.00345130 0.01974461
v 0.00711402 -0.00350000 0.01954561
v 0.00766078 -0.00345130 0.01934660
v 0.00819233 -0.00330654 0.01915313
v 0.00869387 -0.00306976 0.01897059
v 0.00915144 -0.00274755 0.01880405
v 0.00955230 -0.00234887 0.01865814
v 0.00988531 -0.00188482 0.01853694
v 0.01014119 -0.00136831 0.01844381
v 0.01634546 -0.00866184 0.01233727
v 0.01634546 -0.00025000 0.01233727
v 0.01634423 -0.00900987 0.01245655
v 0.01630222 -0.00025000 0.01304411
v 0.01633123 -0.00964514 0.01274325
v 0.01630718 -0.01008785 0.01300248
v 0.01624732 -0.01062996 0.01339969
v 0.01617317 -0.00025000 0.01374042
v 0.01614488 -0.01111594 0.01384940
v 0.01608243 -0.01132324 0.01406410
v 0.01596022 -0.00025000 0.01441580
v 0.01566890 -0.01228073 0.01505579
v 0.01566655 -0.00025000 0.01506021
v 0.01554018 -0.01250263 0.01528561
v 0.01529654 -0.00025000 0.01566401
v 0.01485924 -0.01339928 0.01621429
v 0.01485570 -0.00025000 0.01621823
v 0.01473547 -0.01352812 0.01634773
v 0.01435060 -0.00025000 0.01671459
v 0.01371397 -0.01434647 0.01719530
v 0.01317860 -0.00025000 0.01750511
v 0.01378878 -0.00025000 0.01714569
v 0.01634546 -0.00025000 0.01209847
v 0.01634546 -0.00701472 0.01209847
v 0.01634546 -0.00777177 0.01214809
v 0.00797578 -0.00133755 0.01192048
v 0.00823965 -0.00024335 0.01192117
v 0.00805971 -0.00137324 0.01189847
v 0.00833194 -0.00025000 0.01189847
v 0.00787774 -0.00129584 0.01206852
v 0.00788519 -0.00129901 0.01216199
v 0.00814443 -0.00023649 0.01216672
v 0.00813416 -0.00023575 0.01207243
v 0.00791033 -0.00130970 0.01198165
v 0.00816858 -0.00023823 0.01198369
v 0.00785428 -0.00136899 0.01216143
v 0.01614546 -0.00025000 0.01189847
v -0.00683265 -0.00157139 0.01189847
v -0.00574860 -0.00025000 0.01189847
v -0.00630688 -0.00195943 0.01200824
v -0.00548612 -0.00026382 0.01190867
v -0.00495792 -0.00053620 0.01205345
v -0.00509410 -0.00040471 0.01198522
v -0.00522556 -0.00027778 0.01193886
v -0.00494399 -0.00027778 0.01200143
v -0.00465192 -0.00027778 0.01211495
v -0.00485057 -0.00039593 0.01205345
v -0.00467324 -0.00051867 0.01215911
v 0.00110264 -0.00074067 0.01328007
v 0.00117533 -0.00069942 0.01332194
v 0.00097807 -0.00064219 0.01323201
v 0.00101454 -0.00077188 0.01327784
v 0.00106541 -0.00061590 0.01323708
v 0.00113819 -0.00058171 0.01328044
v 0.00121675 -0.00065714 0.01339431
v 0.00118121 -0.00054673 0.01335305
v 0.00091271 -0.00027778 0.01315103
v 0.00099873 -0.00026617 0.01316124
v 0.00111745 -0.00023649 0.01328009
v 0.00107162 -0.00025147 0.01320719
v 0.00077638 -0.00027778 0.01316204
v -0.00016283 -0.00027778 0.01318957
v -0.00110064 -0.00027778 0.01313291
v -0.00113450 -0.00027778 0.01312929
v -0.00203530 -0.00027778 0.01299173
v -0.00287196 -0.00027778 0.01279136
v -0.00292447 -0.00027778 0.01277638
v -0.00377337 -0.00027778 0.01249330
v -0.01989788 -0.00188853 0.01189847
v -0.01948343 -0.00167280 0.01189847
v -0.01948151 -0.00167200 0.01189847
v -0.01948151 -0.00025000 0.01189847
v -0.02120586 -0.00425000 0.01189847
v -0.02085944 -0.00290654 0.01189847
v -0.02059632 -0.00251282 0.01189847
v -0.02027672 -0.00217450 0.01189847
v -0.02116732 -0.00378906 0.01189847
v -0.02104886 -0.00332950 0.01189847
v -0.00417984 -0.00425000 0.02382831
v -0.01292013 -0.00425000 0.02340782
v -0.01442350 -0.00425000 0.02271715
v -0.01507822 -0.00425000 0.02234406
v -0.01583340 -0.00425000 0.02185152
v -0.01690812 -0.00425000 0.02101759
v -0.01712958 -0.00425000 0.02082340
v -0.01829342 -0.00425000 0.01964755
v -0.01849696 -0.00425000 0.01941024
v -0.01930817 -0.00425000 0.01834087
v -0.01980214 -0.00425000 0.01756510
v -0.02015926 -0.00425000 0.01692215
v -0.02083446 -0.00425000 0.01541177
v -0.02132405 -0.00425000 0.01383144
v -0.02143000 -0.00425000 0.01336448
v -0.02160242 -0.00425000 0.01235081
v -0.01134492 -0.00425000 0.02391363
v -0.01089675 -0.00425000 0.02402047
v -0.00972050 -0.00425000 0.02422729
v -0.00865733 -0.00425000 0.02432546
v -0.00807021 -0.00425000 0.02434431
v -0.00641779 -0.00425000 0.02426299
v -0.00478696 -0.00425000 0.02398451
v -0.01499427 -0.00105000 0.01844003
v -0.01416250 -0.00105000 0.01911275
v -0.01431464 -0.00105000 0.01850002
v -0.01079781 -0.00105000 0.01736601
v -0.01056335 -0.00105000 0.01795219
v -0.00109243 -0.00105000 0.01933998
v -0.01053391 -0.00105000 0.01858285
v -0.00429565 -0.00105000 0.02050585
v -0.01220179 -0.00105000 0.02024230
v -0.01176093 -0.00105000 0.02042517
v -0.01159541 -0.00105000 0.02006654
v -0.01055098 -0.00105000 0.02081368
v -0.01108009 -0.00105000 0.01970179
v -0.00930324 -0.00105000 0.02105461
v -0.01071274 -0.00105000 0.01918833
v -0.01588823 -0.00105000 0.01753684
v -0.01425761 -0.00105000 0.01787126
v -0.01666768 -0.00105000 0.01653316
v -0.01399770 -0.00105000 0.01729590
v -0.01732142 -0.00105000 0.01544341
v -0.01300329 -0.00105000 0.01654658
v -0.01828497 -0.00105000 0.01276984
v -0.01356362 -0.00105000 0.01683747
v -0.01821611 -0.00105000 0.01306940
v -0.01784005 -0.00105000 0.01428327
v -0.01237858 -0.00105000 0.01645535
v -0.01175846 -0.00105000 0.01657385
v -0.01121140 -0.00105000 0.01688900
v -0.00803563 -0.00105000 0.02114449
v -0.00676637 -0.00105000 0.02108203
v -0.00551371 -0.00105000 0.02086813
v 0.00324279 -0.00324938 0.02099669
v 0.00340198 -0.00369293 0.02105752
v 0.00340198 -0.00025000 0.02105752
v 0.00213487 -0.00198726 0.02057329
v 0.00260000 -0.00236909 0.02075104
v 0.00297421 -0.00279723 0.02089405
v -0.01891503 -0.00110145 0.01252906
v -0.01955291 -0.00025000 0.01228530
v -0.01946481 -0.00123748 0.01231896
v -0.01955291 -0.00126979 0.01228530
v 0.00031795 -0.00120662 0.01987896
v 0.00097963 -0.00139878 0.02013182
v 0.00159028 -0.00166115 0.02036517
v -0.00037845 -0.00108940 0.01961282
v -0.01546942 -0.00113023 0.01897038
v -0.01592075 -0.00136690 0.01947413
v -0.01479472 -0.00136690 0.02036729
v -0.01632562 -0.00174814 0.01992604
v -0.01514260 -0.00174814 0.02086440
v -0.01666373 -0.00225483 0.02030342
v -0.01543311 -0.00225483 0.02127953
v -0.01691812 -0.00286157 0.02058737
v -0.01565170 -0.00286157 0.02159189
v -0.01823311 -0.00353793 0.01959463
v -0.01924197 -0.00353793 0.01829555
v -0.02124613 -0.00353793 0.01381234
v -0.02155846 -0.00372321 0.01235025
v -0.02152162 -0.00353790 0.01234977
v -0.02142330 -0.00319800 0.01234848
v -0.02101627 -0.00286157 0.01375598
v -0.02120722 -0.00271461 0.01234560
v -0.02064600 -0.00225483 0.01366519
v -0.02090707 -0.00226465 0.01234146
v -0.02015388 -0.00174814 0.01354453
v -0.02054255 -0.00187800 0.01233620
v -0.02011054 -0.00155118 0.01232961
v -0.01956460 -0.00136690 0.01340004
v -0.01963803 -0.00130463 0.01232192
v -0.01890769 -0.00113023 0.01323897
v -0.01440692 -0.00113023 0.01981315
v -0.01411523 -0.00105056 0.01922060
v -0.01391074 -0.00105746 0.01955400
v -0.01284561 -0.00106046 0.02022272
v -0.01321603 -0.00106667 0.02010254
v -0.01325120 -0.00113023 0.02052271
v -0.01343821 -0.00106735 0.01998371
v -0.01374362 -0.00106276 0.01974244
v -0.01259425 -0.00105496 0.02025737
v -0.01201888 -0.00113023 0.02108887
v -0.01438569 -0.00353793 0.02264638
v -0.01578740 -0.00353793 0.02178579
v -0.01707605 -0.00353793 0.02076364
v -0.01289107 -0.00353793 0.02333304
v -0.01132501 -0.00353793 0.02383590
v -0.00971004 -0.00353793 0.02414775
v -0.00806935 -0.00353793 0.02426408
v -0.00642653 -0.00353793 0.02418324
v -0.00480518 -0.00353793 0.02390638
v -0.00325475 -0.00326115 0.02336570
v -0.00322863 -0.00353793 0.02343748
v -0.00485893 -0.00286157 0.02367589
v -0.00645231 -0.00286157 0.02394797
v -0.00806679 -0.00286157 0.02402742
v -0.00967918 -0.00286157 0.02391310
v -0.01126630 -0.00286157 0.02360664
v -0.01280534 -0.00286157 0.02311245
v -0.01427417 -0.00286157 0.02243763
v -0.01409454 -0.00225483 0.02210137
v -0.01266723 -0.00225483 0.02275710
v -0.01117171 -0.00225483 0.02323732
v -0.00962947 -0.00225483 0.02353511
v -0.00806267 -0.00225483 0.02364621
v -0.00649384 -0.00225483 0.02356900
v -0.00494552 -0.00225483 0.02330461
v -0.01385579 -0.00174814 0.02165445
v -0.01248368 -0.00174814 0.02228482
v -0.01104600 -0.00174814 0.02274647
v -0.00956340 -0.00174814 0.02303275
v -0.00805719 -0.00174814 0.02313954
v -0.00654903 -0.00174814 0.02306533
v -0.00506059 -0.00174814 0.02281116
v -0.01356990 -0.00136690 0.02111928
v -0.01226389 -0.00136690 0.02171929
v -0.01089546 -0.00136690 0.02215870
v -0.00948428 -0.00136690 0.02243119
v -0.00805063 -0.00136690 0.02253284
v -0.00661513 -0.00136690 0.02246220
v -0.00519839 -0.00136690 0.02222027
v -0.00330957 -0.00286157 0.02321508
v -0.00341021 -0.00236909 0.02293858
v -0.00343996 -0.00225483 0.02285683
v -0.00361326 -0.00174814 0.02238070
v -0.00382078 -0.00136690 0.02181055
v -0.00395744 -0.00120662 0.02143507
v -0.01072765 -0.00113023 0.02150348
v -0.00939609 -0.00113023 0.02176060
v -0.00804333 -0.00113023 0.02185652
v -0.00668880 -0.00113023 0.02178986
v -0.00535200 -0.00113023 0.02156159
v -0.00405211 -0.00113023 0.02117498
v -0.02075938 -0.00353793 0.01538348
v -0.02053791 -0.00286157 0.01530001
v -0.02018117 -0.00225483 0.01516557
v -0.01970703 -0.00174814 0.01498688
v -0.01913927 -0.00136690 0.01477291
v -0.01850636 -0.00113023 0.01453438
v -0.02008811 -0.00353793 0.01688507
v -0.01987823 -0.00286157 0.01677571
v -0.01954013 -0.00225483 0.01659953
v -0.01909078 -0.00174814 0.01636539
v -0.01855271 -0.00136690 0.01608501
v -0.01795290 -0.00113023 0.01577246
v -0.01904668 -0.00286157 0.01816185
v -0.01873210 -0.00225483 0.01794649
v -0.01831400 -0.00174814 0.01766025
v -0.01781335 -0.00136690 0.01731750
v -0.01725524 -0.00113023 0.01693541
v -0.01805523 -0.00286157 0.01943852
v -0.01776868 -0.00225483 0.01918706
v -0.01738784 -0.00174814 0.01885284
v -0.01693180 -0.00136690 0.01845264
v -0.01642344 -0.00113023 0.01800651
v 0.00353919 -0.00423902 0.02105955
v 0.00350081 -0.00408123 0.02106880
v 0.01485421 0.00325000 0.01507893
v 0.01434118 0.00325000 0.01366939
v 0.01370033 0.00325000 0.01337055
v 0.01135110 0.00325000 0.01422561
v 0.01105226 0.00325000 0.01486646
v 0.01156529 0.00325000 0.01627600
v 0.01220615 0.00325000 0.01657484
v 0.01455538 0.00325000 0.01571979
v 0.01448697 0.00345000 0.01553185
v 0.01376873 0.00345000 0.01355849
v 0.01213774 0.00345000 0.01638690
v 0.01141950 0.00345000 0.01441354
v 0.01406417 0.00345000 0.01361059
v 0.01392343 0.00345000 0.01354496
v 0.01415325 0.00345000 0.01373779
v 0.01466628 0.00345000 0.01514733
v 0.01467981 0.00345000 0.01530204
v 0.01461418 0.00345000 0.01544278
v 0.01184230 0.00345000 0.01633480
v 0.01198304 0.00345000 0.01640043
v 0.01175323 0.00345000 0.01620760
v 0.01124020 0.00345000 0.01479806
v 0.01122666 0.00345000 0.01464336
v 0.01129229 0.00345000 0.01450262
v 0.00067246 0.00325000 0.01704814
v 0.00015943 0.00325000 0.01563860
v -0.00048143 0.00325000 0.01533976
v -0.00283066 0.00325000 0.01619481
v -0.00312950 0.00325000 0.01683567
v -0.00261647 0.00325000 0.01824521
v -0.00197561 0.00325000 0.01854404
v 0.00037362 0.00325000 0.01768899
v -0.00041303 0.00345000 0.01552770
v -0.00276226 0.00345000 0.01638275
v -0.00204401 0.00345000 0.01835610
v -0.00233946 0.00345000 0.01830401
v -0.00219872 0.00345000 0.01836964
v -0.00242853 0.00345000 0.01817680
v -0.00294156 0.00345000 0.01676726
v -0.00295509 0.00345000 0.01661256
v -0.00288946 0.00345000 0.01647182
v 0.00043242 0.00345000 0.01741198
v 0.00049805 0.00345000 0.01727124
v 0.00030522 0.00345000 0.01750105
v 0.00048452 0.00345000 0.01711654
v -0.00011758 0.00345000 0.01557979
v -0.00025833 0.00345000 0.01551416
v -0.00002851 0.00345000 0.01570700
v 0.01113908 0.00325000 0.01437406
v 0.01102970 0.00325000 0.01460863
v 0.01171374 0.00325000 0.01648801
v 0.01194831 0.00325000 0.01659739
v 0.01476739 0.00325000 0.01557133
v 0.01487677 0.00325000 0.01533676
v 0.01419273 0.00325000 0.01345738
v 0.01395816 0.00325000 0.01334800
v -0.00304267 0.00325000 0.01634326
v -0.00315206 0.00325000 0.01657783
v -0.00246801 0.00325000 0.01845722
v -0.00223345 0.00325000 0.01856660
v 0.00058563 0.00325000 0.01754054
v 0.00069501 0.00325000 0.01730597
v 0.00001097 0.00325000 0.01542658
v -0.00022360 0.00325000 0.01531720
v -0.00200981 0.00342321 0.01845007
v -0.00221608 0.00342321 0.01846812
v -0.00198478 0.00335000 0.01851886
v -0.00222879 0.00335000 0.01854021
v -0.00240374 0.00342321 0.01838061
v -0.00245079 0.00335000 0.01843669
v -0.00252250 0.00342321 0.01821100
v -0.00259129 0.00335000 0.01823604
v 0.00033942 0.00342321 0.01759502
v 0.00036446 0.00335000 0.01766381
v -0.00303553 0.00342321 0.01680146
v -0.00310432 0.00335000 0.01682650
v 0.00057849 0.00342321 0.01708234
v 0.00059653 0.00342321 0.01728860
v 0.00064728 0.00335000 0.01705730
v 0.00066863 0.00335000 0.01730132
v 0.00050903 0.00342321 0.01747626
v 0.00056511 0.00335000 0.01752331
v -0.00305357 0.00342321 0.01659520
v -0.00312567 0.00335000 0.01658249
v -0.00296607 0.00342321 0.01640754
v -0.00302215 0.00335000 0.01636049
v -0.00279646 0.00342321 0.01628878
v -0.00282150 0.00335000 0.01621999
v 0.00006546 0.00342321 0.01567280
v 0.00013425 0.00335000 0.01564776
v -0.00044723 0.00342321 0.01543373
v -0.00047227 0.00335000 0.01536494
v -0.00024096 0.00342321 0.01541568
v -0.00022825 0.00335000 0.01534359
v -0.00005330 0.00342321 0.01550319
v -0.00000625 0.00335000 0.01544711
v 0.01217194 0.00342321 0.01648087
v 0.01196568 0.00342321 0.01649891
v 0.01219698 0.00335000 0.01654966
v 0.01195296 0.00335000 0.01657101
v 0.01177802 0.00342321 0.01641141
v 0.01173097 0.00335000 0.01646749
v 0.01165926 0.00342321 0.01624180
v 0.01159047 0.00335000 0.01626684
v 0.01452118 0.00342321 0.01562582
v 0.01454621 0.00335000 0.01569461
v 0.01114623 0.00342321 0.01483226
v 0.01107744 0.00335000 0.01485730
v 0.01476024 0.00342321 0.01511313
v 0.01477829 0.00342321 0.01531940
v 0.01482903 0.00335000 0.01508809
v 0.01485038 0.00335000 0.01533211
v 0.01469078 0.00342321 0.01550706
v 0.01474686 0.00335000 0.01555411
v 0.01112818 0.00342321 0.01462599
v 0.01105609 0.00335000 0.01461328
v 0.01121569 0.00342321 0.01443834
v 0.01115961 0.00335000 0.01439128
v 0.01138530 0.00342321 0.01431958
v 0.01136026 0.00335000 0.01425079
v 0.01424721 0.00342321 0.01370359
v 0.01431600 0.00335000 0.01367856
v 0.01373453 0.00342321 0.01346452
v 0.01370949 0.00335000 0.01339573
v 0.01394080 0.00342321 0.01344648
v 0.01395351 0.00335000 0.01337439
v 0.01412845 0.00342321 0.01353398
v 0.01417551 0.00335000 0.01347791
v 0.00347178 -0.00025000 0.02107069
v -0.01961448 -0.00129758 0.01224787
v -0.01962880 -0.00025000 0.01223378
v -0.01962891 -0.00130580 0.01223365
v -0.01965825 -0.00132813 0.01219209
v -0.01967371 -0.00025000 0.01215379
v -0.01967381 -0.00134887 0.01215342
v -0.01967960 -0.00136438 0.01212601
v -0.01967819 -0.00025000 0.01206217
v -0.01967723 -0.00140906 0.01205732
v -0.01964130 -0.00025000 0.01197819
v -0.01965085 -0.00146520 0.01199205
v -0.01959950 -0.00153634 0.01193698
v -0.01957080 -0.00025000 0.01191951
v -0.01957010 -0.00157177 0.01191917
v -0.01948433 -0.00166885 0.01189849
v -0.01998333 -0.00175297 0.01193197
v -0.02005447 -0.00164012 0.01202686
v -0.02009938 -0.00156888 0.01216724
v -0.02038470 -0.00205407 0.01193264
v -0.02072366 -0.00241113 0.01193317
v -0.02100296 -0.00282734 0.01193360
v -0.02120414 -0.00327497 0.01193390
v -0.02047424 -0.00195420 0.01202930
v -0.02082891 -0.00232708 0.01203126
v -0.02112126 -0.00276205 0.01203282
v -0.02133192 -0.00323010 0.01203390
v -0.02053003 -0.00189197 0.01217194
v -0.02089380 -0.00227525 0.01217571
v -0.02119358 -0.00272214 0.01217869
v -0.02140955 -0.00320283 0.01218077
v -0.02154469 -0.00372552 0.01218204
v -0.02146374 -0.00373915 0.01203457
v -0.02133002 -0.00376167 0.01193408
v -0.02158866 -0.00425000 0.01218245
v -0.02150664 -0.00425000 0.01203478
v -0.02137097 -0.00425000 0.01193414
v 0.00412767 -0.00007679 0.01754643
v 0.00422150 -0.00015000 0.01759019
v 0.00409240 -0.00005681 0.01750794
v 0.00369875 -0.00010858 0.01627504
v 0.00368020 -0.00006522 0.01635084
v 0.00374489 -0.00017346 0.01621211
v 0.00368233 -0.00005384 0.01638999
v 0.00771445 -0.00005384 0.01492242
v 0.00769092 -0.00006522 0.01489105
v 0.00762799 -0.00010858 0.01484491
v 0.00755219 -0.00017346 0.01482636
v 0.00810095 -0.00010858 0.01614436
v 0.00811950 -0.00006522 0.01606856
v 0.00805481 -0.00017346 0.01620729
v 0.00811736 -0.00005384 0.01602941
v -0.01099928 -0.01308545 0.01541292
v -0.01099728 -0.01314891 0.01536016
v -0.01145932 -0.01292024 0.01522935
v -0.01146232 -0.01298668 0.01517021
v -0.01191962 -0.01278209 0.01512098
v -0.01335897 -0.01257767 0.01521545
v -0.01291228 -0.01259905 0.01511587
v -0.01245487 -0.01266206 0.01508027
v -0.01239712 -0.01267272 0.01508039
v -0.01192739 -0.01285113 0.01505690
v -0.01240958 -0.01274391 0.01501266
v -0.01246788 -0.01273347 0.01501220
v -0.01292948 -0.01267177 0.01504597
v -0.01337994 -0.01265087 0.01514531
v -0.00954037 -0.01370032 0.01677226
v -0.01091919 -0.01318050 0.01539659
v -0.01092348 -0.01311639 0.01545021
v -0.01048019 -0.01335107 0.01565810
v -0.01008798 -0.01350609 0.01599663
v -0.01049568 -0.01328524 0.01571252
v -0.01010980 -0.01344138 0.01604441
v -0.00979967 -0.01356925 0.01640932
v -0.00977670 -0.01363034 0.01637407
v -0.00956089 -0.01364621 0.01679062
v -0.01112134 -0.01257767 0.02136328
v -0.01185118 -0.01257767 0.02158190
v -0.01109233 -0.01265087 0.02143048
v -0.01183847 -0.01265087 0.02165400
v -0.01242019 -0.01265087 0.02170489
v -0.01300191 -0.01265087 0.02165400
v -0.01356596 -0.01265087 0.02150286
v -0.01409519 -0.01265087 0.02125608
v -0.01457353 -0.01265087 0.02092114
v -0.01498644 -0.01265087 0.02050823
v -0.01532137 -0.01265087 0.02002989
v -0.01556816 -0.01265087 0.01950066
v -0.01571930 -0.01265087 0.01893661
v -0.01577019 -0.01265087 0.01835489
v -0.01571930 -0.01265087 0.01777317
v -0.01556816 -0.01265087 0.01720912
v -0.01532137 -0.01265087 0.01667989
v -0.01498644 -0.01265087 0.01620155
v -0.01457353 -0.01265087 0.01578864
v -0.01409519 -0.01265087 0.01545370
v -0.01242019 -0.01257767 0.02163169
v -0.01298920 -0.01257767 0.02158190
v -0.01354092 -0.01257767 0.02143407
v -0.01405859 -0.01257767 0.02119268
v -0.01452647 -0.01257767 0.02086506
v -0.01493036 -0.01257767 0.02046117
v -0.01525798 -0.01257767 0.01999329
v -0.01549937 -0.01257767 0.01947562
v -0.01564720 -0.01257767 0.01892390
v -0.01569698 -0.01257767 0.01835489
v -0.01564720 -0.01257767 0.01778588
v -0.01549937 -0.01257767 0.01723416
v -0.01525798 -0.01257767 0.01671649
v -0.01493036 -0.01257767 0.01624861
v -0.01452647 -0.01257767 0.01584472
v -0.01405859 -0.01257767 0.01551710
v -0.01076642 -0.01259384 0.02118319
v -0.01073498 -0.01266667 0.02124822
v -0.01056510 -0.01261889 0.02105471
v -0.00989005 -0.01281071 0.02042940
v -0.01020728 -0.01269691 0.02076791
v -0.01053247 -0.01269119 0.02111789
v -0.01017290 -0.01276763 0.02082646
v -0.00985463 -0.01287920 0.02048203
v -0.00977453 -0.01291560 0.02037752
v -0.00951089 -0.01306814 0.01995538
v -0.00981010 -0.01284781 0.02032673
v -0.00954655 -0.01300321 0.01991220
v -0.00934604 -0.01317440 0.01945702
v -0.00923014 -0.01332100 0.01904371
v -0.00916451 -0.01347465 0.01854866
v -0.00916917 -0.01358084 0.01811247
v -0.00923778 -0.01365343 0.01765187
v -0.00937199 -0.01367570 0.01720223
v -0.00931103 -0.01323630 0.01949167
v -0.00919626 -0.01338041 0.01907051
v -0.00913253 -0.01353152 0.01856595
v -0.00913933 -0.01363600 0.01812124
v -0.00921067 -0.01370742 0.01765147
v -0.00934805 -0.01372935 0.01719262
v -0.00569718 -0.01747558 0.02135281
v -0.00576520 -0.01740827 0.02137757
v -0.00577988 -0.01741147 0.02132830
v -0.00571137 -0.01747648 0.02130624
v -0.00582320 -0.01743719 0.02088684
v -0.00582690 -0.01743324 0.02096129
v -0.00579019 -0.01741399 0.02128865
v -0.00564128 -0.01745920 0.02036847
v -0.00576201 -0.01745076 0.02060008
v -0.00546455 -0.01746314 0.02018584
v -0.00543068 -0.01746335 0.02016145
v -0.00520945 -0.01746203 0.02005513
v -0.00488329 -0.01745433 0.02001976
v -0.00514133 -0.01746090 0.02003726
v -0.00484655 -0.01745313 0.02002321
v -0.00457048 -0.01744213 0.02009510
v -0.00572142 -0.01747720 0.02126875
v -0.00575948 -0.01748255 0.02095930
v -0.00575696 -0.01748363 0.02088894
v -0.00570352 -0.01748729 0.02061824
v -0.00559374 -0.01748952 0.02040024
v -0.00543089 -0.01749056 0.02022932
v -0.00539955 -0.01749062 0.02020662
v -0.00519411 -0.01749027 0.02010860
v -0.00513069 -0.01748998 0.02009251
v -0.00489000 -0.01748824 0.02007901
v -0.00485569 -0.01748792 0.02008270
v -0.00459768 -0.01748497 0.02015374
v -0.00514540 -0.01737673 0.02312883
v -0.00513334 -0.01740586 0.02311807
v -0.00511899 -0.01743019 0.02310527
v -0.00508002 -0.01747125 0.02307050
v -0.00499957 -0.01749997 0.02299873
v -0.00255527 -0.01744446 0.02080518
v 0.00441415 -0.01748504 0.02023705
v 0.00438805 -0.01744240 0.02017802
v 0.00373409 -0.01748528 0.02051210
v 0.00166358 -0.01748576 0.02104908
v -0.00046063 -0.01748586 0.02116876
v 0.00371203 -0.01744330 0.02045179
v 0.00165377 -0.01744505 0.02098627
v -0.00045791 -0.01744544 0.02110540
v -0.00257044 -0.01748560 0.02086714
v -0.00391542 -0.01748464 0.02362224
v -0.00391724 -0.01747476 0.02364414
v -0.00400216 -0.01747472 0.02360182
v -0.00391823 -0.01746813 0.02365600
v -0.00403464 -0.01740527 0.02366689
v -0.00392247 -0.01742584 0.02370656
v -0.00392379 -0.01740535 0.02372216
v -0.00392531 -0.01737154 0.02374014
v -0.00390889 -0.01749998 0.02354313
v -0.00391280 -0.01749430 0.02359064
v -0.00481447 -0.01747482 0.02319617
v -0.00484693 -0.01740560 0.02326121
v -0.00448954 -0.01747478 0.02335843
v -0.00452201 -0.01740547 0.02342348
v 0.00493158 -0.01748868 0.02005184
v 0.00491427 -0.01745601 0.01999562
v 0.00529952 -0.01749090 0.01996660
v 0.00528946 -0.01746444 0.01991333
v 0.00575135 -0.01749318 0.01992955
v 0.00575135 -0.01747321 0.01988132
v -0.00324326 -0.01748458 0.02339728
v -0.00323539 -0.01747321 0.02341890
v -0.00320620 -0.01737516 0.02349910
v -0.00321035 -0.01740000 0.02348769
v -0.00322098 -0.01744072 0.02345848
v 0.00591692 -0.01748478 0.01990478
v 0.00591692 -0.01749122 0.01992270
v 0.00597814 -0.01738920 0.02014953
v 0.00597616 -0.01740000 0.02014408
v 0.00595811 -0.01745967 0.02009449
v 0.00595112 -0.01747321 0.02007529
v 0.00592943 -0.01749662 0.02001570
v 0.00923927 -0.00015000 0.01576387
v 0.00922840 -0.00010858 0.01573400
v 0.00921423 -0.00007679 0.01569507
v 0.00595661 -0.01748196 0.01990840
v 0.00598922 -0.01748604 0.01999393
v 0.00600527 -0.01738440 0.02013966
v 0.00600667 -0.01745108 0.02007682
v 0.00928870 -0.00014812 0.01575078
v 0.00927953 -0.00007625 0.01567830
v 0.00936579 -0.00014566 0.01575258
v 0.00943796 -0.00014382 0.01578009
v 0.00949679 -0.00014268 0.01583030
v 0.00953532 -0.00014230 0.01589746
v 0.00938101 -0.00007555 0.01568137
v 0.00947575 -0.00007502 0.01571807
v 0.00955286 -0.00007469 0.01578435
v 0.00960341 -0.00007459 0.01587268
v 0.01250137 -0.01510075 0.01752857
v 0.01254905 -0.01500216 0.01775817
v 0.01253354 -0.01510398 0.01761373
v 0.01255062 -0.01506868 0.01769595
v 0.01040880 -0.00017477 0.01834640
v 0.01042458 -0.00014230 0.01834066
v 0.01044942 -0.00010925 0.01833162
v 0.01051061 -0.00006540 0.01830935
v 0.01049266 -0.00007459 0.01831588
v 0.01475588 -0.01359368 0.01630170
v 0.01595967 -0.01146640 0.01388266
v 0.01614555 -0.01116544 0.01380007
v 0.01608477 -0.01137374 0.01401434
v 0.01614195 -0.01117710 0.01378744
v 0.01606280 -0.01141788 0.01396334
v 0.01601927 -0.01145012 0.01391753
v 0.01610297 -0.01122666 0.01372735
v 0.01612256 -0.01120891 0.01375040
v 0.01601938 -0.01125785 0.01367359
v 0.01603530 -0.01125522 0.01368052
v 0.01607872 -0.01124102 0.01370645
v 0.01543773 -0.01265415 0.01507362
v 0.01549714 -0.01264176 0.01512108
v 0.01553739 -0.01260872 0.01517788
v 0.01555248 -0.01255993 0.01523558
v 0.01465797 -0.01368952 0.01611215
v 0.01471351 -0.01368192 0.01617291
v 0.01474812 -0.01364805 0.01623991
v 0.01366259 -0.01451873 0.01694426
v 0.01370939 -0.01451662 0.01701813
v 0.01373617 -0.01448196 0.01709384
v 0.01373780 -0.01442138 0.01715693
v 0.01056957 -0.00006540 0.01835883
v 0.01060926 -0.00006540 0.01835535
v 0.01064632 -0.00017477 0.01845716
v 0.01055076 -0.00017477 0.01846552
v 0.01046382 -0.00017477 0.01842498
v 0.01049160 -0.00010925 0.01839187
v 0.01055826 -0.00010925 0.01842295
v 0.01053346 -0.00006540 0.01834199
v 0.01064218 -0.00015000 0.01844578
v 0.01063153 -0.00010925 0.01841654
v 0.01061714 -0.00007679 0.01837699
v 0.01633023 -0.00868358 0.01226388
v 0.01624546 -0.00871103 0.01217120
v 0.01628688 -0.00870200 0.01220167
v 0.01628705 -0.00905900 0.01232128
v 0.01631866 -0.00869024 0.01224139
v 0.01622170 -0.00907382 0.01227947
v 0.01622199 -0.00871432 0.01216010
v 0.01621109 -0.00973064 0.01256680
v 0.01633013 -0.00903651 0.01238354
v 0.01631978 -0.00968123 0.01267153
v 0.01629802 -0.01013098 0.01293239
v 0.01624136 -0.01068231 0.01333290
v 0.01627741 -0.00971138 0.01260931
v 0.01625637 -0.01016671 0.01287038
v 0.01618936 -0.01018893 0.01282708
v 0.01620091 -0.01072519 0.01327157
v 0.01613328 -0.01075084 0.01322679
v 0.01249497 -0.00007679 0.01769352
v 0.01252001 -0.00015000 0.01776231
v 0.01624546 -0.00779438 0.01197637
v 0.01631866 -0.00778482 0.01204895
v 0.01624546 -0.00701472 0.01192527
v 0.01631866 -0.00701472 0.01199847
v 0.01313320 -0.00007679 0.01741601
v 0.01316644 -0.00015000 0.01748123
v 0.01377379 -0.00015000 0.01712347
v 0.01433302 -0.00015000 0.01669436
v 0.01483579 -0.00015000 0.01620030
v 0.01527459 -0.00015000 0.01564864
v 0.01564289 -0.00015000 0.01504763
v 0.01593521 -0.00015000 0.01440620
v 0.01614717 -0.00015000 0.01373393
v 0.01627563 -0.00015000 0.01304085
v 0.01631866 -0.00015000 0.01233727
v 0.01373286 -0.00007679 0.01706278
v 0.01428499 -0.00007679 0.01663911
v 0.01478138 -0.00007679 0.01615131
v 0.01521462 -0.00007679 0.01560666
v 0.01557826 -0.00007679 0.01501326
v 0.01586686 -0.00007679 0.01437997
v 0.01607614 -0.00007679 0.01371622
v 0.01620297 -0.00007679 0.01303193
v 0.01624546 -0.00007679 0.01233727
v 0.01622199 -0.00025000 0.01191370
v 0.01624546 -0.00025000 0.01192527
v 0.01628688 -0.00025000 0.01195705
v 0.01631866 -0.00025000 0.01199847
v 0.01633023 -0.00025000 0.01202194
v 0.01622199 -0.00006522 0.01209847
v 0.01624546 -0.00007679 0.01209847
v 0.01628688 -0.00010858 0.01209847
v 0.01631866 -0.00015000 0.01209847
v 0.01633023 -0.00017346 0.01209847
v 0.01614546 -0.00015000 0.01192527
v 0.01614546 -0.00010858 0.01195705
v 0.01622199 -0.00011934 0.01196782
v 0.01614546 -0.00007679 0.01199847
v 0.01614546 -0.00006522 0.01202194
v 0.01622199 -0.00007929 0.01202776
v 0.01628688 -0.00011934 0.01204435
v 0.01633023 -0.00017929 0.01206918
v 0.01628688 -0.00019588 0.01196782
v 0.01633023 -0.00022071 0.01202776
v 0.01628688 -0.00015000 0.01199847
v 0.01633023 -0.00019588 0.01204435
v 0.01614546 -0.00017346 0.01191370
v 0.01622199 -0.00017929 0.01192776
v 0.00833194 -0.00006540 0.01202150
v 0.00833194 -0.00007679 0.01199847
v 0.00833194 -0.00010925 0.01195639
v 0.00833194 -0.00015000 0.01192527
v 0.00833194 -0.00017477 0.01191316
v 0.00825563 -0.00006540 0.01208843
v 0.00825961 -0.00006540 0.01212480
v 0.00826889 -0.00006540 0.01205432
v 0.00824638 -0.00017477 0.01193410
v 0.00814822 -0.00017477 0.01207429
v 0.00818015 -0.00017477 0.01199218
v 0.00826634 -0.00010925 0.01197244
v 0.00821555 -0.00010925 0.01201698
v 0.00819107 -0.00010925 0.01207993
v 0.00829640 -0.00006540 0.01203020
v 0.00815781 -0.00017477 0.01216185
v 0.00817358 -0.00014230 0.01215611
v 0.00819843 -0.00010925 0.01214707
v 0.00824167 -0.00007459 0.01213133
v 0.00888549 -0.00014230 0.01411205
v 0.00895357 -0.00007459 0.01408727
v 0.00875544 -0.00010858 0.01443455
v 0.00876961 -0.00007679 0.01447347
v 0.00885858 -0.00007600 0.01442440
v 0.00896922 -0.00007463 0.01415174
v 0.00889735 -0.00014246 0.01416111
v 0.00889375 -0.00014334 0.01423860
v 0.00886421 -0.00014495 0.01431038
v 0.00881235 -0.00014722 0.01436795
v 0.00874457 -0.00015000 0.01440468
v 0.00896475 -0.00007488 0.01425362
v 0.00892635 -0.00007534 0.01434819
v 0.00303009 -0.00007679 0.01794592
v 0.00305512 -0.00015000 0.01801471
v 0.00291421 -0.00014230 0.01830735
v 0.00284613 -0.00007459 0.01833213
v 0.00283048 -0.00007463 0.01826766
v 0.00290234 -0.00014246 0.01825828
v 0.00290595 -0.00014334 0.01818080
v 0.00293549 -0.00014495 0.01810902
v 0.00298735 -0.00014722 0.01805145
v 0.00283495 -0.00007488 0.01816578
v 0.00287334 -0.00007534 0.01807120
v 0.00294111 -0.00007600 0.01799500
v 0.00371743 -0.00006540 0.02078186
v 0.00373538 -0.00007459 0.02077533
v 0.00377862 -0.00010925 0.02075959
v 0.00381924 -0.00017477 0.02074481
v 0.00380346 -0.00014230 0.02075055
v 0.00372090 -0.00006540 0.02082155
v 0.00382760 -0.00017477 0.02084037
v 0.00370848 -0.00017477 0.02098233
v 0.00378706 -0.00017477 0.02092731
v 0.00370434 -0.00015000 0.02097095
v 0.00375395 -0.00010925 0.02089952
v 0.00369370 -0.00010925 0.02094171
v 0.00367930 -0.00007679 0.02090216
v 0.00378503 -0.00010925 0.02083286
v 0.00367143 -0.00006540 0.02088052
v 0.00370407 -0.00006540 0.02085767
v 0.00350757 -0.00007679 0.02096466
v 0.00353261 -0.00015000 0.02103345
v 0.00341154 -0.00015000 0.02103249
v 0.00347199 -0.00015000 0.02104389
v 0.00343767 -0.00007679 0.02096410
v 0.00347257 -0.00007679 0.02097069
v -0.01954334 -0.00015000 0.01226027
v -0.01951721 -0.00007679 0.01219188
v -0.01955516 -0.00007679 0.01216612
v -0.01957761 -0.00007679 0.01212613
v -0.01957985 -0.00007679 0.01208032
v -0.01956140 -0.00007679 0.01203833
v -0.01952615 -0.00007679 0.01200899
v -0.01948151 -0.00007679 0.01199847
v -0.01948151 -0.00015000 0.01192527
v -0.01955883 -0.00015000 0.01194349
v -0.01961989 -0.00015000 0.01199431
v -0.01965184 -0.00015000 0.01206704
v -0.01964796 -0.00015000 0.01214638
v -0.01960907 -0.00015000 0.01221565
v -0.00574860 -0.00006522 0.01202194
v -0.00574860 -0.00007679 0.01199847
v -0.00574860 -0.00010858 0.01195705
v -0.00574860 -0.00015000 0.01192527
v -0.00574860 -0.00017346 0.01191370
v -0.00522648 -0.00019316 0.01194510
v -0.00523241 -0.00011877 0.01198550
v -0.00548693 -0.00018315 0.01191966
v -0.00549494 -0.00006657 0.01202814
v -0.00524228 -0.00006800 0.01205278
v -0.00549004 -0.00011355 0.01196182
v -0.00465466 -0.00019316 0.01212063
v -0.00467242 -0.00011877 0.01215740
v -0.00470199 -0.00006800 0.01221863
v -0.00377561 -0.00019316 0.01249920
v 0.00091325 -0.00019316 0.01315732
v 0.00091681 -0.00011877 0.01319799
v 0.00077685 -0.00019316 0.01316834
v 0.00077987 -0.00011877 0.01320905
v 0.00092272 -0.00006800 0.01326573
v 0.00078491 -0.00006800 0.01327686
v -0.00016292 -0.00019316 0.01319588
v -0.00110130 -0.00019316 0.01313919
v -0.00203652 -0.00019316 0.01299792
v -0.00287368 -0.00019316 0.01279743
v -0.00016356 -0.00011877 0.01323670
v -0.00110558 -0.00011877 0.01317979
v -0.00204442 -0.00011877 0.01303797
v -0.00288477 -0.00011877 0.01283672
v -0.00379011 -0.00011877 0.01253737
v -0.00016461 -0.00006800 0.01330469
v -0.00111271 -0.00006800 0.01324742
v -0.00205757 -0.00006800 0.01310469
v -0.00290326 -0.00006800 0.01290216
v -0.00381427 -0.00006800 0.01260093
v 0.00095847 -0.00006822 0.01326998
v 0.00099569 -0.00019463 0.01316775
v 0.00111053 -0.00019463 0.01328261
v 0.00106584 -0.00019463 0.01321245
v 0.00108830 -0.00014230 0.01329070
v 0.00103714 -0.00011954 0.01324115
v 0.00107239 -0.00011954 0.01329649
v 0.00102022 -0.00007459 0.01331548
v 0.00098180 -0.00011954 0.01320589
v 0.00100830 -0.00006822 0.01331982
v 0.00098891 -0.00006822 0.01328938
v 0.00219629 -0.00007459 0.01654672
v 0.00226437 -0.00014230 0.01652193
v 0.00257129 -0.00010858 0.01668540
v 0.00256042 -0.00015000 0.01665553
v 0.00251100 -0.00014812 0.01666862
v 0.00252017 -0.00007625 0.01674109
v 0.00258546 -0.00007679 0.01672432
v 0.00243391 -0.00014566 0.01666682
v 0.00236174 -0.00014382 0.01663930
v 0.00230291 -0.00014268 0.01658909
v 0.00241868 -0.00007555 0.01673803
v 0.00232395 -0.00007502 0.01670132
v 0.00224684 -0.00007469 0.01663505
v -0.01102029 -0.00925087 0.01722340
v -0.01146353 -0.00925087 0.01683016
v -0.01201045 -0.00925087 0.01660215
v -0.01260176 -0.00925087 0.01656407
v -0.01317340 -0.00925087 0.01672006
v -0.01366342 -0.00925087 0.01705321
v -0.01401871 -0.00925087 0.01752741
v -0.01420078 -0.00925087 0.01809129
v -0.01418990 -0.00925087 0.01868373
v -0.01398724 -0.00925087 0.01924053
v -0.01361476 -0.00925087 0.01970137
v -0.01311284 -0.00925087 0.02001629
v -0.01253585 -0.00925087 0.02015117
v -0.01194633 -0.00925087 0.02009140
v -0.01140817 -0.00925087 0.01984345
v -0.01097967 -0.00925087 0.01943419
v -0.01070727 -0.00925087 0.01890798
v -0.01062049 -0.00925087 0.01832182
v -0.01072874 -0.00925087 0.01773925
v -0.01107722 -0.00917767 0.01726942
v -0.01150244 -0.00917767 0.01689217
v -0.01202711 -0.00917767 0.01667343
v -0.01259438 -0.00917767 0.01663690
v -0.01314277 -0.00917767 0.01678655
v -0.01361286 -0.00917767 0.01710615
v -0.01395370 -0.00917767 0.01756107
v -0.01412837 -0.00917767 0.01810201
v -0.01411792 -0.00917767 0.01867035
v -0.01392351 -0.00917767 0.01920451
v -0.01356618 -0.00917767 0.01964661
v -0.01308467 -0.00917767 0.01994872
v -0.01253115 -0.00917767 0.02007812
v -0.01196561 -0.00917767 0.02002078
v -0.01144932 -0.00917767 0.01978291
v -0.01103825 -0.00917767 0.01939030
v -0.01077693 -0.00917767 0.01888548
v -0.01069369 -0.00917767 0.01832317
v -0.01079753 -0.00917767 0.01776429
v -0.01414194 -0.00115000 0.01848679
v -0.01295013 -0.00115000 0.01671143
v -0.01221805 -0.00110858 0.02010181
v -0.01221329 -0.00107679 0.02014296
v -0.01163882 -0.00107679 0.01997645
v -0.01221059 -0.00106522 0.02016627
v -0.01297260 -0.00107679 0.01664175
v -0.01238076 -0.00107679 0.01655532
v -0.01179328 -0.00107679 0.01666759
v -0.01127502 -0.00107679 0.01696615
v -0.01088320 -0.00107679 0.01741805
v -0.01066108 -0.00107679 0.01797339
v -0.01063319 -0.00107679 0.01857085
v -0.01080261 -0.00107679 0.01914447
v -0.01115063 -0.00107679 0.01963090
v -0.01409231 -0.00106522 0.01908223
v -0.01421493 -0.00107679 0.01849238
v -0.01416090 -0.00107679 0.01789672
v -0.01391467 -0.00107679 0.01735164
v -0.01350344 -0.00107679 0.01691733
v -0.01238237 -0.00115000 0.01662851
v -0.01181878 -0.00115000 0.01673621
v -0.01132160 -0.00115000 0.01702263
v -0.01094571 -0.00115000 0.01745615
v -0.01073262 -0.00115000 0.01798891
v -0.01070587 -0.00115000 0.01856207
v -0.01086839 -0.00115000 0.01911235
v -0.01120226 -0.00115000 0.01957901
v -0.01167060 -0.00115000 0.01991050
v -0.01222170 -0.00115000 0.02007024
v -0.01345938 -0.00115000 0.01697580
v -0.01385389 -0.00115000 0.01739244
v -0.01409011 -0.00115000 0.01791535
v -0.01222303 -0.00117346 0.02005875
v -0.01407080 -0.00107679 0.01907287
v -0.01403281 -0.00110858 0.01905634
v -0.01400367 -0.00115000 0.01904367
v -0.01399306 -0.00117346 0.01903905
v -0.01313115 -0.00118441 0.01991804
v -0.01398754 -0.00110794 0.01915498
v -0.01404619 -0.00106482 0.01918528
v -0.01394841 -0.00117322 0.01913440
v -0.01360646 -0.00118141 0.01959612
v -0.01375892 -0.00117748 0.01942921
v -0.01333061 -0.00118495 0.01981098
v -0.01384810 -0.00106874 0.01950353
v -0.01379455 -0.00111108 0.01945952
v -0.01368723 -0.00107259 0.01968328
v -0.01363877 -0.00111451 0.01963159
v -0.01339439 -0.00107608 0.01991360
v -0.01335633 -0.00111768 0.01985251
v -0.01318182 -0.00107556 0.02002742
v -0.01315180 -0.00111720 0.01996217
v -0.01282754 -0.00107089 0.02014355
v -0.01281126 -0.00111298 0.02007523
v -0.01258691 -0.00106706 0.02017803
v -0.01257999 -0.00110962 0.02010994
v -0.01279952 -0.00117968 0.02002922
v -0.01257459 -0.00117573 0.02006417
v -0.00196633 -0.00807786 0.02263775
v -0.00172900 -0.00803041 0.02255137
v -0.00153790 -0.00787473 0.02248181
v -0.00239627 -0.00787233 0.02279423
v -0.00220468 -0.00802956 0.02272450
v -0.00258075 -0.00706424 0.02286138
v -0.00257858 -0.00717942 0.02286059
v -0.00254081 -0.00751953 0.02284684
v -0.00239476 -0.00625534 0.02279369
v -0.00244017 -0.00632492 0.02281021
v -0.00249552 -0.00644692 0.02283036
v -0.00254698 -0.00664261 0.02284909
v -0.00196633 -0.00605222 0.02263775
v -0.00220360 -0.00609981 0.02272411
v -0.00135192 -0.00706824 0.02241412
v -0.00135238 -0.00701828 0.02241429
v -0.00142984 -0.00645300 0.02244248
v -0.00157362 -0.00621347 0.02249481
v -0.00169151 -0.00612148 0.02253772
v -0.00149260 -0.00780536 0.02246532
v -0.00143720 -0.00768379 0.02244516
v -0.00138580 -0.00748868 0.02242645
v -0.00221933 -0.00706424 0.02272983
v -0.00219667 -0.00746886 0.02272158
v -0.00213043 -0.00765779 0.02269748
v -0.00206683 -0.00771865 0.02267433
v -0.00196633 -0.00774453 0.02263775
v -0.00186321 -0.00771758 0.02260021
v -0.00179736 -0.00765357 0.02257625
v -0.00213464 -0.00647545 0.02269901
v -0.00217904 -0.00658187 0.02271517
v -0.00221274 -0.00682157 0.02272743
v -0.00175362 -0.00754821 0.02256033
v -0.00171994 -0.00730770 0.02254807
v -0.00171334 -0.00706424 0.02254567
v -0.00173582 -0.00666002 0.02255385
v -0.00180188 -0.00647126 0.02257789
v -0.00186771 -0.00640999 0.02260185
v -0.00196633 -0.00638555 0.02263775
v -0.00206961 -0.00641278 0.02267534
v -0.00182952 -0.00774453 0.02301363
v -0.00193002 -0.00771865 0.02305020
v -0.00199363 -0.00765779 0.02307335
v -0.00205986 -0.00746886 0.02309746
v -0.00208252 -0.00706424 0.02310571
v -0.00207593 -0.00682157 0.02310331
v -0.00204223 -0.00658187 0.02309105
v -0.00199783 -0.00647545 0.02307488
v -0.00193281 -0.00641278 0.02305122
v -0.00182952 -0.00638555 0.02301363
v -0.00173090 -0.00640999 0.02297773
v -0.00166508 -0.00647126 0.02295377
v -0.00159901 -0.00666002 0.02292972
v -0.00157653 -0.00706424 0.02292154
v -0.00158313 -0.00730770 0.02292395
v -0.00161681 -0.00754821 0.02293620
v -0.00166055 -0.00765357 0.02295212
v -0.00172640 -0.00771758 0.02297609
v -0.00108688 -0.00755582 0.02231765
v -0.00098251 -0.00785927 0.02227967
v -0.00081651 -0.00801803 0.02221925
v -0.00057110 -0.00807786 0.02212992
v -0.00072546 -0.00751376 0.02218611
v -0.00052479 -0.00774453 0.02211307
v -0.00062445 -0.00771817 0.02214934
v -0.00068491 -0.00765514 0.02217135
v -0.00024017 -0.00716680 0.02200948
v -0.00026566 -0.00741160 0.02201875
v -0.00033686 -0.00763064 0.02204467
v -0.00041729 -0.00771290 0.02207395
v -0.00057976 -0.00733427 0.02213308
v -0.00039200 -0.00729191 0.02206474
v -0.00113507 -0.00670446 0.02233519
v -0.00113394 -0.00674458 0.02233478
v -0.00104971 -0.00705332 0.02230413
v -0.00085282 -0.00725816 0.02223246
v -0.00054399 -0.00605222 0.02212006
v -0.00064373 -0.00605928 0.02215636
v -0.00089775 -0.00616509 0.02224882
v -0.00106815 -0.00637617 0.02231084
v 0.00009376 -0.00705102 0.02188794
v 0.00009261 -0.00696797 0.02188836
v -0.00000296 -0.00643054 0.02192314
v -0.00003006 -0.00637285 0.02193300
v -0.00023879 -0.00614035 0.02200897
v -0.00037541 -0.00804730 0.02205870
v -0.00014913 -0.00790414 0.02197634
v 0.00002664 -0.00759715 0.02191237
v -0.00027084 -0.00677023 0.02202064
v -0.00030616 -0.00688326 0.02203349
v -0.00039049 -0.00696729 0.02206419
v -0.00051877 -0.00700094 0.02211088
v -0.00058195 -0.00699396 0.02213388
v -0.00068028 -0.00694430 0.02216966
v -0.00074614 -0.00685376 0.02219363
v -0.00077364 -0.00668483 0.02220365
v -0.00077004 -0.00661533 0.02220233
v -0.00073078 -0.00648726 0.02218805
v -0.00065627 -0.00641619 0.02216092
v -0.00053684 -0.00638555 0.02211746
v -0.00048036 -0.00639189 0.02209690
v -0.00037529 -0.00644669 0.02205866
v -0.00029794 -0.00654876 0.02203050
v -0.00026766 -0.00671328 0.02201948
v -0.00013085 -0.00671328 0.02239536
v -0.00013403 -0.00677023 0.02239652
v -0.00016935 -0.00688326 0.02240937
v -0.00025368 -0.00696729 0.02244007
v -0.00038196 -0.00700094 0.02248676
v -0.00044515 -0.00699396 0.02250975
v -0.00054348 -0.00694430 0.02254554
v -0.00060933 -0.00685376 0.02256951
v -0.00063684 -0.00668483 0.02257952
v -0.00063323 -0.00661533 0.02257821
v -0.00059397 -0.00648726 0.02256392
v -0.00051946 -0.00641619 0.02253680
v -0.00040003 -0.00638555 0.02249333
v -0.00034355 -0.00639189 0.02247277
v -0.00023848 -0.00644669 0.02243453
v -0.00016113 -0.00654876 0.02240638
v 0.00153944 -0.00664597 0.02136175
v 0.00143141 -0.00631975 0.02140107
v 0.00122697 -0.00612454 0.02147548
v 0.00093143 -0.00605222 0.02158305
v 0.00117802 -0.00669324 0.02149330
v 0.00092390 -0.00638555 0.02158579
v 0.00096987 -0.00639000 0.02156906
v 0.00106077 -0.00643376 0.02153597
v 0.00112018 -0.00650184 0.02151435
v 0.00067204 -0.00670246 0.02167746
v 0.00067425 -0.00665316 0.02167665
v 0.00071926 -0.00650704 0.02166027
v 0.00080243 -0.00642005 0.02163000
v 0.00089002 -0.00700094 0.02159812
v 0.00078384 -0.00696746 0.02163677
v 0.00070615 -0.00687341 0.02166504
v 0.00103346 -0.00697249 0.02154591
v 0.00096268 -0.00699230 0.02157168
v 0.00099957 -0.00728299 0.02155825
v 0.00074432 -0.00753138 0.02165115
v 0.00075346 -0.00745257 0.02164783
v 0.00079690 -0.00736278 0.02163202
v 0.00087203 -0.00730439 0.02160467
v 0.00092352 -0.00774453 0.02158593
v 0.00089279 -0.00774220 0.02159711
v 0.00081666 -0.00770935 0.02162482
v 0.00076655 -0.00764457 0.02164306
v 0.00112984 -0.00748812 0.02151084
v 0.00108808 -0.00763899 0.02152603
v 0.00102098 -0.00771485 0.02155046
v 0.00149126 -0.00754581 0.02137929
v 0.00092654 -0.00807786 0.02158483
v 0.00096088 -0.00807660 0.02157233
v 0.00122884 -0.00799826 0.02147480
v 0.00137919 -0.00785632 0.02142008
v 0.00051166 -0.00789797 0.02173583
v 0.00070039 -0.00803591 0.02166714
v 0.00038290 -0.00756504 0.02178270
v 0.00041676 -0.00774470 0.02177037
v 0.00065321 -0.00714477 0.02168431
v 0.00056745 -0.00720259 0.02171553
v 0.00043263 -0.00735904 0.02176460
v 0.00031062 -0.00667722 0.02180901
v 0.00034050 -0.00686247 0.02179813
v 0.00045922 -0.00704433 0.02175492
v 0.00088804 -0.00605359 0.02159884
v 0.00059162 -0.00614922 0.02170673
v 0.00038508 -0.00637315 0.02178191
v 0.00245467 -0.00646247 0.02102864
v 0.00175630 -0.00646247 0.02128282
v 0.00175630 -0.00607786 0.02128282
v 0.00298513 -0.00607786 0.02083557
v 0.00247688 -0.00692802 0.02102055
v 0.00260147 -0.00679803 0.02097520
v 0.00282155 -0.00652830 0.02089510
v 0.00218925 -0.00725094 0.02112524
v 0.00232756 -0.00708409 0.02107490
v 0.00211772 -0.00748211 0.02115128
v 0.00213771 -0.00736111 0.02114400
v 0.00234059 -0.00774453 0.02107016
v 0.00229069 -0.00774002 0.02108832
v 0.00220278 -0.00770119 0.02112032
v 0.00214343 -0.00762363 0.02114192
v 0.00257552 -0.00743683 0.02098465
v 0.00256732 -0.00751555 0.02098764
v 0.00252173 -0.00765041 0.02100423
v 0.00245409 -0.00771639 0.02102885
v 0.00293694 -0.00747449 0.02085310
v 0.00233306 -0.00807786 0.02107290
v 0.00243395 -0.00807151 0.02103618
v 0.00270170 -0.00796897 0.02093872
v 0.00285005 -0.00780017 0.02088473
v 0.00175630 -0.00753379 0.02128282
v 0.00176117 -0.00761438 0.02128105
v 0.00185279 -0.00785362 0.02124770
v 0.00203421 -0.00801319 0.02118167
v 0.00193851 -0.00703219 0.02121650
v 0.00180596 -0.00726650 0.02126475
v 0.00233307 -0.00662231 0.02107289
v 0.00220220 -0.00675224 0.02112053
v 0.00351521 -0.00807786 0.02064263
v 0.00351521 -0.00607786 0.02064263
v 0.00387663 -0.00607786 0.02051109
v 0.00387663 -0.00750174 0.02051109
v 0.00433443 -0.00718042 0.02034446
v 0.00408817 -0.00731306 0.02043409
v 0.00433443 -0.00756504 0.02034446
v 0.00380510 -0.00807786 0.02053712
v 0.00383378 -0.00800560 0.02052668
v 0.00389583 -0.00789894 0.02050409
v 0.00401867 -0.00776389 0.02045939
v 0.00587649 -0.00664597 0.01978320
v 0.00576845 -0.00631975 0.01982252
v 0.00556402 -0.00612454 0.01989692
v 0.00526847 -0.00605222 0.02000449
v 0.00551507 -0.00669324 0.01991474
v 0.00526094 -0.00638555 0.02000724
v 0.00530691 -0.00639000 0.01999051
v 0.00539782 -0.00643376 0.01995742
v 0.00545722 -0.00650184 0.01993580
v 0.00500908 -0.00670246 0.02009891
v 0.00501130 -0.00665316 0.02009810
v 0.00505630 -0.00650704 0.02008172
v 0.00513947 -0.00642005 0.02005145
v 0.00522706 -0.00700094 0.02001957
v 0.00512089 -0.00696746 0.02005821
v 0.00504319 -0.00687341 0.02008649
v 0.00537050 -0.00697249 0.01996736
v 0.00529972 -0.00699230 0.01999312
v 0.00533662 -0.00728299 0.01997969
v 0.00508136 -0.00753138 0.02007260
v 0.00509050 -0.00745257 0.02006927
v 0.00513394 -0.00736278 0.02005346
v 0.00520908 -0.00730439 0.02002611
v 0.00526057 -0.00774453 0.02000737
v 0.00522983 -0.00774220 0.02001856
v 0.00515370 -0.00770935 0.02004627
v 0.00510360 -0.00764457 0.02006450
v 0.00546688 -0.00748812 0.01993228
v 0.00542512 -0.00763899 0.01994748
v 0.00535802 -0.00771485 0.01997190
v 0.00582830 -0.00754581 0.01980074
v 0.00526358 -0.00807786 0.02000628
v 0.00529792 -0.00807660 0.01999378
v 0.00556588 -0.00799826 0.01989625
v 0.00571623 -0.00785632 0.01984152
v 0.00484870 -0.00789797 0.02015728
v 0.00503743 -0.00803591 0.02008859
v 0.00471994 -0.00756504 0.02020414
v 0.00475381 -0.00774470 0.02019182
v 0.00499025 -0.00714477 0.02010576
v 0.00490450 -0.00720259 0.02013697
v 0.00476967 -0.00735904 0.02018604
v 0.00464766 -0.00667722 0.02023045
v 0.00467755 -0.00686247 0.02021957
v 0.00479626 -0.00704433 0.02017637
v 0.00522509 -0.00605359 0.02002029
v 0.00492866 -0.00614922 0.02012818
v 0.00472212 -0.00637315 0.02020335
v 0.00679171 -0.00646247 0.01945008
v 0.00609334 -0.00646247 0.01970427
v 0.00609334 -0.00607786 0.01970427
v 0.00732217 -0.00607786 0.01925701
v 0.00681392 -0.00692802 0.01944200
v 0.00693852 -0.00679803 0.01939665
v 0.00715859 -0.00652830 0.01931655
v 0.00652629 -0.00725094 0.01954669
v 0.00666461 -0.00708409 0.01949634
v 0.00645476 -0.00748211 0.01957272
v 0.00647475 -0.00736111 0.01956545
v 0.00667764 -0.00774453 0.01949160
v 0.00662774 -0.00774002 0.01950976
v 0.00653983 -0.00770119 0.01954176
v 0.00648047 -0.00762363 0.01956336
v 0.00691256 -0.00743683 0.01940610
v 0.00690436 -0.00751555 0.01940908
v 0.00685877 -0.00765041 0.01942567
v 0.00679113 -0.00771639 0.01945029
v 0.00727398 -0.00747449 0.01927455
v 0.00667011 -0.00807786 0.01949434
v 0.00677099 -0.00807151 0.01945762
v 0.00703875 -0.00796897 0.01936017
v 0.00718709 -0.00780017 0.01930617
v 0.00609334 -0.00753379 0.01970427
v 0.00609821 -0.00761438 0.01970249
v 0.00618983 -0.00785362 0.01966915
v 0.00637126 -0.00801319 0.01960311
v 0.00627556 -0.00703219 0.01963795
v 0.00614300 -0.00726650 0.01968619
v 0.00667012 -0.00662231 0.01949434
v 0.00653925 -0.00675224 0.01954197
v 0.00871966 -0.00657385 0.01874837
v 0.00871484 -0.00654467 0.01875012
v 0.00860792 -0.00625269 0.01878904
v 0.00845183 -0.00610886 0.01884585
v 0.00820577 -0.00605222 0.01893541
v 0.00835824 -0.00661632 0.01887991
v 0.00815456 -0.00638555 0.01895404
v 0.00825573 -0.00641125 0.01891722
v 0.00831725 -0.00647482 0.01889483
v 0.00787183 -0.00696207 0.01905695
v 0.00789742 -0.00672202 0.01904764
v 0.00796872 -0.00649988 0.01902169
v 0.00805052 -0.00641621 0.01899191
v 0.00821631 -0.00679581 0.01893157
v 0.00802650 -0.00683769 0.01900065
v 0.00876785 -0.00742682 0.01873083
v 0.00868550 -0.00708142 0.01876080
v 0.00848824 -0.00687336 0.01883260
v 0.00817791 -0.00807786 0.01894555
v 0.00827261 -0.00807139 0.01891108
v 0.00852883 -0.00796535 0.01881782
v 0.00870049 -0.00775319 0.01875534
v 0.00753902 -0.00707706 0.01917808
v 0.00753932 -0.00710792 0.01917798
v 0.00762305 -0.00766762 0.01914750
v 0.00779319 -0.00792755 0.01908557
v 0.00790026 -0.00800733 0.01904660
v 0.00799393 -0.00608810 0.01901251
v 0.00774514 -0.00626650 0.01910306
v 0.00760629 -0.00653201 0.01915360
v 0.00793028 -0.00758066 0.01903568
v 0.00790044 -0.00741720 0.01904654
v 0.00790401 -0.00735755 0.01904524
v 0.00800294 -0.00767923 0.01900923
v 0.00811950 -0.00773952 0.01896681
v 0.00817038 -0.00774453 0.01894829
v 0.00793923 -0.00724611 0.01903242
v 0.00802250 -0.00716287 0.01900211
v 0.00815080 -0.00712914 0.01895541
v 0.00821755 -0.00713704 0.01893112
v 0.00831544 -0.00718800 0.01889549
v 0.00837907 -0.00727759 0.01887233
v 0.00840643 -0.00744364 0.01886237
v 0.00840343 -0.00750771 0.01886347
v 0.00836421 -0.00764065 0.01887774
v 0.00828919 -0.00771390 0.01890505
v 0.00803725 -0.00741720 0.01942241
v 0.00804082 -0.00735755 0.01942111
v 0.00807604 -0.00724611 0.01940829
v 0.00815931 -0.00716287 0.01937799
v 0.00828761 -0.00712914 0.01933129
v 0.00835436 -0.00713704 0.01930699
v 0.00845225 -0.00718800 0.01927137
v 0.00851587 -0.00727759 0.01924821
v 0.00854324 -0.00744364 0.01923825
v 0.00854024 -0.00750771 0.01923934
v 0.00850102 -0.00764065 0.01925362
v 0.00842600 -0.00771390 0.01928092
v 0.00830719 -0.00774453 0.01932416
v 0.00825631 -0.00773952 0.01934268
v 0.00813975 -0.00767923 0.01938511
v 0.00806709 -0.00758066 0.01941155
v 0.00929793 -0.00807786 0.01853789
v 0.00929793 -0.00607786 0.01853789
v 0.00965935 -0.00607786 0.01840634
v 0.00965935 -0.00750174 0.01840634
v 0.01011715 -0.00718042 0.01823972
v 0.00987089 -0.00731306 0.01832935
v 0.01011715 -0.00756504 0.01823972
v 0.00958782 -0.00807786 0.01843238
v 0.00961651 -0.00800560 0.01842194
v 0.00967856 -0.00789894 0.01839936
v 0.00980139 -0.00776389 0.01835465
v 0.01165921 -0.00664997 0.01767846
v 0.01165480 -0.00661710 0.01768006
v 0.01153629 -0.00629974 0.01772320
v 0.01134244 -0.00612237 0.01779375
v 0.01104404 -0.00605222 0.01790236
v 0.01134598 -0.00669324 0.01779246
v 0.01105910 -0.00638555 0.01789688
v 0.01117286 -0.00641271 0.01785547
v 0.01128563 -0.00651583 0.01781443
v 0.01076771 -0.00672890 0.01800294
v 0.01077278 -0.00664980 0.01800109
v 0.01081629 -0.00651743 0.01798525
v 0.01091469 -0.00642233 0.01794944
v 0.01103237 -0.00705222 0.01790661
v 0.01096328 -0.00704433 0.01793176
v 0.01086087 -0.00699061 0.01796903
v 0.01079592 -0.00689859 0.01799267
v 0.01129591 -0.00689837 0.01781069
v 0.01118058 -0.00700835 0.01785267
v 0.01161102 -0.00694565 0.01769600
v 0.01139417 -0.00805222 0.01777492
v 0.01047857 -0.00805222 0.01810817
v 0.01047857 -0.00766760 0.01810817
v 0.01110466 -0.00766760 0.01788030
v 0.01117845 -0.00731063 0.01785344
v 0.01094654 -0.00738555 0.01793785
v 0.01106740 -0.00736549 0.01789386
v 0.01040629 -0.00673731 0.01813448
v 0.01041133 -0.00683656 0.01813265
v 0.01049600 -0.00711048 0.01810183
v 0.01068329 -0.00731027 0.01803366
v 0.01053956 -0.00630943 0.01808598
v 0.01043949 -0.00651154 0.01812240
v 0.01076155 -0.00611431 0.01800518
v 0.01495794 0.00005000 0.01606909
v 0.01503498 0.00005000 0.01600935
v 0.01485570 0.00005000 0.01621823
v 0.01118009 0.00005000 0.01375576
v 0.01094853 0.00005000 0.01387630
v 0.00834058 0.00005000 0.01189847
v 0.01040261 0.00005000 0.01834866
v 0.01121598 0.00005000 0.01667857
v 0.01139235 0.00005000 0.01687104
v 0.01075606 0.00005000 0.01405266
v 0.01061580 0.00005000 0.01427283
v 0.00941761 0.00005000 0.01579638
v 0.01053730 0.00005000 0.01452180
v 0.01052591 0.00005000 0.01478261
v 0.01109544 0.00005000 0.01644701
v 0.00951336 0.00005000 0.01590546
v 0.01058241 0.00005000 0.01503747
v 0.00947116 0.00005000 0.01583690
v 0.00945397 0.00005000 0.01582065
v 0.01472639 0.00005000 0.01618963
v 0.00879327 0.00005000 0.01435014
v 0.00936014 0.00005000 0.01577690
v 0.00882878 0.00005000 0.01431701
v 0.00884017 0.00005000 0.01430206
v 0.00886850 0.00005000 0.01424116
v 0.01529093 0.00005000 0.01567200
v 0.01536918 0.00005000 0.01542359
v 0.01566655 0.00005000 0.01506021
v 0.01538056 0.00005000 0.01516278
v 0.01617317 0.00005000 0.01374042
v 0.01532406 0.00005000 0.01490792
v 0.01634546 0.00005000 0.01233727
v 0.01481103 0.00005000 0.01349838
v 0.01634546 0.00005000 0.01209847
v 0.01469049 0.00005000 0.01326683
v 0.01631866 0.00005000 0.01199847
v 0.01451412 0.00005000 0.01307436
v 0.00887254 0.00005000 0.01422318
v 0.00887508 0.00005000 0.01417433
v 0.00886352 0.00005000 0.01412004
v 0.00815262 0.00005000 0.01216687
v 0.01065897 0.00005000 0.01846819
v 0.01065239 0.00005000 0.01847045
v 0.01058594 0.00005000 0.01848020
v 0.01055583 0.00005000 0.01847721
v 0.01052001 0.00005000 0.01846740
v 0.01161252 0.00005000 0.01701130
v 0.01186149 0.00005000 0.01708980
v 0.01252917 0.00005000 0.01778749
v 0.01212229 0.00005000 0.01710119
v 0.01237716 0.00005000 0.01704468
v 0.00818725 0.00005000 0.01617528
v 0.00767422 0.00005000 0.01476575
v 0.00925699 0.00005000 0.01578593
v 0.00874396 0.00005000 0.01437639
v 0.00928653 0.00005000 0.01577768
v 0.00935367 0.00005000 0.01577587
v 0.01429396 0.00005000 0.01293409
v 0.01614546 0.00005000 0.01189847
v 0.01624546 0.00005000 0.01192527
v 0.01404499 0.00005000 0.01285559
v 0.01378418 0.00005000 0.01284421
v 0.01352932 0.00005000 0.01290071
v 0.01046204 0.00005000 0.01843350
v 0.01043286 0.00005000 0.01840327
v 0.00814191 0.00005000 0.01212165
v 0.00824822 0.00005000 0.01192107
v 0.00827437 0.00005000 0.01190975
v 0.00814227 0.00005000 0.01207236
v 0.00814543 0.00005000 0.01205459
v 0.00821562 0.00005000 0.01194231
v 0.00817096 0.00005000 0.01199248
v 0.01378878 0.00005000 0.01714569
v 0.00050873 0.00005000 0.01523603
v 0.00033237 0.00005000 0.01504356
v 0.00110362 0.00005000 0.01326445
v 0.00297092 0.00005000 0.01810239
v 0.00294519 0.00005000 0.01814160
v 0.00110892 0.00005000 0.01764176
v 0.00340198 0.00005000 0.02105752
v -0.00188154 0.00005000 0.01903842
v -0.00180460 0.00005000 0.01901389
v 0.00096865 0.00005000 0.01786193
v 0.00292484 0.00005000 0.01824789
v 0.00235805 0.00005000 0.01660829
v 0.00241848 0.00005000 0.01663759
v 0.00298486 0.00005000 0.01808740
v -0.00013677 0.00005000 0.01482480
v 0.00089837 0.00005000 0.01313345
v 0.00011220 0.00005000 0.01490330
v 0.00095712 0.00005000 0.01313708
v 0.00234572 0.00005000 0.01659874
v 0.00293046 0.00005000 0.01818098
v 0.00292716 0.00005000 0.01819622
v 0.00293618 0.00005000 0.01829935
v 0.00382543 0.00005000 0.02074255
v 0.00382784 0.00005000 0.02074958
v -0.01955291 0.00005000 0.01228530
v -0.00364446 0.00005000 0.01649101
v -0.00365585 0.00005000 0.01675181
v 0.00232661 0.00005000 0.01658042
v 0.00361245 0.00005000 0.01624411
v 0.00412548 0.00005000 0.01765365
v 0.00254270 0.00005000 0.01663347
v 0.00305573 0.00005000 0.01804300
v 0.00248521 0.00005000 0.01664523
v 0.00243956 0.00005000 0.01664249
v 0.00383743 0.00005000 0.02081604
v 0.00383446 0.00005038 0.02084567
v 0.00382447 0.00005000 0.02088194
v 0.00054463 0.00005000 0.01815884
v 0.00077619 0.00005000 0.01803830
v 0.00347178 0.00005000 0.02107069
v 0.00354178 0.00005000 0.02105863
v 0.00370588 0.00005000 0.02099890
v 0.00107034 0.00005000 0.01320602
v 0.00101960 0.00005000 0.01316191
v 0.00098415 0.00005000 0.01314485
v 0.00379053 0.00005148 0.02093973
v 0.00376011 0.00005000 0.02096896
v -0.00300167 0.00005000 0.01572496
v -0.00418621 0.00005000 0.01230636
v -0.00328829 0.00005000 0.01264486
v -0.00546146 0.00005000 0.01189977
v -0.00323323 0.00005000 0.01584550
v -0.00556127 0.00005000 0.01189847
v -0.00342570 0.00005000 0.01602187
v -0.01948151 0.00005000 0.01189847
v -0.00356596 0.00005000 0.01624204
v -0.00359934 0.00005000 0.01700668
v -0.00308631 0.00005000 0.01841621
v -0.00298720 0.00005000 0.01861589
v -0.00524672 0.00005000 0.01191694
v -0.00504206 0.00005000 0.01195541
v -0.00464376 0.00005000 0.01209806
v 0.00118742 0.00005000 0.01739279
v 0.00119881 0.00005000 0.01713199
v 0.00228634 0.00005000 0.01651394
v 0.00114230 0.00005000 0.01687712
v 0.00062927 0.00005000 0.01546759
v -0.00192127 0.00005000 0.01299448
v -0.00065244 0.00005000 0.01486991
v -0.00119174 0.00005000 0.01310402
v -0.00039758 0.00005000 0.01481341
v -0.00098803 0.00005000 0.01312534
v -0.00004794 0.00005000 0.01317196
v -0.00294821 0.00005000 0.01274997
v -0.00236630 0.00005000 0.01290172
v -0.01962880 0.00005000 0.01223378
v -0.01967371 0.00005000 0.01215379
v -0.01967819 0.00005000 0.01206217
v -0.01957080 0.00005000 0.01191951
v -0.01964130 0.00005000 0.01197819
v -0.02160242 0.01167767 0.01235081
v -0.02160242 0.00425000 0.01235081
v -0.02147934 0.01167767 0.01311672
v -0.02132405 0.00425000 0.01383144
v -0.02143000 0.01167767 0.01336448
v -0.02091661 0.01167767 0.01518793
v -0.02083446 0.00425000 0.01541177
v -0.02078863 0.01167767 0.01553166
v -0.02078863 0.00425000 0.01553166
v -0.02003953 0.01167767 0.01714684
v -0.02015926 0.00425000 0.01692215
v -0.01980214 0.01167767 0.01756510
v -0.01980214 0.00425000 0.01756510
v -0.01886932 0.01167767 0.01894605
v -0.01930817 0.00425000 0.01834087
v -0.01849696 0.01167767 0.01941024
v -0.01849696 0.00425000 0.01941024
v -0.01829342 0.00425000 0.01964755
v -0.01743427 0.01167767 0.02054205
v -0.01712958 0.00425000 0.02082340
v -0.01690812 0.01167767 0.02101759
v -0.01690812 0.00425000 0.02101759
v -0.01576911 0.01167767 0.02189624
v -0.01583340 0.00425000 0.02185152
v -0.01507822 0.01167767 0.02234406
v -0.01507822 0.00425000 0.02234406
v -0.01391412 0.01167767 0.02297585
v -0.01442350 0.00425000 0.02271715
v -0.01305636 0.01167767 0.02335405
v -0.00865733 0.00425000 0.02432546
v -0.00943272 0.01176641 0.02426207
v -0.00972050 0.00425000 0.02422729
v -0.01068374 0.01167767 0.02406575
v -0.01089675 0.00425000 0.02402047
v -0.01089675 0.01167767 0.02402047
v -0.01134492 0.00425000 0.02391363
v -0.01191415 0.01167767 0.02375478
v -0.01292013 0.00425000 0.02340782
v -0.01305636 0.00425000 0.02335405
v -0.00704836 0.01253377 0.02431749
v -0.00641779 0.00425000 0.02426299
v -0.00651467 0.01285379 0.02427326
v -0.00639492 0.01293590 0.02426046
v -0.00761024 0.01226612 0.02434161
v -0.00819939 0.01204886 0.02434230
v -0.00807021 0.00425000 0.02434431
v -0.00865599 0.01191912 0.02432553
v -0.00881249 0.01188174 0.02431629
v -0.00417984 0.00425000 0.02382831
v -0.00428638 0.01563584 0.02385785
v -0.00452420 0.01509294 0.02392051
v -0.00481822 0.01457558 0.02399176
v -0.00516953 0.01408496 0.02406802
v -0.00601902 0.01322253 0.02421340
v -0.00478696 0.00425000 0.02398451
v -0.00320119 0.01730000 0.02351287
v -0.00392680 0.01730000 0.02375442
v -0.00410519 0.01620290 0.02380705
v -0.00320119 0.00425000 0.02351287
v 0.00611053 0.00323836 0.01290634
v 0.00642667 0.00303927 0.01258212
v 0.00720581 0.00303939 0.01472340
v 0.00726300 0.00226390 0.01215064
v 0.00740240 0.00210088 0.01215318
v 0.00807753 0.00227097 0.01440612
v 0.00840743 0.00177879 0.01428604
v 0.00791203 0.00123450 0.01216248
v 0.00865282 0.00123354 0.01419673
v 0.00795484 0.00112277 0.01216326
v 0.00880637 0.00065149 0.01414084
v 0.00661662 0.00288800 0.01239796
v 0.00685119 0.00268164 0.01224731
v 0.00767297 0.00269539 0.01455337
v 0.00702194 0.00251711 0.01218220
v 0.00725666 0.00227087 0.01215055
v 0.00644027 0.00302893 0.01256689
v 0.00614090 0.00344779 0.01511099
v 0.00551560 0.00344758 0.01338950
v 0.00668999 0.00329271 0.01491114
v 0.00566409 0.00341206 0.01328241
v 0.00574452 0.00338853 0.01322086
v 0.00557493 0.00350000 0.01531699
v 0.00500896 0.00344779 0.01552299
v 0.00443489 0.00344779 0.01394576
v 0.00469425 0.00348495 0.01384521
v 0.00487380 0.00349767 0.01376396
v 0.00527901 0.00348455 0.01354358
v 0.00394405 0.00303939 0.01591058
v 0.00376917 0.00325503 0.01411683
v 0.00445987 0.00329271 0.01572284
v 0.00383972 0.00328202 0.01410451
v 0.00426781 0.00341245 0.01400031
v 0.00307232 0.00227097 0.01622786
v 0.00293560 0.00281222 0.01415755
v 0.00347689 0.00269539 0.01608061
v 0.00330789 0.00303922 0.01416359
v 0.00333392 0.00305327 0.01416252
v 0.00148397 0.00123583 0.01365134
v 0.00178463 0.00170307 0.01384335
v 0.00249704 0.00123354 0.01643725
v 0.00214133 0.00213249 0.01399780
v 0.00274243 0.00177879 0.01634794
v 0.00227540 0.00227001 0.01404070
v 0.00251715 0.00249228 0.01410060
v 0.00234348 0.00065149 0.01649314
v 0.00143753 0.00115039 0.01361435
v 0.00148269 0.00123354 0.01365035
v 0.00112078 0.00026220 0.01328387
v 0.00114904 0.00042071 0.01331607
v 0.00123890 0.00071678 0.01342027
v 0.01614546 0.00701472 0.01189847
v 0.00813285 0.00118692 0.01189847
v 0.00755271 0.00222093 0.01189847
v 0.00740633 0.00239327 0.01189847
v 0.00860002 0.00441943 0.01189847
v 0.00971487 0.00678090 0.01189847
v 0.00981285 0.00701472 0.01189847
v -0.01407066 0.01167874 0.01189847
v -0.01394987 0.01168197 0.01189847
v -0.01948151 0.00167200 0.01189847
v -0.00577142 0.00027491 0.01189847
v -0.00708177 0.00191720 0.01189847
v -0.01419150 0.01167767 0.01189847
v -0.01989788 0.00188853 0.01189847
v -0.02028238 0.00217959 0.01189847
v -0.02059632 0.00251282 0.01189847
v -0.02086310 0.00291317 0.01189847
v -0.02104886 0.00332950 0.01189847
v -0.02116857 0.00379651 0.01189847
v -0.02120586 0.00425000 0.01189847
v -0.02120586 0.01167767 0.01189847
v 0.01634546 0.00701472 0.01209847
v 0.01634546 0.00777177 0.01214809
v 0.01634546 0.00851587 0.01229610
v 0.01634546 0.00866184 0.01233727
v 0.01059852 0.00068872 0.01849019
v 0.00598532 0.01730000 0.02016925
v 0.00354178 0.00425000 0.02105863
v 0.01252917 0.01491823 0.01778749
v 0.00418806 0.00188043 0.02082340
v 0.00453681 0.00240073 0.02069647
v 0.00778074 0.00364480 0.01951578
v 0.00718242 0.00370000 0.01973354
v 0.00658411 0.00364480 0.01995131
v 0.00836120 0.00348086 0.01930450
v 0.00890650 0.00321307 0.01910603
v 0.00940035 0.00284941 0.01892629
v 0.00370592 0.00005286 0.02099889
v 0.00376632 0.00068872 0.02097690
v 0.00392866 0.00130403 0.02091782
v 0.00496450 0.00284941 0.02054081
v 0.00545835 0.00321307 0.02036106
v 0.00600364 0.00348086 0.02016259
v 0.00982803 0.00240073 0.01877062
v 0.01017678 0.00188043 0.01864369
v 0.01043619 0.00130403 0.01854927
v 0.01485987 0.01339860 0.01621358
v 0.01470514 0.01355849 0.01637918
v 0.01369569 0.01435794 0.01720718
v 0.01614488 0.01111594 0.01384940
v 0.01550644 0.01255711 0.01534204
v 0.01566930 0.01228001 0.01505504
v 0.01605563 0.01140404 0.01414779
v 0.01631968 0.00989571 0.01288343
v 0.01628760 0.01031111 0.01315446
v 0.01621583 0.01081232 0.01355666
v 0.01634057 0.00929860 0.01257527
v 0.00945621 0.00065149 0.01592626
v 0.01034546 0.00065149 0.01836946
v 0.00930265 0.00123354 0.01598215
v 0.01019191 0.00123354 0.01842535
v 0.00905727 0.00177879 0.01607146
v 0.00994652 0.00177879 0.01851466
v 0.00872737 0.00227097 0.01619153
v 0.00961662 0.00227097 0.01863473
v 0.00832281 0.00269539 0.01633878
v 0.00921206 0.00269539 0.01878198
v 0.00785565 0.00303939 0.01650881
v 0.00874490 0.00303939 0.01895201
v 0.00733983 0.00329271 0.01669656
v 0.00822908 0.00329271 0.01913976
v 0.00679074 0.00344779 0.01689641
v 0.00767999 0.00344779 0.01933961
v 0.00622477 0.00350000 0.01710241
v 0.00711402 0.00350000 0.01954561
v 0.00565879 0.00344779 0.01730840
v 0.00654805 0.00344779 0.01975160
v 0.00510971 0.00329271 0.01750826
v 0.00599896 0.00329271 0.01995146
v 0.00459389 0.00303939 0.01769600
v 0.00548314 0.00303939 0.02013920
v 0.00412673 0.00269539 0.01786603
v 0.00501598 0.00269539 0.02030923
v 0.00372216 0.00227097 0.01801328
v 0.00461142 0.00227097 0.02045648
v 0.00339227 0.00177879 0.01813335
v 0.00428152 0.00177879 0.02057655
v 0.00314688 0.00123354 0.01822267
v 0.00403613 0.00123354 0.02066587
v 0.00299332 0.00065149 0.01827856
v 0.00388257 0.00065149 0.02072176
v 0.00869012 0.00061426 0.01439599
v 0.00745850 0.00026680 0.01484426
v 0.00854534 0.00116305 0.01444868
v 0.00739614 0.00056846 0.01486696
v 0.00831398 0.00167714 0.01453289
v 0.00724406 0.00094907 0.01492231
v 0.00800293 0.00214120 0.01464610
v 0.00701997 0.00128698 0.01500387
v 0.00762148 0.00254136 0.01478494
v 0.00673394 0.00156700 0.01510798
v 0.00718102 0.00286571 0.01494526
v 0.00639886 0.00177653 0.01522994
v 0.00455272 0.00156700 0.01590188
v 0.00410565 0.00286571 0.01606460
v 0.00488780 0.00177653 0.01577992
v 0.00459199 0.00310455 0.01588759
v 0.00525688 0.00190614 0.01564559
v 0.00510970 0.00325077 0.01569916
v 0.00564333 0.00195000 0.01550493
v 0.00564333 0.00330000 0.01550493
v 0.00602979 0.00190614 0.01536427
v 0.00617696 0.00325077 0.01531070
v 0.00669468 0.00310455 0.01512227
v 0.00382816 0.00026680 0.01616560
v 0.00259654 0.00061426 0.01661387
v 0.00389052 0.00056846 0.01614290
v 0.00274132 0.00116305 0.01656117
v 0.00404260 0.00094907 0.01608755
v 0.00297269 0.00167714 0.01647696
v 0.00426670 0.00128698 0.01600598
v 0.00328373 0.00214120 0.01636375
v 0.00366518 0.00254136 0.01622492
v 0.00797153 0.00026680 0.01625380
v 0.00920315 0.00061426 0.01580553
v 0.00790917 0.00056846 0.01627650
v 0.00905837 0.00116305 0.01585822
v 0.00775709 0.00094907 0.01633185
v 0.00882701 0.00167714 0.01594243
v 0.00753300 0.00128698 0.01641341
v 0.00851596 0.00214120 0.01605564
v 0.00724697 0.00156700 0.01651752
v 0.00310957 0.00061426 0.01802341
v 0.00434119 0.00026680 0.01757513
v 0.00325435 0.00116305 0.01797071
v 0.00440355 0.00056846 0.01755244
v 0.00348572 0.00167714 0.01788650
v 0.00455564 0.00094907 0.01749709
v 0.00379676 0.00214120 0.01777329
v 0.00477973 0.00128698 0.01741552
v 0.00417821 0.00254136 0.01763446
v 0.00506575 0.00156700 0.01731142
v 0.00461868 0.00286571 0.01747414
v 0.00540083 0.00177653 0.01718946
v 0.00813452 0.00254136 0.01619448
v 0.00769405 0.00286571 0.01635480
v 0.00691189 0.00177653 0.01663948
v 0.00720771 0.00310455 0.01653181
v 0.00654282 0.00190614 0.01677381
v 0.00669000 0.00325077 0.01672024
v 0.00615636 0.00195000 0.01691447
v 0.00615636 0.00330000 0.01691447
v 0.00576991 0.00190614 0.01705513
v 0.00562273 0.00325077 0.01710869
v 0.00510502 0.00310455 0.01729712
v 0.00728477 0.00051015 0.01512033
v 0.00766099 0.00051015 0.01615399
v 0.00714829 0.00085173 0.01517001
v 0.00752451 0.00085173 0.01620367
v 0.00694718 0.00115498 0.01524320
v 0.00732340 0.00115498 0.01627686
v 0.00669049 0.00140628 0.01533663
v 0.00706671 0.00140628 0.01637029
v 0.00638977 0.00159432 0.01544608
v 0.00676600 0.00159432 0.01647974
v 0.00605856 0.00171064 0.01556663
v 0.00643478 0.00171064 0.01660030
v 0.00571174 0.00175000 0.01569287
v 0.00608796 0.00175000 0.01672653
v 0.00536492 0.00171064 0.01581910
v 0.00574114 0.00171064 0.01685276
v 0.00503370 0.00159432 0.01593965
v 0.00540992 0.00159432 0.01697331
v 0.00473298 0.00140628 0.01604910
v 0.00510920 0.00140628 0.01708277
v 0.00447630 0.00115498 0.01614253
v 0.00485252 0.00115498 0.01717619
v 0.00427519 0.00085173 0.01621573
v 0.00465141 0.00085173 0.01724939
v 0.00413870 0.00051015 0.01626541
v 0.00451492 0.00051015 0.01729907
v -0.00466081 0.00039716 0.01213336
v -0.00471132 0.00077432 0.01223795
v -0.00422981 0.00078857 0.01246323
v -0.00299683 0.00081728 0.01291703
v -0.00227864 0.00082919 0.01310523
v -0.00121275 0.00084072 0.01328749
v -0.00025868 0.00084503 0.01335559
v 0.00059725 0.00084414 0.01334156
v 0.00103729 0.00084194 0.01330667
v 0.00094507 0.00049417 0.01319096
v 0.00091612 0.00030798 0.01315522
v -0.00533173 0.00067673 0.01198923
v -0.00493194 0.00104209 0.01225326
v -0.00509410 0.00040471 0.01198522
v -0.00605170 0.00264171 0.01234476
v -0.00653535 0.00230153 0.01201334
v -0.00494753 0.00024624 0.01199602
v 0.00100221 0.00029512 0.01316516
v 0.00107509 0.00027882 0.01321098
v 0.00110459 0.00044749 0.01324329
v 0.00103175 0.00047373 0.01319861
v 0.00119851 0.00076308 0.01334808
v 0.00116533 0.00078644 0.01332294
v 0.00112587 0.00080817 0.01330715
v 0.00739910 0.00209824 0.01206171
v 0.00794668 0.00111982 0.01206952
v 0.00797976 0.00113175 0.01198219
v 0.00804677 0.00115590 0.01192063
v 0.00726066 0.00226180 0.01205976
v 0.00742801 0.00212133 0.01197794
v 0.00728844 0.00228687 0.01197689
v 0.00748306 0.00216530 0.01191944
v 0.00734059 0.00233394 0.01191915
v 0.00302641 0.00063288 0.01808219
v 0.00930464 0.00063288 0.01579710
v 0.00939727 0.00064650 0.01584129
v 0.00298386 0.00064650 0.01817558
v 0.00924489 0.00122410 0.01589675
v 0.00900138 0.00176517 0.01598538
v 0.00867401 0.00225358 0.01610454
v 0.00827254 0.00267475 0.01625066
v 0.00780896 0.00301612 0.01641939
v 0.00729709 0.00326750 0.01660569
v 0.00675221 0.00342139 0.01680402
v 0.00619056 0.00347321 0.01700844
v 0.00562892 0.00342139 0.01721286
v 0.00508404 0.00326750 0.01741118
v 0.00457217 0.00301612 0.01759748
v 0.00410859 0.00267475 0.01776621
v 0.00370712 0.00225358 0.01791234
v 0.00337975 0.00176517 0.01803149
v 0.00313624 0.00122410 0.01812012
v 0.00915548 0.00119830 0.01585139
v 0.00891710 0.00172797 0.01593816
v 0.00859663 0.00220608 0.01605480
v 0.00820362 0.00261838 0.01619784
v 0.00774981 0.00295255 0.01636301
v 0.00724873 0.00319863 0.01654539
v 0.00671533 0.00334928 0.01673953
v 0.00616553 0.00340000 0.01693965
v 0.00561572 0.00334928 0.01713976
v 0.00508232 0.00319863 0.01733390
v 0.00458124 0.00295255 0.01751628
v 0.00412743 0.00261838 0.01768145
v 0.00373443 0.00220608 0.01782450
v 0.00341395 0.00172797 0.01794114
v 0.00317558 0.00119830 0.01802790
v 0.00770621 0.00049037 0.01621696
v 0.00773246 0.00047305 0.01623547
v 0.00771928 0.00051797 0.01623919
v 0.00775971 0.00045329 0.01624918
v 0.00784876 0.00038105 0.01627018
v 0.00781012 0.00053931 0.01628403
v 0.00786039 0.00037094 0.01627083
v 0.00451263 0.00047318 0.01740722
v 0.00451978 0.00048784 0.01738152
v 0.00452504 0.00051797 0.01740180
v 0.00452313 0.00050418 0.01734011
v 0.00451707 0.00051000 0.01730545
v 0.00445191 0.00038848 0.01750262
v 0.00450038 0.00045313 0.01743565
v 0.00448427 0.00053931 0.01749454
v 0.00444613 0.00038147 0.01750843
v 0.00466361 0.00086477 0.01735136
v 0.00486780 0.00117267 0.01727705
v 0.00512842 0.00142782 0.01718219
v 0.00543374 0.00161873 0.01707106
v 0.00577003 0.00173683 0.01694866
v 0.00612216 0.00177679 0.01682050
v 0.00647429 0.00173683 0.01669233
v 0.00681058 0.00161873 0.01656993
v 0.00711590 0.00142782 0.01645881
v 0.00737652 0.00117267 0.01636395
v 0.00758071 0.00086477 0.01628963
v 0.00767747 0.00050578 0.01618571
v 0.00766584 0.00090040 0.01633655
v 0.00745324 0.00122098 0.01641393
v 0.00718188 0.00148664 0.01651269
v 0.00686398 0.00168543 0.01662840
v 0.00651384 0.00180839 0.01675584
v 0.00614720 0.00185000 0.01688929
v 0.00578056 0.00180839 0.01702273
v 0.00543042 0.00168543 0.01715018
v 0.00511252 0.00148664 0.01726588
v 0.00484116 0.00122098 0.01736465
v 0.00462856 0.00090040 0.01744203
v 0.00249505 0.00063288 0.01662229
v 0.00240242 0.00064650 0.01657810
v 0.00877328 0.00063288 0.01433720
v 0.00881584 0.00064650 0.01424381
v 0.00862412 0.00119830 0.01439150
v 0.00838574 0.00172797 0.01447826
v 0.00806527 0.00220608 0.01459490
v 0.00767226 0.00261838 0.01473794
v 0.00721845 0.00295255 0.01490312
v 0.00671737 0.00319863 0.01508550
v 0.00618397 0.00334928 0.01527964
v 0.00563417 0.00340000 0.01547975
v 0.00508437 0.00334928 0.01567986
v 0.00455097 0.00319863 0.01587400
v 0.00404988 0.00295255 0.01605638
v 0.00359607 0.00261838 0.01622155
v 0.00320307 0.00220608 0.01636460
v 0.00288260 0.00172797 0.01648124
v 0.00264422 0.00119830 0.01656800
v 0.00866346 0.00122410 0.01429928
v 0.00841995 0.00176517 0.01438791
v 0.00809257 0.00225358 0.01450706
v 0.00769111 0.00267475 0.01465318
v 0.00722752 0.00301612 0.01482191
v 0.00671565 0.00326750 0.01500822
v 0.00617077 0.00342139 0.01520654
v 0.00560913 0.00347321 0.01541096
v 0.00504749 0.00342139 0.01561538
v 0.00450261 0.00326750 0.01581370
v 0.00399074 0.00301612 0.01600001
v 0.00352715 0.00267475 0.01616874
v 0.00312569 0.00225358 0.01631486
v 0.00279831 0.00176517 0.01643401
v 0.00255481 0.00122410 0.01652264
v 0.00729932 0.00045313 0.01498374
v 0.00728707 0.00047318 0.01501218
v 0.00727466 0.00051797 0.01501759
v 0.00409349 0.00049037 0.01620243
v 0.00406724 0.00047305 0.01618392
v 0.00408041 0.00051797 0.01618020
v 0.00403998 0.00045329 0.01617022
v 0.00395094 0.00038105 0.01614921
v 0.00398957 0.00053931 0.01613536
v 0.00393931 0.00037094 0.01614857
v 0.00727991 0.00048784 0.01503788
v 0.00727657 0.00050418 0.01507928
v 0.00728263 0.00051000 0.01511394
v 0.00731542 0.00053931 0.01492485
v 0.00734779 0.00038848 0.01491677
v 0.00735357 0.00038147 0.01491097
v 0.00717114 0.00090040 0.01497737
v 0.00695853 0.00122098 0.01505475
v 0.00668718 0.00148664 0.01515351
v 0.00636928 0.00168543 0.01526922
v 0.00601914 0.00180839 0.01539666
v 0.00565250 0.00185000 0.01553011
v 0.00528586 0.00180839 0.01566355
v 0.00493571 0.00168543 0.01579100
v 0.00461781 0.00148664 0.01590670
v 0.00434646 0.00122098 0.01600547
v 0.00413386 0.00090040 0.01608285
v 0.00713608 0.00086477 0.01506803
v 0.00693189 0.00117267 0.01514235
v 0.00667128 0.00142782 0.01523721
v 0.00636595 0.00161873 0.01534833
v 0.00602966 0.00173683 0.01547073
v 0.00567753 0.00177679 0.01559890
v 0.00532540 0.00173683 0.01572706
v 0.00498911 0.00161873 0.01584946
v 0.00468379 0.00142782 0.01596059
v 0.00442318 0.00117267 0.01605545
v 0.00421899 0.00086477 0.01612977
v 0.00412222 0.00050578 0.01623368
v 0.01040440 0.00065648 0.01845442
v 0.01049703 0.00067010 0.01849861
v 0.01033909 0.00126878 0.01855610
v 0.01008669 0.00182961 0.01864797
v 0.00974737 0.00233585 0.01877147
v 0.00933124 0.00277240 0.01892292
v 0.00885073 0.00312623 0.01909781
v 0.00832018 0.00338679 0.01929092
v 0.00775540 0.00354630 0.01949648
v 0.00717326 0.00360000 0.01970837
v 0.00659111 0.00354630 0.01992025
v 0.00602634 0.00338679 0.02012581
v 0.00549578 0.00312623 0.02031892
v 0.00501527 0.00277240 0.02049381
v 0.00459915 0.00233585 0.02064526
v 0.00425983 0.00182961 0.02076877
v 0.00400743 0.00126878 0.02086063
v 0.00384949 0.00067010 0.02091812
v 0.01024967 0.00124298 0.01851074
v 0.01000241 0.00179241 0.01860074
v 0.00966998 0.00228835 0.01872173
v 0.00926232 0.00271602 0.01887011
v 0.00879159 0.00306266 0.01904144
v 0.00827182 0.00331792 0.01923062
v 0.00771853 0.00347418 0.01943200
v 0.00714822 0.00352679 0.01963958
v 0.00657791 0.00347418 0.01984715
v 0.00602462 0.00331792 0.02004853
v 0.00550486 0.00306266 0.02023771
v 0.00503412 0.00271602 0.02040905
v 0.00462646 0.00228835 0.02055742
v 0.00429404 0.00179241 0.02067841
v 0.00404677 0.00124298 0.02076841
v 0.00389204 0.00065648 0.02082473
v -0.00326959 0.01750000 0.02332493
v -0.00053416 0.01750000 0.02123931
v -0.00262253 0.01750000 0.02093105
v -0.00390861 0.01750000 0.02353974
v -0.00395869 0.01750000 0.02351474
v -0.00444612 0.01750000 0.02327144
v -0.00477108 0.01750000 0.02310924
v 0.00531772 0.01750000 0.02002385
v 0.00495109 0.01750000 0.02011522
v 0.00575135 0.01750000 0.01998132
v 0.00444484 0.01750000 0.02030646
v 0.00591692 0.01750000 0.01998132
v 0.00362601 0.01750000 0.02063084
v 0.00157037 0.01750000 0.02113814
v -0.00499703 0.01750000 0.02299646
v -0.00560719 0.01750000 0.02132006
v -0.00562181 0.01750000 0.02127740
v -0.00462968 0.01750000 0.02022275
v -0.00563366 0.01750000 0.02123836
v -0.00486205 0.01750000 0.02015100
v -0.00567760 0.01750000 0.02088725
v -0.00567781 0.01750000 0.02095688
v -0.00489761 0.01750000 0.02014616
v -0.00511531 0.01750000 0.02015323
v -0.00517712 0.01750000 0.02016783
v -0.00536237 0.01750000 0.02025453
v -0.00539373 0.01750000 0.02027733
v -0.00563650 0.01750000 0.02063905
v -0.00554063 0.01750000 0.02043574
v -0.00470788 0.01695346 0.01978406
v -0.00455219 0.01737792 0.02005565
v -0.00422894 0.01737886 0.02019979
v -0.00527024 0.01589596 0.01899982
v -0.00495001 0.01643623 0.01942243
v -0.00563952 0.01539204 0.01855124
v -0.00605170 0.01492697 0.01807347
v 0.00123895 0.00130018 0.01349870
v 0.00128624 0.00139047 0.01353516
v 0.00176865 0.01738356 0.02092306
v 0.00277646 0.00305505 0.01402214
v 0.00234528 0.00271752 0.01397101
v -0.00257864 0.01738246 0.02075421
v -0.00227758 0.01738292 0.02082459
v -0.00052522 0.01738444 0.02105823
v -0.00025820 0.01738450 0.02106809
v 0.00154409 0.01738379 0.02095845
v 0.00159332 0.00188413 0.01372353
v 0.00195896 0.00233769 0.01387332
v 0.00536094 0.01625439 0.01911619
v 0.00561433 0.01592094 0.01881302
v 0.00478548 0.00377473 0.01360091
v 0.00374159 0.01738012 0.02039430
v 0.00437044 0.01737846 0.02013820
v 0.00459857 0.00376188 0.01368474
v 0.00415531 0.00368650 0.01384596
v 0.00371126 0.00354976 0.01395629
v 0.00356532 0.01738054 0.02045812
v 0.00363817 0.00352140 0.01396962
v 0.00318778 0.00330909 0.01402150
v 0.00734911 0.00507893 0.01248416
v 0.00642507 0.00327278 0.01238085
v 0.00607837 0.00349574 0.01272527
v 0.00727639 0.01319040 0.01633041
v 0.00569464 0.00365609 0.01304518
v 0.00634079 0.01485058 0.01783985
v 0.00561046 0.00368130 0.01310791
v 0.00520800 0.00375944 0.01337468
v 0.00867551 0.00894033 0.01291269
v 0.00863317 0.00857189 0.01279175
v 0.00845771 0.00897071 0.01318289
v 0.00859586 0.00835990 0.01273728
v 0.00850597 0.00798241 0.01266649
v 0.00838552 0.00760680 0.01262875
v 0.00830180 0.00737906 0.01261573
v 0.00864374 0.00986314 0.01338122
v 0.00868035 0.00952911 0.01318138
v 0.00868823 0.00929649 0.01306337
v 0.00815152 0.01128882 0.01460148
v 0.00849603 0.01042702 0.01381793
v 0.00852924 0.01033488 0.01373645
v 0.00857778 0.01017461 0.01360486
v -0.00720857 0.01401522 0.01688133
v -0.00856189 0.01324578 0.01562532
v -0.01270335 0.01209875 0.01234476
v -0.01166415 0.01224510 0.01310197
v -0.01006613 0.01264743 0.01434903
v -0.02050287 0.01267767 0.01289847
v -0.02049686 0.01267767 0.01293037
v -0.01419150 0.01267767 0.01289847
v -0.01997491 0.01267767 0.01485149
v -0.01916138 0.01267767 0.01666845
v -0.01807597 0.01267767 0.01833729
v -0.01674491 0.01267767 0.01981764
v -0.01520041 0.01267767 0.02107370
v -0.01347984 0.01267767 0.02207508
v -0.01162480 0.01267767 0.02279755
v -0.01048355 0.01267767 0.02308599
v -0.01408845 0.01267857 0.01290495
v -0.00964196 0.01368255 0.01660783
v -0.01084447 0.01322961 0.01541762
v -0.00759534 0.01339108 0.02349556
v -0.00515756 0.01731001 0.02313958
v -0.00515724 0.01731453 0.02313949
v -0.00579463 0.01731453 0.02138828
v -0.00529256 0.01644870 0.02317757
v -0.00582462 0.01722969 0.02132606
v -0.00543337 0.01597614 0.02321477
v -0.00603198 0.01675148 0.02095054
v -0.00627588 0.01632374 0.02057363
v -0.00561838 0.01552373 0.02325994
v -0.00659549 0.01587814 0.02012895
v -0.00584741 0.01509260 0.02331012
v -0.00585701 0.01507662 0.02331209
v -0.00696205 0.01546402 0.01965300
v -0.00737006 0.01508354 0.01914271
v -0.00612153 0.01468375 0.02336203
v -0.00672952 0.01401570 0.02344630
v -0.00842053 0.01432375 0.01791185
v -0.00896350 0.01401254 0.01731843
v -0.00678628 0.01396506 0.02345204
v -0.00717537 0.01365777 0.02348185
v -0.00899088 0.01284773 0.02340682
v -0.00850461 0.01298700 0.02346094
v -0.00803861 0.01316804 0.02348958
v -0.01099319 0.01318393 0.01527585
v -0.01242283 0.01284865 0.01396750
v -0.00948420 0.01275162 0.02332669
v -0.01334965 0.01272669 0.01316939
v -0.01337274 0.01272456 0.01315049
v -0.01355460 0.01270832 0.01303202
v -0.01376995 0.01269209 0.01294737
v -0.01398543 0.01268125 0.01291142
v 0.01586563 0.01154546 0.01394394
v 0.01595179 0.01125736 0.01365583
v 0.00994216 0.01125736 0.01365583
v 0.00575135 0.01744142 0.01983989
v 0.00591692 0.01744142 0.01983989
v 0.00627344 0.01691647 0.01931494
v 0.01246077 0.01505965 0.01745813
v 0.00742007 0.01555319 0.01795167
v 0.00851492 0.01394095 0.01633942
v 0.01533537 0.01269853 0.01509701
v 0.00953901 0.01209428 0.01449275
v 0.01456170 0.01369991 0.01609838
v 0.01358706 0.01449936 0.01689783
v 0.01011502 0.01042854 0.01296432
v 0.01003782 0.01088808 0.01331622
v 0.00998103 0.01112292 0.01352553
v 0.01602030 0.01094327 0.01336344
v 0.01608959 0.01042478 0.01296173
v 0.01015326 0.01001487 0.01270241
v 0.01611953 0.01001474 0.01270233
v 0.01015786 0.00993181 0.01265533
v 0.01612057 0.00999505 0.01269101
v 0.01016708 0.00958380 0.01247631
v 0.01614074 0.00937735 0.01238323
v 0.01015219 0.00904807 0.01225352
v 0.01614546 0.00871864 0.01214550
v 0.01011147 0.00856746 0.01210287
v 0.01614546 0.00856763 0.01210292
v 0.01010264 0.00849043 0.01208278
v 0.01614546 0.00779788 0.01194980
v 0.01005899 0.00816811 0.01201038
v 0.00995379 0.00759157 0.01192627
v -0.01274787 0.01208314 0.01230904
v -0.01310147 0.01196009 0.01208995
v -0.01352445 0.01181749 0.01194435
v 0.00792304 0.00477634 0.01205069
v 0.00691561 0.00287161 0.01201501
v 0.00663580 0.00310946 0.01218830
v 0.00711914 0.00268281 0.01193869
v 0.00902350 0.00734215 0.01209024
v 0.00893496 0.00711104 0.01208664
v 0.00914588 0.01094335 0.01360189
v 0.00918266 0.01082629 0.01349597
v 0.00923640 0.01062274 0.01332525
v 0.00930943 0.01022717 0.01303619
v 0.00934995 0.00980264 0.01277937
v 0.00935867 0.00950664 0.01262861
v 0.00934458 0.00905273 0.01243751
v 0.00929772 0.00858204 0.01228595
v 0.00925642 0.00831063 0.01221860
v 0.00915689 0.00782608 0.01213297
v 0.00528888 0.01742334 0.01986908
v 0.00579727 0.01663271 0.01914949
v 0.00490113 0.01740569 0.01995295
v 0.00878135 0.01178474 0.01442183
v 0.00785058 0.01364129 0.01623166
v 0.00684983 0.01526215 0.01781240
v -0.02072156 0.01254370 0.01239847
v -0.02091758 0.01237813 0.01218479
v -0.02113764 0.01217767 0.01203245
v -0.02160441 0.01168673 0.01226446
v -0.02137611 0.01195087 0.01193652
v -0.02150664 0.01181067 0.01203478
v -0.02158866 0.01171235 0.01218245
v -0.02058725 0.01264101 0.01263020
v -0.00486029 0.01730979 0.02328797
v -0.00453534 0.01730955 0.02345018
v -0.00404792 0.01730920 0.02369349
v -0.00392649 0.01730911 0.02375411
v -0.00718494 0.01534463 0.01875248
v -0.00723676 0.01530683 0.01883178
v -0.00685723 0.01569613 0.01932884
v -0.00549152 0.01742033 0.02015099
v -0.00545214 0.01742077 0.02012279
v -0.00550192 0.01719873 0.01994719
v -0.00483484 0.01739953 0.01997967
v -0.00487826 0.01740228 0.01997538
v -0.00522165 0.01741802 0.02001263
v -0.00510452 0.01712904 0.01978786
v -0.00514534 0.01741554 0.01999277
v -0.00500220 0.01740925 0.01997388
v -0.00580455 0.01739506 0.02058688
v -0.00573051 0.01740707 0.02042523
v -0.00582530 0.01714940 0.02023207
v -0.00567828 0.01741219 0.02034374
v -0.00586830 0.01736067 0.02096252
v -0.00586529 0.01736878 0.02088053
v -0.00601381 0.01699034 0.02058890
v -0.00582444 0.01732540 0.02129272
v -0.00581121 0.01732024 0.02133839
v -0.00532424 0.01664099 0.01943693
v -0.00570704 0.01673861 0.01959853
v -0.00561861 0.01612826 0.01902383
v -0.00598459 0.01625326 0.01918609
v -0.00596163 0.01564739 0.01858274
v -0.00631056 0.01579633 0.01874400
v -0.00634780 0.01520126 0.01811081
v -0.00642955 0.01525491 0.01813983
v -0.00667988 0.01537095 0.01826965
v -0.00684234 0.01540705 0.01838716
v -0.00602867 0.01671132 0.01987779
v -0.00630382 0.01624897 0.01945808
v -0.00662703 0.01581355 0.01900764
v -0.00699337 0.01540818 0.01852390
v -0.00623054 0.01656409 0.02022384
v -0.00652014 0.01611614 0.01979194
v -0.01315971 0.01271069 0.01290366
v -0.01281831 0.01237898 0.01246805
v -0.01297605 0.01259050 0.01266124
v -0.01200066 0.01275646 0.01342613
v -0.01180953 0.01254155 0.01322349
v -0.01221390 0.01286323 0.01368481
v -0.01076473 0.01325521 0.01496671
v -0.00940946 0.01381766 0.01627251
v -0.00820203 0.01452440 0.01755000
v -0.01050821 0.01317824 0.01468191
v -0.01026285 0.01296477 0.01446496
v -0.00911553 0.01378018 0.01596114
v -0.00881446 0.01357704 0.01573125
v -0.00787878 0.01453426 0.01721184
v -0.00752156 0.01435117 0.01697140
v -0.01318891 0.01270652 0.01287787
v -0.01301109 0.01258301 0.01262975
v -0.01285856 0.01236742 0.01243303
v -0.01342078 0.01267376 0.01271342
v -0.01329057 0.01252348 0.01242868
v -0.01317968 0.01227563 0.01221215
v -0.01369942 0.01263802 0.01258877
v -0.01362878 0.01245524 0.01227558
v -0.01356768 0.01216869 0.01205053
v -0.01398286 0.01260893 0.01252478
v -0.01397518 0.01239318 0.01219596
v -0.01396359 0.01206739 0.01197584
v -0.01408713 0.01260432 0.01252028
v -0.01408328 0.01238802 0.01219366
v -0.01407750 0.01206286 0.01197521
v -0.01419150 0.01206035 0.01197459
v -0.01419150 0.01217767 0.01203245
v -0.01419150 0.01238478 0.01219137
v -0.01419150 0.01260155 0.01251579
v -0.01419150 0.01254370 0.01239847
v -0.02120924 0.01168302 0.01189849
v 0.00130649 0.00126811 0.01349150
v 0.00136749 0.00122871 0.01351074
v 0.00141332 0.00118753 0.01355371
v 0.00212249 0.00217132 0.01392492
v 0.00176373 0.00174211 0.01377633
v 0.00146028 0.00127340 0.01358980
v 0.00249901 0.00252942 0.01402229
v 0.00291646 0.00284636 0.01407424
v 0.00423482 0.00343684 0.01391150
v 0.00381249 0.00330885 0.01401548
v 0.00374281 0.00328236 0.01402796
v 0.00331212 0.00308409 0.01407574
v 0.00465531 0.00350834 0.01375856
v 0.00483252 0.00352112 0.01367875
v 0.00523338 0.00350923 0.01346254
v 0.00135375 0.00135671 0.01352720
v 0.00165968 0.00184058 0.01371116
v 0.00202232 0.00228403 0.01385655
v 0.00240374 0.00265427 0.01395045
v 0.00282746 0.00298216 0.01399852
v 0.00322984 0.00322813 0.01399634
v 0.00366865 0.00343316 0.01394462
v 0.00373972 0.00346052 0.01393151
v 0.00417092 0.00359249 0.01382384
v 0.00460097 0.00366562 0.01366743
v 0.00478241 0.00367835 0.01358622
v 0.00519323 0.00366466 0.01336704
v 0.00558591 0.00359048 0.01310806
v 0.00566827 0.00356639 0.01304706
v 0.00604469 0.00341241 0.01273523
v 0.00141469 0.00131572 0.01354633
v 0.00171971 0.00179055 0.01372977
v 0.00208030 0.00222505 0.01387485
v 0.00245857 0.00258719 0.01396874
v 0.00287767 0.00290732 0.01401721
v 0.00327462 0.00314708 0.01401587
v 0.00370647 0.00334675 0.01396570
v 0.00377633 0.00337340 0.01395292
v 0.00419972 0.00350206 0.01384758
v 0.00462152 0.00357378 0.01369416
v 0.00479944 0.00358653 0.01361440
v 0.00520240 0.00357429 0.01339877
v 0.00558793 0.00350332 0.01314342
v 0.00566885 0.00348014 0.01308319
v 0.00603906 0.00333133 0.01277486
v 0.00561607 0.00343911 0.01320616
v 0.00569627 0.00341619 0.01314568
v 0.00606261 0.00326907 0.01283607
v 0.00639478 0.00306239 0.01250093
v 0.00637562 0.00312217 0.01244094
v 0.00638639 0.00319700 0.01239823
v 0.00700836 0.00252785 0.01209591
v 0.00658176 0.00291567 0.01232408
v 0.00657313 0.00296888 0.01225675
v 0.00659233 0.00303775 0.01220850
v 0.00682907 0.00270016 0.01216548
v 0.00683385 0.00274404 0.01209077
v 0.00686463 0.00280502 0.01203726
v 0.00702269 0.00256437 0.01201712
v 0.00706217 0.00261959 0.01196110
v 0.00340198 0.00344069 0.02105752
v 0.00291583 0.00257969 0.02087174
v 0.00211166 0.00183929 0.02056442
v -0.01816048 0.00085000 0.01281741
v -0.01872391 0.00088746 0.01260210
v -0.00270402 0.00007674 0.01872411
v -0.00255869 0.00009433 0.01877964
v -0.00130800 0.00085000 0.01925760
v -0.01926798 0.00099989 0.01239418
v -0.01954209 0.00108844 0.01228943
v -0.01955291 0.00109242 0.01228530
v -0.00223990 0.00008675 0.01890147
v -0.00021939 0.00093678 0.01967361
v 0.00104012 0.00127517 0.02015493
v -0.01176093 0.00105000 0.02042517
v -0.01202979 0.00105000 0.02031642
v -0.01133510 0.00105000 0.02003494
v -0.01054080 0.00105000 0.01767085
v -0.00137939 0.00105000 0.01944442
v -0.01043013 0.00105000 0.01855403
v -0.00429565 0.00105000 0.02050585
v -0.01102372 0.00105000 0.01692316
v -0.01178322 0.00105000 0.01645904
v -0.01823187 0.00105000 0.01300424
v -0.01266888 0.00105000 0.01637041
v -0.01350528 0.00105000 0.01667484
v -0.01821611 0.00105000 0.01306940
v -0.01071361 0.00105000 0.01939776
v -0.00930324 0.00105000 0.02105461
v -0.01055098 0.00105000 0.02081368
v -0.00551371 0.00105000 0.02086813
v -0.00676637 0.00105000 0.02108203
v -0.00803563 0.00105000 0.02114449
v -0.01412677 0.00105000 0.01731202
v -0.01732142 0.00105000 0.01544341
v -0.01784005 0.00105000 0.01428327
v -0.01431290 0.00105000 0.01900114
v -0.01499427 0.00105000 0.01844003
v -0.01441025 0.00105000 0.01815576
v -0.01588823 0.00105000 0.01753684
v -0.01666768 0.00105000 0.01653316
v -0.00971004 0.00353793 0.02414775
v -0.01438569 0.00353793 0.02264638
v -0.01578740 0.00353793 0.02178579
v -0.01707605 0.00353793 0.02076364
v -0.01924197 0.00353793 0.01829555
v -0.02075938 0.00353793 0.01538348
v -0.00535200 0.00113023 0.02156159
v -0.01429957 0.00105008 0.01903894
v -0.01410033 0.00105831 0.01943985
v -0.01440692 0.00113023 0.01981315
v -0.01217150 0.00105092 0.02033937
v -0.01201888 0.00113023 0.02108887
v -0.01261864 0.00106121 0.02034502
v -0.01305716 0.00107274 0.02025075
v -0.01381666 0.00107053 0.01978662
v -0.01346370 0.00107669 0.02006108
v -0.01325120 0.00113023 0.02052271
v -0.01546942 0.00113023 0.01897038
v -0.01876631 0.00108526 0.01278294
v -0.01890769 0.00113023 0.01323897
v -0.01956460 0.00136690 0.01340004
v -0.01972115 0.00134100 0.01232331
v -0.01962769 0.00130656 0.01241770
v -0.01955112 0.00127816 0.01246007
v -0.01954089 0.00127442 0.01246426
v -0.01928156 0.00119107 0.01257070
v -0.02011054 0.00155118 0.01232961
v -0.02015388 0.00174814 0.01354453
v -0.02054900 0.00188382 0.01233629
v -0.02064600 0.00225483 0.01366519
v -0.02090707 0.00226465 0.01234146
v -0.02121138 0.00272220 0.01234566
v -0.02101627 0.00286157 0.01375598
v -0.02128325 0.00286153 0.01234663
v -0.02142330 0.00319800 0.01234848
v -0.02124613 0.00353793 0.01381234
v -0.02155988 0.00373173 0.01235026
v -0.00405211 0.00113023 0.02117498
v -0.00395744 0.00120662 0.02143507
v -0.00519839 0.00136690 0.02222027
v -0.00382078 0.00136690 0.02181055
v -0.00506059 0.00174814 0.02281116
v -0.00361326 0.00174814 0.02238070
v -0.00494552 0.00225483 0.02330461
v -0.00343996 0.00225483 0.02285683
v -0.00341021 0.00236909 0.02293858
v -0.00485893 0.00286157 0.02367589
v -0.01795290 0.00113023 0.01577246
v -0.01725524 0.00113023 0.01693541
v -0.01855271 0.00136690 0.01608501
v -0.01781335 0.00136690 0.01731750
v -0.01909078 0.00174814 0.01636539
v -0.01831400 0.00174814 0.01766025
v -0.01954013 0.00225483 0.01659953
v -0.01873210 0.00225483 0.01794649
v -0.01987823 0.00286157 0.01677571
v -0.01904668 0.00286157 0.01816185
v -0.02008811 0.00353793 0.01688507
v -0.01072765 0.00113023 0.02150348
v -0.00939609 0.00113023 0.02176060
v -0.01089546 0.00136690 0.02215870
v -0.00948428 0.00136690 0.02243119
v -0.01104600 0.00174814 0.02274647
v -0.00956340 0.00174814 0.02303275
v -0.01117171 0.00225483 0.02323732
v -0.00962947 0.00225483 0.02353511
v -0.01126630 0.00286157 0.02360664
v -0.00967918 0.00286157 0.02391310
v -0.01132501 0.00353793 0.02383590
v -0.00322863 0.00353793 0.02343748
v -0.00480518 0.00353793 0.02390638
v -0.00325475 0.00326115 0.02336570
v -0.00330957 0.00286157 0.02321508
v -0.01850636 0.00113023 0.01453438
v -0.01913927 0.00136690 0.01477291
v -0.01970703 0.00174814 0.01498688
v -0.02018117 0.00225483 0.01516557
v -0.02053791 0.00286157 0.01530001
v -0.01823311 0.00353793 0.01959463
v -0.01805523 0.00286157 0.01943852
v -0.01776868 0.00225483 0.01918706
v -0.01738784 0.00174814 0.01885284
v -0.01693180 0.00136690 0.01845264
v -0.01642344 0.00113023 0.01800651
v -0.01592075 0.00136690 0.01947413
v -0.01632562 0.00174814 0.01992604
v -0.01666373 0.00225483 0.02030342
v -0.01691812 0.00286157 0.02058737
v -0.01565170 0.00286157 0.02159189
v -0.01543311 0.00225483 0.02127953
v -0.01514260 0.00174814 0.02086440
v -0.01479472 0.00136690 0.02036729
v -0.01427417 0.00286157 0.02243763
v -0.01409454 0.00225483 0.02210137
v -0.01385579 0.00174814 0.02165445
v -0.01356990 0.00136690 0.02111928
v -0.01289107 0.00353793 0.02333304
v -0.01280534 0.00286157 0.02311245
v -0.01266723 0.00225483 0.02275710
v -0.01248368 0.00174814 0.02228482
v -0.01226389 0.00136690 0.02171929
v -0.00806935 0.00353793 0.02426408
v -0.00806679 0.00286157 0.02402742
v -0.00806267 0.00225483 0.02364621
v -0.00805719 0.00174814 0.02313954
v -0.00805063 0.00136690 0.02253284
v -0.00804333 0.00113023 0.02185652
v -0.00668880 0.00113023 0.02178986
v -0.00661513 0.00136690 0.02246220
v -0.00654903 0.00174814 0.02306533
v -0.00649384 0.00225483 0.02356900
v -0.00645231 0.00286157 0.02394797
v -0.00642653 0.00353793 0.02418324
v 0.00353821 0.00423962 0.02105991
v 0.00343736 0.00395625 0.02108226
v 0.00326414 0.00348830 0.02106180
v 0.00316273 0.00325124 0.02102648
v 0.00278486 0.00267794 0.02089486
v 0.00247624 0.00235787 0.02078737
v -0.00030614 0.00113167 0.01981824
v 0.00009018 0.00120492 0.01995628
v 0.00093560 0.00145016 0.02025075
v 0.00141747 0.00165470 0.02041859
v 0.00199203 0.00198110 0.02061871
v -0.01381666 0.01005000 0.01978662
v -0.01429958 0.01005000 0.01903893
v -0.01217150 0.01005000 0.02033937
v -0.01305716 0.01005000 0.02025075
v -0.01133510 0.01005000 0.02003494
v -0.01441025 0.01005000 0.01815576
v -0.01412677 0.01005000 0.01731202
v -0.01350528 0.01005000 0.01667484
v -0.01266888 0.01005000 0.01637041
v -0.01178322 0.01005000 0.01645904
v -0.01102372 0.01005000 0.01692316
v -0.01054080 0.01005000 0.01767085
v -0.01043013 0.01005000 0.01855403
v -0.01071361 0.01005000 0.01939776
v -0.01242019 0.01005000 0.01835489
v 0.00076643 0.00395000 0.01701393
v 0.00076643 0.00045000 0.01701393
v 0.00080033 0.00045000 0.01716685
v 0.00079350 0.00395000 0.01732333
v 0.00079350 0.00045000 0.01732333
v 0.00074640 0.00045000 0.01747272
v 0.00066224 0.00395000 0.01760482
v 0.00040782 0.00045000 0.01778296
v 0.00040782 0.00395000 0.01778296
v 0.00054676 0.00045000 0.01771064
v 0.00066224 0.00045000 0.01760482
v 0.00025340 0.00045000 0.01560439
v 0.00025340 0.00395000 0.01560439
v -0.00051563 0.00045000 0.01524579
v -0.00036271 0.00045000 0.01521189
v -0.00051563 0.00395000 0.01524579
v -0.00020623 0.00395000 0.01521872
v -0.00020623 0.00045000 0.01521872
v -0.00005685 0.00045000 0.01526582
v 0.00007525 0.00395000 0.01534998
v 0.00018107 0.00045000 0.01546546
v 0.00007525 0.00045000 0.01534998
v -0.00286486 0.00045000 0.01610084
v -0.00286486 0.00395000 0.01610084
v -0.00322347 0.00395000 0.01686987
v -0.00322347 0.00045000 0.01686987
v -0.00325737 0.00045000 0.01671695
v -0.00325054 0.00395000 0.01656047
v -0.00325054 0.00045000 0.01656047
v -0.00320344 0.00045000 0.01641108
v -0.00311928 0.00395000 0.01627898
v -0.00300380 0.00045000 0.01617317
v -0.00311928 0.00045000 0.01627898
v -0.00271044 0.00045000 0.01827941
v -0.00271044 0.00395000 0.01827941
v -0.00194141 0.00395000 0.01863801
v -0.00194141 0.00045000 0.01863801
v -0.00209433 0.00045000 0.01867191
v -0.00225081 0.00395000 0.01866508
v -0.00225081 0.00045000 0.01866508
v -0.00240019 0.00045000 0.01861798
v -0.00253229 0.00395000 0.01853382
v -0.00263811 0.00045000 0.01841834
v -0.00253229 0.00045000 0.01853382
v 0.01224035 0.00395000 0.01666881
v 0.01224035 0.00045000 0.01666881
v 0.01208743 0.00045000 0.01670271
v 0.01193095 0.00395000 0.01669588
v 0.01193095 0.00045000 0.01669588
v 0.01178156 0.00045000 0.01664877
v 0.01164946 0.00395000 0.01656462
v 0.01147132 0.00045000 0.01631020
v 0.01147132 0.00395000 0.01631020
v 0.01154364 0.00045000 0.01644914
v 0.01164946 0.00045000 0.01656462
v 0.01458958 0.00045000 0.01581376
v 0.01458958 0.00395000 0.01581376
v 0.01494818 0.00395000 0.01504473
v 0.01494818 0.00045000 0.01504473
v 0.01498208 0.00045000 0.01519765
v 0.01497525 0.00395000 0.01535413
v 0.01497525 0.00045000 0.01535413
v 0.01492815 0.00045000 0.01550351
v 0.01484399 0.00395000 0.01563561
v 0.01472851 0.00045000 0.01574143
v 0.01484399 0.00045000 0.01563561
v 0.01443515 0.00045000 0.01363519
v 0.01443515 0.00395000 0.01363519
v 0.01366613 0.00045000 0.01327659
v 0.01381904 0.00045000 0.01324268
v 0.01366613 0.00395000 0.01327659
v 0.01397553 0.00395000 0.01324952
v 0.01397553 0.00045000 0.01324952
v 0.01412491 0.00045000 0.01329662
v 0.01425701 0.00395000 0.01338077
v 0.01436283 0.00045000 0.01349626
v 0.01425701 0.00045000 0.01338077
v 0.01131689 0.00045000 0.01413164
v 0.01131689 0.00395000 0.01413164
v 0.01095829 0.00045000 0.01490066
v 0.01092439 0.00045000 0.01474775
v 0.01095829 0.00395000 0.01490066
v 0.01093122 0.00395000 0.01459126
v 0.01093122 0.00045000 0.01459126
v 0.01097832 0.00045000 0.01444188
v 0.01106248 0.00395000 0.01430978
v 0.01117796 0.00045000 0.01420396
v 0.01106248 0.00045000 0.01430978
v -0.00289838 0.00010359 0.01834781
v -0.00276079 0.00025000 0.01829774
v -0.00268201 0.00025000 0.01844908
v -0.00280194 0.00010359 0.01853306
v -0.00266085 0.00010359 0.01868703
v -0.00248472 0.00010359 0.01879924
v -0.00228554 0.00010359 0.01886204
v -0.00207690 0.00010359 0.01887115
v -0.00187300 0.00010359 0.01882595
v -0.00256674 0.00025000 0.01857487
v -0.00242284 0.00025000 0.01866655
v -0.00226012 0.00025000 0.01871786
v -0.00208966 0.00025000 0.01872530
v -0.00192308 0.00025000 0.01868837
v 0.00042615 0.00025000 0.01783332
v 0.00047623 0.00010359 0.01797090
v -0.00327382 0.00025000 0.01688820
v -0.00341141 0.00010359 0.01693827
v 0.00066147 0.00010359 0.01787447
v 0.00057749 0.00025000 0.01775453
v 0.00070329 0.00025000 0.01763926
v 0.00079496 0.00025000 0.01749536
v 0.00084627 0.00025000 0.01733264
v 0.00085371 0.00025000 0.01716218
v 0.00081678 0.00025000 0.01699560
v 0.00081545 0.00010359 0.01773337
v 0.00092766 0.00010359 0.01755724
v 0.00099046 0.00010359 0.01735806
v 0.00099957 0.00010359 0.01714942
v 0.00095436 0.00010359 0.01694553
v -0.00293327 0.00010359 0.01591290
v -0.00311851 0.00010359 0.01600933
v -0.00288319 0.00025000 0.01605048
v -0.00303454 0.00025000 0.01612927
v -0.00316033 0.00025000 0.01624454
v -0.00325200 0.00025000 0.01638844
v -0.00330331 0.00025000 0.01655116
v -0.00331075 0.00025000 0.01672162
v -0.00327249 0.00010359 0.01615043
v -0.00338470 0.00010359 0.01632656
v -0.00344750 0.00010359 0.01652574
v -0.00345661 0.00010359 0.01673438
v 0.00030375 0.00025000 0.01558607
v 0.00044133 0.00010359 0.01553599
v -0.00053396 0.00025000 0.01519543
v -0.00058404 0.00010359 0.01505785
v 0.00034490 0.00010359 0.01535074
v 0.00022497 0.00025000 0.01543472
v 0.00010970 0.00025000 0.01530893
v -0.00003420 0.00025000 0.01521725
v -0.00019693 0.00025000 0.01516595
v -0.00036738 0.00025000 0.01515850
v 0.00020381 0.00010359 0.01519677
v 0.00002767 0.00010359 0.01508456
v -0.00017150 0.00010359 0.01502176
v -0.00038014 0.00010359 0.01501265
v 0.01460791 0.00025000 0.01586411
v 0.01225868 0.00025000 0.01671916
v 0.01465798 0.00010359 0.01600169
v 0.01230875 0.00010359 0.01685674
v 0.01484323 0.00010359 0.01590526
v 0.01475925 0.00025000 0.01578533
v 0.01488505 0.00025000 0.01567006
v 0.01497672 0.00025000 0.01552616
v 0.01502803 0.00025000 0.01536344
v 0.01503547 0.00025000 0.01519298
v 0.01499854 0.00025000 0.01502640
v 0.01499720 0.00010359 0.01576417
v 0.01510941 0.00010359 0.01558803
v 0.01517221 0.00010359 0.01538886
v 0.01518132 0.00010359 0.01518022
v 0.01513612 0.00010359 0.01497632
v 0.01128338 0.00010359 0.01637861
v 0.01137981 0.00010359 0.01656385
v 0.01142096 0.00025000 0.01632853
v 0.01149975 0.00025000 0.01647987
v 0.01161502 0.00025000 0.01660567
v 0.01175892 0.00025000 0.01669735
v 0.01192164 0.00025000 0.01674865
v 0.01209210 0.00025000 0.01675609
v 0.01152091 0.00010359 0.01671783
v 0.01169704 0.00010359 0.01683004
v 0.01189622 0.00010359 0.01689284
v 0.01210486 0.00010359 0.01690195
v 0.01448551 0.00025000 0.01361686
v 0.01462309 0.00010359 0.01356679
v 0.01090793 0.00025000 0.01491899
v 0.01077035 0.00010359 0.01496907
v 0.01452666 0.00010359 0.01338154
v 0.01440673 0.00025000 0.01346552
v 0.01429146 0.00025000 0.01333972
v 0.01414756 0.00025000 0.01324805
v 0.01398483 0.00025000 0.01319674
v 0.01381437 0.00025000 0.01318930
v 0.01364780 0.00025000 0.01322623
v 0.01438557 0.00010359 0.01322757
v 0.01420943 0.00010359 0.01311536
v 0.01401026 0.00010359 0.01305256
v 0.01380161 0.00010359 0.01304345
v 0.01359772 0.00010359 0.01308865
v 0.01124849 0.00010359 0.01394370
v 0.01106325 0.00010359 0.01404013
v 0.01129856 0.00025000 0.01408128
v 0.01114722 0.00025000 0.01416006
v 0.01102143 0.00025000 0.01427533
v 0.01092975 0.00025000 0.01441923
v 0.01087845 0.00025000 0.01458196
v 0.01087100 0.00025000 0.01475242
v 0.01090927 0.00010359 0.01418122
v 0.01079706 0.00010359 0.01435736
v 0.01073426 0.00010359 0.01455653
v 0.01072515 0.00010359 0.01476518
v 0.00348942 0.00393789 0.02107005
v 0.00353999 0.00423897 0.02105927
v -0.01965535 0.00116966 0.01219737
v -0.01967387 0.00119468 0.01215323
v -0.01964064 0.00137102 0.01197732
v -0.01962035 0.00141390 0.01195451
v -0.01956087 0.00152770 0.01191489
v -0.01948472 0.00166997 0.01189848
v -0.01967833 0.00120693 0.01213399
v -0.01967932 0.00125770 0.01206896
v -0.01965980 0.00132532 0.01200784
v -0.01964253 0.00115919 0.01221710
v -0.01962837 0.00114882 0.01223424
v -0.01959334 0.00112259 0.01226429
v -0.01977011 0.00146399 0.01204430
v -0.01979746 0.00141956 0.01212579
v -0.02009938 0.00156888 0.01216724
v -0.01979014 0.00138278 0.01221249
v -0.01974517 0.00135116 0.01229700
v -0.01970899 0.00151892 0.01197319
v -0.01975750 0.00147713 0.01202458
v -0.02005447 0.00164012 0.01202686
v -0.01961323 0.00158711 0.01192037
v -0.01998333 0.00175297 0.01193197
v -0.02053647 0.00189773 0.01217201
v -0.02089380 0.00227525 0.01217571
v -0.02119775 0.00272968 0.01217873
v -0.02140955 0.00320283 0.01218077
v -0.02154611 0.00373401 0.01218206
v -0.02158866 0.00425000 0.01218245
v -0.02048051 0.00195980 0.01202933
v -0.02082891 0.00232708 0.01203126
v -0.02112532 0.00276939 0.01203284
v -0.02133192 0.00323010 0.01203390
v -0.02146513 0.00374742 0.01203458
v -0.02150664 0.00425000 0.01203478
v -0.02039070 0.00205943 0.01193265
v -0.02072366 0.00241113 0.01193317
v -0.02100684 0.00283436 0.01193361
v -0.02120414 0.00327497 0.01193390
v -0.02133134 0.00376957 0.01193408
v -0.02137097 0.00425000 0.01193414
v -0.00499957 0.01749997 0.02299873
v -0.00569718 0.01747558 0.02135281
v -0.00508002 0.01747125 0.02307050
v -0.00511899 0.01743019 0.02310527
v -0.00576520 0.01740827 0.02137757
v -0.00513334 0.01740586 0.02311807
v -0.00514540 0.01737673 0.02312883
v -0.00571137 0.01747648 0.02130624
v -0.00577988 0.01741147 0.02132830
v -0.00579148 0.01741433 0.02128333
v -0.00582690 0.01743324 0.02096129
v -0.00582280 0.01743744 0.02088205
v -0.00576201 0.01745076 0.02060008
v -0.00564128 0.01745920 0.02036847
v -0.00546455 0.01746314 0.02018584
v -0.00542734 0.01746336 0.02015918
v -0.00520945 0.01746203 0.02005513
v -0.00513718 0.01746082 0.02003637
v -0.00572267 0.01747729 0.02126372
v -0.00575948 0.01748255 0.02095930
v -0.00575665 0.01748370 0.02088442
v -0.00570352 0.01748729 0.02061824
v -0.00559374 0.01748952 0.02040024
v -0.00543089 0.01749056 0.02022932
v -0.00539645 0.01749062 0.02020451
v -0.00519411 0.01749027 0.02010860
v -0.00512682 0.01748995 0.02009171
v -0.00489000 0.01748824 0.02007901
v -0.00485129 0.01748788 0.02008327
v -0.00459768 0.01748497 0.02015374
v -0.00488329 0.01745433 0.02001976
v -0.00484184 0.01745297 0.02002376
v -0.00457048 0.01744213 0.02009510
v -0.00390889 0.01749998 0.02354313
v -0.00484693 0.01740560 0.02326121
v -0.00481447 0.01747482 0.02319617
v -0.00391823 0.01746813 0.02365600
v -0.00391724 0.01747476 0.02364414
v -0.00400216 0.01747472 0.02360182
v -0.00391542 0.01748464 0.02362224
v -0.00391280 0.01749430 0.02359064
v -0.00403464 0.01740527 0.02366689
v -0.00392247 0.01742584 0.02370656
v -0.00392379 0.01740535 0.02372216
v -0.00392531 0.01737154 0.02374014
v -0.00452201 0.01740547 0.02342348
v -0.00448954 0.01747478 0.02335843
v 0.00441415 0.01748504 0.02023705
v 0.00438805 0.01744240 0.02017802
v 0.00357981 0.01744346 0.02049937
v 0.00360108 0.01748533 0.02055990
v -0.00052739 0.01744543 0.02110218
v 0.00155045 0.01744510 0.02100195
v -0.00258921 0.01744443 0.02079678
v 0.00155965 0.01748577 0.02106483
v -0.00053052 0.01748586 0.02116553
v -0.00260458 0.01748559 0.02085871
v -0.00320620 0.01737516 0.02349910
v -0.00324326 0.01748458 0.02339728
v -0.00323539 0.01747321 0.02341890
v -0.00322098 0.01744072 0.02345848
v -0.00321035 0.01740000 0.02348769
v 0.00491427 0.01745601 0.01999562
v 0.00493158 0.01748868 0.02005184
v 0.00529691 0.01746459 0.01991216
v 0.00530682 0.01749094 0.01996536
v 0.00575135 0.01747321 0.01988132
v 0.00575135 0.01749318 0.01992955
v 0.00597814 0.01738920 0.02014953
v 0.00597616 0.01740000 0.02014408
v 0.00595811 0.01745967 0.02009449
v 0.00595112 0.01747321 0.02007529
v 0.00592943 0.01749662 0.02001570
v 0.00591692 0.01748478 0.01990478
v 0.00591692 0.01749122 0.01992270
v 0.00598922 0.01748604 0.01999393
v 0.00595661 0.01748196 0.01990840
v 0.00600667 0.01745108 0.02007682
v 0.00600527 0.01738440 0.02013966
v 0.01254905 0.01500216 0.01775817
v 0.01255062 0.01506868 0.01769595
v 0.01253354 0.01510398 0.01761373
v 0.01250137 0.01510075 0.01752857
v 0.01551920 0.01261478 0.01529210
v 0.01605863 0.01145494 0.01409788
v 0.01601938 0.01125785 0.01367359
v 0.01593401 0.01154770 0.01396417
v 0.01607872 0.01124102 0.01370645
v 0.01599369 0.01153165 0.01399983
v 0.01610297 0.01122666 0.01372735
v 0.01603707 0.01149936 0.01404637
v 0.01614555 0.01116544 0.01380007
v 0.01614195 0.01117710 0.01378744
v 0.01612256 0.01120891 0.01375040
v 0.01550447 0.01266382 0.01523414
v 0.01546445 0.01269691 0.01517681
v 0.01540513 0.01270908 0.01512871
v 0.01472575 0.01362435 0.01633335
v 0.01471822 0.01367891 0.01627148
v 0.01468383 0.01371281 0.01620416
v 0.01462850 0.01372023 0.01614297
v 0.01371952 0.01443300 0.01716895
v 0.01371796 0.01449368 0.01710587
v 0.01369133 0.01452836 0.01703002
v 0.01364472 0.01453038 0.01695595
v 0.01621101 0.01086792 0.01349143
v 0.01617105 0.01091328 0.01343048
v 0.01610332 0.01094004 0.01338502
v 0.01617120 0.01042025 0.01297990
v 0.01627971 0.01035796 0.01308552
v 0.01623850 0.01039660 0.01302372
v 0.01630949 0.00993573 0.01281254
v 0.01626750 0.00996901 0.01275041
v 0.01632758 0.00932944 0.01250274
v 0.01628478 0.00935537 0.01244046
v 0.01633023 0.00868358 0.01226388
v 0.01631866 0.00869024 0.01224139
v 0.01628688 0.00870200 0.01220167
v 0.01624546 0.00871103 0.01217120
v 0.01620079 0.00998996 0.01270749
v 0.01621901 0.00937223 0.01239839
v 0.01622199 0.00871432 0.01216010
v 0.01624546 0.00779438 0.01197637
v 0.01624546 0.00701472 0.01192527
v 0.01631866 0.00701472 0.01199847
v 0.01624546 0.00856070 0.01212880
v 0.01631866 0.00854175 0.01219951
v 0.01631866 0.00778482 0.01204895
v -0.01964550 0.00123495 0.01223940
v -0.01967314 0.00129888 0.01227675
v -0.01969193 0.00130931 0.01225553
v -0.01957731 0.00154798 0.01192007
v -0.01959487 0.00156790 0.01192191
v -0.01967417 0.00148733 0.01197603
v -0.01968271 0.00137823 0.01203150
v -0.01964406 0.00145166 0.01196968
v -0.01969673 0.00132270 0.01209626
v -0.01968916 0.00127984 0.01216013
v -0.01966034 0.00124546 0.01222047
v -0.01972843 0.00134161 0.01218770
v -0.01973792 0.00137914 0.01211608
v -0.01972071 0.00142599 0.01204406
v -0.01958297 0.00120274 0.01229356
v -0.01953326 0.00117651 0.01231515
v -0.01959517 0.00126809 0.01234805
v -0.01953262 0.00124306 0.01237776
v -0.01817004 0.00095000 0.01284244
v -0.01819617 0.00102321 0.01291083
v -0.01873678 0.00105379 0.01269453
v -0.01952267 0.00117270 0.01231924
v -0.01872140 0.00098207 0.01262896
v -0.01925415 0.00108799 0.01242297
v -0.01925903 0.00115675 0.01248645
v -0.01952224 0.00123933 0.01238188
v -0.00131756 0.00095000 0.01928263
v -0.00134369 0.00102321 0.01935101
v 0.00282843 0.00264992 0.02087198
v 0.00203259 0.00194369 0.02058083
v 0.00097304 0.00140972 0.02019384
v -0.00023957 0.00102577 0.01968880
v -0.00027071 0.00109572 0.01974071
v 0.00100980 0.00134817 0.02016014
v 0.00207401 0.00189459 0.02056203
v 0.00287329 0.00261627 0.02086406
v 0.00330977 0.00347416 0.02104826
v 0.00335668 0.00345796 0.02104680
v 0.00346296 0.00394716 0.02107419
v 0.03100000 0.00887684 -0.00338404
v 0.03100000 0.00824069 -0.00422448
v 0.03100000 0.00821905 -0.00476416
v 0.03100000 0.00034078 0.00634085
v 0.03100000 0.00161021 0.00614245
v 0.03100000 0.00224988 0.00634734
v 0.03100000 0.00281371 0.00569258
v 0.03100000 -0.00222337 -0.00594804
v 0.03100000 -0.00224988 -0.00634734
v 0.03100000 -0.00098052 -0.00627384
v 0.03100000 0.00691662 0.00452350
v 0.03100000 0.00649097 0.00420095
v 0.03100000 0.00709529 0.00143579
v 0.03100000 0.00594988 0.00709606
v 0.03100000 0.00602689 0.00649430
v 0.03100000 0.00654445 0.00636262
v 0.03100000 0.00606450 0.00188264
v 0.03100000 0.00596753 0.00409503
v 0.03100000 0.00556139 0.00306488
v 0.03100000 0.00544997 0.00422671
v 0.03100000 0.00483059 0.00412164
v 0.03100000 0.00504079 0.00456991
v 0.03100000 0.00390203 0.00500966
v 0.03100000 0.00482105 0.00505666
v 0.03100000 0.00483426 0.00559054
v 0.03100000 0.00507781 0.00606583
v 0.03100000 0.00550345 0.00638837
v 0.03100000 -0.00691662 -0.00452350
v 0.03100000 -0.00649097 -0.00420095
v 0.03100000 -0.00709529 -0.00143579
v 0.03100000 -0.00596753 -0.00409503
v 0.03100000 -0.00483426 -0.00559054
v 0.03100000 -0.00507781 -0.00606583
v 0.03100000 -0.00594988 -0.00709606
v 0.03100000 -0.00337519 -0.00537872
v 0.03100000 -0.00482105 -0.00505666
v 0.03100000 0.00030246 -0.00634279
v 0.03100000 -0.00209121 -0.00713144
v 0.03100000 0.00157307 -0.00615207
v 0.03100000 0.00469936 -0.00575731
v 0.03100000 0.00703668 -0.00361436
v 0.03100000 0.00662750 -0.00327116
v 0.03100000 0.00454069 -0.00497321
v 0.03100000 0.00755424 -0.00374604
v 0.03100000 0.00761360 -0.00134677
v 0.03100000 0.00631933 0.00062333
v 0.03100000 0.00709016 -0.00145270
v 0.03100000 0.00631545 -0.00066150
v 0.03100000 0.00666451 -0.00177524
v 0.03100000 0.00642097 -0.00225052
v 0.03100000 0.00605301 -0.00191925
v 0.03100000 0.00640776 -0.00278441
v 0.03100000 0.00554277 -0.00309843
v 0.03100000 0.00480560 -0.00415075
v 0.03100000 0.00387169 -0.00503315
v 0.03100000 0.00277927 -0.00570948
v 0.03100000 -0.00094260 0.00627965
v 0.03100000 0.00209121 0.00713144
v 0.03100000 -0.00469936 0.00575731
v 0.03100000 -0.00824069 0.00422448
v 0.03100000 -0.00807768 0.00364012
v 0.03100000 -0.00755424 0.00374604
v 0.03100000 -0.00454069 0.00497321
v 0.03100000 -0.00520087 0.00364328
v 0.03100000 -0.00436102 0.00461563
v 0.03100000 -0.00334263 0.00539901
v 0.03100000 -0.00218739 0.00596136
v 0.03100000 -0.00504079 -0.00456991
v 0.03100000 -0.00438882 -0.00458920
v 0.03100000 -0.00544997 -0.00422671
v 0.03100000 -0.00522278 -0.00361179
v 0.03100000 -0.00584292 -0.00248652
v 0.03100000 -0.00622385 -0.00125945
v 0.03100000 -0.00634997 0.00001918
v 0.03100000 -0.00703668 0.00361436
v 0.03100000 -0.00662750 0.00327116
v 0.03100000 -0.00640776 0.00278441
v 0.03100000 -0.00582779 0.00252178
v 0.03100000 -0.00642097 0.00225052
v 0.03100000 -0.00621613 0.00129703
v 0.03100000 -0.00666451 0.00177524
v 0.03100000 -0.00761360 0.00134677
v 0.03100000 -0.00813116 0.00147845
v 0.03100000 -0.00931127 -0.00188421
v 0.03100000 -0.00854034 0.00182165
v 0.03100000 -0.00876008 0.00230840
v 0.03100000 -0.00942875 0.00116133
v 0.03100000 -0.00912036 0.00265877
v 0.03100000 -0.00874687 0.00284229
v 0.03100000 -0.00857575 0.00408735
v 0.03100000 -0.00949294 -0.00036618
v 0.03100000 -0.00801378 0.00510189
v 0.03100000 -0.00833111 0.00456538
v 0.03100000 -0.00853619 0.00416934
v 0.03100000 -0.00850332 0.00331757
v 0.03100000 -0.00569397 0.00760452
v 0.03100000 -0.00684008 0.00659267
v 0.03100000 -0.00780904 0.00541007
v 0.03100000 0.00302386 0.00900590
v 0.03100000 0.00154005 0.00937434
v 0.03100000 -0.00063029 0.00856582
v 0.03100000 -0.00041055 0.00807908
v 0.03100000 -0.00042376 0.00754519
v 0.03100000 -0.00103946 0.00890902
v 0.03100000 0.00001636 0.00949999
v 0.03100000 -0.00155703 0.00904070
v 0.03100000 -0.00150776 0.00937959
v 0.03100000 -0.00208047 0.00893478
v 0.03100000 -0.00299283 0.00901626
v 0.03100000 -0.00250611 0.00861223
v 0.03100000 -0.00274966 0.00813695
v 0.03100000 -0.00440038 0.00841942
v 0.03100000 -0.00276287 0.00760306
v 0.03100000 -0.00254312 0.00711632
v 0.03100000 -0.00213395 0.00677312
v 0.03100000 -0.00066730 0.00706990
v 0.03100000 -0.00109295 0.00674736
v 0.03100000 -0.00161639 0.00664144
v 0.03100000 0.00442935 0.00840422
v 0.03100000 0.00572012 0.00758487
v 0.03100000 0.00623067 0.00717139
v 0.03100000 0.00686274 0.00656907
v 0.03100000 0.00695363 0.00601942
v 0.03100000 0.00782763 0.00538315
v 0.03100000 0.00717337 0.00553267
v 0.03100000 0.00858978 0.00405780
v 0.03100000 0.00716016 0.00499878
v 0.03100000 0.00912946 0.00262735
v 0.03100000 0.00943269 0.00112886
v 0.03100000 0.00807768 -0.00364012
v 0.03100000 0.00850332 -0.00331757
v 0.03100000 0.00874687 -0.00284229
v 0.03100000 0.00930473 -0.00191627
v 0.03100000 0.00813116 -0.00147845
v 0.03100000 0.00949162 -0.00039887
v 0.03100000 0.00854034 -0.00182165
v 0.03100000 0.00876008 -0.00230840
v 0.03100000 0.00734839 -0.00602089
v 0.03100000 0.00628741 -0.00712169
v 0.03100000 0.00041055 -0.00807908
v 0.03100000 0.00042376 -0.00754519
v 0.03100000 0.00066730 -0.00706990
v 0.03100000 0.00254312 -0.00711632
v 0.03100000 0.00276287 -0.00760306
v 0.03100000 0.00506359 -0.00803804
v 0.03100000 0.00274966 -0.00813695
v 0.03100000 0.00370863 -0.00874620
v 0.03100000 0.00250611 -0.00861223
v 0.03100000 0.00225761 -0.00922785
v 0.03100000 0.00208047 -0.00893478
v 0.03100000 0.00155703 -0.00904070
v 0.03100000 0.00074813 -0.00947050
v 0.03100000 0.00103946 -0.00890902
v 0.03100000 -0.00078074 -0.00946786
v 0.03100000 0.00063029 -0.00856582
v 0.03100000 -0.00228938 -0.00922002
v 0.03100000 0.00109295 -0.00674736
v 0.03100000 0.00161639 -0.00664144
v 0.03100000 0.00213395 -0.00677312
v 0.03100000 -0.00590065 -0.00744529
v 0.03100000 -0.00539969 -0.00781622
v 0.03100000 -0.00509124 -0.00802055
v 0.03100000 -0.00373873 -0.00873338
v 0.03100000 -0.00624357 -0.00716016
v 0.03100000 -0.00631190 -0.00709999
v 0.03100000 -0.00550345 -0.00638837
v 0.03100000 -0.00602689 -0.00649430
v 0.03100000 -0.00654445 -0.00636262
v 0.03100000 -0.00736908 -0.00599555
v 0.03100000 -0.00695363 -0.00601942
v 0.03100000 -0.00823541 -0.00473583
v 0.03100000 -0.00717337 -0.00553267
v 0.03100000 -0.00716016 -0.00499878
v 0.03100000 -0.00888844 -0.00335345
v 0.03100000 -0.00709016 0.00145270
v 0.02750000 -0.00960996 -0.00276563
v 0.03050000 -0.00935625 -0.00352994
v 0.03050000 -0.00980134 -0.00198338
v 0.02750000 -0.00935625 -0.00352994
v 0.02750000 -0.00904187 -0.00427136
v 0.03050000 -0.00866885 -0.00498508
v 0.02750000 -0.00866885 -0.00498508
v 0.02750000 -0.00823961 -0.00566647
v 0.03050000 -0.00775693 -0.00631111
v 0.02750000 -0.00775693 -0.00631111
v 0.02750000 -0.00722394 -0.00691482
v 0.03050000 -0.00664410 -0.00747368
v 0.02750000 -0.00664410 -0.00747368
v 0.02750000 -0.00602118 -0.00798407
v 0.03050000 -0.00535920 -0.00844269
v 0.02750000 -0.00535920 -0.00844269
v 0.02750000 -0.00466247 -0.00884655
v 0.03050000 -0.00393550 -0.00919303
v 0.02750000 -0.00393550 -0.00919303
v 0.02750000 -0.00318301 -0.00947990
v 0.03050000 -0.00240987 -0.00970528
v 0.02750000 -0.00240987 -0.00970528
v 0.02750000 -0.00162111 -0.00986773
v 0.03050000 -0.00082183 -0.00996617
v 0.02750000 -0.00082183 -0.00996617
v 0.02750000 -0.00001722 -0.00999998
v 0.03050000 0.00078750 -0.00996894
v 0.02750000 0.00078750 -0.00996894
v 0.02750000 0.00158712 -0.00987325
v 0.03050000 0.00237644 -0.00971352
v 0.02750000 0.00237644 -0.00971352
v 0.02750000 0.00315034 -0.00949080
v 0.03050000 0.00390382 -0.00920653
v 0.02750000 0.00390382 -0.00920653
v 0.02750000 0.00463198 -0.00886255
v 0.03050000 0.00533010 -0.00846109
v 0.02750000 0.00533010 -0.00846109
v 0.02750000 0.00599365 -0.00800476
v 0.03050000 0.00661833 -0.00749651
v 0.02750000 0.00661833 -0.00749651
v 0.02750000 0.00720009 -0.00693965
v 0.03050000 0.00773515 -0.00633778
v 0.02750000 0.00773515 -0.00633778
v 0.02750000 0.00822005 -0.00569481
v 0.03050000 0.00865163 -0.00501490
v 0.02750000 0.00865163 -0.00501490
v 0.02750000 0.00902711 -0.00430247
v 0.03050000 0.00934404 -0.00356214
v 0.02750000 0.00934404 -0.00356214
v 0.02750000 0.00960038 -0.00279871
v 0.03050000 0.00979445 -0.00201712
v 0.02750000 0.00979445 -0.00201712
v 0.02750000 0.00992500 -0.00122246
v 0.03050000 0.00999118 -0.00041986
v 0.02750000 0.00999118 -0.00041986
v 0.02750000 0.00999257 0.00038545
v 0.03050000 0.00992915 0.00118827
v 0.02750000 0.00992915 0.00118827
v 0.02750000 0.00980134 0.00198338
v 0.03050000 0.00960996 0.00276563
v 0.02750000 0.00960996 0.00276563
v 0.02750000 0.00935625 0.00352994
v 0.03050000 0.00904187 0.00427136
v 0.02750000 0.00904187 0.00427136
v 0.02750000 0.00866885 0.00498508
v 0.03050000 0.00823961 0.00566647
v 0.02750000 0.00823961 0.00566647
v 0.02750000 0.00775693 0.00631111
v 0.03050000 0.00722394 0.00691482
v 0.02750000 0.00722394 0.00691482
v 0.02750000 0.00664410 0.00747368
v 0.03050000 0.00602118 0.00798407
v 0.02750000 0.00602118 0.00798407
v 0.02750000 0.00535920 0.00844269
v 0.03050000 0.00466247 0.00884655
v 0.02750000 0.00466247 0.00884655
v 0.02750000 0.00393550 0.00919303
v 0.03050000 0.00318301 0.00947990
v 0.02750000 0.00318301 0.00947990
v 0.02750000 0.00240987 0.00970528
v 0.03050000 0.00162111 0.00986773
v 0.02750000 0.00162111 0.00986773
v 0.02750000 0.00082183 0.00996617
v 0.03050000 0.00001722 0.00999998
v 0.02750000 0.00001722 0.00999998
v 0.02750000 -0.00078750 0.00996894
v 0.03050000 -0.00158712 0.00987325
v 0.02750000 -0.00158712 0.00987325
v 0.02750000 -0.00237644 0.00971352
v 0.03050000 -0.00315034 0.00949080
v 0.02750000 -0.00315034 0.00949080
v 0.02750000 -0.00390382 0.00920653
v 0.03050000 -0.00463198 0.00886255
v 0.02750000 -0.00463198 0.00886255
v 0.02750000 -0.00533010 0.00846109
v 0.03050000 -0.00599365 0.00800476
v 0.02750000 -0.00599365 0.00800476
v 0.02750000 -0.00661833 0.00749651
v 0.03050000 -0.00720009 0.00693965
v 0.02750000 -0.00720009 0.00693965
v 0.02750000 -0.00773515 0.00633778
v 0.03050000 -0.00822005 0.00569481
v 0.02750000 -0.00822005 0.00569481
v 0.02750000 -0.00865163 0.00501490
v 0.03050000 -0.00902711 0.00430247
v 0.02750000 -0.00902711 0.00430247
v 0.02750000 -0.00934404 0.00356214
v 0.03050000 -0.00960038 0.00279871
v 0.02750000 -0.00960038 0.00279871
v 0.02750000 -0.00979445 0.00201712
v 0.03050000 -0.00992500 0.00122246
v 0.02750000 -0.00992500 0.00122246
v 0.02750000 -0.00999118 0.00041986
v 0.03050000 -0.00999257 -0.00038545
v 0.02750000 -0.00999257 -0.00038545
v 0.02750000 -0.00992915 -0.00118827
v 0.02750000 -0.00980134 -0.00198338
v 0.02700000 -0.00712113 -0.00354113
v 0.02700000 -0.00668362 -0.00431036
v 0.02700000 -0.00691662 -0.00452350
v 0.02700000 -0.00049386 -0.00793764
v 0.02700000 0.00039108 -0.00794337
v 0.02700000 0.00041055 -0.00807908
v 0.02700000 -0.00662727 0.00439651
v 0.02700000 -0.00707469 0.00363300
v 0.02700000 -0.00755424 0.00374604
v 0.02700000 -0.00782763 -0.00538315
v 0.02700000 -0.00695363 -0.00601942
v 0.02700000 -0.00686274 -0.00656907
v 0.02700000 -0.00654445 -0.00636262
v 0.02700000 -0.00572012 -0.00758487
v 0.02700000 -0.00602689 -0.00649430
v 0.02700000 -0.00442935 -0.00840422
v 0.02700000 -0.00550345 -0.00638837
v 0.02700000 -0.00510559 -0.00609779
v 0.02700000 0.00150776 -0.00937959
v 0.02700000 0.00208047 -0.00893478
v 0.02700000 0.00299283 -0.00901626
v 0.02700000 0.00250611 -0.00861223
v 0.02700000 0.00440038 -0.00841942
v 0.02700000 0.00274966 -0.00813695
v 0.02700000 0.00569397 -0.00760452
v 0.02700000 0.00857575 -0.00408735
v 0.02700000 0.00780904 -0.00541007
v 0.02700000 0.00755424 -0.00374604
v 0.02700000 0.00631190 0.00709999
v 0.02700000 0.00602689 0.00649430
v 0.02700000 0.00509124 0.00802055
v 0.02700000 0.00550345 0.00638837
v 0.02700000 0.00049386 0.00793764
v 0.02700000 -0.00039108 0.00794337
v 0.02700000 -0.00041055 0.00807908
v 0.02700000 -0.00887684 0.00338404
v 0.02700000 -0.00874687 0.00284229
v 0.02700000 -0.00930473 0.00191627
v 0.02700000 -0.00876008 0.00230840
v 0.02700000 -0.00949162 0.00039887
v 0.02700000 -0.00854034 0.00182165
v 0.02700000 -0.00943269 -0.00112886
v 0.02700000 -0.00813116 0.00147845
v 0.02700000 -0.00783363 0.00137267
v 0.02700000 -0.00439651 -0.00662727
v 0.02700000 -0.00349387 -0.00714443
v 0.02700000 -0.00302386 -0.00900590
v 0.02700000 -0.00253144 -0.00753935
v 0.02700000 -0.00152570 -0.00780527
v 0.02700000 -0.00154005 -0.00937434
v 0.02700000 0.00063029 -0.00856582
v 0.02700000 -0.00001636 -0.00949999
v 0.02700000 0.00103946 -0.00890902
v 0.02700000 0.00155703 -0.00904070
v 0.02700000 0.00807768 -0.00364012
v 0.02700000 0.00850332 -0.00331757
v 0.02700000 0.00912036 -0.00265877
v 0.02700000 0.00874687 -0.00284229
v 0.02700000 0.00942875 -0.00116133
v 0.02700000 0.00712113 0.00354113
v 0.02700000 0.00668362 0.00431036
v 0.02700000 0.00691662 0.00452350
v 0.02700000 -0.00074813 0.00947050
v 0.02700000 -0.00155703 0.00904070
v 0.02700000 -0.00225761 0.00922785
v 0.02700000 -0.00208047 0.00893478
v 0.02700000 -0.00370863 0.00874620
v 0.02700000 -0.00250611 0.00861223
v 0.02700000 -0.00506359 0.00803804
v 0.02700000 -0.00274966 0.00813695
v 0.02700000 -0.00628741 0.00712169
v 0.02700000 -0.00793764 0.00049386
v 0.02700000 -0.00793419 -0.00054644
v 0.02700000 -0.00912946 -0.00262735
v 0.02700000 -0.00779499 -0.00157738
v 0.02700000 -0.00752241 -0.00258134
v 0.02700000 -0.00858978 -0.00405780
v 0.02700000 -0.00716016 -0.00499878
v 0.02700000 -0.00717337 -0.00553267
v 0.02700000 0.00876008 -0.00230840
v 0.02700000 0.00854034 -0.00182165
v 0.02700000 0.00949294 0.00036618
v 0.02700000 0.00813116 -0.00147845
v 0.02700000 0.00783363 -0.00137267
v 0.02700000 0.00823541 0.00473583
v 0.02700000 0.00717337 0.00553267
v 0.02700000 0.00736908 0.00599555
v 0.02700000 0.00695363 0.00601942
v 0.02700000 0.00654445 0.00636262
v 0.02700000 -0.00276287 0.00760306
v 0.02700000 -0.00272804 0.00747046
v 0.02700000 -0.00354113 0.00712113
v 0.02700000 0.00276287 -0.00760306
v 0.02700000 0.00272804 -0.00747046
v 0.02700000 0.00354113 -0.00712113
v 0.02700000 0.00707469 -0.00363300
v 0.02700000 0.00662727 -0.00439651
v 0.02700000 0.00599671 -0.00522393
v 0.02700000 0.00684008 -0.00659267
v 0.02700000 0.00526355 -0.00596197
v 0.02700000 0.00444032 -0.00659799
v 0.02700000 0.00510559 0.00609779
v 0.02700000 0.00439651 0.00662727
v 0.02700000 0.00373873 0.00873338
v 0.02700000 0.00349387 0.00714443
v 0.02700000 0.00228938 0.00922002
v 0.02700000 0.00253144 0.00753935
v 0.02700000 0.00152570 0.00780527
v 0.02700000 0.00078074 0.00946786
v 0.02700000 -0.00063029 0.00856582
v 0.02700000 -0.00103946 0.00890902
v 0.02700000 -0.00444032 0.00659799
v 0.02700000 -0.00526355 0.00596197
v 0.02700000 -0.00734839 0.00602089
v 0.02700000 -0.00599671 0.00522393
v 0.02700000 0.00752241 0.00258134
v 0.02700000 0.00888844 0.00335345
v 0.02700000 0.00779499 0.00157738
v 0.02700000 0.00931127 0.00188421
v 0.02700000 0.00793419 0.00054644
v 0.02700000 0.00793764 -0.00049386
v 0.02700000 0.00716016 0.00499878
v 0.02700000 -0.00821905 0.00476416
v 0.02700000 -0.00807768 0.00364012
v 0.02700000 -0.00850332 0.00331757
v 0.02766748 0.00494090 0.00586405
v 0.02794839 0.00487955 0.00573151
v 0.02794671 0.00416167 0.00627327
v 0.02845750 0.00596753 0.00409503
v 0.02800967 0.00625856 0.00412347
v 0.02794671 0.00674075 0.00335198
v 0.02753119 0.00649097 0.00420095
v 0.02753119 0.00761360 -0.00134677
v 0.02800598 0.00737143 -0.00136537
v 0.02794671 0.00751365 -0.00046748
v 0.02873782 0.00687908 -0.00157522
v 0.02883460 0.00686133 -0.00134119
v 0.02845750 0.00709016 -0.00145270
v 0.02819830 0.00662750 -0.00327116
v 0.02794839 0.00672403 -0.00338342
v 0.02794671 0.00627327 -0.00416167
v 0.02710026 0.00704005 -0.00361608
v 0.02745376 0.00265685 -0.00729813
v 0.02789109 0.00254312 -0.00711632
v 0.02794671 0.00335198 -0.00674075
v 0.02745210 0.00038961 -0.00775765
v 0.02766748 -0.00494090 -0.00586405
v 0.02794839 -0.00487955 -0.00573151
v 0.02794671 -0.00416167 -0.00627327
v 0.02845750 -0.00596753 -0.00409503
v 0.02800967 -0.00625856 -0.00412347
v 0.02794671 -0.00674075 -0.00335198
v 0.02753119 -0.00649097 -0.00420095
v 0.02753119 -0.00761360 0.00134677
v 0.02800598 -0.00737143 0.00136537
v 0.02794671 -0.00751365 0.00046748
v 0.02873782 -0.00687908 0.00157522
v 0.02883460 -0.00686133 0.00134119
v 0.02845750 -0.00709016 0.00145270
v 0.02900680 -0.00638397 0.00253513
v 0.02884125 -0.00640776 0.00278441
v 0.02883460 -0.00628041 0.00307133
v 0.02819830 -0.00662750 0.00327116
v 0.02794839 -0.00672403 0.00338342
v 0.02794671 -0.00627327 0.00416167
v 0.02710026 -0.00704005 0.00361608
v 0.02745376 -0.00265685 0.00729813
v 0.02789109 -0.00254312 0.00711632
v 0.02794671 -0.00335198 0.00674075
v 0.02829531 -0.00237781 0.00693876
v 0.02883460 -0.00226916 0.00661268
v 0.02883460 -0.00311288 0.00625992
v 0.02905259 -0.00109295 0.00674736
v 0.02889356 -0.00084389 0.00689861
v 0.02883460 -0.00048035 0.00697466
v 0.02745210 -0.00038961 0.00775765
v 0.02789109 -0.00042376 0.00754519
v 0.02766667 -0.00683240 0.00348193
v 0.02965044 -0.00526812 -0.00354534
v 0.02965044 -0.00522278 -0.00361179
v 0.02907650 -0.00523381 -0.00436880
v 0.02884125 -0.00482105 -0.00505666
v 0.02900702 -0.00489624 -0.00481732
v 0.02965044 -0.00417101 -0.00478803
v 0.02909473 -0.00504079 -0.00456991
v 0.02965044 -0.00476029 -0.00420264
v 0.02965044 -0.00438882 -0.00458920
v 0.02883460 -0.00459217 -0.00527149
v 0.02854013 -0.00479844 -0.00534903
v 0.02819830 -0.00483426 -0.00559054
v 0.02710992 -0.00507781 -0.00606583
v 0.02789109 0.00042376 -0.00754519
v 0.02889385 0.00190428 -0.00668385
v 0.02905259 0.00161639 -0.00664144
v 0.02965044 0.00206105 -0.00600621
v 0.02889356 0.00084389 -0.00689861
v 0.02883460 0.00048035 -0.00697466
v 0.02905259 0.00109295 -0.00674736
v 0.02965044 0.00043630 -0.00633499
v 0.02910000 0.00134905 -0.00666484
v 0.02965044 0.00125945 -0.00622385
v 0.02965044 0.00157307 -0.00615207
v 0.02883460 0.00226916 -0.00661268
v 0.02867131 0.00213395 -0.00677312
v 0.02829531 0.00237781 -0.00693876
v 0.02766667 0.00683240 -0.00348193
v 0.02884125 0.00640776 -0.00278441
v 0.02883460 0.00628041 -0.00307133
v 0.02900680 0.00638397 -0.00253513
v 0.02965044 0.00570442 -0.00278965
v 0.02909473 0.00642097 -0.00225052
v 0.02965044 0.00601974 -0.00202121
v 0.02907649 0.00652061 -0.00199019
v 0.02965044 0.00605301 -0.00191925
v 0.02896818 0.00666451 -0.00177524
v 0.02965044 0.00623206 -0.00121818
v 0.02965044 0.00526812 0.00354534
v 0.02965044 0.00483059 0.00412164
v 0.02907650 0.00523381 0.00436880
v 0.02909473 0.00504079 0.00456991
v 0.02965044 0.00476029 0.00420264
v 0.02900702 0.00489624 0.00481732
v 0.02965044 0.00417101 0.00478803
v 0.02884125 0.00482105 0.00505666
v 0.02883460 0.00386481 0.00582579
v 0.02819830 0.00483426 0.00559054
v 0.02883460 0.00459217 0.00527149
v 0.02854013 0.00479844 0.00534903
v 0.02710992 0.00507781 0.00606583
v 0.02965044 -0.00206105 0.00600621
v 0.02965044 -0.00218739 0.00596136
v 0.02965044 -0.00282738 0.00568581
v 0.02883460 -0.00390333 0.00580006
v 0.02965044 -0.00334263 0.00539901
v 0.02965044 -0.00354534 0.00526812
v 0.02883460 -0.00462700 0.00524095
v 0.02965044 -0.00420264 0.00476029
v 0.02965044 -0.00436102 0.00461563
v 0.02883460 -0.00527149 0.00459217
v 0.02965044 -0.00478803 0.00417101
v 0.02883460 -0.00582579 0.00386481
v 0.02965044 -0.00520087 0.00364328
v 0.02965044 -0.00529149 0.00351036
v 0.02965044 -0.00570442 0.00278965
v 0.02965044 -0.00582779 0.00252178
v 0.02909473 -0.00642097 0.00225052
v 0.02965044 -0.00601974 0.00202121
v 0.02907649 -0.00652061 0.00199019
v 0.02965044 -0.00621613 0.00129703
v 0.02896818 -0.00666451 0.00177524
v 0.02965044 -0.00623206 0.00121818
v 0.02883460 -0.00697769 0.00043413
v 0.02965044 -0.00633775 0.00039432
v 0.02965044 -0.00634997 0.00001918
v 0.02883460 -0.00697466 -0.00048035
v 0.02965044 -0.00633499 -0.00043630
v 0.02883460 -0.00685229 -0.00138662
v 0.02965044 -0.00622385 -0.00125945
v 0.02883460 -0.00661268 -0.00226916
v 0.02965044 -0.00600621 -0.00206105
v 0.02883460 -0.00625992 -0.00311288
v 0.02896818 -0.00544997 -0.00422671
v 0.02883460 -0.00580006 -0.00390333
v 0.02965044 -0.00568581 -0.00282738
v 0.02965044 -0.00584292 -0.00248652
v 0.02883460 -0.00386481 -0.00582579
v 0.02965044 -0.00351036 -0.00529149
v 0.02965044 -0.00337519 -0.00537872
v 0.02883460 -0.00307133 -0.00628041
v 0.02965044 -0.00278965 -0.00570442
v 0.02883460 -0.00222530 -0.00662757
v 0.02965044 -0.00222337 -0.00594804
v 0.02965044 -0.00202121 -0.00601974
v 0.02883460 -0.00134119 -0.00686133
v 0.02965044 -0.00121818 -0.00623206
v 0.02965044 -0.00098052 -0.00627384
v 0.02883460 -0.00043413 -0.00697769
v 0.02965044 -0.00039432 -0.00633775
v 0.02965044 0.00030246 -0.00634279
v 0.02883460 0.00311288 -0.00625992
v 0.02965044 0.00277927 -0.00570948
v 0.02965044 0.00282738 -0.00568581
v 0.02883460 0.00390333 -0.00580006
v 0.02965044 0.00354534 -0.00526812
v 0.02965044 0.00387169 -0.00503315
v 0.02883460 0.00462700 -0.00524095
v 0.02965044 0.00420264 -0.00476029
v 0.02883460 0.00527149 -0.00459217
v 0.02965044 0.00478803 -0.00417101
v 0.02883460 0.00582579 -0.00386481
v 0.02965044 0.00529149 -0.00351036
v 0.02965044 0.00554277 -0.00309843
v 0.02883460 0.00697769 -0.00043413
v 0.02965044 0.00631545 -0.00066150
v 0.02965044 0.00633775 -0.00039432
v 0.02883460 0.00697466 0.00048035
v 0.02965044 0.00633499 0.00043630
v 0.02965044 0.00631933 0.00062333
v 0.02883460 0.00685229 0.00138662
v 0.02965044 0.00622385 0.00125945
v 0.02883460 0.00661268 0.00226916
v 0.02965044 0.00606450 0.00188264
v 0.02965044 0.00600621 0.00206105
v 0.02883460 0.00625992 0.00311288
v 0.02896818 0.00544997 0.00422671
v 0.02883460 0.00580006 0.00390333
v 0.02965044 0.00556139 0.00306488
v 0.02965044 0.00568581 0.00282738
v 0.02965044 0.00390203 0.00500966
v 0.02965044 0.00351036 0.00529149
v 0.02883460 0.00307133 0.00628041
v 0.02965044 0.00278965 0.00570442
v 0.02883460 0.00222530 0.00662757
v 0.02965044 0.00202121 0.00601974
v 0.02883460 0.00134119 0.00686133
v 0.02965044 0.00161021 0.00614245
v 0.02965044 0.00121818 0.00623206
v 0.02883460 0.00043413 0.00697769
v 0.02867131 -0.00213395 0.00677312
v 0.02889385 -0.00190428 0.00668385
v 0.02905259 -0.00161639 0.00664144
v 0.02965044 -0.00125945 0.00622385
v 0.02910000 -0.00134905 0.00666484
v 0.02965044 -0.00094260 0.00627965
v 0.02965044 -0.00043630 0.00633499
v 0.02965044 0.00034078 0.00634085
v 0.02965044 0.00039432 0.00633775
v 0.02853981 -0.00650072 0.00306281
v 0.02794671 -0.00567640 0.00494490
v 0.02794671 -0.00498240 0.00564351
v 0.02794671 -0.00420315 0.00624556
v 0.02873843 -0.00572481 -0.00412599
v 0.02794671 -0.00712061 -0.00244346
v 0.02794671 -0.00737862 -0.00149313
v 0.02794671 -0.00751039 -0.00051725
v 0.02867131 0.00066730 -0.00706990
v 0.02829740 0.00050765 -0.00731605
v 0.02794671 -0.00046748 -0.00751365
v 0.02794671 -0.00144421 -0.00738835
v 0.02794671 -0.00239622 -0.00713664
v 0.02794671 -0.00330724 -0.00676281
v 0.02853981 0.00650072 -0.00306281
v 0.02794671 0.00567640 -0.00494490
v 0.02794671 0.00498240 -0.00564351
v 0.02794671 0.00420315 -0.00624556
v 0.02873843 0.00572481 0.00412599
v 0.02794671 0.00712061 0.00244346
v 0.02794671 0.00737862 0.00149313
v 0.02794671 0.00751039 0.00051725
v 0.02867131 -0.00066730 0.00706990
v 0.02829740 -0.00050765 0.00731605
v 0.02794671 0.00046748 0.00751365
v 0.02794671 0.00144421 0.00738835
v 0.02794671 0.00239622 0.00713664
v 0.02794671 0.00330724 0.00676281
v 0.03243511 0.01460616 0.00586790
v 0.03248211 0.01414169 0.00531424
v 0.02854581 0.01381323 0.00612197
v 0.02664210 0.01535303 0.00856960
v 0.02671160 0.01543933 0.00863115
v 0.02861421 0.01577957 0.00829814
v 0.02633609 0.02179251 0.01236688
v 0.02552623 0.02228595 0.01277438
v 0.02661060 0.02442059 0.01264972
v 0.02595429 0.02499870 0.01290114
v 0.02517353 0.02242983 0.01293210
v 0.02525491 0.02500000 0.01315570
v 0.02931180 0.01853073 0.01002483
v 0.02787503 0.01826931 0.01038366
v 0.02787261 0.01894093 0.01074858
v 0.02985355 0.02075165 0.01080052
v 0.02767927 0.01989192 0.01125477
v 0.02764162 0.02000024 0.01131257
v 0.02944011 0.02132378 0.01112426
v 0.02737307 0.02058651 0.01163038
v 0.02919129 0.02164871 0.01130145
v 0.02686878 0.02418156 0.01254325
v 0.02813675 0.02289587 0.01194127
v 0.02636952 0.02176614 0.01234815
v 0.02679642 0.02137285 0.01208816
v 0.02732697 0.01638732 0.00927036
v 0.02768743 0.01727070 0.00981401
v 0.02779004 0.01767146 0.01004745
v 0.02409533 0.01338783 0.00700549
v 0.02444099 0.01356426 0.00715407
v 0.02474148 0.01373531 0.00729887
v 0.02579707 0.01449278 0.00792129
v 0.03242816 0.01465899 0.00592824
v 0.03219126 0.01585622 0.00717664
v 0.03048970 0.01977414 0.01020932
v 0.03079845 0.01924467 0.00986678
v 0.03153257 0.01776177 0.00880910
v 0.03176123 0.01719836 0.00836298
v 0.02735055 -0.01643340 0.00929985
v 0.02670250 -0.01542785 0.00862300
v 0.02861421 -0.01577957 0.00829814
v 0.02780411 -0.01942287 0.01100552
v 0.02788390 -0.01842751 0.01047063
v 0.02931180 -0.01853073 0.01002483
v 0.02525491 -0.02500000 0.01315570
v 0.02517353 -0.02242983 0.01293210
v 0.02595429 -0.02499870 0.01290114
v 0.02606261 -0.02198839 0.01251346
v 0.02686866 -0.02418166 0.01254330
v 0.02747642 -0.02359018 0.01227284
v 0.02624175 -0.02186395 0.01241873
v 0.02881269 -0.02211886 0.01154986
v 0.02633645 -0.02179223 0.01236668
v 0.02918951 -0.02165098 0.01130268
v 0.02695721 -0.02119116 0.01197702
v 0.02726079 -0.02077470 0.01173540
v 0.03000826 -0.02052585 0.01066839
v 0.02764172 -0.01999997 0.01131243
v 0.02767835 -0.01989469 0.01125625
v 0.03048988 -0.01977385 0.01020913
v 0.03088691 -0.01908462 0.00975987
v 0.03195635 -0.01665130 0.00790220
v 0.03157353 -0.01766567 0.00873491
v 0.03248211 -0.01414169 0.00531424
v 0.03243016 -0.01464406 0.00591124
v 0.02854581 -0.01381323 0.00612197
v 0.03230743 -0.01535929 0.00668404
v 0.03217569 -0.01591588 0.00723363
v 0.02664227 -0.01535323 0.00856974
v 0.02589841 -0.01458122 0.00799094
v 0.02490725 -0.01383724 0.00738484
v 0.02444237 -0.01356501 0.00715470
v 0.02409533 -0.01338783 0.00700549
v 0.02784065 -0.01795617 0.01020918
v 0.02779016 -0.01767205 0.01004779
v 0.02756756 -0.01692153 0.00960431
v -0.02200000 -0.00650227 -0.00259238
v -0.02200000 -0.00699960 0.00007461
v -0.02200000 -0.01100000 -0.00000000
v -0.02200000 -0.01079545 0.00722265
v -0.02200000 -0.01060649 0.00704518
v -0.02200000 0.01257667 0.01036101
v -0.02200000 0.00996018 0.00481626
v -0.02200000 0.01001164 0.00601920
v -0.02200000 0.00266154 0.00647427
v -0.02200000 0.00000000 0.00700000
v -0.02200000 -0.01046162 -0.00339919
v -0.02200000 -0.00889919 -0.00646564
v -0.02200000 -0.00550000 -0.00433013
v -0.02200000 -0.00646564 -0.00889919
v -0.02200000 -0.00550000 -0.00952628
v -0.02200000 -0.01001164 0.00601920
v -0.02200000 -0.00266154 0.00647427
v -0.02200000 -0.00492330 0.00497606
v -0.02200000 -0.00996018 0.00481626
v -0.02200000 -0.00644553 0.00273040
v -0.02200000 -0.01047625 0.00372969
v -0.02200000 -0.01086905 0.00303112
v -0.02200000 0.00699960 0.00007461
v -0.02200000 0.01100000 0.00113282
v -0.02200000 0.00644553 0.00273040
v -0.02200000 0.01101609 0.00208725
v -0.02200000 0.01101652 0.00224544
v -0.02200000 0.00550000 -0.00952628
v -0.02200000 0.00646564 -0.00889919
v -0.02200000 0.00550000 -0.00433013
v -0.02200000 0.00889919 -0.00646564
v -0.02200000 0.00650227 -0.00259238
v -0.02200000 0.01046162 -0.00339919
v -0.02200000 0.01100000 -0.00000000
v -0.02200000 -0.01101652 0.00224544
v -0.02200000 -0.01101609 0.00208725
v -0.02200000 -0.01100000 0.00113282
v -0.02200000 0.00492330 0.00497606
v -0.02200000 0.01047625 0.00372969
v -0.02200000 0.01086905 0.00303112
v -0.02200000 -0.01257667 0.01036101
v -0.02200000 -0.01211857 0.00896033
v -0.02200000 -0.01177444 0.00817720
v -0.02200000 -0.01168830 0.00804479
v -0.02200000 0.01060649 0.00704518
v -0.02200000 0.01079545 0.00722265
v -0.02200000 0.01105418 0.00741436
v -0.02200000 -0.01120131 0.00751938
v -0.02200000 -0.01105418 0.00741436
v -0.02200000 0.01211857 0.00896033
v -0.02200000 0.01177444 0.00817720
v -0.02200000 0.01120131 0.00751938
v -0.02200000 0.01168830 0.00804479
v -0.02338828 0.01100000 0.00000000
v -0.02418436 0.01104670 0.00097560
v -0.02500509 0.01195681 0.00593793
v -0.02667083 0.01181229 0.00402279
v -0.02876215 0.01327757 0.00658571
v -0.02438254 0.01199838 0.00659723
v -0.02200000 0.01311664 0.01173567
v -0.02200000 0.01288746 0.01118113
v -0.02200000 0.01267679 0.01063479
v -0.03098808 0.01597918 0.00931360
v -0.02200000 0.01561661 0.01616525
v -0.02200000 0.01473464 0.01485471
v -0.02200000 0.01398706 0.01355535
v -0.02200000 0.01348277 0.01255000
v -0.02200000 0.01332564 0.01221032
v -0.02200000 0.01632827 0.01708562
v -0.03231602 0.01853481 0.01094100
v -0.02200000 0.01853481 0.01935877
v -0.02200000 0.01911206 0.01983666
v -0.03269609 0.01950000 0.01140678
v -0.02200000 0.02119373 0.02123896
v -0.03342813 0.02193243 0.01230390
v -0.02200000 0.02193243 0.02162914
v -0.03376980 0.02360008 0.01272261
v -0.03401916 0.02550000 0.01302821
v -0.02413763 0.02550000 0.02109144
v -0.02200000 0.02461511 0.02263494
v -0.02200000 0.02552488 0.02284048
v -0.03731987 0.01979647 0.00803379
v -0.02743526 0.01169999 0.00299152
v -0.02750973 0.01168432 0.00287666
v -0.03098838 0.01183615 0.00144645
v -0.03891193 0.02550000 0.00908853
v -0.03852464 0.02362935 0.00894597
v -0.04320567 0.02309846 0.00522114
v -0.03502192 0.02550000 0.01221234
v -0.04868260 0.02535954 0.00130155
v -0.04830903 0.02550000 0.00160638
v -0.04769075 0.02202483 0.00164688
v -0.04574678 0.02550000 0.00367140
v -0.04383190 0.02550000 0.00519266
v -0.04709580 0.01897466 0.00097854
v -0.04795733 0.02077827 0.00110701
v -0.04860808 0.02241759 0.00106540
v -0.04921381 0.02430971 0.00084380
v -0.04941499 0.02507113 0.00070392
v -0.04515731 0.01582216 0.00023470
v -0.04610616 0.01724123 0.00066115
v -0.04628627 0.01883117 0.00142052
v -0.04272070 0.01295522 -0.00125155
v -0.04398281 0.01431820 -0.00042029
v -0.04452857 0.01591362 0.00063204
v -0.03854983 0.00992792 -0.00473911
v -0.03994262 0.01070880 -0.00345961
v -0.04026265 0.01138357 -0.00247552
v -0.02817205 0.01130260 0.00081676
v -0.02807101 0.01124517 0.00057776
v -0.02818591 0.01141394 0.00132350
v -0.02819993 0.01138759 0.00119852
v -0.02818369 0.01131461 0.00086876
v -0.02793244 0.01156489 0.00211409
v -0.02804962 0.01151422 0.00183250
v -0.02792705 0.01120169 0.00040982
v -0.02781343 0.01117832 0.00032632
v -0.02838620 0.01088270 -0.00160217
v -0.02746853 0.01113309 0.00018997
v -0.02734938 0.01112264 0.00016719
v -0.02678650 0.01109139 0.00015383
v -0.02595243 0.01107147 0.00030493
v -0.02540875 0.01106441 0.00047132
v -0.03343773 0.01372146 0.00417058
v -0.03805609 0.01376071 0.00171973
v -0.03572671 0.01177040 -0.00053612
v -0.04249198 0.01339559 -0.00068521
v -0.03845524 0.00988288 -0.00482998
v -0.03793486 0.00996268 -0.00466316
v -0.03397774 0.01046310 -0.00339464
v -0.03327450 0.01053357 -0.00316920
v -0.04189163 0.01957025 0.00467231
v -0.03559037 0.01642789 0.00641021
v -0.04014596 0.01640481 0.00348535
v -0.04130226 0.01168842 -0.00231893
v -0.02338828 -0.01100000 0.00000000
v -0.02418436 -0.01104670 0.00097560
v -0.02200000 -0.02552488 0.02284048
v -0.02413763 -0.02550000 0.02109144
v -0.02200000 -0.02442558 0.02258379
v -0.02200000 -0.02193243 0.02162914
v -0.03269609 -0.01950000 0.01140678
v -0.02200000 -0.02103435 0.02114783
v -0.03342813 -0.02193243 0.01230390
v -0.03376980 -0.02360008 0.01272261
v -0.03401916 -0.02550000 0.01302821
v -0.03098808 -0.01597918 0.00931360
v -0.02200000 -0.01629523 0.01704523
v -0.03231602 -0.01853481 0.01094100
v -0.02200000 -0.01853481 0.01935877
v -0.02200000 -0.01889388 0.01966101
v -0.02200000 -0.01388971 0.01337041
v -0.02200000 -0.01458196 0.01460514
v -0.02200000 -0.01561661 0.01616525
v -0.02667083 -0.01181229 0.00402279
v -0.02500509 -0.01195681 0.00593793
v -0.02876215 -0.01327757 0.00658571
v -0.02438254 -0.01199838 0.00659723
v -0.02200000 -0.01260084 0.01042798
v -0.02200000 -0.01278861 0.01092950
v -0.02200000 -0.01307268 0.01163220
v -0.02200000 -0.01332564 0.01221032
v -0.02200000 -0.01341815 0.01241200
v -0.03664094 -0.01171923 -0.00092394
v -0.03421517 -0.01043810 -0.00347075
v -0.02942781 -0.01082828 -0.00193607
v -0.02743526 -0.01169999 0.00299152
v -0.02733740 -0.01171897 0.00313715
v -0.02977147 -0.01340715 0.00607068
v -0.03845524 -0.00988288 -0.00482998
v -0.03854983 -0.00992792 -0.00473911
v -0.03994067 -0.01070755 -0.00346133
v -0.04081566 -0.01131247 -0.00271449
v -0.04130065 -0.01168712 -0.00232022
v -0.03894910 -0.01372038 0.00123933
v -0.04242157 -0.01266598 -0.00146556
v -0.04102774 -0.01634451 0.00291417
v -0.04369943 -0.01399102 -0.00059629
v -0.04307625 -0.01331526 -0.00100533
v -0.04277607 -0.01946441 0.00401938
v -0.04585613 -0.01684695 0.00055901
v -0.04489374 -0.01546241 0.00009891
v -0.04908356 -0.02385993 0.00091286
v -0.04844345 -0.02197304 0.00109084
v -0.04410935 -0.02292879 0.00450137
v -0.04776432 -0.02034389 0.00109342
v -0.04687289 -0.01855726 0.00092059
v -0.03912834 -0.02550000 0.00891637
v -0.03992392 -0.02550000 0.00828454
v -0.03951981 -0.02356392 0.00815461
v -0.04481913 -0.02550000 0.00440985
v -0.03479785 -0.02365399 0.01190672
v -0.03502192 -0.02550000 0.01221234
v -0.03506584 -0.02550000 0.01217672
v -0.02750973 -0.01168432 0.00287666
v -0.02678650 -0.01109139 0.00015383
v -0.02734938 -0.01112264 0.00016719
v -0.02746853 -0.01113309 0.00018997
v -0.02781343 -0.01117832 0.00032632
v -0.02792705 -0.01120169 0.00040982
v -0.02807101 -0.01124517 0.00057776
v -0.02817205 -0.01130260 0.00081676
v -0.03199613 -0.01184929 0.00102886
v -0.02818369 -0.01131461 0.00086876
v -0.02819993 -0.01138759 0.00119852
v -0.02818591 -0.01141394 0.00132350
v -0.02804962 -0.01151422 0.00183250
v -0.02793244 -0.01156489 0.00211409
v -0.03441844 -0.01376362 0.00365514
v -0.02595243 -0.01107147 0.00030493
v -0.02447213 -0.01099451 -0.00034745
v -0.02540875 -0.01106441 0.00047132
v -0.03369379 -0.01960809 0.01068154
v -0.03198061 -0.01611558 0.00869240
v -0.03655703 -0.01646243 0.00579346
v -0.03829034 -0.01979230 0.00732225
v -0.04830903 -0.02550000 0.00160638
v -0.04941499 -0.02507113 0.00070392
v 0.00957505 0.00523641 0.01992688
v 0.00916891 0.00553109 0.02007470
v 0.00889529 0.00553109 0.01932295
v 0.00423552 0.00250000 0.02187031
v 0.00396190 0.00250000 0.02111855
v 0.00456122 0.00401859 0.02175176
v 0.00440254 0.00425000 0.02095818
v 0.00467615 0.00425000 0.02170993
v 0.00547383 0.00523641 0.02141960
v 0.00560636 0.00553109 0.02052002
v 0.00587998 0.00553109 0.02127177
v 0.00679259 0.00591225 0.02093961
v 0.00725083 0.00600000 0.01992148
v 0.00752444 0.00600000 0.02067324
v 0.00825630 0.00591225 0.02040686
v 0.01037274 0.00425000 0.01963654
v 0.01009912 0.00425000 0.01888479
v 0.01048766 0.00401859 0.01959471
v 0.01053975 0.00250000 0.01872441
v 0.01081337 0.00250000 0.01947617
v 0.00396190 -0.00250000 0.02111855
v 0.00423552 -0.00250000 0.02187031
v 0.00547383 -0.00523641 0.02141960
v 0.00587998 -0.00553109 0.02127177
v 0.00560636 -0.00553109 0.02052002
v 0.01081337 -0.00250000 0.01947617
v 0.01053975 -0.00250000 0.01872441
v 0.01048766 -0.00401859 0.01959471
v 0.01009912 -0.00425000 0.01888479
v 0.01037274 -0.00425000 0.01963654
v 0.00957505 -0.00523641 0.01992688
v 0.00889529 -0.00553109 0.01932295
v 0.00916891 -0.00553109 0.02007470
v 0.00825630 -0.00591225 0.02040686
v 0.00725083 -0.00600000 0.01992148
v 0.00752444 -0.00600000 0.02067324
v 0.00679259 -0.00591225 0.02093961
v 0.00467615 -0.00425000 0.02170993
v 0.00440254 -0.00425000 0.02095818
v 0.00456122 -0.00401859 0.02175176
v 0.02645416 -0.02005924 0.01697592
v 0.02707545 -0.01971383 0.01674979
v 0.02740002 -0.01905267 0.01663165
v 0.02740002 0.01905267 0.01663165
v 0.02707545 0.01971383 0.01674979
v 0.02645416 0.02005924 0.01697592
v -0.00935315 -0.02005924 0.03000871
v -0.01029902 -0.01905267 0.03035298
v -0.01302844 -0.01971383 0.03134641
v -0.01064523 -0.01767767 0.03047899
v -0.00547692 -0.01767767 0.02859788
v -0.00267154 -0.01477778 0.02757680
v -0.00582313 -0.01630267 0.02872389
v -0.00287563 -0.01453361 0.02765109
v -0.00676899 -0.01529610 0.02906816
v -0.00301476 -0.01411128 0.02770173
v 0.00855050 -0.01971383 0.02349232
v 0.00910391 -0.01899087 0.02329089
v 0.00490042 -0.01859871 0.02482084
v -0.00296685 -0.01366667 0.02768429
v -0.00289470 -0.01350000 0.02765803
v -0.00806107 -0.01492767 0.02953844
v -0.00986364 -0.01350000 0.03019451
v -0.00935315 -0.01529610 0.03000871
v -0.01104164 -0.01326779 0.03062327
v -0.01029902 -0.01630267 0.03035298
v -0.01206334 -0.01260198 0.03099514
v -0.01279316 -0.01159091 0.03126077
v 0.01327650 -0.01832229 0.02177219
v 0.02516208 -0.01492767 0.01744620
v 0.02707545 -0.00896383 0.01674979
v 0.02387000 -0.01529610 0.01791647
v 0.02336407 -0.01060602 0.01810062
v 0.02292414 -0.01630267 0.01826074
v 0.02061142 -0.01400941 0.01910250
v 0.02257792 -0.01767767 0.01838675
v 0.02707545 0.00896383 0.01674979
v 0.02336407 0.01060602 0.01810062
v 0.02528930 0.00661023 0.01739989
v 0.02627957 0.00224521 0.01703946
v 0.02627957 -0.00224521 0.01703946
v 0.02528930 -0.00661023 0.01739989
v -0.01064523 0.01767767 0.03047899
v -0.01029902 0.01905267 0.03035298
v -0.01302844 0.01971383 0.03134641
v 0.00855050 0.01971383 0.02349232
v -0.00676899 0.02005924 0.02906816
v -0.00582313 0.01905267 0.02872389
v -0.01029902 0.01630267 0.03035298
v -0.00547692 0.01767767 0.02859788
v 0.00090080 0.01716770 0.02627658
v 0.00490042 0.01859871 0.02482084
v 0.00910391 0.01899087 0.02329089
v 0.01327650 0.01832229 0.02177219
v -0.00289470 0.01350000 0.02765803
v -0.00676899 0.01529610 0.02906816
v -0.00986364 0.01350000 0.03019451
v -0.00806107 0.01492767 0.02953844
v -0.01104164 0.01326779 0.03062327
v -0.01279316 0.01159091 0.03126077
v -0.01206334 0.01260198 0.03099514
v -0.00935315 0.01529610 0.03000871
v -0.00296685 0.01366667 0.02768429
v -0.00301476 0.01411128 0.02770173
v -0.00582313 0.01630267 0.02872389
v -0.00287563 0.01453361 0.02765109
v -0.00267154 0.01477778 0.02757680
v -0.02098569 0.00896383 0.03424261
v -0.01445771 0.00712343 0.03186662
v -0.02098569 0.01971383 0.03424261
v -0.02098569 -0.00896383 0.03424261
v -0.01530503 -0.00240292 0.03217502
v -0.01530503 0.00240292 0.03217502
v -0.02098569 -0.01971383 0.03424261
v -0.01445771 -0.00712343 0.03186662
v 0.02848499 0.01971383 0.01623676
v 0.02774623 0.01767767 0.01650564
v 0.02848499 0.00896383 0.01623676
v 0.02740002 0.01630267 0.01663165
v 0.02311861 0.02684502 0.01818996
v 0.01808185 0.02929366 0.02002319
v 0.01270068 0.03068378 0.02198178
v 0.00716954 0.03096515 0.02399495
v 0.02762895 0.02342635 0.01654833
v 0.02516208 0.02042767 0.01744620
v 0.02387000 0.02005924 0.01791647
v 0.02292414 0.01905267 0.01826074
v 0.02257792 0.01767767 0.01838675
v 0.01718511 0.01663030 0.02034958
v 0.02292414 0.01630267 0.01826074
v 0.02061142 0.01400941 0.01910250
v 0.02387000 0.01529610 0.01791647
v 0.02516208 0.01492767 0.01744620
v 0.02645416 0.01529610 0.01697592
v -0.00354497 -0.02820139 0.02789471
v 0.00168830 -0.03012759 0.02598995
v -0.00676899 -0.02005924 0.02906816
v -0.00806107 -0.02042767 0.02953844
v -0.00824339 -0.02630275 0.02960479
v -0.01391841 -0.02493915 0.03167033
v -0.01883264 -0.02450695 0.03345897
v -0.00582313 -0.01905267 0.02872389
v 0.00090080 -0.01716770 0.02627658
v -0.00935315 0.02005924 0.03000871
v -0.00824339 0.02630275 0.02960479
v -0.01391841 0.02493915 0.03167033
v 0.00168830 0.03012759 0.02598995
v -0.00354497 0.02820139 0.02789471
v -0.00806107 0.02042767 0.02953844
v 0.02645416 -0.01529610 0.01697592
v 0.02740002 -0.01630267 0.01663165
v 0.02848499 -0.00896383 0.01623676
v 0.02774623 -0.01767767 0.01650564
v 0.02848499 -0.01971383 0.01623676
v 0.00716954 -0.03096515 0.02399495
v 0.01270068 -0.03068378 0.02198178
v 0.01808185 -0.02929366 0.02002319
v 0.02762895 -0.02342635 0.01654833
v 0.02311861 -0.02684502 0.01818996
v 0.02516208 -0.02042767 0.01744620
v 0.02387000 -0.02005924 0.01791647
v 0.01718511 -0.01663030 0.02034958
v 0.02292414 -0.01905267 0.01826074
v -0.02029856 0.02395714 0.03399251
v -0.02079803 0.02331156 0.03417431
v -0.01960854 0.02436144 0.03374137
v -0.02098569 0.02250123 0.03424261
v -0.01883264 0.02450695 0.03345897
v 0.03144990 0.01916116 0.01515762
v 0.03444339 0.01420360 0.01406808
v 0.03063328 -0.00259808 0.01545484
v 0.02960142 -0.00150000 0.01583041
v 0.02922374 -0.00000000 0.01596787
v 0.02960142 0.00150000 0.01583041
v 0.03063328 0.00259808 0.01545484
v 0.03204282 0.00300000 0.01494181
v 0.03650124 0.00873279 0.01331908
v 0.03345236 0.00259808 0.01442878
v 0.03754910 0.00294642 0.01293769
v 0.03448421 0.00150000 0.01405322
v 0.03754910 -0.00294642 0.01293769
v 0.03486190 -0.00000000 0.01391575
v 0.03448421 -0.00150000 0.01405322
v 0.03650124 -0.00873279 0.01331908
v 0.03345236 -0.00259808 0.01442878
v 0.03444339 -0.01420360 0.01406808
v 0.03204282 -0.00300000 0.01494181
v 0.03144990 -0.01916116 0.01515762
v -0.02098569 -0.02250123 0.03424261
v -0.02079661 -0.02331449 0.03417379
v -0.02029452 -0.02396062 0.03399105
v -0.01960530 -0.02436263 0.03374019
v -0.02275000 -0.00550000 -0.00952628
v -0.02345711 -0.00520711 -0.00968948
v -0.02313268 -0.00542388 -0.00956983
v -0.04789966 -0.00646564 -0.00889919
v -0.02367388 -0.00488268 -0.00985695
v -0.02375000 -0.00450000 -0.01003743
v -0.04542175 -0.00499390 -0.00980107
v -0.02375000 -0.00339919 -0.01046162
v -0.04360690 -0.00339919 -0.01046162
v -0.04249981 -0.00172078 -0.01086457
v -0.02375000 -0.00000000 -0.01100000
v -0.04212772 0.00000000 -0.01100000
v -0.02375000 0.00339919 -0.01046162
v -0.02275000 0.00550000 -0.00952628
v -0.02313268 0.00542388 -0.00956983
v -0.04789966 0.00646564 -0.00889919
v -0.02345711 0.00520711 -0.00968948
v -0.02367388 0.00488268 -0.00985695
v -0.02375000 0.00450000 -0.01003743
v -0.04249981 0.00172078 -0.01086457
v -0.04360690 0.00339919 -0.01046162
v -0.04542175 0.00499390 -0.00980107
v -0.04160654 0.00900917 -0.00631149
v -0.04038162 0.00933900 -0.00581232
v -0.03927369 0.00964830 -0.00528303
v -0.04967342 0.00727174 -0.00825359
v -0.04937779 0.00731849 -0.00821217
v -0.04514460 0.00814161 -0.00739691
v -0.04653421 0.00784210 -0.00771371
v -0.04794865 0.00756558 -0.00798511
v -0.04378984 0.00845735 -0.00703373
v -0.04294680 0.00866452 -0.00677687
v -0.04204187 0.00889527 -0.00647102
v -0.04378984 -0.00845735 -0.00703373
v -0.04514460 -0.00814161 -0.00739691
v -0.04653421 -0.00784210 -0.00771371
v -0.04794865 -0.00756558 -0.00798511
v -0.04937779 -0.00731849 -0.00821217
v -0.04967342 -0.00727174 -0.00825359
v -0.03927369 -0.00964830 -0.00528303
v -0.04038162 -0.00933900 -0.00581232
v -0.04160654 -0.00900917 -0.00631149
v -0.04204187 -0.00889527 -0.00647102
v -0.04294680 -0.00866452 -0.00677687
v 0.02016816 0.00646564 -0.00889919
v 0.01751180 0.00546512 -0.00954633
v 0.01650000 0.00646564 -0.00889919
v 0.01725000 0.00550000 -0.00952628
v 0.01650000 0.00550000 -0.00952628
v 0.02016816 0.00166023 -0.01087399
v 0.01825000 -0.00000000 -0.01100000
v 0.02016816 0.00328241 -0.01049885
v 0.01825000 0.00339919 -0.01046162
v 0.02016816 0.00482940 -0.00988316
v 0.01825000 0.00450000 -0.01003743
v 0.02016816 0.00626574 -0.00904105
v 0.01811603 0.00500000 -0.00979796
v 0.01775000 0.00536603 -0.00960238
v 0.01650000 -0.00646564 -0.00889919
v 0.01650000 -0.00550000 -0.00952628
v 0.01725000 -0.00550000 -0.00952628
v 0.02016816 -0.00646564 -0.00889919
v 0.02016816 -0.00000000 -0.01100000
v 0.02016816 -0.00166023 -0.01087399
v 0.01825000 -0.00339919 -0.01046162
v 0.02016816 -0.00328241 -0.01049885
v 0.01825000 -0.00450000 -0.01003743
v 0.02016816 -0.00482940 -0.00988316
v 0.01817388 -0.00488268 -0.00985695
v 0.02016816 -0.00626574 -0.00904105
v 0.01795711 -0.00520711 -0.00968948
v 0.01763268 -0.00542388 -0.00956982
v 0.02016816 0.01100000 0.00000000
v 0.02016816 0.01076468 -0.00226313
v 0.01650000 0.01100000 0.00000000
v 0.01650000 0.01046162 -0.00339919
v 0.02016816 0.00959892 -0.00537222
v 0.01650000 0.00889919 -0.00646564
v 0.02016816 0.01029979 -0.00386191
v 0.02016816 0.01046162 -0.00339919
v 0.02016816 0.00889919 -0.00646564
v 0.02016816 0.00867813 -0.00675943
v 0.02016816 0.00755852 -0.00799179
v 0.02016816 -0.00755852 -0.00799179
v 0.02016816 -0.00867813 -0.00675943
v 0.01650000 -0.00889919 -0.00646564
v 0.02016816 -0.01029979 -0.00386191
v 0.01650000 -0.01046162 -0.00339919
v 0.02016816 -0.00959892 -0.00537222
v 0.02016816 -0.00889919 -0.00646564
v 0.02016816 -0.01100000 0.00000000
v 0.01650000 -0.01100000 0.00000000
v 0.02016816 -0.01076468 -0.00226313
v 0.02016816 -0.01046162 -0.00339919
v 0.01650000 0.00492330 0.00497606
v 0.01650000 0.01525552 0.01214098
v 0.01650000 0.01287564 0.00889298
v 0.01650000 -0.00492330 0.00497606
v 0.01650000 -0.00644553 0.00273040
v 0.01650000 -0.01147704 0.00529975
v 0.01650000 0.00644553 0.00273040
v 0.01650000 0.00266154 0.00647427
v 0.01650000 0.00000000 0.00700000
v 0.01650000 -0.01525552 0.01214098
v 0.01650000 -0.00266154 0.00647427
v 0.01650000 -0.01287564 0.00889298
v 0.01650000 0.01147704 0.00529975
v 0.01650000 0.01100000 0.00144373
v 0.01650000 0.00699960 0.00007461
v 0.01650000 0.00650227 -0.00259238
v 0.01650000 0.00550000 -0.00433013
v 0.01650000 -0.00550000 -0.00433013
v 0.01650000 -0.00650227 -0.00259238
v 0.01650000 -0.00699960 0.00007461
v 0.01650000 -0.01100000 0.00144373
v 0.01800000 -0.00572641 -0.00628158
v 0.01800000 -0.00516144 -0.00675348
v 0.01800000 -0.00516144 -0.00472859
v 0.01800000 -0.00760889 -0.00378878
v 0.01800000 -0.00650227 -0.00259238
v 0.01800000 -0.00846374 -0.00078428
v 0.01800000 -0.00699960 0.00007461
v 0.01800000 -0.00817552 0.00232614
v 0.01800000 -0.00644553 0.00273040
v 0.01800000 -0.00678315 0.00512239
v 0.01800000 -0.00492330 0.00497606
v 0.01800000 -0.00447467 0.00722685
v 0.01800000 -0.00266154 0.00647427
v 0.01800000 -0.00156187 0.00835527
v 0.01800000 0.00000000 0.00700000
v 0.01800000 0.00156187 0.00835527
v 0.01800000 0.00447467 0.00722685
v 0.01800000 0.00266154 0.00647427
v 0.01800000 0.00678315 0.00512239
v 0.01800000 0.00492330 0.00497606
v 0.01800000 0.00817552 0.00232614
v 0.01800000 0.00644553 0.00273040
v 0.01800000 0.00846374 -0.00078428
v 0.01800000 0.00699960 0.00007461
v 0.01800000 0.00760889 -0.00378878
v 0.01800000 0.00650227 -0.00259238
v 0.01800000 0.00572641 -0.00628158
v 0.01800000 0.00516144 -0.00472859
v 0.01800000 0.00516144 -0.00675348
v 0.01817388 -0.00488268 -0.00695769
v 0.01825000 -0.00307055 -0.00792602
v 0.01825000 -0.00450000 -0.00721110
v 0.02560000 -0.00546369 -0.00651138
v 0.02560000 -0.00572641 -0.00628158
v 0.02560000 -0.00307055 -0.00792601
v 0.02560000 -0.00290717 -0.00798739
v 0.01825000 0.00000000 -0.00850000
v 0.02560000 -0.00000000 -0.00850000
v 0.02560000 0.00290717 -0.00798739
v 0.01825000 0.00307055 -0.00792602
v 0.02560000 0.00307055 -0.00792601
v 0.01825000 0.00450000 -0.00721110
v 0.02560000 0.00546369 -0.00651138
v 0.01811603 0.00500000 -0.00687386
v 0.02560000 0.00572641 -0.00628158
v 0.02560000 -0.00736122 -0.00425000
v 0.02560000 -0.00760889 -0.00378878
v 0.02560000 -0.00837087 -0.00147601
v 0.02560000 -0.00846374 -0.00078428
v 0.02560000 -0.00837087 0.00147601
v 0.02560000 -0.00817552 0.00232614
v 0.02560000 -0.00736122 0.00425000
v 0.02560000 -0.00678315 0.00512239
v 0.02560000 -0.00546369 0.00651138
v 0.02560000 -0.00447467 0.00722685
v 0.02560000 -0.00290717 0.00798739
v 0.02560000 -0.00156187 0.00835527
v 0.02560000 -0.00000000 0.00850000
v 0.02560000 0.00156187 0.00835527
v 0.02560000 0.00290717 0.00798739
v 0.02560000 0.00447467 0.00722685
v 0.02560000 0.00546369 0.00651138
v 0.02560000 0.00678315 0.00512239
v 0.02560000 0.00736122 0.00425000
v 0.02560000 0.00817552 0.00232614
v 0.02560000 0.00837087 0.00147601
v 0.02560000 0.00846374 -0.00078428
v 0.02560000 0.00837087 -0.00147601
v 0.02560000 0.00760889 -0.00378878
v 0.02560000 0.00736122 -0.00425000
v 0.01725000 -0.00550000 -0.00433013
v 0.01725000 0.00550000 -0.00433013
v 0.01751971 0.00546294 -0.00437679
v 0.01775000 0.00536603 -0.00449508
v 0.01795979 -0.00520441 -0.00468125
v 0.01763268 -0.00542388 -0.00442510
v 0.01744972 -0.00547985 -0.00435560
v -0.02275000 0.00550000 -0.00433013
v -0.02350000 0.00516144 -0.00472859
v -0.02345979 0.00520441 -0.00468125
v -0.02350000 0.00650227 -0.00259238
v -0.02313268 0.00542388 -0.00442510
v -0.02294972 0.00547985 -0.00435559
v -0.02275000 -0.00550000 -0.00433013
v -0.02295030 -0.00547974 -0.00435574
v -0.02350000 -0.00650227 -0.00259238
v -0.02313268 -0.00542388 -0.00442510
v -0.02345979 -0.00520441 -0.00468125
v -0.02350000 -0.00516144 -0.00472859
v -0.02350000 0.00699960 0.00007461
v -0.02350000 0.00644553 0.00273040
v -0.02350000 0.00492330 0.00497606
v -0.02350000 0.00266154 0.00647427
v -0.02350000 -0.00000000 0.00700000
v -0.02350000 -0.00266154 0.00647427
v -0.02350000 -0.00492330 0.00497606
v -0.02350000 -0.00644553 0.00273040
v -0.02350000 -0.00699960 0.00007461
v -0.02350000 -0.00447467 0.00722685
v -0.02350000 -0.00678315 0.00512240
v -0.02350000 -0.00817552 0.00232614
v -0.02350000 -0.00846374 -0.00078428
v -0.02350000 -0.00760889 -0.00378878
v -0.02350000 -0.00572641 -0.00628158
v -0.02350000 -0.00516144 -0.00675348
v -0.02350000 -0.00156187 0.00835527
v -0.02350000 0.00156187 0.00835527
v -0.02350000 0.00447467 0.00722685
v -0.02350000 0.00678315 0.00512240
v -0.02350000 0.00817552 0.00232614
v -0.02350000 0.00846374 -0.00078428
v -0.02350000 0.00760889 -0.00378878
v -0.02350000 0.00572641 -0.00628158
v -0.02350000 0.00516144 -0.00675348
v -0.02367388 0.00488268 -0.00695769
v -0.02375000 0.00307055 -0.00792601
v -0.02375000 0.00450000 -0.00721110
v -0.03250000 0.00546369 -0.00651138
v -0.03250000 0.00572641 -0.00628158
v -0.03250000 0.00307055 -0.00792601
v -0.03250000 0.00290717 -0.00798739
v -0.02375000 0.00000000 -0.00850000
v -0.03250000 0.00000000 -0.00850000
v -0.03250000 -0.00290717 -0.00798739
v -0.02375000 -0.00307055 -0.00792601
v -0.03250000 -0.00307055 -0.00792601
v -0.02375000 -0.00450000 -0.00721110
v -0.03250000 -0.00546369 -0.00651138
v -0.02367388 -0.00488268 -0.00695769
v -0.03250000 -0.00572641 -0.00628158
v -0.03250000 -0.00736122 -0.00425000
v -0.03250000 -0.00760889 -0.00378878
v -0.03250000 -0.00837087 -0.00147601
v -0.03250000 -0.00846374 -0.00078428
v -0.03250000 -0.00837087 0.00147601
v -0.03250000 -0.00817552 0.00232614
v -0.03250000 -0.00736122 0.00425000
v -0.03250000 -0.00678315 0.00512239
v -0.03250000 -0.00546369 0.00651138
v -0.03250000 -0.00447467 0.00722685
v -0.03250000 -0.00290717 0.00798739
v -0.03250000 -0.00156187 0.00835527
v -0.03250000 -0.00000000 0.00850000
v -0.03250000 0.00156187 0.00835527
v -0.03250000 0.00290717 0.00798739
v -0.03250000 0.00447467 0.00722685
v -0.03250000 0.00546369 0.00651138
v -0.03250000 0.00678315 0.00512239
v -0.03250000 0.00736122 0.00425000
v -0.03250000 0.00817552 0.00232614
v -0.03250000 0.00837087 0.00147601
v -0.03250000 0.00846374 -0.00078428
v -0.03250000 0.00837087 -0.00147601
v -0.03250000 0.00736122 -0.00425000
v -0.03250000 0.00760889 -0.00378878
v -0.05911573 -0.02550000 -0.00480481
v -0.05879561 -0.01862388 -0.00493339
v -0.05765281 -0.02550000 -0.00520926
v -0.05853136 -0.01819500 -0.00502170
v -0.05821252 -0.01775794 -0.00510806
v -0.05790011 -0.01742096 -0.00517226
v -0.05759846 -0.01718635 -0.00521578
v -0.05731301 -0.01704985 -0.00524066
v -0.05879561 -0.00752740 -0.00493339
v -0.05911914 -0.00761106 -0.00480330
v -0.05963033 -0.00776892 -0.00454355
v -0.05984837 -0.02550000 -0.00441014
v -0.06018183 -0.00797255 -0.00417593
v -0.06106764 -0.02550000 -0.00331915
v -0.06106764 -0.00836560 -0.00331915
v -0.06172537 -0.00870440 -0.00228766
v -0.06200862 -0.00886137 -0.00157359
v -0.06147978 -0.02550000 -0.00273754
v -0.06213155 -0.00893142 -0.00110890
v -0.06213155 -0.02550000 -0.00110890
v -0.06224861 -0.00899919 0.00012096
v -0.06222392 -0.02550000 -0.00052273
v -0.06207520 -0.00889917 0.00134344
v -0.06091088 -0.02550000 0.00350249
v -0.06200954 -0.00886188 0.00157067
v -0.06193339 -0.02550000 0.00179560
v -0.06207520 -0.02550000 0.00134344
v -0.05889279 -0.00755117 0.00489692
v -0.05966393 -0.00778036 0.00452393
v -0.05889279 -0.02550000 0.00489692
v -0.05999025 -0.00789804 0.00431520
v -0.06066575 -0.02550000 0.00375830
v -0.06091088 -0.00829051 0.00350249
v -0.06161442 -0.00864467 0.00250393
v -0.05368408 -0.02205515 -0.00407028
v -0.05336783 -0.02293243 -0.00379076
v -0.05435320 -0.02550000 -0.00453398
v -0.05435175 -0.02036923 -0.00453313
v -0.05420266 -0.02072409 -0.00444268
v -0.05388300 -0.02152779 -0.00422455
v -0.05281739 -0.02455930 -0.00317305
v -0.05258230 -0.02528784 -0.00283662
v -0.05258230 -0.02550000 -0.00283662
v -0.05307881 -0.02377200 -0.00349095
v -0.05333426 -0.02550000 -0.00375830
v -0.05453055 -0.01996172 -0.00463296
v -0.05532794 -0.02550000 -0.00497662
v -0.05486429 -0.01925784 -0.00479596
v -0.05621037 -0.01732446 -0.00519028
v -0.05591361 -0.01761069 -0.00513637
v -0.05670193 -0.02550000 -0.00524153
v -0.05650257 -0.01712839 -0.00522638
v -0.05702788 -0.01699857 -0.00524993
v -0.05673940 -0.01703400 -0.00524353
v -0.05670056 -0.01704547 -0.00524145
v -0.05561453 -0.01798375 -0.00506389
v -0.05554010 -0.01808919 -0.00504294
v -0.05520150 -0.01862889 -0.00493233
v -0.04944359 -0.02550000 0.00068059
v -0.04944359 -0.02528784 0.00068059
v -0.04943984 -0.02520580 0.00068365
v -0.04942885 -0.02512914 0.00069262
v 0.03814252 0.00304146 0.01165753
v 0.03823529 0.00171777 0.01162376
v 0.03742517 0.00154940 0.00937280
v 0.03376582 -0.00901449 0.00299816
v 0.03463782 -0.00822724 0.00475000
v 0.03706086 -0.00901449 0.01205122
v 0.03537964 -0.00728374 0.00609895
v 0.03607667 -0.00610648 0.00727742
v 0.03666575 -0.00476392 0.00821919
v 0.03814252 -0.00304146 0.01165753
v 0.03826144 0.00146316 0.01165854
v 0.03827855 0.00126879 0.01168130
v 0.03751141 -0.00000000 0.00950000
v 0.03832874 -0.00022322 0.01174788
v 0.03742531 -0.00154817 0.00937300
v 0.03823529 -0.00171777 0.01162376
v 0.03717395 -0.00304724 0.00899802
v 0.03712688 -0.00324919 0.00892708
v 0.03047751 -0.01100423 -0.00411938
v 0.03158333 -0.00901449 -0.00299816
v 0.03089936 -0.01149863 -0.00241743
v 0.03196535 -0.00935567 -0.00164966
v 0.03144813 -0.01173237 -0.00064349
v 0.03252525 -0.00949998 0.00001873
v 0.03493663 -0.01466178 0.01282438
v 0.03247535 -0.01327941 0.00410002
v 0.03230520 -0.01252804 0.00266440
v 0.03227299 -0.01245029 0.00247951
v 0.03316620 -0.00935567 0.00164966
v 0.03201805 -0.01204674 0.00129021
v 0.03157568 -0.01176170 -0.00025921
v 0.03016960 -0.01025339 -0.00573850
v 0.02993145 -0.00901449 -0.00753668
v 0.03118010 -0.00822724 -0.00475000
v 0.03093999 -0.00728383 -0.00609884
v 0.02976584 -0.00515868 -0.01055701
v 0.03068212 -0.00475298 -0.00822552
v 0.02978535 -0.00668779 -0.00966105
v 0.03077914 -0.00610648 -0.00727742
v 0.02984484 -0.00807388 -0.00853669
v 0.03158333 0.00901449 -0.00299816
v 0.03118010 0.00822724 -0.00475000
v 0.02993145 0.00901449 -0.00753668
v 0.03093984 0.00728304 -0.00609978
v 0.02984484 0.00807388 -0.00853669
v 0.03077914 0.00610648 -0.00727742
v 0.02978542 0.00669076 -0.00965900
v 0.03068212 0.00475321 -0.00822539
v 0.02976584 0.00515868 -0.01055701
v 0.03062850 0.00324919 -0.00892708
v 0.02976863 0.00304146 -0.01134954
v 0.03062389 0.00304557 -0.00899858
v 0.02977369 0.00177342 -0.01161540
v 0.03060226 0.00154099 -0.00937419
v 0.02977704 -0.00000818 -0.01175000
v 0.03059597 -0.00000000 -0.00950000
v 0.02977369 -0.00177342 -0.01161540
v 0.03060225 -0.00154011 -0.00937433
v 0.02976863 -0.00304146 -0.01134954
v 0.03062380 -0.00304146 -0.00899997
v 0.03062850 -0.00324925 -0.00892706
v 0.03316620 0.00935567 0.00164966
v 0.03252552 0.00949998 0.00001948
v 0.03188095 0.01191982 0.00076367
v 0.03223532 0.01236992 0.00227717
v 0.03227304 0.01245040 0.00247979
v 0.03376582 0.00901449 0.00299816
v 0.03243469 0.01299374 0.00361229
v 0.03706086 0.00901449 0.01205122
v 0.03249564 0.01387136 0.00496664
v 0.03016960 0.01025339 -0.00573850
v 0.03047970 0.01100797 -0.00410938
v 0.03196535 0.00935567 -0.00164966
v 0.03089936 0.01149863 -0.00241743
v 0.03144813 0.01173237 -0.00064349
v 0.03717525 0.00304146 0.00899997
v 0.03712625 0.00325179 0.00892614
v 0.03666579 0.00476382 0.00821925
v 0.03607667 0.00610648 0.00727742
v 0.03538217 0.00728003 0.00610337
v 0.03463782 0.00822724 0.00475000
v 0.02324653 0.02771099 0.01707922
v 0.01702123 0.03023862 0.01615251
v 0.01804729 0.03023862 0.01897159
v 0.01146647 0.03167358 0.01817428
v 0.01249253 0.03167358 0.02099336
v 0.00575691 0.03196402 0.02025239
v 0.00678297 0.03196402 0.02307147
v 0.00009886 0.03109945 0.02231175
v 0.00112492 0.03109945 0.02513083
v -0.00530323 0.02911111 0.02427795
v -0.00427717 0.02911111 0.02709703
v 0.02790237 0.02418203 0.01538463
v 0.02222047 0.02771099 0.01426014
v 0.03184658 0.01977927 0.01394906
v 0.03493663 0.01466178 0.01282438
v 0.03184658 -0.01977927 0.01394906
v 0.02790237 -0.02418203 0.01538463
v 0.02222047 -0.02771099 0.01426014
v 0.02324653 -0.02771099 0.01707922
v 0.01804729 -0.03023862 0.01897159
v 0.01702123 -0.03023862 0.01615251
v 0.01249253 -0.03167358 0.02099336
v 0.01146647 -0.03167358 0.01817428
v 0.00678297 -0.03196402 0.02307147
v 0.00575691 -0.03196402 0.02025239
v 0.00112492 -0.03109945 0.02513083
v 0.00009886 -0.03109945 0.02231175
v -0.00427717 -0.02911111 0.02709703
v -0.00530323 -0.02911111 0.02427795
v 0.00417137 -0.00435000 0.02082948
v 0.00544399 -0.00570429 0.02036628
v 0.00296777 -0.00400000 0.02126755
v 0.01255212 0.02500000 0.01777913
v -0.00323253 0.01339194 0.02352428
v -0.00336446 0.01480291 0.02357230
v -0.00357332 0.01602334 0.02364831
v -0.00395307 0.01754786 0.02378653
v 0.00718242 -0.00620000 0.01973354
v 0.00892085 -0.00570429 0.01910081
v 0.01255212 -0.02500000 0.01777913
v 0.01019347 -0.00435000 0.01863761
v 0.00892085 0.00570429 0.01910081
v 0.00718242 0.00620000 0.01973354
v 0.00544399 0.00570429 0.02036628
v 0.00296777 0.00400000 0.02126755
v -0.00321172 0.00400000 0.02351670
v -0.00321172 0.01257667 0.02351670
v -0.00437908 -0.01885396 0.02394159
v -0.00388469 -0.01730769 0.02376164
v -0.00353035 -0.01580868 0.02363268
v -0.00329184 -0.01418362 0.02354586
v 0.01065929 -0.00250000 0.01846807
v 0.01065929 0.00250000 0.01846807
v 0.01019347 0.00435000 0.01863761
v -0.00447808 0.01912348 0.02397762
v -0.00518099 0.02081709 0.02423346
v -0.00633214 0.02313997 0.02465244
v -0.00321172 -0.00400000 0.02351670
v -0.00321172 -0.01257667 0.02351670
v -0.00321308 -0.01278431 0.02351720
v 0.00417137 0.00435000 0.02082948
v 0.00370556 0.00250000 0.02099902
v 0.00370556 -0.00250000 0.02099902
v -0.00793194 -0.02629197 0.02523472
v -0.00744326 -0.02524699 0.02505686
v -0.00631254 -0.02310280 0.02464531
v -0.00504621 -0.02051572 0.02418440
v -0.00750754 0.02537525 0.02508025
v -0.00795758 0.02635389 0.02524405
v -0.00816012 0.02690355 0.02531777
v -0.00828094 0.02734997 0.02536175
v -0.00833679 0.02769030 0.02538208
v -0.00834682 0.02780054 0.02538573
v -0.00834682 -0.02780054 0.02538573
v -0.00833246 -0.02765299 0.02538050
v -0.00827150 -0.02730721 0.02535831
v -0.00814147 -0.02684638 0.02531099
v 0.02016870 -0.01100000 0.00010844
v 0.02016870 0.01100000 0.00010844
v 0.02600000 0.00304398 0.00836326
v 0.02600000 -0.00000000 0.00890000
v 0.02600000 0.00572081 0.00681780
v 0.02600000 0.00770763 0.00445000
v 0.02600000 0.00876479 0.00154547
v 0.02600000 0.00876479 -0.00154547
v 0.02600000 0.00770763 -0.00445000
v 0.02600000 0.00572081 -0.00681780
v 0.02600000 0.00304398 -0.00836326
v 0.02600000 -0.00000000 -0.00890000
v 0.02600000 -0.00304398 -0.00836326
v 0.02600000 -0.00572081 -0.00681780
v 0.02600000 -0.00770763 -0.00445000
v 0.02600000 -0.00876479 -0.00154547
v 0.02600000 -0.00876479 0.00154547
v 0.02600000 -0.00770763 0.00445000
v 0.02600000 -0.00572081 0.00681780
v 0.02600000 -0.00304398 0.00836326
v 0.02600000 0.00475947 0.00879474
v 0.02600000 0.00164595 0.00986361
v 0.02600000 -0.00164595 0.00986361
v 0.02600000 -0.00475947 0.00879474
v 0.02600000 -0.00735724 0.00677282
v 0.02600000 -0.00915773 0.00401695
v 0.02600000 -0.00996585 0.00082579
v 0.02600000 -0.00969400 -0.00245486
v 0.02600000 -0.00837167 -0.00546948
v 0.02600000 -0.00614213 -0.00789140
v 0.02600000 -0.00324699 -0.00945817
v 0.02600000 0.00000000 -0.01000000
v 0.02600000 0.00324699 -0.00945817
v 0.02600000 0.00614213 -0.00789140
v 0.02600000 0.00837167 -0.00546948
v 0.02600000 0.00969400 -0.00245486
v 0.02600000 0.00996585 0.00082579
v 0.02600000 0.00915773 0.00401695
v 0.02600000 0.00735724 0.00677282
v 0.02750000 0.00000000 -0.01000000
v 0.02750000 -0.00324699 -0.00945817
v 0.02750000 -0.00614213 -0.00789140
v 0.02750000 -0.00837167 -0.00546948
v 0.02750000 -0.00969400 -0.00245485
v 0.02750000 -0.00996585 0.00082579
v 0.02750000 -0.00915773 0.00401695
v 0.02750000 -0.00735724 0.00677282
v 0.02750000 -0.00475947 0.00879474
v 0.02750000 -0.00164595 0.00986361
v 0.02750000 0.00164595 0.00986361
v 0.02750000 0.00475947 0.00879474
v 0.02750000 0.00735724 0.00677282
v 0.02750000 0.00915773 0.00401695
v 0.02750000 0.00996585 0.00082579
v 0.02750000 0.00969400 -0.00245485
v 0.02750000 0.00837167 -0.00546948
v 0.02750000 0.00614213 -0.00789140
v 0.02750000 0.00324699 -0.00945817
v 0.02778867 0.00324919 -0.00892708
v 0.02778868 0.00583502 -0.00749684
v 0.02778868 0.00610648 -0.00727742
v 0.02778867 0.00795308 -0.00519601
v 0.02778867 0.00822724 -0.00475000
v 0.02778868 0.00920930 -0.00233211
v 0.02778867 0.00935567 -0.00164966
v 0.02778868 0.00946755 0.00078450
v 0.02778867 0.00935567 0.00164966
v 0.02778868 0.00869985 0.00381611
v 0.02778868 0.00822724 0.00475000
v 0.02778867 0.00698938 0.00643418
v 0.02778868 0.00610648 0.00727742
v 0.02778867 0.00452150 0.00835500
v 0.02778867 0.00324919 0.00892708
v 0.02778867 -0.00324919 0.00892708
v 0.02778868 0.00156365 0.00937043
v 0.02778867 -0.00000000 0.00950000
v 0.02778868 -0.00156365 0.00937043
v 0.02778867 -0.00452150 0.00835500
v 0.02778868 -0.00610648 0.00727742
v 0.02778867 -0.00698938 0.00643418
v 0.02778868 -0.00822724 0.00475000
v 0.02778868 -0.00869985 0.00381611
v 0.02778867 -0.00935567 0.00164966
v 0.02778868 -0.00946755 0.00078450
v 0.02778867 -0.00935567 -0.00164966
v 0.02778868 -0.00920930 -0.00233211
v 0.02778867 -0.00822724 -0.00475000
v 0.02778867 -0.00795308 -0.00519601
v 0.02778868 -0.00610648 -0.00727742
v 0.02778868 -0.00583502 -0.00749684
v 0.02778867 -0.00324919 -0.00892708
v 0.02778868 -0.00308464 -0.00898526
v 0.02778867 -0.00000000 -0.00950000
v 0.02778868 0.00308464 -0.00898526
v -0.05966389 0.00778035 0.00452396
v -0.03300000 0.00779423 0.00450000
v -0.05889279 0.00755117 0.00489692
v -0.05779120 0.00721926 0.00537422
v -0.03300000 0.00578509 0.00689440
v -0.03300000 0.00307818 0.00845723
v -0.05335796 0.00307818 0.00845724
v -0.05481746 0.00531046 0.00726630
v -0.05529241 0.00578509 0.00689440
v -0.05676147 0.00677846 0.00592051
v -0.03300000 -0.00307818 0.00845723
v -0.05286036 -0.00156283 0.00886327
v -0.03300000 -0.00000000 0.00900000
v -0.05269280 -0.00000000 0.00900000
v -0.05286036 0.00156283 0.00886327
v -0.03300000 -0.00578509 0.00689440
v -0.05481746 -0.00531046 0.00726630
v -0.05335796 -0.00307818 0.00845724
v -0.03300000 -0.00779423 0.00450000
v -0.05778850 -0.00721829 0.00537552
v -0.05676147 -0.00677846 0.00592051
v -0.05529241 -0.00578509 0.00689440
v -0.05570521 -0.00853257 0.00286273
v -0.05588422 -0.00850834 0.00293397
v -0.05645065 -0.00845513 0.00308396
v -0.05745864 -0.00844995 0.00309812
v -0.05759400 -0.00845802 0.00307603
v -0.05865584 -0.00859210 0.00267876
v -0.05884688 -0.00862929 0.00255643
v -0.05951692 -0.00878993 0.00193318
v -0.05983409 -0.00888184 0.00145362
v -0.05999944 -0.00893365 0.00109082
v -0.06019994 -0.00899998 0.00001884
v -0.06018453 -0.00899475 -0.00030743
v -0.06001130 -0.00893747 -0.00105908
v -0.05971704 -0.00884676 -0.00165372
v -0.05945165 -0.00877226 -0.00201185
v -0.05866231 -0.00859330 -0.00267492
v -0.05855422 -0.00857392 -0.00273640
v -0.05746431 -0.00845025 -0.00309731
v -0.05720685 -0.00844046 -0.00312389
v -0.05630409 -0.00846545 -0.00305551
v -0.05568194 -0.00853598 -0.00285255
v -0.03300000 -0.00779423 -0.00450000
v -0.05558378 -0.00855101 -0.00280717
v -0.05424162 -0.00885900 -0.00158687
v -0.03300000 -0.00886327 -0.00156283
v -0.05443189 -0.00880409 -0.00186764
v -0.05526024 -0.00860796 -0.00262736
v -0.03300000 -0.00578509 -0.00689440
v -0.03300000 -0.00307818 -0.00845723
v -0.04911391 -0.00307818 -0.00845724
v -0.05093551 -0.00450000 -0.00779423
v -0.05340777 -0.00578509 -0.00689440
v -0.05592635 -0.00672807 -0.00597771
v -0.03300000 0.00307818 -0.00845723
v -0.04799834 0.00156283 -0.00886327
v -0.03300000 0.00000000 -0.00900000
v -0.04762268 0.00000000 -0.00900000
v -0.04799834 -0.00156283 -0.00886327
v -0.03300000 0.00578509 -0.00689440
v -0.05093551 0.00450000 -0.00779423
v -0.04911391 0.00307818 -0.00845724
v -0.05911573 0.00761011 -0.00480481
v -0.05879561 0.00752740 -0.00493339
v -0.03300000 0.00779423 -0.00450000
v -0.05592635 0.00672807 -0.00597771
v -0.05340777 0.00578509 -0.00689440
v -0.05572896 0.00857995 -0.00271744
v -0.05647906 0.00850126 -0.00295442
v -0.05965939 0.00777881 -0.00452661
v -0.05726257 0.00848934 -0.00298849
v -0.05802606 0.00854709 -0.00281908
v -0.06018350 0.00797321 -0.00417467
v -0.05872234 0.00865832 -0.00245633
v -0.06106764 0.00836560 -0.00331915
v -0.05929787 0.00879091 -0.00192868
v -0.06172687 0.00870521 -0.00228457
v -0.05956077 0.00886327 -0.00156283
v -0.05956077 0.00886327 0.00156283
v -0.06200954 0.00886189 0.00157066
v -0.05981908 0.00894132 0.00102606
v -0.06207520 0.00889917 0.00134344
v -0.05998855 0.00899619 0.00026190
v -0.06224862 0.00899920 0.00012030
v -0.05995442 0.00898491 -0.00052095
v -0.06213155 0.00893142 -0.00110890
v -0.06200864 0.00886138 -0.00157354
v -0.05892836 0.00870164 0.00229813
v -0.06091088 0.00829051 0.00350249
v -0.06161478 0.00864486 0.00250326
v -0.05826960 0.00857974 0.00271811
v -0.05999057 0.00789816 0.00431497
v -0.05597394 0.00854709 0.00281908
v -0.05673876 0.00848930 0.00298860
v -0.05752094 0.00850126 0.00295442
v -0.05527789 0.00865827 0.00245649
v -0.05470213 0.00879091 0.00192868
v -0.03300000 0.00886327 0.00156283
v -0.05443923 0.00886327 0.00156283
v -0.05404558 0.00898491 0.00052095
v -0.03300000 0.00886327 -0.00156283
v -0.05401146 0.00899619 -0.00026192
v -0.05418092 0.00894132 -0.00102606
v -0.05443923 0.00886327 -0.00156283
v -0.05507164 0.00870164 -0.00229813
v -0.05391603 -0.00896115 -0.00083532
v -0.05384353 -0.00898528 -0.00051456
v -0.03300000 -0.00886327 0.00156283
v -0.05381506 -0.00899489 0.00030333
v -0.05395738 -0.00894761 0.00096966
v -0.05409575 -0.00890350 0.00131440
v -0.05425306 -0.00885559 0.00160576
v -0.05472272 -0.00872716 0.00219924
v -0.05481746 0.02550000 0.00726630
v -0.04579150 0.02431007 0.01463139
v -0.03852516 0.02347390 0.02056064
v -0.03256857 0.02294067 0.02542116
v -0.03852516 -0.02347390 0.02056064
v -0.03037901 -0.02279030 0.02720782
v -0.02813357 -0.02266579 0.02904008
v -0.05481746 -0.02550000 0.00726630
v -0.04667131 -0.02442106 0.01391347
v -0.02195993 0.02250123 0.03407771
v -0.02223287 0.02250205 0.03385499
v -0.03037901 0.02279030 0.02720782
v -0.02195993 -0.02250123 0.03407771
v -0.02223287 -0.02250205 0.03385499
v -0.05984837 0.02550000 -0.00441014
v -0.05911573 0.02550000 -0.00480481
v -0.06091088 0.02550000 0.00350249
v -0.06066575 0.02550000 0.00375830
v -0.05889279 0.02550000 0.00489692
v -0.06193339 0.02550000 0.00179560
v -0.06207520 0.02550000 0.00134344
v -0.06222392 0.02550000 -0.00052273
v -0.06213155 0.02550000 -0.00110890
v -0.06147978 0.02550000 -0.00273754
v -0.06106764 0.02550000 -0.00331915
v -0.05702788 0.01699857 -0.00524993
v -0.05731301 0.01704985 -0.00524066
v -0.05765281 0.02550000 -0.00520926
v -0.05759846 0.01718635 -0.00521578
v -0.05790011 0.01742096 -0.00517226
v -0.05879561 0.01862388 -0.00493339
v -0.05853136 0.01819500 -0.00502170
v -0.05821252 0.01775794 -0.00510806
v -0.05554010 0.01808919 -0.00504294
v -0.05670193 0.02550000 -0.00524153
v -0.05520150 0.01862889 -0.00493233
v -0.05532794 0.02550000 -0.00497662
v -0.05486429 0.01925784 -0.00479596
v -0.05561453 0.01798375 -0.00506389
v -0.05591361 0.01761069 -0.00513637
v -0.05621037 0.01732446 -0.00519028
v -0.05650257 0.01712839 -0.00522638
v -0.05670056 0.01704547 -0.00524145
v -0.05673940 0.01703400 -0.00524353
v -0.05258230 0.02550000 -0.00283662
v -0.05258230 0.02528784 -0.00283662
v -0.05333426 0.02550000 -0.00375830
v -0.05281739 0.02455930 -0.00317305
v -0.05435320 0.02550000 -0.00453398
v -0.05307881 0.02377200 -0.00349095
v -0.05336783 0.02293243 -0.00379076
v -0.05368408 0.02205515 -0.00407028
v -0.05388300 0.02152779 -0.00422455
v -0.05420266 0.02072409 -0.00444268
v -0.05435175 0.02036923 -0.00453313
v -0.05453055 0.01996172 -0.00463296
v -0.04944359 0.02528784 0.00068059
v -0.04944359 0.02550000 0.00068059
v -0.04943115 0.02514144 0.00069074
v -0.04944069 0.02521538 0.00068296
v -0.05206661 0.02550000 -0.00179561
v -0.05115198 0.02550000 -0.00095394
v -0.05177609 0.02550000 0.00052273
v -0.05252022 0.02550000 0.00273754
v -0.05415163 0.02550000 0.00441014
v -0.03724422 0.02550000 0.01899084
v -0.02866589 0.02550000 0.02510837
v -0.02634172 0.02550000 0.02684416
v -0.02033750 0.02550000 0.03153221
v -0.04598919 0.02550000 0.01307752
v -0.05634720 0.02550000 0.00520926
v -0.05676147 0.02550000 0.00592051
v -0.05867206 0.02550000 0.00497662
v -0.05252022 -0.02550000 0.00273754
v -0.05634720 -0.02550000 0.00520926
v -0.05676147 -0.02550000 0.00592051
v -0.05867206 -0.02550000 0.00497662
v -0.05415163 -0.02550000 0.00441014
v -0.04503920 -0.02550000 0.01370944
v -0.05177609 -0.02550000 0.00052273
v -0.05115198 -0.02550000 -0.00095394
v -0.05206661 -0.02550000 -0.00179561
v -0.02033750 -0.02550000 0.03153221
v -0.02866589 -0.02550000 0.02510837
v -0.03095052 -0.02550000 0.02343822
v -0.03724422 -0.02550000 0.01899084
v -0.05590554 -0.02650000 0.00300702
v -0.05647154 -0.02650000 0.00421702
v -0.05755567 -0.02650000 0.00315139
v -0.05835357 -0.02650000 0.00402869
v -0.05905692 -0.02650000 0.00245134
v -0.05996751 -0.02650000 0.00304243
v -0.06000702 -0.02650000 0.00109446
v -0.06099369 -0.02650000 0.00145358
v -0.06015139 -0.02650000 -0.00055567
v -0.06122888 -0.02650000 -0.00042316
v -0.05945134 -0.02650000 -0.00205692
v -0.06062648 -0.02650000 -0.00221610
v -0.05809446 -0.02650000 -0.00300702
v -0.05930582 -0.02650000 -0.00357011
v -0.05752846 -0.02650000 -0.00421702
v -0.05644433 -0.02650000 -0.00315139
v -0.05564643 -0.02650000 -0.00402869
v -0.05494308 -0.02650000 -0.00245134
v -0.05403249 -0.02650000 -0.00304243
v -0.05399298 -0.02650000 -0.00109447
v -0.05300631 -0.02650000 -0.00145359
v -0.05384861 -0.02650000 0.00055567
v -0.05277112 -0.02650000 0.00042316
v -0.05454866 -0.02650000 0.00205692
v -0.05337352 -0.02650000 0.00221610
v -0.05469418 -0.02650000 0.00357011
v -0.05802606 0.02650000 -0.00281908
v -0.05930582 0.02650000 -0.00357011
v -0.05929814 0.02650000 -0.00192836
v -0.06062648 0.02650000 -0.00221610
v -0.05995442 0.02650000 -0.00052095
v -0.06122888 0.02650000 -0.00042316
v -0.05981908 0.02650000 0.00102606
v -0.06099369 0.02650000 0.00145358
v -0.05892836 0.02650000 0.00229813
v -0.05996751 0.02650000 0.00304243
v -0.05752094 0.02650000 0.00295442
v -0.05835357 0.02650000 0.00402869
v -0.05597394 0.02650000 0.00281908
v -0.05647154 0.02650000 0.00421702
v -0.05469418 0.02650000 0.00357011
v -0.05470186 0.02650000 0.00192836
v -0.05337352 0.02650000 0.00221610
v -0.05404558 0.02650000 0.00052095
v -0.05277112 0.02650000 0.00042316
v -0.05418092 0.02650000 -0.00102606
v -0.05300631 0.02650000 -0.00145359
v -0.05507164 0.02650000 -0.00229813
v -0.05403249 0.02650000 -0.00304243
v -0.05647906 0.02650000 -0.00295442
v -0.05564643 0.02650000 -0.00402869
v -0.05752846 0.02650000 -0.00421702
v -0.05136869 -0.00808835 -0.00763657
v -0.05181281 -0.00834455 -0.00747492
v -0.05219104 -0.00857839 -0.00733725
v -0.05136426 -0.00808590 -0.00763818
v -0.05219228 0.00857918 -0.00733680
v -0.05181635 0.00834667 -0.00747363
v -0.05137966 0.00809445 -0.00763257
v -0.05079953 0.00778702 -0.00784372
v -0.05641816 0.01267697 -0.00579871
v -0.05625717 0.01244148 -0.00585730
v -0.05514460 0.01105236 -0.00626225
v -0.05472719 0.01061432 -0.00641417
v -0.05397265 0.00990861 -0.00668880
v -0.05246121 0.00875480 -0.00723892
v -0.05565378 -0.01164271 -0.00607692
v -0.05575876 -0.01177321 -0.00603871
v -0.05738596 -0.01437813 -0.00544646
v -0.05749227 -0.01460532 -0.00540776
v -0.05779577 -0.01531722 -0.00529730
v -0.05861608 0.01790182 -0.00499873
v -0.05837598 0.01702618 -0.00508612
v -0.05292761 -0.00907907 -0.00706916
v -0.05413540 -0.01005241 -0.00662956
v -0.05537460 -0.01131074 -0.00617853
v -0.05643051 -0.01269548 -0.00579421
v -0.05643646 -0.01270442 -0.00579205
v -0.05782904 -0.01540176 -0.00528519
v -0.05809982 -0.01614656 -0.00518663
v -0.05841226 -0.01715172 -0.00507291
v -0.05874129 -0.01839961 -0.00495316
v -0.05878954 -0.01859861 -0.00493559
v -0.05744443 0.01450181 -0.00542517
v -0.05718438 0.01397377 -0.00551982
v -0.05704029 0.01370342 -0.00557227
v -0.05683651 0.01334412 -0.00564644
v -0.05878954 0.01859861 -0.00493559
v -0.05866078 0.01807640 -0.00498246
v -0.05782996 0.01540412 -0.00528485
v -0.05779483 0.01531484 -0.00529764
v -0.05750005 0.01462235 -0.00540493
v -0.05814328 0.01627642 -0.00517081
v -0.05812043 0.01620777 -0.00517913
v -0.05458177 -0.00900297 -0.00177543
v -0.05507179 -0.00886737 -0.00229826
v -0.05507164 -0.02630000 -0.00229813
v -0.05995442 -0.02630000 -0.00052095
v -0.05999995 -0.00919998 0.00001805
v -0.05981908 -0.02630000 0.00102606
v -0.05991541 -0.00916901 0.00070737
v -0.05935961 -0.00898526 0.00185263
v -0.05892836 -0.02630000 0.00229813
v -0.05981197 -0.00913218 0.00104538
v -0.05929991 -0.00896763 -0.00192624
v -0.05982310 -0.00913608 -0.00101495
v -0.05929814 -0.02630000 -0.00192836
v -0.05993076 -0.00917457 -0.00064080
v -0.05995443 -0.00918321 -0.00052091
v -0.05845709 -0.00876445 -0.00262239
v -0.05802606 -0.02630000 -0.00281908
v -0.05821104 -0.00872174 -0.00274470
v -0.05634759 -0.00865357 -0.00292820
v -0.05655611 -0.00863853 -0.00296698
v -0.05647906 -0.02630000 -0.00295442
v -0.05743529 -0.00863803 -0.00296825
v -0.05799132 -0.00869012 -0.00283148
v -0.05523814 -0.00882790 -0.00242814
v -0.05400038 -0.00919986 -0.00004755
v -0.05418092 -0.02630000 -0.00102606
v -0.05401412 -0.00919477 0.00029069
v -0.05404558 -0.02630000 0.00052095
v -0.05410878 -0.00916029 -0.00080051
v -0.05418150 -0.00913446 -0.00102765
v -0.05433271 -0.00908266 -0.00137317
v -0.05470186 -0.02630000 0.00192836
v -0.05427672 -0.00910154 0.00125848
v -0.05404590 -0.00918309 0.00052276
v -0.05578614 -0.00872218 0.00274345
v -0.05516258 -0.00884541 0.00237147
v -0.05597394 -0.02630000 0.00281908
v -0.05487461 -0.00891850 0.00211724
v -0.05470271 -0.00896687 0.00192936
v -0.05752094 -0.02630000 0.00295442
v -0.05643123 -0.00864685 0.00294559
v -0.05597140 -0.00869504 0.00281815
v -0.05774614 -0.00866218 0.00290573
v -0.05755687 -0.00864597 0.00294786
v -0.05752113 -0.00864344 0.00295439
v -0.05901549 -0.00888942 0.00222212
v -0.05892884 -0.00886753 0.00229774
v -0.05855235 -0.00878304 0.00256714
v 0.02031464 0.01102926 0.00101812
v 0.02186785 0.01271413 0.00663326
v 0.02145321 0.01180653 0.00462466
v 0.02088774 0.01269604 0.00695466
v 0.02099461 0.01138370 0.00327197
v 0.02009083 0.01287564 0.00758602
v 0.02220599 0.01276475 0.00660792
v 0.02210685 0.01262335 0.00636655
v 0.02177862 0.01218488 0.00552096
v 0.01860170 0.01436206 0.01036421
v 0.01907675 0.01358747 0.00913518
v 0.01930497 0.01998016 0.01433065
v 0.01874937 0.01887425 0.01402164
v 0.01530745 0.01984856 0.01573102
v 0.02051522 0.02141680 0.01438456
v 0.02007686 0.02099328 0.01441717
v 0.01451150 0.02153627 0.01660280
v 0.01461584 0.02132913 0.01650674
v 0.01836529 0.01510051 0.01129965
v 0.01824357 0.01648109 0.01263196
v 0.01638849 0.01646301 0.01329237
v 0.01846380 0.01800000 0.01363144
v 0.01606601 0.01780389 0.01438140
v 0.01592508 0.01824736 0.01470390
v 0.02429188 0.02264121 0.01329323
v 0.02315745 0.02264099 0.01370608
v 0.02122025 0.02193895 0.01426371
v 0.01380370 0.02286618 0.01714953
v 0.01274979 0.02467657 0.01770321
v 0.02204152 0.02235275 0.01405651
v 0.01256430 0.02498020 0.01777469
v 0.02041486 0.01106177 0.00141688
v 0.01980743 0.01300259 0.00791841
v 0.02044835 0.01107351 0.00153144
v 0.02429188 -0.02264121 0.01329323
v 0.02097565 -0.01136924 0.00321385
v 0.02116206 -0.01152213 0.00377770
v 0.02024919 -0.01101170 0.00068814
v 0.02044611 -0.01107272 0.00152404
v 0.02044835 -0.01107351 0.00153144
v 0.02157317 -0.01193892 0.00496140
v 0.02186785 -0.01271413 0.00663326
v 0.02088991 -0.01269583 0.00695346
v 0.02186213 -0.01229143 0.00574201
v 0.02215035 -0.01268503 0.00647347
v 0.02220599 -0.01276475 0.00660792
v 0.01980743 -0.01300259 0.00791841
v 0.02009083 -0.01287564 0.00758602
v 0.01907798 -0.01358603 0.00913258
v 0.01860170 -0.01436206 0.01036421
v 0.01836529 -0.01510051 0.01129965
v 0.01647929 -0.01575473 0.01263907
v 0.01824357 -0.01648109 0.01263196
v 0.01629089 -0.01695281 0.01371119
v 0.01846380 -0.01800000 0.01363144
v 0.01930552 -0.01998105 0.01433081
v 0.01467574 -0.02120864 0.01644948
v 0.01874937 -0.01887425 0.01402164
v 0.01540705 -0.01961461 0.01559364
v 0.01592508 -0.01824736 0.01470390
v 0.02007686 -0.02099328 0.01441717
v 0.02046945 -0.02137653 0.01438981
v 0.01380370 -0.02286618 0.01714953
v 0.02121915 -0.02193826 0.01426395
v 0.01363437 -0.02316858 0.01725720
v 0.01256430 -0.02498020 0.01777469
v 0.02204152 -0.02235275 0.01405651
v 0.02315949 -0.02264125 0.01370539
v 0.02466816 -0.02264121 0.01432702
v 0.02058497 -0.02099328 0.01581318
v 0.02466816 -0.01271413 0.01432702
v 0.02236403 -0.01279554 0.00660309
v 0.02250000 -0.01282610 0.00659666
v 0.02291254 -0.01293335 0.00665064
v 0.02677085 -0.01356275 0.01356170
v 0.02391491 -0.01330392 0.00693559
v 0.02243572 -0.01300259 0.01513956
v 0.02058497 -0.01436206 0.01581318
v 0.01953988 -0.01648109 0.01619356
v 0.01953988 -0.01887425 0.01619356
v 0.02243572 -0.02235275 0.01513956
v 0.02677085 -0.02179259 0.01356170
v 0.02826210 -0.02000128 0.01301893
v 0.02880028 -0.01767767 0.01282305
v 0.02826210 -0.01535405 0.01301893
v 0.02668597 -0.01767767 0.01359259
v 0.02633976 -0.01905267 0.01371860
v 0.02539389 -0.02005924 0.01406287
v 0.02410182 -0.02042767 0.01453315
v 0.02280974 -0.02005924 0.01500343
v 0.02186387 -0.01905267 0.01534769
v 0.02151766 -0.01767767 0.01547370
v 0.02186387 -0.01630267 0.01534769
v 0.02280974 -0.01529610 0.01500343
v 0.02410182 -0.01492767 0.01453315
v 0.02539389 -0.01529610 0.01406287
v 0.02633976 -0.01630267 0.01371860
v -0.00653718 0.01767767 0.02568483
v -0.00688339 0.01630267 0.02581084
v -0.00782926 0.01529610 0.02615511
v -0.00912134 0.01492767 0.02662539
v -0.01041341 0.01529610 0.02709566
v -0.01135928 0.01630267 0.02743993
v -0.01170549 0.01767767 0.02756594
v -0.01135928 0.01905267 0.02743993
v -0.01041341 0.02005924 0.02709566
v -0.00912134 0.02042767 0.02662539
v -0.00782926 0.02005924 0.02615511
v -0.00688339 0.01905267 0.02581084
v -0.01368327 0.01887425 0.02828580
v -0.01263819 0.02099328 0.02790542
v -0.01078743 0.02235275 0.02723180
v -0.00855500 0.02264121 0.02641926
v -0.00645230 0.02179259 0.02565394
v -0.00496105 0.02000128 0.02511117
v -0.00442287 0.01767767 0.02491529
v -0.00496105 0.01535405 0.02511117
v -0.00645230 0.01356275 0.02565394
v -0.00855500 0.01271413 0.02641926
v -0.01078743 0.01300259 0.02723180
v -0.01263819 0.01436206 0.02790542
v -0.01368327 0.01648109 0.02828580
v -0.01554705 0.01648454 0.02316758
v -0.01557480 0.01673098 0.02324924
v -0.01558072 0.01682144 0.02328145
v -0.01551544 0.01776940 0.02367427
v -0.01541487 0.01819656 0.02387412
v -0.01516715 0.01887754 0.02420649
v -0.01499271 0.01923678 0.02438405
v -0.01492688 0.01495701 0.02294013
v -0.01532409 0.01567367 0.02297690
v -0.01541447 0.01591916 0.02302020
v -0.01333713 0.01356659 0.02336337
v -0.01420711 0.01417572 0.02308683
v -0.01440708 0.01435730 0.02303307
v -0.01482490 0.01481976 0.02295055
v -0.01049473 0.01269703 0.02413741
v -0.01074969 0.01272178 0.02408905
v -0.01170137 0.01290209 0.02386745
v -0.01204742 0.01300281 0.02377171
v -0.01230235 0.01308964 0.02369659
v -0.00826713 0.01293296 0.02436076
v -0.00725849 0.01336434 0.02434957
v -0.00693408 0.01356237 0.02433186
v -0.00677630 0.01367155 0.02432081
v -0.00880130 0.01279630 0.02433907
v -0.00933295 0.01271346 0.02429786
v -0.00994051 0.01267793 0.02422616
v -0.00510304 0.01580798 0.02410711
v -0.00531361 0.01535354 0.02414330
v -0.00561345 0.01485799 0.02419057
v -0.00597670 0.01439410 0.02424043
v -0.00473754 0.01767766 0.02405075
v -0.00474411 0.01744507 0.02404853
v -0.00491429 0.01637071 0.02407340
v -0.00527114 0.02000129 0.02425922
v -0.00511865 0.01966188 0.02420406
v -0.00493026 0.01911072 0.02413455
v -0.00474790 0.01803672 0.02406001
v -0.00677361 0.02179260 0.02477118
v -0.00674316 0.02177037 0.02476149
v -0.00596571 0.02105052 0.02450348
v -0.00562767 0.02061134 0.02438598
v -0.00894659 0.02264136 0.02534679
v -0.00872931 0.02260978 0.02530161
v -0.00814971 0.02247411 0.02516607
v -0.00718647 0.02205927 0.02489895
v -0.00978574 0.02267211 0.02548883
v -0.01056903 0.02257685 0.02556877
v -0.01482006 0.01954139 0.02453375
v -0.01412850 0.02047957 0.02497632
v -0.01362757 0.02099016 0.02519519
v -0.01320991 0.02134405 0.02533205
v -0.01226455 0.02196231 0.02552465
v -0.01161074 0.02226795 0.02558148
v -0.01138802 0.02235184 0.02558874
v -0.00653718 -0.01767767 0.02568483
v -0.00688339 -0.01905267 0.02581084
v -0.00782926 -0.02005924 0.02615511
v -0.00912134 -0.02042767 0.02662539
v -0.01041341 -0.02005924 0.02709566
v -0.01135928 -0.01905267 0.02743993
v -0.01170549 -0.01767767 0.02756594
v -0.01135928 -0.01630267 0.02743993
v -0.01041341 -0.01529610 0.02709566
v -0.00912134 -0.01492767 0.02662539
v -0.00782926 -0.01529610 0.02615511
v -0.00688339 -0.01630267 0.02581084
v -0.01368327 -0.01648109 0.02828580
v -0.01263819 -0.01436206 0.02790542
v -0.01078743 -0.01300259 0.02723180
v -0.00855500 -0.01271413 0.02641926
v -0.00645230 -0.01356275 0.02565394
v -0.00496105 -0.01535405 0.02511117
v -0.00442287 -0.01767767 0.02491529
v -0.00496105 -0.02000128 0.02511117
v -0.00645230 -0.02179259 0.02565394
v -0.00855500 -0.02264121 0.02641926
v -0.01078743 -0.02235275 0.02723180
v -0.01263819 -0.02099328 0.02790542
v -0.01368327 -0.01887425 0.02828580
v -0.01218952 -0.02200207 0.02553405
v -0.01316465 -0.02137909 0.02534476
v -0.01440314 -0.02014773 0.02482433
v -0.01362459 -0.02099290 0.02519630
v -0.01358922 -0.02102511 0.02520932
v -0.01010176 -0.02264779 0.02552766
v -0.00903885 -0.02265174 0.02536498
v -0.00894564 -0.02264124 0.02534660
v -0.01065765 -0.02255872 0.02557425
v -0.01138884 -0.02235154 0.02558873
v -0.01171034 -0.02222720 0.02557633
v -0.00677366 -0.02179263 0.02477120
v -0.00697450 -0.02193011 0.02483422
v -0.00747716 -0.02221240 0.02498447
v -0.00846399 -0.02255724 0.02524218
v -0.00522528 -0.01990596 0.02424271
v -0.00527114 -0.02000129 0.02425922
v -0.00578195 -0.02082460 0.02443994
v -0.00615916 -0.02126135 0.02456941
v -0.00473754 -0.01767766 0.02405075
v -0.00473752 -0.01773336 0.02405171
v -0.00477185 -0.01830435 0.02407176
v -0.00500915 -0.01936675 0.02416392
v -0.00544336 -0.01512261 0.02416442
v -0.00531350 -0.01535375 0.02414329
v -0.00499356 -0.01610676 0.02408759
v -0.00484747 -0.01664852 0.02406175
v -0.00693427 -0.01356224 0.02433188
v -0.00652952 -0.01386160 0.02430033
v -0.00577815 -0.01463318 0.02421420
v -0.00933263 -0.01271350 0.02429789
v -0.00874483 -0.01280812 0.02434229
v -0.00809744 -0.01298861 0.02436359
v -0.00711336 -0.01344878 0.02434249
v -0.00985638 -0.01267926 0.02423768
v -0.01090809 -0.01274215 0.02405663
v -0.01417962 -0.01415229 0.02309469
v -0.01392090 -0.01394723 0.02317272
v -0.01289228 -0.01333503 0.02351058
v -0.01206577 -0.01300870 0.02376642
v -0.01204698 -0.01300267 0.02377183
v -0.01554689 -0.01648343 0.02316724
v -0.01539309 -0.01585559 0.02300766
v -0.01533382 -0.01569754 0.02298049
v -0.01494140 -0.01497760 0.02293909
v -0.01482714 -0.01482266 0.02295027
v -0.01440639 -0.01435663 0.02303325
v -0.01482006 -0.01954139 0.02453375
v -0.01516762 -0.01887648 0.02420597
v -0.01530029 -0.01854837 0.02404451
v -0.01550329 -0.01783244 0.02370313
v -0.01558485 -0.01692803 0.02332081
v -0.01556737 -0.01664798 0.02322071
v 0.02677085 0.01356275 0.01356170
v 0.02466816 0.02264121 0.01432702
v 0.02677085 0.02179259 0.01356170
v 0.02243572 0.02235275 0.01513956
v 0.02058497 0.02099328 0.01581318
v 0.01953988 0.01887425 0.01619356
v 0.01953988 0.01648109 0.01619356
v 0.02058497 0.01436206 0.01581318
v 0.02243572 0.01300259 0.01513956
v 0.02466816 0.01271413 0.01432702
v 0.02311064 0.01299418 0.00669120
v 0.02291254 0.01293335 0.00665064
v 0.02250000 0.01282610 0.00659666
v 0.02236403 0.01279554 0.00660309
v 0.02826210 0.01535405 0.01301893
v 0.02880028 0.01767767 0.01282305
v 0.02826210 0.02000128 0.01301893
v 0.02668597 0.01767767 0.01359259
v 0.02633976 0.01630267 0.01371860
v 0.02539389 0.01529610 0.01406287
v 0.02410182 0.01492767 0.01453315
v 0.02280974 0.01529610 0.01500343
v 0.02186387 0.01630267 0.01534769
v 0.02151766 0.01767767 0.01547370
v 0.02186387 0.01905267 0.01534769
v 0.02280974 0.02005924 0.01500343
v 0.02410182 0.02042767 0.01453315
v 0.02539389 0.02005924 0.01406287
v 0.02633976 0.01905267 0.01371860
v -0.00164548 -0.01477778 0.03039588
v -0.00073237 -0.01551281 0.03006354
v 0.00196159 -0.01718518 0.02908302
v 0.00488793 -0.01833315 0.02801792
v 0.00592648 -0.01859871 0.02763992
v 0.01107615 -0.01893286 0.02576559
v 0.01012997 -0.01899087 0.02610997
v 0.00795733 -0.01892170 0.02690075
v 0.01978721 -0.01558626 0.02259502
v 0.01821117 -0.01663030 0.02316866
v 0.01708273 -0.01723930 0.02357937
v 0.01414920 -0.01836630 0.02464709
v 0.02163748 -0.01400941 0.02192158
v 0.02218011 -0.01345760 0.02172408
v 0.02418843 -0.01091830 0.02099311
v 0.02681977 -0.00492785 0.02003538
v 0.02631536 -0.00661023 0.02021897
v 0.02575087 -0.00804583 0.02042443
v 0.02439013 -0.01060602 0.02091970
v 0.02730563 -0.00224521 0.01985854
v 0.02736249 -0.00165950 0.01983785
v 0.02736249 0.00165950 0.01983785
v 0.02681977 0.00492785 0.02003538
v 0.02730563 0.00224521 0.01985854
v 0.02575087 0.00804583 0.02042443
v 0.02631536 0.00661023 0.02021897
v 0.02163748 0.01400941 0.02192158
v 0.02218011 0.01345760 0.02172408
v 0.02418843 0.01091830 0.02099311
v 0.02439013 0.01060602 0.02091970
v 0.01978721 0.01558626 0.02259502
v 0.01821117 0.01663030 0.02316866
v 0.01708273 0.01723930 0.02357937
v 0.01414920 0.01836630 0.02464709
v 0.01107615 0.01893286 0.02576559
v 0.01012997 0.01899087 0.02610997
v 0.00795733 0.01892170 0.02690075
v 0.00592648 0.01859871 0.02763992
v 0.00488793 0.01833315 0.02801792
v 0.00196159 0.01718518 0.02908302
v -0.00073237 0.01551281 0.03006354
v -0.00164548 0.01477778 0.03039588
v -0.01003464 0.01300000 0.02972467
v -0.01054768 0.01300000 0.02831513
v -0.00225191 0.01300000 0.02689199
v 0.00058764 0.01300000 0.02426221
v -0.00088383 0.01300000 0.03065076
v 0.00246875 0.01300000 0.02943052
v 0.00292367 0.01312500 0.02926494
v 0.00104256 0.01312500 0.02409663
v 0.00631715 0.01454900 0.02802981
v 0.00467308 0.01460997 0.02277523
v 0.00655419 0.01460997 0.02794354
v 0.00994037 0.01499860 0.02671107
v 0.00854674 0.01498252 0.02136533
v 0.01042785 0.01498252 0.02653364
v 0.01355069 0.01444369 0.02539702
v 0.01236861 0.01421427 0.01997428
v 0.01424972 0.01421427 0.02514259
v 0.01690629 0.01292145 0.02417568
v 0.01584768 0.01236372 0.01870801
v 0.01772879 0.01236372 0.02387631
v 0.01978245 0.01053381 0.02312884
v 0.01871904 0.00957178 0.01766292
v 0.02060015 0.00957178 0.02283122
v 0.02198655 0.00744069 0.02232662
v 0.02076407 0.00605102 0.01691859
v 0.02264518 0.00605102 0.02208689
v 0.02337096 0.00384924 0.02182273
v 0.02182705 0.00206953 0.01653169
v 0.02370816 0.00206953 0.02170000
v 0.02384296 -0.00000000 0.02165094
v 0.02182705 -0.00206953 0.01653169
v 0.02370816 -0.00206953 0.02170000
v 0.02337096 -0.00384924 0.02182273
v 0.02076407 -0.00605102 0.01691859
v 0.02264518 -0.00605102 0.02208689
v 0.02198655 -0.00744069 0.02232662
v 0.01871904 -0.00957178 0.01766292
v 0.02060015 -0.00957178 0.02283122
v 0.01978245 -0.01053381 0.02312884
v 0.01584768 -0.01236372 0.01870801
v 0.01772879 -0.01236372 0.02387631
v 0.01690629 -0.01292145 0.02417568
v 0.01236861 -0.01421427 0.01997428
v 0.01424972 -0.01421427 0.02514259
v 0.01355069 -0.01444369 0.02539702
v 0.00854674 -0.01498252 0.02136533
v 0.01042785 -0.01498252 0.02653364
v 0.00994037 -0.01499860 0.02671107
v 0.00467308 -0.01460997 0.02277523
v 0.00655419 -0.01460997 0.02794354
v 0.00631715 -0.01454900 0.02802981
v 0.00104256 -0.01312500 0.02409663
v 0.00292367 -0.01312500 0.02926494
v -0.00088383 -0.01300000 0.03065076
v 0.00246875 -0.01300000 0.02943052
v -0.00225191 -0.01300000 0.02689199
v 0.00058764 -0.01300000 0.02426221
v -0.01003464 -0.01300000 0.02972467
v -0.01054768 -0.01300000 0.02831513
v 0.00637381 -0.01503396 0.02854128
v 0.00547672 -0.01736825 0.02886779
v 0.00838457 -0.01792582 0.02780942
v 0.01384847 -0.01492515 0.02582073
v 0.01702969 -0.01633197 0.02466286
v 0.01731593 -0.01335216 0.02455867
v 0.01959182 -0.01476593 0.02373032
v 0.02028796 -0.01088494 0.02347694
v 0.01011781 -0.01549855 0.02717857
v 0.01133924 -0.01793640 0.02673401
v 0.01425056 -0.01739966 0.02567438
v 0.00270440 -0.01628069 0.02987683
v 0.00286722 -0.01356250 0.02981757
v 0.00015222 -0.01469634 0.03080575
v 0.00015222 0.01469634 0.03080575
v -0.00107412 0.01368036 0.03125210
v -0.00091236 0.01354733 0.03119323
v 0.01011781 0.01549855 0.02717857
v 0.00838457 0.01792582 0.02780942
v 0.00637381 0.01503396 0.02854128
v 0.00547672 0.01736825 0.02886779
v 0.00286722 0.01356250 0.02981757
v 0.00270440 0.01628069 0.02987683
v 0.00263976 0.01350000 0.02990036
v -0.00071282 0.01350000 0.03112060
v 0.01731593 0.01335216 0.02455867
v 0.01702969 0.01633197 0.02466286
v 0.01384847 0.01492515 0.02582073
v 0.01425056 0.01739966 0.02567438
v 0.01133924 0.01793640 0.02673401
v 0.02256552 0.00768871 0.02264798
v 0.02376140 0.01034365 0.02221271
v 0.02028796 0.01088494 0.02347694
v 0.02185879 0.01274931 0.02290521
v 0.01959182 0.01476593 0.02373032
v 0.02399608 -0.00397755 0.02212730
v 0.02676841 -0.00157215 0.02111825
v 0.02448382 -0.00000000 0.02194977
v 0.02676841 0.00157215 0.02111825
v 0.02399608 0.00397755 0.02212730
v 0.02625425 0.00466849 0.02130539
v 0.02524161 0.00762237 0.02167396
v -0.00091236 -0.01354733 0.03119323
v -0.00107412 -0.01368036 0.03125210
v -0.00071282 -0.01350000 0.03112060
v 0.00263976 -0.01350000 0.02990036
v 0.02185879 -0.01274931 0.02290521
v 0.02376140 -0.01034365 0.02221271
v 0.02256552 -0.00768871 0.02264798
v 0.02524161 -0.00762237 0.02167396
v 0.02625425 -0.00466849 0.02130539
v -0.05115198 0.02528784 -0.00095394
v -0.05115198 -0.02528784 -0.00095394
v -0.05089433 -0.02432330 -0.00070707
v -0.05214279 -0.02359122 -0.00233310
v -0.05097528 -0.02459211 -0.00077753
v -0.05106812 -0.02493470 -0.00086549
v -0.05228439 -0.02406663 -0.00246610
v -0.05244333 -0.02466978 -0.00264404
v -0.05173627 -0.02242097 -0.00203989
v -0.05051570 -0.02312245 -0.00045971
v -0.05148015 -0.02178287 -0.00190243
v -0.04978321 -0.02126391 -0.00020713
v -0.05094629 -0.02061583 -0.00169364
v -0.05010403 -0.01907568 -0.00150800
v -0.04900597 -0.01967230 -0.00012444
v -0.04972469 -0.01846737 -0.00146522
v -0.04798696 -0.01794214 -0.00019024
v -0.04682710 -0.01630252 -0.00042692
v -0.04573184 -0.01498854 -0.00076598
v -0.04437606 -0.01360715 -0.00130732
v -0.04899456 -0.01740793 -0.00143637
v -0.04772560 -0.01583499 -0.00151565
v -0.04652224 -0.01458154 -0.00170652
v -0.04502697 -0.01327362 -0.00206616
v -0.04342573 -0.01212391 -0.00257582
v -0.04292920 -0.01237905 -0.00200791
v -0.04202066 -0.01129881 -0.00311533
v -0.04166270 -0.01148424 -0.00271166
v -0.03856176 -0.00992149 -0.00475224
v -0.03857369 -0.00991508 -0.00476538
v -0.04012866 -0.01060391 -0.00366680
v -0.04031607 -0.01050532 -0.00387526
v -0.05661472 -0.01518405 -0.00533884
v -0.05500989 -0.01174448 -0.00599614
v -0.05194648 -0.00861999 -0.00729612
v -0.04991461 -0.01812849 -0.00185393
v -0.05164482 -0.02126975 -0.00226137
v -0.04770473 -0.01527710 -0.00196910
v -0.05045512 -0.00888477 -0.00701516
v -0.05167698 -0.00866367 -0.00725108
v -0.05648146 -0.01335616 -0.00563552
v -0.05746269 -0.01519760 -0.00533372
v -0.05704124 -0.01515375 -0.00535026
v -0.05626540 -0.01526472 -0.00530828
v -0.05583661 -0.01543206 -0.00524420
v -0.05540503 -0.01567576 -0.00514913
v -0.05497562 -0.01599229 -0.00502251
v -0.05486984 -0.01608152 -0.00498617
v -0.05439503 -0.01653658 -0.00479625
v -0.05393485 -0.01706311 -0.00456666
v -0.05349499 -0.01764707 -0.00429901
v -0.04924677 -0.00913697 -0.00672857
v -0.04806138 -0.00941163 -0.00639243
v -0.04690944 -0.00969917 -0.00600911
v -0.04580124 -0.00998980 -0.00558213
v -0.04512044 -0.01017279 -0.00528842
v -0.04405474 -0.01046203 -0.00477422
v -0.04310203 -0.01071885 -0.00424916
v -0.04226160 -0.01093924 -0.00372318
v -0.04511482 -0.01284413 -0.00260169
v -0.04571186 -0.01262932 -0.00311471
v -0.04641427 -0.01236658 -0.00364592
v -0.04722477 -0.01205994 -0.00418138
v -0.04775347 -0.01186166 -0.00449300
v -0.04862869 -0.01154157 -0.00495252
v -0.04955398 -0.01121996 -0.00537087
v -0.05051914 -0.01090914 -0.00574178
v -0.05151363 -0.01062120 -0.00606068
v -0.05252773 -0.01036708 -0.00632491
v -0.05275234 -0.01031672 -0.00637552
v -0.05366018 -0.01013674 -0.00655193
v -0.04810502 -0.01499275 -0.00245507
v -0.04859966 -0.01465384 -0.00296747
v -0.04919270 -0.01426580 -0.00349105
v -0.04958910 -0.01401786 -0.00379837
v -0.05025792 -0.01362121 -0.00425444
v -0.05097823 -0.01322616 -0.00467219
v -0.05174052 -0.01284694 -0.00504431
v -0.05253485 -0.01249747 -0.00536540
v -0.05335188 -0.01219029 -0.00563217
v -0.05353361 -0.01212953 -0.00568334
v -0.05427046 -0.01191272 -0.00586185
v -0.05018421 -0.01771307 -0.00229705
v -0.05053175 -0.01724094 -0.00276344
v -0.05096146 -0.01672003 -0.00323946
v -0.05125415 -0.01639497 -0.00351868
v -0.05175504 -0.01588437 -0.00393288
v -0.05230188 -0.01538482 -0.00431218
v -0.05288667 -0.01491192 -0.00464999
v -0.05350094 -0.01448081 -0.00494146
v -0.05413664 -0.01410500 -0.00518360
v -0.05427847 -0.01403099 -0.00523004
v -0.05485478 -0.01376763 -0.00539208
v -0.05543473 -0.01356404 -0.00551398
v -0.05601141 -0.01342386 -0.00559626
v -0.05186491 -0.02067968 -0.00264709
v -0.05214056 -0.02003420 -0.00304123
v -0.05247467 -0.01934437 -0.00343461
v -0.05269961 -0.01892307 -0.00366214
v -0.05308138 -0.01827256 -0.00399617
v -0.05107870 0.02497662 -0.00087611
v -0.05099121 0.02464802 -0.00079203
v -0.05089433 0.02432330 -0.00070707
v -0.05246114 0.02474335 -0.00266643
v -0.05231196 0.02416530 -0.00249452
v -0.05214279 0.02359122 -0.00233310
v -0.04226160 0.01093924 -0.00372318
v -0.04512044 0.01017279 -0.00528842
v -0.04580124 0.00998980 -0.00558213
v -0.05626540 0.01526472 -0.00530828
v -0.03857369 0.00991508 -0.00476538
v -0.05167698 0.00866367 -0.00725108
v -0.05194648 0.00861999 -0.00729612
v -0.05746269 0.01519760 -0.00533372
v -0.05704124 0.01515375 -0.00535026
v -0.05648146 0.01335616 -0.00563552
v -0.05500989 0.01174448 -0.00599614
v -0.05601141 0.01342386 -0.00559626
v -0.05366018 0.01013674 -0.00655193
v -0.05045512 0.00888477 -0.00701516
v -0.04031852 0.01050631 -0.00387409
v -0.04202268 0.01129988 -0.00311450
v -0.04380063 0.01237210 -0.00244599
v -0.04511482 0.01284413 -0.00260169
v -0.04466768 0.01299468 -0.00217006
v -0.04770473 0.01527710 -0.00196910
v -0.04741328 0.01548995 -0.00155557
v -0.04685197 0.01490531 -0.00164460
v -0.04538190 0.01356197 -0.00196987
v -0.04991461 0.01812849 -0.00185393
v -0.04972469 0.01846736 -0.00146522
v -0.04927232 0.01779544 -0.00143988
v -0.04803792 0.01619536 -0.00148318
v -0.05164482 0.02126975 -0.00226137
v -0.05114991 0.02103911 -0.00176286
v -0.05034372 0.01948460 -0.00154678
v -0.05189630 0.02285450 -0.00214238
v -0.05148015 0.02178286 -0.00190243
v -0.05661472 0.01518405 -0.00533884
v -0.05427046 0.01191272 -0.00586185
v -0.05543473 0.01356404 -0.00551398
v -0.05275234 0.01031672 -0.00637552
v -0.05583661 0.01543206 -0.00524420
v -0.05485478 0.01376763 -0.00539208
v -0.05353361 0.01212953 -0.00568334
v -0.05252773 0.01036708 -0.00632491
v -0.04924677 0.00913697 -0.00672857
v -0.05151363 0.01062120 -0.00606068
v -0.05335188 0.01219029 -0.00563217
v -0.05427847 0.01403099 -0.00523004
v -0.05540503 0.01567576 -0.00514913
v -0.04806138 0.00941163 -0.00639243
v -0.05051914 0.01090914 -0.00574178
v -0.05253485 0.01249747 -0.00536540
v -0.05413664 0.01410500 -0.00518360
v -0.05497562 0.01599229 -0.00502251
v -0.05175504 0.01588437 -0.00393288
v -0.05349499 0.01764707 -0.00429901
v -0.05308138 0.01827256 -0.00399617
v -0.05393485 0.01706311 -0.00456666
v -0.05230188 0.01538482 -0.00431218
v -0.05025792 0.01362121 -0.00425444
v -0.05439503 0.01653658 -0.00479625
v -0.05288667 0.01491192 -0.00464999
v -0.05097823 0.01322616 -0.00467219
v -0.04862869 0.01154157 -0.00495252
v -0.05486984 0.01608152 -0.00498617
v -0.05350094 0.01448081 -0.00494146
v -0.05174052 0.01284694 -0.00504431
v -0.04955398 0.01121996 -0.00537087
v -0.04690944 0.00969917 -0.00600911
v -0.04775347 0.01186166 -0.00449300
v -0.04958910 0.01401786 -0.00379837
v -0.05125415 0.01639497 -0.00351868
v -0.05269961 0.01892307 -0.00366214
v -0.04722477 0.01205994 -0.00418138
v -0.04919270 0.01426580 -0.00349105
v -0.05096146 0.01672003 -0.00323946
v -0.05247467 0.01934437 -0.00343461
v -0.04405474 0.01046203 -0.00477422
v -0.04641427 0.01236658 -0.00364592
v -0.04859966 0.01465384 -0.00296747
v -0.05053175 0.01724094 -0.00276344
v -0.05214056 0.02003420 -0.00304123
v -0.04310203 0.01071885 -0.00424916
v -0.04571186 0.01262932 -0.00311471
v -0.04810502 0.01499275 -0.00245507
v -0.05018421 0.01771307 -0.00229705
v -0.05186491 0.02067968 -0.00264709
v -0.05066459 0.02356770 -0.00054387
v -0.04922681 0.02009542 -0.00013373
v -0.04997165 0.02170037 -0.00025182
v -0.04711206 0.01667896 -0.00035578
v -0.04824161 0.01834484 -0.00015927
v -0.04603154 0.01532872 -0.00066361
v -0.04469743 0.01391285 -0.00116818
v -0.03856176 0.00992149 -0.00475224
v -0.04013086 0.01060503 -0.00366535
v -0.04166451 0.01148541 -0.00271059
v -0.04326757 0.01264564 -0.00183373
v -0.01028578 0.02687561 0.02591836
v -0.01003431 0.02542066 0.02579152
v -0.02147674 0.01257667 0.01415277
v -0.01401174 0.01390927 0.02312617
v -0.00968801 0.02419069 0.02562843
v -0.01641064 0.01806006 0.02342185
v -0.01644591 0.02101967 0.02456599
v -0.01423206 0.02197643 0.02536699
v -0.01195441 0.02304517 0.02572507
v -0.00693058 0.01318926 0.02432459
v -0.00695378 0.01257667 0.02432186
v -0.01077405 0.01257667 0.02408342
v -0.01428953 0.01284219 0.02287462
v -0.01413151 0.01337139 0.02299456
v -0.01703889 0.01343176 0.02116915
v -0.01683374 0.01403841 0.02150268
v -0.01664953 0.01484949 0.02192245
v -0.01650146 0.01597139 0.02247292
v -0.00904831 0.02754658 0.02561898
v -0.01001012 0.02723151 0.02586920
v -0.01170059 0.02676105 0.02612727
v -0.01235530 0.02641227 0.02615636
v -0.01344719 0.02637265 0.02616731
v -0.01444141 0.02597071 0.02607021
v -0.01452691 0.02617634 0.02608104
v -0.01649563 0.02556121 0.02566191
v -0.01626875 0.02592230 0.02576169
v -0.01798241 0.02573970 0.02521851
v -0.01847024 0.02519327 0.02494095
v -0.01893764 0.02566373 0.02480749
v -0.02031935 0.02487544 0.02392409
v -0.02052516 0.02557356 0.02392690
v -0.01994607 0.01257667 0.01766110
v -0.02141318 0.01263739 0.01437796
v -0.01721194 0.01305477 0.02094632
v -0.01741138 0.01272323 0.02073053
v -0.01438695 0.01257667 0.02281921
v -0.02128957 0.01280399 0.01482432
v -0.02117243 0.01302161 0.01527510
v -0.02101906 0.01340965 0.01593489
v -0.02086045 0.01397876 0.01674721
v -0.02070037 0.01483894 0.01779380
v -0.02051752 0.01663143 0.01957965
v -0.02039494 0.01956349 0.02175450
v -0.01852302 0.02020643 0.02334845
v -0.01862704 0.01721717 0.02172275
v -0.01883473 0.01525857 0.02037865
v -0.01904143 0.01427196 0.01959181
v -0.01925980 0.01359886 0.01898354
v -0.01948069 0.01312907 0.01849193
v -0.01965524 0.01286109 0.01815753
v -0.01984536 0.01265326 0.01782743
v -0.01752242 0.01257667 0.02062373
v -0.01218690 0.02451353 0.02595561
v -0.01435513 0.02365789 0.02573174
v -0.01647833 0.02287767 0.02512617
v -0.01849712 0.02219472 0.02415585
v -0.02035500 0.02162812 0.02284792
v -0.01019170 0.02618783 0.02586931
v -0.01229282 0.02549016 0.02607511
v -0.01441047 0.02482815 0.02592997
v -0.01649125 0.02421848 0.02543757
v -0.01848266 0.02367654 0.02461030
v -0.02033448 0.02321599 0.02346905
v -0.00597889 -0.00400000 0.02421435
v -0.00695378 -0.01257667 0.02432186
v -0.00695378 -0.00400000 0.02432186
v -0.00883003 -0.00400000 0.02433638
v -0.01077405 -0.01257667 0.02408342
v -0.01077405 -0.00400000 0.02408342
v -0.01164669 -0.00400000 0.02387773
v -0.01438695 -0.01257667 0.02281921
v -0.01431182 -0.00400000 0.02285744
v -0.01671470 -0.00400000 0.02131792
v -0.01752242 -0.01257667 0.02062373
v -0.01752242 -0.00400000 0.02062373
v -0.01875547 -0.00400000 0.01932314
v -0.01994607 -0.01257667 0.01766110
v -0.01994607 -0.00400000 0.01766110
v -0.02034935 -0.00400000 0.01695597
v -0.02147674 -0.01257667 0.01415277
v -0.02143010 -0.00400000 0.01431478
v -0.02193940 -0.00400000 0.01166217
v -0.02193940 0.00400000 0.01166217
v -0.02143010 0.00400000 0.01431478
v -0.02034935 0.00400000 0.01695597
v -0.01994607 0.00400000 0.01766110
v -0.01875547 0.00400000 0.01932314
v -0.01752242 0.00400000 0.02062373
v -0.01671470 0.00400000 0.02131792
v -0.01431182 0.00400000 0.02285744
v -0.01164669 0.00400000 0.02387773
v -0.01077405 0.00400000 0.02408342
v -0.00883003 0.00400000 0.02433638
v -0.00695378 0.00400000 0.02432186
v -0.00597889 0.00400000 0.02421435
v -0.02032068 -0.02469876 0.02388489
v -0.02035738 -0.02147299 0.02277721
v -0.02052001 -0.01659513 0.01954747
v -0.00997739 -0.02724164 0.02586197
v -0.00963902 -0.02403842 0.02560584
v -0.01075600 -0.01268290 0.02408745
v -0.01403137 -0.01380884 0.02310098
v -0.01419880 -0.01312762 0.02293794
v -0.01641098 -0.01802032 0.02340475
v -0.01644170 -0.02081051 0.02449450
v -0.01652324 -0.01575034 0.02236678
v -0.01667833 -0.01469608 0.02184471
v -0.01686470 -0.01393195 0.02144569
v -0.01706902 -0.01335886 0.02112729
v -0.01436184 -0.01264170 0.02283242
v -0.00694526 -0.01273164 0.02432151
v -0.01192185 -0.02287044 0.02569450
v -0.01421509 -0.02178229 0.02531986
v -0.02107078 -0.02555195 0.02355887
v -0.02030892 -0.02558339 0.02406285
v -0.01847140 -0.02503300 0.02491255
v -0.01870370 -0.02568074 0.02491583
v -0.01700010 -0.02583671 0.02555889
v -0.01649547 -0.02542047 0.02564272
v -0.01611357 -0.02594199 0.02579938
v -0.01443911 -0.02585210 0.02605831
v -0.01436293 -0.02620414 0.02609959
v -0.01235047 -0.02631780 0.02614959
v -0.01259849 -0.02654988 0.02617580
v -0.01027844 -0.02680664 0.02591442
v -0.01166659 -0.02676955 0.02612425
v -0.01730014 -0.01289636 0.02084647
v -0.01749458 -0.01261111 0.02064979
v -0.02146118 -0.01258988 0.01420799
v -0.02134569 -0.01272056 0.01461911
v -0.02119354 -0.01297783 0.01519112
v -0.02104345 -0.01333888 0.01582321
v -0.02088719 -0.01386740 0.01659794
v -0.02072758 -0.01466342 0.01759309
v -0.01852689 -0.01998775 0.02324616
v -0.01862954 -0.01717864 0.02169856
v -0.01886863 -0.01506000 0.02022759
v -0.01907743 -0.01414162 0.01947983
v -0.01929433 -0.01351388 0.01890015
v -0.01951177 -0.01307543 0.01842954
v -0.01974074 -0.01275735 0.01800567
v -0.01992119 -0.01259340 0.01770188
v -0.02040064 -0.01934164 0.02161675
v -0.01849868 -0.02204796 0.02410391
v -0.01647649 -0.02274302 0.02509039
v -0.01434802 -0.02353849 0.02570872
v -0.01217350 -0.02441186 0.02594143
v -0.01001444 -0.02533842 0.02578193
v -0.02033656 -0.02303039 0.02340595
v -0.01848423 -0.02350507 0.02456429
v -0.01649026 -0.02406495 0.02540619
v -0.01440549 -0.02469577 0.02591018
v -0.01228309 -0.02538143 0.02606341
v -0.01017718 -0.02610445 0.02586196
v -0.01439760 -0.02592843 0.03078056
v -0.00886099 -0.02725878 0.02876540
v -0.00904267 -0.02720001 0.02883153
v -0.01919209 -0.02550678 0.03252561
v -0.01480329 0.02586713 0.03092822
v -0.01439760 0.02592843 0.03078056
v -0.01919209 0.02550678 0.03252561
v -0.00886099 0.02725878 0.02876540
v -0.00904267 0.02720001 0.02883153
v 0.00282265 0.00322354 0.02121159
v 0.00282265 -0.00322354 0.02121159
v 0.00239719 0.00250000 0.02104751
v 0.00239719 -0.00250000 0.02104751
v 0.00172037 -0.00187868 0.02078650
v -0.02165288 -0.00274670 0.01177266
v -0.02189723 -0.00350894 0.01167843
v -0.02192462 -0.00370855 0.01166787
v -0.02151281 -0.00248963 0.01182668
v -0.02182818 0.00320718 0.01170506
v -0.02099802 -0.00186162 0.01202521
v -0.02137253 0.00228092 0.01188078
v -0.02101316 0.00187577 0.01201937
v -0.02009981 -0.00128008 0.01237160
v -0.02082512 -0.00171287 0.01209189
v -0.02179145 0.00308848 0.01171922
v -0.02143219 0.00236502 0.01185777
v -0.01995903 0.00122340 0.01242589
v -0.01959619 -0.00110973 0.01256582
v -0.02071763 0.00163094 0.01213334
v -0.02079500 0.00168915 0.01210350
v -0.01983355 0.00117900 0.01247429
v -0.01893611 0.00100731 0.01282038
v -0.01870027 -0.00100000 0.01291133
v -0.01870027 0.00100000 0.01291133
v -0.00129111 -0.00100000 0.01962513
v -0.00129111 0.00100000 0.01962513
v -0.00018883 -0.00110222 0.02005022
v -0.00018883 0.00110222 0.02005022
v 0.00083833 -0.00140192 0.02044634
v 0.00083833 0.00140192 0.02044634
v 0.00172037 0.00187868 0.02078650
v -0.01089251 -0.00100000 0.01865020
v -0.01096470 -0.00100000 0.01782513
v -0.01369388 -0.00100000 0.01734391
v -0.01404390 -0.00100000 0.01809453
v -0.01645073 -0.00100000 0.01740268
v -0.01484726 -0.00100000 0.01897001
v -0.01143974 -0.00100000 0.01714670
v -0.01219037 -0.00100000 0.01679667
v -0.01301544 -0.00100000 0.01686886
v -0.01855222 -0.00100000 0.01346754
v -0.01770306 -0.00100000 0.01554277
v -0.01397171 -0.00100000 0.01891960
v -0.01349667 -0.00100000 0.01959804
v -0.01295929 -0.00100000 0.02017963
v -0.01274604 -0.00100000 0.01994806
v -0.01086525 -0.00100000 0.02098128
v -0.01192097 -0.00100000 0.01987587
v -0.00865217 -0.00100000 0.02134166
v -0.01124253 -0.00100000 0.01940083
v -0.00641198 -0.00100000 0.02124578
v -0.00423778 -0.00100000 0.02069763
v -0.01143974 0.00100000 0.01714670
v -0.01219037 0.00100000 0.01679667
v -0.01301544 0.00100000 0.01686886
v -0.01369388 0.00100000 0.01734391
v -0.01096470 0.00100000 0.01782513
v -0.01089251 0.00100000 0.01865020
v -0.00423778 0.00100000 0.02069763
v -0.01855222 0.00100000 0.01346754
v -0.01770306 0.00100000 0.01554277
v -0.01404390 0.00100000 0.01809453
v -0.01645073 0.00100000 0.01740268
v -0.01397171 0.00100000 0.01891960
v -0.01484726 0.00100000 0.01897001
v -0.01349667 0.00100000 0.01959804
v -0.01295929 0.00100000 0.02017963
v -0.01274604 0.00100000 0.01994806
v -0.01192097 0.00100000 0.01987587
v -0.01086525 0.00100000 0.02098128
v -0.01124253 0.00100000 0.01940083
v -0.00865217 0.00100000 0.02134166
v -0.00641198 0.00100000 0.02124578
v 0.00522996 -0.00601824 0.02257254
v 0.00405661 -0.00445248 0.02299960
v -0.01469061 -0.00698375 0.02982303
v -0.01305870 -0.01136364 0.02922907
v 0.00363785 -0.00250000 0.02315202
v -0.01243314 -0.01223027 0.02900138
v -0.01155740 -0.01280096 0.02868264
v 0.00405661 0.00445248 0.02299960
v 0.00522996 0.00601824 0.02257254
v -0.01305870 0.01136364 0.02922907
v -0.01469061 0.00698375 0.02982303
v 0.00363785 0.00250000 0.02315202
v -0.01552132 0.00235581 0.03012539
v -0.01552132 -0.00235581 0.03012539
v -0.01155740 0.01280096 0.02868264
v -0.01243314 0.01223027 0.02900138
v 0.00880742 0.00688718 0.02127045
v 0.00692551 0.00688718 0.02195541
v 0.01209508 0.00250000 0.02007384
v 0.01167632 0.00445248 0.02022626
v 0.01050296 0.00601824 0.02065332
v 0.01167632 -0.00445248 0.02022626
v 0.01209508 -0.00250000 0.02007384
v 0.00692551 -0.00688718 0.02195541
v 0.00880742 -0.00688718 0.02127045
v 0.01050296 -0.00601824 0.02065332
v -0.01254566 0.01136364 0.03063860
v -0.01417758 0.00698375 0.03123257
v -0.01500829 0.00235581 0.03153493
v -0.01500829 -0.00235581 0.03153493
v -0.01417758 -0.00698375 0.03123257
v -0.01254566 -0.01136364 0.03063860
v -0.02258823 -0.01054538 0.00333219
v -0.02462866 -0.01079525 0.00200623
v -0.02679393 -0.01106141 0.00085653
v -0.02612596 -0.01097892 0.00115217
v -0.02567517 -0.01092440 0.00138896
v -0.02754877 -0.01127703 0.00150022
v -0.02763663 -0.01126628 0.00131579
v -0.02726072 -0.01110778 0.00106692
v -0.02688481 -0.01107313 0.00082410
v -0.02754235 -0.01117224 0.00072888
v -0.02730648 -0.01113180 0.00071953
v -0.02722026 -0.01111895 0.00073256
v -0.02767081 -0.01125982 0.00122721
v -0.02772058 -0.01123818 0.00100682
v -0.02772155 -0.01123399 0.00097433
v -0.02769004 -0.01121057 0.00083675
v -0.02761267 -0.01118757 0.00075791
v -0.02674634 -0.01129598 0.00263896
v -0.02729426 -0.01129185 0.00191754
v -0.02743692 -0.01128539 0.00169647
v -0.02595823 -0.01127127 0.00352975
v -0.02422799 -0.01118220 0.00529596
v -0.02359130 -0.01114703 0.00591516
v -0.02228616 -0.01090968 0.00276455
v -0.02441218 -0.01100337 0.00150858
v -0.02628906 -0.01159782 0.00375158
v -0.02707418 -0.01154031 0.00279921
v -0.02760345 -0.01145822 0.00200649
v -0.02773526 -0.01142568 0.00175705
v -0.02790618 -0.01135926 0.00131512
v -0.02793089 -0.01134139 0.00120895
v -0.02794898 -0.01129085 0.00093520
v -0.02794382 -0.01128236 0.00089313
v -0.02787816 -0.01124093 0.00070553
v -0.02776777 -0.01120822 0.00058253
v -0.02767588 -0.01118988 0.00052647
v -0.02738560 -0.01115161 0.00045421
v -0.02728295 -0.01114184 0.00044959
v -0.02678876 -0.01110750 0.00050652
v -0.02603921 -0.01107277 0.00073375
v -0.02554342 -0.01105294 0.00093864
v -0.02393585 -0.01166316 0.00620253
v -0.02457242 -0.01165153 0.00557137
v -0.02359130 0.01114703 0.00591516
v -0.02754877 0.01127703 0.00150022
v -0.02743692 0.01128539 0.00169647
v -0.02729426 0.01129185 0.00191754
v -0.02674634 0.01129598 0.00263896
v -0.02595823 0.01127127 0.00352975
v -0.02422799 0.01118220 0.00529596
v -0.02767081 0.01125982 0.00122721
v -0.02763663 0.01126628 0.00131579
v -0.02726072 0.01110778 0.00106692
v -0.02772058 0.01123818 0.00100682
v -0.02772155 0.01123399 0.00097433
v -0.02761267 0.01118757 0.00075791
v -0.02769004 0.01121057 0.00083675
v -0.02688481 0.01107313 0.00082410
v -0.02722026 0.01111895 0.00073256
v -0.02730648 0.01113180 0.00071953
v -0.02754235 0.01117224 0.00072888
v -0.02258823 0.01054538 0.00333219
v -0.02462866 0.01079525 0.00200623
v -0.02567517 0.01092440 0.00138896
v -0.02612596 0.01097892 0.00115217
v -0.02679393 0.01106141 0.00085653
v -0.02441218 0.01100337 0.00150858
v -0.02228616 0.01090968 0.00276455
v -0.02628906 0.01159782 0.00375158
v -0.02707418 0.01154031 0.00279921
v -0.02760345 0.01145822 0.00200649
v -0.02773526 0.01142568 0.00175705
v -0.02790618 0.01135926 0.00131512
v -0.02793089 0.01134139 0.00120895
v -0.02794898 0.01129085 0.00093520
v -0.02794382 0.01128236 0.00089313
v -0.02787816 0.01124093 0.00070553
v -0.02776777 0.01120822 0.00058253
v -0.02767588 0.01118988 0.00052647
v -0.02738560 0.01115161 0.00045421
v -0.02678876 0.01110750 0.00050652
v -0.02728295 0.01114184 0.00044959
v -0.02603921 0.01107277 0.00073375
v -0.02554342 0.01105294 0.00093864
v -0.02393585 0.01166316 0.00620253
v -0.02457242 0.01165153 0.00557137
v -0.01192011 -0.01223027 0.03041092
v -0.01104437 -0.01280096 0.03009218
v -0.01104437 0.01280096 0.03009218
v -0.01192011 0.01223027 0.03041092
v -0.00372475 0.00140192 0.02210716
v -0.00384512 0.00122836 0.02177644
v -0.00624624 0.00122836 0.02238180
v -0.00334918 0.00250000 0.02313902
v -0.00351224 0.00187868 0.02269101
v -0.00610574 0.00187868 0.02334487
v -0.02121104 0.00285195 0.01425029
v -0.02058719 0.00187868 0.01406663
v -0.01965354 0.00122836 0.01379177
v -0.02014791 0.00285195 0.01684840
v -0.01858003 0.00285195 0.01917695
v -0.01657255 0.00285195 0.02113920
v -0.01420887 0.00285195 0.02265361
v -0.01158721 0.00285195 0.02365725
v -0.00881649 0.00285195 0.02410842
v -0.00601185 0.00285195 0.02398838
v -0.00328982 0.00285195 0.02330211
v -0.00877794 0.00187868 0.02345924
v -0.01141781 0.00187868 0.02302938
v -0.01391567 0.00187868 0.02207313
v -0.01616774 0.00187868 0.02063024
v -0.01808043 0.00187868 0.01876065
v -0.01957427 0.00187868 0.01654205
v -0.00872023 0.00122836 0.02248769
v -0.01116430 0.00122836 0.02208970
v -0.01347688 0.00122836 0.02120439
v -0.01556190 0.00122836 0.01986852
v -0.01733271 0.00122836 0.01813761
v -0.01871575 0.00122836 0.01608358
v -0.00601185 -0.00285195 0.02398838
v -0.00328982 -0.00285195 0.02330211
v -0.00872023 -0.00122836 0.02248769
v -0.00624624 -0.00122836 0.02238180
v -0.00610574 -0.00187868 0.02334487
v -0.01871575 -0.00122836 0.01608358
v -0.01733271 -0.00122836 0.01813761
v -0.01808043 -0.00187868 0.01876065
v -0.00384512 -0.00122836 0.02177644
v -0.01347688 -0.00122836 0.02120439
v -0.02121104 -0.00285195 0.01425029
v -0.01965354 -0.00122836 0.01379177
v -0.02058719 -0.00187868 0.01406663
v -0.01657255 -0.00285195 0.02113920
v -0.01616774 -0.00187868 0.02063024
v -0.01556190 -0.00122836 0.01986852
v -0.00877794 -0.00187868 0.02345924
v -0.01141781 -0.00187868 0.02302938
v -0.01116430 -0.00122836 0.02208970
v -0.02014791 -0.00285195 0.01684840
v -0.01158721 -0.00285195 0.02365725
v -0.00881649 -0.00285195 0.02410842
v -0.00372475 -0.00140192 0.02210716
v -0.00351224 -0.00187868 0.02269101
v -0.00334918 -0.00250000 0.02313902
v -0.01858003 -0.00285195 0.01917695
v -0.01957427 -0.00187868 0.01654205
v -0.01391567 -0.00187868 0.02207313
v -0.01420887 -0.00285195 0.02265361
v -0.00164335 -0.01471131 0.03057462
v -0.00058046 -0.01546234 0.03037658
v -0.00162185 -0.01461737 0.03075335
v -0.00033161 -0.01527367 0.03067016
v -0.00153362 -0.01439673 0.03102646
v -0.00005671 -0.01497894 0.03081602
v -0.00132108 -0.01402367 0.03124800
v -0.00005671 0.01497894 0.03081602
v -0.00134302 0.01405778 0.03123728
v -0.00113602 0.01376031 0.03126905
v 0.00254454 -0.01659375 0.02986924
v 0.00537017 -0.01770222 0.02884080
v 0.00833394 -0.01827051 0.02776207
v 0.01134542 -0.01828129 0.02666599
v 0.01431272 -0.01773423 0.02558598
v 0.01714528 -0.01664601 0.02455501
v 0.01975669 -0.01504986 0.02360453
v 0.02206724 -0.01299446 0.02276356
v 0.02400644 -0.01054255 0.02205775
v 0.02551511 -0.00776894 0.02150864
v 0.02654722 -0.00475826 0.02113298
v 0.02707127 -0.00160238 0.02094224
v 0.02707127 0.00160238 0.02094224
v 0.02654722 0.00475826 0.02113298
v 0.02551511 0.00776894 0.02150864
v 0.02400644 0.01054255 0.02205775
v 0.02206724 0.01299446 0.02276356
v 0.01975669 0.01504986 0.02360453
v 0.01714528 0.01664601 0.02455501
v 0.01431272 0.01773423 0.02558598
v 0.01134542 0.01828129 0.02666599
v 0.00833394 0.01827051 0.02776207
v 0.00537017 0.01770222 0.02884080
v 0.00254454 0.01659375 0.02986924
v -0.00058046 0.01546234 0.03037658
v -0.00158070 0.01450247 0.03091390
v -0.00149596 0.01432133 0.03109122
v 0.00210474 0.01712927 0.02939924
v 0.00502156 0.01827351 0.02833761
v 0.01717669 0.01718322 0.02391350
v 0.01425271 0.01830656 0.02497775
v 0.01118965 0.01887127 0.02609261
v 0.00808098 0.01886015 0.02722407
v 0.01987237 0.01553555 0.02293236
v 0.02425927 0.01088278 0.02133565
v 0.02225749 0.01341383 0.02206424
v 0.02581663 0.00801966 0.02076882
v 0.02688205 0.00491182 0.02038104
v 0.02742301 0.00165410 0.02018415
v 0.02742301 -0.00165410 0.02018415
v 0.02581663 -0.00801966 0.02076882
v 0.02688205 -0.00491182 0.02038104
v 0.02225749 -0.01341383 0.02206424
v 0.02425927 -0.01088278 0.02133565
v 0.01987237 -0.01553555 0.02293236
v 0.01717669 -0.01718322 0.02391350
v 0.01425271 -0.01830656 0.02497775
v 0.01118965 -0.01887127 0.02609261
v 0.00210474 -0.01712927 0.02939924
v 0.00502156 -0.01827351 0.02833761
v 0.00808098 -0.01886015 0.02722407
v 0.00232083 -0.01692026 0.02970475
v 0.00520205 -0.01805054 0.02865607
v 0.00822414 -0.01863001 0.02755612
v 0.01129487 -0.01864101 0.02643847
v 0.01432056 -0.01808318 0.02533721
v 0.01720886 -0.01697355 0.02428595
v 0.01987165 -0.01534599 0.02331678
v 0.02222767 -0.01325015 0.02245926
v 0.02420502 -0.01074999 0.02173956
v 0.02574338 -0.00792180 0.02117964
v 0.02679580 -0.00485188 0.02079659
v 0.02733016 -0.00163391 0.02060210
v 0.02733016 0.00163391 0.02060210
v 0.02679580 0.00485188 0.02079659
v 0.02574338 0.00792180 0.02117964
v 0.02420502 0.01074999 0.02173956
v 0.02222767 0.01325015 0.02245926
v 0.01987165 0.01534599 0.02331678
v 0.01720886 0.01697355 0.02428595
v 0.01432056 0.01808318 0.02533721
v 0.01129487 0.01864101 0.02643847
v 0.00822414 0.01863001 0.02755612
v 0.00520205 0.01805054 0.02865607
v 0.00232083 0.01692026 0.02970475
v -0.00033161 0.01527367 0.03067016
v -0.00137817 0.01411403 0.03121565
v -0.00253660 0.01305339 0.02705242
v -0.00128291 0.01309466 0.03079601
v -0.00160643 0.01336072 0.03091376
v -0.00281374 0.01328881 0.02740382
v -0.00173323 0.01465830 0.03051796
v -0.00179449 0.01453524 0.03061849
v -0.00186787 0.01420007 0.03081181
v -0.00180506 0.01373494 0.03093893
v -0.00181738 -0.01377428 0.03093419
v -0.00183638 -0.01384600 0.03092257
v -0.00186971 -0.01411468 0.03084660
v -0.00184979 -0.01434669 0.03073928
v -0.00178093 -0.01366821 0.03094419
v -0.00166695 -0.01344576 0.03093280
v -0.00160643 -0.01336072 0.03091376
v -0.00281374 -0.01328881 0.02740382
v -0.00128291 -0.01309466 0.03079601
v -0.00253660 -0.01305339 0.02705242
v -0.02929648 -0.02530975 0.02588117
v -0.04624027 -0.02542425 0.01338523
v -0.03771573 -0.02535774 0.01956868
v -0.03025873 -0.02378773 0.02706041
v -0.02103517 -0.02528951 0.03238722
v -0.02987725 -0.02470635 0.02659290
v -0.02167772 -0.02462192 0.03317467
v -0.02209979 -0.02360558 0.03369191
v -0.03814999 -0.02490657 0.02010086
v -0.04647152 -0.02518399 0.01366862
v -0.03843523 -0.02421970 0.02045042
v -0.04662342 -0.02481821 0.01385477
v -0.02171658 -0.02372122 0.03394159
v -0.02107122 -0.02469007 0.03357951
v -0.02018549 -0.02529204 0.03308241
v -0.03025873 0.02378773 0.02706041
v -0.04662342 0.02481821 0.01385477
v -0.03843523 0.02421970 0.02045042
v -0.02929648 0.02530975 0.02588117
v -0.02209979 0.02360558 0.03369191
v -0.02987725 0.02470635 0.02659290
v -0.02167772 0.02462192 0.03317467
v -0.02103517 0.02528951 0.03238722
v -0.03814999 0.02490657 0.02010086
v -0.04647152 0.02518399 0.01366862
v -0.03771573 0.02535774 0.01956868
v -0.04624027 0.02542425 0.01338523
v -0.02018966 0.02529026 0.03308475
v -0.02107641 0.02468486 0.03358242
v -0.02171841 0.02371683 0.03394261
v 0.03821242 -0.00000000 0.01175000
v 0.03829509 0.00062158 0.01173355
v 0.02250000 0.01172071 0.00082908
v 0.02250000 0.01171605 0.00089257
v 0.02666835 0.01174863 0.00017939
v 0.02250000 0.01149863 -0.00241743
v 0.02250000 0.01175000 0.00000000
v 0.02250000 0.01174969 0.00008494
v 0.02250000 0.01173438 0.00060560
v 0.02250000 -0.01171605 0.00089257
v 0.02250000 -0.01171636 0.00088847
v 0.02666835 -0.01174863 0.00017939
v 0.02250000 -0.01174256 0.00041819
v 0.02250000 -0.01174969 0.00008494
v 0.02250000 -0.01149863 -0.00241743
v 0.02250000 -0.01175000 0.00000000
v 0.02250000 -0.01100205 -0.00412522
v 0.02250000 -0.01025339 -0.00573850
v 0.02250000 -0.00926983 -0.00722031
v 0.02250000 -0.00807388 -0.00853669
v 0.02250000 -0.00669295 -0.00965748
v 0.02250000 -0.00515868 -0.01055702
v 0.02250000 -0.00350622 -0.01121468
v 0.02250000 -0.00177342 -0.01161540
v 0.02250000 -0.00000000 -0.01175000
v 0.02250000 0.00177342 -0.01161540
v 0.02250000 0.00350622 -0.01121468
v 0.02250000 0.00515868 -0.01055702
v 0.02250000 0.00669295 -0.00965748
v 0.02250000 0.00807388 -0.00853669
v 0.02250000 0.00926983 -0.00722031
v 0.02250000 0.01025339 -0.00573850
v 0.02250000 0.01100205 -0.00412522
v 0.02785566 -0.00000000 0.01220910
v 0.02823335 -0.00150000 0.01207164
v 0.02926520 -0.00259808 0.01169607
v 0.03067474 -0.00300000 0.01118304
v 0.03208428 -0.00259808 0.01067001
v 0.03311613 -0.00150000 0.01029445
v 0.03349382 -0.00000000 0.01015698
v 0.03311613 0.00150000 0.01029445
v 0.03208428 0.00259808 0.01067001
v 0.03067474 0.00300000 0.01118304
v 0.02926520 0.00259808 0.01169607
v 0.02823335 0.00150000 0.01207164
v 0.03067474 -0.00000000 0.01118304
v 0.02250000 -0.01197112 0.00422833
v 0.02766215 -0.01225493 0.00331603
v 0.02250000 -0.01257197 0.00605146
v 0.02250000 -0.01204967 0.00454333
v 0.02250000 -0.01171188 0.00251393
v 0.02250000 -0.01194343 0.00410664
v 0.02766215 0.01225493 0.00331603
v 0.02250000 0.01197108 0.00422815
v 0.02250000 0.01222045 0.00512153
v 0.02250000 0.01225179 0.00521618
v 0.02250000 0.01263502 0.00619449
v 0.02250000 0.01279449 0.00653306
v 0.02250000 0.01190849 0.00394298
v 0.02250000 0.01170070 0.00233633
v 0.02204429 -0.01196956 0.00477989
v 0.02232612 -0.01268459 0.00639842
v 0.02218446 -0.01230238 0.00561152
v 0.02184873 -0.01159335 0.00353395
v 0.02176179 -0.01146303 0.00294647
v 0.02152288 -0.01124197 0.00121473
v 0.02139313 -0.01119203 0.00009610
v 0.02143071 -0.01120463 0.00055405
v 0.02152184 -0.01124153 0.00120897
v 0.02139290 -0.01119211 0.00000000
v 0.02139290 -0.01095268 -0.00230265
v 0.02139290 -0.01047967 -0.00392936
v 0.02139290 -0.00976657 -0.00546604
v 0.02139290 -0.00882970 -0.00687749
v 0.02139290 -0.00769053 -0.00813137
v 0.02139290 -0.00637517 -0.00919895
v 0.02139290 -0.00491374 -0.01005577
v 0.02139290 -0.00333974 -0.01068221
v 0.02139290 -0.00168922 -0.01106390
v 0.02139290 -0.00000000 -0.01119211
v 0.02139290 0.00168922 -0.01106390
v 0.02139290 0.00333974 -0.01068221
v 0.02139290 0.00491374 -0.01005577
v 0.02139290 0.00637517 -0.00919895
v 0.02139290 0.00769053 -0.00813137
v 0.02139290 0.00882970 -0.00687749
v 0.02139290 0.00976657 -0.00546604
v 0.02139290 0.01047967 -0.00392936
v 0.02139290 0.01095268 -0.00230265
v 0.02139290 0.01119211 0.00000000
v 0.02152288 0.01124197 0.00121473
v 0.02177058 0.01147509 0.00300686
v 0.02236359 0.01279162 0.00659562
v 0.02230463 0.01262409 0.00628293
v 0.02214374 0.01220070 0.00537519
v 0.02198672 0.01184758 0.00442364
v 0.02139313 0.01119203 0.00009610
v 0.02150736 0.01123549 0.00112549
v 0.02146100 0.01121645 0.00081352
v 0.02458347 -0.02134348 0.00956904
v 0.02417026 -0.02156817 0.00971944
v 0.02409042 -0.02153333 0.00954488
v 0.02295030 -0.02190761 0.01016347
v 0.02238115 -0.02192328 0.01037062
v 0.02231734 -0.02188525 0.01019022
v 0.02208677 -0.02189738 0.01047777
v 0.02177428 -0.02184402 0.01059150
v 0.02171590 -0.02180671 0.01040913
v 0.01923245 -0.02002341 0.01151665
v 0.01897111 -0.01953613 0.01161178
v 0.01893783 -0.01951949 0.01142027
v 0.01905529 -0.01564526 0.01158113
v 0.01931272 -0.01520771 0.01148744
v 0.01927638 -0.01522983 0.01129704
v 0.02018138 -0.01426585 0.01117127
v 0.02068006 -0.01392954 0.01098977
v 0.02063147 -0.01396310 0.01080383
v 0.02092627 -0.01380085 0.01090016
v 0.02123977 -0.01366763 0.01078605
v 0.02118617 -0.01370354 0.01060194
v 0.02427988 -0.01384058 0.00967954
v 0.02475754 -0.01412702 0.00950569
v 0.02467244 -0.01415881 0.00933304
v 0.02557463 -0.01971600 0.00871670
v 0.02540772 -0.01961705 0.00873695
v 0.02565057 -0.01910438 0.00864856
v 0.02582986 -0.01917718 0.00862380
v 0.02581703 -0.01855827 0.00858798
v 0.02600482 -0.01860320 0.00856013
v 0.02590320 -0.01799152 0.00855661
v 0.02609539 -0.01800754 0.00852716
v 0.02509419 -0.02008425 0.00885107
v 0.02524509 -0.02020705 0.00883664
v 0.02539906 -0.02031115 0.00889595
v 0.02471730 -0.02049506 0.00898824
v 0.02484898 -0.02063881 0.00898082
v 0.02498665 -0.02076068 0.00904605
v 0.02510935 -0.02084211 0.00917402
v 0.02574216 -0.01979989 0.00877107
v 0.02600790 -0.01923889 0.00867435
v 0.02619006 -0.01864129 0.00860805
v 0.02628435 -0.01802111 0.00857373
v 0.02582854 -0.01684941 0.00858379
v 0.02566945 -0.01630082 0.00864169
v 0.02601692 -0.01680715 0.00855572
v 0.02584971 -0.01623057 0.00861658
v 0.02620265 -0.01677132 0.00860346
v 0.02602857 -0.01617101 0.00866683
v 0.02635747 -0.01674739 0.00871974
v 0.02617878 -0.01613122 0.00878477
v 0.02543354 -0.01578450 0.00872755
v 0.02560176 -0.01568791 0.00870683
v 0.02577041 -0.01560601 0.00876079
v 0.02591381 -0.01555130 0.00888122
v 0.02512633 -0.01531256 0.00883937
v 0.02527888 -0.01519188 0.00882435
v 0.02543424 -0.01508957 0.00888314
v 0.02556875 -0.01502122 0.00900681
v 0.02475502 -0.01489605 0.00897451
v 0.02432832 -0.01454474 0.00912982
v 0.02488862 -0.01475412 0.00896639
v 0.02444015 -0.01438489 0.00912962
v 0.02502792 -0.01463380 0.00903103
v 0.02456099 -0.01424937 0.00920098
v 0.02515171 -0.01455340 0.00915860
v 0.02334980 -0.01406893 0.00948597
v 0.02282092 -0.01395559 0.00967847
v 0.02341170 -0.01388480 0.00950394
v 0.02285584 -0.01376567 0.00970626
v 0.02349022 -0.01372870 0.00959071
v 0.02291148 -0.01360467 0.00980135
v 0.02357339 -0.01362440 0.00973306
v 0.02297936 -0.01349709 0.00994927
v 0.02228199 -0.01392949 0.00987463
v 0.02228940 -0.01373824 0.00991243
v 0.02232173 -0.01357611 0.01001600
v 0.02237404 -0.01346777 0.01016959
v 0.02174562 -0.01399124 0.01006985
v 0.02172567 -0.01380314 0.01011761
v 0.02173479 -0.01364368 0.01022963
v 0.02177160 -0.01353713 0.01038886
v 0.01987029 -0.01505800 0.01075241
v 0.01952406 -0.01549829 0.01087843
v 0.01975465 -0.01492433 0.01083500
v 0.01939076 -0.01538709 0.01096745
v 0.01968265 -0.01481101 0.01097655
v 0.01930379 -0.01529282 0.01111445
v 0.01966526 -0.01473530 0.01115550
v 0.01903980 -0.01652062 0.01105468
v 0.01891311 -0.01707868 0.01110080
v 0.01888179 -0.01646158 0.01115270
v 0.01874864 -0.01704812 0.01120116
v 0.01877386 -0.01641153 0.01130732
v 0.01863523 -0.01702221 0.01135778
v 0.01873247 -0.01637809 0.01149501
v 0.01859017 -0.01700490 0.01154680
v 0.01886796 -0.01765079 0.01111723
v 0.01870118 -0.01764942 0.01121843
v 0.01858582 -0.01764826 0.01137576
v 0.01853946 -0.01764748 0.01156526
v 0.01890540 -0.01822353 0.01110360
v 0.01874053 -0.01825138 0.01120411
v 0.01862680 -0.01827499 0.01136085
v 0.01858151 -0.01829077 0.01154996
v 0.01902456 -0.01878347 0.01106023
v 0.01922264 -0.01931749 0.01098814
v 0.01886577 -0.01883989 0.01115853
v 0.01907396 -0.01940116 0.01108275
v 0.01875719 -0.01888772 0.01131339
v 0.01897394 -0.01947209 0.01123450
v 0.01871535 -0.01891968 0.01150124
v 0.01983526 -0.02025861 0.01076516
v 0.02023544 -0.02064365 0.01061951
v 0.01971783 -0.02039030 0.01084840
v 0.02013843 -0.02079498 0.01069532
v 0.01964432 -0.02050194 0.01099050
v 0.02008223 -0.02092328 0.01083112
v 0.01962591 -0.02057654 0.01116982
v 0.02007539 -0.02100901 0.01100623
v 0.02068616 -0.02095916 0.01045546
v 0.02061215 -0.02112660 0.01052290
v 0.02057544 -0.02126855 0.01065160
v 0.02058163 -0.02136339 0.01082197
v 0.02117686 -0.02119777 0.01027686
v 0.02112789 -0.02137738 0.01033519
v 0.02111240 -0.02152965 0.01045616
v 0.02113277 -0.02163139 0.01062137
v 0.02330109 -0.02130065 0.00950370
v 0.02381013 -0.02111047 0.00931843
v 0.02336051 -0.02148551 0.00952258
v 0.02389552 -0.02128562 0.00932785
v 0.02343692 -0.02164223 0.00961011
v 0.02399394 -0.02143411 0.00940737
v 0.02351868 -0.02174694 0.00975297
v 0.02553265 -0.02038071 0.00901995
v 0.02588481 -0.01985594 0.00889177
v 0.02615757 -0.01928013 0.00879249
v 0.02634454 -0.01866675 0.00872444
v 0.02644133 -0.01803018 0.00868922
v 0.02649637 -0.01841188 0.00887280
v 0.02654241 -0.01803337 0.00885605
v 0.02655272 -0.01749483 0.00885229
v 0.02654679 -0.01738272 0.00885445
v 0.02644567 -0.01738536 0.00868763
v 0.02628859 -0.01739288 0.00857219
v 0.02609945 -0.01740414 0.00852568
v 0.02590707 -0.01741742 0.00855520
v 0.02645779 -0.01673898 0.00888685
v 0.02563516 -0.01496250 0.00918626
v 0.02566195 -0.01499721 0.00917651
v 0.02601012 -0.01553208 0.00904978
v 0.02611181 -0.01572885 0.00901277
v 0.02627749 -0.01611724 0.00895247
v 0.02642250 -0.01658633 0.00889969
v 0.02524114 -0.01452517 0.00932967
v 0.02501485 -0.01432311 0.00941203
v 0.02422250 -0.01381209 0.00970042
v 0.02414219 -0.01384671 0.00952603
v 0.02404439 -0.01394529 0.00938901
v 0.02394397 -0.01409283 0.00931022
v 0.02385622 -0.01426686 0.00930165
v 0.02364856 -0.01358777 0.00990932
v 0.02174767 -0.01351712 0.01060119
v 0.02183048 -0.01349972 0.01057105
v 0.02243837 -0.01342973 0.01034980
v 0.02260718 -0.01342793 0.01028835
v 0.02304916 -0.01345931 0.01012748
v 0.02346461 -0.01353746 0.00997627
v 0.02116443 -0.01380581 0.01043723
v 0.02117785 -0.01395886 0.01031700
v 0.02122440 -0.01413940 0.01025955
v 0.02062401 -0.01405869 0.01063392
v 0.02065879 -0.01420175 0.01050592
v 0.02073054 -0.01437049 0.01043931
v 0.02016448 -0.01427929 0.01117742
v 0.02012051 -0.01430973 0.01098980
v 0.02012619 -0.01439640 0.01081511
v 0.02018066 -0.01452610 0.01067995
v 0.02027561 -0.01467910 0.01060488
v 0.01970511 -0.01470871 0.01134462
v 0.01954785 -0.01489039 0.01140186
v 0.01899651 -0.01576461 0.01160253
v 0.01896300 -0.01578174 0.01141110
v 0.01899847 -0.01583053 0.01122557
v 0.01909751 -0.01590355 0.01107418
v 0.01924505 -0.01598967 0.01097998
v 0.01876389 -0.01636635 0.01168720
v 0.01861470 -0.01831852 0.01174150
v 0.01861157 -0.01829631 0.01174264
v 0.01856914 -0.01764721 0.01175808
v 0.01857754 -0.01740036 0.01175502
v 0.01862031 -0.01699882 0.01173946
v 0.01872673 -0.01649516 0.01170072
v 0.01874661 -0.01893091 0.01169348
v 0.01883645 -0.01920671 0.01166079
v 0.01927978 -0.02009779 0.01149943
v 0.01924374 -0.02007612 0.01130892
v 0.01927198 -0.02001440 0.01112602
v 0.01936021 -0.01992203 0.01097857
v 0.01949500 -0.01981307 0.01088900
v 0.01966541 -0.02060273 0.01135907
v 0.02124549 -0.02168984 0.01078397
v 0.02118588 -0.02166712 0.01080566
v 0.02062976 -0.02139670 0.01100807
v 0.02046580 -0.02129470 0.01106775
v 0.02011894 -0.02103911 0.01119400
v 0.01978416 -0.02073043 0.01131585
v 0.02168052 -0.02170046 0.01024938
v 0.02167355 -0.02154144 0.01013658
v 0.02169603 -0.02135386 0.01008790
v 0.02226649 -0.02177698 0.01003611
v 0.02223635 -0.02161494 0.00993174
v 0.02223151 -0.02142379 0.00989300
v 0.02299229 -0.02190301 0.01014819
v 0.02292300 -0.02186517 0.00996978
v 0.02285656 -0.02175742 0.00982134
v 0.02280310 -0.02159615 0.00972546
v 0.02277074 -0.02140591 0.00969673
v 0.02359335 -0.02178371 0.00992942
v 0.02379571 -0.02172005 0.00985576
v 0.02470949 -0.02126144 0.00952318
v 0.02462482 -0.02122935 0.00935037
v 0.02451459 -0.02113795 0.00921787
v 0.02439558 -0.02100117 0.00914584
v 0.02428591 -0.02083982 0.00914525
v 0.02519839 -0.02087071 0.00934523
v 0.02527674 -0.02079549 0.00931671
v 0.02644474 -0.01867568 0.00889159
v 0.02625609 -0.01929461 0.00896026
v 0.02598087 -0.01987563 0.00906043
v 0.02584311 -0.02010172 0.00911057
v 0.02562553 -0.02040513 0.00918976
v 0.02803546 -0.01841188 0.01310142
v 0.02779518 -0.01929461 0.01318887
v 0.02809181 -0.01749483 0.01308091
v 0.02796159 -0.01658633 0.01312830
v 0.02765090 -0.01572885 0.01324139
v 0.02717425 -0.01496250 0.01341488
v 0.02655394 -0.01432311 0.01364065
v 0.02581897 -0.01384058 0.01390816
v 0.02500370 -0.01353746 0.01420489
v 0.02414627 -0.01342793 0.01451697
v 0.02328676 -0.01351712 0.01482981
v 0.02246536 -0.01380085 0.01512877
v 0.02172047 -0.01426585 0.01539989
v 0.02108694 -0.01489039 0.01563047
v 0.02059438 -0.01564526 0.01580975
v 0.02026583 -0.01649516 0.01592934
v 0.02011663 -0.01740036 0.01598364
v 0.02015379 -0.01831852 0.01597011
v 0.02037554 -0.01920671 0.01588940
v 0.02077154 -0.02002341 0.01574527
v 0.02132325 -0.02073043 0.01554446
v 0.02200489 -0.02129470 0.01529637
v 0.02278458 -0.02168984 0.01501259
v 0.02362586 -0.02189738 0.01470638
v 0.02448939 -0.02190761 0.01439208
v 0.02533480 -0.02172005 0.01408438
v 0.02612256 -0.02134348 0.01379766
v 0.02681583 -0.02079549 0.01354533
v 0.02738220 -0.02010172 0.01333919
v 0.02298058 -0.01548079 0.01494124
v 0.02246520 -0.01588417 0.01512883
v 0.02207119 -0.01642057 0.01527224
v 0.02182778 -0.01705021 0.01536083
v 0.02175303 -0.01772638 0.01538804
v 0.02541892 -0.01560754 0.01405376
v 0.02484525 -0.01530615 0.01426256
v 0.02421644 -0.01518065 0.01449143
v 0.02357913 -0.01524033 0.01472339
v 0.02643496 -0.01796977 0.01368396
v 0.02642249 -0.01728906 0.01368849
v 0.02623791 -0.01663718 0.01375567
v 0.02589491 -0.01606247 0.01388052
v 0.02185248 -0.01839893 0.01535184
v 0.02211875 -0.01901800 0.01525493
v 0.02253210 -0.01953766 0.01510448
v 0.02306186 -0.01991937 0.01491166
v 0.02549371 -0.01969162 0.01402654
v 0.02595268 -0.01921731 0.01385949
v 0.02627438 -0.01862881 0.01374240
v 0.02366875 -0.02013483 0.01469077
v 0.02430777 -0.02016804 0.01445819
v 0.02493150 -0.02001656 0.01423117
v 0.02992011 -0.01921731 0.02475992
v 0.02946114 -0.01969162 0.02492698
v 0.02889894 -0.02001656 0.02513160
v 0.02827520 -0.02016804 0.02535862
v 0.02763619 -0.02013483 0.02559121
v 0.02702929 -0.01991937 0.02581210
v 0.02649953 -0.01953766 0.02600492
v 0.02608618 -0.01901800 0.02615536
v 0.02581991 -0.01839893 0.02625228
v 0.02572046 -0.01772638 0.02628847
v 0.02579522 -0.01705021 0.02626126
v 0.02603862 -0.01642057 0.02617267
v 0.02643263 -0.01588417 0.02602926
v 0.02694802 -0.01548079 0.02584168
v 0.02754656 -0.01524033 0.02562383
v 0.02818387 -0.01518065 0.02539186
v 0.02881268 -0.01530615 0.02516300
v 0.02938636 -0.01560754 0.02495420
v 0.02986235 -0.01606247 0.02478095
v 0.03020535 -0.01663718 0.02465611
v 0.03038993 -0.01728906 0.02458893
v 0.03040239 -0.01796977 0.02458439
v 0.03024182 -0.01862881 0.02464283
v 0.03003101 -0.01847663 0.02514523
v 0.03016590 -0.01792303 0.02509614
v 0.02820606 -0.01767767 0.02580946
v 0.02976078 -0.01897096 0.02524359
v 0.02837906 -0.01976958 0.02574649
v 0.02890300 -0.01964234 0.02555580
v 0.02937525 -0.01936939 0.02538391
v 0.02688749 -0.01924006 0.02628938
v 0.02733250 -0.01956070 0.02612741
v 0.02784229 -0.01974168 0.02594186
v 0.02623308 -0.01771858 0.02652757
v 0.02631661 -0.01828353 0.02649716
v 0.02654028 -0.01880355 0.02641575
v 0.02683130 -0.01617113 0.02630983
v 0.02650033 -0.01662171 0.02643030
v 0.02629587 -0.01715060 0.02650471
v 0.02830234 -0.01558017 0.02577442
v 0.02776700 -0.01563031 0.02596927
v 0.02726422 -0.01583229 0.02615226
v 0.02971226 -0.01632090 0.02526125
v 0.02931243 -0.01593876 0.02540678
v 0.02883054 -0.01568560 0.02558217
v 0.03015543 -0.01735124 0.02509995
v 0.03000038 -0.01680366 0.02515638
v 0.02268016 -0.01996658 0.00972970
v 0.02210688 -0.01996709 0.00993836
v 0.02156608 -0.01981340 0.01013519
v 0.02439865 -0.01855629 0.00910422
v 0.02411243 -0.01908488 0.00920840
v 0.02371695 -0.01950645 0.00935234
v 0.02108021 -0.01951762 0.01031204
v 0.02067323 -0.01908796 0.01046017
v 0.02038617 -0.01855988 0.01056464
v 0.02323331 -0.01980634 0.00952837
v 0.02439726 -0.01679546 0.00910473
v 0.02411021 -0.01626738 0.00920921
v 0.02267655 -0.01538825 0.00973102
v 0.02210327 -0.01538876 0.00993967
v 0.02023862 -0.01738895 0.01061835
v 0.02038478 -0.01679905 0.01056515
v 0.02067100 -0.01627045 0.01046097
v 0.02454482 -0.01796639 0.00905102
v 0.02454259 -0.01737071 0.00905183
v 0.02370323 -0.01583772 0.00935734
v 0.02321735 -0.01554194 0.00953418
v 0.02106648 -0.01584889 0.01031703
v 0.02155013 -0.01554900 0.01014100
v 0.02024084 -0.01798462 0.01061754
v 0.02039352 -0.01770822 0.01070455
v 0.02065496 -0.01717055 0.01077613
v 0.02054075 -0.01741859 0.01076069
v 0.02085129 -0.01666266 0.01070462
v 0.02075948 -0.01691676 0.01075803
v 0.02100533 -0.01612583 0.01048212
v 0.02092875 -0.01641493 0.01061947
v 0.02139305 -0.01580887 0.01034169
v 0.02198475 -0.01573202 0.01029198
v 0.02171762 -0.01576754 0.01033235
v 0.02249590 -0.01565909 0.01010625
v 0.02224774 -0.01569542 0.01021635
v 0.02298406 -0.01558179 0.00976207
v 0.02272840 -0.01562329 0.00996445
v 0.02343627 -0.01578039 0.00959802
v 0.02382128 -0.01623821 0.00962354
v 0.02364967 -0.01602662 0.00962914
v 0.02413625 -0.01667273 0.00950921
v 0.02398579 -0.01645633 0.00958375
v 0.02441649 -0.01713329 0.00924071
v 0.02427245 -0.01688603 0.00940246
v 0.02448143 -0.01764765 0.00921692
v 0.02432740 -0.01818448 0.00943942
v 0.02440486 -0.01793675 0.00935427
v 0.02413107 -0.01869238 0.00951093
v 0.02423559 -0.01843858 0.00949283
v 0.02386963 -0.01923004 0.00943935
v 0.02401686 -0.01894041 0.00949549
v 0.02348263 -0.01954647 0.00958114
v 0.02299741 -0.01962331 0.00992340
v 0.02322800 -0.01958780 0.00978262
v 0.02248647 -0.01969625 0.01010968
v 0.02274734 -0.01965993 0.01003451
v 0.02189127 -0.01977355 0.01015981
v 0.02221722 -0.01973205 0.01015051
v 0.02143941 -0.01957495 0.01032482
v 0.02116088 -0.01911713 0.01059184
v 0.02129594 -0.01932872 0.01048583
v 0.02084611 -0.01868261 0.01070672
v 0.02100928 -0.01889901 0.01066711
v 0.02045885 -0.01822205 0.01068117
v 0.02067316 -0.01846931 0.01071250
v 0.02192132 -0.01584889 0.01266569
v 0.02109569 -0.01798462 0.01296620
v 0.02129986 -0.01745710 0.01289264
v 0.02150876 -0.01691676 0.01281664
v 0.02171763 -0.01637642 0.01274058
v 0.02407224 -0.01554194 0.01188295
v 0.02335130 -0.01564484 0.01214563
v 0.02303572 -0.01568989 0.01226086
v 0.02299702 -0.01569542 0.01227498
v 0.02245930 -0.01577215 0.01247070
v 0.02194719 -0.01584521 0.01265645
v 0.02506639 -0.01691352 0.01152180
v 0.02480192 -0.01654855 0.01161812
v 0.02440367 -0.01599914 0.01176268
v 0.02471121 -0.01642341 0.01165103
v 0.02473507 -0.01645633 0.01164238
v 0.02523204 -0.01714212 0.01146151
v 0.02538159 -0.01734877 0.01140644
v 0.02539743 -0.01737072 0.01140049
v 0.02457179 -0.01950645 0.01170100
v 0.02519374 -0.01789824 0.01147538
v 0.02498487 -0.01843858 0.01155144
v 0.02477597 -0.01897892 0.01162744
v 0.02242096 -0.01981340 0.01248396
v 0.02314218 -0.01971049 0.01222174
v 0.02345790 -0.01966545 0.01210720
v 0.02349662 -0.01965992 0.01209314
v 0.02403434 -0.01958319 0.01189743
v 0.02454604 -0.01951013 0.01171055
v 0.02142726 -0.01844182 0.01284633
v 0.02169168 -0.01880668 0.01275015
v 0.02208977 -0.01935620 0.01260487
v 0.02178241 -0.01893193 0.01271703
v 0.02175856 -0.01889901 0.01272575
v 0.02126160 -0.01821322 0.01290663
v 0.02111164 -0.01800657 0.01296057
v 0.02351492 -0.01740750 0.01259570
v 0.02341756 -0.01767767 0.01265316
v 0.02296070 -0.01748744 0.01274991
v 0.02359976 -0.01713733 0.01250382
v 0.02374849 -0.01659699 0.01226253
v 0.02416963 -0.01678722 0.01206761
v 0.02330604 -0.01794784 0.01267173
v 0.02382972 -0.01786790 0.01243361
v 0.02198577 -0.01710699 0.01277525
v 0.02307150 -0.01948891 0.01230022
v 0.02333408 -0.01894858 0.01237173
v 0.02200007 -0.01837789 0.01276247
v 0.02432482 -0.01624688 0.01184405
v 0.02518846 -0.01726279 0.01148693
v 0.02497974 -0.01716767 0.01158945
v 0.02345579 -0.01586642 0.01216036
v 0.02237266 -0.01602631 0.01253835
v 0.02283562 -0.01621654 0.01245835
v 0.02330060 -0.01640676 0.01238391
v 0.02131132 -0.01809255 0.01289809
v 0.02153712 -0.01818766 0.01284247
v 0.02176796 -0.01764733 0.01282676
v 0.02224934 -0.01783755 0.01279738
v 0.02247520 -0.01729721 0.01276798
v 0.02285008 -0.01775761 0.01277096
v 0.02272828 -0.01802778 0.01276129
v 0.02264611 -0.01929869 0.01248345
v 0.02220247 -0.01910846 0.01261652
v 0.02291295 -0.01875835 0.01256664
v 0.02246506 -0.01856812 0.01268803
v 0.02318199 -0.01821801 0.01265588
v 0.02459285 -0.01824835 0.01182635
v 0.02437504 -0.01878869 0.01187786
v 0.02414420 -0.01932903 0.01189357
v 0.02373813 -0.01913880 0.01212987
v 0.02359731 -0.01840824 0.01244499
v 0.02398739 -0.01859846 0.01216478
v 0.02421325 -0.01805812 0.01213538
v 0.02371910 -0.01813807 0.01245466
v 0.02389943 -0.01605665 0.01202728
v 0.02392799 -0.01759773 0.01237863
v 0.02401508 -0.01732756 0.01229293
v 0.02457367 -0.01697745 0.01182575
v 0.02440516 -0.01751779 0.01201272
v 0.02479281 -0.01770801 0.01172581
v 0.02314605 -0.01694710 0.01260923
v 0.02266711 -0.01675688 0.01264532
v 0.02218573 -0.01656665 0.01267471
v 0.02305896 -0.01721727 0.01269493
v -0.01004469 -0.01227767 0.01775530
v -0.00983777 -0.01223748 0.01805308
v -0.00998675 -0.01227767 0.01807049
v -0.00982046 -0.01223748 0.01839273
v -0.00997045 -0.01227767 0.01839055
v -0.00984765 -0.01223748 0.01873174
v -0.00999606 -0.01227767 0.01871000
v -0.00991884 -0.01223748 0.01906430
v -0.01006315 -0.01227767 0.01902338
v -0.01003284 -0.01223748 0.01938473
v -0.01017057 -0.01227767 0.01932531
v -0.01018768 -0.01223748 0.01968753
v -0.01031648 -0.01227767 0.01961064
v -0.01038073 -0.01223748 0.01996753
v -0.01049839 -0.01227767 0.01987449
v -0.01060867 -0.01223748 0.02021993
v -0.01071318 -0.01227767 0.02011233
v -0.01086760 -0.01223748 0.02044043
v -0.01095717 -0.01227767 0.02032011
v -0.01115310 -0.01223748 0.02062524
v -0.01122620 -0.01227767 0.02049426
v -0.01146028 -0.01223748 0.02077121
v -0.01151566 -0.01227767 0.02063180
v -0.01178389 -0.01223748 0.02087583
v -0.01182060 -0.01227767 0.02073039
v -0.01211838 -0.01223748 0.02093731
v -0.01213579 -0.01227767 0.02078833
v -0.01245803 -0.01223748 0.02095461
v -0.01245585 -0.01227767 0.02080463
v -0.01279704 -0.01223748 0.02092743
v -0.01277530 -0.01227767 0.02077902
v -0.01312960 -0.01223748 0.02085624
v -0.01308867 -0.01227767 0.02071193
v -0.01345002 -0.01223748 0.02074224
v -0.01339061 -0.01227767 0.02060451
v -0.01375283 -0.01223748 0.02058740
v -0.01367594 -0.01227767 0.02045860
v -0.01403282 -0.01223748 0.02039435
v -0.01393979 -0.01227767 0.02027669
v -0.01428523 -0.01223748 0.02016641
v -0.01417763 -0.01227767 0.02006190
v -0.01450573 -0.01223748 0.01990748
v -0.01438541 -0.01227767 0.01981791
v -0.01469054 -0.01223748 0.01962198
v -0.01455956 -0.01227767 0.01954888
v -0.01483650 -0.01223748 0.01931480
v -0.01469710 -0.01227767 0.01925942
v -0.01494113 -0.01223748 0.01899119
v -0.01479569 -0.01227767 0.01895448
v -0.01500261 -0.01223748 0.01865670
v -0.01485363 -0.01227767 0.01863929
v -0.01501991 -0.01223748 0.01831705
v -0.01486993 -0.01227767 0.01831923
v -0.01499273 -0.01223748 0.01797804
v -0.01484432 -0.01227767 0.01799978
v -0.01492154 -0.01223748 0.01764548
v -0.01477723 -0.01227767 0.01768641
v -0.01480754 -0.01223748 0.01732505
v -0.01466981 -0.01227767 0.01738447
v -0.01465270 -0.01223748 0.01702225
v -0.01452390 -0.01227767 0.01709914
v -0.01445965 -0.01223748 0.01674226
v -0.01434199 -0.01227767 0.01683529
v -0.01423171 -0.01223748 0.01648985
v -0.01412720 -0.01227767 0.01659745
v -0.01397278 -0.01223748 0.01626935
v -0.01388321 -0.01227767 0.01638967
v -0.01368728 -0.01223748 0.01608454
v -0.01361418 -0.01227767 0.01621552
v -0.01338010 -0.01223748 0.01593858
v -0.01332472 -0.01227767 0.01607798
v -0.01305649 -0.01223748 0.01583396
v -0.01301978 -0.01227767 0.01597939
v -0.01272200 -0.01223748 0.01577247
v -0.01270459 -0.01227767 0.01592145
v -0.01238235 -0.01223748 0.01575517
v -0.01238453 -0.01227767 0.01590515
v -0.01204334 -0.01223748 0.01578235
v -0.01206508 -0.01227767 0.01593076
v -0.01171078 -0.01223748 0.01585354
v -0.01175170 -0.01227767 0.01599785
v -0.01139036 -0.01223748 0.01596754
v -0.01144977 -0.01227767 0.01610527
v -0.01108755 -0.01223748 0.01612238
v -0.01116444 -0.01227767 0.01625118
v -0.01080755 -0.01223748 0.01631543
v -0.01090059 -0.01227767 0.01643309
v -0.01055515 -0.01223748 0.01654337
v -0.01066275 -0.01227767 0.01664788
v -0.01033465 -0.01223748 0.01680230
v -0.01045497 -0.01227767 0.01689187
v -0.01014984 -0.01223748 0.01708780
v -0.01028082 -0.01227767 0.01716090
v -0.01000388 -0.01223748 0.01739498
v -0.01014328 -0.01227767 0.01745036
v -0.00989925 -0.01223748 0.01771859
v -0.00972870 -0.01212767 0.01804033
v -0.00971067 -0.01212767 0.01839433
v -0.00973900 -0.01212767 0.01874766
v -0.00981320 -0.01212767 0.01909426
v -0.00993201 -0.01212767 0.01942822
v -0.01009340 -0.01212767 0.01974381
v -0.01029459 -0.01212767 0.02003563
v -0.01053216 -0.01212767 0.02029870
v -0.01080203 -0.01212767 0.02052851
v -0.01109959 -0.01212767 0.02072112
v -0.01141974 -0.01212767 0.02087325
v -0.01175701 -0.01212767 0.02098230
v -0.01210563 -0.01212767 0.02104638
v -0.01245963 -0.01212767 0.02106441
v -0.01281296 -0.01212767 0.02103608
v -0.01315956 -0.01212767 0.02096188
v -0.01349352 -0.01212767 0.02084307
v -0.01380911 -0.01212767 0.02068168
v -0.01410093 -0.01212767 0.02048049
v -0.01436400 -0.01212767 0.02024292
v -0.01459381 -0.01212767 0.01997305
v -0.01478642 -0.01212767 0.01967549
v -0.01493855 -0.01212767 0.01935534
v -0.01504759 -0.01212767 0.01901807
v -0.01511168 -0.01212767 0.01866945
v -0.01512971 -0.01212767 0.01831545
v -0.01510138 -0.01212767 0.01796212
v -0.01502718 -0.01212767 0.01761552
v -0.01490837 -0.01212767 0.01728156
v -0.01474698 -0.01212767 0.01696597
v -0.01454579 -0.01212767 0.01667415
v -0.01430822 -0.01212767 0.01641108
v -0.01403835 -0.01212767 0.01618127
v -0.01374079 -0.01212767 0.01598866
v -0.01342064 -0.01212767 0.01583653
v -0.01308337 -0.01212767 0.01572749
v -0.01273475 -0.01212767 0.01566340
v -0.01238075 -0.01212767 0.01564537
v -0.01202742 -0.01212767 0.01567370
v -0.01168082 -0.01212767 0.01574790
v -0.01134686 -0.01212767 0.01586671
v -0.01103127 -0.01212767 0.01602810
v -0.01073945 -0.01212767 0.01622929
v -0.01047638 -0.01212767 0.01646686
v -0.01024657 -0.01212767 0.01673673
v -0.01005396 -0.01212767 0.01703429
v -0.00990183 -0.01212767 0.01735444
v -0.00979279 -0.01212767 0.01769171
v -0.00968878 -0.01197767 0.01803567
v -0.00967048 -0.01197767 0.01839492
v -0.00969923 -0.01197767 0.01875348
v -0.00977453 -0.01197767 0.01910523
v -0.00989511 -0.01197767 0.01944414
v -0.01005889 -0.01197767 0.01976441
v -0.01026307 -0.01197767 0.02006056
v -0.01050416 -0.01197767 0.02032753
v -0.01077803 -0.01197767 0.02056075
v -0.01108000 -0.01197767 0.02075622
v -0.01140490 -0.01197767 0.02091061
v -0.01174718 -0.01197767 0.02102127
v -0.01210097 -0.01197767 0.02108630
v -0.01246022 -0.01197767 0.02110460
v -0.01281878 -0.01197767 0.02107585
v -0.01317053 -0.01197767 0.02100055
v -0.01350944 -0.01197767 0.02087997
v -0.01382971 -0.01197767 0.02071619
v -0.01412586 -0.01197767 0.02051201
v -0.01439283 -0.01197767 0.02027093
v -0.01462605 -0.01197767 0.01999705
v -0.01482152 -0.01197767 0.01969508
v -0.01497591 -0.01197767 0.01937018
v -0.01508656 -0.01197767 0.01902790
v -0.01515160 -0.01197767 0.01867411
v -0.01516990 -0.01197767 0.01831486
v -0.01514115 -0.01197767 0.01795630
v -0.01506584 -0.01197767 0.01760455
v -0.01494527 -0.01197767 0.01726564
v -0.01478149 -0.01197767 0.01694537
v -0.01457731 -0.01197767 0.01664922
v -0.01433622 -0.01197767 0.01638225
v -0.01406235 -0.01197767 0.01614903
v -0.01376038 -0.01197767 0.01595356
v -0.01343548 -0.01197767 0.01579917
v -0.01309320 -0.01197767 0.01568852
v -0.01273941 -0.01197767 0.01562348
v -0.01238016 -0.01197767 0.01560518
v -0.01202160 -0.01197767 0.01563393
v -0.01166985 -0.01197767 0.01570924
v -0.01133094 -0.01197767 0.01582981
v -0.01101067 -0.01197767 0.01599359
v -0.01071452 -0.01197767 0.01619777
v -0.01044755 -0.01197767 0.01643886
v -0.01021433 -0.01197767 0.01671273
v -0.01001886 -0.01197767 0.01701470
v -0.00986447 -0.01197767 0.01733960
v -0.00975381 -0.01197767 0.01768188
v -0.01001886 -0.00927767 0.01701470
v -0.00975381 -0.00927767 0.01768188
v -0.01044755 -0.00927767 0.01643886
v -0.01101067 -0.00927767 0.01599359
v -0.01166985 -0.00927767 0.01570924
v -0.01238016 -0.00927767 0.01560518
v -0.01309320 -0.00927767 0.01568852
v -0.01376038 -0.00927767 0.01595356
v -0.01433622 -0.00927767 0.01638225
v -0.01478149 -0.00927767 0.01694537
v -0.01506584 -0.00927767 0.01760455
v -0.01516990 -0.00927767 0.01831486
v -0.01508656 -0.00927767 0.01902790
v -0.01482152 -0.00927767 0.01969508
v -0.01439283 -0.00927767 0.02027093
v -0.01382971 -0.00927767 0.02071619
v -0.01317053 -0.00927767 0.02100055
v -0.01246022 -0.00927767 0.02110460
v -0.01174718 -0.00927767 0.02102127
v -0.01108000 -0.00927767 0.02075622
v -0.01050416 -0.00927767 0.02032753
v -0.01005889 -0.00927767 0.01976441
v -0.00977453 -0.00927767 0.01910523
v -0.00967048 -0.00927767 0.01839492
v -0.01377028 -0.00927767 0.01770124
v -0.01391242 -0.00927767 0.01820242
v -0.01387458 -0.00927767 0.01872199
v -0.01366131 -0.00927767 0.01919728
v -0.01231122 -0.00927767 0.01985093
v -0.01180612 -0.00927767 0.01972344
v -0.01137508 -0.00927767 0.01943088
v -0.01107010 -0.00927767 0.01900854
v -0.01329835 -0.00927767 0.01957097
v -0.01282947 -0.00927767 0.01979798
v -0.01252916 -0.00927767 0.01685885
v -0.01303426 -0.00927767 0.01698635
v -0.01346530 -0.00927767 0.01727890
v -0.01117907 -0.00927767 0.01751250
v -0.01154203 -0.00927767 0.01713881
v -0.01201091 -0.00927767 0.01691181
v -0.01092796 -0.00927767 0.01850736
v -0.01096580 -0.00927767 0.01798779
v -0.01092796 0.00647233 0.01850736
v -0.01107010 0.00647233 0.01900854
v -0.01137508 0.00647233 0.01943088
v -0.01180612 0.00647233 0.01972344
v -0.01231122 0.00647233 0.01985093
v -0.01282947 0.00647233 0.01979798
v -0.01329835 0.00647233 0.01957097
v -0.01366131 0.00647233 0.01919728
v -0.01387458 0.00647233 0.01872199
v -0.01391242 0.00647233 0.01820242
v -0.01377028 0.00647233 0.01770124
v -0.01346530 0.00647233 0.01727890
v -0.01303426 0.00647233 0.01698635
v -0.01252916 0.00647233 0.01685885
v -0.01201091 0.00647233 0.01691181
v -0.01154203 0.00647233 0.01713881
v -0.01117907 0.00647233 0.01751250
v -0.01096580 0.00647233 0.01798779
v -0.01129511 0.00672233 0.01889960
v -0.01117666 0.00672233 0.01848195
v -0.01242019 0.00672233 0.01835489
v -0.01120820 0.00672233 0.01804898
v -0.01138592 0.00672233 0.01765290
v -0.01232938 0.00672233 0.01960159
v -0.01190846 0.00672233 0.01949534
v -0.01154927 0.00672233 0.01925155
v -0.01345446 0.00672233 0.01905688
v -0.01315199 0.00672233 0.01936829
v -0.01276125 0.00672233 0.01955746
v -0.01354527 0.00672233 0.01781018
v -0.01366372 0.00672233 0.01822783
v -0.01363218 0.00672233 0.01866081
v -0.01251100 0.00672233 0.01710819
v -0.01293192 0.00672233 0.01721444
v -0.01329111 0.00672233 0.01745824
v -0.01168839 0.00672233 0.01734149
v -0.01207913 0.00672233 0.01715232
v -0.01110455 -0.01227767 0.01776124
v -0.01098041 -0.01227767 0.01825305
v -0.01305188 -0.01227767 0.01965270
v -0.01256390 -0.01227767 0.01979109
v -0.01227648 -0.01227767 0.01691869
v -0.01322828 -0.01227767 0.01715893
v -0.01359213 -0.01227767 0.01751233
v -0.01178850 -0.01227767 0.01705709
v -0.01373583 -0.01227767 0.01894854
v -0.01138482 -0.01227767 0.01734923
v -0.01277343 -0.01227767 0.01695541
v -0.01380880 -0.01227767 0.01796106
v -0.01385997 -0.01227767 0.01845673
v -0.01161210 -0.01227767 0.01955085
v -0.01206695 -0.01227767 0.01975437
v -0.01124825 -0.01227767 0.01919745
v -0.01345556 -0.01227767 0.01936055
v -0.01103158 -0.01227767 0.01874872
v -0.01351500 -0.01217285 0.01912503
v -0.01357758 -0.01210405 0.01887713
v -0.01374922 -0.01217266 0.01819709
v -0.01368678 -0.01210405 0.01844448
v -0.01363215 -0.01208429 0.01866092
v -0.01363394 -0.01217254 0.01779122
v -0.01329054 -0.01208429 0.01745767
v -0.01345116 -0.01210405 0.01761368
v -0.01294790 -0.01217274 0.01712487
v -0.01313107 -0.01210405 0.01730279
v -0.01253891 -0.01217254 0.01702192
v -0.01207835 -0.01208429 0.01715254
v -0.01229377 -0.01210405 0.01709144
v -0.01161882 -0.01217274 0.01728287
v -0.01186448 -0.01210405 0.01721320
v -0.01132525 -0.01217266 0.01758526
v -0.01120817 -0.01208429 0.01804909
v -0.01126280 -0.01210405 0.01783265
v -0.01109103 -0.01217285 0.01851320
v -0.01115360 -0.01210405 0.01826530
v -0.01120644 -0.01217254 0.01891856
v -0.01154984 -0.01208429 0.01925211
v -0.01138922 -0.01210405 0.01909610
v -0.01189248 -0.01217274 0.01958491
v -0.01170931 -0.01210405 0.01940699
v -0.01230147 -0.01217254 0.01968786
v -0.01276203 -0.01208429 0.01955724
v -0.01254661 -0.01210405 0.01961834
v -0.01322156 -0.01217274 0.01942691
v -0.01297590 -0.01210405 0.01949658
v -0.01345556 -0.01077821 0.01936055
v -0.01354281 -0.01077752 0.01901487
v -0.01363218 -0.01077772 0.01866081
v -0.01372155 -0.01077752 0.01830674
v -0.01380880 -0.01077821 0.01796106
v -0.01329111 -0.01077764 0.01745824
v -0.01327248 -0.01077767 0.01744014
v -0.01354996 -0.01077746 0.01770965
v -0.01379638 -0.01077808 0.01794900
v -0.01306463 -0.01077766 0.01723825
v -0.01277343 -0.01077813 0.01695541
v -0.01242627 -0.01077752 0.01705386
v -0.01210412 -0.01077767 0.01714523
v -0.01207912 -0.01077764 0.01715232
v -0.01191397 -0.01077749 0.01719916
v -0.01138482 -0.01077821 0.01734923
v -0.01129757 -0.01077752 0.01769491
v -0.01120820 -0.01077772 0.01804898
v -0.01111883 -0.01077752 0.01840304
v -0.01103158 -0.01077821 0.01874872
v -0.01154927 -0.01077764 0.01925155
v -0.01156790 -0.01077767 0.01926964
v -0.01129042 -0.01077746 0.01900013
v -0.01104400 -0.01077808 0.01876078
v -0.01177570 -0.01077766 0.01947148
v -0.01206695 -0.01077813 0.01975437
v -0.01241411 -0.01077752 0.01965591
v -0.01273626 -0.01077767 0.01956455
v -0.01276126 -0.01077764 0.01955746
v -0.01292650 -0.01077749 0.01951060
v -0.01238530 -0.01074674 0.01721621
v -0.01199293 -0.01070613 0.01749380
v -0.01168994 -0.01075652 0.01741732
v -0.01229593 -0.01065222 0.01757028
v -0.01220656 -0.01055793 0.01792434
v -0.01284744 -0.01070613 0.01921598
v -0.01315044 -0.01075652 0.01929246
v -0.01215208 -0.01072952 0.01941709
v -0.01245508 -0.01074674 0.01949357
v -0.01254445 -0.01065222 0.01913950
v -0.01263382 -0.01055793 0.01878544
v -0.01163546 -0.01070613 0.01891007
v -0.01323981 -0.01071796 0.01893839
v -0.01293681 -0.01063567 0.01886192
v -0.01224145 -0.01062842 0.01906303
v -0.01233082 -0.01052438 0.01870896
v -0.01242019 -0.01047831 0.01835489
v -0.01142183 -0.01071796 0.01847952
v -0.01133246 -0.01075652 0.01883359
v -0.01172483 -0.01063568 0.01855600
v -0.01181420 -0.01060631 0.01820193
v -0.01268830 -0.01072952 0.01729269
v -0.01259893 -0.01062842 0.01764675
v -0.01250956 -0.01052438 0.01800082
v -0.01160057 -0.01071796 0.01777139
v -0.01190357 -0.01063568 0.01784787
v -0.01211719 -0.01051727 0.01827841
v -0.01202782 -0.01055793 0.01863248
v -0.01193845 -0.01065222 0.01898655
v -0.01184908 -0.01074674 0.01934062
v -0.01299130 -0.01074674 0.01736917
v -0.01290193 -0.01065222 0.01772323
v -0.01320492 -0.01070613 0.01779971
v -0.01281256 -0.01055793 0.01807730
v -0.01311555 -0.01063567 0.01815378
v -0.01272319 -0.01051727 0.01843137
v -0.01302618 -0.01060631 0.01850785
v -0.01341855 -0.01071796 0.01823026
v -0.01350792 -0.01075652 0.01787619
f 1 2 3
f 4 5 6
f 7 8 9
f 10 11 12
f 13 14 15
f 16 17 18
f 19 20 21
f 22 23 24
f 25 26 27
f 28 27 29
f 28 29 30
f 30 29 31
f 30 31 32
f 33 26 34
f 34 26 25
f 34 25 35
f 36 33 37
f 37 33 34
f 37 34 38
f 38 34 35
f 38 35 39
f 40 28 41
f 41 28 30
f 41 30 42
f 42 30 32
f 42 32 43
f 44 45 46
f 46 45 47
f 46 47 48
f 48 47 49
f 48 49 50
f 50 49 51
f 45 52 47
f 47 52 53
f 47 53 49
f 49 53 54
f 49 54 51
f 51 54 55
f 52 56 53
f 53 56 57
f 53 57 54
f 54 57 58
f 54 58 55
f 55 58 59
f 60 61 62
f 62 61 63
f 62 63 64
f 64 63 65
f 64 65 66
f 66 65 24
f 67 68 69
f 69 68 70
f 69 70 71
f 71 70 72
f 71 72 73
f 73 72 74
f 68 75 70
f 70 75 76
f 70 76 72
f 72 76 77
f 72 77 74
f 74 77 78
f 75 79 76
f 76 79 80
f 76 80 77
f 77 80 81
f 77 81 78
f 78 81 82
f 83 84 85
f 85 84 86
f 85 86 87
f 87 86 88
f 87 88 89
f 89 88 15
f 90 91 92
f 92 91 93
f 92 93 94
f 94 93 95
f 94 95 96
f 96 95 97
f 91 98 93
f 93 98 99
f 93 99 95
f 95 99 100
f 95 100 97
f 97 100 101
f 98 102 99
f 99 102 103
f 99 103 100
f 100 103 104
f 100 104 101
f 101 104 105
f 106 107 108
f 108 107 109
f 108 109 110
f 110 109 111
f 110 111 112
f 112 111 12
f 113 114 115
f 115 114 116
f 115 116 117
f 117 116 118
f 117 118 119
f 119 118 120
f 114 121 116
f 116 121 122
f 116 122 118
f 118 122 123
f 118 123 120
f 120 123 124
f 121 125 122
f 122 125 126
f 122 126 123
f 123 126 127
f 123 127 124
f 124 127 128
f 129 130 131
f 131 130 132
f 131 132 133
f 133 132 134
f 133 134 135
f 135 134 3
f 136 40 137
f 137 40 41
f 137 41 138
f 138 41 42
f 138 42 139
f 139 42 43
f 139 43 140
f 141 139 142
f 142 139 140
f 142 140 143
f 144 143 145
f 145 143 140
f 145 140 146
f 146 140 43
f 146 43 147
f 147 43 32
f 147 32 148
f 148 32 31
f 148 44 147
f 147 44 46
f 147 46 146
f 146 46 48
f 146 48 145
f 145 48 50
f 145 50 144
f 144 50 149
f 150 151 59
f 59 151 152
f 59 152 55
f 55 152 153
f 55 153 51
f 51 153 154
f 51 154 50
f 50 154 155
f 50 155 149
f 156 150 66
f 66 150 59
f 66 59 64
f 64 59 58
f 64 58 62
f 62 58 57
f 62 57 60
f 60 57 56
f 24 23 66
f 66 23 157
f 66 157 156
f 158 22 159
f 159 22 24
f 159 24 160
f 160 24 65
f 160 65 161
f 161 65 63
f 161 63 162
f 162 63 61
f 162 67 161
f 161 67 69
f 161 69 160
f 160 69 71
f 160 71 159
f 159 71 73
f 159 73 158
f 158 73 163
f 164 165 82
f 82 165 166
f 82 166 78
f 78 166 167
f 78 167 74
f 74 167 168
f 74 168 73
f 73 168 169
f 73 169 163
f 20 164 21
f 21 164 82
f 21 82 170
f 170 82 81
f 170 81 171
f 171 81 80
f 171 80 172
f 172 80 79
f 17 19 18
f 18 19 21
f 18 21 173
f 173 21 170
f 173 170 174
f 174 170 171
f 174 171 175
f 175 171 172
f 176 16 177
f 177 16 18
f 177 18 178
f 178 18 173
f 178 173 179
f 179 173 174
f 179 174 180
f 180 174 175
f 180 83 179
f 179 83 85
f 179 85 178
f 178 85 87
f 178 87 177
f 177 87 89
f 177 89 176
f 176 89 181
f 15 14 89
f 89 14 182
f 89 182 181
f 183 13 184
f 184 13 15
f 184 15 185
f 185 15 88
f 185 88 186
f 186 88 86
f 186 86 187
f 187 86 84
f 187 90 186
f 186 90 92
f 186 92 185
f 185 92 94
f 185 94 184
f 184 94 96
f 184 96 183
f 183 96 188
f 189 190 105
f 105 190 191
f 105 191 101
f 101 191 192
f 101 192 97
f 97 192 193
f 97 193 96
f 96 193 194
f 96 194 188
f 195 189 112
f 112 189 105
f 112 105 110
f 110 105 104
f 110 104 108
f 108 104 103
f 108 103 106
f 106 103 102
f 12 11 112
f 112 11 196
f 112 196 195
f 197 10 198
f 198 10 12
f 198 12 199
f 199 12 111
f 199 111 200
f 200 111 109
f 200 109 201
f 201 109 107
f 201 113 200
f 200 113 115
f 200 115 199
f 199 115 117
f 199 117 198
f 198 117 119
f 198 119 197
f 197 119 202
f 203 204 128
f 128 204 205
f 128 205 124
f 124 205 206
f 124 206 120
f 120 206 207
f 120 207 119
f 119 207 208
f 119 208 202
f 8 203 9
f 9 203 128
f 9 128 209
f 209 128 127
f 209 127 210
f 210 127 126
f 210 126 211
f 211 126 125
f 5 7 6
f 6 7 9
f 6 9 212
f 212 9 209
f 212 209 213
f 213 209 210
f 213 210 214
f 214 210 211
f 215 4 216
f 216 4 6
f 216 6 217
f 217 6 212
f 217 212 218
f 218 212 213
f 218 213 219
f 219 213 214
f 219 129 218
f 218 129 131
f 218 131 217
f 217 131 133
f 217 133 216
f 216 133 135
f 216 135 215
f 215 135 220
f 3 2 135
f 135 2 221
f 135 221 220
f 222 1 223
f 223 1 3
f 223 3 224
f 224 3 134
f 224 134 225
f 225 134 132
f 225 132 226
f 226 132 130
f 226 36 225
f 225 36 37
f 225 37 224
f 224 37 38
f 224 38 223
f 223 38 39
f 223 39 222
f 222 39 227
f 27 28 25
f 25 28 40
f 25 40 35
f 35 40 136
f 35 136 39
f 39 136 228
f 39 228 227
f 141 229 139
f 139 229 230
f 139 230 138
f 138 230 231
f 138 231 137
f 137 231 232
f 137 232 136
f 136 232 233
f 136 233 228
f 229 234 235
f 143 236 142
f 142 236 234
f 142 234 141
f 141 234 229
f 143 144 236
f 236 144 149
f 236 149 237
f 153 238 154
f 154 238 237
f 154 237 155
f 155 237 149
f 153 152 238
f 238 152 151
f 238 151 239
f 151 150 239
f 239 150 156
f 239 156 240
f 22 241 23
f 23 241 240
f 23 240 157
f 157 240 156
f 22 158 241
f 241 158 163
f 241 163 242
f 167 243 168
f 168 243 242
f 168 242 169
f 169 242 163
f 167 166 243
f 243 166 165
f 243 165 244
f 165 164 244
f 244 164 20
f 244 20 245
f 20 19 245
f 245 19 17
f 245 17 246
f 246 17 16
f 246 16 247
f 247 16 176
f 247 176 181
f 13 248 14
f 14 248 247
f 14 247 182
f 182 247 181
f 13 183 248
f 248 183 188
f 248 188 249
f 192 250 193
f 193 250 249
f 193 249 194
f 194 249 188
f 192 191 250
f 250 191 190
f 250 190 251
f 190 189 251
f 251 189 195
f 251 195 252
f 10 253 11
f 11 253 252
f 11 252 196
f 196 252 195
f 10 197 253
f 253 197 202
f 253 202 254
f 206 255 207
f 207 255 254
f 207 254 208
f 208 254 202
f 206 205 255
f 255 205 204
f 255 204 256
f 204 203 256
f 256 203 8
f 256 8 257
f 4 258 5
f 5 258 257
f 5 257 7
f 7 257 8
f 4 215 258
f 258 215 220
f 258 220 259
f 1 260 2
f 2 260 259
f 2 259 221
f 221 259 220
f 1 222 260
f 260 222 227
f 260 227 261
f 227 228 261
f 261 228 233
f 261 233 262
f 233 232 262
f 262 232 231
f 262 231 235
f 235 231 230
f 235 230 229
f 263 246 264
f 264 246 247
f 264 247 265
f 265 247 248
f 265 248 266
f 266 248 249
f 266 249 267
f 268 241 269
f 269 241 242
f 269 242 270
f 270 242 243
f 270 243 271
f 271 243 244
f 271 244 263
f 263 244 245
f 263 245 246
f 272 236 273
f 273 236 237
f 273 237 274
f 274 237 238
f 274 238 275
f 275 238 239
f 275 239 268
f 268 239 240
f 268 240 241
f 249 250 267
f 267 250 251
f 267 251 276
f 276 251 252
f 276 252 277
f 277 252 253
f 277 253 278
f 278 253 254
f 278 254 279
f 280 261 281
f 281 261 262
f 281 262 282
f 282 262 235
f 282 235 272
f 272 235 234
f 272 234 236
f 254 255 279
f 279 255 256
f 279 256 283
f 283 256 257
f 283 257 284
f 284 257 258
f 284 258 285
f 285 258 259
f 285 259 280
f 280 259 260
f 280 260 261
f 282 286 281
f 281 286 287
f 281 287 280
f 280 287 288
f 280 288 285
f 285 288 289
f 285 289 284
f 284 289 290
f 284 290 283
f 283 290 291
f 283 291 279
f 279 291 292
f 279 292 278
f 278 292 293
f 278 293 277
f 277 293 294
f 277 294 276
f 276 294 295
f 276 295 267
f 267 295 296
f 267 296 266
f 266 296 297
f 266 297 265
f 265 297 298
f 265 298 264
f 264 298 299
f 264 299 263
f 263 299 300
f 263 300 271
f 271 300 301
f 271 301 270
f 270 301 302
f 270 302 269
f 269 302 303
f 269 303 268
f 268 303 304
f 268 304 275
f 275 304 305
f 275 305 274
f 274 305 306
f 274 306 273
f 273 306 307
f 273 307 272
f 272 307 308
f 272 308 282
f 282 308 286
f 309 310 311
f 309 311 312
f 313 314 311
f 311 314 315
f 311 315 312
f 316 317 311
f 311 317 318
f 311 318 313
f 319 320 311
f 311 320 321
f 311 321 316
f 322 323 311
f 311 323 324
f 311 324 319
f 325 326 311
f 311 326 327
f 311 327 322
f 328 329 311
f 311 329 330
f 311 330 325
f 310 331 311
f 311 331 332
f 311 332 328
f 333 214 334
f 334 214 211
f 334 211 335
f 336 26 337
f 337 26 33
f 337 33 338
f 339 113 340
f 340 113 201
f 340 201 341
f 342 129 333
f 333 129 219
f 333 219 214
f 343 344 52
f 345 346 75
f 347 90 348
f 348 90 187
f 348 187 349
f 350 29 336
f 336 29 27
f 336 27 26
f 52 45 343
f 343 45 44
f 343 44 351
f 351 44 148
f 351 148 350
f 350 148 31
f 350 31 29
f 352 60 344
f 344 60 56
f 344 56 52
f 75 68 345
f 345 68 67
f 345 67 353
f 353 67 162
f 353 162 352
f 352 162 61
f 352 61 60
f 354 175 355
f 355 175 172
f 355 172 346
f 346 172 79
f 346 79 75
f 356 98 347
f 347 98 91
f 347 91 90
f 211 125 335
f 335 125 121
f 335 121 339
f 339 121 114
f 339 114 113
f 33 36 338
f 338 36 226
f 338 226 342
f 342 226 130
f 342 130 129
f 187 84 349
f 349 84 83
f 349 83 354
f 354 83 180
f 354 180 175
f 201 107 341
f 341 107 106
f 341 106 356
f 356 106 102
f 356 102 98
f 308 312 286
f 286 312 315
f 286 315 287
f 287 315 314
f 287 314 288
f 288 314 313
f 288 313 289
f 289 313 318
f 289 318 290
f 290 318 317
f 290 317 291
f 291 317 316
f 291 316 292
f 292 316 321
f 292 321 293
f 293 321 320
f 293 320 294
f 294 320 319
f 294 319 295
f 295 319 324
f 295 324 296
f 296 324 323
f 296 323 297
f 297 323 322
f 297 322 298
f 298 322 327
f 298 327 299
f 299 327 326
f 299 326 300
f 300 326 325
f 300 325 301
f 301 325 330
f 301 330 302
f 302 330 329
f 302 329 303
f 303 329 328
f 303 328 304
f 304 328 332
f 304 332 305
f 305 332 331
f 305 331 306
f 306 331 310
f 306 310 307
f 307 310 309
f 307 309 308
f 308 309 312
f 357 356 347
f 348 358 347
f 347 358 359
f 347 359 357
f 349 360 348
f 348 360 361
f 348 361 358
f 354 362 349
f 349 362 363
f 349 363 360
f 364 354 355
f 346 365 355
f 355 365 366
f 355 366 364
f 345 367 346
f 346 367 368
f 346 368 365
f 353 369 345
f 345 369 370
f 345 370 367
f 371 353 352
f 344 372 352
f 352 372 373
f 352 373 371
f 343 374 344
f 344 374 375
f 344 375 372
f 351 376 343
f 343 376 377
f 343 377 374
f 378 351 350
f 336 379 350
f 350 379 380
f 350 380 378
f 337 381 336
f 336 381 382
f 336 382 379
f 338 383 337
f 337 383 384
f 337 384 381
f 385 338 342
f 333 386 342
f 342 386 387
f 342 387 385
f 334 388 333
f 333 388 389
f 333 389 386
f 335 390 334
f 334 390 391
f 334 391 388
f 392 335 339
f 340 393 339
f 339 393 394
f 339 394 392
f 341 395 340
f 340 395 396
f 340 396 393
f 356 397 341
f 341 397 398
f 341 398 395
f 362 354 399
f 356 357 400
f 400 357 359
f 400 359 401
f 401 359 358
f 401 358 402
f 402 358 361
f 402 361 403
f 403 361 360
f 403 360 399
f 399 360 363
f 399 363 362
f 367 370 404
f 404 370 369
f 404 369 353
f 404 405 367
f 367 405 406
f 367 406 368
f 368 406 407
f 368 407 365
f 365 407 408
f 365 408 366
f 366 408 409
f 366 409 364
f 364 409 399
f 364 399 354
f 410 411 374
f 374 411 375
f 353 371 404
f 404 371 373
f 404 373 412
f 412 373 372
f 412 372 413
f 413 372 375
f 413 375 414
f 414 375 411
f 410 374 415
f 415 374 377
f 415 377 416
f 416 377 417
f 417 377 376
f 417 376 351
f 383 338 418
f 351 378 417
f 417 378 380
f 417 380 419
f 419 380 379
f 419 379 420
f 420 379 382
f 420 382 421
f 421 382 381
f 421 381 418
f 418 381 384
f 418 384 383
f 388 391 422
f 422 391 390
f 422 390 335
f 422 423 388
f 388 423 424
f 388 424 389
f 389 424 425
f 389 425 386
f 386 425 426
f 386 426 387
f 387 426 427
f 387 427 385
f 385 427 418
f 385 418 338
f 428 429 395
f 395 429 396
f 335 392 422
f 422 392 394
f 422 394 430
f 430 394 393
f 430 393 431
f 431 393 396
f 431 396 432
f 432 396 429
f 428 395 433
f 433 395 398
f 433 398 434
f 434 398 400
f 400 398 397
f 400 397 356
f 435 436 437
f 438 439 440
f 441 436 442
f 401 402 443
f 424 444 445
f 431 432 446
f 413 447 412
f 415 416 448
f 448 416 417
f 448 417 419
f 411 410 449
f 449 410 415
f 447 413 440
f 406 405 450
f 450 405 404
f 409 408 451
f 451 408 407
f 451 407 452
f 452 407 406
f 452 406 453
f 453 406 450
f 434 400 454
f 454 400 401
f 429 428 455
f 455 428 433
f 421 418 427
f 443 456 401
f 401 456 455
f 401 455 454
f 454 455 433
f 454 433 434
f 432 429 446
f 446 429 455
f 446 455 457
f 457 455 456
f 457 456 458
f 458 456 443
f 437 436 459
f 459 436 441
f 459 441 460
f 461 462 463
f 463 462 464
f 463 464 465
f 419 420 466
f 466 420 421
f 466 421 467
f 467 421 427
f 467 427 468
f 468 427 426
f 468 426 425
f 424 445 469
f 469 445 470
f 469 470 471
f 472 471 473
f 473 471 470
f 473 470 465
f 465 470 445
f 465 445 463
f 463 445 444
f 463 444 461
f 440 439 447
f 447 439 474
f 447 474 412
f 442 436 475
f 475 436 435
f 475 435 476
f 414 411 477
f 477 411 449
f 477 449 478
f 478 449 479
f 478 479 472
f 464 460 465
f 465 460 441
f 465 441 473
f 473 441 442
f 473 442 472
f 472 442 475
f 472 475 478
f 478 475 476
f 478 476 477
f 453 480 452
f 452 480 481
f 452 481 451
f 451 481 482
f 451 482 409
f 409 482 403
f 409 403 399
f 402 403 443
f 443 403 482
f 443 482 458
f 458 482 481
f 458 481 483
f 483 481 480
f 483 480 438
f 438 480 453
f 438 453 439
f 439 453 450
f 439 450 474
f 474 450 404
f 474 404 412
f 415 448 449
f 449 448 419
f 449 419 479
f 479 419 466
f 479 466 472
f 472 466 467
f 472 467 471
f 471 467 468
f 471 468 469
f 469 468 425
f 469 425 424
f 424 423 444
f 444 423 422
f 444 422 461
f 461 422 430
f 461 430 462
f 462 430 431
f 462 431 464
f 464 431 446
f 464 446 460
f 460 446 457
f 460 457 459
f 459 457 458
f 459 458 437
f 437 458 483
f 437 483 435
f 435 483 438
f 435 438 476
f 476 438 440
f 476 440 477
f 477 440 413
f 477 413 414
f 484 485 486
f 487 488 489
f 490 491 492
f 493 494 495
f 496 497 498
f 499 500 501
f 502 503 504
f 505 506 507
f 508 509 510
f 511 510 512
f 511 512 513
f 513 512 514
f 513 514 515
f 516 509 517
f 517 509 508
f 517 508 518
f 519 516 520
f 520 516 517
f 520 517 521
f 521 517 518
f 521 518 522
f 523 511 524
f 524 511 513
f 524 513 525
f 525 513 515
f 525 515 526
f 527 528 529
f 529 528 530
f 529 530 531
f 531 530 532
f 531 532 533
f 533 532 534
f 528 535 530
f 530 535 536
f 530 536 532
f 532 536 537
f 532 537 534
f 534 537 538
f 535 539 536
f 536 539 540
f 536 540 537
f 537 540 541
f 537 541 538
f 538 541 542
f 543 544 545
f 545 544 546
f 545 546 547
f 547 546 548
f 547 548 549
f 549 548 507
f 550 551 552
f 552 551 553
f 552 553 554
f 554 553 555
f 554 555 556
f 556 555 557
f 551 558 553
f 553 558 559
f 553 559 555
f 555 559 560
f 555 560 557
f 557 560 561
f 558 562 559
f 559 562 563
f 559 563 560
f 560 563 564
f 560 564 561
f 561 564 565
f 566 567 568
f 568 567 569
f 568 569 570
f 570 569 571
f 570 571 572
f 572 571 498
f 573 574 575
f 575 574 576
f 575 576 577
f 577 576 578
f 577 578 579
f 579 578 580
f 574 581 576
f 576 581 582
f 576 582 578
f 578 582 583
f 578 583 580
f 580 583 584
f 581 585 582
f 582 585 586
f 582 586 583
f 583 586 587
f 583 587 584
f 584 587 588
f 589 590 591
f 591 590 592
f 591 592 593
f 593 592 594
f 593 594 595
f 595 594 495
f 596 597 598
f 598 597 599
f 598 599 600
f 600 599 601
f 600 601 602
f 602 601 603
f 597 604 599
f 599 604 605
f 599 605 601
f 601 605 606
f 601 606 603
f 603 606 607
f 604 608 605
f 605 608 609
f 605 609 606
f 606 609 610
f 606 610 607
f 607 610 611
f 612 613 614
f 614 613 615
f 614 615 616
f 616 615 617
f 616 617 618
f 618 617 486
f 619 523 620
f 620 523 524
f 620 524 621
f 621 524 525
f 621 525 622
f 622 525 526
f 622 526 623
f 624 622 625
f 625 622 623
f 625 623 626
f 627 626 628
f 628 626 623
f 628 623 629
f 629 623 526
f 629 526 630
f 630 526 515
f 630 515 631
f 631 515 514
f 631 527 630
f 630 527 529
f 630 529 629
f 629 529 531
f 629 531 628
f 628 531 533
f 628 533 627
f 627 533 632
f 633 634 542
f 542 634 635
f 542 635 538
f 538 635 636
f 538 636 534
f 534 636 637
f 534 637 533
f 533 637 638
f 533 638 632
f 639 633 549
f 549 633 542
f 549 542 547
f 547 542 541
f 547 541 545
f 545 541 540
f 545 540 543
f 543 540 539
f 507 506 549
f 549 506 640
f 549 640 639
f 641 505 642
f 642 505 507
f 642 507 643
f 643 507 548
f 643 548 644
f 644 548 546
f 644 546 645
f 645 546 544
f 645 550 644
f 644 550 552
f 644 552 643
f 643 552 554
f 643 554 642
f 642 554 556
f 642 556 641
f 641 556 646
f 647 648 565
f 565 648 649
f 565 649 561
f 561 649 650
f 561 650 557
f 557 650 651
f 557 651 556
f 556 651 652
f 556 652 646
f 503 647 504
f 504 647 565
f 504 565 653
f 653 565 564
f 653 564 654
f 654 564 563
f 654 563 655
f 655 563 562
f 500 502 501
f 501 502 504
f 501 504 656
f 656 504 653
f 656 653 657
f 657 653 654
f 657 654 658
f 658 654 655
f 659 499 660
f 660 499 501
f 660 501 661
f 661 501 656
f 661 656 662
f 662 656 657
f 662 657 663
f 663 657 658
f 663 566 662
f 662 566 568
f 662 568 661
f 661 568 570
f 661 570 660
f 660 570 572
f 660 572 659
f 659 572 664
f 498 497 572
f 572 497 665
f 572 665 664
f 666 496 667
f 667 496 498
f 667 498 668
f 668 498 571
f 668 571 669
f 669 571 569
f 669 569 670
f 670 569 567
f 670 573 669
f 669 573 575
f 669 575 668
f 668 575 577
f 668 577 667
f 667 577 579
f 667 579 666
f 666 579 671
f 672 673 588
f 588 673 674
f 588 674 584
f 584 674 675
f 584 675 580
f 580 675 676
f 580 676 579
f 579 676 677
f 579 677 671
f 678 672 595
f 595 672 588
f 595 588 593
f 593 588 587
f 593 587 591
f 591 587 586
f 591 586 589
f 589 586 585
f 495 494 595
f 595 494 679
f 595 679 678
f 680 493 681
f 681 493 495
f 681 495 682
f 682 495 594
f 682 594 683
f 683 594 592
f 683 592 684
f 684 592 590
f 684 596 683
f 683 596 598
f 683 598 682
f 682 598 600
f 682 600 681
f 681 600 602
f 681 602 680
f 680 602 685
f 686 687 611
f 611 687 688
f 611 688 607
f 607 688 689
f 607 689 603
f 603 689 690
f 603 690 602
f 602 690 691
f 602 691 685
f 491 686 492
f 492 686 611
f 492 611 692
f 692 611 610
f 692 610 693
f 693 610 609
f 693 609 694
f 694 609 608
f 488 490 489
f 489 490 492
f 489 492 695
f 695 492 692
f 695 692 696
f 696 692 693
f 696 693 697
f 697 693 694
f 698 487 699
f 699 487 489
f 699 489 700
f 700 489 695
f 700 695 701
f 701 695 696
f 701 696 702
f 702 696 697
f 702 612 701
f 701 612 614
f 701 614 700
f 700 614 616
f 700 616 699
f 699 616 618
f 699 618 698
f 698 618 703
f 486 485 618
f 618 485 704
f 618 704 703
f 705 484 706
f 706 484 486
f 706 486 707
f 707 486 617
f 707 617 708
f 708 617 615
f 708 615 709
f 709 615 613
f 709 519 708
f 708 519 520
f 708 520 707
f 707 520 521
f 707 521 706
f 706 521 522
f 706 522 705
f 705 522 710
f 510 511 508
f 508 511 523
f 508 523 518
f 518 523 619
f 518 619 522
f 522 619 711
f 522 711 710
f 624 712 622
f 622 712 713
f 622 713 621
f 621 713 714
f 621 714 620
f 620 714 715
f 620 715 619
f 619 715 716
f 619 716 711
f 712 717 718
f 626 719 625
f 625 719 717
f 625 717 624
f 624 717 712
f 626 627 719
f 719 627 632
f 719 632 720
f 636 721 637
f 637 721 720
f 637 720 638
f 638 720 632
f 636 635 721
f 721 635 634
f 721 634 722
f 634 633 722
f 722 633 639
f 722 639 723
f 505 724 506
f 506 724 723
f 506 723 640
f 640 723 639
f 505 641 724
f 724 641 646
f 724 646 725
f 650 726 651
f 651 726 725
f 651 725 652
f 652 725 646
f 650 649 726
f 726 649 648
f 726 648 727
f 648 647 727
f 727 647 503
f 727 503 728
f 503 502 728
f 728 502 500
f 728 500 729
f 729 500 499
f 729 499 730
f 730 499 659
f 730 659 664
f 496 731 497
f 497 731 730
f 497 730 665
f 665 730 664
f 496 666 731
f 731 666 671
f 731 671 732
f 675 733 676
f 676 733 732
f 676 732 677
f 677 732 671
f 675 674 733
f 733 674 673
f 733 673 734
f 673 672 734
f 734 672 678
f 734 678 735
f 493 736 494
f 494 736 735
f 494 735 679
f 679 735 678
f 493 680 736
f 736 680 685
f 736 685 737
f 689 738 690
f 690 738 737
f 690 737 691
f 691 737 685
f 689 688 738
f 738 688 687
f 738 687 739
f 687 686 739
f 739 686 491
f 739 491 740
f 487 741 488
f 488 741 740
f 488 740 490
f 490 740 491
f 487 698 741
f 741 698 703
f 741 703 742
f 484 743 485
f 485 743 742
f 485 742 704
f 704 742 703
f 484 705 743
f 743 705 710
f 743 710 744
f 710 711 744
f 744 711 716
f 744 716 745
f 716 715 745
f 745 715 714
f 745 714 718
f 718 714 713
f 718 713 712
f 746 729 747
f 747 729 730
f 747 730 748
f 748 730 731
f 748 731 749
f 749 731 732
f 749 732 750
f 751 724 752
f 752 724 725
f 752 725 753
f 753 725 726
f 753 726 754
f 754 726 727
f 754 727 746
f 746 727 728
f 746 728 729
f 755 719 756
f 756 719 720
f 756 720 757
f 757 720 721
f 757 721 758
f 758 721 722
f 758 722 751
f 751 722 723
f 751 723 724
f 732 733 750
f 750 733 734
f 750 734 759
f 759 734 735
f 759 735 760
f 760 735 736
f 760 736 761
f 761 736 737
f 761 737 762
f 763 744 764
f 764 744 745
f 764 745 765
f 765 745 718
f 765 718 755
f 755 718 717
f 755 717 719
f 737 738 762
f 762 738 739
f 762 739 766
f 766 739 740
f 766 740 767
f 767 740 741
f 767 741 768
f 768 741 742
f 768 742 763
f 763 742 743
f 763 743 744
f 765 769 764
f 764 769 770
f 764 770 763
f 763 770 771
f 763 771 768
f 768 771 772
f 768 772 767
f 767 772 773
f 767 773 766
f 766 773 774
f 766 774 762
f 762 774 775
f 762 775 761
f 761 775 776
f 761 776 760
f 760 776 777
f 760 777 759
f 759 777 778
f 759 778 750
f 750 778 779
f 750 779 749
f 749 779 780
f 749 780 748
f 748 780 781
f 748 781 747
f 747 781 782
f 747 782 746
f 746 782 783
f 746 783 754
f 754 783 784
f 754 784 753
f 753 784 785
f 753 785 752
f 752 785 786
f 752 786 751
f 751 786 787
f 751 787 758
f 758 787 788
f 758 788 757
f 757 788 789
f 757 789 756
f 756 789 790
f 756 790 755
f 755 790 791
f 755 791 765
f 765 791 769
f 792 793 794
f 792 794 795
f 796 797 794
f 794 797 798
f 794 798 795
f 799 800 794
f 794 800 801
f 794 801 796
f 802 803 794
f 794 803 804
f 794 804 799
f 805 806 794
f 794 806 807
f 794 807 802
f 808 809 794
f 794 809 810
f 794 810 805
f 811 812 794
f 794 812 813
f 794 813 808
f 793 814 794
f 794 814 815
f 794 815 811
f 816 697 817
f 817 697 694
f 817 694 818
f 819 509 820
f 820 509 516
f 820 516 821
f 822 596 823
f 823 596 684
f 823 684 824
f 825 612 816
f 816 612 702
f 816 702 697
f 826 827 535
f 828 829 558
f 830 573 831
f 831 573 670
f 831 670 832
f 833 512 819
f 819 512 510
f 819 510 509
f 535 528 826
f 826 528 527
f 826 527 834
f 834 527 631
f 834 631 833
f 833 631 514
f 833 514 512
f 835 543 827
f 827 543 539
f 827 539 535
f 558 551 828
f 828 551 550
f 828 550 836
f 836 550 645
f 836 645 835
f 835 645 544
f 835 544 543
f 837 658 838
f 838 658 655
f 838 655 829
f 829 655 562
f 829 562 558
f 839 581 830
f 830 581 574
f 830 574 573
f 694 608 818
f 818 608 604
f 818 604 822
f 822 604 597
f 822 597 596
f 516 519 821
f 821 519 709
f 821 709 825
f 825 709 613
f 825 613 612
f 670 567 832
f 832 567 566
f 832 566 837
f 837 566 663
f 837 663 658
f 684 590 824
f 824 590 589
f 824 589 839
f 839 589 585
f 839 585 581
f 791 795 769
f 769 795 798
f 769 798 770
f 770 798 797
f 770 797 771
f 771 797 796
f 771 796 772
f 772 796 801
f 772 801 773
f 773 801 800
f 773 800 774
f 774 800 799
f 774 799 775
f 775 799 804
f 775 804 776
f 776 804 803
f 776 803 777
f 777 803 802
f 777 802 778
f 778 802 807
f 778 807 779
f 779 807 806
f 779 806 780
f 780 806 805
f 780 805 781
f 781 805 810
f 781 810 782
f 782 810 809
f 782 809 783
f 783 809 808
f 783 808 784
f 784 808 813
f 784 813 785
f 785 813 812
f 785 812 786
f 786 812 811
f 786 811 787
f 787 811 815
f 787 815 788
f 788 815 814
f 788 814 789
f 789 814 793
f 789 793 790
f 790 793 792
f 790 792 791
f 791 792 795
f 840 839 830
f 831 841 830
f 830 841 842
f 830 842 840
f 832 843 831
f 831 843 844
f 831 844 841
f 837 845 832
f 832 845 846
f 832 846 843
f 847 837 838
f 829 848 838
f 838 848 849
f 838 849 847
f 828 850 829
f 829 850 851
f 829 851 848
f 836 852 828
f 828 852 853
f 828 853 850
f 854 836 835
f 827 855 835
f 835 855 856
f 835 856 854
f 826 857 827
f 827 857 858
f 827 858 855
f 834 859 826
f 826 859 860
f 826 860 857
f 861 834 833
f 819 862 833
f 833 862 863
f 833 863 861
f 820 864 819
f 819 864 865
f 819 865 862
f 821 866 820
f 820 866 867
f 820 867 864
f 868 821 825
f 816 869 825
f 825 869 870
f 825 870 868
f 817 871 816
f 816 871 872
f 816 872 869
f 818 873 817
f 817 873 874
f 817 874 871
f 875 818 822
f 823 876 822
f 822 876 877
f 822 877 875
f 824 878 823
f 823 878 879
f 823 879 876
f 839 880 824
f 824 880 881
f 824 881 878
f 845 837 882
f 839 840 883
f 883 840 842
f 883 842 884
f 884 842 841
f 884 841 885
f 885 841 844
f 885 844 886
f 886 844 843
f 886 843 882
f 882 843 846
f 882 846 845
f 850 853 887
f 887 853 852
f 887 852 836
f 887 888 850
f 850 888 889
f 850 889 851
f 851 889 890
f 851 890 848
f 848 890 891
f 848 891 849
f 849 891 892
f 849 892 847
f 847 892 882
f 847 882 837
f 893 894 857
f 857 894 858
f 836 854 887
f 887 854 856
f 887 856 895
f 895 856 855
f 895 855 896
f 896 855 858
f 896 858 897
f 897 858 894
f 893 857 898
f 898 857 860
f 898 860 899
f 899 860 900
f 900 860 859
f 900 859 834
f 866 821 901
f 834 861 900
f 900 861 863
f 900 863 902
f 902 863 862
f 902 862 903
f 903 862 865
f 903 865 904
f 904 865 864
f 904 864 901
f 901 864 867
f 901 867 866
f 871 874 905
f 905 874 873
f 905 873 818
f 905 906 871
f 871 906 907
f 871 907 872
f 872 907 908
f 872 908 869
f 869 908 909
f 869 909 870
f 870 909 910
f 870 910 868
f 868 910 901
f 868 901 821
f 911 912 878
f 878 912 879
f 818 875 905
f 905 875 877
f 905 877 913
f 913 877 876
f 913 876 914
f 914 876 879
f 914 879 915
f 915 879 912
f 911 878 916
f 916 878 881
f 916 881 917
f 917 881 883
f 883 881 880
f 883 880 839
f 918 919 920
f 921 922 923
f 924 919 925
f 884 885 926
f 907 927 928
f 914 915 929
f 896 930 895
f 898 899 931
f 931 899 900
f 931 900 902
f 894 893 932
f 932 893 898
f 930 896 923
f 889 888 933
f 933 888 887
f 892 891 934
f 934 891 890
f 934 890 935
f 935 890 889
f 935 889 936
f 936 889 933
f 917 883 937
f 937 883 884
f 912 911 938
f 938 911 916
f 904 901 910
f 926 939 884
f 884 939 938
f 884 938 937
f 937 938 916
f 937 916 917
f 915 912 929
f 929 912 938
f 929 938 940
f 940 938 939
f 940 939 941
f 941 939 926
f 920 919 942
f 942 919 924
f 942 924 943
f 944 945 946
f 946 945 947
f 946 947 948
f 902 903 949
f 949 903 904
f 949 904 950
f 950 904 910
f 950 910 951
f 951 910 909
f 951 909 908
f 907 928 952
f 952 928 953
f 952 953 954
f 955 954 956
f 956 954 953
f 956 953 948
f 948 953 928
f 948 928 946
f 946 928 927
f 946 927 944
f 923 922 930
f 930 922 957
f 930 957 895
f 925 919 958
f 958 919 918
f 958 918 959
f 897 894 960
f 960 894 932
f 960 932 961
f 961 932 962
f 961 962 955
f 947 943 948
f 948 943 924
f 948 924 956
f 956 924 925
f 956 925 955
f 955 925 958
f 955 958 961
f 961 958 959
f 961 959 960
f 936 963 935
f 935 963 964
f 935 964 934
f 934 964 965
f 934 965 892
f 892 965 886
f 892 886 882
f 885 886 926
f 926 886 965
f 926 965 941
f 941 965 964
f 941 964 966
f 966 964 963
f 966 963 921
f 921 963 936
f 921 936 922
f 922 936 933
f 922 933 957
f 957 933 887
f 957 887 895
f 898 931 932
f 932 931 902
f 932 902 962
f 962 902 949
f 962 949 955
f 955 949 950
f 955 950 954
f 954 950 951
f 954 951 952
f 952 951 908
f 952 908 907
f 907 906 927
f 927 906 905
f 927 905 944
f 944 905 913
f 944 913 945
f 945 913 914
f 945 914 947
f 947 914 929
f 947 929 943
f 943 929 940
f 943 940 942
f 942 940 941
f 942 941 920
f 920 941 966
f 920 966 918
f 918 966 921
f 918 921 959
f 959 921 923
f 959 923 960
f 960 923 896
f 960 896 897
f 967 968 969
f 970 971 972
f 973 974 975
f 976 977 978
f 979 980 981
f 982 983 984
f 985 986 987
f 988 989 990
f 991 992 993
f 994 993 995
f 994 995 996
f 996 995 997
f 996 997 998
f 999 992 1000
f 1000 992 991
f 1000 991 1001
f 1002 999 1003
f 1003 999 1000
f 1003 1000 1004
f 1004 1000 1001
f 1004 1001 1005
f 1006 994 1007
f 1007 994 996
f 1007 996 1008
f 1008 996 998
f 1008 998 1009
f 1010 1011 1012
f 1012 1011 1013
f 1012 1013 1014
f 1014 1013 1015
f 1014 1015 1016
f 1016 1015 1017
f 1011 1018 1013
f 1013 1018 1019
f 1013 1019 1015
f 1015 1019 1020
f 1015 1020 1017
f 1017 1020 1021
f 1018 1022 1019
f 1019 1022 1023
f 1019 1023 1020
f 1020 1023 1024
f 1020 1024 1021
f 1021 1024 1025
f 1026 1027 1028
f 1028 1027 1029
f 1028 1029 1030
f 1030 1029 1031
f 1030 1031 1032
f 1032 1031 990
f 1033 1034 1035
f 1035 1034 1036
f 1035 1036 1037
f 1037 1036 1038
f 1037 1038 1039
f 1039 1038 1040
f 1034 1041 1036
f 1036 1041 1042
f 1036 1042 1038
f 1038 1042 1043
f 1038 1043 1040
f 1040 1043 1044
f 1041 1045 1042
f 1042 1045 1046
f 1042 1046 1043
f 1043 1046 1047
f 1043 1047 1044
f 1044 1047 1048
f 1049 1050 1051
f 1051 1050 1052
f 1051 1052 1053
f 1053 1052 1054
f 1053 1054 1055
f 1055 1054 981
f 1056 1057 1058
f 1058 1057 1059
f 1058 1059 1060
f 1060 1059 1061
f 1060 1061 1062
f 1062 1061 1063
f 1057 1064 1059
f 1059 1064 1065
f 1059 1065 1061
f 1061 1065 1066
f 1061 1066 1063
f 1063 1066 1067
f 1064 1068 1065
f 1065 1068 1069
f 1065 1069 1066
f 1066 1069 1070
f 1066 1070 1067
f 1067 1070 1071
f 1072 1073 1074
f 1074 1073 1075
f 1074 1075 1076
f 1076 1075 1077
f 1076 1077 1078
f 1078 1077 978
f 1079 1080 1081
f 1081 1080 1082
f 1081 1082 1083
f 1083 1082 1084
f 1083 1084 1085
f 1085 1084 1086
f 1080 1087 1082
f 1082 1087 1088
f 1082 1088 1084
f 1084 1088 1089
f 1084 1089 1086
f 1086 1089 1090
f 1087 1091 1088
f 1088 1091 1092
f 1088 1092 1089
f 1089 1092 1093
f 1089 1093 1090
f 1090 1093 1094
f 1095 1096 1097
f 1097 1096 1098
f 1097 1098 1099
f 1099 1098 1100
f 1099 1100 1101
f 1101 1100 969
f 1102 1006 1103
f 1103 1006 1007
f 1103 1007 1104
f 1104 1007 1008
f 1104 1008 1105
f 1105 1008 1009
f 1105 1009 1106
f 1107 1105 1108
f 1108 1105 1106
f 1108 1106 1109
f 1110 1109 1111
f 1111 1109 1106
f 1111 1106 1112
f 1112 1106 1009
f 1112 1009 1113
f 1113 1009 998
f 1113 998 1114
f 1114 998 997
f 1114 1010 1113
f 1113 1010 1012
f 1113 1012 1112
f 1112 1012 1014
f 1112 1014 1111
f 1111 1014 1016
f 1111 1016 1110
f 1110 1016 1115
f 1116 1117 1025
f 1025 1117 1118
f 1025 1118 1021
f 1021 1118 1119
f 1021 1119 1017
f 1017 1119 1120
f 1017 1120 1016
f 1016 1120 1121
f 1016 1121 1115
f 1122 1116 1032
f 1032 1116 1025
f 1032 1025 1030
f 1030 1025 1024
f 1030 1024 1028
f 1028 1024 1023
f 1028 1023 1026
f 1026 1023 1022
f 990 989 1032
f 1032 989 1123
f 1032 1123 1122
f 1124 988 1125
f 1125 988 990
f 1125 990 1126
f 1126 990 1031
f 1126 1031 1127
f 1127 1031 1029
f 1127 1029 1128
f 1128 1029 1027
f 1128 1033 1127
f 1127 1033 1035
f 1127 1035 1126
f 1126 1035 1037
f 1126 1037 1125
f 1125 1037 1039
f 1125 1039 1124
f 1124 1039 1129
f 1130 1131 1048
f 1048 1131 1132
f 1048 1132 1044
f 1044 1132 1133
f 1044 1133 1040
f 1040 1133 1134
f 1040 1134 1039
f 1039 1134 1135
f 1039 1135 1129
f 986 1130 987
f 987 1130 1048
f 987 1048 1136
f 1136 1048 1047
f 1136 1047 1137
f 1137 1047 1046
f 1137 1046 1138
f 1138 1046 1045
f 983 985 984
f 984 985 987
f 984 987 1139
f 1139 987 1136
f 1139 1136 1140
f 1140 1136 1137
f 1140 1137 1141
f 1141 1137 1138
f 1142 982 1143
f 1143 982 984
f 1143 984 1144
f 1144 984 1139
f 1144 1139 1145
f 1145 1139 1140
f 1145 1140 1146
f 1146 1140 1141
f 1146 1049 1145
f 1145 1049 1051
f 1145 1051 1144
f 1144 1051 1053
f 1144 1053 1143
f 1143 1053 1055
f 1143 1055 1142
f 1142 1055 1147
f 981 980 1055
f 1055 980 1148
f 1055 1148 1147
f 1149 979 1150
f 1150 979 981
f 1150 981 1151
f 1151 981 1054
f 1151 1054 1152
f 1152 1054 1052
f 1152 1052 1153
f 1153 1052 1050
f 1153 1056 1152
f 1152 1056 1058
f 1152 1058 1151
f 1151 1058 1060
f 1151 1060 1150
f 1150 1060 1062
f 1150 1062 1149
f 1149 1062 1154
f 1155 1156 1071
f 1071 1156 1157
f 1071 1157 1067
f 1067 1157 1158
f 1067 1158 1063
f 1063 1158 1159
f 1063 1159 1062
f 1062 1159 1160
f 1062 1160 1154
f 1161 1155 1078
f 1078 1155 1071
f 1078 1071 1076
f 1076 1071 1070
f 1076 1070 1074
f 1074 1070 1069
f 1074 1069 1072
f 1072 1069 1068
f 978 977 1078
f 1078 977 1162
f 1078 1162 1161
f 1163 976 1164
f 1164 976 978
f 1164 978 1165
f 1165 978 1077
f 1165 1077 1166
f 1166 1077 1075
f 1166 1075 1167
f 1167 1075 1073
f 1167 1079 1166
f 1166 1079 1081
f 1166 1081 1165
f 1165 1081 1083
f 1165 1083 1164
f 1164 1083 1085
f 1164 1085 1163
f 1163 1085 1168
f 1169 1170 1094
f 1094 1170 1171
f 1094 1171 1090
f 1090 1171 1172
f 1090 1172 1086
f 1086 1172 1173
f 1086 1173 1085
f 1085 1173 1174
f 1085 1174 1168
f 974 1169 975
f 975 1169 1094
f 975 1094 1175
f 1175 1094 1093
f 1175 1093 1176
f 1176 1093 1092
f 1176 1092 1177
f 1177 1092 1091
f 971 973 972
f 972 973 975
f 972 975 1178
f 1178 975 1175
f 1178 1175 1179
f 1179 1175 1176
f 1179 1176 1180
f 1180 1176 1177
f 1181 970 1182
f 1182 970 972
f 1182 972 1183
f 1183 972 1178
f 1183 1178 1184
f 1184 1178 1179
f 1184 1179 1185
f 1185 1179 1180
f 1185 1095 1184
f 1184 1095 1097
f 1184 1097 1183
f 1183 1097 1099
f 1183 1099 1182
f 1182 1099 1101
f 1182 1101 1181
f 1181 1101 1186
f 969 968 1101
f 1101 968 1187
f 1101 1187 1186
f 1188 967 1189
f 1189 967 969
f 1189 969 1190
f 1190 969 1100
f 1190 1100 1191
f 1191 1100 1098
f 1191 1098 1192
f 1192 1098 1096
f 1192 1002 1191
f 1191 1002 1003
f 1191 1003 1190
f 1190 1003 1004
f 1190 1004 1189
f 1189 1004 1005
f 1189 1005 1188
f 1188 1005 1193
f 993 994 991
f 991 994 1006
f 991 1006 1001
f 1001 1006 1102
f 1001 1102 1005
f 1005 1102 1194
f 1005 1194 1193
f 1107 1195 1105
f 1105 1195 1196
f 1105 1196 1104
f 1104 1196 1197
f 1104 1197 1103
f 1103 1197 1198
f 1103 1198 1102
f 1102 1198 1199
f 1102 1199 1194
f 1195 1200 1201
f 1109 1202 1108
f 1108 1202 1200
f 1108 1200 1107
f 1107 1200 1195
f 1109 1110 1202
f 1202 1110 1115
f 1202 1115 1203
f 1119 1204 1120
f 1120 1204 1203
f 1120 1203 1121
f 1121 1203 1115
f 1119 1118 1204
f 1204 1118 1117
f 1204 1117 1205
f 1117 1116 1205
f 1205 1116 1122
f 1205 1122 1206
f 988 1207 989
f 989 1207 1206
f 989 1206 1123
f 1123 1206 1122
f 988 1124 1207
f 1207 1124 1129
f 1207 1129 1208
f 1133 1209 1134
f 1134 1209 1208
f 1134 1208 1135
f 1135 1208 1129
f 1133 1132 1209
f 1209 1132 1131
f 1209 1131 1210
f 1131 1130 1210
f 1210 1130 986
f 1210 986 1211
f 986 985 1211
f 1211 985 983
f 1211 983 1212
f 1212 983 982
f 1212 982 1213
f 1213 982 1142
f 1213 1142 1147
f 979 1214 980
f 980 1214 1213
f 980 1213 1148
f 1148 1213 1147
f 979 1149 1214
f 1214 1149 1154
f 1214 1154 1215
f 1158 1216 1159
f 1159 1216 1215
f 1159 1215 1160
f 1160 1215 1154
f 1158 1157 1216
f 1216 1157 1156
f 1216 1156 1217
f 1156 1155 1217
f 1217 1155 1161
f 1217 1161 1218
f 976 1219 977
f 977 1219 1218
f 977 1218 1162
f 1162 1218 1161
f 976 1163 1219
f 1219 1163 1168
f 1219 1168 1220
f 1172 1221 1173
f 1173 1221 1220
f 1173 1220 1174
f 1174 1220 1168
f 1172 1171 1221
f 1221 1171 1170
f 1221 1170 1222
f 1170 1169 1222
f 1222 1169 974
f 1222 974 1223
f 970 1224 971
f 971 1224 1223
f 971 1223 973
f 973 1223 974
f 970 1181 1224
f 1224 1181 1186
f 1224 1186 1225
f 967 1226 968
f 968 1226 1225
f 968 1225 1187
f 1187 1225 1186
f 967 1188 1226
f 1226 1188 1193
f 1226 1193 1227
f 1193 1194 1227
f 1227 1194 1199
f 1227 1199 1228
f 1199 1198 1228
f 1228 1198 1197
f 1228 1197 1201
f 1201 1197 1196
f 1201 1196 1195
f 1229 1212 1230
f 1230 1212 1213
f 1230 1213 1231
f 1231 1213 1214
f 1231 1214 1232
f 1232 1214 1215
f 1232 1215 1233
f 1234 1207 1235
f 1235 1207 1208
f 1235 1208 1236
f 1236 1208 1209
f 1236 1209 1237
f 1237 1209 1210
f 1237 1210 1229
f 1229 1210 1211
f 1229 1211 1212
f 1238 1202 1239
f 1239 1202 1203
f 1239 1203 1240
f 1240 1203 1204
f 1240 1204 1241
f 1241 1204 1205
f 1241 1205 1234
f 1234 1205 1206
f 1234 1206 1207
f 1215 1216 1233
f 1233 1216 1217
f 1233 1217 1242
f 1242 1217 1218
f 1242 1218 1243
f 1243 1218 1219
f 1243 1219 1244
f 1244 1219 1220
f 1244 1220 1245
f 1246 1227 1247
f 1247 1227 1228
f 1247 1228 1248
f 1248 1228 1201
f 1248 1201 1238
f 1238 1201 1200
f 1238 1200 1202
f 1220 1221 1245
f 1245 1221 1222
f 1245 1222 1249
f 1249 1222 1223
f 1249 1223 1250
f 1250 1223 1224
f 1250 1224 1251
f 1251 1224 1225
f 1251 1225 1246
f 1246 1225 1226
f 1246 1226 1227
f 1248 1252 1247
f 1247 1252 1253
f 1247 1253 1246
f 1246 1253 1254
f 1246 1254 1251
f 1251 1254 1255
f 1251 1255 1250
f 1250 1255 1256
f 1250 1256 1249
f 1249 1256 1257
f 1249 1257 1245
f 1245 1257 1258
f 1245 1258 1244
f 1244 1258 1259
f 1244 1259 1243
f 1243 1259 1260
f 1243 1260 1242
f 1242 1260 1261
f 1242 1261 1233
f 1233 1261 1262
f 1233 1262 1232
f 1232 1262 1263
f 1232 1263 1231
f 1231 1263 1264
f 1231 1264 1230
f 1230 1264 1265
f 1230 1265 1229
f 1229 1265 1266
f 1229 1266 1237
f 1237 1266 1267
f 1237 1267 1236
f 1236 1267 1268
f 1236 1268 1235
f 1235 1268 1269
f 1235 1269 1234
f 1234 1269 1270
f 1234 1270 1241
f 1241 1270 1271
f 1241 1271 1240
f 1240 1271 1272
f 1240 1272 1239
f 1239 1272 1273
f 1239 1273 1238
f 1238 1273 1274
f 1238 1274 1248
f 1248 1274 1252
f 1275 1276 1277
f 1275 1277 1278
f 1279 1280 1277
f 1277 1280 1281
f 1277 1281 1278
f 1282 1283 1277
f 1277 1283 1284
f 1277 1284 1279
f 1285 1286 1277
f 1277 1286 1287
f 1277 1287 1282
f 1288 1289 1277
f 1277 1289 1290
f 1277 1290 1285
f 1291 1292 1277
f 1277 1292 1293
f 1277 1293 1288
f 1294 1295 1277
f 1277 1295 1296
f 1277 1296 1291
f 1276 1297 1277
f 1277 1297 1298
f 1277 1298 1294
f 1299 1180 1300
f 1300 1180 1177
f 1300 1177 1301
f 1302 992 1303
f 1303 992 999
f 1303 999 1304
f 1305 1079 1306
f 1306 1079 1167
f 1306 1167 1307
f 1308 1095 1299
f 1299 1095 1185
f 1299 1185 1180
f 1309 1310 1018
f 1311 1312 1041
f 1313 1056 1314
f 1314 1056 1153
f 1314 1153 1315
f 1316 995 1302
f 1302 995 993
f 1302 993 992
f 1018 1011 1309
f 1309 1011 1010
f 1309 1010 1317
f 1317 1010 1114
f 1317 1114 1316
f 1316 1114 997
f 1316 997 995
f 1318 1026 1310
f 1310 1026 1022
f 1310 1022 1018
f 1041 1034 1311
f 1311 1034 1033
f 1311 1033 1319
f 1319 1033 1128
f 1319 1128 1318
f 1318 1128 1027
f 1318 1027 1026
f 1320 1141 1321
f 1321 1141 1138
f 1321 1138 1312
f 1312 1138 1045
f 1312 1045 1041
f 1322 1064 1313
f 1313 1064 1057
f 1313 1057 1056
f 1177 1091 1301
f 1301 1091 1087
f 1301 1087 1305
f 1305 1087 1080
f 1305 1080 1079
f 999 1002 1304
f 1304 1002 1192
f 1304 1192 1308
f 1308 1192 1096
f 1308 1096 1095
f 1153 1050 1315
f 1315 1050 1049
f 1315 1049 1320
f 1320 1049 1146
f 1320 1146 1141
f 1167 1073 1307
f 1307 1073 1072
f 1307 1072 1322
f 1322 1072 1068
f 1322 1068 1064
f 1274 1278 1252
f 1252 1278 1281
f 1252 1281 1253
f 1253 1281 1280
f 1253 1280 1254
f 1254 1280 1279
f 1254 1279 1255
f 1255 1279 1284
f 1255 1284 1256
f 1256 1284 1283
f 1256 1283 1257
f 1257 1283 1282
f 1257 1282 1258
f 1258 1282 1287
f 1258 1287 1259
f 1259 1287 1286
f 1259 1286 1260
f 1260 1286 1285
f 1260 1285 1261
f 1261 1285 1290
f 1261 1290 1262
f 1262 1290 1289
f 1262 1289 1263
f 1263 1289 1288
f 1263 1288 1264
f 1264 1288 1293
f 1264 1293 1265
f 1265 1293 1292
f 1265 1292 1266
f 1266 1292 1291
f 1266 1291 1267
f 1267 1291 1296
f 1267 1296 1268
f 1268 1296 1295
f 1268 1295 1269
f 1269 1295 1294
f 1269 1294 1270
f 1270 1294 1298
f 1270 1298 1271
f 1271 1298 1297
f 1271 1297 1272
f 1272 1297 1276
f 1272 1276 1273
f 1273 1276 1275
f 1273 1275 1274
f 1274 1275 1278
f 1323 1322 1313
f 1314 1324 1313
f 1313 1324 1325
f 1313 1325 1323
f 1315 1326 1314
f 1314 1326 1327
f 1314 1327 1324
f 1320 1328 1315
f 1315 1328 1329
f 1315 1329 1326
f 1330 1320 1321
f 1312 1331 1321
f 1321 1331 1332
f 1321 1332 1330
f 1311 1333 1312
f 1312 1333 1334
f 1312 1334 1331
f 1319 1335 1311
f 1311 1335 1336
f 1311 1336 1333
f 1337 1319 1318
f 1310 1338 1318
f 1318 1338 1339
f 1318 1339 1337
f 1309 1340 1310
f 1310 1340 1341
f 1310 1341 1338
f 1317 1342 1309
f 1309 1342 1343
f 1309 1343 1340
f 1344 1317 1316
f 1302 1345 1316
f 1316 1345 1346
f 1316 1346 1344
f 1303 1347 1302
f 1302 1347 1348
f 1302 1348 1345
f 1304 1349 1303
f 1303 1349 1350
f 1303 1350 1347
f 1351 1304 1308
f 1299 1352 1308
f 1308 1352 1353
f 1308 1353 1351
f 1300 1354 1299
f 1299 1354 1355
f 1299 1355 1352
f 1301 1356 1300
f 1300 1356 1357
f 1300 1357 1354
f 1358 1301 1305
f 1306 1359 1305
f 1305 1359 1360
f 1305 1360 1358
f 1307 1361 1306
f 1306 1361 1362
f 1306 1362 1359
f 1322 1363 1307
f 1307 1363 1364
f 1307 1364 1361
f 1328 1320 1365
f 1322 1323 1366
f 1366 1323 1325
f 1366 1325 1367
f 1367 1325 1324
f 1367 1324 1368
f 1368 1324 1327
f 1368 1327 1369
f 1369 1327 1326
f 1369 1326 1365
f 1365 1326 1329
f 1365 1329 1328
f 1333 1336 1370
f 1370 1336 1335
f 1370 1335 1319
f 1370 1371 1333
f 1333 1371 1372
f 1333 1372 1334
f 1334 1372 1373
f 1334 1373 1331
f 1331 1373 1374
f 1331 1374 1332
f 1332 1374 1375
f 1332 1375 1330
f 1330 1375 1365
f 1330 1365 1320
f 1376 1377 1340
f 1340 1377 1341
f 1319 1337 1370
f 1370 1337 1339
f 1370 1339 1378
f 1378 1339 1338
f 1378 1338 1379
f 1379 1338 1341
f 1379 1341 1380
f 1380 1341 1377
f 1376 1340 1381
f 1381 1340 1343
f 1381 1343 1382
f 1382 1343 1383
f 1383 1343 1342
f 1383 1342 1317
f 1349 1304 1384
f 1317 1344 1383
f 1383 1344 1346
f 1383 1346 1385
f 1385 1346 1345
f 1385 1345 1386
f 1386 1345 1348
f 1386 1348 1387
f 1387 1348 1347
f 1387 1347 1384
f 1384 1347 1350
f 1384 1350 1349
f 1354 1357 1388
f 1388 1357 1356
f 1388 1356 1301
f 1388 1389 1354
f 1354 1389 1390
f 1354 1390 1355
f 1355 1390 1391
f 1355 1391 1352
f 1352 1391 1392
f 1352 1392 1353
f 1353 1392 1393
f 1353 1393 1351
f 1351 1393 1384
f 1351 1384 1304
f 1394 1395 1361
f 1361 1395 1362
f 1301 1358 1388
f 1388 1358 1360
f 1388 1360 1396
f 1396 1360 1359
f 1396 1359 1397
f 1397 1359 1362
f 1397 1362 1398
f 1398 1362 1395
f 1394 1361 1399
f 1399 1361 1364
f 1399 1364 1400
f 1400 1364 1366
f 1366 1364 1363
f 1366 1363 1322
f 1401 1402 1403
f 1404 1405 1406
f 1407 1402 1408
f 1367 1368 1409
f 1390 1410 1411
f 1397 1398 1412
f 1379 1413 1378
f 1381 1382 1414
f 1414 1382 1383
f 1414 1383 1385
f 1377 1376 1415
f 1415 1376 1381
f 1413 1379 1406
f 1372 1371 1416
f 1416 1371 1370
f 1375 1374 1417
f 1417 1374 1373
f 1417 1373 1418
f 1418 1373 1372
f 1418 1372 1419
f 1419 1372 1416
f 1400 1366 1420
f 1420 1366 1367
f 1395 1394 1421
f 1421 1394 1399
f 1387 1384 1393
f 1409 1422 1367
f 1367 1422 1421
f 1367 1421 1420
f 1420 1421 1399
f 1420 1399 1400
f 1398 1395 1412
f 1412 1395 1421
f 1412 1421 1423
f 1423 1421 1422
f 1423 1422 1424
f 1424 1422 1409
f 1403 1402 1425
f 1425 1402 1407
f 1425 1407 1426
f 1427 1428 1429
f 1429 1428 1430
f 1429 1430 1431
f 1385 1386 1432
f 1432 1386 1387
f 1432 1387 1433
f 1433 1387 1393
f 1433 1393 1434
f 1434 1393 1392
f 1434 1392 1391
f 1390 1411 1435
f 1435 1411 1436
f 1435 1436 1437
f 1438 1437 1439
f 1439 1437 1436
f 1439 1436 1431
f 1431 1436 1411
f 1431 1411 1429
f 1429 1411 1410
f 1429 1410 1427
f 1406 1405 1413
f 1413 1405 1440
f 1413 1440 1378
f 1408 1402 1441
f 1441 1402 1401
f 1441 1401 1442
f 1380 1377 1443
f 1443 1377 1415
f 1443 1415 1444
f 1444 1415 1445
f 1444 1445 1438
f 1430 1426 1431
f 1431 1426 1407
f 1431 1407 1439
f 1439 1407 1408
f 1439 1408 1438
f 1438 1408 1441
f 1438 1441 1444
f 1444 1441 1442
f 1444 1442 1443
f 1419 1446 1418
f 1418 1446 1447
f 1418 1447 1417
f 1417 1447 1448
f 1417 1448 1375
f 1375 1448 1369
f 1375 1369 1365
f 1368 1369 1409
f 1409 1369 1448
f 1409 1448 1424
f 1424 1448 1447
f 1424 1447 1449
f 1449 1447 1446
f 1449 1446 1404
f 1404 1446 1419
f 1404 1419 1405
f 1405 1419 1416
f 1405 1416 1440
f 1440 1416 1370
f 1440 1370 1378
f 1381 1414 1415
f 1415 1414 1385
f 1415 1385 1445
f 1445 1385 1432
f 1445 1432 1438
f 1438 1432 1433
f 1438 1433 1437
f 1437 1433 1434
f 1437 1434 1435
f 1435 1434 1391
f 1435 1391 1390
f 1390 1389 1410
f 1410 1389 1388
f 1410 1388 1427
f 1427 1388 1396
f 1427 1396 1428
f 1428 1396 1397
f 1428 1397 1430
f 1430 1397 1412
f 1430 1412 1426
f 1426 1412 1423
f 1426 1423 1425
f 1425 1423 1424
f 1425 1424 1403
f 1403 1424 1449
f 1403 1449 1401
f 1401 1449 1404
f 1401 1404 1442
f 1442 1404 1406
f 1442 1406 1443
f 1443 1406 1379
f 1443 1379 1380
f 1450 1451 1452
f 1453 1454 1455
f 1456 1457 1458
f 1458 1457 1459
f 1460 1461 1458
f 1458 1461 1462
f 1458 1462 1456
f 1456 1462 1463
f 1456 1463 1464
f 1464 1463 1465
f 1466 1467 1455
f 1455 1467 1468
f 1454 1469 1455
f 1455 1469 1470
f 1455 1470 1471
f 1472 1473 1474
f 1474 1473 1475
f 1474 1475 1476
f 1476 1475 1477
f 1476 1477 1478
f 1468 1479 1455
f 1455 1479 1480
f 1455 1480 1453
f 1459 1481 1458
f 1458 1481 1482
f 1458 1482 1483
f 1484 1485 1463
f 1463 1485 1486
f 1463 1486 1465
f 1478 1484 1476
f 1476 1484 1463
f 1476 1463 1487
f 1487 1463 1488
f 1487 1488 1489
f 1489 1488 1483
f 1489 1483 1490
f 1490 1483 1482
f 1490 1482 1491
f 1491 1482 1455
f 1491 1455 1492
f 1492 1455 1471
f 1492 1471 1493
f 1494 1495 1496
f 1497 1498 1499
f 1499 1498 1500
f 1499 1500 1501
f 1502 1503 1504
f 1504 1503 1505
f 1504 1505 1506
f 1507 1508 1509
f 1509 1508 1502
f 1509 1502 1510
f 1510 1502 1504
f 1510 1504 1511
f 1499 1512 1497
f 1497 1512 1513
f 1497 1513 1514
f 1515 1516 1501
f 1501 1516 1504
f 1501 1504 1499
f 1499 1504 1506
f 1514 1517 1497
f 1497 1517 1518
f 1497 1518 1496
f 1496 1518 1519
f 1496 1519 1494
f 1520 1521 1522
f 1522 1521 1523
f 1522 1523 1524
f 1524 1525 1509
f 1509 1525 1526
f 1509 1526 1507
f 1515 1527 1516
f 1516 1527 1528
f 1516 1528 1522
f 1522 1528 1529
f 1522 1529 1520
f 1530 1531 1532
f 1532 1531 1533
f 1532 1533 1534
f 1534 1533 1535
f 1536 1537 1538
f 1539 1540 1541
f 1542 1537 1543
f 1543 1537 1536
f 1543 1536 1544
f 1545 1546 1530
f 1530 1546 1547
f 1530 1547 1531
f 1538 1548 1536
f 1536 1548 1539
f 1536 1539 1549
f 1549 1539 1541
f 1550 1551 1552
f 1552 1551 1553
f 1552 1553 1554
f 1555 1556 1557
f 1557 1556 1546
f 1558 1559 1560
f 1560 1559 1561
f 1560 1561 1536
f 1536 1561 1562
f 1536 1562 1544
f 1563 1564 1558
f 1558 1564 1565
f 1566 1567 1568
f 1568 1567 1558
f 1568 1558 1569
f 1569 1558 1565
f 1567 1570 1558
f 1558 1570 1571
f 1558 1571 1572
f 1545 1573 1546
f 1546 1573 1559
f 1546 1559 1557
f 1557 1559 1558
f 1557 1558 1574
f 1574 1558 1572
f 1535 1533 1575
f 1575 1533 1576
f 1575 1576 1577
f 1555 1578 1556
f 1556 1578 1579
f 1556 1579 1580
f 1580 1579 1581
f 1580 1581 1576
f 1576 1581 1582
f 1576 1582 1583
f 1583 1584 1576
f 1576 1584 1550
f 1576 1550 1577
f 1577 1550 1552
f 1585 1586 1587
f 1588 1589 1590
f 1591 1592 1593
f 1594 1595 1596
f 1597 1598 1599
f 1599 1598 1593
f 1599 1593 1600
f 1593 1601 1591
f 1591 1601 1602
f 1591 1602 1603
f 1595 1604 1596
f 1596 1604 1605
f 1596 1605 1599
f 1599 1605 1606
f 1599 1606 1597
f 1603 1607 1591
f 1591 1607 1608
f 1591 1608 1590
f 1590 1608 1609
f 1590 1609 1588
f 1587 1610 1585
f 1585 1610 1611
f 1585 1611 1612
f 1592 1613 1593
f 1593 1613 1614
f 1593 1614 1600
f 1600 1614 1615
f 1600 1615 1616
f 1585 1617 1586
f 1586 1617 1618
f 1586 1618 1619
f 1619 1618 1600
f 1619 1600 1620
f 1620 1600 1616
f 1621 1622 1623
f 1624 1625 1488
f 1488 1625 1626
f 1488 1626 1516
f 1516 1626 1627
f 1516 1627 1504
f 1627 1628 1504
f 1504 1628 1621
f 1504 1621 1463
f 1463 1621 1623
f 1623 1629 1463
f 1463 1629 1630
f 1463 1630 1488
f 1488 1630 1631
f 1488 1631 1624
f 1632 1633 1634
f 1635 1636 1556
f 1556 1636 1637
f 1638 1639 1640
f 1640 1639 1641
f 1524 1509 1522
f 1522 1509 1642
f 1522 1642 1643
f 1644 1645 1646
f 1646 1645 1647
f 1646 1647 1648
f 1648 1647 1649
f 1648 1649 1650
f 1634 1633 1651
f 1651 1633 1642
f 1651 1642 1652
f 1637 1638 1556
f 1556 1638 1640
f 1556 1640 1546
f 1546 1640 1653
f 1546 1653 1509
f 1509 1653 1654
f 1509 1654 1642
f 1642 1654 1655
f 1642 1655 1652
f 1641 1656 1640
f 1640 1656 1657
f 1640 1657 1658
f 1634 1659 1632
f 1632 1659 1648
f 1632 1648 1660
f 1660 1648 1650
f 1643 1661 1522
f 1522 1661 1662
f 1522 1662 1556
f 1556 1662 1663
f 1556 1663 1635
f 1664 1665 1666
f 1666 1665 1533
f 1531 1667 1533
f 1533 1667 1668
f 1533 1668 1666
f 1666 1668 1669
f 1670 1671 1672
f 1672 1671 1666
f 1672 1666 1673
f 1673 1666 1669
f 1510 1674 1509
f 1509 1674 1675
f 1509 1675 1546
f 1546 1675 1676
f 1546 1676 1547
f 1462 1677 1463
f 1463 1677 1678
f 1463 1678 1504
f 1504 1678 1679
f 1504 1679 1511
f 1680 1681 1682
f 1683 1684 1600
f 1680 1682 1685
f 1685 1682 1599
f 1685 1599 1686
f 1687 1688 1689
f 1689 1688 1452
f 1689 1452 1618
f 1618 1452 1451
f 1618 1451 1600
f 1600 1451 1690
f 1600 1690 1683
f 1452 1691 1692
f 1693 1694 1452
f 1452 1694 1695
f 1452 1695 1691
f 1692 1696 1452
f 1452 1696 1697
f 1452 1697 1450
f 1698 1699 1599
f 1599 1699 1700
f 1599 1700 1686
f 1684 1701 1600
f 1600 1701 1702
f 1600 1702 1599
f 1599 1702 1703
f 1599 1703 1698
f 1704 1705 1585
f 1706 1617 1707
f 1707 1617 1585
f 1707 1585 1708
f 1708 1585 1705
f 1709 1710 1711
f 1712 1713 1714
f 1715 1710 1716
f 1716 1710 1709
f 1716 1709 1717
f 1718 1665 1706
f 1706 1665 1664
f 1706 1664 1617
f 1711 1719 1709
f 1709 1719 1712
f 1709 1712 1720
f 1720 1712 1714
f 1721 1722 1723
f 1723 1722 1724
f 1723 1724 1725
f 1726 1727 1728
f 1728 1727 1665
f 1729 1730 1731
f 1731 1730 1732
f 1731 1732 1709
f 1709 1732 1733
f 1709 1733 1717
f 1734 1735 1729
f 1729 1735 1736
f 1737 1738 1739
f 1739 1738 1729
f 1739 1729 1740
f 1740 1729 1736
f 1738 1741 1729
f 1729 1741 1742
f 1729 1742 1743
f 1718 1744 1665
f 1665 1744 1730
f 1665 1730 1728
f 1728 1730 1729
f 1728 1729 1745
f 1745 1729 1743
f 1596 1746 1747
f 1612 1594 1585
f 1585 1594 1596
f 1585 1596 1704
f 1704 1596 1748
f 1726 1749 1727
f 1727 1749 1750
f 1727 1750 1596
f 1596 1750 1751
f 1596 1751 1746
f 1747 1752 1596
f 1596 1752 1721
f 1596 1721 1748
f 1748 1721 1723
f 1753 1754 1755
f 1756 1753 1757
f 1758 1759 1576
f 1576 1759 1760
f 1576 1760 1727
f 1727 1760 1754
f 1761 1762 1763
f 1763 1762 1533
f 1763 1533 1755
f 1755 1533 1665
f 1755 1665 1753
f 1764 1765 1766
f 1766 1765 1767
f 1766 1767 1768
f 1768 1767 1769
f 1762 1770 1533
f 1533 1770 1771
f 1533 1771 1576
f 1576 1771 1772
f 1576 1772 1758
f 1727 1773 1774
f 1775 1776 1777
f 1777 1776 1778
f 1769 1779 1768
f 1768 1779 1780
f 1768 1780 1781
f 1757 1782 1756
f 1756 1782 1783
f 1756 1783 1784
f 1784 1783 1785
f 1784 1785 1781
f 1781 1785 1786
f 1781 1786 1768
f 1753 1756 1754
f 1754 1756 1787
f 1754 1787 1727
f 1727 1787 1788
f 1727 1788 1789
f 1774 1775 1727
f 1727 1775 1777
f 1727 1777 1665
f 1665 1777 1790
f 1665 1790 1753
f 1778 1791 1777
f 1777 1791 1792
f 1777 1792 1793
f 1789 1794 1727
f 1727 1794 1795
f 1727 1795 1773
f 1688 1796 1452
f 1452 1796 1682
f 1452 1682 1693
f 1693 1682 1681
f 1797 1798 1799
f 1800 1799 1801
f 1801 1799 1802
f 1802 1799 1798
f 1802 1798 1803
f 1804 1805 1806
f 1806 1805 1807
f 1806 1807 1799
f 1799 1807 1808
f 1799 1808 1797
f 1809 1810 1806
f 1806 1810 1811
f 1806 1811 1804
f 1812 1813 1814
f 1814 1813 1815
f 1814 1815 1816
f 1816 1815 1817
f 1816 1817 1818
f 1819 1820 1821
f 1821 1820 1822
f 1821 1822 1817
f 1817 1822 1823
f 1817 1823 1818
f 1809 1824 1810
f 1810 1824 1825
f 1810 1825 1814
f 1814 1825 1826
f 1814 1826 1812
f 1801 1827 1800
f 1800 1827 1828
f 1800 1828 1829
f 1829 1828 1830
f 1829 1830 1831
f 1831 1830 1832
f 1831 1832 1833
f 1833 1832 1834
f 1833 1834 1835
f 1835 1834 1836
f 1835 1836 1821
f 1821 1836 1837
f 1821 1837 1819
f 1838 1839 1798
f 1798 1839 1840
f 1798 1840 1803
f 1841 1842 1843
f 1844 1845 1846
f 1846 1845 1847
f 1846 1847 1848
f 1847 1849 1848
f 1848 1849 1850
f 1848 1850 1851
f 1851 1850 1852
f 1851 1852 1853
f 1853 1852 1854
f 1855 1856 1857
f 1856 1855 1858
f 1855 1859 1858
f 1858 1859 1860
f 1858 1860 1861
f 1861 1860 1862
f 1861 1862 1863
f 1843 1842 1852
f 1852 1842 1864
f 1852 1864 1854
f 1865 1863 1866
f 1866 1863 1862
f 1866 1862 1867
f 1867 1862 1868
f 1867 1868 1869
f 1869 1868 1870
f 1869 1870 1871
f 1871 1870 1844
f 1871 1844 1872
f 1872 1844 1846
f 1843 1873 1841
f 1841 1873 1874
f 1841 1874 1875
f 1875 1874 1876
f 1875 1876 1877
f 1877 1876 1855
f 1877 1855 1878
f 1878 1855 1857
f 1879 1880 1881
f 1881 1882 1879
f 1879 1882 1883
f 1879 1883 1866
f 1866 1883 1884
f 1866 1884 1865
f 1885 1886 1887
f 1888 1889 1890
f 1891 1892 1893
f 1892 1894 1893
f 1893 1894 1895
f 1893 1895 1896
f 1896 1895 1897
f 1896 1897 1898
f 1899 1900 1901
f 1902 1899 1903
f 1904 1905 1906
f 1904 1906 1907
f 1907 1906 1896
f 1907 1896 1908
f 1908 1896 1898
f 1908 1898 1909
f 1899 1901 1903
f 1903 1901 1910
f 1903 1910 1911
f 1911 1910 1912
f 1911 1912 1913
f 1913 1912 1914
f 1913 1914 1890
f 1890 1914 1915
f 1890 1915 1888
f 1902 1903 1916
f 1916 1903 1911
f 1916 1911 1917
f 1917 1911 1913
f 1917 1913 1918
f 1918 1913 1890
f 1918 1890 1887
f 1887 1890 1889
f 1887 1889 1885
f 1886 1919 1887
f 1887 1919 1893
f 1887 1893 1918
f 1918 1893 1896
f 1918 1896 1917
f 1917 1896 1906
f 1917 1906 1916
f 1916 1906 1905
f 1916 1905 1902
f 1886 1920 1919
f 1919 1920 1921
f 1919 1921 1922
f 1891 1893 1923
f 1923 1893 1919
f 1923 1919 1924
f 1924 1919 1922
f 1924 1922 1925
f 1926 1927 1928
f 1929 1930 1931
f 1931 1930 1932
f 1931 1932 1933
f 1933 1932 1934
f 1926 1928 1935
f 1936 1937 1938
f 1934 1932 1939
f 1939 1932 1940
f 1939 1940 1941
f 1941 1940 1942
f 1942 1940 1943
f 1942 1943 1944
f 1938 1945 1936
f 1936 1945 1946
f 1936 1946 1943
f 1943 1946 1947
f 1943 1947 1944
f 1928 1948 1935
f 1935 1948 1949
f 1935 1949 1950
f 1950 1949 1951
f 1950 1951 1952
f 1952 1951 1953
f 1952 1953 1937
f 1937 1953 1954
f 1937 1954 1938
f 1926 1955 1927
f 1927 1955 1956
f 1927 1956 1957
f 1958 1959 1907
f 1907 1959 1960
f 1907 1960 1904
f 1904 1960 1961
f 1904 1961 1962
f 1962 1961 1927
f 1962 1927 1963
f 1963 1927 1957
f 1958 1907 1964
f 1964 1907 1908
f 1964 1908 1909
f 1965 1966 1967
f 1968 1969 1970
f 1970 1969 1971
f 1970 1971 1972
f 1972 1971 1973
f 1972 1973 1974
f 1974 1975 1972
f 1972 1975 1976
f 1972 1976 1965
f 1965 1976 1977
f 1965 1977 1966
f 1968 1970 1978
f 1978 1970 1979
f 1978 1979 1980
f 1980 1979 1981
f 1980 1981 1982
f 1982 1981 1983
f 1983 1981 1984
f 1983 1984 1985
f 1985 1984 1986
f 1986 1984 1987
f 1986 1987 1988
f 1988 1987 1989
f 1989 1987 1990
f 1989 1990 1991
f 1991 1990 1992
f 1992 1990 1993
f 1992 1993 1994
f 1994 1993 1995
f 1995 1993 1996
f 1995 1996 1997
f 1997 1996 1998
f 1998 1996 1999
f 1998 1999 2000
f 2000 1999 2001
f 2001 1999 2002
f 2001 2002 2003
f 2003 2002 2004
f 2004 2002 2005
f 2004 2005 2006
f 2006 2005 2007
f 2007 2005 2008
f 2007 2008 2009
f 2010 2011 2012
f 2012 2011 2013
f 2012 2013 2008
f 2008 2013 2014
f 2008 2014 2009
f 2015 2016 2017
f 2017 2016 2018
f 2017 2018 2012
f 2012 2018 2019
f 2012 2019 2010
f 2015 2017 2020
f 2020 2017 2021
f 2020 2021 2022
f 2023 2024 2021
f 2021 2024 2025
f 2025 2026 2021
f 2021 2026 2027
f 2021 2027 2022
f 1967 2028 1965
f 1965 2028 2029
f 1965 2029 2023
f 2023 2029 2030
f 2023 2030 2024
f 2031 2032 1990
f 1990 2032 2033
f 1990 2033 1993
f 1993 2033 2034
f 1993 2034 1996
f 1996 2034 2035
f 1996 2035 1999
f 1999 2035 2036
f 1999 2036 2002
f 2002 2036 2037
f 2002 2037 2005
f 2005 2037 2038
f 2005 2038 2008
f 2008 2038 2039
f 2008 2039 2012
f 2012 2039 2040
f 2012 2040 2017
f 2017 2040 2041
f 2017 2041 2021
f 2021 2041 2042
f 2021 2042 2023
f 2023 2042 2043
f 2023 2043 1965
f 1965 2043 2044
f 1965 2044 1972
f 1972 2044 2045
f 1972 2045 1970
f 1970 2045 2046
f 1970 2046 1979
f 1979 2046 2047
f 1979 2047 1981
f 1981 2047 2048
f 1981 2048 1984
f 1984 2048 2049
f 1984 2049 1987
f 1987 2049 2031
f 1987 2031 1990
f 2050 2051 2052
f 2052 2051 2053
f 2054 2055 2056
f 2056 2055 2057
f 2056 2057 2058
f 2058 2057 2059
f 2058 2059 2060
f 2060 2059 2061
f 2060 2061 2062
f 2063 2064 2061
f 2061 2064 2065
f 2061 2065 2062
f 2066 2067 2063
f 2063 2067 2068
f 2063 2068 2064
f 2069 2070 2071
f 2069 2071 2072
f 2072 2071 2073
f 2072 2073 2074
f 2074 2073 2075
f 2074 2075 2076
f 2076 2075 2077
f 2076 2077 2066
f 2066 2077 2078
f 2066 2078 2067
f 2070 2069 2079
f 2079 2069 2080
f 2079 2080 2081
f 2081 2080 2082
f 2081 2082 2083
f 2082 2084 2083
f 2083 2084 2085
f 2083 2085 2086
f 2086 2085 2087
f 2086 2087 2088
f 2088 2087 2089
f 2088 2089 2090
f 2090 2089 2091
f 2089 2092 2091
f 2091 2092 2093
f 2091 2093 2094
f 2094 2093 2095
f 2094 2095 2096
f 2096 2095 2097
f 2096 2097 2098
f 2098 2097 2099
f 2098 2099 2100
f 2100 2099 2101
f 2099 2102 2101
f 2101 2102 2103
f 2101 2103 2104
f 2104 2103 2105
f 2104 2105 2106
f 2106 2105 2107
f 2106 2107 2108
f 2108 2107 2053
f 2108 2053 2109
f 2109 2053 2051
f 2054 2110 2055
f 2055 2110 2111
f 2055 2111 2112
f 2112 2111 2113
f 2112 2113 2114
f 2114 2113 2050
f 2114 2050 2115
f 2115 2050 2052
f 1930 1929 2116
f 2116 1929 2117
f 2116 2117 2118
f 2119 2120 2121
f 2117 2122 2118
f 2118 2122 2123
f 2118 2123 2124
f 2124 2123 2119
f 2124 2119 2125
f 2125 2119 2121
f 2126 2127 1923
f 1923 2127 2128
f 1923 2128 1891
f 2129 2130 2131
f 2131 2130 2132
f 2131 2132 2126
f 2120 2133 2121
f 2121 2133 2134
f 2121 2134 2135
f 2135 2134 2129
f 2135 2129 2136
f 2136 2129 2131
f 2126 1923 2131
f 2131 1923 1924
f 2131 1924 2137
f 2137 1924 1925
f 2137 1925 2138
f 2138 1925 2139
f 2138 2139 2140
f 2141 2142 2140
f 2140 2142 2143
f 2140 2143 2138
f 2140 2144 2141
f 2141 2144 2145
f 2141 2145 2146
f 2147 2148 2149
f 2147 2149 2146
f 2146 2149 2150
f 2146 2150 2141
f 1957 1956 2151
f 2151 1956 2152
f 2151 2152 2153
f 2153 2152 2154
f 2153 2154 2155
f 2155 2154 2156
f 2155 2156 2157
f 2157 2156 2158
f 1963 1957 2159
f 2159 1957 2151
f 2159 2151 2160
f 2160 2151 2153
f 2160 2153 2161
f 2161 2153 2155
f 2161 2155 2162
f 2162 2155 2157
f 1962 1963 2163
f 2163 1963 2159
f 2163 2159 2164
f 2164 2159 2160
f 2164 2160 2165
f 2165 2160 2161
f 2165 2161 2166
f 2166 2161 2162
f 1904 1962 1905
f 1905 1962 2163
f 1905 2163 1902
f 1902 2163 2164
f 1902 2164 1899
f 1899 2164 2165
f 1899 2165 1900
f 1900 2165 2166
f 1915 1914 2167
f 2167 1914 1912
f 1912 1910 2167
f 2167 1910 1901
f 2167 1901 1900
f 1889 1888 2168
f 1886 1885 2169
f 2170 2171 2172
f 2173 2174 2175
f 2147 2146 2176
f 2176 2146 2177
f 2177 2146 2178
f 2178 2146 2145
f 2178 2145 2174
f 2173 2175 2171
f 2170 2172 2179
f 2180 2181 2182
f 2182 2181 2179
f 2183 2184 2185
f 2185 2184 2186
f 2185 2186 2180
f 2187 2188 2189
f 2189 2188 2183
f 2174 2145 2175
f 2175 2145 2144
f 2175 2144 2190
f 2190 2144 2140
f 2190 2140 2191
f 2191 2140 2139
f 2191 2139 2192
f 2139 1925 2192
f 2192 1925 1922
f 2192 1922 1921
f 2171 2175 2172
f 2172 2175 2190
f 2172 2190 2193
f 2193 2190 2191
f 2193 2191 2194
f 2194 2191 2192
f 2194 2192 2195
f 2195 2192 1921
f 2195 1921 1920
f 2179 2172 2182
f 2182 2172 2193
f 2182 2193 2196
f 2196 2193 2194
f 2196 2194 2197
f 2197 2194 2195
f 2197 2195 2169
f 2169 2195 1920
f 2169 1920 1886
f 2180 2182 2185
f 2185 2182 2196
f 2185 2196 2198
f 2198 2196 2197
f 2198 2197 2199
f 2199 2197 2169
f 2199 2169 2168
f 2168 2169 1885
f 2168 1885 1889
f 2183 2185 2189
f 2189 2185 2198
f 2189 2198 2200
f 2200 2198 2199
f 2200 2199 2201
f 2201 2199 2168
f 2201 2168 2202
f 2202 2168 1888
f 2202 1888 1915
f 2203 2204 2205
f 2205 2204 2206
f 2207 2208 2209
f 2210 2211 2212
f 2212 2211 2213
f 2212 2213 2214
f 2214 2213 2215
f 2214 2215 2207
f 2207 2209 2214
f 2214 2209 2216
f 2214 2216 2212
f 2212 2216 2217
f 2212 2217 2210
f 2210 2217 2218
f 2210 2218 2205
f 2205 2218 2219
f 2205 2219 2203
f 2206 2220 2205
f 2205 2220 2221
f 2205 2221 2210
f 2210 2221 2222
f 2210 2222 2211
f 2223 2224 2225
f 2226 2223 2227
f 2223 2225 2227
f 2227 2225 2228
f 2227 2228 2229
f 2229 2228 2230
f 2229 2230 2231
f 2231 2230 2232
f 2231 2232 2233
f 2232 2234 2233
f 2233 2234 2235
f 2233 2235 2236
f 2236 2235 2237
f 2236 2237 2238
f 2238 2237 2239
f 2238 2239 2240
f 2239 2241 2240
f 2240 2241 2242
f 2240 2242 2243
f 2243 2242 2244
f 2243 2244 2245
f 2245 2244 2208
f 2245 2208 2207
f 2226 2227 2246
f 2246 2227 2229
f 2246 2229 2247
f 2247 2229 2231
f 2247 2231 2248
f 2248 2231 2233
f 2248 2233 2249
f 2249 2233 2236
f 2249 2236 2250
f 2250 2236 2238
f 2250 2238 2251
f 2251 2238 2240
f 2251 2240 2252
f 2252 2240 2243
f 2252 2243 2253
f 2253 2243 2245
f 2253 2245 2254
f 2254 2245 2207
f 2254 2207 2215
f 2255 2256 2257
f 2257 2256 2258
f 2257 2258 2259
f 2259 2258 2260
f 2261 1930 2262
f 2262 1930 2116
f 2262 2116 2263
f 2263 2116 2118
f 2263 2118 2264
f 2264 2118 2124
f 2264 2124 2265
f 2124 2125 2265
f 2265 2125 2121
f 2265 2121 2266
f 2266 2121 2135
f 2266 2135 2267
f 2267 2135 2136
f 2267 2136 2268
f 2268 2136 2131
f 2268 2131 2269
f 2269 2131 2270
f 2270 2131 2137
f 2270 2137 2271
f 2149 2255 2150
f 2150 2255 2257
f 2150 2257 2141
f 2141 2257 2272
f 2141 2272 2142
f 2142 2272 2273
f 2142 2273 2143
f 2143 2273 2271
f 2143 2271 2138
f 2138 2271 2137
f 1930 2261 2274
f 1930 2274 1932
f 2275 2276 2277
f 2277 2276 2278
f 2277 2278 2279
f 2279 2278 2280
f 2281 2282 2283
f 2283 2282 2280
f 2283 2280 2284
f 2284 2280 2278
f 2274 2285 1932
f 1932 2285 2286
f 1932 2286 1940
f 2286 2287 1940
f 1940 2287 2288
f 1940 2288 1943
f 2288 2289 1943
f 1943 2289 2290
f 1943 2290 1936
f 2290 2291 1936
f 1936 2291 2292
f 1936 2292 1937
f 2292 2293 1937
f 1937 2293 2294
f 1937 2294 1952
f 2281 1935 2282
f 2282 1935 1950
f 2282 1950 2295
f 2295 1950 1952
f 2295 1952 2296
f 2296 1952 2294
f 2297 2298 2299
f 2299 2298 2300
f 2299 2300 2301
f 2302 2303 2301
f 2301 2303 2304
f 2301 2304 2299
f 2299 2304 2224
f 2299 2224 2223
f 2305 2297 2306
f 2306 2297 2299
f 2306 2299 2307
f 2307 2299 2223
f 2307 2223 2226
f 2308 2309 2310
f 2310 2309 2311
f 1926 1935 2312
f 2312 1935 2281
f 2312 2281 2313
f 2313 2281 2283
f 2313 2283 2314
f 2314 2283 2284
f 2314 2284 2315
f 2315 2284 2278
f 2315 2278 2311
f 2311 2278 2276
f 2311 2276 2310
f 2316 1955 1926
f 2317 2311 2318
f 2318 2311 2309
f 1926 2312 2316
f 2316 2312 2313
f 2316 2313 2319
f 2319 2313 2314
f 2319 2314 2317
f 2317 2314 2315
f 2317 2315 2311
f 1956 1955 2152
f 2152 1955 2316
f 2152 2316 2154
f 2154 2316 2319
f 2154 2319 2156
f 2156 2319 2317
f 2156 2317 2158
f 2158 2317 2318
f 2320 2321 2322
f 2322 2321 2323
f 2322 2323 2324
f 2324 2325 2322
f 2322 2325 2326
f 2322 2326 2327
f 2320 2328 2321
f 2321 2328 2329
f 2321 2329 2330
f 2330 2329 2331
f 2330 2331 2332
f 2332 2331 2333
f 2332 2333 2334
f 2327 2335 2322
f 2322 2335 2336
f 2322 2336 2337
f 2337 2336 2338
f 2338 2339 2337
f 2337 2339 2340
f 2337 2340 2341
f 2342 2343 2344
f 2345 2346 2340
f 2340 2346 2347
f 2340 2347 2341
f 2342 2344 2340
f 2340 2344 2348
f 2340 2348 2345
f 2225 2224 2349
f 2235 2234 2350
f 2350 2234 2232
f 2350 2232 2351
f 2351 2232 2230
f 2351 2230 2349
f 2349 2230 2228
f 2349 2228 2225
f 2350 2352 2235
f 2235 2352 2353
f 2235 2353 2237
f 2237 2353 2354
f 2237 2354 2239
f 2239 2354 2355
f 2239 2355 2241
f 2241 2355 2356
f 2241 2356 2242
f 2242 2356 2357
f 2242 2357 2244
f 2244 2357 2358
f 2244 2358 2208
f 2359 2219 2360
f 2360 2219 2218
f 2218 2217 2360
f 2360 2217 2216
f 2360 2216 2361
f 2361 2216 2209
f 2358 2362 2208
f 2208 2362 2363
f 2208 2363 2209
f 2209 2363 2364
f 2209 2364 2361
f 2365 2167 1900
f 1900 2166 2365
f 2365 2166 2162
f 2365 2162 2366
f 2366 2162 2157
f 2366 2157 2158
f 2367 2305 2306
f 2251 2252 2368
f 2368 2252 2253
f 2253 2254 2368
f 2368 2254 2215
f 2368 2215 2213
f 2248 2249 2368
f 2368 2249 2250
f 2368 2250 2251
f 2307 2226 2213
f 2213 2226 2246
f 2213 2246 2368
f 2368 2246 2247
f 2368 2247 2248
f 2367 2306 2369
f 2307 2213 2306
f 2306 2213 2211
f 2306 2211 2369
f 2211 2222 2369
f 2369 2222 2221
f 2369 2221 2370
f 2370 2221 2371
f 2206 2372 2220
f 2220 2372 2373
f 2220 2373 2221
f 2221 2373 2374
f 2221 2374 2371
f 2375 2376 2377
f 2377 2376 2378
f 2378 2379 2377
f 2377 2379 2380
f 2377 2380 2372
f 2372 2380 2381
f 2372 2381 2373
f 2382 2383 2384
f 2375 2377 2385
f 2385 2377 2386
f 2385 2386 2384
f 2382 2384 2387
f 2387 2384 2386
f 2387 2386 2388
f 2388 2386 2389
f 2388 2389 2390
f 2390 2389 2391
f 2390 2391 2392
f 2392 2391 2393
f 2392 2393 2394
f 2394 2393 2187
f 2394 2187 2189
f 2189 2200 2394
f 2394 2200 2201
f 2394 2201 2202
f 2395 2394 2396
f 2396 2394 2202
f 2396 2202 2167
f 2167 2202 1915
f 2397 2398 2399
f 2400 2401 2402
f 2403 2305 2367
f 2402 2404 2405
f 2400 2402 2406
f 2406 2402 2407
f 2406 2407 2408
f 2409 2410 2411
f 2411 2410 2412
f 2411 2412 2413
f 2413 2412 2414
f 2413 2414 2408
f 2408 2414 2415
f 2408 2415 2406
f 2416 2417 2418
f 2418 2417 2419
f 2418 2419 2420
f 2420 2419 2421
f 2420 2421 2422
f 2422 2421 2423
f 2422 2423 2409
f 2409 2423 2424
f 2409 2424 2410
f 2416 2418 2399
f 2399 2418 2425
f 2399 2425 2397
f 2398 2397 2426
f 2426 2397 2427
f 2426 2427 2428
f 2428 2427 2429
f 2428 2429 2430
f 2430 2429 2431
f 2430 2431 2432
f 2403 2367 2433
f 2433 2367 2369
f 2433 2369 2434
f 2434 2369 2370
f 2434 2370 2435
f 2435 2370 2371
f 2435 2371 2436
f 2436 2371 2374
f 2436 2374 2437
f 2437 2374 2373
f 2437 2373 2438
f 2438 2373 2381
f 2438 2381 2439
f 2439 2381 2380
f 2439 2380 2440
f 2440 2380 2379
f 2440 2379 2441
f 2441 2379 2378
f 2441 2378 2442
f 2442 2378 2376
f 2442 2376 2443
f 2443 2376 2375
f 2443 2375 2444
f 2444 2375 2385
f 2444 2385 2445
f 2445 2385 2384
f 2445 2384 2446
f 2402 2405 2407
f 2407 2405 2447
f 2407 2447 2408
f 2408 2447 2448
f 2408 2448 2413
f 2413 2448 2449
f 2413 2449 2411
f 2411 2449 2450
f 2411 2450 2409
f 2409 2450 2451
f 2409 2451 2422
f 2422 2451 2452
f 2422 2452 2420
f 2420 2452 2453
f 2420 2453 2418
f 2418 2453 2454
f 2418 2454 2425
f 2425 2454 2455
f 2425 2455 2397
f 2397 2455 2456
f 2397 2456 2427
f 2427 2456 2457
f 2427 2457 2429
f 2429 2457 2458
f 2429 2458 2431
f 2431 2458 2459
f 2431 2459 2460
f 2432 2431 2461
f 2461 2431 2460
f 2461 2460 2462
f 2384 2383 2446
f 2446 2383 2463
f 2446 2463 2464
f 2464 2459 2446
f 2446 2459 2458
f 2446 2458 2445
f 2445 2458 2457
f 2445 2457 2444
f 2444 2457 2456
f 2444 2456 2443
f 2443 2456 2455
f 2443 2455 2442
f 2442 2455 2454
f 2442 2454 2441
f 2441 2454 2453
f 2441 2453 2440
f 2440 2453 2452
f 2440 2452 2439
f 2439 2452 2451
f 2439 2451 2438
f 2438 2451 2450
f 2438 2450 2437
f 2437 2450 2449
f 2437 2449 2436
f 2436 2449 2448
f 2436 2448 2435
f 2435 2448 2447
f 2435 2447 2434
f 2434 2447 2405
f 2434 2405 2433
f 2433 2405 2404
f 2433 2404 2403
f 2465 2462 2466
f 2466 2462 2460
f 2466 2460 2467
f 2467 2460 2459
f 2467 2459 2468
f 2468 2459 2464
f 2300 2298 2469
f 2470 2471 2472
f 2470 2472 2473
f 2301 2300 2474
f 2474 2300 2469
f 2474 2469 2475
f 2475 2469 2476
f 2475 2476 2477
f 2477 2476 2478
f 2298 2297 2469
f 2469 2297 2479
f 2469 2479 2476
f 2476 2479 2480
f 2476 2480 2478
f 2478 2480 2481
f 2402 2481 2404
f 2404 2481 2480
f 2404 2480 2403
f 2403 2480 2479
f 2403 2479 2305
f 2305 2479 2297
f 2302 2301 2482
f 2482 2301 2474
f 2482 2474 2483
f 2483 2474 2475
f 2483 2475 2472
f 2472 2475 2477
f 2472 2477 2473
f 2473 2477 2478
f 2473 2478 2484
f 2484 2478 2481
f 2484 2481 2485
f 2485 2481 2402
f 2485 2402 2401
f 2486 2487 2488
f 2489 2490 2491
f 2492 2493 2494
f 2495 2496 2497
f 2495 2497 2498
f 2498 2497 2499
f 2498 2499 2500
f 2501 2502 2503
f 2503 2502 2504
f 2504 2505 2503
f 2503 2505 2506
f 2503 2506 2499
f 2499 2506 2507
f 2499 2507 2500
f 2508 2509 2510
f 2510 2509 2511
f 2510 2511 2512
f 2512 2511 2513
f 2513 2511 2514
f 2513 2514 2515
f 2515 2514 2516
f 2515 2516 2517
f 2518 2519 2520
f 2520 2519 2521
f 2520 2521 2522
f 2522 2521 2523
f 2522 2523 2524
f 2524 2523 2491
f 2525 2516 2526
f 2526 2516 2514
f 2526 2514 2527
f 2527 2514 2511
f 2527 2511 2528
f 2528 2511 2509
f 2529 2501 2530
f 2530 2501 2503
f 2530 2503 2531
f 2531 2503 2499
f 2531 2499 2532
f 2532 2499 2497
f 2532 2497 2533
f 2533 2497 2496
f 2533 2518 2532
f 2532 2518 2520
f 2532 2520 2531
f 2531 2520 2522
f 2531 2522 2530
f 2530 2522 2524
f 2530 2524 2529
f 2529 2524 2534
f 2491 2490 2524
f 2524 2490 2535
f 2524 2535 2534
f 2519 2536 2521
f 2521 2536 2537
f 2521 2537 2523
f 2523 2537 2538
f 2523 2538 2491
f 2491 2538 2488
f 2491 2488 2489
f 2489 2488 2487
f 2539 2486 2540
f 2540 2486 2488
f 2540 2488 2541
f 2541 2488 2538
f 2541 2538 2542
f 2542 2538 2537
f 2542 2537 2543
f 2543 2537 2536
f 2543 2525 2542
f 2542 2525 2526
f 2542 2526 2541
f 2541 2526 2527
f 2541 2527 2540
f 2540 2527 2528
f 2540 2528 2539
f 2539 2528 2544
f 2508 2492 2509
f 2509 2492 2494
f 2509 2494 2528
f 2528 2494 2545
f 2528 2545 2544
f 2546 2547 2548
f 2549 2550 2551
f 2552 2553 2554
f 2555 2556 2557
f 2558 2559 2560
f 2547 2561 2562
f 2562 2561 2563
f 2562 2563 2559
f 2546 2548 2564
f 2565 2549 2566
f 2566 2549 2551
f 2566 2551 2567
f 2567 2551 2568
f 2568 2569 2567
f 2567 2569 2570
f 2567 2570 2571
f 2571 2570 2572
f 2571 2572 2573
f 2572 2574 2573
f 2573 2574 2575
f 2573 2575 2576
f 2576 2575 2577
f 2576 2577 2578
f 2578 2577 2579
f 2579 2580 2578
f 2578 2580 2581
f 2578 2581 2582
f 2582 2581 2583
f 2582 2583 2548
f 2548 2583 2584
f 2548 2584 2564
f 2547 2562 2548
f 2548 2562 2585
f 2548 2585 2582
f 2582 2585 2586
f 2582 2586 2578
f 2578 2586 2587
f 2578 2587 2576
f 2576 2587 2588
f 2576 2588 2573
f 2573 2588 2589
f 2573 2589 2571
f 2571 2589 2590
f 2571 2590 2567
f 2567 2590 2552
f 2567 2552 2566
f 2566 2552 2554
f 2566 2554 2565
f 2559 2558 2562
f 2562 2558 2591
f 2562 2591 2585
f 2585 2591 2592
f 2585 2592 2586
f 2586 2592 2593
f 2586 2593 2587
f 2587 2593 2594
f 2587 2594 2588
f 2588 2594 2595
f 2588 2595 2589
f 2589 2595 2596
f 2589 2596 2590
f 2590 2596 2597
f 2590 2597 2552
f 2552 2597 2598
f 2552 2598 2553
f 2560 2599 2558
f 2558 2599 2600
f 2558 2600 2591
f 2591 2600 2601
f 2591 2601 2592
f 2592 2601 2602
f 2592 2602 2593
f 2593 2602 2603
f 2593 2603 2594
f 2594 2603 2604
f 2594 2604 2595
f 2595 2604 2605
f 2595 2605 2596
f 2596 2605 2555
f 2596 2555 2597
f 2597 2555 2557
f 2597 2557 2598
f 2493 2564 2494
f 2494 2564 2584
f 2494 2584 2545
f 2545 2584 2583
f 2545 2583 2544
f 2544 2583 2581
f 2544 2581 2539
f 2539 2581 2580
f 2539 2580 2486
f 2486 2580 2579
f 2486 2579 2487
f 2487 2579 2577
f 2487 2577 2489
f 2489 2577 2575
f 2489 2575 2490
f 2490 2575 2574
f 2490 2574 2535
f 2535 2574 2572
f 2535 2572 2534
f 2534 2572 2570
f 2534 2570 2529
f 2529 2570 2569
f 2529 2569 2501
f 2501 2569 2568
f 2501 2568 2502
f 2502 2568 2551
f 2502 2551 2504
f 2504 2551 2550
f 2606 2607 2608
f 2609 2610 2611
f 2612 2613 2614
f 2615 2612 2616
f 2617 2615 2618
f 2619 2620 2621
f 2622 2623 2624
f 2624 2623 2619
f 2625 2626 2627
f 2628 2629 2630
f 2631 2610 2632
f 2632 2610 2609
f 2632 2609 2633
f 2634 2635 2636
f 2636 2635 2637
f 2636 2637 2638
f 2638 2637 2639
f 2638 2639 2640
f 2640 2639 2641
f 2640 2641 2642
f 2642 2641 2643
f 2642 2643 2613
f 2644 2611 2645
f 2645 2611 2610
f 2645 2610 2646
f 2646 2610 2631
f 2646 2631 2617
f 2635 2647 2637
f 2637 2647 2648
f 2637 2648 2639
f 2639 2648 2649
f 2639 2649 2641
f 2641 2649 2650
f 2641 2650 2643
f 2643 2650 2651
f 2652 2629 2653
f 2653 2629 2628
f 2653 2628 2654
f 2655 2656 2657
f 2657 2656 2658
f 2657 2658 2659
f 2659 2658 2660
f 2659 2660 2661
f 2661 2660 2625
f 2661 2625 2662
f 2662 2625 2627
f 2662 2627 2663
f 2647 2622 2648
f 2648 2622 2624
f 2648 2624 2649
f 2649 2624 2664
f 2649 2664 2650
f 2650 2664 2665
f 2650 2665 2651
f 2651 2665 2666
f 2667 2652 2668
f 2668 2652 2653
f 2668 2653 2669
f 2669 2653 2654
f 2669 2654 2670
f 2670 2654 2671
f 2656 2671 2658
f 2658 2671 2654
f 2658 2654 2660
f 2660 2654 2628
f 2660 2628 2625
f 2625 2628 2630
f 2625 2630 2626
f 2662 2633 2661
f 2661 2633 2609
f 2661 2609 2659
f 2659 2609 2611
f 2659 2611 2657
f 2657 2611 2644
f 2657 2644 2655
f 2655 2644 2672
f 2673 2674 2675
f 2617 2618 2646
f 2646 2618 2676
f 2646 2676 2645
f 2645 2676 2673
f 2645 2673 2644
f 2644 2673 2675
f 2644 2675 2672
f 2615 2616 2618
f 2618 2616 2677
f 2618 2677 2676
f 2676 2677 2608
f 2676 2608 2673
f 2673 2608 2607
f 2673 2607 2674
f 2612 2614 2616
f 2616 2614 2678
f 2616 2678 2677
f 2677 2678 2679
f 2677 2679 2608
f 2608 2679 2680
f 2608 2680 2606
f 2613 2643 2614
f 2614 2643 2651
f 2614 2651 2678
f 2678 2651 2666
f 2678 2666 2679
f 2679 2666 2681
f 2679 2681 2680
f 2619 2621 2624
f 2624 2621 2682
f 2624 2682 2664
f 2664 2682 2683
f 2664 2683 2665
f 2665 2683 2684
f 2665 2684 2666
f 2666 2684 2685
f 2666 2685 2681
f 2663 2686 2662
f 2662 2686 2556
f 2662 2556 2633
f 2633 2556 2555
f 2633 2555 2632
f 2632 2555 2605
f 2632 2605 2631
f 2631 2605 2604
f 2631 2604 2617
f 2617 2604 2603
f 2601 2613 2602
f 2602 2613 2612
f 2602 2612 2603
f 2603 2612 2615
f 2603 2615 2617
f 2687 2634 2560
f 2560 2634 2636
f 2560 2636 2599
f 2599 2636 2638
f 2599 2638 2600
f 2600 2638 2640
f 2600 2640 2601
f 2601 2640 2642
f 2601 2642 2613
f 2688 2689 2690
f 2691 2692 2693
f 2694 2695 2696
f 2697 2698 2699
f 2699 2698 2688
f 2688 2690 2699
f 2699 2690 2700
f 2699 2700 2701
f 2701 2700 2702
f 2701 2702 2703
f 2703 2702 2704
f 2703 2704 2705
f 2704 2706 2705
f 2705 2706 2707
f 2705 2707 2708
f 2708 2707 2709
f 2708 2709 2710
f 2709 2711 2710
f 2710 2711 2712
f 2710 2712 2713
f 2712 2714 2713
f 2713 2714 2715
f 2713 2715 2716
f 2715 2717 2716
f 2716 2717 2718
f 2716 2718 2719
f 2719 2718 2720
f 2719 2720 2721
f 2721 2720 2722
f 2721 2722 2723
f 2724 2725 2726
f 2726 2725 2727
f 2726 2727 2728
f 2728 2727 2723
f 2728 2723 2729
f 2729 2723 2722
f 2725 2730 2727
f 2727 2730 2731
f 2727 2731 2723
f 2723 2731 2732
f 2723 2732 2721
f 2721 2732 2733
f 2721 2733 2719
f 2719 2733 2734
f 2719 2734 2716
f 2716 2734 2735
f 2716 2735 2713
f 2713 2735 2736
f 2713 2736 2710
f 2710 2736 2737
f 2710 2737 2708
f 2708 2737 2738
f 2708 2738 2705
f 2705 2738 2739
f 2705 2739 2703
f 2703 2739 2740
f 2703 2740 2701
f 2701 2740 2741
f 2701 2741 2699
f 2699 2741 2742
f 2699 2742 2697
f 2697 2742 2743
f 2730 2691 2731
f 2731 2691 2693
f 2731 2693 2732
f 2732 2693 2744
f 2732 2744 2733
f 2733 2744 2745
f 2733 2745 2734
f 2734 2745 2746
f 2734 2746 2735
f 2735 2746 2747
f 2735 2747 2736
f 2736 2747 2748
f 2736 2748 2737
f 2737 2748 2749
f 2737 2749 2738
f 2738 2749 2750
f 2738 2750 2739
f 2739 2750 2751
f 2739 2751 2740
f 2740 2751 2752
f 2740 2752 2741
f 2741 2752 2753
f 2741 2753 2742
f 2742 2753 2754
f 2742 2754 2743
f 2743 2754 2755
f 2692 2694 2693
f 2693 2694 2696
f 2693 2696 2744
f 2744 2696 2756
f 2744 2756 2745
f 2745 2756 2757
f 2745 2757 2746
f 2746 2757 2758
f 2746 2758 2747
f 2747 2758 2759
f 2747 2759 2748
f 2748 2759 2760
f 2748 2760 2749
f 2749 2760 2761
f 2749 2761 2750
f 2750 2761 2762
f 2750 2762 2751
f 2751 2762 2763
f 2751 2763 2752
f 2752 2763 2764
f 2752 2764 2753
f 2753 2764 2765
f 2753 2765 2754
f 2754 2765 2766
f 2754 2766 2755
f 2755 2766 2767
f 2768 2767 2495
f 2495 2767 2766
f 2495 2766 2496
f 2496 2766 2765
f 2496 2765 2533
f 2533 2765 2764
f 2533 2764 2518
f 2695 2769 2696
f 2696 2769 2517
f 2696 2517 2756
f 2756 2517 2516
f 2756 2516 2757
f 2757 2516 2525
f 2757 2525 2758
f 2758 2525 2543
f 2758 2543 2759
f 2759 2543 2536
f 2764 2763 2518
f 2518 2763 2762
f 2518 2762 2519
f 2519 2762 2761
f 2519 2761 2536
f 2536 2761 2760
f 2536 2760 2759
f 2770 1670 1672
f 2770 2771 2772
f 2772 2773 2774
f 2770 1672 2771
f 2771 1672 1673
f 2771 1673 2775
f 2775 1673 1669
f 2775 1669 2776
f 2776 1669 1668
f 2776 1668 2777
f 2777 1668 1667
f 2777 1667 2778
f 2778 1667 1531
f 2778 1531 2779
f 2779 1531 1547
f 2779 1547 2780
f 2780 1547 1676
f 2780 1676 2781
f 2781 1676 1675
f 2781 1675 2782
f 2782 1675 1674
f 2782 1674 2783
f 2783 1674 1510
f 2783 1510 2784
f 2784 1510 1511
f 2784 1511 2785
f 2785 1511 1679
f 2785 1679 2786
f 2786 1679 1678
f 2786 1678 2787
f 2787 1678 1677
f 2787 1677 2788
f 2788 1677 1462
f 2788 1462 2789
f 2789 1462 1461
f 2789 1461 2790
f 2790 1461 1460
f 2790 1460 2791
f 2791 2792 2793
f 2772 2771 2773
f 2773 2771 2775
f 2773 2775 2794
f 2794 2775 2776
f 2794 2776 2795
f 2795 2776 2777
f 2795 2777 2796
f 2796 2777 2778
f 2796 2778 2797
f 2797 2778 2779
f 2797 2779 2798
f 2798 2779 2780
f 2798 2780 2799
f 2799 2780 2781
f 2799 2781 2800
f 2800 2781 2782
f 2800 2782 2801
f 2801 2782 2783
f 2801 2783 2802
f 2802 2783 2784
f 2802 2784 2803
f 2803 2784 2785
f 2803 2785 2804
f 2804 2785 2786
f 2804 2786 2805
f 2805 2786 2787
f 2805 2787 2806
f 2806 2787 2788
f 2806 2788 2807
f 2807 2788 2789
f 2807 2789 2808
f 2808 2789 2790
f 2808 2790 2793
f 2793 2790 2791
f 2792 2809 2810
f 2774 2773 2811
f 2811 2773 2794
f 2811 2794 2812
f 2812 2794 2795
f 2812 2795 2813
f 2813 2795 2796
f 2813 2796 2814
f 2814 2796 2797
f 2814 2797 2815
f 2815 2797 2798
f 2815 2798 2816
f 2816 2798 2799
f 2816 2799 2817
f 2817 2799 2800
f 2817 2800 2818
f 2818 2800 2801
f 2818 2801 2819
f 2819 2801 2802
f 2819 2802 2820
f 2820 2802 2803
f 2820 2803 2821
f 2821 2803 2804
f 2821 2804 2822
f 2822 2804 2805
f 2822 2805 2823
f 2823 2805 2806
f 2823 2806 2824
f 2824 2806 2807
f 2824 2807 2825
f 2825 2807 2808
f 2825 2808 2826
f 2826 2808 2793
f 2826 2793 2810
f 2810 2793 2792
f 2820 2674 2819
f 2819 2674 2607
f 2819 2607 2818
f 2818 2607 2606
f 2818 2606 2817
f 2817 2606 2680
f 2817 2680 2816
f 2816 2680 2681
f 2816 2681 2815
f 2815 2681 2685
f 2815 2685 2814
f 2814 2685 2684
f 2814 2684 2813
f 2813 2684 2683
f 2813 2683 2812
f 2812 2683 2682
f 2812 2682 2811
f 2811 2682 2621
f 2811 2621 2774
f 2774 2621 2620
f 2809 2667 2810
f 2810 2667 2668
f 2810 2668 2826
f 2826 2668 2669
f 2826 2669 2825
f 2825 2669 2670
f 2825 2670 2824
f 2824 2670 2671
f 2824 2671 2823
f 2823 2671 2656
f 2823 2656 2822
f 2822 2656 2655
f 2822 2655 2821
f 2821 2655 2672
f 2821 2672 2820
f 2820 2672 2675
f 2820 2675 2674
f 2827 2828 2829
f 2829 2828 2830
f 2829 2830 2831
f 2831 2830 2832
f 2832 2830 2833
f 2833 2830 2834
f 2833 2834 2835
f 2835 2834 2836
f 2836 2834 2837
f 2836 2837 2838
f 2838 2837 2839
f 2838 2839 2840
f 2840 2839 2841
f 2840 2841 2842
f 2842 2841 2843
f 2842 2843 2844
f 2844 2843 2845
f 2844 2845 2846
f 1458 1483 2847
f 2847 1483 2846
f 2847 2846 2848
f 2848 2846 2845
f 2849 2828 2850
f 2850 2828 2827
f 2850 2827 2851
f 2852 2853 2854
f 2854 2853 2855
f 2856 2857 2858
f 2858 2859 2856
f 2856 2859 2860
f 2860 2859 2861
f 2860 2861 2852
f 2852 2861 2853
f 2472 2856 2483
f 2483 2856 2860
f 2483 2860 2482
f 2482 2860 2852
f 2482 2852 2302
f 2302 2852 2854
f 2472 2471 2856
f 2856 2471 2862
f 2856 2862 2857
f 2349 2224 2304
f 2855 2863 2854
f 2854 2863 2349
f 2349 2304 2854
f 2854 2304 2303
f 2854 2303 2302
f 2864 2865 2866
f 2866 2865 2867
f 2396 2167 2866
f 2866 2167 2365
f 2866 2365 2864
f 2864 2365 2366
f 2395 2396 2868
f 2868 2396 2866
f 2868 2866 2869
f 2869 2866 2867
f 2869 2867 2870
f 2871 2872 2873
f 2873 2872 2874
f 2873 2874 2395
f 2870 2871 2869
f 2869 2871 2873
f 2869 2873 2868
f 2868 2873 2395
f 2467 2468 2875
f 2875 2468 2464
f 2875 2464 2463
f 2465 2466 2876
f 2877 2875 2878
f 2878 2875 2463
f 2878 2463 2383
f 2879 2880 2876
f 2465 2876 2881
f 2881 2876 2880
f 2881 2880 2882
f 2883 2884 2877
f 2877 2884 2879
f 2877 2879 2875
f 2875 2879 2876
f 2875 2876 2467
f 2467 2876 2466
f 2885 2882 2886
f 2886 2882 2880
f 2886 2880 2879
f 2886 2879 2884
f 2383 2382 2878
f 2878 2382 2877
f 2883 2877 2887
f 2887 2877 2382
f 2887 2382 2888
f 2888 2382 2387
f 2888 2387 2889
f 2889 2387 2388
f 2889 2388 2890
f 2890 2388 2891
f 2891 2388 2390
f 2891 2390 2892
f 2892 2390 2392
f 2892 2392 2893
f 2874 2872 2894
f 2874 2894 2395
f 2893 2392 2894
f 2894 2392 2394
f 2894 2394 2395
f 2895 2896 2309
f 2309 2896 2897
f 2309 2897 2318
f 2865 2864 2898
f 2898 2864 2366
f 2898 2366 2897
f 2897 2366 2158
f 2897 2158 2318
f 2309 2308 2899
f 2900 2901 2309
f 2309 2901 2902
f 2309 2902 2895
f 2899 2903 2309
f 2309 2903 2904
f 2309 2904 2900
f 1688 1687 2905
f 2906 2907 2287
f 2287 2907 2288
f 2288 2907 2908
f 2288 2908 2289
f 2289 2908 2909
f 2289 2909 2290
f 2909 2910 2290
f 2290 2910 2911
f 2290 2911 2291
f 2291 2911 2912
f 2291 2912 2292
f 2292 2912 2913
f 2292 2913 2293
f 2293 2913 2914
f 2293 2914 2294
f 2914 2915 2294
f 2294 2915 2916
f 2294 2916 2296
f 2296 2916 2917
f 2296 2917 2295
f 2295 2917 2918
f 2295 2918 2282
f 2918 2919 2282
f 2282 2919 2920
f 2282 2920 2280
f 1688 2905 1796
f 1796 2905 2257
f 1796 2257 2259
f 2271 2273 2905
f 2905 2273 2272
f 2905 2272 2257
f 2287 2286 2906
f 2906 2286 2285
f 2906 2285 2921
f 2921 2285 2274
f 2921 2274 2922
f 2922 2274 2261
f 2922 2261 2923
f 2923 2261 2262
f 2923 2262 2924
f 2924 2262 2263
f 2924 2263 2925
f 2925 2263 2264
f 2925 2264 2926
f 2926 2264 2265
f 2926 2265 2266
f 2266 2267 2926
f 2926 2267 2268
f 2926 2268 2927
f 2927 2268 2269
f 2927 2269 2905
f 2905 2269 2270
f 2905 2270 2271
f 2882 2885 2724
f 2432 2461 2728
f 2728 2461 2462
f 2728 2462 2726
f 2726 2462 2465
f 2726 2465 2724
f 2724 2465 2881
f 2724 2881 2882
f 2722 2426 2729
f 2729 2426 2428
f 2729 2428 2728
f 2728 2428 2430
f 2728 2430 2432
f 2715 2423 2421
f 2715 2421 2717
f 2717 2421 2419
f 2717 2419 2718
f 2419 2417 2718
f 2718 2417 2416
f 2718 2416 2720
f 2720 2416 2399
f 2720 2399 2722
f 2722 2399 2398
f 2722 2398 2426
f 2423 2715 2424
f 2424 2715 2714
f 2424 2714 2410
f 2410 2714 2712
f 2410 2712 2412
f 2412 2712 2711
f 2412 2711 2414
f 2414 2711 2415
f 2415 2711 2709
f 2415 2709 2406
f 2406 2709 2707
f 2406 2707 2400
f 2400 2707 2401
f 2401 2707 2706
f 2401 2706 2485
f 2485 2706 2484
f 2484 2706 2704
f 2484 2704 2473
f 2689 2858 2690
f 2690 2858 2857
f 2690 2857 2700
f 2700 2857 2862
f 2700 2862 2702
f 2702 2862 2471
f 2702 2471 2704
f 2704 2471 2470
f 2704 2470 2473
f 2928 2929 2930
f 2931 2932 2933
f 2933 2932 2934
f 2933 2934 2935
f 2936 2937 2938
f 2938 2937 2939
f 2938 2939 2940
f 2940 2939 2941
f 2940 2941 2942
f 2928 2930 2943
f 2943 2930 2944
f 2943 2944 2945
f 2945 2944 2946
f 2945 2946 2947
f 2948 2949 2950
f 2950 2949 2951
f 2950 2951 2946
f 2946 2951 2952
f 2946 2952 2947
f 2948 2953 2949
f 2949 2953 2954
f 2949 2954 2933
f 2933 2954 2955
f 2933 2955 2931
f 2941 2956 2942
f 2942 2956 2957
f 2942 2957 2934
f 2934 2957 2958
f 2934 2958 2935
f 2959 2960 2961
f 2962 2963 2961
f 2961 2963 2964
f 2961 2964 2959
f 2965 2966 2967
f 2967 2966 2968
f 2969 2970 2961
f 2961 2970 2971
f 2961 2971 2962
f 2965 2949 2966
f 2966 2949 2933
f 2966 2933 2961
f 2961 2933 2972
f 2961 2972 2969
f 2973 2974 2975
f 2974 2976 2977
f 2976 2978 2979
f 2978 2980 2981
f 2913 2912 2982
f 2915 2914 2983
f 2919 2918 2984
f 2920 2919 2985
f 2985 2919 2984
f 2985 2984 2986
f 2986 2984 2987
f 2987 2984 2988
f 2987 2988 2989
f 2989 2988 2990
f 2989 2990 2991
f 2991 2990 2992
f 2991 2992 2993
f 2993 2992 2994
f 2994 2992 2995
f 2994 2995 2996
f 2996 2995 2967
f 2967 2995 2997
f 2967 2997 2965
f 2965 2997 2951
f 2965 2951 2949
f 2928 2973 2929
f 2929 2973 2998
f 2929 2998 2999
f 2999 2998 3000
f 3001 3002 3003
f 3003 3002 3004
f 3003 3004 2998
f 2998 3004 3005
f 2998 3005 3000
f 3001 3003 3006
f 3006 3003 3007
f 3006 3007 2936
f 2908 3008 2909
f 2909 3008 3009
f 2909 3009 2910
f 2910 3009 3010
f 2910 3010 2911
f 2908 2907 3008
f 3008 2907 2906
f 3008 2906 3011
f 3011 2906 2921
f 3011 2921 3012
f 3012 2921 2922
f 3012 2922 3013
f 3013 2922 2923
f 3013 2923 3014
f 3014 2923 2924
f 2924 2925 3014
f 3014 2925 2926
f 3014 2926 3015
f 3015 2926 2927
f 3015 2927 3016
f 3016 2927 2905
f 3017 3016 3018
f 3018 3016 2905
f 3018 2905 1687
f 3017 3019 3016
f 3016 3019 3020
f 3016 3020 3015
f 3015 3020 3021
f 3015 3021 3014
f 3014 3021 3022
f 3014 3022 3013
f 3013 3022 3023
f 3013 3023 3012
f 3012 3023 3024
f 3012 3024 3011
f 3011 3024 3025
f 3011 3025 3008
f 3008 3025 2981
f 3008 2981 3009
f 3009 2981 2980
f 3009 2980 3010
f 2978 2981 2979
f 2979 2981 3025
f 2979 3025 3026
f 3026 3025 3024
f 3026 3024 3027
f 3027 3024 3023
f 3027 3023 3028
f 3028 3023 3022
f 3028 3022 3029
f 3029 3022 3021
f 3029 3021 3030
f 3030 3021 3020
f 3030 3020 3031
f 3031 3020 3019
f 3031 3019 3032
f 2976 2979 2977
f 2977 2979 3026
f 2977 3026 3033
f 3033 3026 3027
f 3033 3027 3034
f 3034 3027 3028
f 3034 3028 3035
f 3035 3028 3029
f 3035 3029 3036
f 3036 3029 3030
f 3036 3030 3037
f 3037 3030 3031
f 3037 3031 3038
f 3038 3031 3032
f 3038 3032 3039
f 2974 2977 2975
f 2975 2977 3033
f 2975 3033 3040
f 3040 3033 3034
f 3040 3034 3041
f 3041 3034 3035
f 3041 3035 3042
f 3042 3035 3036
f 3042 3036 3043
f 3043 3036 3037
f 3043 3037 3044
f 3044 3037 3038
f 3044 3038 3045
f 3045 3038 3039
f 3045 3039 3046
f 3017 3047 3019
f 3019 3047 3048
f 3019 3048 3032
f 3032 3048 3049
f 3032 3049 3039
f 3039 3049 3050
f 3039 3050 3046
f 3046 3050 3051
f 3046 3051 3052
f 2973 2975 2998
f 2998 2975 3040
f 2998 3040 3003
f 3003 3040 3041
f 3003 3041 3007
f 3007 3041 3042
f 3007 3042 3053
f 3053 3042 3043
f 3053 3043 3054
f 3054 3043 3044
f 3054 3044 3055
f 3055 3044 3045
f 3055 3045 3056
f 3056 3045 3046
f 3056 3046 3057
f 3057 3046 3052
f 3057 3052 3058
f 2918 2917 2984
f 2984 2917 3059
f 2984 3059 2988
f 2988 3059 3060
f 2988 3060 2990
f 2990 3060 3061
f 2990 3061 2992
f 2992 3061 3062
f 2992 3062 2995
f 2995 3062 3063
f 2995 3063 2997
f 2997 3063 3064
f 2997 3064 2951
f 2951 3064 2952
f 2917 2916 3059
f 3059 2916 3065
f 3059 3065 3060
f 3060 3065 3066
f 3060 3066 3061
f 3061 3066 3067
f 3061 3067 3062
f 3062 3067 3068
f 3062 3068 3063
f 3063 3068 3069
f 3063 3069 3064
f 3064 3069 3070
f 3064 3070 2952
f 2952 3070 2947
f 2916 2915 3065
f 3065 2915 2983
f 3065 2983 3066
f 3066 2983 3071
f 3066 3071 3067
f 3067 3071 3072
f 3067 3072 3068
f 3068 3072 3073
f 3068 3073 3069
f 3069 3073 3074
f 3069 3074 3070
f 3070 3074 3075
f 3070 3075 2947
f 2947 3075 2945
f 2914 2913 2983
f 2983 2913 2982
f 2983 2982 3071
f 3071 2982 3076
f 3071 3076 3072
f 3072 3076 3077
f 3072 3077 3073
f 3073 3077 3078
f 3073 3078 3074
f 3074 3078 3079
f 3074 3079 3075
f 3075 3079 3080
f 3075 3080 2945
f 2945 3080 2943
f 2912 2911 2982
f 2982 2911 3010
f 2982 3010 3076
f 3076 3010 2980
f 3076 2980 3077
f 3077 2980 2978
f 3077 2978 3078
f 3078 2978 2976
f 3078 2976 3079
f 3079 2976 2974
f 3079 2974 3080
f 3080 2974 2973
f 3080 2973 2943
f 2943 2973 2928
f 2936 3007 2937
f 2937 3007 3053
f 2937 3053 2939
f 2939 3053 3054
f 2939 3054 2941
f 2941 3054 3055
f 2941 3055 2956
f 2956 3055 3056
f 2956 3056 2957
f 2957 3056 3057
f 2957 3057 2958
f 2958 3057 3058
f 2958 3058 2935
f 1664 1666 3081
f 1687 1689 3018
f 3018 1689 1618
f 3081 3082 1664
f 1664 3082 2960
f 1664 2960 1617
f 1618 1617 3018
f 3018 1617 2960
f 3018 2960 3017
f 3017 2960 2959
f 3017 2959 3047
f 3047 2959 2964
f 3047 2964 3048
f 3048 2964 2963
f 3048 2963 3049
f 3049 2963 2962
f 3049 2962 3050
f 3050 2962 2971
f 3050 2971 3051
f 3051 2971 2970
f 3051 2970 3052
f 3052 2970 2969
f 3052 2969 3058
f 3058 2969 2972
f 3058 2972 2935
f 2935 2972 2933
f 3083 1843 3084
f 3084 1843 1852
f 3085 1847 3086
f 3086 1847 1845
f 3087 1868 3088
f 3088 1868 1862
f 3089 1855 3090
f 3090 1855 1876
f 3091 3092 3093
f 3093 3092 3094
f 3095 3096 3097
f 3097 3096 3092
f 3097 3092 3098
f 3098 3092 3091
f 3098 3091 3099
f 3099 3091 3100
f 3101 3102 3103
f 3103 3102 3093
f 3103 3093 3104
f 3104 3093 3094
f 3104 3094 3105
f 3105 3094 3106
f 3107 1800 3108
f 3108 1800 1829
f 3109 1835 3110
f 3110 1835 1821
f 3111 1813 3112
f 3112 1813 1812
f 3113 1824 3114
f 3114 1824 1809
f 3115 3116 3117
f 3118 3119 3120
f 3120 3119 3117
f 3120 3117 3121
f 3121 3117 3116
f 3121 3116 3122
f 3122 3116 3123
f 3124 3125 3126
f 3126 3125 3127
f 3128 3129 3130
f 3130 3129 3115
f 3130 3115 3127
f 3127 3115 3117
f 3127 3117 3126
f 3086 1845 1844
f 3086 1844 3131
f 3131 1844 1870
f 3131 1870 3132
f 3132 1870 1868
f 3132 1868 3087
f 3088 1862 1860
f 3088 1860 3133
f 3133 1860 1859
f 3133 1859 3134
f 3134 1859 1855
f 3134 1855 3089
f 3090 1876 1874
f 3090 1874 3135
f 3135 1874 1873
f 3135 1873 3136
f 3136 1873 1843
f 3136 1843 3083
f 3084 1852 1850
f 3084 1850 3137
f 3137 1850 1849
f 3137 1849 3138
f 3138 1849 1847
f 3138 1847 3085
f 3110 1821 1817
f 3110 1817 3139
f 3139 1817 1815
f 3139 1815 3140
f 3140 1815 1813
f 3140 1813 3111
f 3112 1812 1826
f 3112 1826 3141
f 3141 1826 1825
f 3141 1825 3142
f 3142 1825 1824
f 3142 1824 3113
f 3114 1809 1806
f 3114 1806 3143
f 3143 1806 1799
f 3143 1799 3144
f 3144 1799 1800
f 3144 1800 3107
f 3108 1829 1831
f 3108 1831 3145
f 3145 1831 1833
f 3145 1833 3146
f 3146 1833 1835
f 3146 1835 3109
f 3117 3119 3147
f 3147 3119 3148
f 3147 3148 3149
f 3149 3148 3150
f 3149 3150 3113
f 3113 3150 3142
f 3119 3118 3148
f 3148 3118 3151
f 3148 3151 3150
f 3150 3151 3152
f 3150 3152 3142
f 3142 3152 3141
f 3118 3120 3151
f 3151 3120 3153
f 3151 3153 3152
f 3152 3153 3154
f 3152 3154 3141
f 3141 3154 3112
f 3126 3117 3147
f 3126 3147 3155
f 3155 3147 3149
f 3155 3149 3156
f 3156 3149 3113
f 3156 3113 3114
f 3120 3121 3157
f 3120 3157 3153
f 3153 3157 3158
f 3153 3158 3154
f 3154 3158 3111
f 3154 3111 3112
f 3127 3125 3159
f 3159 3125 3160
f 3159 3160 3161
f 3161 3160 3162
f 3161 3162 3107
f 3107 3162 3144
f 3125 3124 3160
f 3160 3124 3163
f 3160 3163 3162
f 3162 3163 3164
f 3162 3164 3144
f 3144 3164 3143
f 3124 3126 3163
f 3163 3126 3155
f 3163 3155 3164
f 3164 3155 3156
f 3164 3156 3143
f 3143 3156 3114
f 3121 3122 3157
f 3157 3122 3165
f 3157 3165 3158
f 3158 3165 3166
f 3158 3166 3111
f 3111 3166 3140
f 3122 3123 3165
f 3165 3123 3167
f 3165 3167 3166
f 3166 3167 3168
f 3166 3168 3140
f 3140 3168 3139
f 3123 3116 3167
f 3167 3116 3169
f 3167 3169 3168
f 3168 3169 3170
f 3168 3170 3139
f 3139 3170 3110
f 3130 3127 3159
f 3130 3159 3171
f 3171 3159 3161
f 3171 3161 3172
f 3172 3161 3107
f 3172 3107 3108
f 3116 3115 3173
f 3116 3173 3169
f 3169 3173 3174
f 3169 3174 3170
f 3170 3174 3109
f 3170 3109 3110
f 3115 3129 3173
f 3173 3129 3175
f 3173 3175 3174
f 3174 3175 3176
f 3174 3176 3109
f 3109 3176 3146
f 3129 3128 3175
f 3175 3128 3177
f 3175 3177 3176
f 3176 3177 3178
f 3176 3178 3146
f 3146 3178 3145
f 3128 3130 3177
f 3177 3130 3171
f 3177 3171 3178
f 3178 3171 3172
f 3178 3172 3145
f 3145 3172 3108
f 3093 3102 3179
f 3179 3102 3180
f 3179 3180 3181
f 3181 3180 3182
f 3181 3182 3089
f 3089 3182 3134
f 3102 3101 3180
f 3180 3101 3183
f 3180 3183 3182
f 3182 3183 3184
f 3182 3184 3134
f 3134 3184 3133
f 3101 3103 3183
f 3183 3103 3185
f 3183 3185 3184
f 3184 3185 3186
f 3184 3186 3133
f 3133 3186 3088
f 3091 3093 3179
f 3091 3179 3187
f 3187 3179 3181
f 3187 3181 3188
f 3188 3181 3089
f 3188 3089 3090
f 3103 3104 3189
f 3103 3189 3185
f 3185 3189 3190
f 3185 3190 3186
f 3186 3190 3087
f 3186 3087 3088
f 3098 3099 3191
f 3191 3099 3192
f 3191 3192 3193
f 3193 3192 3194
f 3193 3194 3083
f 3083 3194 3136
f 3099 3100 3192
f 3192 3100 3195
f 3192 3195 3194
f 3194 3195 3196
f 3194 3196 3136
f 3136 3196 3135
f 3100 3091 3195
f 3195 3091 3187
f 3195 3187 3196
f 3196 3187 3188
f 3196 3188 3135
f 3135 3188 3090
f 3104 3105 3189
f 3189 3105 3197
f 3189 3197 3190
f 3190 3197 3198
f 3190 3198 3087
f 3087 3198 3132
f 3105 3106 3197
f 3197 3106 3199
f 3197 3199 3198
f 3198 3199 3200
f 3198 3200 3132
f 3132 3200 3131
f 3106 3094 3199
f 3199 3094 3201
f 3199 3201 3200
f 3200 3201 3202
f 3200 3202 3131
f 3131 3202 3086
f 3097 3098 3191
f 3097 3191 3203
f 3203 3191 3193
f 3203 3193 3204
f 3204 3193 3083
f 3204 3083 3084
f 3094 3092 3205
f 3094 3205 3201
f 3201 3205 3206
f 3201 3206 3202
f 3202 3206 3085
f 3202 3085 3086
f 3092 3096 3205
f 3205 3096 3207
f 3205 3207 3206
f 3206 3207 3208
f 3206 3208 3085
f 3085 3208 3138
f 3096 3095 3207
f 3207 3095 3209
f 3207 3209 3208
f 3208 3209 3210
f 3208 3210 3138
f 3138 3210 3137
f 3095 3097 3209
f 3209 3097 3203
f 3209 3203 3210
f 3210 3203 3204
f 3210 3204 3137
f 3137 3204 3084
f 2961 2960 3211
f 3211 2960 3082
f 3211 3082 1671
f 1671 3082 3081
f 1671 3081 1666
f 2968 2966 3212
f 3212 2966 3213
f 3212 3213 3214
f 3214 3213 3215
f 3215 3213 3216
f 3215 3216 3217
f 3217 3216 3218
f 3218 3216 3219
f 3218 3219 3220
f 3220 3219 3221
f 3220 3221 3222
f 3222 3221 3223
f 3223 3221 3224
f 3223 3224 3225
f 2898 2897 3224
f 3224 2897 3226
f 3224 3226 3225
f 3222 3223 3227
f 2897 2896 3226
f 3226 2896 3225
f 3225 2896 2895
f 3225 2895 3223
f 3218 3220 3228
f 3228 3220 3222
f 3218 3229 3217
f 3217 3229 3215
f 2967 2968 2996
f 2996 2968 3212
f 2996 3212 2994
f 2994 3212 3214
f 3223 2895 3227
f 3227 2895 2902
f 3227 2902 3230
f 3230 2902 2901
f 3230 2901 3231
f 3231 2901 2900
f 3231 2900 3232
f 3232 2900 2904
f 3232 2904 3233
f 3222 3227 3228
f 3228 3227 3230
f 3228 3230 3234
f 3234 3230 3231
f 3234 3231 3235
f 3235 3231 3232
f 3235 3232 3236
f 3236 3232 3233
f 3236 3233 3237
f 3218 3228 3229
f 3229 3228 3234
f 3229 3234 3238
f 3238 3234 3235
f 3238 3235 3239
f 3239 3235 3236
f 3239 3236 3240
f 3240 3236 3237
f 3240 3237 3241
f 2986 2987 3241
f 3241 2987 2989
f 3241 2989 3240
f 3240 2989 2991
f 3240 2991 3239
f 3239 2991 2993
f 3239 2993 3238
f 3238 2993 2994
f 3238 2994 3229
f 3229 2994 3214
f 3229 3214 3215
f 2985 2986 3242
f 3242 2986 3241
f 3242 3241 3243
f 3243 3241 3237
f 3243 3237 3244
f 3244 3237 3233
f 3244 3233 2903
f 2903 3233 2904
f 2920 2985 3245
f 3245 2985 3242
f 3245 3242 3246
f 3246 3242 3243
f 3246 3243 3247
f 3247 3243 3244
f 3247 3244 2899
f 2899 3244 2903
f 3246 3247 2276
f 2899 2308 3247
f 3247 2308 2310
f 3247 2310 2276
f 2276 2275 3246
f 3246 2275 2277
f 3246 2277 3245
f 3245 2277 2279
f 3245 2279 2920
f 2920 2279 2280
f 2564 2493 1839
f 2512 2513 1839
f 1839 2513 2515
f 3248 3249 3250
f 3250 3249 2687
f 3250 2687 1838
f 1838 2687 2560
f 1838 2560 1839
f 1839 2560 2559
f 1839 2559 2563
f 2510 2512 2508
f 2508 2512 1839
f 2508 1839 2492
f 2492 1839 2493
f 2546 2564 2547
f 2547 2564 1839
f 2547 1839 2561
f 2561 1839 2563
f 3251 3252 3253
f 3253 3252 3254
f 3253 3254 2769
f 2769 3254 1839
f 2769 1839 2517
f 2517 1839 2515
f 2506 2505 2504
f 1881 2598 2557
f 3255 3256 3257
f 1881 2549 2565
f 2495 1880 2768
f 2768 1880 3255
f 2768 3255 3258
f 3258 3255 3257
f 2495 2498 1880
f 1880 2498 2500
f 1880 2500 2507
f 2598 1881 2553
f 2553 1881 2565
f 2553 2565 2554
f 3259 3260 3261
f 3261 3260 3262
f 3261 3262 2686
f 2686 3262 1881
f 2686 1881 2556
f 2556 1881 2557
f 2507 2506 1880
f 1880 2506 2504
f 1880 2504 1881
f 1881 2504 2550
f 1881 2550 2549
f 3263 1966 1977
f 3264 3263 3265
f 1909 3264 3266
f 3263 1977 3265
f 3265 1977 1976
f 3265 1976 3267
f 1968 3268 1969
f 1969 3268 3269
f 1969 3269 1971
f 1971 3269 3270
f 1971 3270 1973
f 1973 3270 3271
f 1973 3271 1974
f 1974 3271 3267
f 1974 3267 1975
f 1975 3267 1976
f 3264 3265 3266
f 3266 3265 3267
f 3266 3267 3272
f 3272 3267 3271
f 3272 3271 3273
f 3273 3271 3270
f 3273 3270 3274
f 3274 3270 3269
f 3274 3269 3275
f 3275 3269 3268
f 3275 3268 3276
f 1909 3266 1964
f 1964 3266 3272
f 1964 3272 1958
f 1958 3272 3273
f 1958 3273 1959
f 1959 3273 3274
f 1959 3274 1960
f 1960 3274 3275
f 1960 3275 1961
f 1961 3275 3276
f 1961 3276 1927
f 1892 1891 3277
f 1909 1898 3264
f 3264 1898 3278
f 3264 3278 3263
f 3263 3278 3279
f 3263 3279 1966
f 2029 2028 3279
f 3279 2028 1967
f 3279 1967 1966
f 1897 1895 3280
f 3280 1895 3281
f 3280 3281 3282
f 3282 3281 3283
f 1898 1897 3278
f 3278 1897 3280
f 3278 3280 3279
f 3279 3280 3282
f 3279 3282 2029
f 2029 3282 3283
f 2029 3283 2030
f 2030 3283 2024
f 2025 2024 3284
f 3284 2024 3283
f 3284 3283 3285
f 3285 3283 3281
f 3285 3281 1894
f 1894 3281 1895
f 2026 2025 3286
f 3286 2025 3284
f 3286 3284 3277
f 3277 3284 3285
f 3277 3285 1892
f 1892 3285 1894
f 2004 3287 3288
f 3287 3289 3290
f 3289 1929 1931
f 3289 1931 3290
f 3290 1931 1933
f 3290 1933 3291
f 3291 1933 1934
f 3291 1934 3292
f 3292 1934 1939
f 3292 1939 3293
f 3293 1939 1941
f 3293 1941 3294
f 3294 1941 1942
f 3294 1942 3295
f 3295 1942 1944
f 3295 1944 3296
f 3296 1944 1947
f 3296 1947 3297
f 3297 1947 1946
f 3297 1946 3298
f 3298 1946 1945
f 3298 1945 3299
f 3299 1945 1938
f 3299 1938 3300
f 3300 1938 1954
f 3300 1954 3301
f 3301 1954 1953
f 3301 1953 3302
f 3302 1953 1951
f 3302 1951 3303
f 3303 1951 1949
f 3303 1949 3304
f 3304 1949 1948
f 3304 1948 3305
f 3305 1948 1928
f 3305 1928 3306
f 3306 1928 1927
f 3306 1927 3276
f 3287 3290 3288
f 3288 3290 3291
f 3288 3291 3307
f 3307 3291 3292
f 3307 3292 3308
f 3308 3292 3293
f 3308 3293 3309
f 3309 3293 3294
f 3309 3294 3310
f 3310 3294 3295
f 3310 3295 3311
f 3311 3295 3296
f 3311 3296 3312
f 3312 3296 3297
f 3312 3297 3313
f 3313 3297 3298
f 3313 3298 3314
f 3314 3298 3299
f 3314 3299 3315
f 3315 3299 3300
f 3315 3300 3316
f 3316 3300 3301
f 3316 3301 3317
f 3317 3301 3302
f 3317 3302 3318
f 3318 3302 3303
f 3318 3303 3319
f 3319 3303 3304
f 3319 3304 3320
f 3320 3304 3305
f 3320 3305 3321
f 3321 3305 3306
f 3321 3306 3322
f 3322 3306 3276
f 3322 3276 3268
f 2004 3288 2003
f 2003 3288 3307
f 2003 3307 2001
f 2001 3307 3308
f 2001 3308 2000
f 2000 3308 3309
f 2000 3309 1998
f 1998 3309 3310
f 1998 3310 1997
f 1997 3310 3311
f 1997 3311 1995
f 1995 3311 3312
f 1995 3312 1994
f 1994 3312 3313
f 1994 3313 1992
f 1992 3313 3314
f 1992 3314 1991
f 1991 3314 3315
f 1991 3315 1989
f 1989 3315 3316
f 1989 3316 1988
f 1988 3316 3317
f 1988 3317 1986
f 1986 3317 3318
f 1986 3318 1985
f 1985 3318 3319
f 1985 3319 1983
f 1983 3319 3320
f 1983 3320 1982
f 1982 3320 3321
f 1982 3321 1980
f 1980 3321 3322
f 1980 3322 1978
f 1978 3322 3268
f 1978 3268 1968
f 3289 3287 3323
f 1929 3289 3324
f 2009 3325 2007
f 2007 3325 3323
f 2007 3323 2006
f 2006 3323 3287
f 2006 3287 2004
f 2014 3326 2009
f 2009 3326 3327
f 2009 3327 3325
f 1929 3324 2117
f 2117 3324 3328
f 2117 3328 2122
f 2122 3328 3329
f 2122 3329 2123
f 2123 3329 3330
f 2123 3330 2119
f 2119 3330 3331
f 2119 3331 2120
f 2120 3331 3332
f 2120 3332 2133
f 2014 2013 3326
f 3326 2013 2011
f 3326 2011 3333
f 3333 2011 2010
f 3333 2010 3334
f 3334 2010 2019
f 3334 2019 3335
f 3335 2019 2018
f 3335 2018 3336
f 3336 2018 2016
f 3336 2016 3337
f 3337 2016 2015
f 3337 2015 3338
f 2015 2020 3338
f 3338 2020 2022
f 3338 2022 3339
f 3339 2022 2027
f 3339 2027 3340
f 3340 2027 2026
f 3340 2026 3286
f 3289 3323 3324
f 3324 3323 3325
f 3324 3325 3328
f 3328 3325 3327
f 3328 3327 3329
f 3329 3327 3326
f 3329 3326 3330
f 3330 3326 3333
f 3330 3333 3331
f 3331 3333 3334
f 3331 3334 3332
f 3332 3334 3335
f 3332 3335 3341
f 3341 3335 3336
f 3341 3336 3342
f 3342 3336 3337
f 3342 3337 3343
f 3343 3337 3338
f 3343 3338 3344
f 3344 3338 3339
f 3344 3339 3345
f 3345 3339 3340
f 3345 3340 3346
f 3346 3340 3286
f 3346 3286 3277
f 2133 3332 2134
f 2134 3332 3341
f 2134 3341 2129
f 2129 3341 3342
f 2129 3342 2130
f 2130 3342 3343
f 2130 3343 2132
f 2132 3343 3344
f 2132 3344 2126
f 2126 3344 3345
f 2126 3345 2127
f 2127 3345 3346
f 2127 3346 2128
f 2128 3346 3277
f 2128 3277 1891
f 3347 3348 3349
f 2335 3347 3350
f 2173 3351 2174
f 2174 3351 3352
f 2174 3352 2178
f 2178 3352 3353
f 2178 3353 2177
f 2177 3353 3349
f 2177 3349 2176
f 2176 3349 3348
f 2176 3348 2147
f 2171 3354 2173
f 2173 3354 3355
f 2173 3355 3351
f 2171 2170 3354
f 3354 2170 2179
f 3354 2179 3356
f 3356 2179 2181
f 3356 2181 3357
f 3357 2181 2180
f 3357 2180 3358
f 3358 2180 2186
f 2184 3359 2186
f 2186 3359 3360
f 2186 3360 3358
f 2184 2183 3359
f 3359 2183 2188
f 3359 2188 3361
f 3361 2188 2187
f 3361 2187 3362
f 3347 3349 3350
f 3350 3349 3353
f 3350 3353 3363
f 3363 3353 3352
f 3363 3352 3364
f 3364 3352 3351
f 3364 3351 3365
f 3365 3351 3355
f 3365 3355 3366
f 3366 3355 3354
f 3366 3354 3367
f 3367 3354 3356
f 3367 3356 3368
f 3368 3356 3357
f 3368 3357 3369
f 3369 3357 3358
f 3369 3358 3370
f 3370 3358 3360
f 3370 3360 3371
f 3371 3360 3359
f 3371 3359 3372
f 3372 3359 3361
f 3372 3361 3373
f 3373 3361 3362
f 3373 3362 3374
f 2335 3350 2336
f 2336 3350 3363
f 2336 3363 2338
f 2338 3363 3364
f 2338 3364 2339
f 2339 3364 3365
f 2339 3365 2340
f 2340 3365 3366
f 2340 3366 2342
f 2342 3366 3367
f 2342 3367 2343
f 2343 3367 3368
f 2343 3368 2344
f 2344 3368 3369
f 2344 3369 2348
f 2348 3369 3370
f 2348 3370 2345
f 2345 3370 3371
f 2345 3371 2346
f 2346 3371 3372
f 2346 3372 2347
f 2347 3372 3373
f 2347 3373 2341
f 2341 3373 3374
f 2341 3374 2337
f 2148 2147 3375
f 3375 2147 3348
f 3375 3348 3376
f 3376 3348 3377
f 3377 3348 3347
f 3377 3347 3378
f 3378 3347 3379
f 3379 3347 2335
f 3379 2335 2327
f 2393 2391 3380
f 3381 2331 2329
f 3382 3381 3383
f 3381 2329 3383
f 3383 2329 2328
f 3383 2328 3384
f 3384 2328 2320
f 3384 2320 3385
f 3382 3383 3386
f 3386 3383 3384
f 3386 3384 3387
f 3387 3384 3385
f 3387 3385 3388
f 2389 2386 3388
f 3388 2386 2377
f 3388 2377 3387
f 3387 2377 2372
f 3387 2372 3386
f 3386 2372 2206
f 3386 2206 3382
f 2391 2389 3380
f 3380 2389 3388
f 3380 3388 3389
f 3389 3388 3385
f 3389 3385 2322
f 2322 3385 2320
f 2187 2393 3362
f 3362 2393 3380
f 3362 3380 3374
f 3374 3380 3389
f 3374 3389 2337
f 2337 3389 2322
f 3379 2327 2326
f 3390 3391 3392
f 2149 2148 2255
f 2255 2148 3375
f 3391 3393 3394
f 3393 3395 3394
f 3394 3395 3396
f 3394 3396 3397
f 2323 3398 2324
f 2324 3398 3399
f 3400 3378 3379
f 3375 3376 3401
f 3401 3376 3377
f 3379 2326 3400
f 3400 2326 2325
f 3400 2325 3402
f 3402 2325 2324
f 3402 2324 3392
f 3392 2324 3399
f 3392 3399 3390
f 3391 3394 3392
f 3392 3394 3403
f 3392 3403 3402
f 3402 3403 3401
f 3402 3401 3400
f 3400 3401 3377
f 3400 3377 3378
f 3375 3401 2255
f 2255 3401 3403
f 2255 3403 2256
f 2256 3403 3394
f 2256 3394 2258
f 2258 3394 3397
f 2258 3397 2260
f 2333 2331 3404
f 3404 2331 3381
f 3404 3381 3405
f 3405 3381 3382
f 3405 3382 2204
f 2204 3382 2206
f 2334 2333 3406
f 3406 2333 3404
f 3406 3404 3407
f 3407 3404 3405
f 3407 3405 2203
f 2203 3405 2204
f 2332 2334 3408
f 3408 2334 3406
f 3408 3406 3409
f 3409 3406 3407
f 3409 3407 2219
f 2219 3407 2203
f 1796 2259 2260
f 2323 2321 3398
f 3398 2321 3410
f 3398 3410 3399
f 3411 3391 3410
f 3410 3391 3390
f 3410 3390 3399
f 1796 2260 3412
f 3412 2260 3397
f 3412 3397 3413
f 3413 3397 3396
f 3413 3396 3414
f 3414 3396 3395
f 3414 3395 3411
f 3411 3395 3393
f 3411 3393 3391
f 2219 2359 3415
f 2330 2332 3416
f 3416 2332 3408
f 3416 3408 3415
f 3415 3408 3409
f 3415 3409 2219
f 3417 1580 1576
f 3417 1576 3418
f 1727 1596 3413
f 1596 1599 3413
f 3413 1599 1682
f 3413 1682 3412
f 3412 1682 1796
f 1576 1727 3418
f 3418 1727 3413
f 3418 3413 3419
f 3419 3413 3414
f 3419 3414 3420
f 3420 3414 3411
f 3420 3411 3421
f 3421 3411 2330
f 2330 3411 3410
f 2330 3410 2321
f 2686 2663 3422
f 2686 3422 3261
f 3261 3422 3423
f 3261 3423 3259
f 3259 3423 3424
f 3259 3424 3260
f 1882 1881 3424
f 3424 1881 3262
f 3424 3262 3260
f 3415 2359 3425
f 3426 2330 3425
f 3425 2330 3416
f 3425 3416 3415
f 1580 3417 3427
f 3427 3417 3418
f 3427 3418 3428
f 3418 3419 3428
f 3428 3419 3420
f 3428 3420 3426
f 3426 3420 3421
f 3426 3421 2330
f 3423 3422 3429
f 3422 2663 2627
f 3430 3424 3423
f 3424 3430 1882
f 3422 2627 3429
f 3429 2627 2626
f 3429 2626 3431
f 2626 2630 3431
f 3431 2630 2629
f 3431 2629 3432
f 3432 2629 2652
f 3432 2652 3433
f 3433 2652 2667
f 3433 2667 3434
f 3423 3429 3430
f 3430 3429 3431
f 3430 3431 3435
f 3435 3431 3432
f 3435 3432 3436
f 3436 3432 3433
f 3436 3433 3437
f 3437 3433 3434
f 3437 3434 3438
f 1882 3430 1883
f 1883 3430 3435
f 1883 3435 1884
f 1884 3435 3436
f 1884 3436 1865
f 1865 3436 3437
f 1865 3437 1863
f 1863 3437 3438
f 1863 3438 1861
f 1556 1580 3427
f 2359 2360 3439
f 1556 3427 1522
f 1483 1488 3440
f 3440 1488 1516
f 2359 3439 3425
f 3425 3439 3441
f 3425 3441 3426
f 3426 3441 3442
f 3426 3442 3428
f 3428 3442 3440
f 3428 3440 3427
f 3427 3440 1516
f 3427 1516 1522
f 2809 3443 2667
f 2667 3443 3434
f 3443 3444 3434
f 3434 3444 3445
f 3434 3445 3438
f 1858 1861 3446
f 3446 1861 3438
f 3446 3438 3447
f 3447 3438 3445
f 2842 2844 3448
f 3449 2362 2358
f 2835 2836 3450
f 3450 2836 3451
f 3450 3451 3452
f 3452 3451 3453
f 3454 3455 3453
f 3453 3455 3456
f 3453 3456 3452
f 2358 3457 3449
f 3449 3457 3458
f 3449 3458 3454
f 3454 3458 3459
f 3454 3459 3455
f 2363 2362 3460
f 3460 2362 3449
f 3460 3449 3461
f 3461 3449 3454
f 3461 3454 3462
f 3462 3454 3453
f 3462 3453 3463
f 3463 3453 3451
f 3463 3451 2838
f 2838 3451 2836
f 2842 3448 2840
f 2364 2363 3464
f 3464 2363 3460
f 3464 3460 3465
f 3465 3460 3461
f 3465 3461 3466
f 3466 3461 3462
f 3466 3462 3448
f 3448 3462 3463
f 3448 3463 2840
f 2840 3463 2838
f 2361 2364 3467
f 3467 2364 3464
f 3467 3464 3468
f 3468 3464 3465
f 3468 3465 3469
f 3469 3465 3466
f 3469 3466 3470
f 3470 3466 3448
f 3470 3448 2846
f 2846 3448 2844
f 2360 2361 3439
f 3439 2361 3467
f 3439 3467 3441
f 3441 3467 3468
f 3441 3468 3442
f 3442 3468 3469
f 3442 3469 3440
f 3440 3469 3470
f 3440 3470 1483
f 1483 3470 2846
f 3471 3472 1858
f 2791 1460 3473
f 2792 2791 3474
f 2809 2792 3443
f 3443 2792 3475
f 3443 3475 3444
f 3444 3475 3476
f 3444 3476 3445
f 3445 3476 3447
f 3475 2792 3474
f 3475 3474 3476
f 3476 3474 3477
f 1858 3446 3478
f 3478 3446 3447
f 3471 1858 3478
f 2791 3473 3474
f 3474 3473 3479
f 3474 3479 3477
f 3477 3479 3480
f 3477 3480 3481
f 3447 3476 3478
f 3478 3476 3477
f 3478 3477 3471
f 3471 3477 3481
f 3471 3481 3472
f 3482 2827 2829
f 3483 3484 3485
f 3485 3484 3486
f 3487 3488 3483
f 3488 3487 2352
f 2352 3487 2353
f 2353 3487 3489
f 2353 3489 2354
f 3482 2829 3490
f 3490 2829 2831
f 3490 2831 3491
f 3491 2831 2832
f 3491 2832 3492
f 3492 2832 2833
f 3492 2833 3493
f 3483 3485 3487
f 3487 3485 3494
f 3487 3494 3489
f 3489 3494 3495
f 3489 3495 3496
f 3496 3495 3497
f 3496 3497 3498
f 2833 2835 3450
f 2833 3450 3493
f 3493 3450 3452
f 3493 3452 3456
f 3456 3497 3493
f 3493 3497 3495
f 3493 3495 3492
f 3492 3495 3494
f 3492 3494 3491
f 3491 3494 3485
f 3491 3485 3490
f 3490 3485 3486
f 3490 3486 3482
f 3456 3455 3497
f 3497 3455 3459
f 3497 3459 3498
f 3498 3459 3458
f 3498 3458 3457
f 2354 3489 2355
f 2355 3489 3496
f 2355 3496 2356
f 2356 3496 3498
f 2356 3498 2357
f 2357 3498 3457
f 2357 3457 2358
f 1858 3472 1856
f 1856 3472 3499
f 3472 3481 3499
f 3499 3481 3480
f 3499 3480 3500
f 1460 1458 3473
f 3473 1458 3500
f 3473 3500 3479
f 3479 3500 3480
f 3501 3483 3488
f 2351 3501 2350
f 2350 3501 3488
f 2350 3488 2352
f 3483 3501 3484
f 3484 3501 3502
f 3484 3502 3486
f 3486 3502 3482
f 3482 3502 2851
f 3482 2851 2827
f 2351 2349 3501
f 3501 2349 3503
f 3501 3503 3502
f 3502 3503 3504
f 3502 3504 2851
f 2851 3504 2850
f 1856 3499 3505
f 3499 3500 3506
f 3500 1458 2847
f 3500 2847 3506
f 3506 2847 2848
f 3506 2848 3507
f 3507 2848 2845
f 3507 2845 3508
f 3508 2845 2843
f 3508 2843 3509
f 3509 2843 2841
f 3509 2841 3510
f 3510 2841 2839
f 3510 2839 3511
f 3511 2839 2837
f 3511 2837 3512
f 3512 2837 2834
f 3512 2834 3513
f 3513 2834 2830
f 3513 2830 3514
f 3514 2830 2828
f 3514 2828 3515
f 3499 3506 3505
f 3505 3506 3507
f 3505 3507 3516
f 3516 3507 3508
f 3516 3508 3517
f 3517 3508 3509
f 3517 3509 3518
f 3518 3509 3510
f 3518 3510 3519
f 3519 3510 3511
f 3519 3511 3520
f 3520 3511 3512
f 3520 3512 3521
f 3521 3512 3513
f 3521 3513 3522
f 3522 3513 3514
f 3522 3514 3523
f 3523 3514 3515
f 3523 3515 3524
f 1856 3505 1857
f 1857 3505 3516
f 1857 3516 1878
f 1878 3516 3517
f 1878 3517 1877
f 1877 3517 3518
f 1877 3518 1875
f 1875 3518 3519
f 1875 3519 1841
f 1841 3519 3520
f 1841 3520 1842
f 1842 3520 3521
f 1842 3521 1864
f 1864 3521 3522
f 1864 3522 1854
f 1854 3522 3523
f 1854 3523 1853
f 1853 3523 3524
f 1853 3524 1851
f 2863 3525 2349
f 2349 3525 3503
f 3525 3526 3503
f 3503 3526 3527
f 3503 3527 3504
f 3504 3527 3528
f 3504 3528 2850
f 2850 3528 3529
f 2850 3529 2849
f 1848 1851 3530
f 3530 1851 3524
f 3530 3524 3531
f 3531 3524 3532
f 3532 3524 3515
f 3532 3515 3533
f 3533 3515 3534
f 3534 3515 2828
f 3534 2828 2849
f 3535 3536 3537
f 3538 3539 3540
f 3541 3533 3542
f 3542 3533 3534
f 3542 3534 2849
f 3528 3543 3529
f 3529 3543 3544
f 3529 3544 2849
f 3540 3531 3541
f 3541 3531 3532
f 3541 3532 3533
f 3539 1848 3540
f 3540 1848 3530
f 3540 3530 3531
f 3536 3538 3537
f 3537 3538 3540
f 3537 3540 3545
f 3545 3540 3541
f 3545 3541 3546
f 3546 3541 3542
f 3546 3542 2849
f 3547 3535 3548
f 3548 3535 3537
f 3548 3537 3543
f 3543 3537 3545
f 3543 3545 3544
f 3544 3545 3546
f 3544 3546 2849
f 3528 3527 3543
f 3543 3527 3526
f 3543 3526 3548
f 3548 3526 3525
f 3548 3525 3547
f 3547 3525 2863
f 1846 1848 3549
f 3549 1848 3539
f 3549 3539 3550
f 3550 3539 3538
f 3550 3538 3551
f 3551 3538 3536
f 3551 3536 3552
f 3552 3536 3535
f 3552 3535 3553
f 3553 3535 3547
f 3553 3547 2855
f 2855 3547 2863
f 3554 3555 1846
f 3554 1846 3556
f 3552 3553 3557
f 3558 2859 2858
f 2859 3558 3559
f 2859 3559 2861
f 2861 3559 3557
f 2861 3557 2853
f 2853 3557 3553
f 2853 3553 2855
f 3550 3551 3560
f 3560 3551 3552
f 3552 3557 3560
f 3560 3557 3559
f 3560 3559 3561
f 3561 3559 3558
f 3561 3558 3562
f 1846 3549 3563
f 3563 3549 3550
f 3556 1846 3563
f 2858 3564 3558
f 3558 3564 3565
f 3558 3565 3562
f 3562 3565 3566
f 3562 3566 3567
f 3550 3560 3563
f 3563 3560 3561
f 3563 3561 3556
f 3556 3561 3562
f 3556 3562 3554
f 3554 3562 3567
f 3554 3567 3555
f 2858 2689 3564
f 3564 2689 3568
f 3564 3568 3565
f 3565 3568 3566
f 3566 3568 3569
f 3566 3569 3567
f 3567 3569 3555
f 3555 3569 1872
f 3555 1872 1846
f 3570 3571 3572
f 3568 2689 2688
f 1872 3569 3573
f 3569 3568 3574
f 3574 3568 2688
f 3574 2688 3575
f 3575 2688 2698
f 2698 2697 3575
f 3575 2697 2743
f 3575 2743 3576
f 3576 2743 2755
f 3576 2755 3577
f 3577 2755 2767
f 3577 2767 3578
f 3569 3574 3573
f 3573 3574 3575
f 3573 3575 3579
f 3579 3575 3576
f 3579 3576 3580
f 3580 3576 3577
f 3580 3577 3572
f 3572 3577 3578
f 3572 3578 3570
f 1872 3573 1871
f 1871 3573 3579
f 1871 3579 1869
f 1869 3579 3580
f 1869 3580 1867
f 1867 3580 3572
f 1867 3572 1866
f 1866 3572 3571
f 1866 3571 1879
f 1880 1879 3255
f 3255 1879 3571
f 3255 3571 3256
f 3256 3571 3570
f 3256 3570 3257
f 3257 3570 3578
f 3257 3578 3258
f 3258 3578 2767
f 3258 2767 2768
f 1838 1798 3250
f 3250 1798 3581
f 3250 3581 3248
f 3248 3581 3582
f 3248 3582 3249
f 3249 3582 2634
f 3249 2634 2687
f 3583 2620 2619
f 1804 3584 3585
f 3584 3583 3586
f 3586 3583 2619
f 3586 2619 3587
f 3587 2619 2623
f 2623 2622 3587
f 3587 2622 2647
f 3587 2647 3588
f 3588 2647 2635
f 3588 2635 3589
f 3589 2635 2634
f 3589 2634 3582
f 3584 3586 3585
f 3585 3586 3587
f 3585 3587 3590
f 3590 3587 3588
f 3590 3588 3591
f 3591 3588 3589
f 3591 3589 3592
f 3592 3589 3582
f 3592 3582 3581
f 1804 3585 1805
f 1805 3585 3590
f 1805 3590 1807
f 1807 3590 3591
f 1807 3591 1808
f 1808 3591 3592
f 1808 3592 1797
f 1797 3592 3581
f 1797 3581 1798
f 1811 3593 1804
f 1804 3593 3584
f 3593 3594 3584
f 3584 3594 3595
f 3584 3595 3583
f 2774 2620 3596
f 3596 2620 3583
f 3596 3583 3597
f 3597 3583 3595
f 3598 3593 1811
f 3599 2772 2774
f 1670 2770 3600
f 3600 2770 3601
f 3600 3601 3602
f 3602 3601 3603
f 3602 3603 3604
f 3604 3603 3605
f 2770 2772 3601
f 3601 2772 3599
f 3601 3599 3603
f 3603 3599 3606
f 1811 3607 3608
f 3608 3607 3605
f 3598 1811 3608
f 2774 3596 3599
f 3599 3596 3597
f 3599 3597 3606
f 3606 3597 3595
f 3606 3595 3594
f 3605 3603 3608
f 3608 3603 3606
f 3608 3606 3598
f 3598 3606 3594
f 3598 3594 3593
f 1811 1810 3607
f 3607 1810 3609
f 3607 3609 3605
f 3605 3609 3604
f 3604 3609 3610
f 3604 3610 3602
f 3602 3610 3600
f 3600 3610 1671
f 3600 1671 1670
f 2961 3211 3611
f 3611 3211 3612
f 3611 3612 3613
f 3613 3612 3614
f 3613 3614 1810
f 3211 1671 3612
f 3612 1671 3610
f 3612 3610 3614
f 3614 3610 3609
f 3614 3609 1810
f 2966 2961 3611
f 2966 3611 3615
f 3615 3611 3613
f 3615 3613 3616
f 3616 3613 1810
f 3616 1810 1814
f 3617 3616 1814
f 3617 1814 3618
f 3619 3618 1814
f 3620 3619 1814
f 3621 3620 1814
f 3622 3621 1814
f 3622 3623 3624
f 3623 2898 3224
f 3623 3224 3624
f 3624 3224 3221
f 3624 3221 3625
f 3625 3221 3219
f 3625 3219 3626
f 3626 3219 3216
f 3626 3216 3627
f 3627 3216 3213
f 3627 3213 3628
f 3628 3213 2966
f 3628 2966 3615
f 3622 3624 3621
f 3621 3624 3625
f 3621 3625 3620
f 3620 3625 3626
f 3620 3626 3619
f 3619 3626 3627
f 3619 3627 3618
f 3618 3627 3628
f 3618 3628 3617
f 3617 3628 3615
f 3617 3615 3616
f 1816 3629 1814
f 1814 3629 3622
f 3629 3630 3622
f 3622 3630 3631
f 3622 3631 3623
f 3623 3631 3632
f 3623 3632 2898
f 2898 3632 3633
f 2898 3633 2865
f 3634 2870 2867
f 3635 3634 3636
f 1818 1823 3637
f 3637 1823 3638
f 3637 3638 3639
f 3634 2867 3636
f 3636 2867 2865
f 3636 2865 3633
f 3633 3632 3636
f 3636 3632 3639
f 3636 3639 3635
f 3635 3639 3638
f 1816 1818 3629
f 3629 1818 3637
f 3629 3637 3630
f 3630 3637 3639
f 3630 3639 3631
f 3631 3639 3632
f 2871 2870 3634
f 2872 2871 3640
f 3640 2871 3634
f 3640 3634 3641
f 3641 3634 3635
f 3641 3635 3642
f 3642 3635 3638
f 3642 3638 1822
f 1822 3638 1823
f 2872 3640 3643
f 3644 2883 2887
f 3645 3644 3646
f 3645 3647 3648
f 1830 3648 3649
f 3644 2887 3646
f 3646 2887 2888
f 3646 2888 3650
f 3650 2888 2889
f 3650 2889 3651
f 3651 2889 2890
f 3651 2890 3652
f 2890 2891 3652
f 3652 2891 2892
f 3652 2892 3653
f 3653 2892 2893
f 3653 2893 3643
f 3643 2893 2894
f 3643 2894 2872
f 3645 3646 3647
f 3647 3646 3650
f 3647 3650 3654
f 3654 3650 3651
f 3654 3651 3655
f 3655 3651 3652
f 3655 3652 3656
f 3656 3652 3653
f 3656 3653 3657
f 3657 3653 3643
f 3657 3643 3658
f 3658 3643 3640
f 3658 3640 3641
f 3648 3647 3649
f 3649 3647 3654
f 3649 3654 3659
f 3659 3654 3655
f 3659 3655 3660
f 3660 3655 3656
f 3660 3656 3661
f 3661 3656 3657
f 3661 3657 3662
f 3662 3657 3658
f 3662 3658 3663
f 3663 3658 3641
f 3663 3641 3642
f 1830 3649 1832
f 1832 3649 3659
f 1832 3659 1834
f 1834 3659 3660
f 1834 3660 1836
f 1836 3660 3661
f 1836 3661 1837
f 1837 3661 3662
f 1837 3662 1819
f 1819 3662 3663
f 1819 3663 1820
f 1820 3663 3642
f 1820 3642 1822
f 3664 3648 1830
f 3665 2884 2883
f 2885 2886 3666
f 3666 2886 3667
f 3666 3667 3668
f 3668 3667 3669
f 3668 3669 3670
f 3670 3669 3671
f 2886 2884 3667
f 3667 2884 3665
f 3667 3665 3669
f 3669 3665 3672
f 1830 3673 3674
f 3674 3673 3671
f 3664 1830 3674
f 2883 3644 3665
f 3665 3644 3672
f 3672 3644 3645
f 3671 3669 3674
f 3674 3669 3672
f 3674 3672 3664
f 3664 3672 3645
f 3664 3645 3648
f 3673 1830 1828
f 3673 1828 3671
f 3671 1828 3675
f 3671 3675 3670
f 3670 3675 3676
f 3670 3676 3668
f 3668 3676 3666
f 3666 3676 2724
f 3666 2724 2885
f 3677 3678 3679
f 3678 2695 2694
f 3680 3681 3677
f 3681 3680 1840
f 3678 2694 3679
f 3679 2694 2692
f 3679 2692 3682
f 2692 2691 3682
f 3682 2691 2730
f 3682 2730 3683
f 3683 2730 2725
f 3683 2725 3684
f 3684 2725 2724
f 3684 2724 3676
f 3677 3679 3680
f 3680 3679 3682
f 3680 3682 3685
f 3685 3682 3683
f 3685 3683 3686
f 3686 3683 3684
f 3686 3684 3687
f 3687 3684 3676
f 3687 3676 3675
f 1840 3680 1803
f 1803 3680 3685
f 1803 3685 1802
f 1802 3685 3686
f 1802 3686 1801
f 1801 3686 3687
f 1801 3687 1827
f 1827 3687 3675
f 1827 3675 1828
f 2769 2695 3678
f 2769 3678 3253
f 3253 3678 3677
f 3253 3677 3251
f 3251 3677 3681
f 3251 3681 3252
f 1840 1839 3681
f 3681 1839 3254
f 3681 3254 3252
f 2042 3688 2043
f 2043 3688 3689
f 2043 3689 2044
f 2044 3689 3690
f 2044 3690 2045
f 2045 3690 3691
f 2045 3691 2046
f 2046 3691 3692
f 2046 3692 2047
f 2047 3692 3693
f 2047 3693 2048
f 2048 3693 3694
f 2048 3694 2049
f 2049 3694 3695
f 2049 3695 2031
f 2031 3695 3696
f 2031 3696 2032
f 2032 3696 3697
f 2032 3697 2033
f 2033 3697 3698
f 2033 3698 2034
f 2034 3698 3699
f 2034 3699 2035
f 2035 3699 3700
f 2035 3700 2036
f 2036 3700 3701
f 2036 3701 2037
f 2037 3701 3702
f 2037 3702 2038
f 2038 3702 3703
f 2038 3703 2039
f 2039 3703 3704
f 2039 3704 2040
f 2040 3704 3705
f 2040 3705 2041
f 2041 3705 3706
f 2041 3706 2042
f 2042 3706 3688
f 3706 3707 3688
f 3688 3707 3708
f 3688 3708 3689
f 3689 3708 3709
f 3689 3709 3690
f 3690 3709 3710
f 3690 3710 3691
f 3691 3710 3711
f 3691 3711 3692
f 3692 3711 3712
f 3692 3712 3693
f 3693 3712 3713
f 3693 3713 3694
f 3694 3713 3714
f 3694 3714 3695
f 3695 3714 3715
f 3695 3715 3696
f 3696 3715 3716
f 3696 3716 3697
f 3697 3716 3717
f 3697 3717 3698
f 3698 3717 3718
f 3698 3718 3699
f 3699 3718 3719
f 3699 3719 3700
f 3700 3719 3720
f 3700 3720 3701
f 3701 3720 3721
f 3701 3721 3702
f 3702 3721 3722
f 3702 3722 3703
f 3703 3722 3723
f 3703 3723 3704
f 3704 3723 3724
f 3704 3724 3705
f 3705 3724 3725
f 3705 3725 3706
f 3706 3725 3707
f 2112 2114 3720
f 3720 2114 2115
f 3720 2115 3721
f 3721 2115 2052
f 3721 2052 3722
f 3722 2052 2053
f 3722 2053 3723
f 3723 2053 2107
f 2112 3720 2055
f 2055 3720 3719
f 2055 3719 2057
f 2057 3719 3718
f 2057 3718 2059
f 2059 3718 3717
f 2059 3717 2061
f 2061 3717 3716
f 2061 3716 2063
f 2063 3716 2066
f 2066 3716 3715
f 2066 3715 2076
f 2076 3715 3714
f 2076 3714 2074
f 2074 3714 3713
f 2074 3713 2072
f 2087 2085 3710
f 3710 2085 2084
f 3710 2084 3711
f 3711 2084 2082
f 3711 2082 3712
f 3712 2082 2080
f 3712 2080 3713
f 3713 2080 2069
f 3713 2069 2072
f 2087 3710 2089
f 2089 3710 3709
f 2089 3709 2092
f 2092 3709 3708
f 2092 3708 2093
f 2093 3708 3707
f 2093 3707 2095
f 2107 2105 3723
f 3723 2105 2103
f 3723 2103 3724
f 3724 2103 2102
f 3724 2102 3725
f 3725 2102 2099
f 3725 2099 3707
f 3707 2099 2097
f 3707 2097 2095
f 2078 2077 3726
f 2081 2083 3727
f 3728 3729 3730
f 3731 2936 2938
f 2950 3732 2948
f 2948 3732 3733
f 2948 3733 2953
f 2953 3733 3734
f 2953 3734 2954
f 2954 3734 3735
f 2954 3735 2955
f 2955 3735 3736
f 2955 3736 2931
f 2931 3736 3737
f 2931 3737 2932
f 2932 3737 3738
f 2932 3738 2934
f 2934 3738 3739
f 2934 3739 2942
f 2942 3739 3740
f 2942 3740 2940
f 2940 3740 3730
f 2940 3730 2938
f 2938 3730 3729
f 2938 3729 3731
f 2930 2929 3741
f 3741 3742 2930
f 2930 3742 3743
f 2930 3743 2944
f 2944 3743 3744
f 2944 3744 2946
f 2946 3744 3745
f 2946 3745 2950
f 3732 3746 3733
f 3733 3746 3747
f 3733 3747 3734
f 3734 3747 3748
f 3734 3748 3735
f 3735 3748 3749
f 3735 3749 3736
f 3736 3749 3750
f 3736 3750 3737
f 3737 3750 3751
f 3737 3751 3738
f 3738 3751 3752
f 3738 3752 3739
f 3739 3752 3753
f 3739 3753 3740
f 3740 3753 3754
f 3740 3754 3730
f 3730 3754 3755
f 3730 3755 3728
f 3727 3745 3756
f 3756 3745 3744
f 3756 3744 3757
f 3757 3744 3743
f 3757 3743 3758
f 3758 3743 3742
f 3758 3742 3726
f 2106 2108 3752
f 3752 2108 2109
f 3752 2109 3753
f 3753 2109 2051
f 3753 2051 3754
f 3754 2051 2050
f 3754 2050 3755
f 3755 2050 2113
f 3755 2113 3759
f 3759 2113 2111
f 2106 3752 2104
f 2104 3752 3751
f 2104 3751 2101
f 2101 3751 3750
f 2101 3750 2100
f 2100 3750 3749
f 2100 3749 2098
f 2086 2088 3746
f 3746 2088 2090
f 3746 2090 3747
f 3747 2090 2091
f 3747 2091 3748
f 3748 2091 2094
f 3748 2094 3749
f 3749 2094 2096
f 3749 2096 2098
f 2950 3745 3732
f 3732 3745 3727
f 3732 3727 3746
f 3746 3727 2083
f 3746 2083 2086
f 2081 3727 2079
f 2079 3727 3756
f 2079 3756 2070
f 2070 3756 3757
f 2070 3757 2071
f 2071 3757 3758
f 2071 3758 2073
f 3726 2077 3758
f 3758 2077 2075
f 3758 2075 2073
f 3741 3760 3742
f 3742 3760 3761
f 3742 3761 3726
f 3726 3761 3762
f 3726 3762 2078
f 2078 3762 3763
f 2078 3763 2067
f 3764 2058 2060
f 3762 3761 3765
f 3760 3741 3766
f 3760 3766 3761
f 3767 3763 3762
f 2062 2065 3768
f 3768 2065 2064
f 3768 2064 3769
f 3769 2064 2068
f 3769 2068 3767
f 3767 2068 2067
f 3767 2067 3763
f 2062 3768 2060
f 2060 3768 3770
f 2060 3770 3764
f 3761 3766 3765
f 3765 3766 3771
f 3765 3771 3772
f 3772 3771 3773
f 3772 3773 3774
f 3774 3773 3775
f 3774 3775 3776
f 3776 3775 3777
f 3776 3777 3778
f 3778 3777 3779
f 3778 3779 3780
f 3780 3779 3781
f 3780 3781 3782
f 2936 3781 3006
f 3006 3781 3779
f 3006 3779 3001
f 3001 3779 3777
f 3001 3777 3002
f 3002 3777 3775
f 3002 3775 3004
f 3004 3775 3773
f 3004 3773 3005
f 3005 3773 3771
f 3005 3771 3000
f 3000 3771 3766
f 3000 3766 2999
f 2999 3766 3741
f 2999 3741 2929
f 2936 3731 3781
f 3781 3731 3729
f 3781 3729 3782
f 3782 3729 3728
f 3782 3728 3755
f 3762 3765 3767
f 3767 3765 3772
f 3767 3772 3769
f 3769 3772 3774
f 3769 3774 3768
f 3768 3774 3776
f 3768 3776 3770
f 3770 3776 3778
f 3770 3778 3764
f 3764 3778 3780
f 3764 3780 3783
f 3783 3780 3782
f 3783 3782 3784
f 3784 3782 3755
f 3784 3755 3759
f 2058 3764 2056
f 2056 3764 3783
f 2056 3783 2054
f 2054 3783 3784
f 2054 3784 2110
f 2110 3784 3759
f 2110 3759 2111
f 3785 1685 1686
f 3785 1686 3786
f 3786 1686 1700
f 3786 1700 3787
f 3788 1681 1680
f 3788 1680 3789
f 3789 1680 1685
f 3789 1685 3785
f 3790 1695 1694
f 3790 1694 3791
f 3791 1694 1693
f 3791 1693 3792
f 3792 1693 1681
f 3792 1681 3788
f 3793 1697 1696
f 3793 1696 3794
f 3794 1696 1692
f 3794 1692 3795
f 3795 1692 1691
f 3795 1691 3796
f 3796 1691 1695
f 3796 1695 3790
f 3797 1451 1450
f 3797 1450 3798
f 3798 1450 1697
f 3798 1697 3793
f 3799 1702 1701
f 3799 1701 3800
f 3800 1701 1684
f 3800 1684 3801
f 3801 1684 1683
f 3801 1683 3802
f 3802 1683 1690
f 3802 1690 3803
f 3803 1690 1451
f 3803 1451 3797
f 3787 1700 1699
f 3787 1699 3804
f 3804 1699 1698
f 3804 1698 3805
f 3805 1698 1703
f 3805 1703 3806
f 3806 1703 1702
f 3806 1702 3799
f 3807 3791 3808
f 3808 3791 3792
f 3808 3792 3809
f 3809 3792 3788
f 3809 3788 3810
f 3810 3788 3789
f 3810 3789 3811
f 3811 3789 3785
f 3811 3785 3812
f 3812 3785 3786
f 3812 3786 3813
f 3814 3794 3815
f 3815 3794 3795
f 3815 3795 3816
f 3816 3795 3796
f 3816 3796 3807
f 3807 3796 3790
f 3807 3790 3791
f 3786 3787 3813
f 3813 3787 3804
f 3813 3804 3817
f 3817 3804 3805
f 3817 3805 3818
f 3818 3805 3806
f 3818 3806 3819
f 3806 3799 3819
f 3819 3799 3800
f 3819 3800 3820
f 3820 3800 3801
f 3820 3801 3821
f 3821 3801 3802
f 3821 3802 3822
f 3822 3802 3803
f 3822 3803 3823
f 3823 3803 3797
f 3823 3797 3824
f 3824 3797 3798
f 3824 3798 3814
f 3814 3798 3793
f 3814 3793 3794
f 3811 3825 3826
f 3811 3826 3810
f 3810 3826 3827
f 3810 3827 3809
f 3809 3827 3828
f 3809 3828 3808
f 3808 3828 3829
f 3808 3829 3807
f 3807 3829 3830
f 3807 3830 3816
f 3816 3830 3831
f 3816 3831 3815
f 3815 3831 3832
f 3815 3832 3814
f 3814 3832 3833
f 3814 3833 3824
f 3824 3833 3834
f 3824 3834 3823
f 3823 3834 3835
f 3823 3835 3822
f 3822 3835 3836
f 3822 3836 3821
f 3821 3836 3837
f 3821 3837 3820
f 3820 3837 3838
f 3820 3838 3819
f 3819 3838 3839
f 3819 3839 3818
f 3818 3839 3840
f 3818 3840 3817
f 3817 3840 3841
f 3817 3841 3813
f 3813 3841 3842
f 3813 3842 3812
f 3812 3842 3825
f 3812 3825 3811
f 3843 1593 1598
f 3843 1598 3844
f 3844 1598 1597
f 3844 1597 3845
f 3845 1597 1606
f 3845 1606 3846
f 3843 3847 1593
f 1593 3847 1601
f 3848 1607 1603
f 3848 1603 3849
f 3849 1603 1602
f 3849 1602 3850
f 3850 1602 1601
f 3850 1601 3847
f 3851 1589 1588
f 3851 1588 3852
f 3852 1588 1609
f 3852 1609 3853
f 3853 1609 1608
f 3853 1608 3854
f 3854 1608 1607
f 3854 1607 3848
f 3855 1591 1590
f 3855 1590 3856
f 3856 1590 1589
f 3856 1589 3851
f 3857 1615 1614
f 3857 1614 3858
f 3858 1614 1613
f 3858 1613 3859
f 3859 1613 1592
f 3859 1592 3860
f 3860 1592 1591
f 3860 1591 3855
f 3861 1586 1619
f 3861 1619 3862
f 3862 1619 1620
f 3862 1620 3863
f 3863 1620 1616
f 3863 1616 3864
f 3864 1616 1615
f 3864 1615 3857
f 3865 1594 1612
f 3865 1612 3866
f 3866 1612 1611
f 3866 1611 3867
f 3867 1611 1610
f 3867 1610 3868
f 3868 1610 1587
f 3868 1587 3869
f 3869 1587 1586
f 3869 1586 3861
f 3846 1606 1605
f 3846 1605 3870
f 3870 1605 1604
f 3870 1604 3871
f 3871 1604 1595
f 3871 1595 3872
f 3872 1595 1594
f 3872 1594 3865
f 3866 3867 3851
f 3851 3867 3873
f 3847 3843 3850
f 3850 3843 3844
f 3850 3844 3849
f 3849 3844 3845
f 3849 3845 3848
f 3848 3845 3846
f 3848 3846 3854
f 3854 3846 3870
f 3854 3870 3853
f 3853 3870 3871
f 3853 3871 3852
f 3852 3871 3872
f 3852 3872 3851
f 3851 3872 3865
f 3851 3865 3866
f 3873 3874 3851
f 3851 3874 3875
f 3851 3875 3856
f 3856 3875 3876
f 3856 3876 3855
f 3855 3876 3877
f 3855 3877 3860
f 3860 3877 3878
f 3860 3878 3859
f 3859 3878 3879
f 3859 3879 3858
f 3858 3879 3880
f 3858 3880 3857
f 3857 3880 3881
f 3857 3881 3864
f 3864 3881 3882
f 3864 3882 3863
f 3863 3882 3883
f 3863 3883 3862
f 3862 3883 3884
f 3862 3884 3861
f 3861 3884 3885
f 3861 3885 3869
f 3869 3885 3886
f 3869 3886 3868
f 3868 3886 3887
f 3868 3887 3867
f 3867 3887 3888
f 3867 3888 3873
f 3888 3889 3890
f 3888 3890 3873
f 3873 3890 3891
f 3873 3891 3874
f 3874 3891 3892
f 3874 3892 3875
f 3875 3892 3893
f 3875 3893 3876
f 3876 3893 3894
f 3876 3894 3877
f 3877 3894 3895
f 3877 3895 3878
f 3878 3895 3896
f 3878 3896 3879
f 3879 3896 3897
f 3879 3897 3880
f 3880 3897 3898
f 3880 3898 3881
f 3881 3898 3899
f 3881 3899 3882
f 3882 3899 3900
f 3882 3900 3883
f 3883 3900 3901
f 3883 3901 3884
f 3884 3901 3902
f 3884 3902 3885
f 3885 3902 3903
f 3885 3903 3886
f 3886 3903 3904
f 3886 3904 3887
f 3887 3904 3889
f 3887 3889 3888
f 3905 1730 1744
f 3905 1744 3906
f 3906 1744 1718
f 3906 1718 3907
f 3907 1718 1706
f 3907 1706 3908
f 3905 3909 1730
f 1730 3909 1732
f 3910 1715 1716
f 3910 1716 3911
f 3911 1716 1717
f 3911 1717 3912
f 3912 1717 1733
f 3912 1733 3913
f 3913 1733 1732
f 3913 1732 3909
f 3914 1712 1719
f 3914 1719 3915
f 3915 1719 1711
f 3915 1711 3916
f 3916 1711 1710
f 3916 1710 3917
f 3917 1710 1715
f 3917 1715 3910
f 3918 1720 1714
f 3918 1714 3919
f 3919 1714 1713
f 3919 1713 3920
f 3920 1713 1712
f 3920 1712 3914
f 3921 1731 1709
f 3921 1709 3922
f 3922 1709 1720
f 3922 1720 3918
f 3921 3923 1731
f 1731 3923 1729
f 3924 1740 1736
f 3924 1736 3925
f 3925 1736 1735
f 3925 1735 3926
f 3926 1735 1734
f 3926 1734 3927
f 3927 1734 1729
f 3927 1729 3923
f 3928 1741 1738
f 3928 1738 3929
f 3929 1738 1737
f 3929 1737 3930
f 3930 1737 1739
f 3930 1739 3931
f 3931 1739 1740
f 3931 1740 3924
f 3932 1745 1743
f 3932 1743 3933
f 3933 1743 1742
f 3933 1742 3934
f 3934 1742 1741
f 3934 1741 3928
f 3932 3935 1745
f 1745 3935 1728
f 3936 1751 1750
f 3936 1750 3937
f 3937 1750 1749
f 3937 1749 3938
f 3938 1749 1726
f 3938 1726 3939
f 3939 1726 1728
f 3939 1728 3935
f 3940 1747 1746
f 3940 1746 3941
f 3941 1746 1751
f 3941 1751 3936
f 3942 1721 1752
f 3942 1752 3943
f 3943 1752 1747
f 3943 1747 3940
f 3944 1725 1724
f 3944 1724 3945
f 3945 1724 1722
f 3945 1722 3946
f 3946 1722 1721
f 3946 1721 3942
f 3947 1704 1748
f 3947 1748 3948
f 3948 1748 1723
f 3948 1723 3949
f 3949 1723 1725
f 3949 1725 3944
f 3908 1706 1707
f 3908 1707 3950
f 3950 1707 1708
f 3950 1708 3951
f 3951 1708 1705
f 3951 1705 3952
f 3952 1705 1704
f 3952 1704 3947
f 3944 3921 3922
f 3935 3932 3939
f 3939 3932 3933
f 3939 3933 3938
f 3938 3933 3934
f 3938 3934 3937
f 3937 3934 3928
f 3937 3928 3936
f 3936 3928 3929
f 3936 3929 3941
f 3941 3929 3930
f 3941 3930 3940
f 3940 3930 3931
f 3922 3918 3944
f 3944 3918 3919
f 3944 3919 3949
f 3949 3919 3920
f 3949 3920 3948
f 3948 3920 3914
f 3948 3914 3947
f 3947 3914 3915
f 3947 3915 3952
f 3952 3915 3916
f 3952 3916 3951
f 3951 3916 3917
f 3951 3917 3950
f 3950 3917 3910
f 3950 3910 3908
f 3908 3910 3911
f 3908 3911 3907
f 3907 3911 3912
f 3907 3912 3906
f 3906 3912 3913
f 3906 3913 3905
f 3905 3913 3909
f 3923 3921 3927
f 3927 3921 3944
f 3927 3944 3926
f 3926 3944 3945
f 3926 3945 3925
f 3925 3945 3946
f 3925 3946 3924
f 3924 3946 3942
f 3924 3942 3931
f 3931 3942 3943
f 3931 3943 3940
f 3953 3954 1793
f 1793 3954 1777
f 3954 3955 1777
f 1777 3955 1790
f 3955 3956 1790
f 1790 3956 1753
f 3957 1783 1782
f 3957 1782 3958
f 3958 1782 1757
f 3958 1757 3959
f 3959 1757 1753
f 3959 1753 3956
f 3960 1786 1785
f 3960 1785 3961
f 3961 1785 1783
f 3961 1783 3957
f 3962 1766 1768
f 3962 1768 3963
f 3963 1768 1786
f 3963 1786 3960
f 3964 1769 1767
f 3964 1767 3965
f 3965 1767 1765
f 3965 1765 3966
f 3966 1765 1764
f 3966 1764 3967
f 3967 1764 1766
f 3967 1766 3962
f 3968 1784 1781
f 3968 1781 3969
f 3969 1781 1780
f 3969 1780 3970
f 3970 1780 1779
f 3970 1779 3971
f 3971 1779 1769
f 3971 1769 3964
f 3968 3972 1784
f 1784 3972 1756
f 3973 1794 1789
f 3973 1789 3974
f 3974 1789 1788
f 3974 1788 3975
f 3975 1788 1787
f 3975 1787 3976
f 3976 1787 1756
f 3976 1756 3972
f 3977 1775 1774
f 3977 1774 3978
f 3978 1774 1773
f 3978 1773 3979
f 3979 1773 1795
f 3979 1795 3980
f 3980 1795 1794
f 3980 1794 3973
f 3981 1778 1776
f 3981 1776 3982
f 3982 1776 1775
f 3982 1775 3977
f 3953 1793 1792
f 3953 1792 3983
f 3983 1792 1791
f 3983 1791 3984
f 3984 1791 1778
f 3984 1778 3981
f 3972 3968 3969
f 3972 3969 3976
f 3976 3969 3970
f 3976 3970 3975
f 3975 3970 3971
f 3975 3971 3974
f 3974 3971 3964
f 3974 3964 3973
f 3973 3964 3965
f 3973 3965 3980
f 3980 3965 3966
f 3980 3966 3979
f 3979 3966 3967
f 3979 3967 3978
f 3978 3967 3962
f 3978 3962 3977
f 3958 3959 3956
f 3977 3962 3982
f 3982 3962 3963
f 3982 3963 3981
f 3981 3963 3960
f 3981 3960 3984
f 3955 3954 3956
f 3956 3954 3953
f 3956 3953 3958
f 3958 3953 3983
f 3958 3983 3957
f 3957 3983 3984
f 3957 3984 3961
f 3961 3984 3960
f 3985 3986 1754
f 1754 3986 1755
f 3986 3987 1755
f 1755 3987 1763
f 3987 3988 1763
f 1763 3988 1761
f 3989 1770 1762
f 3989 1762 3990
f 3990 1762 1761
f 3990 1761 3988
f 3989 3991 1770
f 1770 3991 1771
f 3992 1760 1759
f 3992 1759 3993
f 3993 1759 1758
f 3993 1758 3994
f 3994 1758 1772
f 3994 1772 3995
f 3995 1772 1771
f 3995 1771 3991
f 3992 3985 1760
f 1760 3985 1754
f 3994 3995 3988
f 3987 3986 3988
f 3988 3986 3985
f 3988 3995 3990
f 3990 3995 3991
f 3990 3991 3989
f 3994 3988 3993
f 3993 3988 3985
f 3993 3985 3992
f 3996 1559 1573
f 3996 1573 3997
f 3997 1573 1545
f 3997 1545 3998
f 3998 1545 1530
f 3998 1530 3999
f 3996 4000 1559
f 1559 4000 1561
f 4001 1542 1543
f 4001 1543 4002
f 4002 1543 1544
f 4002 1544 4003
f 4003 1544 1562
f 4003 1562 4004
f 4004 1562 1561
f 4004 1561 4000
f 4005 1539 1548
f 4005 1548 4006
f 4006 1548 1538
f 4006 1538 4007
f 4007 1538 1537
f 4007 1537 4008
f 4008 1537 1542
f 4008 1542 4001
f 4009 1549 1541
f 4009 1541 4010
f 4010 1541 1540
f 4010 1540 4011
f 4011 1540 1539
f 4011 1539 4005
f 4012 1560 1536
f 4012 1536 4013
f 4013 1536 1549
f 4013 1549 4009
f 4012 4014 1560
f 1560 4014 1558
f 4015 1569 1565
f 4015 1565 4016
f 4016 1565 1564
f 4016 1564 4017
f 4017 1564 1563
f 4017 1563 4018
f 4018 1563 1558
f 4018 1558 4014
f 4019 1570 1567
f 4019 1567 4020
f 4020 1567 1566
f 4020 1566 4021
f 4021 1566 1568
f 4021 1568 4022
f 4022 1568 1569
f 4022 1569 4015
f 4023 1574 1572
f 4023 1572 4024
f 4024 1572 1571
f 4024 1571 4025
f 4025 1571 1570
f 4025 1570 4019
f 4023 4026 1574
f 1574 4026 1557
f 4027 1581 1579
f 4027 1579 4028
f 4028 1579 1578
f 4028 1578 4029
f 4029 1578 1555
f 4029 1555 4030
f 4030 1555 1557
f 4030 1557 4026
f 4031 1583 1582
f 4031 1582 4032
f 4032 1582 1581
f 4032 1581 4027
f 4033 1550 1584
f 4033 1584 4034
f 4034 1584 1583
f 4034 1583 4031
f 4035 1554 1553
f 4035 1553 4036
f 4036 1553 1551
f 4036 1551 4037
f 4037 1551 1550
f 4037 1550 4033
f 4038 1575 1577
f 4038 1577 4039
f 4039 1577 1552
f 4039 1552 4040
f 4040 1552 1554
f 4040 1554 4035
f 3999 1530 1532
f 3999 1532 4041
f 4041 1532 1534
f 4041 1534 4042
f 4042 1534 1535
f 4042 1535 4043
f 4043 1535 1575
f 4043 1575 4038
f 4035 4012 4013
f 4026 4023 4030
f 4030 4023 4024
f 4030 4024 4029
f 4029 4024 4025
f 4029 4025 4028
f 4028 4025 4019
f 4028 4019 4027
f 4027 4019 4020
f 4027 4020 4032
f 4032 4020 4021
f 4032 4021 4031
f 4031 4021 4022
f 4013 4009 4035
f 4035 4009 4010
f 4035 4010 4040
f 4040 4010 4011
f 4040 4011 4039
f 4039 4011 4005
f 4039 4005 4038
f 4038 4005 4006
f 4038 4006 4043
f 4043 4006 4007
f 4043 4007 4042
f 4042 4007 4008
f 4042 4008 4041
f 4041 4008 4001
f 4041 4001 3999
f 3999 4001 4002
f 3999 4002 3998
f 3998 4002 4003
f 3998 4003 3997
f 3997 4003 4004
f 3997 4004 3996
f 3996 4004 4000
f 4014 4012 4018
f 4018 4012 4035
f 4018 4035 4017
f 4017 4035 4036
f 4017 4036 4016
f 4016 4036 4037
f 4016 4037 4015
f 4015 4037 4033
f 4015 4033 4022
f 4022 4033 4034
f 4022 4034 4031
f 4044 4045 1658
f 1658 4045 1640
f 4045 4046 1640
f 1640 4046 1653
f 4046 4047 1653
f 1653 4047 1654
f 4048 1651 1652
f 4048 1652 4049
f 4049 1652 1655
f 4049 1655 4050
f 4050 1655 1654
f 4050 1654 4047
f 4051 1659 1634
f 4051 1634 4052
f 4052 1634 1651
f 4052 1651 4048
f 4053 1646 1648
f 4053 1648 4054
f 4054 1648 1659
f 4054 1659 4051
f 4055 1649 1647
f 4055 1647 4056
f 4056 1647 1645
f 4056 1645 4057
f 4057 1645 1644
f 4057 1644 4058
f 4058 1644 1646
f 4058 1646 4053
f 4059 1633 1632
f 4059 1632 4060
f 4060 1632 1660
f 4060 1660 4061
f 4061 1660 1650
f 4061 1650 4062
f 4062 1650 1649
f 4062 1649 4055
f 4059 4063 1633
f 1633 4063 1642
f 4064 1663 1662
f 4064 1662 4065
f 4065 1662 1661
f 4065 1661 4066
f 4066 1661 1643
f 4066 1643 4067
f 4067 1643 1642
f 4067 1642 4063
f 4068 1638 1637
f 4068 1637 4069
f 4069 1637 1636
f 4069 1636 4070
f 4070 1636 1635
f 4070 1635 4071
f 4071 1635 1663
f 4071 1663 4064
f 4072 1641 1639
f 4072 1639 4073
f 4073 1639 1638
f 4073 1638 4068
f 4044 1658 1657
f 4044 1657 4074
f 4074 1657 1656
f 4074 1656 4075
f 4075 1656 1641
f 4075 1641 4072
f 4063 4059 4060
f 4063 4060 4067
f 4067 4060 4061
f 4067 4061 4066
f 4066 4061 4062
f 4066 4062 4065
f 4065 4062 4055
f 4065 4055 4064
f 4064 4055 4056
f 4064 4056 4071
f 4071 4056 4057
f 4071 4057 4070
f 4070 4057 4058
f 4070 4058 4069
f 4069 4058 4053
f 4069 4053 4068
f 4049 4050 4047
f 4068 4053 4073
f 4073 4053 4054
f 4073 4054 4072
f 4072 4054 4051
f 4072 4051 4075
f 4046 4045 4047
f 4047 4045 4044
f 4047 4044 4049
f 4049 4044 4074
f 4049 4074 4048
f 4048 4074 4075
f 4048 4075 4052
f 4052 4075 4051
f 4076 1499 1506
f 4076 1506 4077
f 4077 1506 1505
f 4077 1505 4078
f 4078 1505 1503
f 4078 1503 4079
f 4079 1503 1502
f 4079 1502 4080
f 4076 4081 1499
f 1499 4081 1512
f 4082 1517 1514
f 4082 1514 4083
f 4083 1514 1513
f 4083 1513 4084
f 4084 1513 1512
f 4084 1512 4081
f 4085 1495 1494
f 4085 1494 4086
f 4086 1494 1519
f 4086 1519 4087
f 4087 1519 1518
f 4087 1518 4088
f 4088 1518 1517
f 4088 1517 4082
f 4089 1497 1496
f 4089 1496 4090
f 4090 1496 1495
f 4090 1495 4085
f 4091 1501 1500
f 4091 1500 4092
f 4092 1500 1498
f 4092 1498 4093
f 4093 1498 1497
f 4093 1497 4089
f 4094 1529 1528
f 4094 1528 4095
f 4095 1528 1527
f 4095 1527 4096
f 4096 1527 1515
f 4096 1515 4097
f 4097 1515 1501
f 4097 1501 4091
f 4098 1525 1524
f 4098 1524 4099
f 4099 1524 1523
f 4099 1523 4100
f 4100 1523 1521
f 4100 1521 4101
f 4101 1521 1520
f 4101 1520 4102
f 4102 1520 1529
f 4102 1529 4094
f 4080 1502 1508
f 4080 1508 4103
f 4103 1508 1507
f 4103 1507 4104
f 4104 1507 1526
f 4104 1526 4105
f 4105 1526 1525
f 4105 1525 4098
f 4106 4107 4100
f 4081 4076 4077
f 4107 4108 4100
f 4100 4108 4085
f 4100 4085 4099
f 4106 4100 4109
f 4109 4100 4101
f 4109 4101 4110
f 4110 4101 4102
f 4110 4102 4111
f 4108 4112 4085
f 4085 4112 4113
f 4085 4113 4090
f 4090 4113 4114
f 4090 4114 4089
f 4089 4114 4115
f 4089 4115 4093
f 4093 4115 4116
f 4093 4116 4092
f 4092 4116 4117
f 4092 4117 4091
f 4081 4077 4084
f 4084 4077 4078
f 4084 4078 4083
f 4083 4078 4079
f 4083 4079 4082
f 4082 4079 4080
f 4082 4080 4088
f 4088 4080 4103
f 4088 4103 4087
f 4087 4103 4104
f 4087 4104 4086
f 4086 4104 4105
f 4086 4105 4085
f 4085 4105 4098
f 4085 4098 4099
f 4117 4118 4091
f 4091 4118 4119
f 4091 4119 4097
f 4097 4119 4120
f 4097 4120 4096
f 4096 4120 4121
f 4096 4121 4095
f 4095 4121 4111
f 4095 4111 4094
f 4094 4111 4102
f 4107 4122 4123
f 4107 4123 4108
f 4108 4123 4124
f 4108 4124 4112
f 4112 4124 4125
f 4112 4125 4113
f 4113 4125 4126
f 4113 4126 4114
f 4114 4126 4127
f 4114 4127 4115
f 4115 4127 4128
f 4115 4128 4116
f 4116 4128 4129
f 4116 4129 4117
f 4117 4129 4130
f 4117 4130 4118
f 4118 4130 4131
f 4118 4131 4119
f 4119 4131 4132
f 4119 4132 4120
f 4120 4132 4133
f 4120 4133 4121
f 4121 4133 4134
f 4121 4134 4111
f 4111 4134 4135
f 4111 4135 4110
f 4110 4135 4136
f 4110 4136 4109
f 4109 4136 4137
f 4109 4137 4106
f 4106 4137 4122
f 4106 4122 4107
f 4138 4139 1627
f 1627 4139 1628
f 4139 4140 1628
f 1628 4140 1621
f 4140 4141 1621
f 1621 4141 1622
f 4142 1629 1623
f 4142 1623 4143
f 4143 1623 1622
f 4143 1622 4141
f 4142 4144 1629
f 1629 4144 1630
f 4145 1626 1625
f 4145 1625 4146
f 4146 1625 1624
f 4146 1624 4147
f 4147 1624 1631
f 4147 1631 4148
f 4148 1631 1630
f 4148 1630 4144
f 4145 4138 1626
f 1626 4138 1627
f 4147 4148 4141
f 4140 4139 4141
f 4141 4139 4138
f 4141 4148 4143
f 4143 4148 4144
f 4143 4144 4142
f 4147 4141 4146
f 4146 4141 4138
f 4146 4138 4145
f 4149 1482 1481
f 4149 1481 4150
f 4150 1481 1459
f 4150 1459 4151
f 4151 1459 1457
f 4151 1457 4152
f 4152 1457 1456
f 4152 1456 4153
f 4149 4154 1482
f 1482 4154 1455
f 4155 1468 1467
f 4155 1467 4156
f 4156 1467 1466
f 4156 1466 4157
f 4157 1466 1455
f 4157 1455 4154
f 4158 1454 1453
f 4158 1453 4159
f 4159 1453 1480
f 4159 1480 4160
f 4160 1480 1479
f 4160 1479 4161
f 4161 1479 1468
f 4161 1468 4155
f 4162 1493 1471
f 4162 1471 4163
f 4163 1471 1470
f 4163 1470 4164
f 4164 1470 1469
f 4164 1469 4165
f 4165 1469 1454
f 4165 1454 4158
f 4166 1491 1492
f 4166 1492 4167
f 4167 1492 1493
f 4167 1493 4162
f 4166 4168 1491
f 1491 4168 1490
f 4168 4169 1490
f 1490 4169 1489
f 4169 4170 1489
f 1489 4170 1487
f 4170 4171 1487
f 1487 4171 1476
f 4171 4172 1476
f 1476 4172 1474
f 4172 4173 1474
f 1474 4173 1472
f 4174 1475 1473
f 4174 1473 4175
f 4175 1473 1472
f 4175 1472 4173
f 4176 1485 1484
f 4176 1484 4177
f 4177 1484 1478
f 4177 1478 4178
f 4178 1478 1477
f 4178 1477 4179
f 4179 1477 1475
f 4179 1475 4174
f 4180 1465 1486
f 4180 1486 4181
f 4181 1486 1485
f 4181 1485 4176
f 4153 1456 1464
f 4153 1464 4182
f 4182 1464 1465
f 4182 1465 4180
f 4154 4149 4150
f 4171 4170 4172
f 4172 4170 4169
f 4172 4169 4173
f 4173 4169 4168
f 4154 4150 4157
f 4157 4150 4151
f 4157 4151 4156
f 4156 4151 4152
f 4156 4152 4155
f 4155 4152 4153
f 4155 4153 4161
f 4161 4153 4182
f 4161 4182 4160
f 4160 4182 4180
f 4160 4180 4159
f 4159 4180 4181
f 4159 4181 4158
f 4181 4176 4158
f 4158 4176 4177
f 4158 4177 4165
f 4165 4177 4178
f 4165 4178 4164
f 4164 4178 4179
f 4164 4179 4163
f 4163 4179 4174
f 4163 4174 4162
f 4162 4174 4175
f 4162 4175 4167
f 4167 4175 4173
f 4167 4173 4166
f 4166 4173 4168
f 3830 3829 3838
f 3838 3829 3839
f 3827 3826 3828
f 3828 3826 3825
f 3839 3829 3840
f 3840 3829 3828
f 3840 3828 3841
f 3841 3828 3825
f 3841 3825 3842
f 3836 3835 3837
f 3837 3835 3834
f 3830 3838 3831
f 3831 3838 3837
f 3831 3837 3832
f 3832 3837 3834
f 3832 3834 3833
f 3900 3899 3898
f 3889 3901 3900
f 3904 3903 3889
f 3889 3903 3902
f 3889 3902 3901
f 3900 3898 3889
f 3889 3898 3897
f 3889 3897 3890
f 3890 3897 3896
f 3890 3896 3895
f 3892 3891 3893
f 3893 3891 3890
f 3893 3890 3894
f 3894 3890 3895
f 4133 4132 4131
f 4122 4134 4133
f 4137 4136 4122
f 4122 4136 4135
f 4122 4135 4134
f 4133 4131 4122
f 4122 4131 4130
f 4122 4130 4123
f 4123 4130 4129
f 4123 4129 4128
f 4125 4124 4126
f 4126 4124 4123
f 4126 4123 4127
f 4127 4123 4128
f 4183 4184 4185
f 4186 4187 4188
f 4189 4190 4191
f 4192 4193 4194
f 4194 4193 4195
f 4194 4195 4196
f 4190 4189 4197
f 4197 4189 4198
f 4197 4198 4199
f 4199 4198 4200
f 4199 4200 4196
f 4196 4200 4201
f 4196 4201 4194
f 4183 4185 4202
f 4203 4194 4204
f 4203 4205 4194
f 4194 4205 4206
f 4194 4206 4192
f 4192 4206 4207
f 4208 4209 4210
f 4210 4209 4211
f 4210 4211 4212
f 4212 4211 4213
f 4212 4213 4214
f 4214 4213 4215
f 4214 4215 4216
f 4216 4215 4217
f 4216 4217 4218
f 4218 4217 4219
f 4207 4220 4192
f 4192 4220 4221
f 4192 4221 4187
f 4187 4221 4222
f 4187 4222 4188
f 4188 4222 4223
f 4224 4225 4191
f 4225 4226 4191
f 4191 4226 4227
f 4191 4227 4228
f 4191 4229 4224
f 4224 4229 4230
f 4224 4230 4231
f 4231 4230 4232
f 4231 4232 4233
f 4234 4235 4236
f 4236 4235 4237
f 4236 4237 4238
f 4238 4237 4203
f 4238 4203 4239
f 4239 4203 4204
f 4240 4241 4219
f 4219 4241 4242
f 4219 4242 4218
f 4240 4243 4241
f 4241 4243 4244
f 4241 4244 4188
f 4188 4244 4245
f 4188 4245 4186
f 4228 4246 4191
f 4191 4246 4247
f 4191 4247 4189
f 4248 4249 4223
f 4223 4249 4250
f 4223 4250 4188
f 4248 4251 4249
f 4249 4251 4252
f 4249 4252 4253
f 4253 4252 4254
f 4202 4185 4233
f 4233 4185 4255
f 4233 4255 4231
f 4256 4257 4258
f 4259 4260 4261
f 4262 4263 4264
f 4265 4261 4266
f 4267 4268 4269
f 4270 4271 4272
f 4272 4271 4273
f 4272 4273 4257
f 4267 4269 4274
f 4260 4275 4261
f 4261 4275 4276
f 4261 4276 4266
f 4266 4277 4265
f 4265 4277 4278
f 4265 4278 4279
f 4280 4281 4282
f 4259 4261 4269
f 4269 4261 4283
f 4269 4283 4274
f 4284 4285 4286
f 4286 4285 4287
f 4286 4287 4288
f 4288 4287 4269
f 4288 4269 4289
f 4289 4269 4268
f 4279 4290 4265
f 4265 4290 4291
f 4265 4291 4292
f 4264 4293 4262
f 4262 4293 4294
f 4262 4294 4295
f 4295 4294 4265
f 4295 4265 4296
f 4296 4265 4297
f 4298 4258 4299
f 4299 4258 4257
f 4299 4257 4300
f 4300 4257 4273
f 4292 4301 4265
f 4265 4301 4302
f 4265 4302 4297
f 4303 4304 4305
f 4306 4307 4308
f 4308 4307 4309
f 4308 4309 4310
f 4310 4309 4311
f 4310 4311 4281
f 4282 4312 4280
f 4280 4312 4313
f 4280 4313 4314
f 4306 4315 4307
f 4307 4315 4316
f 4307 4316 4303
f 4303 4316 4317
f 4303 4317 4304
f 4261 4318 4283
f 4283 4318 4319
f 4283 4319 4320
f 4320 4319 4321
f 4320 4321 4258
f 4258 4321 4322
f 4258 4322 4256
f 4303 4323 4324
f 4324 4323 4325
f 4324 4325 4326
f 4326 4325 4327
f 4326 4327 4270
f 4270 4327 4328
f 4270 4328 4271
f 4305 4329 4303
f 4303 4329 4330
f 4303 4330 4323
f 4331 4332 4333
f 4281 4280 4310
f 4310 4280 4331
f 4310 4331 4334
f 4334 4331 4333
f 4334 4333 4335
f 4336 4337 4338
f 4338 4337 4339
f 4338 4339 4340
f 4340 4339 4341
f 4341 4339 4342
f 4341 4342 4343
f 4343 4342 4344
f 4343 4344 4345
f 4345 4344 4346
f 4345 4346 4347
f 4347 4346 4348
f 4347 4348 4349
f 4349 4348 4350
f 4349 4350 4351
f 4350 4352 4351
f 4351 4352 4353
f 4351 4353 4354
f 4354 4353 4355
f 4354 4355 4356
f 4356 4355 4357
f 4356 4357 4358
f 4358 4357 4359
f 4358 4359 4360
f 4360 4359 4361
f 4360 4361 4362
f 4362 4361 4363
f 4362 4363 4364
f 4365 4366 4367
f 4367 4366 4368
f 4367 4368 4369
f 4369 4368 4370
f 4369 4370 4371
f 4371 4370 4372
f 4371 4372 4373
f 4373 4372 4364
f 4373 4364 4374
f 4374 4364 4363
f 4375 4376 4377
f 4377 4376 4378
f 4375 4379 4376
f 4376 4379 4380
f 4376 4380 4381
f 4381 4380 4382
f 4381 4382 4365
f 4365 4382 4383
f 4365 4383 4366
f 4384 4385 4386
f 4386 4387 4384
f 4384 4387 4388
f 4384 4388 4389
f 4378 4376 4389
f 4389 4376 4390
f 4389 4390 4384
f 4391 4392 4393
f 4385 4384 4393
f 4393 4384 4394
f 4393 4394 4391
f 4395 4396 4397
f 4398 4399 4400
f 4400 4399 4401
f 4401 4399 4402
f 4401 4402 4403
f 4403 4402 4404
f 4403 4404 4405
f 4405 4404 4223
f 4405 4223 4222
f 4406 4407 4408
f 4408 4407 4409
f 4408 4409 4400
f 4400 4409 4410
f 4400 4410 4398
f 4397 4396 4408
f 4408 4396 4411
f 4408 4411 4406
f 4412 4413 4414
f 4414 4413 4415
f 4414 4415 4397
f 4397 4415 4416
f 4397 4416 4395
f 4417 4418 4419
f 4419 4420 4417
f 4417 4420 4421
f 4417 4421 4412
f 4412 4421 4422
f 4412 4422 4413
f 4423 4424 4425
f 4425 4424 4426
f 4425 4426 4418
f 4418 4426 4427
f 4418 4427 4419
f 4428 4429 4430
f 4430 4429 4431
f 4430 4431 4423
f 4423 4431 4432
f 4423 4432 4424
f 4433 4434 4435
f 4435 4434 4436
f 4435 4436 4437
f 4437 4436 4438
f 4437 4438 4428
f 4428 4438 4439
f 4428 4439 4429
f 4440 4441 4435
f 4435 4441 4442
f 4435 4442 4433
f 4258 4443 4320
f 4320 4443 4444
f 4320 4444 4440
f 4440 4444 4445
f 4440 4445 4441
f 4446 4241 4188
f 4188 4447 4446
f 4446 4447 4448
f 4446 4448 4449
f 4449 4450 4446
f 4446 4450 4451
f 4446 4451 4452
f 4453 4454 4455
f 4456 4308 4310
f 4455 4454 4310
f 4310 4454 4457
f 4310 4457 4456
f 4453 4455 4458
f 4458 4455 4459
f 4458 4459 4460
f 4460 4461 4458
f 4458 4461 4462
f 4458 4462 4463
f 4463 4464 4458
f 4458 4464 4465
f 4458 4465 4466
f 4214 4216 4467
f 4468 4469 4467
f 4467 4469 4470
f 4467 4470 4214
f 4471 4224 4231
f 4391 4394 4472
f 4472 4394 4473
f 4472 4473 4474
f 4475 4476 4473
f 4477 4474 4478
f 4478 4474 4479
f 4477 4480 4474
f 4474 4480 4481
f 4474 4481 4482
f 4297 4483 4296
f 4296 4483 4484
f 4296 4484 4473
f 4473 4484 4485
f 4473 4485 4475
f 4476 4486 4473
f 4473 4486 4487
f 4473 4487 4474
f 4474 4487 4488
f 4474 4488 4479
f 4482 4489 4474
f 4474 4489 4490
f 4474 4490 4231
f 4231 4490 4491
f 4231 4491 4471
f 4474 4231 4255
f 4492 4493 4255
f 4255 4493 4494
f 4255 4494 4474
f 4210 4212 4495
f 4255 4185 4492
f 4492 4185 4184
f 4492 4184 4496
f 4496 4184 4208
f 4496 4208 4497
f 4497 4208 4210
f 4497 4210 4498
f 4498 4210 4495
f 4499 4500 4212
f 4212 4500 4501
f 4212 4501 4495
f 4214 4470 4212
f 4212 4470 4502
f 4212 4502 4499
f 4198 4189 4503
f 4503 4189 4504
f 4503 4504 4505
f 4505 4504 4506
f 4505 4506 4507
f 4507 4506 4508
f 4507 4508 4509
f 4509 4508 4510
f 4509 4510 4511
f 4511 4510 4512
f 4511 4512 4513
f 4513 4512 4514
f 4513 4514 4515
f 4515 4514 4516
f 4515 4516 4517
f 4517 4516 4518
f 4517 4518 4519
f 4519 4518 4520
f 4519 4520 4521
f 4521 4520 4522
f 4521 4522 4523
f 4523 4522 4524
f 4523 4524 4525
f 4525 4524 4526
f 4525 4526 4527
f 4527 4526 4528
f 4527 4528 4529
f 4529 4528 4530
f 4529 4530 4531
f 4531 4530 4532
f 4531 4532 4533
f 4533 4532 4534
f 4533 4534 4535
f 4535 4534 4536
f 4535 4536 4277
f 4277 4536 4278
f 4237 4235 4537
f 4537 4235 4538
f 4537 4538 4539
f 4539 4538 4540
f 4539 4540 4541
f 4541 4540 4542
f 4541 4542 4543
f 4543 4542 4544
f 4543 4544 4545
f 4545 4544 4546
f 4545 4546 4547
f 4547 4546 4548
f 4549 4550 4551
f 4551 4550 4552
f 4551 4552 4553
f 4553 4552 4554
f 4553 4554 4555
f 4555 4554 4556
f 4555 4556 4557
f 4557 4556 4558
f 4557 4558 4548
f 4548 4558 4559
f 4548 4559 4547
f 4284 4286 4560
f 4560 4286 4561
f 4560 4561 4562
f 4562 4561 4563
f 4562 4563 4564
f 4564 4563 4565
f 4564 4565 4566
f 4566 4565 4567
f 4566 4567 4549
f 4549 4567 4568
f 4549 4568 4550
f 4234 4236 4569
f 4569 4236 4570
f 4569 4570 4571
f 4571 4570 4572
f 4571 4572 4573
f 4573 4572 4574
f 4573 4574 4575
f 4575 4574 4576
f 4575 4576 4577
f 4287 4285 4578
f 4578 4285 4579
f 4578 4579 4580
f 4580 4579 4581
f 4580 4581 4582
f 4582 4581 4583
f 4582 4583 4584
f 4584 4583 4585
f 4584 4585 4586
f 4586 4585 4587
f 4586 4587 4588
f 4588 4587 4589
f 4576 4590 4577
f 4577 4590 4591
f 4577 4591 4592
f 4592 4591 4593
f 4592 4593 4594
f 4594 4593 4595
f 4594 4595 4596
f 4596 4595 4597
f 4596 4597 4598
f 4598 4597 4599
f 4598 4599 4589
f 4589 4599 4600
f 4589 4600 4588
f 4601 4602 4603
f 4603 4602 4604
f 4603 4604 4605
f 4605 4604 4606
f 4605 4606 4607
f 4607 4606 4608
f 4607 4608 4609
f 4609 4608 4610
f 4609 4610 4611
f 4611 4610 4612
f 4611 4612 4613
f 4613 4612 4614
f 4613 4614 4615
f 4615 4614 4616
f 4615 4616 4617
f 4617 4616 4618
f 4617 4618 4619
f 4619 4618 4620
f 4619 4620 4621
f 4621 4620 4622
f 4621 4622 4623
f 4623 4622 4624
f 4623 4624 4625
f 4625 4624 4626
f 4329 4305 4627
f 4627 4305 4304
f 4627 4304 4317
f 4627 4628 4629
f 4627 4629 4329
f 4329 4629 4630
f 4329 4630 4330
f 4330 4630 4631
f 4330 4631 4323
f 4323 4631 4325
f 4325 4631 4632
f 4325 4632 4327
f 4327 4632 4633
f 4327 4633 4328
f 4328 4633 4634
f 4328 4634 4635
f 4635 4636 4328
f 4328 4636 4637
f 4328 4637 4271
f 4638 4639 4628
f 4308 4456 4306
f 4306 4456 4638
f 4306 4638 4640
f 4640 4638 4628
f 4641 4639 4642
f 4642 4639 4638
f 4642 4638 4457
f 4457 4638 4456
f 4315 4643 4316
f 4316 4643 4627
f 4316 4627 4317
f 4315 4306 4643
f 4643 4306 4640
f 4643 4640 4627
f 4627 4640 4628
f 4644 4300 4273
f 4300 4644 4299
f 4299 4644 4645
f 4299 4645 4298
f 4298 4645 4443
f 4298 4443 4258
f 4444 4443 4646
f 4646 4443 4645
f 4646 4645 4647
f 4647 4645 4644
f 4635 4647 4636
f 4636 4647 4644
f 4636 4644 4637
f 4637 4644 4273
f 4637 4273 4271
f 4445 4444 4648
f 4648 4444 4646
f 4648 4646 4649
f 4649 4646 4647
f 4649 4647 4650
f 4650 4647 4635
f 4402 4399 4651
f 4248 4223 4404
f 4248 4404 4251
f 4251 4404 4652
f 4251 4652 4252
f 4252 4652 4653
f 4252 4653 4254
f 4254 4653 4253
f 4253 4653 4654
f 4253 4654 4249
f 4249 4654 4250
f 4250 4654 4447
f 4250 4447 4188
f 4399 4398 4651
f 4651 4398 4655
f 4651 4655 4656
f 4656 4655 4657
f 4656 4657 4658
f 4658 4657 4659
f 4658 4659 4448
f 4448 4659 4449
f 4404 4402 4652
f 4652 4402 4651
f 4652 4651 4653
f 4653 4651 4656
f 4653 4656 4654
f 4654 4656 4658
f 4654 4658 4447
f 4447 4658 4448
f 4260 4259 4660
f 4269 4287 4578
f 4239 4204 4661
f 4194 4201 4662
f 4200 4198 4503
f 4239 4661 4238
f 4266 4276 4663
f 4663 4276 4275
f 4201 4200 4662
f 4662 4200 4503
f 4662 4503 4664
f 4664 4503 4505
f 4664 4505 4665
f 4665 4505 4507
f 4665 4507 4666
f 4666 4507 4509
f 4666 4509 4667
f 4667 4509 4511
f 4667 4511 4668
f 4668 4511 4513
f 4668 4513 4669
f 4669 4513 4515
f 4669 4515 4670
f 4670 4515 4517
f 4670 4517 4671
f 4671 4517 4519
f 4671 4519 4672
f 4672 4519 4521
f 4672 4521 4673
f 4673 4521 4523
f 4673 4523 4674
f 4674 4523 4525
f 4674 4525 4675
f 4675 4525 4527
f 4675 4527 4676
f 4676 4527 4529
f 4676 4529 4677
f 4677 4529 4531
f 4677 4531 4678
f 4678 4531 4533
f 4678 4533 4663
f 4663 4533 4535
f 4663 4535 4266
f 4266 4535 4277
f 4204 4194 4661
f 4661 4194 4662
f 4661 4662 4679
f 4679 4662 4664
f 4679 4664 4680
f 4680 4664 4665
f 4680 4665 4681
f 4681 4665 4666
f 4681 4666 4682
f 4682 4666 4667
f 4682 4667 4683
f 4683 4667 4668
f 4683 4668 4684
f 4684 4668 4669
f 4684 4669 4685
f 4685 4669 4670
f 4685 4670 4686
f 4686 4670 4671
f 4686 4671 4687
f 4687 4671 4672
f 4687 4672 4688
f 4688 4672 4673
f 4688 4673 4689
f 4689 4673 4674
f 4689 4674 4690
f 4690 4674 4675
f 4690 4675 4691
f 4691 4675 4676
f 4691 4676 4692
f 4692 4676 4677
f 4692 4677 4693
f 4693 4677 4678
f 4693 4678 4660
f 4660 4678 4663
f 4660 4663 4260
f 4260 4663 4275
f 4236 4238 4570
f 4570 4238 4661
f 4570 4661 4572
f 4572 4661 4679
f 4572 4679 4574
f 4574 4679 4680
f 4574 4680 4576
f 4576 4680 4681
f 4576 4681 4590
f 4590 4681 4682
f 4590 4682 4591
f 4591 4682 4683
f 4591 4683 4593
f 4593 4683 4684
f 4593 4684 4595
f 4595 4684 4685
f 4595 4685 4597
f 4597 4685 4686
f 4597 4686 4599
f 4599 4686 4687
f 4599 4687 4600
f 4600 4687 4688
f 4600 4688 4588
f 4588 4688 4689
f 4588 4689 4586
f 4586 4689 4690
f 4586 4690 4584
f 4584 4690 4691
f 4584 4691 4582
f 4582 4691 4692
f 4582 4692 4580
f 4580 4692 4693
f 4580 4693 4578
f 4578 4693 4660
f 4578 4660 4269
f 4269 4660 4259
f 4694 4695 4696
f 4697 4698 4699
f 4700 4569 4571
f 4701 4702 4703
f 4703 4702 4704
f 4703 4704 4705
f 4706 4707 4708
f 4581 4579 4709
f 4700 4571 4698
f 4697 4699 4695
f 4705 4626 4703
f 4703 4626 4624
f 4703 4624 4710
f 4710 4624 4622
f 4710 4622 4711
f 4711 4622 4620
f 4711 4620 4712
f 4712 4620 4618
f 4712 4618 4713
f 4713 4618 4616
f 4713 4616 4714
f 4714 4616 4614
f 4714 4614 4715
f 4715 4614 4612
f 4715 4612 4716
f 4716 4612 4610
f 4716 4610 4717
f 4717 4610 4608
f 4717 4608 4718
f 4718 4608 4606
f 4718 4606 4719
f 4719 4606 4604
f 4719 4604 4720
f 4720 4604 4602
f 4720 4602 4696
f 4696 4602 4721
f 4696 4721 4694
f 4695 4699 4696
f 4696 4699 4722
f 4696 4722 4720
f 4720 4722 4723
f 4720 4723 4719
f 4719 4723 4724
f 4719 4724 4718
f 4718 4724 4725
f 4718 4725 4717
f 4717 4725 4726
f 4717 4726 4716
f 4716 4726 4727
f 4716 4727 4715
f 4715 4727 4728
f 4715 4728 4714
f 4714 4728 4729
f 4714 4729 4713
f 4713 4729 4730
f 4713 4730 4712
f 4712 4730 4731
f 4712 4731 4711
f 4711 4731 4732
f 4711 4732 4710
f 4710 4732 4708
f 4710 4708 4703
f 4703 4708 4707
f 4703 4707 4701
f 4698 4571 4699
f 4699 4571 4573
f 4699 4573 4722
f 4722 4573 4575
f 4722 4575 4723
f 4723 4575 4577
f 4723 4577 4724
f 4724 4577 4592
f 4724 4592 4725
f 4725 4592 4594
f 4725 4594 4726
f 4726 4594 4596
f 4726 4596 4727
f 4727 4596 4598
f 4727 4598 4728
f 4728 4598 4589
f 4728 4589 4729
f 4729 4589 4587
f 4729 4587 4730
f 4730 4587 4585
f 4730 4585 4731
f 4731 4585 4583
f 4731 4583 4732
f 4732 4583 4581
f 4732 4581 4708
f 4708 4581 4709
f 4708 4709 4706
f 4288 4289 4733
f 4267 4274 4734
f 4283 4320 4440
f 4206 4205 4735
f 4203 4237 4537
f 4221 4220 4736
f 4736 4220 4207
f 4267 4734 4268
f 4205 4203 4735
f 4735 4203 4537
f 4735 4537 4737
f 4737 4537 4539
f 4737 4539 4738
f 4738 4539 4541
f 4738 4541 4739
f 4739 4541 4543
f 4739 4543 4740
f 4740 4543 4545
f 4740 4545 4741
f 4741 4545 4547
f 4741 4547 4742
f 4742 4547 4559
f 4742 4559 4743
f 4743 4559 4558
f 4743 4558 4744
f 4744 4558 4556
f 4744 4556 4745
f 4745 4556 4554
f 4745 4554 4746
f 4746 4554 4552
f 4746 4552 4747
f 4747 4552 4550
f 4747 4550 4748
f 4748 4550 4568
f 4748 4568 4749
f 4749 4568 4567
f 4749 4567 4750
f 4750 4567 4565
f 4750 4565 4751
f 4751 4565 4563
f 4751 4563 4733
f 4733 4563 4561
f 4733 4561 4288
f 4288 4561 4286
f 4207 4206 4736
f 4736 4206 4735
f 4736 4735 4752
f 4752 4735 4737
f 4752 4737 4753
f 4753 4737 4738
f 4753 4738 4754
f 4754 4738 4739
f 4754 4739 4755
f 4755 4739 4740
f 4755 4740 4756
f 4756 4740 4741
f 4756 4741 4757
f 4757 4741 4742
f 4757 4742 4758
f 4758 4742 4743
f 4758 4743 4759
f 4759 4743 4744
f 4759 4744 4760
f 4760 4744 4745
f 4760 4745 4761
f 4761 4745 4746
f 4761 4746 4762
f 4762 4746 4747
f 4762 4747 4763
f 4763 4747 4748
f 4763 4748 4764
f 4764 4748 4749
f 4764 4749 4765
f 4765 4749 4750
f 4765 4750 4766
f 4766 4750 4751
f 4766 4751 4734
f 4734 4751 4733
f 4734 4733 4268
f 4268 4733 4289
f 4222 4221 4405
f 4405 4221 4736
f 4405 4736 4403
f 4403 4736 4752
f 4403 4752 4401
f 4401 4752 4753
f 4401 4753 4400
f 4400 4753 4754
f 4400 4754 4408
f 4408 4754 4755
f 4408 4755 4397
f 4397 4755 4756
f 4397 4756 4414
f 4414 4756 4757
f 4414 4757 4412
f 4412 4757 4758
f 4412 4758 4417
f 4417 4758 4759
f 4417 4759 4418
f 4418 4759 4760
f 4418 4760 4425
f 4425 4760 4761
f 4425 4761 4423
f 4423 4761 4762
f 4423 4762 4430
f 4430 4762 4763
f 4430 4763 4428
f 4428 4763 4764
f 4428 4764 4437
f 4437 4764 4765
f 4437 4765 4435
f 4435 4765 4766
f 4435 4766 4440
f 4440 4766 4734
f 4440 4734 4283
f 4283 4734 4274
f 4767 4768 4769
f 4770 4771 4772
f 4773 4774 4775
f 4776 4560 4562
f 4768 4777 4769
f 4769 4777 4778
f 4769 4778 4779
f 4767 4780 4781
f 4781 4780 4782
f 4540 4538 4782
f 4782 4780 4540
f 4540 4780 4783
f 4540 4783 4542
f 4542 4783 4784
f 4542 4784 4544
f 4544 4784 4785
f 4544 4785 4546
f 4546 4785 4786
f 4546 4786 4548
f 4548 4786 4787
f 4548 4787 4557
f 4557 4787 4788
f 4557 4788 4555
f 4555 4788 4789
f 4555 4789 4553
f 4553 4789 4790
f 4553 4790 4551
f 4551 4790 4791
f 4551 4791 4549
f 4549 4791 4792
f 4549 4792 4566
f 4566 4792 4793
f 4566 4793 4564
f 4564 4793 4775
f 4564 4775 4562
f 4562 4775 4774
f 4562 4774 4776
f 4767 4769 4780
f 4780 4769 4794
f 4780 4794 4783
f 4783 4794 4795
f 4783 4795 4784
f 4784 4795 4796
f 4784 4796 4785
f 4785 4796 4797
f 4785 4797 4786
f 4786 4797 4798
f 4786 4798 4787
f 4787 4798 4799
f 4787 4799 4788
f 4788 4799 4800
f 4788 4800 4789
f 4789 4800 4801
f 4789 4801 4790
f 4790 4801 4802
f 4790 4802 4791
f 4791 4802 4803
f 4791 4803 4792
f 4792 4803 4804
f 4792 4804 4793
f 4793 4804 4772
f 4793 4772 4775
f 4775 4772 4771
f 4775 4771 4773
f 4779 4601 4769
f 4769 4601 4603
f 4769 4603 4794
f 4794 4603 4605
f 4794 4605 4795
f 4795 4605 4607
f 4795 4607 4796
f 4796 4607 4609
f 4796 4609 4797
f 4797 4609 4611
f 4797 4611 4798
f 4798 4611 4613
f 4798 4613 4799
f 4799 4613 4615
f 4799 4615 4800
f 4800 4615 4617
f 4800 4617 4801
f 4801 4617 4619
f 4801 4619 4802
f 4802 4619 4621
f 4802 4621 4803
f 4803 4621 4623
f 4803 4623 4804
f 4804 4623 4625
f 4804 4625 4772
f 4772 4625 4805
f 4772 4805 4770
f 4279 4278 4536
f 4247 4246 4806
f 4228 4227 4807
f 4227 4226 4471
f 4471 4226 4225
f 4471 4225 4224
f 4228 4807 4246
f 4483 4297 4302
f 4227 4471 4807
f 4807 4471 4491
f 4807 4491 4808
f 4808 4491 4490
f 4808 4490 4809
f 4809 4490 4489
f 4809 4489 4810
f 4810 4489 4482
f 4810 4482 4811
f 4811 4482 4481
f 4811 4481 4812
f 4812 4481 4480
f 4812 4480 4813
f 4813 4480 4477
f 4813 4477 4814
f 4814 4477 4478
f 4814 4478 4815
f 4815 4478 4479
f 4815 4479 4816
f 4816 4479 4488
f 4816 4488 4817
f 4817 4488 4487
f 4817 4487 4818
f 4818 4487 4486
f 4818 4486 4819
f 4819 4486 4476
f 4819 4476 4820
f 4820 4476 4475
f 4820 4475 4821
f 4821 4475 4485
f 4821 4485 4822
f 4822 4485 4484
f 4822 4484 4823
f 4823 4484 4483
f 4823 4483 4301
f 4301 4483 4302
f 4246 4807 4806
f 4806 4807 4808
f 4806 4808 4824
f 4824 4808 4809
f 4824 4809 4825
f 4825 4809 4810
f 4825 4810 4826
f 4826 4810 4811
f 4826 4811 4827
f 4827 4811 4812
f 4827 4812 4828
f 4828 4812 4813
f 4828 4813 4829
f 4829 4813 4814
f 4829 4814 4830
f 4830 4814 4815
f 4830 4815 4831
f 4831 4815 4816
f 4831 4816 4832
f 4832 4816 4817
f 4832 4817 4833
f 4833 4817 4818
f 4833 4818 4834
f 4834 4818 4819
f 4834 4819 4835
f 4835 4819 4820
f 4835 4820 4836
f 4836 4820 4821
f 4836 4821 4837
f 4837 4821 4822
f 4837 4822 4838
f 4838 4822 4823
f 4838 4823 4839
f 4839 4823 4301
f 4839 4301 4291
f 4291 4301 4292
f 4290 4279 4291
f 4291 4279 4536
f 4291 4536 4839
f 4839 4536 4534
f 4839 4534 4838
f 4838 4534 4532
f 4838 4532 4837
f 4837 4532 4530
f 4837 4530 4836
f 4836 4530 4528
f 4836 4528 4835
f 4835 4528 4526
f 4835 4526 4834
f 4834 4526 4524
f 4834 4524 4833
f 4833 4524 4522
f 4833 4522 4832
f 4832 4522 4520
f 4832 4520 4831
f 4831 4520 4518
f 4831 4518 4830
f 4830 4518 4516
f 4830 4516 4829
f 4829 4516 4514
f 4829 4514 4828
f 4828 4514 4512
f 4828 4512 4827
f 4827 4512 4510
f 4827 4510 4826
f 4826 4510 4508
f 4826 4508 4825
f 4825 4508 4506
f 4825 4506 4824
f 4824 4506 4504
f 4824 4504 4806
f 4806 4504 4189
f 4806 4189 4247
f 4840 4841 4842
f 4843 4840 4844
f 4844 4840 4842
f 4844 4842 4845
f 4845 4842 4846
f 4847 4848 4849
f 4849 4848 4850
f 4849 4850 4851
f 4851 4850 4852
f 4851 4852 4840
f 4840 4852 4853
f 4840 4853 4841
f 4854 4846 4855
f 4855 4846 4842
f 4855 4842 4856
f 4856 4842 4857
f 4856 4857 4858
f 4859 4860 4857
f 4857 4860 4861
f 4857 4861 4858
f 4859 4862 4860
f 4860 4862 4863
f 4860 4863 4864
f 4864 4865 4860
f 4860 4865 4866
f 4860 4866 4867
f 4867 4866 4868
f 4869 4870 4871
f 4872 4873 4629
f 4872 4629 4874
f 4641 4875 4639
f 4639 4875 4874
f 4639 4874 4628
f 4628 4874 4629
f 4635 4634 4876
f 4876 4634 4633
f 4876 4633 4877
f 4878 4879 4880
f 4873 4869 4629
f 4629 4869 4871
f 4629 4871 4630
f 4630 4871 4881
f 4630 4881 4631
f 4631 4881 4882
f 4631 4882 4632
f 4632 4882 4883
f 4632 4883 4633
f 4633 4883 4884
f 4633 4884 4877
f 4877 4884 4885
f 4877 4885 4886
f 4886 4885 4878
f 4886 4878 4887
f 4887 4878 4880
f 4888 4889 4890
f 4891 4892 4888
f 4890 4893 4888
f 4888 4893 4894
f 4888 4894 4891
f 4891 4894 4895
f 4891 4895 4896
f 4896 4895 4897
f 4896 4897 4878
f 4878 4897 4898
f 4878 4898 4879
f 4899 4900 4901
f 4899 4901 4902
f 4902 4901 4903
f 4902 4903 4904
f 4904 4903 4905
f 4904 4905 4889
f 4889 4905 4906
f 4889 4906 4890
f 4907 4908 4909
f 4909 4908 4910
f 4910 4911 4909
f 4909 4911 4912
f 4909 4912 4913
f 4914 4915 4909
f 4909 4915 4916
f 4909 4916 4907
f 4902 4917 4899
f 4899 4917 4918
f 4899 4918 4913
f 4913 4918 4919
f 4913 4919 4909
f 4909 4919 4920
f 4909 4920 4914
f 4921 4875 4641
f 4921 4641 4922
f 4923 4924 4641
f 4641 4924 4925
f 4641 4925 4922
f 4926 4927 4928
f 4928 4927 4929
f 4928 4929 4930
f 4930 4931 4928
f 4928 4931 4932
f 4928 4932 4933
f 4933 4934 4928
f 4928 4934 4935
f 4928 4935 4936
f 4937 4928 4936
f 4938 4939 4940
f 4941 4942 4943
f 4941 4943 4944
f 4944 4943 4945
f 4944 4945 4946
f 4945 4947 4946
f 4946 4947 4948
f 4946 4948 4949
f 4949 4948 4950
f 4949 4950 4951
f 4951 4950 4952
f 4950 4953 4952
f 4952 4953 4954
f 4952 4954 4955
f 4955 4954 4956
f 4954 4957 4956
f 4956 4957 4958
f 4956 4958 4959
f 4938 4940 4958
f 4958 4940 4960
f 4958 4960 4959
f 4961 4962 4939
f 4939 4962 4963
f 4939 4963 4940
f 4939 4964 4961
f 4961 4964 4965
f 4961 4965 4966
f 4966 4965 4936
f 4965 4967 4936
f 4936 4967 4968
f 4936 4968 4969
f 4969 4970 4936
f 4936 4970 4971
f 4936 4971 4937
f 4972 4973 4974
f 4975 4976 4977
f 4977 4976 4978
f 4977 4978 4979
f 4979 4978 4980
f 4972 4974 4981
f 4981 4974 4982
f 4981 4982 4983
f 4980 4978 4982
f 4982 4978 4984
f 4982 4984 4983
f 4985 4986 4973
f 4973 4986 4987
f 4973 4987 4974
f 4973 4988 4985
f 4985 4988 4989
f 4985 4989 4990
f 4990 4989 4991
f 4990 4991 4992
f 4992 4991 4993
f 4992 4993 4994
f 4994 4993 4995
f 4994 4995 4996
f 4996 4995 4997
f 4996 4997 4998
f 4998 4997 4999
f 4998 4999 5000
f 5000 4999 5001
f 5000 5001 5002
f 5002 5001 4446
f 5002 4446 5003
f 5003 4446 4452
f 4923 4641 5004
f 5004 4641 4642
f 5004 4642 5005
f 5005 4642 5006
f 5006 4642 4457
f 5006 4457 4454
f 5007 5008 5009
f 4450 4449 5010
f 5011 4452 4451
f 4912 5011 5012
f 5011 4451 5012
f 5012 4451 4450
f 5012 4450 5007
f 5007 4450 5010
f 5007 5010 5008
f 4912 5012 4913
f 4913 5012 5007
f 4913 5007 4899
f 4899 5007 5009
f 4899 5009 4900
f 5013 4974 4987
f 4918 5013 5014
f 5013 4987 5014
f 5014 4987 4986
f 5014 4986 5015
f 5015 4986 4985
f 5015 4985 5016
f 5016 4985 4990
f 5016 4990 5017
f 4990 4992 5017
f 5017 4992 4994
f 5017 4994 5018
f 5018 4994 4996
f 5018 4996 5019
f 5019 4996 4998
f 5019 4998 5020
f 4998 5000 5020
f 5020 5000 5002
f 5020 5002 5021
f 5021 5002 5003
f 5021 5003 5022
f 5022 5003 4452
f 5022 4452 5011
f 4918 5014 4919
f 4919 5014 5015
f 4919 5015 4920
f 4920 5015 5016
f 4920 5016 4914
f 4914 5016 5017
f 4914 5017 4915
f 4915 5017 5018
f 4915 5018 4916
f 4916 5018 5019
f 4916 5019 4907
f 4907 5019 5020
f 4907 5020 4908
f 4908 5020 5021
f 4908 5021 4910
f 4910 5021 5022
f 4910 5022 4911
f 4911 5022 5011
f 4911 5011 4912
f 5023 5024 5025
f 5025 5024 4888
f 5025 4888 4892
f 5013 4918 4917
f 4974 5013 5026
f 5013 4917 5026
f 5026 4917 4902
f 5026 4902 5027
f 5027 4902 4904
f 5027 4904 5028
f 5028 4904 5024
f 5024 4904 4889
f 5024 4889 4888
f 4974 5026 4982
f 4982 5026 5027
f 4982 5027 4980
f 4980 5027 5028
f 4980 5028 4979
f 4979 5028 5024
f 4979 5024 4977
f 4977 5024 5023
f 4977 5023 4975
f 4368 4936 4370
f 4370 4936 4935
f 5029 5030 4336
f 4336 5030 5031
f 4336 5031 5032
f 5033 5034 5031
f 5031 5034 5035
f 5031 5035 5032
f 5029 4336 5036
f 5036 4336 4338
f 5036 4338 4926
f 4926 4338 4927
f 4927 4338 4340
f 4927 4340 4929
f 4340 4341 4929
f 4929 4341 4343
f 4929 4343 4930
f 4343 4345 4930
f 4930 4345 4347
f 4930 4347 4931
f 4347 4349 4931
f 4931 4349 4351
f 4931 4351 4932
f 4351 4354 4932
f 4932 4354 4356
f 4932 4356 4933
f 4356 4358 4933
f 4933 4358 4360
f 4933 4360 4934
f 4360 4362 4934
f 4934 4362 4364
f 4934 4364 4935
f 4935 4364 4372
f 4935 4372 4370
f 5037 4941 4944
f 5038 4393 5039
f 5039 4393 4392
f 5039 4392 5040
f 5038 5037 4393
f 4393 5037 4944
f 4393 4944 4385
f 4385 4944 4946
f 4385 4946 4386
f 4386 4946 4949
f 4386 4949 4387
f 4949 4951 4387
f 4387 4951 4952
f 4387 4952 4388
f 4388 4952 4955
f 4388 4955 4389
f 4955 4956 4389
f 4389 4956 4959
f 4389 4959 4378
f 4378 4959 4960
f 4961 4382 4962
f 4962 4382 4380
f 4962 4380 4963
f 4963 4380 4379
f 4963 4379 4940
f 4940 4379 4375
f 4940 4375 4960
f 4960 4375 4377
f 4960 4377 4378
f 4936 4368 4966
f 4966 4368 4366
f 4966 4366 4961
f 4961 4366 4383
f 4961 4383 4382
f 5041 5042 5043
f 5044 5045 5046
f 5047 4870 4869
f 5047 4869 5048
f 5045 5049 5050
f 5050 5049 5051
f 5050 5051 5052
f 5053 5054 5055
f 5055 5054 5056
f 5044 5046 5056
f 5057 5058 5059
f 5059 5058 5053
f 5057 4947 5060
f 5060 4947 4945
f 5060 4945 5061
f 5061 4945 4943
f 5045 5050 5046
f 5046 5050 5062
f 5046 5062 5063
f 5063 5062 5064
f 5063 5064 5065
f 5065 5064 5066
f 5065 5066 5067
f 4875 5066 4874
f 4874 5066 5064
f 4874 5064 4872
f 4872 5064 5062
f 4872 5062 4873
f 4873 5062 5050
f 4873 5050 4869
f 4869 5050 5052
f 4869 5052 5048
f 4875 5068 5066
f 5066 5068 5069
f 5066 5069 5067
f 5067 5069 5070
f 5067 5070 5071
f 5056 5046 5055
f 5055 5046 5063
f 5055 5063 5072
f 5072 5063 5065
f 5072 5065 5073
f 5073 5065 5067
f 5073 5067 5074
f 5074 5067 5071
f 5074 5071 5075
f 5053 5055 5059
f 5059 5055 5072
f 5059 5072 5076
f 5076 5072 5073
f 5076 5073 5077
f 5077 5073 5074
f 5077 5074 5043
f 5043 5074 5075
f 5043 5075 5041
f 5057 5059 4947
f 4947 5059 5076
f 4947 5076 4948
f 4948 5076 5077
f 4948 5077 4950
f 4950 5077 5043
f 4950 5043 4953
f 4953 5043 5042
f 4953 5042 4954
f 5078 4967 4965
f 5079 5080 5081
f 4923 5079 5082
f 5078 4965 5083
f 5083 4965 4964
f 5083 4964 5084
f 5084 4964 4939
f 5084 4939 5085
f 5085 4939 4938
f 5085 4938 5086
f 5079 5081 5082
f 5082 5081 5087
f 5082 5087 5088
f 5088 5087 5089
f 5088 5089 5090
f 5090 5089 5091
f 5090 5091 5092
f 4938 4958 5086
f 5086 4958 4957
f 5086 4957 4954
f 4954 5042 5086
f 5086 5042 5041
f 5086 5041 5075
f 5075 5091 5086
f 5086 5091 5089
f 5086 5089 5085
f 5085 5089 5087
f 5085 5087 5084
f 5084 5087 5081
f 5084 5081 5083
f 5083 5081 5080
f 5083 5080 5078
f 5075 5071 5091
f 5091 5071 5070
f 5091 5070 5092
f 5092 5070 5069
f 5092 5069 5068
f 4923 5082 4924
f 4924 5082 5088
f 4924 5088 4925
f 4925 5088 5090
f 4925 5090 4922
f 4922 5090 5092
f 4922 5092 4921
f 4921 5092 5068
f 4921 5068 4875
f 4968 4967 5093
f 5093 4967 5078
f 5093 5078 5094
f 5094 5078 5080
f 5094 5080 5095
f 5095 5080 5079
f 5095 5079 5004
f 5004 5079 4923
f 4969 4968 5096
f 5096 4968 5093
f 5096 5093 5097
f 5097 5093 5094
f 5097 5094 5098
f 5098 5094 5095
f 5098 5095 5005
f 5005 5095 5004
f 4970 4969 5099
f 5099 4969 5096
f 5099 5096 5100
f 5100 5096 5097
f 5100 5097 5101
f 5101 5097 5098
f 5101 5098 5006
f 5006 5098 5005
f 4971 4970 5102
f 5102 4970 5099
f 5102 5099 5103
f 5103 5099 5100
f 5103 5100 5104
f 5104 5100 5101
f 5104 5101 4454
f 4454 5101 5006
f 4937 4971 5105
f 5105 4971 5102
f 5105 5102 5106
f 5106 5102 5103
f 5106 5103 5107
f 5107 5103 5104
f 4458 5107 4453
f 4453 5107 5104
f 4453 5104 4454
f 4458 5108 5107
f 5107 5108 5109
f 5107 5109 5106
f 5106 5109 5110
f 5106 5110 5105
f 4928 4937 5111
f 5111 4937 5105
f 5111 5105 5112
f 5112 5105 5110
f 5112 5029 5036
f 5112 5036 5111
f 5111 5036 4926
f 5111 4926 4928
f 5029 5112 5030
f 5030 5112 5110
f 5030 5110 5109
f 5108 4458 4466
f 4466 5113 5108
f 5108 5113 5033
f 5108 5033 5109
f 5109 5033 5031
f 5109 5031 5030
f 4650 4635 4876
f 4649 4650 5114
f 4648 4649 5115
f 4445 4648 5116
f 4438 4436 5117
f 5117 4436 4434
f 5117 4434 5118
f 5118 4434 4433
f 5118 4433 5119
f 5119 4433 4442
f 5119 4442 5116
f 5116 4442 4441
f 5116 4441 4445
f 4438 5117 4439
f 4439 5117 5120
f 4439 5120 5121
f 5122 4426 5123
f 5123 4426 4424
f 5123 4424 5124
f 5124 4424 4432
f 5124 4432 5125
f 5125 4432 4431
f 5125 4431 5121
f 5121 4431 4429
f 5121 4429 4439
f 4420 4419 5122
f 5122 4419 4427
f 5122 4427 4426
f 5122 5126 4420
f 4420 5126 5127
f 4420 5127 4421
f 4421 5127 5128
f 4650 4876 5114
f 5114 4876 4877
f 5114 4877 5129
f 5129 4877 4886
f 5129 4886 5130
f 5130 4886 4887
f 5130 4887 5131
f 5131 4887 4880
f 5131 4880 5132
f 5132 4880 4879
f 5132 4879 5133
f 5133 4879 4898
f 5133 4898 5134
f 5134 4898 4897
f 5134 4897 5135
f 5135 4897 4895
f 5135 4895 5136
f 5136 4895 4894
f 5136 4894 5137
f 5137 4894 4893
f 5137 4893 5138
f 5138 4893 4890
f 5138 4890 5139
f 5139 4890 4906
f 5139 4906 5140
f 5140 4906 4905
f 5140 4905 5141
f 5141 4905 4903
f 5141 4903 5142
f 5142 4903 4901
f 5142 4901 5143
f 4649 5114 5115
f 5115 5114 5129
f 5115 5129 5144
f 5144 5129 5130
f 5144 5130 5145
f 5145 5130 5131
f 5145 5131 5146
f 5146 5131 5132
f 5146 5132 5147
f 5147 5132 5133
f 5147 5133 5148
f 5148 5133 5134
f 5148 5134 5149
f 5149 5134 5135
f 5149 5135 5150
f 5150 5135 5136
f 5150 5136 5151
f 5151 5136 5137
f 5151 5137 5152
f 5152 5137 5138
f 5152 5138 5153
f 5153 5138 5139
f 5153 5139 5154
f 5154 5139 5140
f 5154 5140 5155
f 5155 5140 5141
f 5155 5141 5156
f 5156 5141 5142
f 5156 5142 5157
f 5157 5142 5143
f 5157 5143 5158
f 4648 5115 5116
f 5116 5115 5144
f 5116 5144 5119
f 5119 5144 5145
f 5119 5145 5118
f 5118 5145 5146
f 5118 5146 5117
f 5117 5146 5147
f 5117 5147 5120
f 5120 5147 5148
f 5120 5148 5121
f 5121 5148 5149
f 5121 5149 5125
f 5125 5149 5150
f 5125 5150 5124
f 5124 5150 5151
f 5124 5151 5123
f 5123 5151 5152
f 5123 5152 5122
f 5122 5152 5153
f 5122 5153 5126
f 5126 5153 5154
f 5126 5154 5127
f 5127 5154 5155
f 5127 5155 5128
f 5128 5155 5156
f 5128 5156 5159
f 5159 5156 5157
f 5159 5157 5160
f 5160 5157 5158
f 5160 5158 5161
f 4396 4395 5161
f 5161 4395 4416
f 5161 4416 5160
f 5160 4416 4415
f 5160 4415 5159
f 5159 4415 4413
f 5159 4413 5128
f 5128 4413 4422
f 5128 4422 4421
f 4411 4396 5162
f 5162 4396 5161
f 5162 5161 5163
f 5163 5161 5158
f 5163 5158 5164
f 5164 5158 5143
f 5164 5143 4900
f 4900 5143 4901
f 4410 4409 5165
f 4406 4411 5166
f 5166 4411 5162
f 5166 5162 5167
f 5167 5162 5163
f 5167 5163 5168
f 5168 5163 5164
f 5168 5164 5009
f 5009 5164 4900
f 4407 4406 5169
f 5169 4406 5166
f 5169 5166 5170
f 5170 5166 5167
f 5170 5167 5171
f 5171 5167 5168
f 5171 5168 5008
f 5008 5168 5009
f 4409 4407 5165
f 5165 4407 5169
f 5165 5169 5172
f 5172 5169 5170
f 5172 5170 5173
f 5173 5170 5171
f 5173 5171 5010
f 5010 5171 5008
f 4398 4410 4655
f 4655 4410 5165
f 4655 5165 4657
f 4657 5165 5172
f 4657 5172 4659
f 4659 5172 5173
f 4659 5173 4449
f 4449 5173 5010
f 5174 5175 4262
f 4262 5175 5176
f 5177 5178 4280
f 5179 5180 5181
f 5178 5182 4280
f 4280 5182 5183
f 4280 5183 5184
f 5180 5185 5181
f 5181 5185 4263
f 5181 4263 5186
f 5186 4263 4262
f 5186 4262 5187
f 5187 4262 5176
f 5177 4280 5181
f 5181 4280 4314
f 5181 4314 5179
f 5188 5189 5190
f 5191 5192 5193
f 5193 5192 5194
f 5191 5195 5192
f 5192 5195 5196
f 5192 5196 5197
f 5196 5198 5197
f 5197 5198 5199
f 5197 5199 5200
f 5201 5202 5190
f 5190 5202 5203
f 5190 5203 5188
f 5194 5204 5193
f 5193 5204 5205
f 5193 5205 5201
f 5201 5205 5206
f 5201 5206 5202
f 5207 5208 5199
f 5199 5208 5209
f 5199 5209 5200
f 5210 5211 5212
f 5212 5211 5213
f 5212 5213 5207
f 5207 5213 5214
f 5207 5214 5208
f 4365 4367 5215
f 4374 4363 5216
f 4361 4359 5217
f 4357 4355 5218
f 4352 4350 5219
f 4344 4342 5220
f 5221 5204 5194
f 5222 5223 5224
f 5189 5188 5225
f 5225 5188 5226
f 5225 5226 5227
f 5227 5226 5228
f 5229 5230 5231
f 5232 5211 5210
f 5197 5200 5233
f 5233 5200 5234
f 5235 5236 5237
f 5237 5238 5235
f 5235 5238 5239
f 5235 5239 5234
f 5234 5239 5240
f 5234 5240 5233
f 5236 5235 5241
f 5241 5235 5242
f 5241 5242 5243
f 5243 5242 5244
f 5243 5244 5245
f 5245 5244 5246
f 5246 5244 5247
f 5246 5247 5248
f 5248 5247 5249
f 5249 5247 5250
f 5249 5250 5251
f 5251 5250 4339
f 5251 4339 4337
f 5194 5252 5221
f 5221 5252 5253
f 5221 5253 5254
f 5254 5253 5255
f 5254 5255 5256
f 5256 5255 5257
f 5256 5257 5258
f 5257 5259 5258
f 5258 5259 5260
f 5258 5260 5261
f 5208 5214 5262
f 5262 5214 5263
f 5262 5263 5264
f 5264 5263 5265
f 5264 5265 5266
f 5266 5265 5267
f 5266 5267 5268
f 5268 5267 5269
f 5268 5269 5270
f 5270 5269 5271
f 5270 5271 5272
f 5272 5271 5219
f 5203 5202 5273
f 5273 5202 5274
f 5273 5274 5275
f 5275 5274 5276
f 5275 5276 5277
f 5277 5276 5278
f 5277 5278 5279
f 5279 5278 5280
f 5279 5280 5281
f 5281 5280 5282
f 5281 5282 5283
f 5283 5282 5215
f 5284 5285 5286
f 5286 5285 5261
f 5286 5261 5287
f 5287 5261 5260
f 5200 5209 5234
f 5234 5209 5288
f 5234 5288 5235
f 5235 5288 5289
f 5235 5289 5242
f 5242 5289 5290
f 5242 5290 5244
f 5244 5290 5291
f 5244 5291 5247
f 5247 5291 5292
f 5247 5292 5250
f 5250 5292 5220
f 5250 5220 4339
f 4339 5220 4342
f 4346 4344 5272
f 5272 4344 5220
f 5272 5220 5270
f 5270 5220 5292
f 5270 5292 5268
f 5268 5292 5291
f 5268 5291 5266
f 5266 5291 5290
f 5266 5290 5264
f 5264 5290 5289
f 5264 5289 5262
f 5262 5289 5288
f 5262 5288 5208
f 5208 5288 5209
f 5219 4350 5272
f 5272 4350 4348
f 5272 4348 4346
f 4353 4352 5293
f 5293 4352 5219
f 5293 5219 5294
f 5294 5219 5271
f 5294 5271 5295
f 5295 5271 5269
f 5295 5269 5296
f 5296 5269 5267
f 5296 5267 5297
f 5297 5267 5265
f 5297 5265 5298
f 5298 5265 5263
f 5298 5263 5213
f 5213 5263 5214
f 5213 5211 5298
f 5298 5211 5232
f 5298 5232 5297
f 5297 5232 5299
f 5297 5299 5296
f 5296 5299 5300
f 5296 5300 5295
f 5295 5300 5301
f 5295 5301 5294
f 5294 5301 5302
f 5294 5302 5293
f 5293 5302 5218
f 5293 5218 4353
f 4353 5218 4355
f 4359 4357 5217
f 5217 4357 5218
f 5217 5218 5303
f 5303 5218 5302
f 5303 5302 5304
f 5304 5302 5301
f 5304 5301 5305
f 5305 5301 5300
f 5305 5300 5306
f 5306 5300 5299
f 5306 5299 5224
f 5224 5299 5232
f 5224 5232 5222
f 5222 5232 5210
f 4363 4361 5216
f 5216 4361 5217
f 5216 5217 5307
f 5307 5217 5303
f 5307 5303 5308
f 5308 5303 5304
f 5308 5304 5309
f 5309 5304 5305
f 5309 5305 5310
f 5310 5305 5306
f 5310 5306 5231
f 5231 5306 5224
f 5231 5224 5229
f 5229 5224 5223
f 4373 4374 5311
f 5311 4374 5216
f 5311 5216 5312
f 5312 5216 5307
f 5312 5307 5313
f 5313 5307 5308
f 5313 5308 5314
f 5314 5308 5309
f 5314 5309 5315
f 5315 5309 5310
f 5315 5310 5226
f 5226 5310 5231
f 5226 5231 5228
f 5228 5231 5230
f 5188 5203 5226
f 5226 5203 5273
f 5226 5273 5315
f 5315 5273 5275
f 5315 5275 5314
f 5314 5275 5277
f 5314 5277 5313
f 5313 5277 5279
f 5313 5279 5312
f 5312 5279 5281
f 5312 5281 5311
f 5311 5281 5283
f 5311 5283 4373
f 4373 5283 4371
f 5215 4367 5283
f 5283 4367 4369
f 5283 4369 4371
f 4381 4365 5316
f 5316 4365 5215
f 5316 5215 5317
f 5317 5215 5282
f 5317 5282 5318
f 5318 5282 5280
f 5318 5280 5319
f 5319 5280 5278
f 5319 5278 5320
f 5320 5278 5276
f 5320 5276 5321
f 5321 5276 5274
f 5321 5274 5206
f 5206 5274 5202
f 5206 5205 5321
f 5321 5205 5322
f 5321 5322 5320
f 5320 5322 5323
f 5320 5323 5319
f 5319 5323 5324
f 5319 5324 5318
f 5318 5324 5325
f 5318 5325 5317
f 5317 5325 5326
f 5317 5326 5316
f 5316 5326 5327
f 5316 5327 4381
f 4381 5327 4376
f 5205 5204 5322
f 5322 5204 5221
f 5322 5221 5323
f 5323 5221 5254
f 5323 5254 5324
f 5324 5254 5256
f 5324 5256 5325
f 5325 5256 5258
f 5325 5258 5326
f 5326 5258 5261
f 5326 5261 5327
f 5327 5261 5285
f 5327 5285 4376
f 4376 5285 4390
f 5284 4394 5285
f 5285 4394 4384
f 5285 4384 4390
f 4473 4394 5328
f 5328 4394 5329
f 5329 4394 5330
f 5330 4394 5284
f 5330 5284 5331
f 5331 5284 5286
f 5331 5286 5332
f 5332 5286 5287
f 5332 5287 5333
f 5333 5287 5260
f 5333 5260 5259
f 5194 5192 5252
f 5252 5192 5334
f 5252 5334 5253
f 5253 5334 5335
f 5253 5335 5255
f 5255 5335 5336
f 5255 5336 5257
f 5257 5336 5337
f 5257 5337 5259
f 5259 5337 5338
f 5259 5338 5333
f 5229 5223 5339
f 5339 5223 5340
f 5341 5227 5342
f 5342 5227 5228
f 5342 5228 5339
f 5339 5228 5230
f 5339 5230 5229
f 5343 5189 5341
f 5341 5189 5225
f 5341 5225 5227
f 5223 5222 5340
f 5340 5222 5210
f 5340 5210 5344
f 5344 5210 5212
f 5344 5212 5345
f 5345 5212 5207
f 5345 5207 5346
f 5346 5207 5199
f 5346 5199 5347
f 5347 5199 5198
f 5347 5198 5348
f 5348 5198 5196
f 5348 5196 5349
f 5349 5196 5195
f 5349 5195 5350
f 5350 5195 5191
f 5350 5191 5351
f 5351 5191 5193
f 5351 5193 5352
f 5352 5193 5201
f 5352 5201 5343
f 5343 5201 5190
f 5343 5190 5189
f 5340 5344 5353
f 5340 5353 5339
f 5343 5341 5353
f 5353 5341 5342
f 5353 5342 5339
f 5350 5351 5353
f 5353 5351 5352
f 5353 5352 5343
f 5347 5348 5353
f 5353 5348 5349
f 5353 5349 5350
f 5344 5345 5353
f 5353 5345 5346
f 5353 5346 5347
f 5354 5355 5356
f 5354 5356 5357
f 5356 5358 5357
f 5357 5358 5359
f 5357 5359 5360
f 5361 5362 5363
f 5363 5362 5360
f 5363 5360 5364
f 5364 5360 5359
f 5355 5354 5365
f 5365 5354 5366
f 5367 5368 5369
f 5369 5368 5370
f 5368 5371 5370
f 5370 5371 5372
f 5370 5372 5373
f 5365 5366 5374
f 5374 5366 5373
f 5374 5373 5375
f 5375 5373 5372
f 5367 5369 5376
f 5376 5369 5377
f 5378 5379 5380
f 5378 5380 5381
f 5380 5382 5381
f 5381 5382 5383
f 5381 5383 5384
f 5376 5377 5385
f 5385 5377 5384
f 5385 5384 5386
f 5386 5384 5383
f 5379 5378 5387
f 5387 5378 5388
f 5389 5390 5391
f 5389 5391 5392
f 5391 5393 5392
f 5392 5393 5394
f 5392 5394 5395
f 5387 5388 5396
f 5396 5388 5395
f 5396 5395 5397
f 5397 5395 5394
f 5390 5389 5361
f 5361 5389 5362
f 5392 5395 5389
f 5389 5395 5388
f 5378 5381 5384
f 5357 5360 5354
f 5354 5360 5362
f 5354 5362 5366
f 5366 5362 5369
f 5366 5369 5373
f 5373 5369 5370
f 5384 5377 5378
f 5378 5377 5369
f 5378 5369 5388
f 5388 5369 5362
f 5388 5362 5389
f 5398 5399 5400
f 5398 5400 5401
f 5400 5402 5401
f 5401 5402 5403
f 5401 5403 5404
f 5405 5406 5407
f 5407 5406 5404
f 5407 5404 5408
f 5408 5404 5403
f 5399 5398 5409
f 5409 5398 5410
f 5411 5412 5413
f 5411 5413 5414
f 5413 5415 5414
f 5414 5415 5416
f 5414 5416 5417
f 5409 5410 5418
f 5418 5410 5417
f 5418 5417 5419
f 5419 5417 5416
f 5412 5411 5420
f 5420 5411 5421
f 5422 5423 5424
f 5424 5423 5425
f 5423 5426 5425
f 5425 5426 5427
f 5425 5427 5428
f 5420 5421 5429
f 5429 5421 5428
f 5429 5428 5430
f 5430 5428 5427
f 5422 5424 5431
f 5431 5424 5432
f 5433 5434 5435
f 5435 5434 5436
f 5434 5437 5436
f 5436 5437 5438
f 5436 5438 5439
f 5431 5432 5440
f 5440 5432 5439
f 5440 5439 5441
f 5441 5439 5438
f 5433 5435 5405
f 5405 5435 5406
f 5401 5404 5398
f 5398 5404 5406
f 5435 5436 5439
f 5414 5417 5411
f 5411 5417 5410
f 5411 5410 5421
f 5421 5410 5424
f 5421 5424 5428
f 5428 5424 5425
f 5439 5432 5435
f 5435 5432 5424
f 5435 5424 5406
f 5406 5424 5410
f 5406 5410 5398
f 5442 5443 5444
f 5443 5387 5396
f 4314 4313 5442
f 5442 5445 4314
f 4314 5445 5446
f 4314 5446 5179
f 5179 5446 5180
f 5180 5446 5447
f 5180 5447 5185
f 5447 5448 5185
f 5185 5448 5449
f 5185 5449 4263
f 4263 5449 5450
f 4263 5450 4264
f 5443 5396 5444
f 5444 5396 5397
f 5444 5397 5451
f 5451 5397 5394
f 5451 5394 5452
f 5452 5394 5393
f 5452 5393 5453
f 5453 5393 5391
f 5453 5391 5454
f 5454 5391 5390
f 5454 5390 5455
f 5442 5444 5445
f 5445 5444 5451
f 5445 5451 5446
f 5446 5451 5452
f 5446 5452 5447
f 5447 5452 5453
f 5447 5453 5448
f 5448 5453 5454
f 5448 5454 5449
f 5449 5454 5455
f 5449 5455 5450
f 5390 5361 5456
f 5390 5456 5455
f 5455 5456 5457
f 5455 5457 5450
f 5450 5457 4293
f 5450 4293 4264
f 5379 5387 5443
f 5379 5443 5458
f 5458 5443 5442
f 5458 5442 5459
f 5459 5442 4313
f 5459 4313 4312
f 4293 5457 5460
f 5457 5456 5461
f 5456 5361 5363
f 5456 5363 5461
f 5461 5363 5364
f 5461 5364 5462
f 5462 5364 5359
f 5462 5359 5463
f 5463 5359 5358
f 5463 5358 5464
f 5464 5358 5356
f 5464 5356 5465
f 5465 5356 5355
f 5465 5355 5466
f 5457 5461 5460
f 5460 5461 5462
f 5460 5462 5467
f 5467 5462 5463
f 5467 5463 5468
f 5468 5463 5464
f 5468 5464 5469
f 5469 5464 5465
f 5469 5465 5470
f 5470 5465 5466
f 5470 5466 5471
f 4293 5460 4294
f 4294 5460 5467
f 4294 5467 4265
f 4265 5467 5468
f 4265 5468 4261
f 4261 5468 5469
f 4261 5469 4318
f 4318 5469 5470
f 4318 5470 4319
f 4319 5470 5471
f 4319 5471 4321
f 4303 5472 5473
f 5472 5474 5475
f 5474 5376 5385
f 5474 5385 5475
f 5475 5385 5386
f 5475 5386 5476
f 5476 5386 5383
f 5476 5383 5477
f 5477 5383 5382
f 5477 5382 5478
f 5478 5382 5380
f 5478 5380 5479
f 5479 5380 5379
f 5479 5379 5458
f 5472 5475 5473
f 5473 5475 5476
f 5473 5476 5480
f 5480 5476 5477
f 5480 5477 5481
f 5481 5477 5478
f 5481 5478 5482
f 5482 5478 5479
f 5482 5479 5483
f 5483 5479 5458
f 5483 5458 5459
f 4303 5473 4307
f 4307 5473 5480
f 4307 5480 4309
f 4309 5480 5481
f 4309 5481 4311
f 4311 5481 5482
f 4311 5482 4281
f 4281 5482 5483
f 4281 5483 4282
f 4282 5483 5459
f 4282 5459 4312
f 5355 5365 5484
f 5355 5484 5466
f 5466 5484 5485
f 5466 5485 5471
f 5471 5485 4322
f 5471 4322 4321
f 5367 5376 5474
f 5367 5474 5486
f 5486 5474 5472
f 5486 5472 5487
f 5487 5472 4303
f 5487 4303 4324
f 4322 5485 5488
f 5485 5484 5489
f 5484 5365 5374
f 5484 5374 5489
f 5489 5374 5375
f 5489 5375 5490
f 5490 5375 5372
f 5490 5372 5491
f 5491 5372 5371
f 5491 5371 5492
f 5492 5371 5368
f 5492 5368 5493
f 5493 5368 5367
f 5493 5367 5486
f 5485 5489 5488
f 5488 5489 5490
f 5488 5490 5494
f 5494 5490 5491
f 5494 5491 5495
f 5495 5491 5492
f 5495 5492 5496
f 5496 5492 5493
f 5496 5493 5497
f 5497 5493 5486
f 5497 5486 5487
f 4322 5488 4256
f 4256 5488 5494
f 4256 5494 4257
f 4257 5494 5495
f 4257 5495 4272
f 4272 5495 5496
f 4272 5496 4270
f 4270 5496 5497
f 4270 5497 4326
f 4326 5497 5487
f 4326 5487 4324
f 5399 5409 5498
f 5399 5498 5499
f 5499 5498 5500
f 5499 5500 5501
f 5501 5500 4202
f 5501 4202 4233
f 4202 5500 5502
f 5500 5498 5503
f 5498 5409 5418
f 5498 5418 5503
f 5503 5418 5419
f 5503 5419 5504
f 5504 5419 5416
f 5504 5416 5505
f 5505 5416 5415
f 5505 5415 5506
f 5506 5415 5413
f 5506 5413 5507
f 5507 5413 5412
f 5507 5412 5508
f 5500 5503 5502
f 5502 5503 5504
f 5502 5504 5509
f 5509 5504 5505
f 5509 5505 5510
f 5510 5505 5506
f 5510 5506 5511
f 5511 5506 5507
f 5511 5507 5512
f 5512 5507 5508
f 5512 5508 5513
f 4202 5502 4183
f 4183 5502 5509
f 4183 5509 4184
f 4184 5509 5510
f 4184 5510 4208
f 4208 5510 5511
f 4208 5511 4209
f 4209 5511 5512
f 4209 5512 4211
f 4211 5512 5513
f 4211 5513 4213
f 4197 5514 5515
f 5514 5516 5517
f 5516 5405 5407
f 5516 5407 5517
f 5517 5407 5408
f 5517 5408 5518
f 5518 5408 5403
f 5518 5403 5519
f 5519 5403 5402
f 5519 5402 5520
f 5520 5402 5400
f 5520 5400 5521
f 5521 5400 5399
f 5521 5399 5499
f 5514 5517 5515
f 5515 5517 5518
f 5515 5518 5522
f 5522 5518 5519
f 5522 5519 5523
f 5523 5519 5520
f 5523 5520 5524
f 5524 5520 5521
f 5524 5521 5525
f 5525 5521 5499
f 5525 5499 5501
f 4197 5515 4190
f 4190 5515 5522
f 4190 5522 4191
f 4191 5522 5523
f 4191 5523 4229
f 4229 5523 5524
f 4229 5524 4230
f 4230 5524 5525
f 4230 5525 4232
f 4232 5525 5501
f 4232 5501 4233
f 5412 5420 5526
f 5412 5526 5508
f 5508 5526 5527
f 5508 5527 5513
f 5513 5527 4215
f 5513 4215 4213
f 5433 5405 5516
f 5433 5516 5528
f 5528 5516 5514
f 5528 5514 5529
f 5529 5514 4197
f 5529 4197 4199
f 4215 5527 5530
f 5527 5526 5531
f 5526 5420 5429
f 5526 5429 5531
f 5531 5429 5430
f 5531 5430 5532
f 5532 5430 5427
f 5532 5427 5533
f 5533 5427 5426
f 5533 5426 5534
f 5534 5426 5423
f 5534 5423 5535
f 5535 5423 5422
f 5535 5422 5536
f 5527 5531 5530
f 5530 5531 5532
f 5530 5532 5537
f 5537 5532 5533
f 5537 5533 5538
f 5538 5533 5534
f 5538 5534 5539
f 5539 5534 5535
f 5539 5535 5540
f 5540 5535 5536
f 5540 5536 5541
f 4215 5530 4217
f 4217 5530 5537
f 4217 5537 4219
f 4219 5537 5538
f 4219 5538 4240
f 4240 5538 5539
f 4240 5539 4243
f 4243 5539 5540
f 4243 5540 4244
f 4244 5540 5541
f 4244 5541 4245
f 4186 5542 5543
f 5542 5544 5545
f 5544 5431 5440
f 5544 5440 5545
f 5545 5440 5441
f 5545 5441 5546
f 5546 5441 5438
f 5546 5438 5547
f 5547 5438 5437
f 5547 5437 5548
f 5548 5437 5434
f 5548 5434 5549
f 5549 5434 5433
f 5549 5433 5528
f 5542 5545 5543
f 5543 5545 5546
f 5543 5546 5550
f 5550 5546 5547
f 5550 5547 5551
f 5551 5547 5548
f 5551 5548 5552
f 5552 5548 5549
f 5552 5549 5553
f 5553 5549 5528
f 5553 5528 5529
f 4186 5543 4187
f 4187 5543 5550
f 4187 5550 4192
f 4192 5550 5551
f 4192 5551 4193
f 4193 5551 5552
f 4193 5552 4195
f 4195 5552 5553
f 4195 5553 4196
f 4196 5553 5529
f 4196 5529 4199
f 5422 5431 5544
f 5422 5544 5536
f 5536 5544 5542
f 5536 5542 5541
f 5541 5542 4186
f 5541 4186 4245
f 4262 4295 5174
f 5174 4295 5554
f 5554 4295 5555
f 5555 4295 4296
f 5555 4296 4473
f 5556 5557 4332
f 4334 4335 5558
f 5558 5559 4334
f 4334 5559 5560
f 4334 5560 4310
f 4310 5560 5561
f 4310 5561 4455
f 4332 5557 4333
f 5557 5562 4333
f 4333 5562 5563
f 4333 5563 4335
f 4335 5563 5564
f 4335 5564 5558
f 5556 4332 5565
f 5565 4332 4331
f 5565 4331 5566
f 4280 5184 4331
f 4331 5184 5567
f 4331 5567 5566
f 5568 5569 5570
f 5569 5571 5241
f 5241 5571 5572
f 5241 5572 5236
f 5573 5574 5575
f 5575 5574 5568
f 5561 5576 5577
f 5577 5576 5573
f 4459 4455 5561
f 5569 5241 5570
f 5570 5241 5243
f 5570 5243 5578
f 5578 5243 5245
f 5578 5245 5579
f 5579 5245 5246
f 5579 5246 5580
f 5580 5246 5248
f 5580 5248 5581
f 5248 5249 5581
f 5581 5249 5251
f 5581 5251 5582
f 5582 5251 4337
f 5582 4337 5583
f 5568 5570 5575
f 5575 5570 5578
f 5575 5578 5584
f 5584 5578 5579
f 5584 5579 5585
f 5585 5579 5580
f 5585 5580 5586
f 5586 5580 5581
f 5586 5581 5587
f 5587 5581 5582
f 5587 5582 5588
f 5588 5582 5583
f 5588 5583 5589
f 5573 5575 5577
f 5577 5575 5584
f 5577 5584 5590
f 5590 5584 5585
f 5590 5585 5591
f 5591 5585 5586
f 5591 5586 5592
f 5592 5586 5587
f 5592 5587 5593
f 5593 5587 5588
f 5593 5588 5594
f 5594 5588 5589
f 5594 5589 5595
f 5561 5577 4459
f 4459 5577 5590
f 4459 5590 4460
f 4460 5590 5591
f 4460 5591 4461
f 4461 5591 5592
f 4461 5592 4462
f 4462 5592 5593
f 4462 5593 4463
f 4463 5593 5594
f 4463 5594 4464
f 4464 5594 5595
f 4464 5595 4465
f 4466 4465 5113
f 5113 4465 5595
f 5113 5595 5033
f 5033 5595 5589
f 5033 5589 5034
f 5034 5589 5583
f 5034 5583 5035
f 4337 4336 5583
f 5583 4336 5032
f 5583 5032 5035
f 4234 4569 4235
f 4235 4569 4700
f 4235 4700 4698
f 4601 4781 4782
f 4698 4697 4235
f 4235 4697 4695
f 4235 4695 4694
f 4778 4777 4779
f 4779 4777 4768
f 4779 4768 4601
f 4601 4768 4767
f 4601 4767 4781
f 4782 4538 4601
f 4601 4538 4235
f 4601 4235 4602
f 4602 4235 4694
f 4602 4694 4721
f 4284 4560 4285
f 4285 4560 4776
f 4285 4776 4774
f 4626 4706 4709
f 4774 4773 4285
f 4285 4773 4771
f 4285 4771 4770
f 4704 4702 4705
f 4705 4702 4701
f 4705 4701 4626
f 4626 4701 4707
f 4626 4707 4706
f 4709 4579 4626
f 4626 4579 4285
f 4626 4285 4625
f 4625 4285 4770
f 4625 4770 4805
f 4854 4855 5596
f 5596 4855 5597
f 5596 5597 5598
f 5598 5597 5599
f 5599 5597 5600
f 5599 5600 5601
f 5601 5600 5602
f 5602 5600 4943
f 5602 4943 4942
f 5597 4855 4856
f 5600 5597 5603
f 4943 5600 5604
f 4943 5604 5061
f 5061 5604 5605
f 5061 5605 5060
f 5060 5605 5606
f 5060 5606 5057
f 5057 5606 5607
f 5057 5607 5058
f 5058 5607 5608
f 5058 5608 5053
f 5053 5608 5054
f 5054 5608 5609
f 5054 5609 5056
f 5056 5609 5610
f 5056 5610 5044
f 5044 5610 5611
f 5044 5611 5045
f 5045 5611 5612
f 5045 5612 5049
f 5049 5612 5613
f 5049 5613 5051
f 5597 4856 5603
f 5603 4856 4858
f 5603 4858 5614
f 5614 4858 4861
f 5614 4861 5615
f 5615 4861 4860
f 5615 4860 5616
f 5616 4860 4867
f 5616 4867 5617
f 5617 4867 4868
f 5617 4868 5618
f 5618 4868 4866
f 5618 4866 5619
f 5619 4866 4865
f 5619 4865 5620
f 5620 4865 4864
f 5620 4864 5621
f 5621 4864 4863
f 5621 4863 5622
f 5622 4863 4862
f 5622 4862 5623
f 5623 4862 4859
f 5623 4859 5624
f 5624 4859 4857
f 5624 4857 5625
f 5600 5603 5604
f 5604 5603 5614
f 5604 5614 5605
f 5605 5614 5615
f 5605 5615 5606
f 5606 5615 5616
f 5606 5616 5607
f 5607 5616 5617
f 5607 5617 5608
f 5608 5617 5618
f 5608 5618 5609
f 5609 5618 5619
f 5609 5619 5610
f 5610 5619 5620
f 5610 5620 5611
f 5611 5620 5621
f 5611 5621 5612
f 5612 5621 5622
f 5612 5622 5613
f 5613 5622 5623
f 5613 5623 5626
f 5626 5623 5624
f 5626 5624 5627
f 5627 5624 5625
f 5627 5625 5628
f 5051 5613 5052
f 5052 5613 5626
f 5052 5626 5048
f 5048 5626 5627
f 5048 5627 5047
f 5047 5627 5628
f 5047 5628 4870
f 5629 4843 4844
f 4942 4941 5037
f 4942 5037 5602
f 5630 5601 5602
f 5596 5598 5631
f 5631 5598 5599
f 4846 4854 5596
f 5632 5633 5634
f 5634 5633 5635
f 5634 5635 5636
f 5632 5637 5638
f 5638 5637 5639
f 5039 5040 5640
f 5602 5037 5630
f 5630 5037 5038
f 5630 5038 5641
f 5641 5038 5039
f 5641 5039 5637
f 5637 5039 5640
f 5637 5640 5639
f 5632 5634 5637
f 5637 5634 5642
f 5637 5642 5641
f 5641 5642 5631
f 5641 5631 5630
f 5630 5631 5599
f 5630 5599 5601
f 5596 5631 4846
f 4846 5631 5642
f 4846 5642 4845
f 4845 5642 5634
f 4845 5634 4844
f 4844 5634 5636
f 4844 5636 5629
f 5643 5644 5645
f 5645 5644 4892
f 5645 4892 4891
f 4850 5643 5646
f 4884 5647 5648
f 4891 4896 5645
f 5645 4896 4878
f 5645 4878 5648
f 5648 4878 4885
f 5648 4885 4884
f 4870 5628 4871
f 4871 5628 5649
f 4884 4883 5647
f 5647 4883 4882
f 5647 4882 5649
f 5649 4882 4881
f 5649 4881 4871
f 5643 5645 5646
f 5646 5645 5648
f 5646 5648 5650
f 5650 5648 5647
f 5650 5647 5651
f 5651 5647 5649
f 5651 5649 5652
f 5652 5649 5628
f 5652 5628 5625
f 4850 5646 4852
f 4852 5646 5650
f 4852 5650 4853
f 4853 5650 5651
f 4853 5651 4841
f 4841 5651 5652
f 4841 5652 4842
f 4842 5652 5625
f 4842 5625 4857
f 4392 4391 5040
f 5040 4391 5653
f 5654 5633 5655
f 5655 5633 5632
f 5655 5632 5656
f 5656 5632 5638
f 5656 5638 5657
f 5657 5638 5639
f 5657 5639 5653
f 5653 5639 5640
f 5653 5640 5040
f 4840 4843 5654
f 5654 4843 5629
f 5629 5636 5654
f 5654 5636 5635
f 5654 5635 5633
f 5025 4892 5658
f 5658 4892 5644
f 5658 5644 5659
f 5659 5644 5643
f 5659 5643 4848
f 4848 5643 4850
f 5023 5025 5660
f 5660 5025 5658
f 5660 5658 5661
f 5661 5658 5659
f 5661 5659 4847
f 4847 5659 4848
f 4975 5023 5662
f 5662 5023 5660
f 5662 5660 5663
f 5663 5660 5661
f 5663 5661 4849
f 4849 5661 4847
f 5653 4391 4472
f 5653 4472 5657
f 4472 5664 5657
f 5657 5664 5665
f 5657 5665 5656
f 5656 5665 5666
f 5656 5666 5655
f 5655 5666 5667
f 5655 5667 5654
f 5654 5667 5668
f 5654 5668 4840
f 4840 5668 4851
f 4976 4975 5662
f 4976 5662 5669
f 5669 5662 5663
f 5669 5663 5670
f 5670 5663 4849
f 5670 4849 4851
f 4851 5671 5672
f 4976 5669 5672
f 5672 5669 5670
f 5672 5670 4851
f 5673 5665 5674
f 5674 5665 5664
f 5674 5664 4472
f 4851 5668 5671
f 5671 5668 5667
f 5671 5667 5673
f 5673 5667 5666
f 5673 5666 5665
f 4472 4474 5675
f 4472 5675 5674
f 5674 5675 5676
f 5674 5676 5673
f 5673 5676 5677
f 5673 5677 5671
f 5671 5677 5678
f 5671 5678 5672
f 5672 5678 4978
f 5672 4978 4976
f 4492 4496 5679
f 4497 4498 5680
f 5680 4498 4495
f 4973 4972 5681
f 5681 4972 5682
f 5681 5682 5683
f 5683 5682 5684
f 5683 5684 5685
f 5685 5684 5686
f 4495 5687 5680
f 5680 5687 5688
f 5680 5688 5686
f 5686 5688 5689
f 5686 5689 5685
f 4496 4497 5679
f 5679 4497 5680
f 5679 5680 5690
f 5690 5680 5686
f 5690 5686 5691
f 5691 5686 5684
f 5691 5684 5692
f 5692 5684 5682
f 5692 5682 4981
f 4981 5682 4972
f 4493 4492 5693
f 5693 4492 5679
f 5693 5679 5694
f 5694 5679 5690
f 5694 5690 5695
f 5695 5690 5691
f 5695 5691 5696
f 5696 5691 5692
f 5696 5692 4983
f 4983 5692 4981
f 4494 4493 5697
f 5697 4493 5693
f 5697 5693 5698
f 5698 5693 5694
f 5698 5694 5699
f 5699 5694 5695
f 5699 5695 5700
f 5700 5695 5696
f 5700 5696 4984
f 4984 5696 4983
f 4474 4494 5675
f 5675 4494 5697
f 5675 5697 5676
f 5676 5697 5698
f 5676 5698 5677
f 5677 5698 5699
f 5677 5699 5678
f 5678 5699 5700
f 5678 5700 4978
f 4978 5700 4984
f 5689 5688 5701
f 5701 5688 5687
f 5683 5685 5702
f 5702 5685 5689
f 5703 5681 5683
f 5681 5703 4973
f 4973 5703 4988
f 4988 5703 5704
f 4988 5704 4989
f 5689 5701 5702
f 5702 5701 5705
f 5702 5705 5706
f 5706 5705 5707
f 5706 5707 5708
f 5708 5707 5709
f 5708 5709 5710
f 4470 5709 4502
f 4502 5709 5707
f 4502 5707 4499
f 4499 5707 5705
f 4499 5705 4500
f 4500 5705 5701
f 4500 5701 4501
f 4501 5701 5687
f 4501 5687 4495
f 4470 5711 5709
f 5709 5711 5712
f 5709 5712 5710
f 5710 5712 5713
f 5710 5713 5714
f 5683 5702 5703
f 5703 5702 5706
f 5703 5706 5704
f 5704 5706 5708
f 5704 5708 5715
f 5715 5708 5710
f 5715 5710 5716
f 5716 5710 5714
f 5716 5714 5717
f 4989 5704 4991
f 4991 5704 5715
f 4991 5715 4993
f 4993 5715 5716
f 4993 5716 4995
f 4995 5716 5717
f 4995 5717 4997
f 5718 5001 4999
f 4446 5001 5719
f 5719 5001 5718
f 5719 5718 5720
f 5721 5722 5723
f 4997 5717 4999
f 4999 5717 5721
f 4999 5721 5718
f 5718 5721 5723
f 5718 5723 5720
f 5720 5723 4467
f 5717 5714 5721
f 5721 5714 5713
f 5721 5713 5722
f 5722 5713 5712
f 5722 5712 5711
f 4467 5723 4468
f 4468 5723 5722
f 4468 5722 4469
f 4469 5722 5711
f 4469 5711 4470
f 4241 4446 5719
f 4241 5719 4242
f 4242 5719 5720
f 4242 5720 4218
f 4218 5720 4467
f 4218 4467 4216
f 5724 5725 5726
f 5561 5560 5727
f 5727 5560 5559
f 5561 5728 5576
f 5576 5728 5729
f 5576 5729 5573
f 5558 5730 5559
f 5559 5730 5731
f 5559 5731 5727
f 5558 5564 5730
f 5730 5564 5563
f 5730 5563 5732
f 5732 5563 5562
f 5732 5562 5733
f 5733 5562 5557
f 5733 5557 5734
f 5734 5557 5556
f 5734 5556 5565
f 5565 5724 5734
f 5734 5724 5726
f 5734 5726 5733
f 5733 5726 5735
f 5733 5735 5732
f 5732 5735 5736
f 5732 5736 5730
f 5730 5736 5737
f 5730 5737 5731
f 5731 5737 5729
f 5731 5729 5727
f 5727 5729 5728
f 5727 5728 5561
f 5573 5729 5574
f 5574 5729 5737
f 5574 5737 5568
f 5568 5737 5736
f 5568 5736 5569
f 5569 5736 5735
f 5569 5735 5571
f 5571 5735 5726
f 5571 5726 5572
f 5572 5726 5725
f 5572 5725 5236
f 5567 5184 5738
f 5738 5184 5739
f 5738 5739 5740
f 5740 5739 5741
f 5740 5741 5237
f 5237 5741 5238
f 5724 5738 5725
f 5725 5738 5740
f 5725 5740 5236
f 5236 5740 5237
f 5724 5565 5738
f 5738 5565 5566
f 5738 5566 5567
f 5742 5743 5744
f 5741 5739 5745
f 5177 5746 5178
f 5178 5746 5747
f 5178 5747 5182
f 5182 5747 5745
f 5182 5745 5183
f 5183 5745 5739
f 5183 5739 5184
f 5177 5742 5746
f 5746 5742 5744
f 5746 5744 5747
f 5747 5744 5748
f 5747 5748 5745
f 5745 5748 5749
f 5745 5749 5741
f 5741 5749 5238
f 5238 5749 5239
f 5239 5749 5748
f 5239 5748 5240
f 5240 5748 5744
f 5240 5744 5233
f 5233 5744 5743
f 5233 5743 5197
f 5177 5181 5742
f 5742 5181 5750
f 5742 5750 5743
f 5743 5750 5751
f 5743 5751 5197
f 5197 5751 5192
f 5331 5332 5752
f 5333 5338 5753
f 5337 5336 5754
f 5755 5750 5186
f 5186 5750 5181
f 5335 5334 5756
f 5756 5334 5192
f 5756 5192 5751
f 5336 5335 5754
f 5754 5335 5756
f 5754 5756 5755
f 5755 5756 5751
f 5755 5751 5750
f 5186 5187 5755
f 5755 5187 5757
f 5755 5757 5754
f 5754 5757 5753
f 5754 5753 5337
f 5337 5753 5338
f 5176 5175 5758
f 5758 5175 5759
f 5758 5759 5752
f 5332 5333 5752
f 5752 5333 5753
f 5752 5753 5758
f 5758 5753 5757
f 5758 5757 5176
f 5176 5757 5187
f 5330 5331 5760
f 5760 5331 5752
f 5760 5752 5761
f 5761 5752 5759
f 5761 5759 5174
f 5174 5759 5175
f 5760 5761 5762
f 5328 5329 5762
f 5762 5329 5330
f 5762 5330 5760
f 4473 5328 5555
f 5555 5328 5762
f 5555 5762 5554
f 5554 5762 5761
f 5554 5761 5174
f 5763 5764 5765
f 5766 5767 5768
f 5768 5767 5769
f 5770 5771 5772
f 5773 5774 5775
f 5776 5777 5778
f 5775 5774 5779
f 5779 5774 5780
f 5779 5780 5781
f 5781 5780 5782
f 5781 5782 5783
f 5783 5782 5784
f 5783 5784 5785
f 5785 5784 5786
f 5785 5786 5769
f 5769 5786 5787
f 5769 5787 5768
f 5768 5787 5788
f 5768 5788 5776
f 5776 5788 5789
f 5776 5789 5777
f 5790 5791 5792
f 5792 5791 5793
f 5771 5794 5795
f 5771 5795 5796
f 5771 5770 5794
f 5794 5770 5797
f 5794 5797 5798
f 5799 5800 5801
f 5801 5800 5802
f 5803 5804 5805
f 5803 5805 5806
f 5807 5808 5809
f 5809 5808 5810
f 5809 5810 5811
f 5811 5810 5812
f 5812 5810 5813
f 5812 5813 5814
f 5814 5813 5815
f 5814 5815 5804
f 5804 5815 5816
f 5804 5816 5805
f 5805 5816 5817
f 5805 5817 5802
f 5802 5817 5818
f 5802 5818 5801
f 5819 5820 5821
f 5822 5823 5824
f 5822 5824 5825
f 5826 5827 5825
f 5825 5827 5828
f 5825 5828 5821
f 5821 5828 5829
f 5821 5829 5819
f 5798 5797 5830
f 5830 5797 5831
f 5830 5831 5832
f 5832 5831 5833
f 5832 5833 5793
f 5793 5833 5834
f 5793 5834 5792
f 5792 5834 5835
f 5792 5835 5836
f 5824 5837 5825
f 5825 5837 5838
f 5825 5838 5826
f 5826 5838 5839
f 5826 5839 5840
f 5840 5839 5841
f 5840 5841 5842
f 5842 5841 5843
f 5842 5843 5836
f 5844 5845 5846
f 5847 5848 5849
f 5849 5848 5850
f 5850 5848 5851
f 5850 5851 5852
f 5847 5849 5845
f 5845 5849 5853
f 5845 5853 5846
f 5821 5854 5825
f 5825 5854 5855
f 5825 5855 5822
f 5822 5855 5856
f 5822 5856 5823
f 5823 5856 5852
f 5823 5852 5857
f 5857 5852 5851
f 5858 5859 5821
f 5821 5859 5860
f 5821 5860 5854
f 5861 5862 5863
f 5864 5865 5820
f 5863 5862 5866
f 5866 5862 5867
f 5866 5867 5868
f 5868 5867 5869
f 5868 5869 5870
f 5870 5869 5871
f 5870 5871 5872
f 5872 5871 5873
f 5873 5871 5874
f 5873 5874 5875
f 5875 5874 5858
f 5875 5858 5876
f 5876 5858 5821
f 5876 5821 5877
f 5865 5878 5820
f 5820 5878 5879
f 5820 5879 5821
f 5821 5879 5880
f 5821 5880 5877
f 5863 5864 5861
f 5861 5864 5820
f 5861 5820 5881
f 5881 5820 5882
f 5819 5766 5820
f 5820 5766 5768
f 5820 5768 5882
f 5882 5768 5776
f 5882 5776 5883
f 5883 5776 5778
f 5883 5778 5884
f 5884 5778 5885
f 5884 5885 5886
f 5886 5885 5887
f 5886 5887 5888
f 5888 5887 5889
f 5888 5889 5890
f 5889 5773 5890
f 5890 5773 5775
f 5890 5775 5891
f 5892 5764 5893
f 5893 5764 5763
f 5893 5763 5894
f 5894 5763 5895
f 5779 5808 5775
f 5775 5808 5807
f 5775 5807 5891
f 5891 5807 5896
f 5891 5896 5897
f 5897 5896 5898
f 5897 5898 5895
f 5895 5898 5899
f 5895 5899 5894
f 5892 5806 5764
f 5764 5806 5805
f 5764 5805 5765
f 5765 5805 5802
f 5765 5802 5900
f 5900 5802 5901
f 5902 5903 5800
f 5800 5903 5904
f 5802 5905 5901
f 5901 5905 5906
f 5901 5906 5907
f 5907 5906 5908
f 5907 5908 5909
f 5909 5908 5910
f 5909 5910 5911
f 5910 5912 5911
f 5911 5912 5913
f 5911 5913 5914
f 5914 5913 5915
f 5914 5915 5916
f 5916 5915 5917
f 5916 5917 5918
f 5904 5919 5800
f 5800 5919 5920
f 5800 5920 5802
f 5802 5920 5921
f 5802 5921 5905
f 5922 5923 5800
f 5800 5923 5924
f 5917 5902 5918
f 5918 5902 5800
f 5918 5800 5925
f 5925 5800 5924
f 5799 5772 5800
f 5800 5772 5771
f 5800 5771 5922
f 5922 5771 5796
f 5922 5796 5926
f 5926 5796 5927
f 5795 5928 5796
f 5796 5928 5929
f 5796 5929 5927
f 5927 5929 5930
f 5927 5930 5931
f 5931 5930 5932
f 5931 5932 5933
f 5932 5934 5933
f 5933 5934 5935
f 5933 5935 5936
f 5936 5935 5790
f 5936 5790 5846
f 5846 5790 5792
f 5846 5792 5844
f 5844 5792 5836
f 5844 5836 5937
f 5937 5836 5843
f 5938 5939 5940
f 5938 5941 5939
f 5939 5941 5942
f 5939 5942 5943
f 5942 5944 5943
f 5943 5944 5945
f 5943 5945 5946
f 5945 5947 5946
f 5946 5947 5948
f 5946 5948 5949
f 5948 5950 5949
f 5949 5950 5951
f 5949 5951 5952
f 5951 5953 5952
f 5952 5953 5954
f 5952 5954 5955
f 5954 5956 5955
f 5955 5956 5957
f 5955 5957 5958
f 5957 5959 5958
f 5958 5959 5960
f 5958 5960 5961
f 5960 5962 5961
f 5961 5962 5963
f 5961 5963 5964
f 5963 5965 5964
f 5964 5965 5966
f 5964 5966 5967
f 5966 5968 5967
f 5967 5968 5969
f 5967 5969 5970
f 5969 5971 5970
f 5970 5971 5972
f 5970 5972 5973
f 5972 5974 5973
f 5973 5974 5975
f 5973 5975 5976
f 5975 5977 5976
f 5976 5977 5978
f 5976 5978 5979
f 5978 5980 5979
f 5979 5980 5981
f 5979 5981 5982
f 5981 5983 5982
f 5982 5983 5984
f 5982 5984 5985
f 5984 5986 5985
f 5985 5986 5987
f 5985 5987 5988
f 5987 5989 5988
f 5988 5989 5990
f 5988 5990 5991
f 5990 5992 5991
f 5991 5992 5993
f 5991 5993 5994
f 5993 5995 5994
f 5994 5995 5996
f 5994 5996 5997
f 5996 5998 5997
f 5997 5998 5999
f 5997 5999 6000
f 5999 6001 6000
f 6000 6001 6002
f 6000 6002 6003
f 6002 6004 6003
f 6003 6004 6005
f 6003 6005 6006
f 6005 6007 6006
f 6006 6007 6008
f 6006 6008 6009
f 6008 6010 6009
f 6009 6010 6011
f 6009 6011 6012
f 6011 6013 6012
f 6012 6013 6014
f 6012 6014 6015
f 6014 6016 6015
f 6015 6016 6017
f 6015 6017 6018
f 6017 6019 6018
f 6018 6019 6020
f 6018 6020 6021
f 6020 6022 6021
f 6021 6022 6023
f 6021 6023 6024
f 6023 6025 6024
f 6024 6025 6026
f 6024 6026 6027
f 6026 6028 6027
f 6027 6028 6029
f 6027 6029 6030
f 6029 6031 6030
f 6030 6031 6032
f 6030 6032 6033
f 6032 6034 6033
f 6033 6034 6035
f 6033 6035 6036
f 6035 6037 6036
f 6036 6037 6038
f 6036 6038 6039
f 6038 6040 6039
f 6039 6040 6041
f 6039 6041 6042
f 6041 6043 6042
f 6042 6043 6044
f 6042 6044 6045
f 6044 6046 6045
f 6045 6046 6047
f 6045 6047 6048
f 6047 6049 6048
f 6048 6049 6050
f 6048 6050 6051
f 6050 6052 6051
f 6051 6052 6053
f 6051 6053 5940
f 5940 6053 6054
f 5940 6054 5938
f 6055 6056 6057
f 6058 6059 6060
f 6061 6062 6063
f 6064 6065 6066
f 6066 6065 6067
f 6066 6067 6068
f 6068 6067 6069
f 6068 6069 6070
f 6070 6069 6071
f 6070 6071 6072
f 6073 6074 6075
f 6075 6074 6076
f 6075 6076 6077
f 6077 6076 6078
f 6077 6078 6079
f 6080 6081 6082
f 6083 6084 6085
f 6085 6084 6086
f 6087 6088 6089
f 6090 6091 6092
f 6092 6091 6093
f 6092 6093 6094
f 6094 6093 6095
f 6094 6095 6096
f 6096 6095 6097
f 6096 6097 6098
f 6072 6099 6070
f 6070 6099 6100
f 6070 6100 6101
f 6101 6100 6102
f 6101 6102 6103
f 6103 6058 6101
f 6101 6058 6060
f 6101 6060 6104
f 6104 6060 6105
f 6104 6105 6106
f 6106 6105 6107
f 6106 6107 6073
f 6073 6107 6108
f 6073 6108 6074
f 6082 6109 6080
f 6080 6109 6110
f 6080 6110 6111
f 6111 6110 6112
f 6111 6112 6113
f 6114 6115 6116
f 6117 6118 6119
f 6119 6118 6120
f 6119 6120 6121
f 6121 6120 6122
f 6121 6122 6123
f 6123 6122 6124
f 6123 6124 6125
f 6098 6126 6096
f 6096 6126 6127
f 6096 6127 6128
f 6128 6127 6129
f 6128 6129 6130
f 6130 6055 6128
f 6128 6055 6057
f 6128 6057 6131
f 6131 6057 6132
f 6131 6132 6064
f 6064 6132 6133
f 6064 6133 6065
f 6112 6134 6113
f 6113 6134 6135
f 6113 6135 6136
f 6136 6135 6137
f 6136 6137 6138
f 6139 6140 6141
f 6141 6140 6142
f 6141 6142 6083
f 6083 6142 6143
f 6083 6143 6084
f 6124 6144 6125
f 6125 6144 6145
f 6125 6145 6146
f 6078 6147 6079
f 6079 6147 6148
f 6079 6148 6149
f 6150 6082 6151
f 6151 6082 6081
f 6151 6081 6152
f 6152 6081 6153
f 6152 6153 6154
f 6154 6153 6079
f 6154 6079 6155
f 6155 6079 6149
f 6086 6156 6085
f 6085 6156 6157
f 6085 6157 6158
f 6158 6157 6159
f 6158 6159 6160
f 6160 6159 6161
f 6160 6161 6162
f 6162 6087 6160
f 6160 6087 6089
f 6160 6089 6163
f 6163 6089 6164
f 6163 6164 6117
f 6117 6164 6165
f 6117 6165 6118
f 6146 6166 6125
f 6125 6166 6167
f 6125 6167 6168
f 6168 6167 6169
f 6170 6171 6172
f 6172 6171 6173
f 6172 6173 6174
f 6174 6173 6136
f 6174 6136 6175
f 6175 6136 6138
f 6170 6114 6171
f 6171 6114 6116
f 6171 6116 6139
f 6139 6116 6176
f 6139 6176 6140
f 6169 6061 6168
f 6168 6061 6063
f 6168 6063 6177
f 6177 6063 6178
f 6177 6178 6090
f 6090 6178 6179
f 6090 6179 6091
f 6180 6181 6182
f 6183 6184 6185
f 6186 6115 6114
f 6187 6188 6189
f 6190 6191 6192
f 6193 6194 6195
f 6196 6150 6151
f 6197 6198 6199
f 6200 6059 6058
f 6201 6202 6203
f 6204 6205 6206
f 6207 6056 6055
f 6208 6209 6210
f 6211 6212 6213
f 6214 6215 6216
f 6217 6218 6219
f 6220 6062 6061
f 6221 6222 6223
f 6224 6225 6226
f 6227 6228 6229
f 6230 6088 6087
f 6230 6087 6231
f 6221 6223 6145
f 6220 6061 6232
f 6208 6210 6098
f 6233 6234 6235
f 6236 6237 6238
f 6235 6234 6239
f 6239 6234 6240
f 6239 6240 6237
f 6237 6240 6241
f 6237 6241 6238
f 6236 6242 6243
f 6243 6242 6244
f 6201 6203 6245
f 6200 6058 6246
f 6247 6248 6249
f 6250 6251 6252
f 6252 6251 6253
f 6252 6253 6254
f 6254 6253 6255
f 6254 6255 6248
f 6248 6255 6256
f 6248 6256 6249
f 6247 6257 6258
f 6258 6257 6259
f 6197 6199 6148
f 6196 6151 6260
f 6261 6262 6263
f 6263 6262 6264
f 6263 6264 6265
f 6265 6264 6266
f 6265 6266 6267
f 6267 6266 6268
f 6267 6268 6269
f 6269 6268 6270
f 6269 6270 6190
f 6187 6189 6138
f 6271 6272 6273
f 6273 6272 6274
f 6274 6272 6275
f 6274 6275 6276
f 6276 6275 6277
f 6276 6277 6278
f 6279 6280 6281
f 6281 6280 6282
f 6281 6282 6278
f 6180 6182 6283
f 6225 6284 6285
f 6225 6285 6226
f 6226 6285 6286
f 6226 6286 6287
f 6286 6288 6287
f 6287 6288 6289
f 6287 6289 6290
f 6289 6291 6290
f 6290 6291 6292
f 6290 6292 6293
f 6293 6292 6294
f 6293 6294 6295
f 6294 6296 6295
f 6295 6296 6297
f 6295 6297 6216
f 6216 6297 6298
f 6216 6298 6214
f 6214 6298 6299
f 6214 6299 6300
f 6300 6299 6301
f 6300 6301 6302
f 6302 6301 6303
f 6302 6303 6304
f 6304 6303 6305
f 6304 6305 6211
f 6211 6305 6212
f 6212 6305 6306
f 6212 6306 6213
f 6305 6307 6306
f 6306 6307 6308
f 6306 6308 6309
f 6309 6308 6310
f 6309 6310 6311
f 6311 6310 6312
f 6311 6312 6313
f 6313 6312 6314
f 6313 6314 6315
f 6235 6316 6233
f 6233 6316 6317
f 6233 6317 6318
f 6318 6317 6315
f 6318 6315 6319
f 6319 6315 6314
f 6236 6238 6242
f 6242 6238 6320
f 6242 6320 6244
f 6238 6321 6320
f 6320 6321 6322
f 6320 6322 6323
f 6323 6322 6324
f 6323 6324 6325
f 6324 6326 6325
f 6325 6326 6327
f 6325 6327 6328
f 6327 6329 6328
f 6328 6329 6330
f 6328 6330 6331
f 6331 6330 6332
f 6331 6332 6251
f 6251 6332 6333
f 6251 6333 6253
f 6247 6249 6257
f 6257 6249 6334
f 6257 6334 6259
f 6249 6335 6334
f 6334 6335 6336
f 6334 6336 6337
f 6336 6338 6337
f 6337 6338 6339
f 6337 6339 6340
f 6340 6339 6341
f 6340 6341 6342
f 6342 6341 6343
f 6342 6343 6344
f 6344 6343 6345
f 6344 6345 6262
f 6262 6345 6346
f 6262 6346 6264
f 6190 6270 6191
f 6191 6270 6347
f 6191 6347 6192
f 6270 6348 6347
f 6347 6348 6349
f 6347 6349 6350
f 6349 6351 6350
f 6350 6351 6352
f 6350 6352 6353
f 6353 6352 6354
f 6353 6354 6355
f 6354 6356 6355
f 6355 6356 6357
f 6355 6357 6358
f 6273 6359 6271
f 6271 6359 6360
f 6271 6360 6361
f 6361 6360 6358
f 6361 6358 6362
f 6362 6358 6357
f 6278 6277 6281
f 6281 6277 6363
f 6281 6363 6279
f 6279 6363 6364
f 6279 6364 6365
f 6365 6364 6366
f 6365 6366 6367
f 6367 6366 6368
f 6367 6368 6369
f 6368 6370 6369
f 6369 6370 6371
f 6369 6371 6372
f 6224 6373 6225
f 6225 6373 6374
f 6225 6374 6284
f 6284 6374 6375
f 6284 6375 6376
f 6376 6375 6377
f 6376 6377 6378
f 6378 6377 6227
f 6378 6227 6379
f 6379 6227 6229
f 6379 6229 6380
f 6380 6229 6372
f 6380 6372 6381
f 6381 6372 6371
f 6215 6382 6216
f 6216 6382 6217
f 6216 6217 6295
f 6295 6217 6219
f 6295 6219 6293
f 6293 6219 6383
f 6293 6383 6290
f 6290 6383 6384
f 6290 6384 6287
f 6287 6384 6385
f 6287 6385 6226
f 6226 6385 6223
f 6226 6223 6224
f 6224 6223 6222
f 6316 6386 6317
f 6317 6386 6204
f 6317 6204 6315
f 6315 6204 6206
f 6315 6206 6313
f 6313 6206 6387
f 6313 6387 6311
f 6311 6387 6388
f 6311 6388 6309
f 6309 6388 6389
f 6309 6389 6306
f 6306 6389 6210
f 6306 6210 6213
f 6213 6210 6209
f 6250 6390 6251
f 6251 6390 6391
f 6251 6391 6331
f 6331 6391 6392
f 6331 6392 6328
f 6328 6392 6393
f 6328 6393 6325
f 6325 6393 6394
f 6325 6394 6323
f 6323 6394 6395
f 6323 6395 6320
f 6320 6395 6203
f 6320 6203 6244
f 6244 6203 6202
f 6261 6396 6262
f 6262 6396 6193
f 6262 6193 6344
f 6344 6193 6195
f 6344 6195 6342
f 6342 6195 6397
f 6342 6397 6340
f 6340 6397 6398
f 6340 6398 6337
f 6337 6398 6399
f 6337 6399 6334
f 6334 6399 6199
f 6334 6199 6259
f 6259 6199 6198
f 6359 6400 6360
f 6360 6400 6183
f 6360 6183 6358
f 6358 6183 6185
f 6358 6185 6355
f 6355 6185 6401
f 6355 6401 6353
f 6353 6401 6402
f 6353 6402 6350
f 6350 6402 6403
f 6350 6403 6347
f 6347 6403 6189
f 6347 6189 6192
f 6192 6189 6188
f 6228 6404 6229
f 6229 6404 6405
f 6229 6405 6372
f 6372 6405 6406
f 6372 6406 6369
f 6369 6406 6407
f 6369 6407 6367
f 6367 6407 6408
f 6367 6408 6365
f 6365 6408 6409
f 6365 6409 6279
f 6279 6409 6182
f 6279 6182 6280
f 6280 6182 6181
f 6218 6232 6219
f 6219 6232 6061
f 6219 6061 6383
f 6383 6061 6169
f 6383 6169 6384
f 6384 6169 6167
f 6384 6167 6385
f 6385 6167 6166
f 6385 6166 6223
f 6223 6166 6146
f 6223 6146 6145
f 6205 6207 6206
f 6206 6207 6055
f 6206 6055 6387
f 6387 6055 6130
f 6387 6130 6388
f 6388 6130 6129
f 6388 6129 6389
f 6389 6129 6127
f 6389 6127 6210
f 6210 6127 6126
f 6210 6126 6098
f 6391 6246 6392
f 6392 6246 6058
f 6392 6058 6393
f 6393 6058 6103
f 6393 6103 6394
f 6394 6103 6102
f 6394 6102 6395
f 6395 6102 6100
f 6395 6100 6203
f 6203 6100 6099
f 6203 6099 6245
f 6245 6099 6072
f 6194 6260 6195
f 6195 6260 6151
f 6195 6151 6397
f 6397 6151 6152
f 6397 6152 6398
f 6398 6152 6154
f 6398 6154 6399
f 6399 6154 6155
f 6399 6155 6199
f 6199 6155 6149
f 6199 6149 6148
f 6184 6186 6185
f 6185 6186 6114
f 6185 6114 6401
f 6401 6114 6170
f 6401 6170 6402
f 6402 6170 6172
f 6402 6172 6403
f 6403 6172 6174
f 6403 6174 6189
f 6189 6174 6175
f 6189 6175 6138
f 6405 6231 6406
f 6406 6231 6087
f 6406 6087 6407
f 6407 6087 6162
f 6407 6162 6408
f 6408 6162 6161
f 6408 6161 6409
f 6409 6161 6159
f 6409 6159 6182
f 6182 6159 6157
f 6182 6157 6283
f 6283 6157 6156
f 6308 5836 6310
f 6310 5836 5835
f 6308 6307 5836
f 5836 6307 6305
f 5836 6305 5842
f 6299 5840 6301
f 6301 5840 5842
f 6301 5842 6303
f 6303 5842 6305
f 6299 6298 5840
f 5840 6298 6297
f 5840 6297 5826
f 6292 5827 6294
f 6294 5827 5826
f 6294 5826 6296
f 6296 5826 6297
f 6292 6291 5827
f 5827 6291 6289
f 5827 6289 5828
f 6285 5829 6286
f 6286 5829 5828
f 6286 5828 6288
f 6288 5828 6289
f 6285 6284 5829
f 5829 6284 6376
f 5829 6376 5819
f 6380 5766 6379
f 6379 5766 5819
f 6379 5819 6378
f 6378 5819 6376
f 6380 6381 5766
f 5766 6381 6371
f 5766 6371 5767
f 6371 6370 5767
f 5767 6370 6368
f 5767 6368 5769
f 6363 5785 6364
f 6364 5785 5769
f 6364 5769 6366
f 6366 5769 6368
f 6363 6277 5785
f 5785 6277 6275
f 5785 6275 5783
f 6361 5781 6271
f 6271 5781 5783
f 6271 5783 6272
f 6272 5783 6275
f 6361 6362 5781
f 5781 6362 6357
f 5781 6357 5779
f 6352 5808 6354
f 6354 5808 5779
f 6354 5779 6356
f 6356 5779 6357
f 6352 6351 5808
f 5808 6351 6349
f 5808 6349 5810
f 6268 5813 6270
f 6270 5813 5810
f 6270 5810 6348
f 6348 5810 6349
f 6268 6266 5813
f 5813 6266 6264
f 5813 6264 5815
f 6264 6346 5815
f 5815 6346 6345
f 5815 6345 5816
f 6339 5817 6341
f 6341 5817 5816
f 6341 5816 6343
f 6343 5816 6345
f 6339 6338 5817
f 5817 6338 6336
f 5817 6336 5818
f 6256 5801 6249
f 6249 5801 5818
f 6249 5818 6335
f 6335 5818 6336
f 6256 6255 5801
f 5801 6255 6253
f 5801 6253 5799
f 6330 5772 6332
f 6332 5772 5799
f 6332 5799 6333
f 6333 5799 6253
f 6330 6329 5772
f 5772 6329 6327
f 5772 6327 5770
f 6322 5797 6324
f 6324 5797 5770
f 6324 5770 6326
f 6326 5770 6327
f 6322 6321 5797
f 5797 6321 6238
f 5797 6238 5831
f 6234 5833 6240
f 6240 5833 5831
f 6240 5831 6241
f 6241 5831 6238
f 6234 6233 5833
f 5833 6233 6318
f 5833 6318 5834
f 6318 6319 5834
f 5834 6319 6314
f 5834 6314 5835
f 5835 6314 6312
f 5835 6312 6310
f 6136 6173 5995
f 5995 5993 6136
f 6136 5993 5992
f 6136 5992 6113
f 5992 5990 6113
f 6113 5990 5989
f 6113 5989 6111
f 5989 5987 6111
f 6111 5987 5986
f 6111 5986 6080
f 5986 5984 6080
f 6080 5984 5983
f 6080 5983 6081
f 5983 5981 6081
f 6081 5981 5980
f 6081 5980 6153
f 5980 5978 6153
f 6153 5978 5977
f 6153 5977 6079
f 5977 5975 6079
f 6079 5975 5974
f 6079 5974 6077
f 5974 5972 6077
f 6077 5972 5971
f 6077 5971 6075
f 5971 5969 6075
f 6075 5969 5968
f 6075 5968 6073
f 5968 5966 6073
f 6073 5966 5965
f 6073 5965 6106
f 5965 5963 6106
f 6106 5963 5962
f 6106 5962 6104
f 5962 5960 6104
f 6104 5960 5959
f 6104 5959 6101
f 5959 5957 6101
f 6101 5957 5956
f 6101 5956 6070
f 5956 5954 6070
f 6070 5954 5953
f 6070 5953 6068
f 5953 5951 6068
f 6068 5951 5950
f 6068 5950 6066
f 5950 5948 6066
f 6066 5948 5947
f 6066 5947 6064
f 5947 5945 6064
f 6064 5945 5944
f 6064 5944 6131
f 5944 5942 6131
f 6131 5942 5941
f 6131 5941 6128
f 5941 5938 6128
f 6128 5938 6054
f 6128 6054 6096
f 6054 6053 6096
f 6096 6053 6052
f 6096 6052 6094
f 6052 6050 6094
f 6094 6050 6049
f 6094 6049 6092
f 6049 6047 6092
f 6092 6047 6046
f 6092 6046 6090
f 6046 6044 6090
f 6090 6044 6043
f 6090 6043 6177
f 6043 6041 6177
f 6177 6041 6040
f 6177 6040 6168
f 6040 6038 6168
f 6168 6038 6037
f 6168 6037 6125
f 6037 6035 6125
f 6125 6035 6034
f 6125 6034 6123
f 6034 6032 6123
f 6123 6032 6031
f 6123 6031 6121
f 6031 6029 6121
f 6121 6029 6028
f 6121 6028 6119
f 6028 6026 6119
f 6119 6026 6025
f 6119 6025 6117
f 6025 6023 6117
f 6117 6023 6022
f 6117 6022 6163
f 6022 6020 6163
f 6163 6020 6019
f 6163 6019 6160
f 6019 6017 6160
f 6160 6017 6016
f 6160 6016 6158
f 6016 6014 6158
f 6158 6014 6013
f 6158 6013 6085
f 6013 6011 6085
f 6085 6011 6010
f 6085 6010 6083
f 6010 6008 6083
f 6083 6008 6007
f 6083 6007 6141
f 6007 6005 6141
f 6141 6005 6004
f 6141 6004 6139
f 6004 6002 6139
f 6139 6002 6001
f 6139 6001 6171
f 6001 5999 6171
f 6171 5999 5998
f 6171 5998 6173
f 6173 5998 5996
f 6173 5996 5995
f 5949 5922 5926
f 5922 5949 5923
f 5923 5949 5952
f 5923 5952 5924
f 5924 5952 5955
f 5924 5955 5925
f 5925 5955 5958
f 5925 5958 5918
f 5918 5958 5961
f 5918 5961 5916
f 5916 5961 5964
f 5916 5964 5914
f 5914 5964 5967
f 5914 5967 5911
f 5911 5967 5970
f 5911 5970 5909
f 5909 5970 5973
f 5909 5973 5907
f 5907 5973 5976
f 5907 5976 5901
f 5901 5976 5979
f 5901 5979 5900
f 5900 5979 5982
f 5900 5982 5765
f 5765 5982 5985
f 5765 5985 5763
f 5763 5985 5988
f 5763 5988 5895
f 5895 5988 5991
f 5895 5991 5897
f 5897 5991 5994
f 5897 5994 5891
f 5891 5994 5997
f 5891 5997 5890
f 5890 5997 6000
f 5890 6000 5888
f 5888 6000 6003
f 5888 6003 5886
f 5886 6003 6006
f 5886 6006 5884
f 5884 6006 5883
f 5883 6006 6009
f 5883 6009 5882
f 5882 6009 6012
f 5882 6012 5881
f 5881 6012 6015
f 5881 6015 5861
f 5861 6015 6018
f 5861 6018 5862
f 5862 6018 6021
f 5862 6021 5867
f 5867 6021 6024
f 5867 6024 5869
f 5869 6024 6027
f 5869 6027 5871
f 5871 6027 6030
f 5871 6030 5874
f 5874 6030 6033
f 5874 6033 5858
f 5858 6033 6036
f 5858 6036 5859
f 5859 6036 6039
f 5859 6039 5860
f 6042 5855 6039
f 6039 5855 5854
f 6039 5854 5860
f 5926 5927 5949
f 5949 5927 5931
f 5949 5931 5946
f 5946 5931 5933
f 5946 5933 5943
f 5943 5933 5936
f 5943 5936 5939
f 5939 5936 5846
f 5939 5846 5940
f 5940 5846 5853
f 5940 5853 6051
f 6051 5853 5849
f 6051 5849 6048
f 6048 5849 5850
f 6048 5850 6045
f 6045 5850 5852
f 6045 5852 6042
f 6042 5852 5856
f 6042 5856 5855
f 6377 6375 5880
f 6221 6145 6144
f 5875 5876 6222
f 5880 6375 5877
f 6375 6374 5877
f 5877 6374 6373
f 5877 6373 5876
f 5876 6373 6224
f 5876 6224 6222
f 6377 5880 6227
f 6227 5880 5879
f 6227 5879 6228
f 6228 5879 5878
f 6228 5878 6404
f 6404 5878 6405
f 6405 5878 5865
f 6405 5865 6231
f 6231 5865 6230
f 6230 5865 5864
f 6230 5864 6088
f 6222 6221 5875
f 5875 6221 6144
f 5875 6144 5873
f 5873 6144 6124
f 5873 6124 5872
f 5872 6124 6122
f 5872 6122 5870
f 5870 6122 6120
f 5870 6120 5868
f 5868 6120 6118
f 5868 6118 5866
f 5866 6118 6165
f 5866 6165 5863
f 5863 6165 6164
f 5863 6164 5864
f 5864 6164 6089
f 5864 6089 6088
f 6220 5837 5824
f 6208 6098 6097
f 6208 6097 5844
f 5937 5843 6304
f 6304 6211 5937
f 5937 6211 6213
f 5937 6213 5844
f 5844 6213 6209
f 5844 6209 6208
f 5839 6214 5841
f 5841 6214 6300
f 5841 6300 5843
f 5843 6300 6302
f 5843 6302 6304
f 5838 6382 5839
f 5839 6382 6215
f 5839 6215 6214
f 6220 6232 5837
f 5837 6232 6218
f 5837 6218 5838
f 5838 6218 6217
f 5838 6217 6382
f 6062 6220 6063
f 6063 6220 5824
f 6063 5824 6178
f 6178 5824 5823
f 6178 5823 6179
f 6179 5823 5857
f 6179 5857 6091
f 6091 5857 5851
f 6091 5851 6093
f 6093 5851 5848
f 6093 5848 6095
f 6095 5848 5847
f 6095 5847 6097
f 6097 5847 5845
f 6097 5845 5844
f 6245 6072 6071
f 5794 5798 6236
f 6202 5795 6244
f 6244 5795 5794
f 6244 5794 6243
f 6243 5794 6236
f 5832 6235 5830
f 5830 6235 6239
f 5830 6239 5798
f 5798 6239 6237
f 5798 6237 6236
f 5793 6386 5832
f 5832 6386 6316
f 5832 6316 6235
f 5790 6207 5791
f 5791 6207 6205
f 5791 6205 5793
f 5793 6205 6204
f 5793 6204 6386
f 6056 6207 6057
f 6057 6207 5790
f 6057 5790 6132
f 6132 5790 5935
f 6132 5935 6133
f 6133 5935 5934
f 6133 5934 6065
f 6065 5934 5932
f 6065 5932 6067
f 6067 5932 5930
f 6067 5930 6069
f 6069 5930 5929
f 6069 5929 6071
f 6071 5929 5928
f 6071 5928 6245
f 6245 5928 5795
f 6245 5795 6201
f 6201 5795 6202
f 6254 6248 5920
f 6197 6148 6147
f 5906 5905 6198
f 5920 6248 5921
f 6248 6247 5921
f 5921 6247 6258
f 5921 6258 5905
f 5905 6258 6259
f 5905 6259 6198
f 6254 5920 6252
f 6252 5920 5919
f 6252 5919 6250
f 6250 5919 5904
f 6250 5904 6390
f 6390 5904 6391
f 6391 5904 5903
f 6391 5903 6246
f 6246 5903 6200
f 6200 5903 5902
f 6200 5902 6059
f 6198 6197 5906
f 5906 6197 6147
f 5906 6147 5908
f 5908 6147 6078
f 5908 6078 5910
f 5910 6078 6076
f 5910 6076 5912
f 5912 6076 6074
f 5912 6074 5913
f 5913 6074 6108
f 5913 6108 5915
f 5915 6108 6107
f 5915 6107 5917
f 5917 6107 6105
f 5917 6105 5902
f 5902 6105 6060
f 5902 6060 6059
f 6196 5803 5806
f 6187 6138 6137
f 6187 6137 5807
f 5809 5811 6269
f 6269 6190 5809
f 5809 6190 6192
f 5809 6192 5807
f 5807 6192 6188
f 5807 6188 6187
f 5814 6263 5812
f 5812 6263 6265
f 5812 6265 5811
f 5811 6265 6267
f 5811 6267 6269
f 5804 6396 5814
f 5814 6396 6261
f 5814 6261 6263
f 6196 6260 5803
f 5803 6260 6194
f 5803 6194 5804
f 5804 6194 6193
f 5804 6193 6396
f 6150 6196 6082
f 6082 6196 5806
f 6082 5806 6109
f 6109 5806 5892
f 6109 5892 6110
f 6110 5892 5893
f 6110 5893 6112
f 6112 5893 5894
f 6112 5894 6134
f 6134 5894 5899
f 6134 5899 6135
f 6135 5899 5898
f 6135 5898 6137
f 6137 5898 5896
f 6137 5896 5807
f 6283 6156 6086
f 5787 5786 6278
f 6181 5788 6280
f 6280 5788 5787
f 6280 5787 6282
f 6282 5787 6278
f 5782 6273 5784
f 5784 6273 6274
f 5784 6274 5786
f 5786 6274 6276
f 5786 6276 6278
f 5780 6400 5782
f 5782 6400 6359
f 5782 6359 6273
f 5773 6186 5774
f 5774 6186 6184
f 5774 6184 5780
f 5780 6184 6183
f 5780 6183 6400
f 6115 6186 6116
f 6116 6186 5773
f 6116 5773 6176
f 6176 5773 5889
f 6176 5889 6140
f 6140 5889 5887
f 6140 5887 6142
f 6142 5887 5885
f 6142 5885 6143
f 6143 5885 5778
f 6143 5778 6084
f 6084 5778 5777
f 6084 5777 6086
f 6086 5777 5789
f 6086 5789 6283
f 6283 5789 5788
f 6283 5788 6180
f 6180 5788 6181
f 6410 6411 6412
f 6413 6414 6415
f 6416 6417 6418
f 6418 6417 6419
f 6419 6417 6420
f 6419 6420 6421
f 6422 6423 6424
f 6425 6426 6427
f 6425 6427 6428
f 6428 6427 6429
f 6428 6429 6430
f 6418 6431 6416
f 6416 6431 6432
f 6416 6432 6433
f 6433 6432 6430
f 6433 6430 6434
f 6434 6430 6429
f 6414 6435 6415
f 6415 6435 6436
f 6415 6436 6422
f 6422 6436 6437
f 6422 6437 6423
f 6438 6439 6412
f 6412 6439 6440
f 6412 6440 6441
f 6410 6412 6442
f 6443 6442 6415
f 6415 6442 6412
f 6415 6412 6413
f 6413 6412 6441
f 6444 6422 6425
f 6425 6422 6424
f 6425 6424 6426
f 6444 6445 6422
f 6422 6445 6446
f 6422 6446 6415
f 6415 6446 6447
f 6415 6447 6443
f 6448 6449 6450
f 6451 6452 6453
f 6454 6455 6456
f 6456 6455 6457
f 6456 6457 6458
f 6458 6457 6459
f 6459 6457 6460
f 6459 6460 6461
f 6461 6460 6462
f 6461 6462 6463
f 6462 6464 6463
f 6463 6464 6465
f 6463 6465 6466
f 6466 6465 6467
f 6466 6467 6468
f 6468 6451 6466
f 6466 6451 6453
f 6466 6453 6469
f 6469 6453 6470
f 6450 6471 6453
f 6453 6471 6472
f 6453 6472 6470
f 6473 6474 6475
f 6475 6474 6476
f 6475 6476 6450
f 6450 6476 6477
f 6450 6477 6471
f 6450 6449 6475
f 6475 6449 6478
f 6475 6478 6479
f 6479 6480 6475
f 6475 6480 6481
f 6475 6481 6482
f 6452 6483 6453
f 6453 6483 6484
f 6453 6484 6450
f 6450 6484 6485
f 6450 6485 6448
f 6486 6487 6488
f 6489 6490 6491
f 6492 6493 6494
f 6494 6493 6495
f 6488 6496 6486
f 6486 6496 6497
f 6486 6497 6498
f 6498 6497 6499
f 6498 6499 6500
f 6501 6502 6495
f 6502 6501 6503
f 6503 6501 6504
f 6503 6504 6505
f 6505 6504 6506
f 6505 6506 6507
f 6508 6509 6510
f 6510 6509 6511
f 6510 6511 6512
f 6513 6514 6515
f 6515 6514 6516
f 6515 6516 6517
f 6517 6516 6518
f 6517 6518 6508
f 6508 6518 6519
f 6508 6519 6509
f 6507 6520 6505
f 6505 6520 6521
f 6505 6521 6487
f 6487 6521 6522
f 6487 6522 6488
f 6494 6523 6492
f 6492 6523 6510
f 6492 6510 6524
f 6524 6510 6512
f 6524 6512 6525
f 6526 6527 6491
f 6491 6527 6528
f 6491 6528 6529
f 6493 6530 6495
f 6495 6530 6531
f 6495 6531 6532
f 6529 6533 6491
f 6491 6533 6534
f 6491 6534 6489
f 6490 6501 6491
f 6491 6501 6495
f 6491 6495 6535
f 6535 6495 6536
f 6532 6537 6495
f 6495 6537 6538
f 6495 6538 6536
f 6539 6540 6509
f 6509 6540 6511
f 6541 6542 6543
f 6541 6543 6544
f 6543 6545 6546
f 6535 6544 6491
f 6491 6544 6543
f 6491 6543 6547
f 6547 6543 6546
f 6548 6549 6550
f 6550 6551 6548
f 6548 6551 6552
f 6548 6552 6543
f 6543 6552 6553
f 6543 6553 6545
f 6549 6548 6554
f 6554 6548 6555
f 6554 6555 6556
f 6556 6555 6557
f 6557 6555 6558
f 6557 6558 6559
f 6559 6558 6560
f 6559 6560 6561
f 6562 6563 6564
f 6560 6562 6561
f 6561 6562 6564
f 6561 6564 6565
f 6565 6564 6566
f 6560 6558 6567
f 6568 6569 6570
f 6571 6572 6573
f 6572 6571 6562
f 6562 6571 6574
f 6562 6574 6563
f 6575 6576 6577
f 6577 6576 6578
f 6577 6578 6573
f 6573 6578 6579
f 6573 6579 6571
f 6580 6581 6577
f 6577 6581 6582
f 6577 6582 6575
f 6575 6582 6583
f 6575 6583 6584
f 6585 6586 6587
f 6588 6589 6590
f 6591 6592 6593
f 6594 6595 6570
f 6596 6597 6570
f 6570 6597 6598
f 6570 6598 6594
f 6569 6599 6570
f 6570 6599 6600
f 6570 6600 6596
f 6601 6602 6603
f 6603 6602 6604
f 6603 6604 6605
f 6605 6606 6603
f 6603 6606 6607
f 6603 6607 6539
f 6539 6607 6608
f 6539 6608 6540
f 6548 6543 6609
f 6609 6543 6542
f 6542 6568 6609
f 6609 6568 6570
f 6609 6570 6610
f 6610 6570 6611
f 6610 6611 6612
f 6612 6611 6593
f 6613 6591 6614
f 6614 6591 6593
f 6614 6593 6615
f 6615 6593 6611
f 6615 6611 6616
f 6616 6611 6570
f 6616 6570 6603
f 6603 6570 6595
f 6603 6595 6601
f 6562 6560 6572
f 6572 6560 6567
f 6572 6567 6573
f 6573 6567 6617
f 6573 6617 6577
f 6577 6617 6587
f 6577 6587 6580
f 6580 6587 6586
f 6558 6555 6567
f 6567 6555 6618
f 6567 6618 6617
f 6617 6618 6619
f 6617 6619 6587
f 6587 6619 6590
f 6587 6590 6585
f 6585 6590 6589
f 6555 6548 6618
f 6618 6548 6609
f 6618 6609 6619
f 6619 6609 6610
f 6619 6610 6590
f 6590 6610 6612
f 6590 6612 6588
f 6588 6612 6593
f 6588 6593 6620
f 6620 6593 6592
f 6621 6522 6622
f 6622 6522 6521
f 6623 6624 6625
f 6625 6624 6626
f 6627 6628 6629
f 6629 6628 6626
f 6629 6626 6630
f 6630 6626 6624
f 6630 6624 6631
f 6632 6633 6634
f 6634 6633 6635
f 6634 6635 6627
f 6627 6635 6636
f 6627 6636 6628
f 6637 6638 6632
f 6632 6638 6639
f 6632 6639 6633
f 6640 6641 6642
f 6642 6641 6643
f 6642 6643 6527
f 6527 6526 6642
f 6642 6526 6644
f 6642 6644 6645
f 6645 6646 6642
f 6642 6646 6647
f 6642 6647 6632
f 6632 6647 6648
f 6632 6648 6637
f 6649 6650 6651
f 6652 6653 6654
f 6655 6650 6656
f 6656 6650 6649
f 6656 6649 6657
f 6657 6649 6658
f 6658 6649 6659
f 6659 6649 6660
f 6659 6660 6661
f 6662 6663 6660
f 6660 6663 6664
f 6660 6664 6661
f 6665 6666 6662
f 6662 6666 6667
f 6662 6667 6663
f 6668 6669 6670
f 6670 6669 6671
f 6670 6671 6665
f 6665 6671 6672
f 6665 6672 6666
f 6673 6674 6675
f 6675 6674 6676
f 6630 6631 6677
f 6677 6631 6678
f 6677 6678 6679
f 6652 6654 6680
f 6651 6681 6682
f 6682 6683 6651
f 6651 6683 6684
f 6651 6684 6685
f 6686 6687 6688
f 6688 6687 6689
f 6689 6690 6688
f 6688 6690 6691
f 6688 6691 6692
f 6692 6693 6688
f 6688 6693 6680
f 6688 6680 6694
f 6681 6651 6695
f 6695 6651 6696
f 6695 6696 6697
f 6697 6696 6621
f 6697 6621 6622
f 6698 6627 6677
f 6677 6627 6629
f 6677 6629 6630
f 6653 6640 6654
f 6654 6640 6642
f 6654 6642 6699
f 6699 6642 6632
f 6699 6632 6698
f 6698 6632 6634
f 6698 6634 6627
f 6680 6654 6694
f 6694 6654 6699
f 6694 6699 6700
f 6700 6699 6698
f 6700 6698 6701
f 6701 6698 6677
f 6701 6677 6675
f 6675 6677 6679
f 6675 6679 6673
f 6685 6686 6651
f 6651 6686 6688
f 6651 6688 6649
f 6649 6688 6694
f 6649 6694 6660
f 6660 6694 6700
f 6660 6700 6662
f 6662 6700 6701
f 6662 6701 6665
f 6665 6701 6675
f 6665 6675 6670
f 6670 6675 6676
f 6670 6676 6668
f 6668 6676 6702
f 6668 6702 6703
f 6704 6705 6706
f 6707 6708 6709
f 6709 6708 6710
f 6709 6710 6711
f 6711 6710 6712
f 6712 6710 6713
f 6712 6713 6714
f 6714 6713 6715
f 6715 6713 6716
f 6715 6716 6717
f 6706 6705 6716
f 6716 6705 6718
f 6716 6718 6717
f 6704 6706 6719
f 6719 6706 6720
f 6719 6720 6721
f 6721 6720 6722
f 6721 6722 6723
f 6708 6707 6724
f 6724 6707 6725
f 6726 6727 6728
f 6729 6730 6731
f 6731 6730 6732
f 6731 6732 6733
f 6733 6732 6734
f 6734 6732 6735
f 6734 6735 6736
f 6736 6735 6737
f 6737 6735 6738
f 6737 6738 6739
f 6728 6727 6738
f 6738 6727 6740
f 6738 6740 6739
f 6726 6728 6741
f 6741 6728 6742
f 6741 6742 6743
f 6743 6742 6724
f 6743 6724 6725
f 6730 6729 6722
f 6722 6729 6723
f 6744 6745 6746
f 6747 6748 6749
f 6750 6751 6752
f 6752 6751 6753
f 6754 6755 6756
f 6756 6755 6757
f 6756 6757 6758
f 6758 6757 6759
f 6760 6761 6762
f 6759 6763 6758
f 6758 6763 6764
f 6758 6764 6765
f 6765 6764 6766
f 6765 6766 6767
f 6767 6766 6768
f 6767 6768 6769
f 6769 6768 6770
f 6769 6770 6771
f 6761 6760 6772
f 6773 6774 6775
f 6775 6774 6776
f 6775 6776 6777
f 6777 6776 6778
f 6777 6778 6779
f 6780 6781 6782
f 6783 6784 6774
f 6774 6784 6785
f 6774 6785 6776
f 6786 6787 6788
f 6789 6790 6791
f 6786 6788 6792
f 6793 6794 6791
f 6791 6794 6795
f 6791 6795 6789
f 6789 6795 6796
f 6789 6796 6797
f 6798 6799 6800
f 6800 6799 6801
f 6800 6801 6802
f 6803 6804 6792
f 6792 6804 6802
f 6792 6802 6805
f 6805 6802 6801
f 6798 6806 6799
f 6799 6806 6807
f 6799 6807 6808
f 6808 6807 6809
f 6808 6809 6793
f 6793 6809 6810
f 6793 6810 6794
f 6811 6812 6803
f 6792 6788 6803
f 6803 6788 6813
f 6803 6813 6811
f 6814 6815 6811
f 6811 6815 6816
f 6811 6816 6812
f 6817 6771 6814
f 6814 6771 6818
f 6814 6818 6815
f 6748 6747 6819
f 6819 6747 6820
f 6819 6820 6821
f 6821 6820 6822
f 6821 6822 6780
f 6823 6824 6789
f 6789 6824 6825
f 6789 6825 6826
f 6749 6827 6828
f 6828 6827 6823
f 6828 6823 6829
f 6829 6823 6789
f 6829 6789 6830
f 6830 6789 6797
f 6830 6797 6831
f 6831 6797 6832
f 6831 6832 6833
f 6833 6832 6834
f 6833 6834 6835
f 6835 6834 6781
f 6835 6781 6836
f 6836 6781 6780
f 6836 6780 6837
f 6837 6780 6822
f 6760 6838 6839
f 6840 6841 6842
f 6842 6841 6750
f 6842 6750 6843
f 6843 6750 6752
f 6843 6752 6844
f 6842 6838 6840
f 6840 6838 6760
f 6840 6760 6845
f 6845 6760 6762
f 6845 6762 6754
f 6754 6762 6846
f 6754 6846 6755
f 6847 6848 6849
f 6826 6850 6789
f 6789 6850 6851
f 6789 6851 6790
f 6790 6851 6848
f 6790 6848 6852
f 6852 6848 6847
f 6773 6853 6774
f 6774 6853 6854
f 6774 6854 6855
f 6855 6854 6856
f 6855 6856 6857
f 6839 6858 6760
f 6760 6858 6859
f 6760 6859 6860
f 6856 6746 6857
f 6857 6746 6745
f 6857 6745 6861
f 6861 6745 6744
f 6861 6744 6862
f 6862 6744 6863
f 6862 6863 6864
f 6778 6865 6779
f 6779 6865 6772
f 6779 6772 6866
f 6866 6772 6760
f 6866 6760 6864
f 6864 6760 6860
f 6864 6860 6862
f 6867 6868 6869
f 6869 6868 6870
f 6869 6870 6871
f 6871 6870 6813
f 6871 6813 6849
f 6849 6813 6788
f 6849 6788 6847
f 6847 6788 6787
f 6749 6748 6827
f 6827 6748 6819
f 6827 6819 6872
f 6872 6819 6821
f 6872 6821 6873
f 6855 6874 6875
f 6876 6877 6821
f 6821 6877 6878
f 6821 6878 6873
f 6873 6878 6879
f 6873 6879 6880
f 6880 6879 6881
f 6880 6881 6882
f 6882 6881 6883
f 6882 6883 6884
f 6883 6885 6884
f 6884 6885 6886
f 6884 6886 6887
f 6887 6886 6888
f 6887 6888 6889
f 6889 6888 6890
f 6861 6891 6857
f 6857 6891 6889
f 6857 6889 6855
f 6855 6889 6890
f 6855 6890 6874
f 6892 6893 6894
f 6894 6895 6892
f 6892 6895 6844
f 6892 6844 6817
f 6817 6844 6752
f 6817 6752 6771
f 6771 6752 6753
f 6771 6753 6769
f 6782 6783 6780
f 6780 6783 6774
f 6780 6774 6821
f 6821 6774 6855
f 6821 6855 6876
f 6876 6855 6875
f 6896 6500 6499
f 6897 6898 6899
f 6897 6899 6900
f 6900 6899 6901
f 6901 6899 6902
f 6901 6902 6903
f 6896 6499 6898
f 6902 6904 6903
f 6903 6904 6905
f 6903 6905 6906
f 6906 6905 6907
f 6906 6907 6908
f 6513 6909 6514
f 6514 6909 6910
f 6514 6910 6911
f 6910 6912 6911
f 6911 6912 6913
f 6911 6913 6914
f 6907 6915 6908
f 6908 6915 6916
f 6908 6916 6914
f 6914 6916 6917
f 6914 6917 6911
f 6616 6603 6518
f 6518 6603 6539
f 6518 6539 6519
f 6918 6919 6516
f 6516 6919 6920
f 6920 6613 6516
f 6516 6613 6614
f 6516 6614 6518
f 6518 6614 6615
f 6518 6615 6616
f 6911 6921 6922
f 6923 6514 6924
f 6924 6514 6911
f 6924 6911 6925
f 6925 6911 6922
f 6923 6926 6514
f 6514 6926 6927
f 6514 6927 6516
f 6516 6927 6928
f 6516 6928 6918
f 6929 6930 6499
f 6898 6499 6899
f 6899 6499 6930
f 6899 6930 6931
f 6931 6932 6899
f 6899 6932 6933
f 6899 6933 6934
f 6935 6936 6497
f 6936 6937 6497
f 6497 6937 6938
f 6497 6938 6499
f 6499 6938 6939
f 6499 6939 6929
f 6696 6496 6621
f 6621 6496 6488
f 6696 6651 6496
f 6496 6651 6650
f 6496 6650 6497
f 6497 6650 6655
f 6497 6655 6935
f 6940 6941 6942
f 6942 6941 6943
f 6942 6943 6944
f 6945 6946 6947
f 6947 6946 6948
f 6947 6948 6949
f 6949 6948 6950
f 6949 6950 6951
f 6951 6950 6952
f 6951 6952 6940
f 6940 6952 6953
f 6940 6953 6941
f 6954 6955 6956
f 6954 6956 6957
f 6945 6958 6946
f 6946 6958 6959
f 6946 6959 6960
f 6960 6959 6961
f 6960 6961 6962
f 6962 6961 6963
f 6962 6963 6964
f 6964 6963 6965
f 6964 6965 6966
f 6966 6965 6957
f 6966 6957 6967
f 6967 6957 6956
f 6968 6969 6970
f 6970 6969 6971
f 6972 6973 6974
f 6974 6973 6971
f 6974 6971 6975
f 6975 6971 6969
f 6972 6976 6973
f 6973 6976 6977
f 6973 6977 6942
f 6942 6977 6978
f 6942 6978 6940
f 6957 6979 6954
f 6954 6979 6980
f 6954 6980 6981
f 6982 6983 6984
f 6984 6983 6981
f 6984 6981 6985
f 6985 6981 6980
f 6986 6987 6988
f 6988 6987 6983
f 6988 6983 6989
f 6989 6983 6982
f 6990 6991 6992
f 6993 6994 6995
f 6990 6992 6996
f 6990 6997 6991
f 6991 6997 6998
f 6991 6998 6999
f 6998 7000 6999
f 6999 7000 6993
f 6999 6993 7001
f 7001 6993 6995
f 6992 7002 6996
f 6996 7002 7003
f 6996 7003 7004
f 7004 7003 6970
f 7004 6970 7005
f 6970 6971 7005
f 7005 6971 6973
f 7005 6973 7006
f 7006 6973 6942
f 7006 6942 6944
f 6955 6954 7007
f 7007 6954 6981
f 7007 6981 7008
f 7008 6981 6983
f 7008 6983 7009
f 7009 6983 6987
f 7009 6987 6994
f 6994 6987 7010
f 6994 7010 6995
f 7011 7012 7013
f 7011 7013 7014
f 7014 7013 7015
f 7014 7015 7016
f 7016 7015 7017
f 7016 7017 7018
f 7018 7017 7019
f 7018 7019 7020
f 7020 7019 7021
f 7020 7021 7022
f 7022 7021 7023
f 7022 7023 7024
f 7024 7023 7025
f 7024 7025 7026
f 7026 7025 7027
f 7027 7025 7028
f 7027 7028 7029
f 7029 7028 7030
f 7029 7030 7031
f 7031 7030 7032
f 7031 7032 7033
f 7033 7032 7034
f 7033 7034 7035
f 7035 7034 7036
f 7035 7036 7037
f 7037 7036 7038
f 7037 7038 7039
f 7040 7012 7011
f 7041 7042 7043
f 7043 7042 7044
f 7043 7045 7041
f 7041 7045 7046
f 7041 7046 7047
f 7046 7048 7047
f 7047 7048 7049
f 7047 7049 7050
f 7050 7049 7051
f 7050 7051 7052
f 7052 7051 7053
f 7052 7053 7054
f 7054 7053 7055
f 7042 7040 7044
f 7044 7040 7011
f 7044 7011 7056
f 7056 7011 7014
f 7056 7014 7057
f 7057 7014 7058
f 7058 7014 7016
f 7058 7016 7059
f 7059 7016 7060
f 7060 7016 7018
f 7060 7018 7061
f 7061 7018 7062
f 7062 7018 7020
f 7062 7020 7063
f 7063 7020 7064
f 7064 7020 7022
f 7064 7022 7065
f 7065 7022 7066
f 7066 7022 7024
f 7066 7024 7067
f 7067 7024 7068
f 7068 7024 7026
f 7068 7026 7069
f 7069 7026 7070
f 7070 7026 7027
f 7070 7027 7071
f 7071 7027 7072
f 7072 7027 7029
f 7072 7029 7073
f 7073 7029 7074
f 7074 7029 7031
f 7074 7031 7075
f 7075 7031 7076
f 7076 7031 7033
f 7076 7033 7077
f 7077 7033 7078
f 7078 7033 7035
f 7078 7035 7079
f 7079 7035 7080
f 7080 7035 7037
f 7080 7037 7055
f 7055 7037 7039
f 7055 7039 7054
f 7081 7007 7008
f 7006 7082 7036
f 7082 7083 7036
f 7036 7083 7084
f 7036 7084 7038
f 7013 7085 7015
f 7015 7085 7086
f 7015 7086 7087
f 7087 7081 7015
f 7015 7081 7008
f 7015 7008 7017
f 7017 7008 7009
f 7017 7009 7019
f 7019 7009 6994
f 7019 6994 7021
f 7021 6994 6993
f 7021 6993 7023
f 7023 6993 7000
f 7023 7000 7025
f 7025 7000 6998
f 7025 6998 7028
f 7028 6998 6997
f 7028 6997 7030
f 7030 6997 6990
f 7030 6990 7032
f 7032 6990 6996
f 7032 6996 7034
f 7034 6996 7004
f 7034 7004 7036
f 7036 7004 7005
f 7036 7005 7006
f 7088 6515 6517
f 7089 7090 7091
f 7091 7090 7092
f 7091 7092 7093
f 7094 7095 7096
f 7094 7096 6498
f 7095 7097 7096
f 7096 7097 7098
f 7096 7098 7099
f 7093 7088 7091
f 7091 7088 6517
f 7091 6517 7100
f 7100 6517 6508
f 7100 6508 7101
f 7101 6508 6510
f 7101 6510 7102
f 7102 6510 6523
f 7102 6523 7103
f 7103 6523 6494
f 7103 6494 7104
f 7104 6494 6495
f 7104 6495 7105
f 7105 6495 6502
f 7105 6502 7106
f 7106 6502 6503
f 7106 6503 7107
f 7107 6503 6505
f 7107 6505 7108
f 7108 6505 6487
f 7108 6487 7096
f 7096 6487 6486
f 7096 6486 6498
f 7104 7105 7109
f 7109 7105 7110
f 7110 7105 7106
f 7110 7106 7111
f 7111 7106 7107
f 7111 7107 7112
f 7112 7107 7108
f 7112 7108 7113
f 7113 7108 7096
f 7113 7096 7114
f 7114 7096 7099
f 7114 7099 7115
f 7109 7116 7104
f 7104 7116 7117
f 7104 7117 7103
f 7103 7117 7118
f 7103 7118 7102
f 7102 7118 7119
f 7102 7119 7101
f 7101 7119 7120
f 7101 7120 7100
f 7100 7120 7121
f 7100 7121 7091
f 7091 7121 7122
f 7091 7122 7089
f 7089 7122 7123
f 7089 7123 7124
f 7125 7124 7123
f 7126 7127 7128
f 7128 7127 7129
f 7128 7130 7126
f 7126 7130 7131
f 7126 7131 7132
f 7131 7133 7132
f 7132 7133 7134
f 7132 7134 7135
f 7135 7134 7136
f 7135 7136 7137
f 7137 7136 7138
f 7137 7138 7139
f 7139 7138 7140
f 7139 7140 7115
f 7115 7140 7114
f 7114 7140 7141
f 7114 7141 7113
f 7141 7142 7113
f 7113 7142 7143
f 7113 7143 7112
f 7143 7144 7112
f 7112 7144 7145
f 7112 7145 7111
f 7145 7146 7111
f 7111 7146 7147
f 7111 7147 7110
f 7147 7148 7110
f 7110 7148 7149
f 7110 7149 7109
f 7149 7150 7109
f 7109 7150 7151
f 7109 7151 7116
f 7151 7152 7116
f 7116 7152 7153
f 7116 7153 7117
f 7153 7154 7117
f 7117 7154 7155
f 7117 7155 7118
f 7155 7156 7118
f 7118 7156 7157
f 7118 7157 7119
f 7157 7158 7119
f 7119 7158 7159
f 7119 7159 7120
f 7159 7160 7120
f 7120 7160 7161
f 7120 7161 7121
f 7161 7162 7121
f 7121 7162 7163
f 7121 7163 7122
f 7127 7125 7129
f 7129 7125 7123
f 7129 7123 7164
f 7164 7123 7122
f 7164 7122 7165
f 7165 7122 7163
f 7166 7167 7168
f 7168 7167 7169
f 7168 7169 7170
f 7170 7171 7168
f 7168 7171 7172
f 7168 7172 7173
f 7174 7167 7175
f 7175 7167 7166
f 7175 7166 7176
f 7176 7166 7177
f 7176 7177 7178
f 7178 7177 7179
f 7178 7179 7180
f 7180 7179 7181
f 7181 7179 7182
f 7182 7179 7183
f 7182 7183 7184
f 7184 7183 7185
f 7184 7185 7186
f 7186 7185 7187
f 7186 7187 7188
f 7189 7190 7191
f 7191 7190 7188
f 7191 7188 7192
f 7192 7188 7187
f 7193 7194 7195
f 7195 7194 7196
f 7195 7196 7197
f 7197 7196 7198
f 7197 7198 7189
f 7189 7198 7199
f 7189 7199 7190
f 7200 7201 7202
f 7203 7204 7202
f 7202 7204 7205
f 7202 7205 7200
f 7206 7207 7208
f 7201 7209 7202
f 7202 7209 7206
f 7202 7206 7210
f 7210 7206 7208
f 7203 7202 7211
f 7211 7202 7212
f 7211 7212 7213
f 7214 7215 7216
f 7214 7216 7217
f 7173 7218 7168
f 7168 7218 7219
f 7168 7219 7216
f 7216 7219 7220
f 7216 7220 7217
f 7215 7221 7216
f 7216 7221 7222
f 7216 7222 7212
f 7212 7222 7223
f 7212 7223 7213
f 6702 7224 7225
f 7225 7226 6702
f 6702 7226 7227
f 6702 7227 6703
f 7228 7229 7230
f 7231 7232 7233
f 7233 7232 7234
f 7234 7235 7233
f 7233 7235 7236
f 7233 7236 7237
f 7229 7238 7230
f 7230 7238 7239
f 7230 7239 7240
f 7240 7239 7241
f 7240 7241 7242
f 7242 7241 7243
f 7242 7243 7244
f 7244 7243 7237
f 7244 7237 7245
f 7245 7237 7236
f 7246 7247 7248
f 7248 7247 7249
f 7248 7249 7250
f 7250 7249 7251
f 7233 7252 6474
f 6474 6473 7233
f 7233 6473 7253
f 7233 7253 7231
f 7253 7254 7231
f 7231 7254 7255
f 7231 7255 7256
f 7256 7255 7257
f 7256 7257 7251
f 7251 7257 7258
f 7251 7258 7250
f 7246 7259 7247
f 7247 7259 7260
f 7247 7260 7261
f 7261 7260 7262
f 7263 7264 7265
f 7265 7264 7266
f 7262 7260 7266
f 7266 7260 7267
f 7266 7267 7265
f 7268 7269 7270
f 7270 7269 7271
f 7270 7271 7272
f 7272 7271 7273
f 7272 7273 7274
f 7274 7273 7275
f 7274 7275 7276
f 7276 7275 7277
f 7276 7277 7278
f 7278 7277 7279
f 7278 7279 7280
f 7280 7279 7281
f 7280 7281 7282
f 7282 7281 7283
f 7282 7283 7284
f 7284 7283 7285
f 7284 7285 7286
f 7286 7285 7287
f 7286 7287 7263
f 7263 7287 7288
f 7263 7288 7264
f 7289 7290 7291
f 7291 7292 7289
f 7289 7292 7293
f 7289 7293 7294
f 7294 7293 7295
f 7294 7295 7296
f 7296 7295 7297
f 7270 7298 7268
f 7268 7298 7299
f 7268 7299 7300
f 7300 7299 7301
f 7300 7301 7290
f 7290 7301 7302
f 7290 7302 7291
f 7230 7303 7228
f 7228 7303 7304
f 7228 7304 7296
f 7296 7304 7305
f 7296 7305 7306
f 7306 7307 7296
f 7296 7307 7308
f 7296 7308 7294
f 7309 7310 7311
f 7311 7310 7312
f 7311 7312 7313
f 7313 7312 7314
f 7313 7314 7315
f 7315 7314 7316
f 7315 7316 7317
f 7317 7316 7318
f 7317 7318 7319
f 6431 6418 7320
f 7320 6418 6419
f 7320 6419 7309
f 7309 6419 7321
f 7309 7321 7310
f 7322 6444 6425
f 6425 6428 7322
f 7322 6428 6430
f 7322 6430 7320
f 7320 6430 6432
f 7320 6432 6431
f 7297 6411 7296
f 7296 6411 6410
f 7296 6410 7323
f 7323 6410 6442
f 7323 6442 6443
f 6443 6447 7323
f 7323 6447 6446
f 7323 6446 7322
f 7322 6446 6445
f 7322 6445 6444
f 7252 7324 6469
f 6469 6470 7252
f 7252 6470 6472
f 7252 6472 6471
f 6471 6477 7252
f 7252 6477 6476
f 7252 6476 6474
f 6461 7324 6459
f 6459 7324 7325
f 6461 6463 7324
f 7324 6463 6466
f 7324 6466 6469
f 7326 6456 7325
f 7325 6456 6458
f 7325 6458 6459
f 7325 7327 7326
f 7326 7327 7328
f 7326 7328 7329
f 7329 7328 7330
f 7329 7330 7331
f 7331 7330 7332
f 7331 7332 7333
f 7333 7332 7334
f 7333 7334 7335
f 7335 7334 7336
f 7335 7336 7337
f 6522 6621 6488
f 6539 6509 6519
f 7338 7339 7340
f 7341 7314 7312
f 7342 7343 7341
f 7341 7343 7344
f 7341 7344 7345
f 7346 7347 7348
f 7348 7347 7349
f 7329 7348 7326
f 7326 7348 6454
f 7326 6454 6456
f 7312 7310 7341
f 7341 7310 7321
f 7341 7321 6421
f 6421 7321 6419
f 7350 7351 7341
f 7341 7351 7352
f 7341 7352 7353
f 7353 7354 7341
f 7341 7354 7355
f 7341 7355 7342
f 7356 7357 7339
f 7339 7357 7358
f 7339 7358 7359
f 7349 7360 7348
f 7348 7360 7361
f 7348 7361 7341
f 7341 7361 7362
f 7341 7362 7350
f 7345 7363 7341
f 7341 7363 7364
f 7341 7364 7314
f 7314 7364 7365
f 7314 7365 7316
f 7316 7365 7318
f 7366 7340 7367
f 7367 7340 7339
f 7367 7339 7368
f 7368 7339 7359
f 7352 7369 7353
f 7353 7369 7370
f 7353 7370 7340
f 7340 7370 7371
f 7340 7371 7338
f 7372 7373 7337
f 7337 7373 7374
f 7337 7374 7375
f 7329 7331 7348
f 7348 7331 7333
f 7348 7333 7346
f 7346 7333 7335
f 7346 7335 7339
f 7339 7335 7337
f 7339 7337 7356
f 7356 7337 7375
f 7365 7376 7318
f 7318 7376 7377
f 7318 7377 7378
f 7378 7379 7318
f 7318 7379 7380
f 7318 7380 7381
f 7337 7382 7383
f 7383 7384 7337
f 7337 7384 7385
f 7337 7385 7372
f 7386 7010 6986
f 6986 7010 6987
f 6968 6970 7387
f 7387 6970 7003
f 7069 7388 7389
f 7069 7070 7388
f 7388 7070 7071
f 7388 7071 7390
f 7390 7071 7072
f 7390 7072 7391
f 7072 7073 7391
f 7391 7073 7074
f 7391 7074 7392
f 7074 7075 7392
f 7392 7075 7076
f 7392 7076 7393
f 7076 7077 7393
f 7393 7077 7078
f 7393 7078 7394
f 7078 7079 7394
f 7394 7079 7080
f 7394 7080 7395
f 7080 7055 7395
f 7395 7055 7053
f 7395 7053 7396
f 7053 7051 7396
f 7396 7051 7049
f 7396 7049 7397
f 7397 7049 7048
f 7397 7048 7398
f 7048 7046 7398
f 7398 7046 7045
f 7398 7045 7399
f 7045 7043 7399
f 7399 7043 7044
f 7399 7044 7400
f 7044 7056 7400
f 7400 7056 7057
f 7400 7057 7401
f 7057 7058 7401
f 7401 7058 7059
f 7401 7059 7402
f 7059 7060 7402
f 7402 7060 7061
f 7402 7061 7403
f 7061 7062 7403
f 7403 7062 7063
f 7403 7063 7404
f 7063 7064 7404
f 7404 7064 7065
f 7404 7065 7405
f 7065 7066 7405
f 7405 7066 7067
f 7405 7067 7389
f 7389 7067 7068
f 7389 7068 7069
f 7406 7407 7389
f 7389 7407 7408
f 7389 7408 7405
f 7405 7408 7409
f 7405 7409 7404
f 7404 7409 7410
f 7404 7410 7403
f 7403 7410 7411
f 7403 7411 7402
f 7402 7411 7412
f 7402 7412 7401
f 7401 7412 7413
f 7401 7413 7400
f 7400 7413 7414
f 7400 7414 7399
f 7399 7414 7415
f 7399 7415 7398
f 7398 7415 7416
f 7398 7416 7397
f 7397 7416 7417
f 7397 7417 7396
f 7396 7417 7418
f 7396 7418 7395
f 7395 7418 7419
f 7395 7419 7394
f 7394 7419 7420
f 7394 7420 7393
f 7393 7420 7421
f 7393 7421 7392
f 7392 7421 7422
f 7392 7422 7391
f 7391 7422 7423
f 7391 7423 7390
f 7390 7423 7424
f 7390 7424 7388
f 7388 7424 7406
f 7388 7406 7389
f 7425 7417 7426
f 7426 7417 7416
f 7426 7416 7427
f 7427 7416 7415
f 7427 7415 7428
f 7428 7415 7414
f 7428 7414 7429
f 7429 7414 7413
f 7429 7413 7430
f 7430 7413 7412
f 7430 7412 7431
f 7431 7412 7411
f 7431 7411 7432
f 7432 7411 7410
f 7432 7410 7433
f 7433 7410 7409
f 7433 7409 7434
f 7434 7409 7408
f 7434 7408 7435
f 7435 7408 7407
f 7435 7407 7436
f 7436 7407 7406
f 7436 7406 7437
f 7437 7406 7424
f 7437 7424 7438
f 7438 7424 7423
f 7438 7423 7439
f 7439 7423 7422
f 7439 7422 7440
f 7440 7422 7421
f 7440 7421 7441
f 7441 7421 7420
f 7441 7420 7442
f 7442 7420 7419
f 7442 7419 7443
f 7443 7419 7418
f 7443 7418 7425
f 7425 7418 7417
f 7442 7443 7444
f 7444 7445 7442
f 7442 7445 7446
f 7442 7446 7441
f 7446 7447 7441
f 7441 7447 7448
f 7441 7448 7440
f 7448 7449 7440
f 7440 7449 7450
f 7440 7450 7439
f 7450 7451 7439
f 7439 7451 7452
f 7439 7452 7438
f 7452 7453 7438
f 7438 7453 7454
f 7438 7454 7437
f 7454 7455 7437
f 7437 7455 7456
f 7437 7456 7436
f 7456 7457 7436
f 7436 7457 7458
f 7436 7458 7435
f 7459 7433 7434
f 7458 7460 7435
f 7435 7460 7461
f 7435 7461 7434
f 7434 7461 7462
f 7434 7462 7459
f 7459 7463 7433
f 7433 7463 7464
f 7433 7464 7432
f 7432 7464 7465
f 7432 7465 7431
f 7465 7466 7431
f 7431 7466 7467
f 7431 7467 7430
f 7467 7468 7430
f 7430 7468 7469
f 7430 7469 7429
f 7469 7470 7429
f 7429 7470 7471
f 7429 7471 7428
f 7471 7472 7428
f 7428 7472 7473
f 7428 7473 7427
f 7473 7474 7427
f 7427 7474 7475
f 7427 7475 7426
f 7475 7476 7426
f 7426 7476 7477
f 7426 7477 7425
f 7425 7477 7478
f 7425 7478 7443
f 7443 7478 7479
f 7443 7479 7444
f 7462 7461 7240
f 7240 7461 7230
f 7230 7461 7460
f 7230 7460 7303
f 7303 7460 7458
f 7303 7458 7304
f 7304 7458 7305
f 7305 7458 7457
f 7305 7457 7306
f 7306 7457 7456
f 7306 7456 7307
f 7307 7456 7455
f 7307 7455 7308
f 7308 7455 7454
f 7308 7454 7294
f 7294 7454 7453
f 7294 7453 7289
f 7289 7453 7452
f 7289 7452 7290
f 7290 7452 7451
f 7290 7451 7300
f 7300 7451 7450
f 7300 7450 7268
f 7268 7450 7449
f 7268 7449 7269
f 7269 7449 7448
f 7269 7448 7271
f 7271 7448 7447
f 7271 7447 7273
f 7273 7447 7446
f 7273 7446 7275
f 7275 7446 7445
f 7275 7445 7277
f 7277 7445 7444
f 7277 7444 7279
f 7279 7444 7479
f 7279 7479 7281
f 7281 7479 7283
f 7283 7479 7478
f 7283 7478 7285
f 7285 7478 7477
f 7285 7477 7287
f 7287 7477 7288
f 7288 7477 7476
f 7288 7476 7264
f 7264 7476 7475
f 7264 7475 7266
f 7266 7475 7474
f 7266 7474 7262
f 7262 7474 7473
f 7262 7473 7261
f 7261 7473 7472
f 7261 7472 7247
f 7247 7472 7471
f 7247 7471 7249
f 7466 7231 7467
f 7467 7231 7256
f 7467 7256 7468
f 7468 7256 7251
f 7468 7251 7469
f 7469 7251 7249
f 7469 7249 7470
f 7470 7249 7471
f 7240 7242 7462
f 7462 7242 7244
f 7462 7244 7459
f 7459 7244 7245
f 7459 7245 7463
f 7463 7245 7236
f 7463 7236 7464
f 7464 7236 7235
f 7464 7235 7465
f 7465 7235 7234
f 7465 7234 7466
f 7466 7234 7232
f 7466 7232 7231
f 7480 7481 7482
f 7482 7481 7483
f 7484 7485 7486
f 7486 7487 7484
f 7484 7487 7488
f 7484 7488 7481
f 7481 7488 7489
f 7481 7489 7483
f 7490 7491 7492
f 7492 7491 7493
f 7492 7493 7485
f 7485 7493 7494
f 7485 7494 7486
f 7495 7496 7490
f 7490 7496 7497
f 7490 7497 7491
f 7498 7194 7193
f 7193 7499 7498
f 7498 7499 7500
f 7498 7500 7495
f 7495 7500 7501
f 7495 7501 7496
f 7498 7502 7503
f 7498 7503 7194
f 7194 7503 7504
f 7194 7504 7505
f 7505 7506 7194
f 7194 7506 7507
f 7194 7507 7196
f 7196 7507 7508
f 7196 7508 7198
f 7198 7508 7509
f 7198 7509 7199
f 7199 7509 7510
f 7199 7510 7190
f 7510 7511 7190
f 7190 7511 7188
f 7188 7511 7512
f 7188 7512 7186
f 7186 7512 7184
f 7184 7512 7513
f 7184 7513 7182
f 7513 7514 7182
f 7182 7514 7515
f 7182 7515 7181
f 7181 7515 7516
f 7181 7516 7180
f 7180 7516 7178
f 7178 7516 7517
f 7178 7517 7176
f 7517 7518 7176
f 7176 7518 7519
f 7176 7519 7520
f 7521 7522 7523
f 7523 7522 7524
f 7525 7526 7527
f 7527 7526 7523
f 7527 7523 7528
f 7528 7523 7524
f 7520 7521 7176
f 7176 7521 7523
f 7176 7523 7175
f 7175 7523 7174
f 7529 7530 7531
f 7531 7532 7529
f 7529 7532 7533
f 7529 7533 7523
f 7523 7533 7534
f 7523 7534 7174
f 7535 7536 7537
f 7537 7536 7538
f 7537 7538 7530
f 7530 7538 7539
f 7530 7539 7531
f 7540 7541 7535
f 7535 7541 7542
f 7535 7542 7536
f 7543 7544 7545
f 7545 7544 7546
f 7545 7546 7540
f 7540 7546 7547
f 7540 7547 7541
f 7548 7549 7545
f 7545 7549 7550
f 7545 7550 7543
f 7549 7551 7550
f 7550 7551 7552
f 7550 7552 7553
f 7553 7552 7554
f 7553 7554 7555
f 7555 7554 7556
f 7555 7556 7557
f 7557 7556 7558
f 7559 7560 7561
f 7561 7560 7562
f 7561 7562 7563
f 7563 7562 7564
f 7563 7564 7565
f 7565 7564 7566
f 7565 7566 7558
f 7558 7566 7567
f 7558 7567 7557
f 7568 7569 7559
f 7559 7569 7570
f 7559 7570 7560
f 7571 7480 7568
f 7568 7480 7572
f 7568 7572 7569
f 7573 7481 7574
f 7574 7481 7480
f 7574 7480 7575
f 7575 7480 7571
f 7573 7576 7481
f 7481 7576 7577
f 7481 7577 7578
f 7577 7579 7578
f 7578 7579 7580
f 7578 7580 7581
f 7581 7580 7582
f 7582 7583 7581
f 7581 7583 7584
f 7581 7584 7545
f 7545 7584 7585
f 7545 7585 7548
f 7525 7586 7526
f 7526 7586 7587
f 7526 7587 7588
f 7588 7587 7589
f 7588 7589 7590
f 7590 7591 7588
f 7588 7591 7592
f 7588 7592 7498
f 7498 7592 7593
f 7498 7593 7502
f 7594 7487 7595
f 7595 7487 7486
f 7595 7486 7596
f 7596 7486 7597
f 7598 7599 7497
f 7497 7599 7600
f 7497 7600 7491
f 7496 7601 7497
f 7497 7601 7602
f 7497 7602 7598
f 7603 7604 7486
f 7486 7604 7605
f 7486 7605 7597
f 7486 7494 7603
f 7603 7494 7493
f 7603 7493 7606
f 7606 7493 7491
f 7606 7491 7607
f 7607 7491 7600
f 7608 7609 7543
f 7570 7569 7610
f 7610 7569 7611
f 7480 7482 7612
f 7611 7569 7612
f 7612 7569 7572
f 7612 7572 7480
f 7570 7610 7560
f 7560 7610 7613
f 7560 7613 7562
f 7562 7613 7614
f 7562 7614 7564
f 7564 7614 7615
f 7564 7615 7566
f 7615 7616 7566
f 7566 7616 7617
f 7566 7617 7567
f 7567 7617 7618
f 7567 7618 7557
f 7543 7550 7608
f 7608 7550 7553
f 7608 7553 7618
f 7618 7553 7555
f 7618 7555 7557
f 7619 7620 7621
f 7621 7620 7622
f 7621 7622 7623
f 7544 7543 7624
f 7624 7543 7609
f 7624 7609 7625
f 7625 7609 7621
f 7625 7621 7626
f 7626 7621 7623
f 7627 7628 7629
f 7629 7628 7630
f 7629 7630 7631
f 7627 7632 7628
f 7628 7632 7633
f 7628 7633 7634
f 7634 7635 7628
f 7628 7635 7636
f 7628 7636 7621
f 7621 7636 7637
f 7621 7637 7619
f 7638 7639 7640
f 7640 7639 7641
f 7640 7641 7642
f 7642 7641 7643
f 7643 7644 7642
f 7642 7644 7645
f 7642 7645 7646
f 7646 7647 7642
f 7642 7647 7648
f 7642 7648 7630
f 7630 7648 7649
f 7630 7649 7631
f 7650 7651 6575
f 6575 7651 6576
f 6584 7652 6575
f 6575 7652 7653
f 6575 7653 7650
f 7638 7654 7655
f 7655 7654 7656
f 7655 7656 7651
f 7651 7656 6576
f 6576 7656 7657
f 6576 7657 6578
f 7658 6564 7657
f 7657 6564 6563
f 7657 6563 6574
f 7659 7660 6564
f 6564 7660 7661
f 6564 7661 7662
f 7659 6564 7663
f 7663 6564 7658
f 7663 7658 7594
f 7594 7658 7664
f 7594 7664 7665
f 7665 7664 7666
f 7665 7666 7612
f 6574 6571 7657
f 7657 6571 6579
f 7657 6579 6578
f 6631 6624 7667
f 7668 7669 7670
f 7670 7669 7195
f 7671 7672 7668
f 7668 7672 7601
f 7668 7601 7669
f 6702 7667 7224
f 7224 7667 7673
f 7224 7673 7674
f 7674 7673 7675
f 7674 7675 7208
f 7676 7677 6624
f 6624 7677 7678
f 7671 7667 7672
f 7672 7667 6624
f 7672 6624 7679
f 7679 6624 7678
f 6702 6676 7667
f 7667 6676 6674
f 7667 6674 6673
f 6673 6679 7667
f 7667 6679 6678
f 7667 6678 6631
f 7680 7681 7682
f 7682 7681 7683
f 7682 7683 7684
f 7684 7683 7685
f 7684 7685 7686
f 7686 7685 7687
f 7686 7687 7688
f 7688 7687 7689
f 7688 7689 7690
f 7690 7689 7691
f 7690 7691 7692
f 7691 7693 7692
f 7692 7693 7694
f 7692 7694 7695
f 7695 7694 7696
f 7695 7696 7697
f 7697 7696 7698
f 7697 7698 7699
f 7699 7698 7700
f 7699 7700 7701
f 7701 7700 7702
f 7701 7702 7703
f 7703 7702 7704
f 7703 7704 7680
f 7680 7704 7705
f 7680 7705 7681
f 7706 7707 7708
f 7708 7707 7709
f 7708 7709 7710
f 7710 7709 7711
f 7710 7711 7712
f 7712 7711 7713
f 7712 7713 7714
f 7714 7713 7715
f 7714 7715 7716
f 7716 7715 7717
f 7716 7717 7718
f 7717 7719 7718
f 7718 7719 7720
f 7718 7720 7721
f 7721 7720 7722
f 7721 7722 7723
f 7723 7722 7724
f 7723 7724 7725
f 7725 7724 7726
f 7725 7726 7727
f 7727 7726 7728
f 7727 7728 7729
f 7729 7728 7730
f 7729 7730 7706
f 7706 7730 7731
f 7706 7731 7707
f 6916 6915 7536
f 7536 6915 7538
f 6915 6907 7538
f 7538 6907 6905
f 7538 6905 7539
f 7539 6905 6904
f 7539 6904 7531
f 6916 7536 6917
f 6917 7536 7542
f 6917 7542 6911
f 6911 7542 7541
f 6911 7541 6921
f 7732 7733 7533
f 7533 7733 7734
f 7533 7734 7534
f 6904 6902 7531
f 7531 6902 6899
f 7531 6899 7532
f 7532 6899 6934
f 7532 6934 7533
f 7533 6934 7735
f 7533 7735 7732
f 7736 7737 7547
f 7547 7737 7738
f 7547 7738 7541
f 7541 7738 7739
f 7541 7739 6921
f 7740 7741 7544
f 7741 7742 7544
f 7544 7742 7743
f 7544 7743 7546
f 7546 7743 7744
f 7546 7744 7547
f 7547 7744 7745
f 7547 7745 7736
f 7746 7747 7174
f 7748 7749 7174
f 7174 7749 7750
f 7751 7752 7544
f 7734 7753 7534
f 7534 7753 7754
f 7534 7754 7174
f 7174 7754 7755
f 7174 7755 7746
f 7747 7756 7174
f 7174 7756 7757
f 7174 7757 7748
f 7750 7758 7174
f 7174 7758 7759
f 7174 7759 7760
f 7760 7761 7174
f 7174 7761 7762
f 7174 7762 7167
f 7763 7764 7544
f 7764 7765 7544
f 7544 7765 7766
f 7544 7766 7740
f 7624 7767 7544
f 7544 7767 7768
f 7544 7768 7751
f 7769 7770 7544
f 7544 7770 7771
f 7544 7771 7763
f 7752 7772 7544
f 7544 7772 7773
f 7544 7773 7769
f 7610 7715 7713
f 7610 7611 7715
f 7715 7611 7612
f 7715 7612 7717
f 7612 7666 7717
f 7717 7666 7664
f 7717 7664 7719
f 7719 7664 7658
f 7719 7658 7720
f 7720 7658 7657
f 7720 7657 7722
f 7722 7657 7656
f 7722 7656 7724
f 7724 7656 7654
f 7724 7654 7726
f 7726 7654 7638
f 7726 7638 7728
f 7638 7640 7728
f 7728 7640 7642
f 7728 7642 7730
f 7642 7630 7730
f 7730 7630 7628
f 7730 7628 7731
f 7628 7621 7731
f 7731 7621 7609
f 7731 7609 7707
f 7609 7608 7707
f 7707 7608 7618
f 7707 7618 7709
f 7618 7617 7709
f 7709 7617 7616
f 7709 7616 7711
f 7616 7615 7711
f 7711 7615 7614
f 7711 7614 7713
f 7713 7614 7613
f 7713 7613 7610
f 7700 7673 7702
f 7702 7673 7667
f 7702 7667 7704
f 7704 7667 7671
f 7704 7671 7705
f 7705 7671 7668
f 7705 7668 7681
f 7681 7668 7670
f 7681 7670 7683
f 7683 7670 7195
f 7683 7195 7685
f 7195 7197 7685
f 7685 7197 7189
f 7685 7189 7687
f 7189 7191 7687
f 7687 7191 7192
f 7687 7192 7689
f 7192 7187 7689
f 7689 7187 7185
f 7689 7185 7691
f 7185 7183 7691
f 7691 7183 7179
f 7691 7179 7693
f 7179 7177 7693
f 7693 7177 7166
f 7693 7166 7694
f 7166 7168 7694
f 7694 7168 7216
f 7694 7216 7696
f 7216 7212 7696
f 7696 7212 7202
f 7696 7202 7698
f 7202 7210 7698
f 7698 7210 7208
f 7698 7208 7700
f 7700 7208 7675
f 7700 7675 7673
f 7712 7714 7559
f 7716 7571 7714
f 7714 7571 7568
f 7714 7568 7559
f 7718 7574 7716
f 7716 7574 7575
f 7716 7575 7571
f 7579 7577 7721
f 7721 7577 7576
f 7721 7576 7718
f 7718 7576 7573
f 7718 7573 7574
f 7579 7721 7580
f 7580 7721 7723
f 7580 7723 7582
f 7582 7723 7725
f 7582 7725 7583
f 7583 7725 7584
f 7584 7725 7727
f 7584 7727 7585
f 7585 7727 7548
f 7548 7727 7729
f 7548 7729 7549
f 7549 7729 7551
f 7551 7729 7706
f 7551 7706 7552
f 7552 7706 7554
f 7554 7706 7708
f 7554 7708 7556
f 7559 7561 7712
f 7712 7561 7563
f 7712 7563 7710
f 7710 7563 7565
f 7710 7565 7708
f 7708 7565 7558
f 7708 7558 7556
f 7774 7775 7776
f 7777 7778 7779
f 7779 7778 7780
f 7781 7782 7783
f 7783 7782 7779
f 7783 7779 7780
f 7784 7785 7786
f 7786 7785 7787
f 7786 7787 7777
f 7777 7787 7788
f 7777 7788 7778
f 7784 7786 7789
f 7789 7786 7790
f 7789 7790 7791
f 7792 7793 7794
f 7794 7793 7795
f 7794 7795 7790
f 7790 7795 7796
f 7790 7796 7791
f 7776 7775 7794
f 7794 7775 7797
f 7794 7797 7792
f 7798 7799 7800
f 7800 7799 7801
f 7798 7802 7799
f 7799 7802 7803
f 7799 7803 7776
f 7776 7803 7804
f 7776 7804 7774
f 7805 7806 7801
f 7801 7806 7807
f 7801 7807 7800
f 7808 7809 7810
f 7810 7809 7811
f 7810 7811 7805
f 7805 7811 7812
f 7805 7812 7806
f 7813 7814 7810
f 7810 7814 7815
f 7810 7815 7808
f 7816 7817 7813
f 7813 7817 7818
f 7813 7818 7814
f 7781 7819 7782
f 7782 7819 7820
f 7782 7820 7813
f 7813 7820 7821
f 7813 7821 7816
f 7803 7802 7586
f 7783 7511 7510
f 7783 7510 7781
f 7781 7510 7509
f 7781 7509 7819
f 7819 7509 7508
f 7819 7508 7820
f 7820 7508 7821
f 7821 7508 7507
f 7821 7507 7816
f 7816 7507 7506
f 7816 7506 7817
f 7817 7506 7818
f 7818 7506 7505
f 7818 7505 7814
f 7814 7505 7504
f 7814 7504 7815
f 7815 7504 7503
f 7815 7503 7808
f 7808 7503 7502
f 7808 7502 7809
f 7809 7502 7593
f 7809 7593 7811
f 7592 7806 7593
f 7593 7806 7812
f 7593 7812 7811
f 7798 7800 7589
f 7589 7800 7807
f 7589 7807 7590
f 7590 7807 7806
f 7590 7806 7591
f 7591 7806 7592
f 7798 7589 7802
f 7802 7589 7587
f 7802 7587 7586
f 7803 7586 7804
f 7804 7586 7525
f 7804 7525 7774
f 7774 7525 7527
f 7774 7527 7775
f 7775 7527 7528
f 7775 7528 7797
f 7528 7524 7797
f 7797 7524 7522
f 7797 7522 7792
f 7792 7522 7521
f 7792 7521 7793
f 7793 7521 7795
f 7521 7520 7795
f 7795 7520 7519
f 7795 7519 7796
f 7796 7519 7518
f 7796 7518 7791
f 7791 7518 7789
f 7789 7518 7517
f 7789 7517 7784
f 7517 7516 7784
f 7784 7516 7515
f 7784 7515 7785
f 7785 7515 7514
f 7785 7514 7787
f 7787 7514 7513
f 7511 7783 7780
f 7511 7780 7512
f 7512 7780 7778
f 7512 7778 7513
f 7513 7778 7788
f 7513 7788 7787
f 7777 7688 7786
f 7786 7688 7690
f 7786 7690 7790
f 7790 7690 7692
f 7790 7692 7794
f 7794 7692 7695
f 7794 7695 7776
f 7776 7695 7697
f 7776 7697 7799
f 7799 7697 7699
f 7799 7699 7801
f 7801 7699 7701
f 7801 7701 7805
f 7805 7701 7703
f 7805 7703 7810
f 7810 7703 7680
f 7810 7680 7813
f 7813 7680 7682
f 7813 7682 7782
f 7782 7682 7684
f 7782 7684 7779
f 7779 7684 7686
f 7779 7686 7777
f 7777 7686 7688
f 6909 7088 7093
f 6909 7093 6910
f 7090 7089 7124
f 7093 7092 6910
f 6910 7092 7090
f 6910 7090 6912
f 6912 7090 7124
f 6912 7124 6913
f 7124 7125 6913
f 6913 7125 7127
f 6913 7127 6914
f 7137 6901 7135
f 7135 6901 6903
f 7135 6903 7132
f 7132 6903 6906
f 7132 6906 7126
f 7126 6906 6908
f 7126 6908 7127
f 7127 6908 6914
f 6901 7137 7139
f 7115 6897 7139
f 7139 6897 6900
f 7139 6900 6901
f 7094 6896 7095
f 7095 6896 6898
f 7095 6898 7097
f 7097 6898 6897
f 7097 6897 7098
f 7098 6897 7115
f 7098 7115 7099
f 7088 6909 6515
f 6515 6909 6513
f 6498 6500 7094
f 7094 6500 6896
f 7052 6950 7050
f 7050 6950 6948
f 7050 6948 7047
f 7047 6948 6946
f 7047 6946 7041
f 7041 6946 6960
f 7041 6960 7042
f 7042 6960 6962
f 7039 7038 7084
f 6953 6952 7054
f 7054 6952 6950
f 7054 6950 7052
f 7082 6943 7083
f 7083 6943 6941
f 7083 6941 7084
f 7084 6941 6953
f 7084 6953 7039
f 7039 6953 7054
f 6956 7081 7087
f 6956 7087 6967
f 7085 7013 7012
f 7087 7086 6967
f 6967 7086 7085
f 6967 7085 6966
f 6966 7085 7012
f 6966 7012 6964
f 7012 7040 6964
f 6964 7040 7042
f 6964 7042 6962
f 7081 6956 7007
f 7007 6956 6955
f 7006 6944 7082
f 7082 6944 6943
f 7822 7387 7003
f 7823 7824 7825
f 7825 7824 7826
f 7825 7826 7827
f 7828 7829 7823
f 7823 7829 7830
f 7823 7830 7824
f 7831 7832 6992
f 7833 7834 7835
f 7836 7837 7838
f 7838 7837 7833
f 7838 7833 7839
f 7839 7833 7835
f 7831 6992 7840
f 7840 6992 6991
f 7840 6991 7841
f 7841 6991 7842
f 7841 7842 7843
f 7843 7842 7844
f 7843 7844 7834
f 7834 7844 7845
f 7834 7845 7835
f 6420 7846 6421
f 6421 7846 7847
f 6421 7847 7341
f 7836 7838 7848
f 7848 7838 7849
f 7848 7849 7850
f 7847 7851 7341
f 7341 7851 7848
f 7341 7848 7852
f 7852 7848 7850
f 7822 7003 7853
f 7832 7854 6992
f 6992 7854 7827
f 6992 7827 7002
f 7002 7827 7826
f 7002 7826 7003
f 7003 7826 7855
f 7003 7855 7853
f 7856 6455 6454
f 7857 7858 6995
f 7386 7859 7010
f 7010 7859 7860
f 7010 7860 6995
f 6995 7860 7861
f 6995 7861 7857
f 7862 7863 7864
f 7862 7865 7863
f 7863 7865 7866
f 7863 7866 7867
f 7868 7001 7869
f 7869 7001 6995
f 7869 6995 7864
f 7864 6995 7858
f 7864 7858 7862
f 7868 7870 7001
f 7001 7870 7871
f 7001 7871 6999
f 6999 7871 7872
f 6999 7872 7873
f 7873 7872 7874
f 7873 7874 7875
f 7875 7874 7876
f 7877 7878 7879
f 7879 7878 7880
f 7879 7880 7876
f 7876 7880 7881
f 7876 7881 7875
f 7877 7882 7878
f 7878 7882 7883
f 7878 7883 7884
f 7884 7883 7885
f 7884 7885 7886
f 7886 7885 7887
f 7887 7885 7348
f 7348 7885 7888
f 7348 7888 6454
f 6454 7888 7889
f 6454 7889 7856
f 6455 7856 7890
f 7883 7882 7891
f 7892 7863 7867
f 7867 7893 7892
f 7892 7893 7894
f 7892 7894 7895
f 6481 7896 6482
f 6482 7896 7892
f 6482 7892 7897
f 7897 7892 7895
f 7864 7863 7869
f 7869 7863 7892
f 7869 7892 7868
f 7868 7892 7898
f 7899 7900 7874
f 7874 7872 7899
f 7899 7872 7871
f 7899 7871 7898
f 7898 7871 7870
f 7898 7870 7868
f 7891 7882 7901
f 7882 7877 7901
f 7901 7877 7879
f 7901 7879 7900
f 7900 7879 7876
f 7900 7876 7874
f 7890 7856 7902
f 7856 7889 7902
f 7902 7889 7888
f 7902 7888 7891
f 7891 7888 7885
f 7891 7885 7883
f 6455 7890 6457
f 6457 7890 7903
f 6457 7903 6460
f 6467 6465 7904
f 7904 6465 6464
f 7904 6464 7903
f 7903 6464 6462
f 7903 6462 6460
f 6483 6452 7905
f 7905 6452 6451
f 7905 6451 7904
f 7904 6451 6468
f 7904 6468 6467
f 6449 6448 7906
f 7906 6448 6485
f 7906 6485 7905
f 7905 6485 6484
f 7905 6484 6483
f 6481 6480 7896
f 7896 6480 6479
f 7896 6479 7906
f 7906 6479 6478
f 7906 6478 6449
f 6856 7907 6746
f 6746 7907 7908
f 6746 7908 6744
f 6744 7908 7909
f 6744 7909 6863
f 6863 7909 7910
f 6863 7910 6864
f 6864 7910 7911
f 6864 7911 6866
f 6866 7911 7912
f 6866 7912 6779
f 6779 7912 7913
f 6779 7913 6777
f 6777 7913 7914
f 6777 7914 6775
f 6775 7914 7915
f 6775 7915 6773
f 6773 7915 7916
f 6773 7916 6853
f 6853 7916 7917
f 6853 7917 6854
f 6854 7917 7918
f 6854 7918 6856
f 6856 7918 7907
f 7913 7900 7914
f 7914 7900 7899
f 7914 7899 7915
f 7915 7899 7898
f 7915 7898 7916
f 7916 7898 7892
f 7916 7892 7917
f 7917 7892 7896
f 7917 7896 7918
f 7918 7896 7906
f 7918 7906 7907
f 7907 7906 7905
f 7907 7905 7908
f 7908 7905 7904
f 7908 7904 7909
f 7909 7904 7903
f 7909 7903 7910
f 7910 7903 7890
f 7910 7890 7911
f 7911 7890 7902
f 7911 7902 7912
f 7912 7902 7891
f 7912 7891 7913
f 7913 7891 7901
f 7913 7901 7900
f 6793 7919 6808
f 6808 7919 7920
f 6808 7920 6799
f 6799 7920 7921
f 6799 7921 6801
f 6801 7921 7922
f 6801 7922 6805
f 6805 7922 7923
f 6805 7923 6792
f 6792 7923 7924
f 6792 7924 6786
f 6786 7924 7925
f 6786 7925 6787
f 6787 7925 7926
f 6787 7926 6847
f 6847 7926 7927
f 6847 7927 6852
f 6852 7927 7928
f 6852 7928 6790
f 6790 7928 7929
f 6790 7929 6791
f 6791 7929 7930
f 6791 7930 6793
f 6793 7930 7919
f 7925 7931 7926
f 7926 7931 7932
f 7926 7932 7927
f 7927 7932 7933
f 7927 7933 7928
f 7928 7933 7934
f 7928 7934 7929
f 7929 7934 7935
f 7929 7935 7930
f 7930 7935 7936
f 7930 7936 7919
f 7919 7936 7937
f 7919 7937 7920
f 7920 7937 7938
f 7920 7938 7921
f 7921 7938 7939
f 7921 7939 7922
f 7922 7939 7940
f 7922 7940 7923
f 7923 7940 7941
f 7923 7941 7924
f 7924 7941 7942
f 7924 7942 7925
f 7925 7942 7943
f 7925 7943 7931
f 7944 7945 7943
f 7943 7945 7946
f 7946 7947 7943
f 7943 7947 7948
f 7943 7948 7931
f 7931 7948 7949
f 7931 7949 7950
f 7951 7952 7943
f 7943 7952 7953
f 7943 7953 7944
f 7954 7955 7942
f 7942 7955 7956
f 7942 7956 7943
f 7943 7956 7957
f 7943 7957 7951
f 7958 7959 7941
f 7959 7960 7941
f 7941 7960 7961
f 7941 7961 7942
f 7942 7961 7962
f 7942 7962 7954
f 7963 7940 7964
f 7964 7940 7939
f 7964 7939 7965
f 7965 7939 7966
f 7963 7967 7940
f 7940 7967 7968
f 7940 7968 7941
f 7941 7968 7969
f 7941 7969 7958
f 7970 7971 7938
f 7938 7971 7972
f 7938 7972 7939
f 7939 7972 7973
f 7939 7973 7966
f 7937 7974 7975
f 7937 7975 7938
f 7938 7975 7976
f 7938 7976 7970
f 7977 7978 7936
f 7936 7978 7979
f 7936 7979 7937
f 7937 7979 7980
f 7937 7980 7974
f 7981 7982 7935
f 7935 7982 7983
f 7935 7983 7936
f 7936 7983 7984
f 7936 7984 7977
f 7985 7986 7934
f 7934 7986 7987
f 7934 7987 7935
f 7935 7987 7988
f 7935 7988 7981
f 7985 7934 7989
f 7989 7934 7933
f 7989 7933 7990
f 7950 7991 7931
f 7931 7991 7992
f 7931 7992 7932
f 7932 7992 7993
f 7932 7993 7994
f 7994 7995 7932
f 7932 7995 7996
f 7932 7996 7933
f 7933 7996 7997
f 7933 7997 7990
f 6754 7998 6845
f 6845 7998 7999
f 6845 7999 6840
f 6840 7999 8000
f 6840 8000 6841
f 6841 8000 8001
f 6841 8001 6750
f 6750 8001 8002
f 6750 8002 6751
f 6751 8002 8003
f 6751 8003 6753
f 6753 8003 8004
f 6753 8004 6769
f 6769 8004 8005
f 6769 8005 6767
f 6767 8005 8006
f 6767 8006 6765
f 6765 8006 8007
f 6765 8007 6758
f 6758 8007 8008
f 6758 8008 6756
f 6756 8008 8009
f 6756 8009 6754
f 6754 8009 7998
f 8004 8010 8005
f 8005 8010 8011
f 8005 8011 8006
f 8006 8011 8012
f 8006 8012 8007
f 8007 8012 8013
f 8007 8013 8008
f 8008 8013 8014
f 8008 8014 8009
f 8009 8014 8015
f 8009 8015 7998
f 7998 8015 8016
f 7998 8016 7999
f 7999 8016 8017
f 7999 8017 8000
f 8000 8017 8018
f 8000 8018 8001
f 8001 8018 8019
f 8001 8019 8002
f 8002 8019 8020
f 8002 8020 8003
f 8003 8020 8021
f 8003 8021 8004
f 8004 8021 8022
f 8004 8022 8010
f 8021 8023 8024
f 8025 8022 8026
f 8026 8022 8021
f 8026 8021 8027
f 8027 8021 8024
f 8028 8020 8029
f 8029 8020 8019
f 8029 8019 8030
f 8028 8031 8020
f 8020 8031 8032
f 8020 8032 8021
f 8021 8032 8033
f 8021 8033 8023
f 8034 8035 8018
f 8018 8035 8036
f 8018 8036 8019
f 8019 8036 8037
f 8019 8037 8030
f 8038 8039 8017
f 8017 8039 8040
f 8017 8040 8018
f 8018 8040 8041
f 8018 8041 8034
f 8042 8043 8016
f 8016 8043 8044
f 8016 8044 8017
f 8017 8044 8045
f 8017 8045 8038
f 8046 8047 8015
f 8015 8047 8048
f 8015 8048 8016
f 8016 8048 8049
f 8016 8049 8042
f 8014 8050 8051
f 8014 8051 8015
f 8015 8051 8052
f 8015 8052 8046
f 8053 8054 8013
f 8013 8054 8055
f 8013 8055 8014
f 8014 8055 8056
f 8014 8056 8050
f 8053 8013 8057
f 8057 8013 8012
f 8057 8012 8058
f 8011 8059 8060
f 8060 8061 8011
f 8011 8061 8062
f 8011 8062 8012
f 8012 8062 8063
f 8012 8063 8058
f 8064 8065 8010
f 8010 8065 8066
f 8066 8067 8010
f 8010 8067 8068
f 8010 8068 8011
f 8011 8068 8069
f 8011 8069 8059
f 8025 8070 8022
f 8022 8070 8071
f 8022 8071 8010
f 8010 8071 8072
f 8010 8072 8073
f 8073 8074 8010
f 8010 8074 8075
f 8010 8075 8064
f 6440 6439 8076
f 8077 6420 8078
f 8078 6420 6417
f 8078 6417 6416
f 8079 7847 8077
f 8077 7847 7846
f 8077 7846 6420
f 7837 7836 8080
f 8080 7836 7848
f 8080 7848 8079
f 8079 7848 7851
f 8079 7851 7847
f 7837 8080 7833
f 7833 8080 8081
f 7833 8081 7834
f 7834 8081 7843
f 7843 8081 8082
f 7843 8082 7841
f 7841 8082 7840
f 7840 8082 8083
f 7840 8083 7831
f 7831 8083 7832
f 7832 8083 8084
f 7832 8084 7854
f 7854 8084 7827
f 7827 8084 8085
f 7827 8085 7825
f 8076 6439 8085
f 8085 6439 6438
f 8085 6438 8086
f 8086 8087 8085
f 8085 8087 8088
f 8085 8088 8089
f 8089 7828 8085
f 8085 7828 7823
f 8085 7823 7825
f 6435 6414 8090
f 8090 6414 6413
f 8090 6413 8076
f 8076 6413 6441
f 8076 6441 6440
f 6424 8091 6426
f 6426 8091 8092
f 6426 8092 6427
f 6424 6423 8091
f 8091 6423 6437
f 8091 6437 8090
f 8090 6437 6436
f 8090 6436 6435
f 6416 6433 8078
f 8078 6433 6434
f 8078 6434 8092
f 8092 6434 6429
f 8092 6429 6427
f 6820 8093 6822
f 6822 8093 8094
f 6822 8094 6837
f 6837 8094 8095
f 6837 8095 6836
f 6836 8095 8096
f 6836 8096 6835
f 6835 8096 8097
f 6835 8097 6833
f 6833 8097 8098
f 6833 8098 6831
f 6831 8098 8099
f 6831 8099 6830
f 6830 8099 8100
f 6830 8100 6829
f 6829 8100 8101
f 6829 8101 6828
f 6828 8101 8102
f 6828 8102 6749
f 6749 8102 8103
f 6749 8103 6747
f 6747 8103 8104
f 6747 8104 6820
f 6820 8104 8093
f 8099 8081 8100
f 8100 8081 8080
f 8100 8080 8101
f 8101 8080 8079
f 8101 8079 8102
f 8102 8079 8077
f 8102 8077 8103
f 8103 8077 8078
f 8103 8078 8104
f 8104 8078 8092
f 8104 8092 8093
f 8093 8092 8091
f 8093 8091 8094
f 8094 8091 8090
f 8094 8090 8095
f 8095 8090 8076
f 8095 8076 8096
f 8096 8076 8085
f 8096 8085 8097
f 8097 8085 8084
f 8097 8084 8098
f 8098 8084 8083
f 8098 8083 8099
f 8099 8083 8082
f 8099 8082 8081
f 8105 6755 8106
f 8106 6755 6846
f 8106 6846 8107
f 8107 6846 8108
f 8108 6846 6762
f 8108 6762 8109
f 6772 8110 6761
f 6761 8110 8111
f 6761 8111 6762
f 6762 8111 8112
f 6762 8112 8109
f 8113 8114 6865
f 6865 8114 8115
f 6865 8115 6772
f 6772 8115 8116
f 6772 8116 8110
f 8113 6865 8117
f 8117 6865 6778
f 8117 6778 8118
f 8118 6778 6776
f 8118 6776 8119
f 8120 8121 6785
f 6785 8121 8122
f 6785 8122 6776
f 6776 8122 8123
f 6776 8123 8119
f 8120 6785 8124
f 8124 6785 6784
f 8124 6784 8125
f 8125 6784 6783
f 8125 6783 8126
f 6782 8127 6783
f 6783 8127 8128
f 6783 8128 8126
f 6781 8129 6782
f 6782 8129 8130
f 6782 8130 8127
f 8131 8132 6834
f 6834 8132 8133
f 6834 8133 6781
f 6781 8133 8134
f 6781 8134 8129
f 8131 6834 8135
f 8135 6834 6832
f 8135 6832 8136
f 8136 6832 8137
f 8137 6832 6797
f 8137 6797 8138
f 8138 6797 8139
f 8139 6797 6796
f 8139 6796 8140
f 8140 6796 8141
f 8141 6796 6795
f 8141 6795 8142
f 8142 6795 8143
f 8143 6795 6794
f 8143 6794 8144
f 8144 6794 8145
f 8145 6794 6810
f 8145 6810 8146
f 8147 8148 8149
f 8149 8148 8150
f 8149 8150 8151
f 8151 8150 8152
f 8153 8154 8155
f 8155 8154 8156
f 8155 8156 8157
f 8157 8156 8158
f 8158 8156 8159
f 8158 8159 8160
f 8160 8159 8161
f 8161 8159 8162
f 8161 8162 8163
f 8163 8162 8164
f 8164 8162 8165
f 8164 8165 8166
f 8166 8165 8167
f 8167 8165 8168
f 8167 8168 8169
f 8169 8168 8170
f 8170 8168 8171
f 8170 8171 8172
f 8172 8171 8173
f 8173 8171 8174
f 8173 8174 8175
f 8175 8174 8176
f 8176 8174 8177
f 8176 8177 8178
f 8178 8177 8179
f 8179 8177 8180
f 8179 8180 8181
f 8181 8180 8182
f 8182 8180 8183
f 8182 8183 8184
f 8184 8183 8185
f 8185 8183 8186
f 8185 8186 8187
f 8187 8186 8188
f 8188 8186 8189
f 8188 8189 8190
f 8190 8189 8191
f 8191 8189 8192
f 8191 8192 8193
f 8193 8192 8194
f 8194 8192 8195
f 8194 8195 8196
f 8196 8195 8197
f 8197 8195 8198
f 8197 8198 8199
f 8200 8201 8202
f 8202 8201 8203
f 8202 8203 8204
f 8204 8203 8205
f 8206 8207 8208
f 8209 8210 8211
f 8211 8210 8212
f 8211 8212 8213
f 8206 8208 8214
f 8214 8208 8215
f 8214 8215 8209
f 8209 8215 8216
f 8209 8216 8210
f 8207 8206 8217
f 8217 8206 8218
f 8217 8218 8219
f 8220 8221 8222
f 8223 8224 8225
f 8225 8224 8226
f 8225 8226 8227
f 8227 8226 8228
f 8227 8228 8229
f 8229 8228 8220
f 8229 8220 8230
f 8230 8220 8222
f 8231 8232 8233
f 8233 8232 8234
f 8233 8234 8223
f 8223 8234 8235
f 8223 8235 8224
f 8236 8237 8238
f 8238 8237 8239
f 8238 8239 8231
f 8231 8239 8240
f 8231 8240 8232
f 8241 8242 8243
f 8243 8242 8244
f 8243 8244 8245
f 8245 8244 8246
f 8245 8246 8236
f 8236 8246 8247
f 8236 8247 8237
f 8248 8249 8250
f 8250 8249 8219
f 8250 8219 8251
f 8251 8219 8218
f 8212 8252 8213
f 8213 8252 8253
f 8213 8253 8254
f 8254 8253 8255
f 8254 8255 8241
f 8241 8255 8256
f 8241 8256 8242
f 7639 7638 8257
f 8257 7638 7655
f 8257 7655 7650
f 7650 7655 7651
f 7208 7207 7674
f 7674 7207 8258
f 7674 8258 7224
f 7224 8258 7225
f 7193 7195 7499
f 7499 7195 7669
f 7499 7669 7500
f 7500 7669 7501
f 7501 7669 7601
f 7501 7601 7496
f 7665 7612 7482
f 7482 7483 7665
f 7665 7483 7489
f 7665 7489 7594
f 7594 7489 7488
f 7594 7488 7487
f 7875 7881 7842
f 6991 6999 7842
f 7842 6999 7873
f 7842 7873 7875
f 7878 7835 7880
f 7880 7835 7845
f 7880 7845 7881
f 7881 7845 7844
f 7881 7844 7842
f 7887 7348 7341
f 7878 7884 7341
f 7341 7884 7886
f 7341 7886 7887
f 7341 7852 7878
f 7878 7852 7850
f 7878 7850 7849
f 7849 7838 7878
f 7878 7838 7839
f 7878 7839 7835
f 8259 6703 7227
f 8260 8259 8261
f 8259 7227 8261
f 8261 7227 7226
f 8261 7226 8262
f 8262 7226 7225
f 8262 7225 8258
f 8260 8261 8263
f 8263 8261 8262
f 8263 8262 8264
f 8264 8262 8258
f 8264 8258 7207
f 8259 8260 8265
f 6703 8259 8266
f 8259 8265 8266
f 8266 8265 8267
f 8266 8267 8268
f 8267 8269 8268
f 8268 8269 8270
f 8268 8270 8271
f 8271 8270 8272
f 8271 8272 8273
f 6703 8266 6668
f 6668 8266 8268
f 6668 8268 6669
f 6669 8268 8271
f 6669 8271 6671
f 6671 8271 8273
f 6671 8273 6672
f 6672 8273 8274
f 6672 8274 6666
f 6666 8274 8275
f 6666 8275 6667
f 6667 8275 8276
f 6667 8276 6663
f 8272 8277 8273
f 8273 8277 8278
f 8273 8278 8274
f 8274 8278 8279
f 8274 8279 8275
f 8275 8279 8280
f 8275 8280 8276
f 8276 8280 8281
f 8276 8281 8282
f 8282 8281 8283
f 8283 8284 8282
f 8282 8284 6661
f 8282 6661 8276
f 8276 6661 6664
f 8276 6664 6663
f 6657 6658 8284
f 8284 6658 6659
f 8284 6659 6661
f 6655 8285 8286
f 8286 8285 8287
f 8286 8287 8288
f 8283 8288 8284
f 8284 8288 8287
f 8284 8287 6657
f 6657 8287 8285
f 6657 8285 6656
f 6656 8285 6655
f 8289 7219 7218
f 7747 7746 8290
f 7753 7734 8291
f 7735 6934 6933
f 8277 8272 8292
f 8260 8263 7206
f 7206 8263 8264
f 7206 8264 7207
f 8270 8269 8293
f 8293 8269 8267
f 8293 8267 8265
f 8277 8292 8278
f 8280 8279 8294
f 6655 8286 6935
f 6935 8286 8288
f 7732 7735 8295
f 7734 7733 8291
f 8291 7733 7732
f 8291 7732 8296
f 8296 7732 8295
f 7757 7756 8297
f 8297 7756 7747
f 7758 7750 8298
f 8298 7750 7749
f 8298 7749 7748
f 7758 7171 7759
f 7759 7171 7170
f 7759 7170 7760
f 7760 7170 7169
f 7167 7762 7169
f 7169 7762 7761
f 7169 7761 7760
f 7757 8297 7748
f 7748 8297 8299
f 7748 8299 8298
f 8298 8299 7173
f 8298 7173 7758
f 7758 7173 7172
f 7758 7172 7171
f 7219 8289 7220
f 7220 8289 8300
f 7220 8300 7217
f 7217 8300 8301
f 7217 8301 7214
f 7214 8301 8302
f 7214 8302 7215
f 7215 8302 8303
f 7215 8303 7221
f 7221 8303 8304
f 7221 8304 7222
f 7222 8304 8305
f 7222 8305 7223
f 7223 8305 8306
f 7223 8306 7213
f 7213 8306 8307
f 7213 8307 7211
f 7735 6933 8295
f 8295 6933 6932
f 8295 6932 8308
f 8308 6932 6931
f 8308 6931 8309
f 8309 6931 6930
f 8309 6930 8310
f 8310 6930 6929
f 8310 6929 8311
f 8311 6929 6939
f 8311 6939 8312
f 8312 6939 6938
f 8312 6938 8313
f 6938 6937 8313
f 8313 6937 6936
f 8313 6936 8314
f 8314 6936 6935
f 8314 6935 8315
f 8315 6935 8288
f 8315 8288 8283
f 8283 8281 8315
f 8315 8281 8316
f 8315 8316 8314
f 8314 8316 8317
f 8314 8317 8313
f 8313 8317 8318
f 8313 8318 8312
f 8312 8318 8319
f 8312 8319 8311
f 8311 8319 8320
f 8311 8320 8310
f 8310 8320 8321
f 8310 8321 8309
f 8309 8321 8322
f 8309 8322 8308
f 8308 8322 8323
f 8308 8323 8295
f 8295 8323 8324
f 8295 8324 8296
f 8296 8324 8325
f 8296 8325 8291
f 8291 8325 8326
f 8291 8326 7753
f 7753 8326 8327
f 7753 8327 7754
f 8281 8280 8316
f 8316 8280 8294
f 8316 8294 8317
f 8317 8294 8328
f 8317 8328 8318
f 8318 8328 8329
f 8318 8329 8319
f 8319 8329 8330
f 8319 8330 8320
f 8320 8330 8331
f 8320 8331 8321
f 8321 8331 8332
f 8321 8332 8322
f 8322 8332 8333
f 8322 8333 8323
f 8323 8333 8334
f 8323 8334 8324
f 8324 8334 8335
f 8324 8335 8325
f 8325 8335 8336
f 8325 8336 8326
f 8326 8336 8337
f 8326 8337 8327
f 8327 8337 8338
f 8327 8338 7754
f 7754 8338 8290
f 7754 8290 7755
f 7755 8290 7746
f 8279 8278 8294
f 8294 8278 8292
f 8294 8292 8328
f 8328 8292 8339
f 8328 8339 8329
f 8329 8339 8340
f 8329 8340 8330
f 8330 8340 8341
f 8330 8341 8331
f 8331 8341 8342
f 8331 8342 8332
f 8332 8342 8343
f 8332 8343 8333
f 8333 8343 8344
f 8333 8344 8334
f 8334 8344 8345
f 8334 8345 8335
f 8335 8345 8346
f 8335 8346 8336
f 8336 8346 8347
f 8336 8347 8337
f 8337 8347 8348
f 8337 8348 8338
f 8338 8348 8349
f 8338 8349 8290
f 8290 8349 8350
f 8290 8350 7747
f 7747 8350 8351
f 7747 8351 8297
f 8272 8270 8292
f 8292 8270 8293
f 8292 8293 8339
f 8339 8293 8352
f 8339 8352 8340
f 8340 8352 8353
f 8340 8353 8341
f 8341 8353 8354
f 8341 8354 8342
f 8342 8354 8355
f 8342 8355 8343
f 8343 8355 8356
f 8343 8356 8344
f 8344 8356 8307
f 8344 8307 8345
f 8345 8307 8306
f 8345 8306 8346
f 8346 8306 8305
f 8346 8305 8347
f 8347 8305 8304
f 8347 8304 8348
f 8348 8304 8303
f 8348 8303 8349
f 8349 8303 8302
f 8349 8302 8350
f 8350 8302 8301
f 8350 8301 8351
f 8351 8301 8300
f 8351 8300 8297
f 8297 8300 8289
f 8297 8289 8299
f 8299 8289 7218
f 8299 7218 7173
f 7211 8307 7203
f 7203 8307 8356
f 7203 8356 7204
f 7204 8356 8355
f 7204 8355 7205
f 7205 8355 8354
f 7205 8354 7200
f 7200 8354 8353
f 7200 8353 7201
f 7201 8353 8352
f 7201 8352 7209
f 7209 8352 8293
f 7209 8293 7206
f 7206 8293 8265
f 7206 8265 8260
f 8257 7650 7653
f 7639 8257 8357
f 8257 7653 8357
f 8357 7653 7652
f 8357 7652 8358
f 8358 7652 6584
f 8358 6584 8359
f 7639 8357 8360
f 8360 8357 8358
f 8360 8358 8361
f 8361 8358 8359
f 8361 8359 8362
f 8363 6920 6919
f 6928 6927 8364
f 8364 6927 6926
f 8365 6926 6923
f 7636 7635 8366
f 8367 6613 6920
f 7739 7738 8368
f 7736 8369 7737
f 7767 7624 7625
f 7623 7752 7626
f 7626 7752 7751
f 7626 7751 7625
f 7625 7751 7768
f 7625 7768 7767
f 8370 7770 7769
f 8371 7763 8370
f 8370 7763 7771
f 8370 7771 7770
f 7740 7766 8372
f 8372 7766 7765
f 7742 7741 8373
f 8373 7741 8374
f 7745 7744 8375
f 8375 7744 7743
f 8376 6922 6921
f 8367 6920 8377
f 8377 6920 8378
f 8378 6920 8363
f 8378 8363 8379
f 8379 8363 8380
f 8379 8380 8381
f 8382 8383 8384
f 8382 8384 8380
f 8380 8384 8385
f 8380 8385 8381
f 8386 8387 8388
f 8386 8388 8382
f 8382 8388 8389
f 8382 8389 8383
f 8390 8391 8386
f 8386 8391 8392
f 8386 8392 8387
f 7639 8360 7641
f 7641 8360 8361
f 8362 8393 8390
f 8390 8393 8394
f 8390 8394 8391
f 7636 8366 7637
f 7741 7740 8374
f 8374 7740 8372
f 8374 8372 8395
f 8395 8372 7765
f 8395 7765 8371
f 8371 7765 7764
f 8371 7764 7763
f 8396 8373 8397
f 8397 8373 8374
f 8397 8374 8366
f 8366 8374 8395
f 8366 8395 7637
f 7637 8395 8371
f 7637 8371 7619
f 7619 8371 8370
f 7619 8370 7620
f 7620 8370 7769
f 7620 7769 7622
f 7622 7769 7773
f 7622 7773 7623
f 7623 7773 7772
f 7623 7772 7752
f 7742 8373 7743
f 7743 8373 8396
f 7743 8396 8375
f 8375 8396 8398
f 8375 8398 7745
f 7738 7737 8368
f 8368 7737 8369
f 8368 8369 8398
f 8398 8369 7736
f 8398 7736 7745
f 7635 7634 8366
f 8366 7634 8399
f 8366 8399 8397
f 8397 8399 8400
f 8397 8400 8396
f 8396 8400 8401
f 8396 8401 8398
f 8398 8401 8402
f 8398 8402 8368
f 8368 8402 8376
f 8368 8376 7739
f 7739 8376 6921
f 6925 6922 8403
f 8403 6922 8376
f 8403 8376 8404
f 8404 8376 8402
f 8404 8402 8405
f 8405 8402 8401
f 8405 8401 8406
f 8406 8401 8400
f 8406 8400 8407
f 8407 8400 8399
f 8407 8399 7633
f 7633 8399 7634
f 6924 6925 8408
f 8408 6925 8403
f 8408 8403 8409
f 8409 8403 8404
f 8409 8404 8410
f 8410 8404 8405
f 8410 8405 8411
f 8411 8405 8406
f 8411 8406 8412
f 8412 8406 8407
f 8412 8407 7632
f 7632 8407 7633
f 8413 8414 8415
f 8415 8414 7649
f 7631 7649 8416
f 8416 7649 8414
f 8416 8414 8417
f 8417 8414 8413
f 8417 8413 8418
f 7629 7631 8419
f 8419 7631 8416
f 8419 8416 8420
f 8420 8416 8417
f 8420 8417 8421
f 8421 8417 8418
f 8421 8418 8422
f 7627 7629 8423
f 8423 7629 8419
f 8423 8419 8424
f 8424 8419 8420
f 8424 8420 8425
f 8425 8420 8421
f 8425 8421 8426
f 8426 8421 8422
f 8426 8422 8427
f 6923 6924 8427
f 8427 6924 8408
f 8427 8408 8426
f 8426 8408 8409
f 8426 8409 8425
f 8425 8409 8410
f 8425 8410 8424
f 8424 8410 8411
f 8424 8411 8423
f 8423 8411 8412
f 8423 8412 7627
f 7627 8412 7632
f 7649 7648 8415
f 8415 7648 7647
f 8415 7647 7646
f 6923 8427 8365
f 8365 8427 8422
f 8365 8422 8428
f 8428 8422 8418
f 8428 8418 8429
f 8429 8418 8413
f 8429 8413 8430
f 8430 8413 8415
f 8430 8415 8431
f 8431 8415 7646
f 8431 7646 7645
f 6926 8365 8364
f 8364 8365 8428
f 8364 8428 8432
f 8432 8428 8429
f 8432 8429 8433
f 8433 8429 8430
f 8433 8430 8434
f 8434 8430 8431
f 8434 8431 8435
f 8435 8431 7645
f 8435 7645 7644
f 8436 6918 6928
f 6928 8364 8436
f 8436 8364 8432
f 8436 8432 8437
f 8437 8432 8433
f 8437 8433 8438
f 8438 8433 8434
f 8438 8434 8439
f 8439 8434 8435
f 8439 8435 8440
f 8440 8435 7644
f 8440 7644 7643
f 6918 8436 8441
f 8441 8436 8437
f 8441 8437 8442
f 8442 8437 8438
f 8442 8438 8443
f 8443 8438 8439
f 8443 8439 8444
f 8444 8439 8440
f 8444 8440 8445
f 8445 8440 7643
f 8445 7643 7641
f 8361 8362 7641
f 7641 8362 8390
f 7641 8390 8445
f 8445 8390 8386
f 8445 8386 8444
f 8444 8386 8382
f 8444 8382 8443
f 8443 8382 8380
f 8443 8380 8442
f 8442 8380 8363
f 8442 8363 8441
f 8441 8363 6919
f 8441 6919 6918
f 8359 6584 6583
f 8362 8359 8446
f 8447 8391 8448
f 8448 8391 8394
f 8448 8394 8446
f 8446 8394 8393
f 8446 8393 8362
f 8449 8388 8450
f 8450 8388 8387
f 8450 8387 8447
f 8447 8387 8392
f 8447 8392 8391
f 8359 6583 8446
f 8446 6583 6582
f 8446 6582 8448
f 8448 6582 6581
f 8448 6581 8447
f 8447 6581 6580
f 8447 6580 8450
f 8450 6580 6586
f 8450 6586 8449
f 8449 6586 6585
f 8449 6585 8451
f 8451 6585 6589
f 8451 6589 8452
f 8452 8384 8451
f 8451 8384 8383
f 8451 8383 8449
f 8449 8383 8389
f 8449 8389 8388
f 8379 8381 8452
f 8452 8381 8385
f 8452 8385 8384
f 6613 8453 6591
f 6591 8453 8454
f 6591 8454 6592
f 6592 8454 8455
f 6592 8455 6620
f 6620 8455 8456
f 6620 8456 6588
f 6589 6588 8452
f 8452 6588 8456
f 8452 8456 8379
f 8379 8456 8455
f 8379 8455 8378
f 8378 8455 8454
f 8378 8454 8377
f 8377 8454 8453
f 8377 8453 8367
f 8367 8453 6613
f 8457 7379 7378
f 8458 7377 7376
f 8459 6491 6547
f 7954 8460 7955
f 7986 7985 8461
f 7949 8462 7950
f 7950 8462 8463
f 7994 8464 7995
f 7995 8464 8465
f 7995 8465 7996
f 7994 7993 8464
f 8464 7993 7992
f 8464 7992 8463
f 8463 7992 7991
f 8463 7991 7950
f 7985 7989 8461
f 8461 7989 7990
f 8461 7990 8465
f 8465 7990 7997
f 8465 7997 7996
f 7376 7365 7987
f 7364 7984 7365
f 7365 7984 7983
f 7365 7983 7982
f 7982 7981 7365
f 7365 7981 7988
f 7365 7988 7987
f 7363 7978 7364
f 7364 7978 7977
f 7364 7977 7984
f 7975 7974 7345
f 7345 7974 7980
f 7345 7980 7363
f 7363 7980 7979
f 7363 7979 7978
f 7975 7345 7976
f 7976 7345 7344
f 7976 7344 7970
f 7970 7344 7971
f 7971 7344 7343
f 7971 7343 7972
f 7963 7964 8466
f 8466 7964 7965
f 8466 7965 7342
f 7342 7965 7966
f 7342 7966 7343
f 7343 7966 7973
f 7343 7973 7972
f 7968 7967 8467
f 7968 8467 7969
f 7969 8467 8468
f 7969 8468 7958
f 7962 8469 7954
f 7954 8469 8470
f 7954 8470 8460
f 7962 7961 8469
f 8469 7961 7960
f 8469 7960 8468
f 8468 7960 7959
f 8468 7959 7958
f 8471 8472 7956
f 8473 7951 8472
f 8472 7951 7957
f 8472 7957 7956
f 7945 7944 8474
f 8474 7944 7953
f 8474 7953 8473
f 8473 7953 7952
f 8473 7952 7951
f 7949 7948 8462
f 8462 7948 7947
f 8462 7947 8474
f 8474 7947 7946
f 8474 7946 7945
f 7381 7380 8475
f 8475 7380 7379
f 8475 7379 8476
f 8476 7379 8457
f 8476 8457 8477
f 8477 8457 8478
f 8477 8478 8479
f 8479 8478 8480
f 8479 8480 8481
f 8481 8480 8482
f 8481 8482 8483
f 8483 8482 8484
f 8484 8482 8485
f 8484 8485 8486
f 8486 8485 8487
f 8486 8487 8488
f 8489 8459 8490
f 7342 7355 8466
f 8466 7355 8467
f 8466 8467 7963
f 7963 8467 7967
f 7956 7955 8471
f 8471 7955 8460
f 8471 8460 8491
f 8491 8460 8470
f 8491 8470 8492
f 8492 8470 8469
f 8492 8469 8493
f 8493 8469 8468
f 8459 6547 8490
f 8490 6547 6546
f 8490 6546 8494
f 8494 6546 6545
f 8494 6545 8495
f 8495 6545 6553
f 8495 6553 8496
f 6553 6552 8496
f 8496 6552 6551
f 8496 6551 8497
f 8497 6551 6550
f 8497 6550 8498
f 8498 6550 6549
f 8498 6549 8499
f 8500 8501 8499
f 8499 8501 8502
f 8499 8502 8498
f 8498 8502 8503
f 8498 8503 8497
f 8497 8503 8504
f 8497 8504 8496
f 8496 8504 8505
f 8496 8505 8495
f 8495 8505 8506
f 8495 8506 8494
f 8494 8506 8507
f 8494 8507 8490
f 8490 8507 8508
f 8490 8508 8489
f 8489 8508 8509
f 8501 8463 8502
f 8502 8463 8462
f 8502 8462 8503
f 8503 8462 8474
f 8503 8474 8504
f 8504 8474 8473
f 8504 8473 8505
f 8505 8473 8472
f 8505 8472 8506
f 8506 8472 8471
f 8506 8471 8507
f 8507 8471 8491
f 8507 8491 8508
f 8508 8491 8492
f 8508 8492 8509
f 8509 8492 8493
f 6549 6554 8499
f 8499 6554 6556
f 8499 6556 8500
f 8500 6556 6557
f 8500 6557 6559
f 7987 7986 7376
f 7376 7986 8461
f 7376 8461 8458
f 8458 8461 8465
f 8458 8465 8510
f 8510 8465 8464
f 8510 8464 8511
f 8511 8464 8463
f 8511 8463 8512
f 8512 8463 8501
f 8512 8501 8513
f 8513 8501 8500
f 8513 8500 8514
f 8514 8500 6559
f 8514 6559 6561
f 7377 8458 8515
f 8515 8458 8510
f 8515 8510 8516
f 8516 8510 8511
f 8516 8511 8517
f 8517 8511 8512
f 8517 8512 8518
f 8518 8512 8513
f 8518 8513 8519
f 8519 8513 8514
f 8519 8514 8520
f 8520 8514 6561
f 8520 6561 6565
f 6566 8488 6565
f 6565 8488 8487
f 6565 8487 8520
f 8520 8487 8485
f 8520 8485 8519
f 8519 8485 8482
f 8519 8482 8518
f 8518 8482 8480
f 8518 8480 8517
f 8517 8480 8478
f 8517 8478 8516
f 8516 8478 8457
f 8516 8457 8515
f 8515 8457 7378
f 8515 7378 7377
f 7366 7367 8521
f 8521 7367 8522
f 8521 8522 8523
f 8523 8522 8524
f 8524 8522 8525
f 8524 8525 8526
f 8526 8525 8527
f 8527 8525 8528
f 8527 8528 8529
f 8529 8528 8530
f 8530 8528 8531
f 8530 8531 8532
f 8532 8531 8533
f 8533 8531 8534
f 8533 8534 8535
f 8535 8534 8536
f 8536 8534 8537
f 8536 8537 8538
f 8538 8537 8539
f 8539 8537 6526
f 8539 6526 8540
f 8540 6526 6491
f 8540 6491 8541
f 8541 6491 8459
f 8541 8459 8542
f 8542 8459 8489
f 8542 8489 8543
f 8543 8489 8544
f 8544 8489 8509
f 8544 8509 8545
f 8545 8509 8546
f 8546 8509 8493
f 8546 8493 8547
f 8547 8493 8548
f 8548 8493 8468
f 8548 8468 8549
f 8549 8468 8550
f 8550 8468 8467
f 8550 8467 8551
f 8551 8467 8552
f 8552 8467 7355
f 8552 7355 7354
f 8553 6625 6626
f 8554 6628 6636
f 6635 6633 8555
f 8556 7383 7382
f 8028 8029 8557
f 8045 8044 7356
f 8042 8049 7357
f 8058 8558 8057
f 8060 8559 8560
f 8074 8073 8561
f 8561 8073 8072
f 8561 8072 8562
f 8074 8561 8075
f 8075 8561 8563
f 8075 8563 8064
f 8564 8066 8563
f 8563 8066 8065
f 8563 8065 8064
f 8565 8068 8564
f 8564 8068 8067
f 8564 8067 8066
f 8566 8059 8565
f 8565 8059 8069
f 8565 8069 8068
f 8558 8058 8567
f 8058 8063 8567
f 8567 8063 8062
f 8567 8062 8560
f 8560 8062 8061
f 8560 8061 8060
f 8051 8050 8568
f 8568 8050 8056
f 8568 8056 8055
f 8055 8054 8568
f 8568 8054 8053
f 8568 8053 8057
f 7358 8047 7359
f 7359 8047 8046
f 7357 8049 7358
f 7358 8049 8048
f 7358 8048 8047
f 7356 8044 7357
f 7357 8044 8043
f 7357 8043 8042
f 8045 7356 8038
f 8038 7356 7375
f 8038 7375 8039
f 7374 8036 8035
f 8035 8034 7374
f 7374 8034 8041
f 7374 8041 7375
f 7375 8041 8040
f 7375 8040 8039
f 8036 7374 8037
f 8037 7374 7373
f 8037 7373 8030
f 8028 8557 8031
f 8031 8557 8032
f 8032 8557 8569
f 8032 8569 8033
f 8072 8071 8562
f 8562 8071 8070
f 8562 8070 8570
f 8570 8070 8025
f 8570 8025 8026
f 8026 8027 8570
f 8570 8027 8024
f 8570 8024 8569
f 8569 8024 8023
f 8569 8023 8033
f 6623 6625 8571
f 8571 6625 8553
f 8571 8553 8572
f 8572 8553 8573
f 8572 8573 8574
f 8574 8573 8575
f 8575 8573 8576
f 8575 8576 8577
f 8577 8576 8578
f 8577 8578 8579
f 8579 8578 8580
f 8579 8580 8581
f 8582 8556 8580
f 8580 8556 8583
f 8580 8583 8581
f 8522 7367 7368
f 8046 8052 7359
f 7359 8052 8051
f 7359 8051 7368
f 7368 8051 8568
f 7368 8568 8522
f 8522 8568 8057
f 8522 8057 8525
f 8525 8057 8558
f 8525 8558 8528
f 8528 8558 8567
f 8528 8567 8531
f 8060 8059 8559
f 8559 8059 8566
f 8559 8566 8560
f 8560 8566 8584
f 8560 8584 8567
f 8567 8584 8585
f 8567 8585 8531
f 8531 8585 8534
f 6526 8537 6644
f 6644 8537 8586
f 6644 8586 6645
f 6645 8586 8587
f 6645 8587 8588
f 6648 6647 8588
f 8588 6647 6646
f 8588 6646 6645
f 8588 8589 6648
f 6648 8589 8590
f 6648 8590 6637
f 6637 8590 8591
f 6637 8591 6638
f 8555 6633 8591
f 8591 6633 6639
f 8591 6639 6638
f 8562 8592 8561
f 8561 8592 8593
f 8561 8593 8563
f 8563 8593 8594
f 8563 8594 8564
f 8564 8594 8595
f 8564 8595 8565
f 8565 8595 8596
f 8565 8596 8566
f 8566 8596 8597
f 8566 8597 8584
f 8584 8597 8598
f 8584 8598 8585
f 8585 8598 8599
f 8585 8599 8534
f 8592 8600 8593
f 8593 8600 8555
f 8593 8555 8594
f 8594 8555 8591
f 8594 8591 8595
f 8595 8591 8590
f 8595 8590 8596
f 8596 8590 8589
f 8596 8589 8597
f 8597 8589 8588
f 8597 8588 8598
f 8598 8588 8587
f 8598 8587 8599
f 8599 8587 8586
f 8599 8586 8534
f 8534 8586 8537
f 7372 8557 7373
f 7373 8557 8029
f 7373 8029 8030
f 6635 8555 6636
f 6636 8555 8600
f 6636 8600 8554
f 8554 8600 8592
f 8554 8592 8601
f 8601 8592 8562
f 8601 8562 8602
f 8602 8562 8570
f 8602 8570 8603
f 8603 8570 8569
f 8603 8569 8604
f 8604 8569 8557
f 8604 8557 8605
f 8605 8557 7372
f 8605 7372 7385
f 6628 8554 8606
f 8606 8554 8601
f 8606 8601 8607
f 8607 8601 8602
f 8607 8602 8608
f 8608 8602 8603
f 8608 8603 8609
f 8609 8603 8604
f 8609 8604 8610
f 8610 8604 8605
f 8610 8605 8611
f 8611 8605 7385
f 8611 7385 7384
f 7383 8556 7384
f 7384 8556 8582
f 7384 8582 8611
f 8611 8582 8580
f 8611 8580 8610
f 8610 8580 8578
f 8610 8578 8609
f 8609 8578 8576
f 8609 8576 8608
f 8608 8576 8573
f 8608 8573 8607
f 8607 8573 8553
f 8607 8553 8606
f 8606 8553 6626
f 8606 6626 6628
f 8579 8612 8577
f 8577 8612 8575
f 7337 7336 7382
f 7382 7336 8613
f 7382 8613 8556
f 8556 8613 8614
f 8556 8614 8583
f 8583 8614 8612
f 8583 8612 8581
f 8581 8612 8579
f 6624 6623 7676
f 7676 6623 8571
f 7676 8571 8572
f 8612 8615 8575
f 8575 8615 7676
f 8575 7676 8574
f 8574 7676 8572
f 8484 8486 7662
f 8484 7662 8483
f 8486 8488 7662
f 7662 8488 6566
f 7662 6566 6564
f 8616 8617 8479
f 7662 8618 8483
f 8483 8618 8616
f 8483 8616 8481
f 8481 8616 8479
f 8619 7319 7318
f 7318 7381 8619
f 8619 7381 8475
f 8619 8475 8620
f 8620 8475 8476
f 8620 8476 8617
f 8617 8476 8477
f 8617 8477 8479
f 7353 7340 8621
f 8621 7340 8622
f 8621 8622 8623
f 8623 8622 8624
f 8623 8624 8625
f 8626 8627 8540
f 8540 8627 8628
f 8540 8628 8539
f 8626 8540 8629
f 8629 8540 8630
f 8629 8630 8631
f 8632 8633 8634
f 8631 8630 8635
f 8635 8630 8636
f 8635 8636 8634
f 8634 8636 8637
f 8634 8637 8632
f 8638 8639 8640
f 8640 8639 8634
f 8640 8634 8641
f 8641 8634 8633
f 8638 8642 8639
f 8639 8642 8643
f 8639 8643 8644
f 8644 8643 8645
f 8644 8645 8646
f 8646 8645 8647
f 8646 8647 8648
f 8648 8647 8649
f 8648 8649 8650
f 8650 8649 8651
f 8650 8651 8625
f 8625 8651 8652
f 8625 8652 8623
f 8653 8654 8646
f 8655 8656 8657
f 8657 8656 8658
f 8654 8659 8646
f 8646 8659 8660
f 8646 8660 8644
f 8644 8660 8661
f 8644 8661 8662
f 8662 8661 8655
f 8662 8655 8663
f 8663 8655 8657
f 8656 8664 8658
f 8658 8664 8665
f 8658 8665 8666
f 8666 8665 8667
f 8666 8667 8668
f 8668 8667 8669
f 8668 8669 8670
f 8670 8669 8671
f 8670 8671 8672
f 8672 8671 8653
f 8672 8653 8673
f 8673 8653 8646
f 8674 8647 8675
f 8675 8647 8645
f 8675 8645 8676
f 8676 8645 8677
f 8674 8678 8647
f 8647 8678 8679
f 8647 8679 8680
f 8645 8681 8677
f 8677 8681 8682
f 8677 8682 8683
f 8683 8682 8684
f 8683 8684 8685
f 8685 8684 8686
f 8685 8686 8687
f 8687 8686 8688
f 8687 8688 8689
f 8689 8688 8690
f 8690 8688 8691
f 8690 8691 8692
f 8692 8691 8693
f 8692 8693 8679
f 8679 8693 8694
f 8679 8694 8680
f 8685 8664 8683
f 8683 8664 8656
f 8683 8656 8677
f 8677 8656 8655
f 8677 8655 8676
f 8676 8655 8661
f 8676 8661 8675
f 8675 8661 8660
f 8675 8660 8674
f 8674 8660 8659
f 8674 8659 8678
f 8678 8659 8654
f 8678 8654 8679
f 8679 8654 8653
f 8679 8653 8692
f 8692 8653 8671
f 8692 8671 8690
f 8690 8671 8669
f 8690 8669 8689
f 8689 8669 8667
f 8689 8667 8687
f 8687 8667 8665
f 8687 8665 8685
f 8685 8665 8664
f 8695 8696 8205
f 8697 8698 8699
f 8699 8698 8700
f 8699 8700 8696
f 8696 8700 8701
f 8696 8701 8205
f 8702 8703 8150
f 8704 8705 8706
f 8706 8705 8707
f 8706 8707 8699
f 8699 8707 8708
f 8699 8708 8697
f 8150 8148 8702
f 8702 8148 8709
f 8702 8709 8706
f 8706 8709 8710
f 8706 8710 8704
f 8711 8159 8712
f 8712 8159 8156
f 8712 8156 8703
f 8703 8156 8154
f 8703 8154 8150
f 8713 8171 8714
f 8714 8171 8168
f 8714 8168 8715
f 8715 8168 8165
f 8715 8165 8711
f 8711 8165 8162
f 8711 8162 8159
f 8716 8180 8717
f 8717 8180 8177
f 8717 8177 8713
f 8713 8177 8174
f 8713 8174 8171
f 8718 8192 8719
f 8719 8192 8189
f 8719 8189 8720
f 8720 8189 8186
f 8720 8186 8716
f 8716 8186 8183
f 8716 8183 8180
f 8205 8203 8695
f 8695 8203 8198
f 8695 8198 8718
f 8718 8198 8195
f 8718 8195 8192
f 8704 8721 8705
f 8705 8721 8722
f 8705 8722 8707
f 8707 8722 8723
f 8707 8723 8708
f 8708 8723 8724
f 8708 8724 8697
f 8697 8724 8725
f 8697 8725 8698
f 8698 8725 8726
f 8727 6506 6504
f 8727 6504 8728
f 8729 8730 6504
f 6504 8730 8731
f 6504 8731 8728
f 8732 8733 6501
f 6501 8733 8734
f 6501 8734 6504
f 6504 8734 8735
f 6504 8735 8729
f 8736 8737 8734
f 8734 8737 8738
f 8734 8738 8735
f 8733 8739 8734
f 8734 8739 8740
f 8734 8740 8741
f 8741 8742 8734
f 8734 8742 8743
f 8734 8743 8736
f 8744 8745 6501
f 6501 8745 8746
f 6501 8746 8732
f 8744 6501 8747
f 8747 6501 6490
f 8747 6490 8748
f 8748 6490 8749
f 8749 6490 6489
f 8749 6489 6534
f 6520 6507 8750
f 8750 6507 6506
f 8750 6506 8727
f 8727 8728 8750
f 8750 8728 8751
f 8750 8751 6520
f 6520 8751 6622
f 6520 6622 6521
f 6640 6653 8752
f 8752 6653 8753
f 6653 6652 8753
f 8753 6652 6680
f 8753 6680 8754
f 8755 8745 8754
f 8754 8745 8744
f 8754 8744 8753
f 8753 8744 8747
f 8753 8747 8752
f 8733 8732 8755
f 8755 8732 8746
f 8755 8746 8745
f 8755 8756 8733
f 8733 8756 8757
f 8733 8757 8739
f 8739 8757 8758
f 8739 8758 8740
f 8740 8758 8759
f 8740 8759 8741
f 8741 8759 8760
f 8741 8760 8742
f 8742 8760 8761
f 8742 8761 8743
f 8743 8761 8762
f 8743 8762 8736
f 8736 8762 8763
f 8736 8763 8737
f 8737 8763 8764
f 8737 8764 8738
f 6680 6693 8754
f 8754 6693 6692
f 8754 6692 8755
f 8755 6692 6691
f 8755 6691 8756
f 8756 6691 6690
f 8756 6690 8757
f 8757 6690 6689
f 8757 6689 8758
f 8758 6689 6687
f 8758 6687 8759
f 8759 6687 6686
f 8759 6686 8760
f 8760 6686 6685
f 8760 6685 8761
f 8761 6685 6684
f 8761 6684 8762
f 8762 6684 6683
f 8762 6683 8763
f 8763 6683 6682
f 8763 6682 8764
f 8764 6682 6681
f 8764 6681 8765
f 8765 6681 6695
f 8765 6695 8766
f 8766 6695 6697
f 8766 6697 8767
f 8767 6697 6622
f 8767 6622 8751
f 8738 8764 8735
f 8735 8764 8765
f 8735 8765 8729
f 8729 8765 8766
f 8729 8766 8730
f 8730 8766 8767
f 8730 8767 8731
f 8731 8767 8751
f 8731 8751 8728
f 6533 6529 8768
f 6528 6527 6643
f 6528 6643 6529
f 6533 8768 6534
f 6529 6643 8768
f 8768 6643 6641
f 8768 6641 8769
f 8769 6641 6640
f 8769 6640 8752
f 6534 8768 8749
f 8749 8768 8769
f 8749 8769 8748
f 8748 8769 8752
f 8748 8752 8747
f 8770 6531 6530
f 6531 8770 6532
f 8771 8772 6493
f 6493 8772 8773
f 8773 8774 6493
f 6493 8774 8775
f 6493 8775 6530
f 6530 8775 8776
f 6530 8776 8770
f 8777 8778 8779
f 8777 8779 8780
f 8780 8779 8781
f 8781 8779 8782
f 8781 8782 8783
f 8779 8784 8785
f 8785 8786 8779
f 8779 8786 8787
f 8779 8787 8782
f 6492 6524 8788
f 8788 8789 6492
f 6492 8789 8790
f 6492 8790 8791
f 8778 8771 8779
f 8779 8771 6493
f 8779 6493 8784
f 8784 6493 6492
f 8784 6492 8792
f 8792 6492 8791
f 8793 8789 8788
f 6512 8794 6525
f 6511 6540 6512
f 6512 6540 8793
f 6512 8793 8794
f 8794 8793 8788
f 8794 8788 6525
f 6525 8788 6524
f 8795 8775 8774
f 6568 6542 8796
f 8796 6542 8795
f 8795 8774 8796
f 8796 8774 8773
f 8796 8773 8797
f 8797 8773 8772
f 8797 8772 8798
f 8798 8772 8771
f 8798 8771 8799
f 8771 8778 8799
f 8799 8778 8777
f 8799 8777 8800
f 8800 8777 8780
f 8800 8780 8801
f 8801 8780 8781
f 8801 8781 8802
f 8802 8781 8783
f 8802 8783 8803
f 8803 8783 8782
f 8803 8782 8804
f 8804 8782 8787
f 8804 8787 8805
f 8805 8787 8786
f 8805 8786 8806
f 8806 8786 8785
f 8784 8807 8785
f 8785 8807 8808
f 8785 8808 8806
f 8784 8792 8807
f 8807 8792 8791
f 8807 8791 8809
f 8809 8791 8790
f 8809 8790 8810
f 8810 8790 8789
f 8810 8789 8793
f 6568 8796 6569
f 6569 8796 8797
f 6569 8797 6599
f 6599 8797 8798
f 6599 8798 6600
f 6600 8798 8799
f 6600 8799 6596
f 6596 8799 8800
f 6596 8800 6597
f 6597 8800 8801
f 6597 8801 6598
f 6598 8801 8802
f 6598 8802 6594
f 6594 8802 8803
f 6594 8803 6595
f 6595 8803 8804
f 6595 8804 6601
f 6601 8804 8805
f 6601 8805 6602
f 6602 8805 8806
f 6602 8806 6604
f 6604 8806 8808
f 6604 8808 6605
f 6605 8808 8807
f 6605 8807 6606
f 6606 8807 8809
f 6606 8809 6607
f 6607 8809 8810
f 6607 8810 6608
f 6608 8810 8793
f 6608 8793 6540
f 6537 6532 8770
f 6536 6538 8811
f 8811 6538 6537
f 6544 6535 6536
f 6537 8770 8811
f 8811 8770 8776
f 8811 8776 8812
f 8812 8776 8775
f 8812 8775 8795
f 6536 8811 6544
f 6544 8811 8812
f 6544 8812 6541
f 6541 8812 8795
f 6541 8795 6542
f 8698 8726 8700
f 8700 8726 8813
f 8700 8813 8701
f 8701 8813 8814
f 8701 8814 8205
f 8205 8814 8204
f 8148 8147 8709
f 8709 8147 8815
f 8709 8815 8710
f 8710 8815 8816
f 8710 8816 8704
f 8704 8816 8721
f 8817 8818 8819
f 8820 8821 8822
f 8630 8540 8541
f 8633 8632 8823
f 8823 8632 8637
f 8823 8637 8636
f 8640 8641 8824
f 8645 8643 8825
f 8825 8643 8642
f 8825 8642 8638
f 8636 8630 8823
f 8823 8630 8541
f 8823 8541 8826
f 8541 8542 8826
f 8826 8542 8543
f 8826 8543 8827
f 8827 8543 8544
f 8827 8544 8828
f 8544 8545 8828
f 8828 8545 8546
f 8828 8546 8829
f 8829 8546 8547
f 8829 8547 8830
f 8547 8548 8830
f 8830 8548 8549
f 8830 8549 8831
f 8831 8549 8550
f 8831 8550 8832
f 7354 8833 8552
f 8552 8833 8832
f 8552 8832 8551
f 8551 8832 8550
f 8833 8820 8832
f 8832 8820 8822
f 8832 8822 8831
f 8831 8822 8834
f 8831 8834 8830
f 8830 8834 8835
f 8830 8835 8829
f 8829 8835 8836
f 8829 8836 8828
f 8828 8836 8837
f 8828 8837 8827
f 8827 8837 8838
f 8827 8838 8826
f 8826 8838 8839
f 8826 8839 8823
f 8823 8839 8824
f 8823 8824 8633
f 8633 8824 8641
f 8821 8817 8822
f 8822 8817 8819
f 8822 8819 8834
f 8834 8819 8840
f 8834 8840 8835
f 8835 8840 8841
f 8835 8841 8836
f 8836 8841 8842
f 8836 8842 8837
f 8837 8842 8843
f 8837 8843 8838
f 8838 8843 8844
f 8838 8844 8839
f 8839 8844 8845
f 8839 8845 8824
f 8824 8845 8825
f 8824 8825 8640
f 8640 8825 8638
f 8818 8680 8819
f 8819 8680 8694
f 8819 8694 8840
f 8840 8694 8693
f 8840 8693 8841
f 8841 8693 8691
f 8841 8691 8842
f 8842 8691 8688
f 8842 8688 8843
f 8843 8688 8686
f 8843 8686 8844
f 8844 8686 8684
f 8844 8684 8845
f 8845 8684 8682
f 8845 8682 8825
f 8825 8682 8681
f 8825 8681 8645
f 7354 7353 8833
f 8833 7353 8621
f 8833 8621 8820
f 8820 8621 8623
f 8820 8623 8821
f 8821 8623 8652
f 8821 8652 8817
f 8817 8652 8651
f 8817 8651 8818
f 8818 8651 8649
f 8818 8649 8680
f 8680 8649 8647
f 8846 8847 7366
f 8848 8849 8850
f 8851 8852 8853
f 8672 8673 8854
f 8658 8666 8855
f 8627 8626 8856
f 8857 8634 8639
f 8629 8631 8858
f 8858 8631 8635
f 8538 8539 8628
f 8657 8852 8663
f 8663 8852 8851
f 8663 8851 8662
f 8672 8849 8670
f 8670 8849 8848
f 8670 8848 8668
f 8859 8853 8860
f 8860 8853 8852
f 8860 8852 8861
f 8861 8852 8657
f 8861 8657 8658
f 8862 8863 8864
f 8626 8629 8856
f 8856 8629 8858
f 8856 8858 8865
f 8866 8863 8867
f 8867 8863 8862
f 8867 8862 8846
f 8672 8854 8849
f 8849 8854 8868
f 8849 8868 8850
f 8850 8868 8869
f 8850 8869 8870
f 8666 8668 8864
f 8864 8668 8848
f 8864 8848 8862
f 8862 8848 8850
f 8862 8850 8846
f 8846 8850 8870
f 8846 8870 8847
f 8532 8533 8871
f 8871 8533 8865
f 8871 8865 8872
f 8872 8865 8858
f 8872 8858 8857
f 8857 8858 8635
f 8857 8635 8634
f 8628 8627 8538
f 8538 8627 8856
f 8538 8856 8536
f 8536 8856 8865
f 8536 8865 8535
f 8535 8865 8533
f 8530 8532 8859
f 8859 8532 8871
f 8859 8871 8853
f 8853 8871 8872
f 8853 8872 8851
f 8851 8872 8857
f 8851 8857 8662
f 8662 8857 8639
f 8662 8639 8644
f 8658 8855 8861
f 8861 8855 8873
f 8861 8873 8860
f 8860 8873 8874
f 8860 8874 8859
f 8859 8874 8529
f 8859 8529 8530
f 8666 8864 8855
f 8855 8864 8863
f 8855 8863 8873
f 8873 8863 8866
f 8873 8866 8874
f 8874 8866 8527
f 8874 8527 8529
f 7366 8521 8846
f 8846 8521 8523
f 8846 8523 8867
f 8867 8523 8524
f 8867 8524 8866
f 8866 8524 8526
f 8866 8526 8527
f 7340 7366 8622
f 8622 7366 8847
f 8622 8847 8624
f 8624 8847 8870
f 8624 8870 8625
f 8625 8870 8869
f 8625 8869 8650
f 8854 8673 8646
f 8869 8868 8650
f 8650 8868 8854
f 8650 8854 8648
f 8648 8854 8646
f 8875 8105 8106
f 8876 8877 8875
f 8878 8879 8877
f 8880 8881 8879
f 8219 8249 8881
f 8882 8883 8884
f 8881 8880 8219
f 8219 8880 8885
f 8219 8885 8217
f 8217 8885 8886
f 8217 8886 8207
f 8207 8886 8887
f 8207 8887 8208
f 8208 8887 8888
f 8208 8888 8215
f 8215 8888 8889
f 8215 8889 8216
f 8216 8889 8890
f 8216 8890 8210
f 8210 8890 8891
f 8210 8891 8212
f 8212 8891 8892
f 8212 8892 8252
f 8252 8892 8893
f 8252 8893 8253
f 8253 8893 8894
f 8253 8894 8255
f 8255 8894 8895
f 8255 8895 8256
f 8256 8895 8896
f 8256 8896 8242
f 8242 8896 8897
f 8242 8897 8244
f 8244 8897 8898
f 8244 8898 8246
f 8246 8898 8899
f 8246 8899 8247
f 8247 8899 8900
f 8247 8900 8237
f 8237 8900 8901
f 8237 8901 8239
f 8239 8901 8902
f 8239 8902 8240
f 8240 8902 8903
f 8240 8903 8232
f 8232 8903 8904
f 8232 8904 8234
f 8234 8904 8905
f 8234 8905 8235
f 8235 8905 8906
f 8235 8906 8224
f 8224 8906 8907
f 8224 8907 8226
f 8226 8907 8908
f 8226 8908 8228
f 8228 8908 8882
f 8228 8882 8220
f 8220 8882 8884
f 8220 8884 8221
f 8909 8910 8911
f 8145 8146 8910
f 8910 8909 8145
f 8145 8909 8912
f 8145 8912 8144
f 8144 8912 8913
f 8144 8913 8143
f 8914 8138 8915
f 8915 8138 8139
f 8915 8139 8916
f 8916 8139 8140
f 8916 8140 8917
f 8917 8140 8141
f 8917 8141 8913
f 8913 8141 8142
f 8913 8142 8143
f 8918 8136 8914
f 8914 8136 8137
f 8914 8137 8138
f 8134 8133 8919
f 8919 8133 8132
f 8919 8132 8920
f 8920 8132 8131
f 8920 8131 8918
f 8918 8131 8135
f 8918 8135 8136
f 8134 8919 8129
f 8129 8919 8921
f 8129 8921 8130
f 8130 8921 8922
f 8130 8922 8127
f 8127 8922 8128
f 8128 8922 8923
f 8128 8923 8126
f 8126 8923 8924
f 8126 8924 8125
f 8925 8121 8926
f 8926 8121 8120
f 8926 8120 8924
f 8924 8120 8124
f 8924 8124 8125
f 8117 8118 8927
f 8927 8118 8119
f 8927 8119 8928
f 8928 8119 8123
f 8928 8123 8925
f 8925 8123 8122
f 8925 8122 8121
f 8117 8927 8113
f 8113 8927 8929
f 8113 8929 8114
f 8114 8929 8930
f 8114 8930 8115
f 8115 8930 8931
f 8115 8931 8116
f 8116 8931 8932
f 8116 8932 8110
f 8875 8106 8876
f 8876 8106 8107
f 8876 8107 8933
f 8933 8107 8108
f 8933 8108 8934
f 8934 8108 8109
f 8934 8109 8935
f 8935 8109 8112
f 8935 8112 8932
f 8932 8112 8111
f 8932 8111 8110
f 8879 8878 8880
f 8880 8878 8936
f 8880 8936 8885
f 8885 8936 8937
f 8885 8937 8886
f 8886 8937 8938
f 8886 8938 8887
f 8887 8938 8939
f 8887 8939 8888
f 8888 8939 8940
f 8888 8940 8889
f 8889 8940 8941
f 8889 8941 8890
f 8890 8941 8942
f 8890 8942 8891
f 8891 8942 8943
f 8891 8943 8892
f 8892 8943 8944
f 8892 8944 8893
f 8893 8944 8945
f 8893 8945 8894
f 8894 8945 8946
f 8894 8946 8895
f 8895 8946 8947
f 8895 8947 8896
f 8896 8947 8948
f 8896 8948 8897
f 8897 8948 8949
f 8897 8949 8898
f 8898 8949 8950
f 8898 8950 8899
f 8899 8950 8951
f 8899 8951 8900
f 8900 8951 8952
f 8900 8952 8901
f 8901 8952 8953
f 8901 8953 8902
f 8902 8953 8954
f 8902 8954 8903
f 8903 8954 8955
f 8903 8955 8904
f 8904 8955 8956
f 8904 8956 8905
f 8905 8956 8957
f 8905 8957 8906
f 8906 8957 8958
f 8906 8958 8907
f 8907 8958 8959
f 8907 8959 8908
f 8908 8959 8960
f 8908 8960 8882
f 8882 8960 8961
f 8882 8961 8883
f 8877 8876 8878
f 8878 8876 8933
f 8878 8933 8936
f 8936 8933 8934
f 8936 8934 8937
f 8937 8934 8935
f 8937 8935 8938
f 8938 8935 8932
f 8938 8932 8939
f 8939 8932 8931
f 8939 8931 8940
f 8940 8931 8930
f 8940 8930 8941
f 8941 8930 8929
f 8941 8929 8942
f 8942 8929 8927
f 8942 8927 8943
f 8943 8927 8928
f 8943 8928 8944
f 8944 8928 8925
f 8944 8925 8945
f 8945 8925 8926
f 8945 8926 8946
f 8946 8926 8924
f 8946 8924 8947
f 8947 8924 8923
f 8947 8923 8948
f 8948 8923 8922
f 8948 8922 8949
f 8949 8922 8921
f 8949 8921 8950
f 8950 8921 8919
f 8950 8919 8951
f 8951 8919 8920
f 8951 8920 8952
f 8952 8920 8918
f 8952 8918 8953
f 8953 8918 8914
f 8953 8914 8954
f 8954 8914 8915
f 8954 8915 8955
f 8955 8915 8916
f 8955 8916 8956
f 8956 8916 8917
f 8956 8917 8957
f 8957 8917 8913
f 8957 8913 8958
f 8958 8913 8912
f 8958 8912 8959
f 8959 8912 8909
f 8959 8909 8960
f 8960 8909 8911
f 8960 8911 8961
f 8150 8154 8152
f 8152 8154 8153
f 8198 8203 8199
f 8199 8203 8201
f 8149 8151 8962
f 8962 8151 8963
f 8962 8963 8964
f 6806 6798 8964
f 8964 6798 8965
f 8964 8965 8962
f 8146 6810 8966
f 8966 6810 6809
f 8966 6809 8967
f 8967 6809 6807
f 8967 6807 8968
f 8968 6807 6806
f 8968 6806 8969
f 8969 6806 8964
f 8970 6763 8971
f 8971 6763 6759
f 8971 6759 8972
f 8972 6759 6757
f 8972 6757 8973
f 8973 6757 6755
f 8973 6755 8105
f 8970 8974 6763
f 6763 8974 8975
f 6763 8975 6764
f 6764 8975 8976
f 6764 8976 8977
f 8977 8976 8978
f 8977 8978 8979
f 8979 8978 8200
f 8979 8200 8202
f 6729 8717 6723
f 6723 8717 8713
f 8716 8717 6729
f 6729 6731 8716
f 8716 6731 6733
f 8716 6733 8720
f 6733 6734 8720
f 8720 6734 6736
f 8720 6736 8719
f 6736 6737 8719
f 8719 6737 6739
f 8719 6739 8718
f 8718 6739 6740
f 8718 6740 8695
f 6740 6727 8695
f 8695 6727 6726
f 8695 6726 8696
f 6725 8699 6743
f 6743 8699 8696
f 6743 8696 6741
f 6741 8696 6726
f 8702 8706 6707
f 6707 6709 8702
f 8702 6709 6711
f 8702 6711 8703
f 6711 6712 8703
f 8703 6712 6714
f 8703 6714 8712
f 6714 6715 8712
f 8712 6715 6717
f 8712 6717 8711
f 8711 6717 6718
f 8711 6718 8715
f 6718 6705 8715
f 8715 6705 6704
f 8715 6704 8714
f 6723 8713 6721
f 6721 8713 8714
f 6721 8714 6719
f 6719 8714 6704
f 6707 8706 6725
f 6725 8706 8699
f 6730 7360 6732
f 6732 7360 7349
f 6732 7349 6735
f 6735 7349 7347
f 6735 7347 6738
f 6738 7347 7346
f 6738 7346 6728
f 6728 7346 7339
f 6728 7339 6742
f 6742 7339 7338
f 6742 7338 6724
f 6724 7338 7371
f 7370 6708 7371
f 7371 6708 6724
f 6722 7361 6730
f 6730 7361 7360
f 6708 7370 6710
f 6710 7370 7369
f 6710 7369 6713
f 6713 7369 7352
f 6713 7352 6716
f 6716 7352 7351
f 6716 7351 6706
f 6706 7351 7350
f 6706 7350 6720
f 6720 7350 7362
f 6720 7362 6722
f 6722 7362 7361
f 8976 8975 8249
f 8249 8975 8974
f 8249 8974 8881
f 8974 8970 8881
f 8881 8970 8971
f 8881 8971 8879
f 8879 8971 8972
f 8879 8972 8877
f 8877 8972 8973
f 8877 8973 8875
f 8875 8973 8105
f 8250 8200 8978
f 8250 8978 8248
f 8248 8978 8976
f 8248 8976 8249
f 8251 8201 8250
f 8250 8201 8200
f 8199 8201 8218
f 8218 8201 8251
f 8225 8227 8153
f 8153 8155 8225
f 8225 8155 8157
f 8225 8157 8223
f 8157 8158 8223
f 8223 8158 8160
f 8223 8160 8233
f 8160 8161 8233
f 8233 8161 8163
f 8233 8163 8231
f 8163 8164 8231
f 8231 8164 8166
f 8231 8166 8238
f 8166 8167 8238
f 8238 8167 8169
f 8238 8169 8236
f 8169 8170 8236
f 8236 8170 8172
f 8236 8172 8245
f 8172 8173 8245
f 8245 8173 8175
f 8245 8175 8243
f 8175 8176 8243
f 8243 8176 8178
f 8243 8178 8241
f 8241 8178 8179
f 8241 8179 8254
f 8179 8181 8254
f 8254 8181 8182
f 8254 8182 8213
f 8182 8184 8213
f 8213 8184 8185
f 8213 8185 8211
f 8185 8187 8211
f 8211 8187 8188
f 8211 8188 8209
f 8188 8190 8209
f 8209 8190 8191
f 8209 8191 8214
f 8191 8193 8214
f 8214 8193 8194
f 8214 8194 8206
f 8199 8218 8197
f 8197 8218 8206
f 8197 8206 8196
f 8196 8206 8194
f 8152 8153 8229
f 8229 8153 8227
f 8230 8151 8229
f 8229 8151 8152
f 8221 8964 8963
f 8221 8963 8222
f 8222 8963 8151
f 8222 8151 8230
f 8964 8221 8884
f 8964 8884 8969
f 8884 8883 8969
f 8969 8883 8961
f 8969 8961 8968
f 8968 8961 8911
f 8968 8911 8967
f 8967 8911 8910
f 8967 8910 8966
f 8966 8910 8146
f 6798 6800 8965
f 8965 6800 8147
f 8965 8147 8962
f 8962 8147 8149
f 8147 6800 8815
f 8815 6800 6802
f 8815 6802 8816
f 8816 6802 6804
f 8816 6804 8721
f 8721 6804 6803
f 8721 6803 8722
f 8722 6803 6812
f 8722 6812 8723
f 8723 6812 6816
f 8723 6816 8724
f 8724 6816 6815
f 8724 6815 8725
f 8725 6815 6818
f 8725 6818 8726
f 8726 6818 6771
f 8726 6771 8813
f 8813 6771 6770
f 8813 6770 8814
f 8814 6770 6768
f 8814 6768 8204
f 8204 6768 6766
f 8979 8202 8204
f 6766 6764 8204
f 8204 6764 8977
f 8204 8977 8979
f 7678 7677 8980
f 8981 7601 7672
f 8981 7672 8982
f 7607 7600 8983
f 7678 8980 7679
f 7677 7676 8980
f 8980 7676 8984
f 8980 8984 8985
f 8985 8984 8986
f 8985 8986 8987
f 8982 8988 8981
f 8981 8988 8989
f 8981 8989 7601
f 7600 7599 8983
f 8983 7599 8990
f 8983 8990 8988
f 8988 8990 8991
f 8988 8991 8989
f 8989 8991 7601
f 7672 7679 8982
f 8982 7679 8980
f 8982 8980 8988
f 8988 8980 8985
f 8988 8985 8983
f 8983 8985 8987
f 8983 8987 7607
f 7599 7598 8990
f 8990 7598 7602
f 8990 7602 8991
f 8991 7602 7601
f 7606 7607 8987
f 7606 8987 8992
f 8992 8987 8986
f 8992 8986 8993
f 8993 8986 8984
f 8993 8984 8994
f 8994 8984 7676
f 8994 7676 8615
f 7597 7605 8995
f 8996 7594 7595
f 8996 7595 8997
f 7662 7661 8998
f 7597 8995 7596
f 7605 7604 8995
f 8995 7604 8999
f 8995 8999 9000
f 9000 8999 9001
f 9000 9001 9002
f 8997 9003 8996
f 8996 9003 9004
f 8996 9004 7594
f 7661 7660 8998
f 8998 7660 9005
f 8998 9005 9003
f 9003 9005 9006
f 9003 9006 9004
f 9004 9006 7594
f 7595 7596 8997
f 8997 7596 8995
f 8997 8995 9003
f 9003 8995 9000
f 9003 9000 8998
f 8998 9000 9002
f 8998 9002 7662
f 7660 7659 9005
f 9005 7659 7663
f 9005 7663 9006
f 9006 7663 7594
f 9007 8618 7662
f 7662 9002 9007
f 9007 9002 9001
f 9007 9001 9008
f 9008 9001 8999
f 9008 8999 9009
f 9009 8999 7604
f 9009 7604 7603
f 8618 6871 8616
f 8616 6871 6849
f 6848 6851 7319
f 7319 8619 6848
f 6848 8619 8620
f 6848 8620 6849
f 6849 8620 8617
f 6849 8617 8616
f 6871 8618 6869
f 6869 8618 9007
f 6869 9007 6867
f 6867 9007 9008
f 6867 9008 6868
f 6868 9008 9009
f 6868 9009 6870
f 6870 9009 7603
f 7229 6882 9010
f 9010 6882 6884
f 9010 6884 7243
f 7243 6884 7237
f 7237 6884 6887
f 7237 6887 7233
f 7233 6887 6889
f 7233 6889 7252
f 7252 6889 6891
f 7252 6891 7324
f 7324 6891 6861
f 7324 6861 7325
f 7325 6861 6862
f 7325 6862 7327
f 7327 6862 6860
f 7327 6860 7328
f 7328 6860 6859
f 7328 6859 7330
f 7330 6859 6858
f 7330 6858 7332
f 7332 6858 6839
f 7332 6839 7334
f 7334 6839 6838
f 7334 6838 7336
f 7229 7228 6882
f 6882 7228 7296
f 6882 7296 6880
f 6880 7296 7323
f 6880 7323 6873
f 6873 7323 7322
f 6873 7322 6872
f 6872 7322 7320
f 6872 7320 6827
f 6827 7320 7309
f 6827 7309 6823
f 6823 7309 7311
f 6823 7311 6824
f 6824 7311 7313
f 6824 7313 6825
f 6825 7313 7315
f 6825 7315 6826
f 6826 7315 7317
f 6826 7317 6850
f 6850 7317 7319
f 6850 7319 6851
f 7606 6892 6817
f 6817 6814 7606
f 7606 6814 6811
f 7606 6811 7603
f 7603 6811 6813
f 7603 6813 6870
f 7336 6838 8613
f 8613 6838 6842
f 6844 8615 6843
f 6843 8615 8612
f 6843 8612 6842
f 6842 8612 8614
f 6842 8614 8613
f 6892 7606 6893
f 6893 7606 8992
f 6893 8992 6894
f 6894 8992 8993
f 6894 8993 6895
f 6895 8993 8994
f 6895 8994 6844
f 6844 8994 8615
f 7540 7535 7130
f 7130 7128 7540
f 7540 7128 7129
f 7540 7129 7545
f 7129 7164 7545
f 7545 7164 7165
f 7545 7165 7581
f 7165 7163 7581
f 7581 7163 7162
f 7581 7162 7578
f 7162 7161 7578
f 7578 7161 7160
f 7578 7160 7481
f 7160 7159 7481
f 7481 7159 7158
f 7481 7158 7484
f 7158 7157 7484
f 7484 7157 7156
f 7484 7156 7485
f 7156 7155 7485
f 7485 7155 7154
f 7485 7154 7492
f 7492 7154 7153
f 7492 7153 7490
f 7153 7152 7490
f 7490 7152 7151
f 7490 7151 7495
f 7151 7150 7495
f 7495 7150 7149
f 7495 7149 7498
f 7149 7148 7498
f 7498 7148 7147
f 7498 7147 7588
f 7147 7146 7588
f 7588 7146 7145
f 7588 7145 7526
f 7145 7144 7526
f 7526 7144 7143
f 7526 7143 7523
f 7143 7142 7523
f 7523 7142 7141
f 7523 7141 7529
f 7141 7140 7529
f 7529 7140 7138
f 7529 7138 7530
f 7138 7136 7530
f 7530 7136 7134
f 7530 7134 7537
f 7537 7134 7133
f 7537 7133 7535
f 7535 7133 7131
f 7535 7131 7130
f 9011 9010 7241
f 7241 9010 7243
f 7229 9010 7238
f 7238 9010 9011
f 7238 9011 7239
f 7239 9011 7241
f 9012 9013 9014
f 9015 9016 9014
f 9016 9017 9014
f 9014 9017 9018
f 9014 9018 9012
f 9019 9020 9021
f 9021 9020 9022
f 9021 9022 9023
f 7248 7250 9024
f 9024 7250 9021
f 9024 9021 9025
f 9025 9021 9023
f 7248 9024 7246
f 7246 9024 9026
f 7246 9026 7259
f 7259 9026 9027
f 7259 9027 7260
f 7260 9027 9028
f 7260 9028 7267
f 7267 9028 9029
f 7267 9029 7265
f 7265 9029 9030
f 7265 9030 7263
f 7263 9030 9031
f 7263 9031 7286
f 7286 9031 9032
f 7286 9032 7284
f 7284 9032 9033
f 7284 9033 7282
f 7282 9033 9034
f 7282 9034 7280
f 7280 9034 9035
f 7280 9035 7278
f 7278 9035 9036
f 7278 9036 7276
f 7276 9036 9037
f 7276 9037 7274
f 7274 9037 9038
f 7274 9038 7272
f 7272 9038 9039
f 7272 9039 7270
f 7270 9039 9040
f 7270 9040 7298
f 9040 9041 7298
f 7298 9041 9042
f 7298 9042 7299
f 7299 9042 9015
f 7299 9015 7301
f 7301 9015 9014
f 7301 9014 7302
f 9043 6876 9044
f 9044 6876 6875
f 9044 6875 9045
f 9045 6875 6874
f 9045 6874 9046
f 9046 6874 6890
f 9046 6890 9047
f 9047 6890 6888
f 9047 6888 9048
f 9048 6888 6886
f 9048 6886 9049
f 9049 6886 6885
f 9049 6885 9050
f 9050 6885 6883
f 9050 6883 9051
f 9051 6883 6881
f 9051 6881 9052
f 9052 6881 6879
f 9052 6879 9053
f 9053 6879 6878
f 9053 6878 9054
f 9054 6878 6877
f 9054 6877 9043
f 9043 6877 6876
f 9053 9054 9055
f 9055 9054 9043
f 9055 9043 9044
f 9050 9051 9055
f 9055 9051 9052
f 9055 9052 9053
f 9047 9048 9055
f 9055 9048 9049
f 9055 9049 9050
f 9044 9045 9055
f 9055 9045 9046
f 9055 9046 9047
f 7895 9056 7897
f 7897 9056 9057
f 7897 9057 6482
f 7894 9058 7895
f 7895 9058 9059
f 7895 9059 9056
f 9057 7254 7253
f 6482 9057 6475
f 6475 9057 7253
f 6475 7253 6473
f 7250 7258 9021
f 9021 7258 7257
f 9021 7257 9057
f 9057 7257 7255
f 9057 7255 7254
f 9019 9021 9060
f 9060 9021 9057
f 9060 9057 9061
f 9061 9057 9056
f 6438 6412 9062
f 9063 9064 8087
f 8087 9064 9065
f 9065 9066 8087
f 8087 9066 9067
f 8087 9067 8088
f 6438 9062 8086
f 8087 8086 9063
f 9063 8086 9062
f 9063 9062 9068
f 9068 9062 9069
f 9014 9013 9069
f 9062 7292 7291
f 9069 9062 9014
f 9014 9062 7291
f 9014 7291 7302
f 6411 7297 6412
f 6412 7297 7295
f 6412 7295 9062
f 9062 7295 7293
f 9062 7293 7292
f 9070 9059 9058
f 9071 7893 7867
f 9058 7894 7893
f 7893 9071 9058
f 9058 9071 9072
f 9058 9072 9070
f 7867 7866 9071
f 9071 7866 7865
f 9071 7865 9072
f 9072 7865 7862
f 9072 7862 9070
f 9070 7862 7858
f 9070 7858 9073
f 9073 7858 7857
f 9073 7857 9074
f 9074 7857 7861
f 9074 7861 9075
f 9059 9070 9056
f 9056 9070 9073
f 9056 9073 9061
f 9061 9073 9074
f 9061 9074 9060
f 9060 9074 9075
f 9060 9075 9019
f 9076 9023 9022
f 7386 9076 9077
f 9076 9022 9077
f 9077 9022 9020
f 9077 9020 9078
f 9078 9020 9019
f 9078 9019 9075
f 7386 9077 7859
f 7859 9077 9078
f 7859 9078 7860
f 7860 9078 9075
f 7860 9075 7861
f 7386 6986 9076
f 9076 6986 9079
f 9076 9079 9023
f 9023 9079 9025
f 9079 6986 9080
f 9080 6986 6988
f 9080 6988 9081
f 6988 6989 9081
f 9081 6989 6982
f 9081 6982 9082
f 9082 6982 6984
f 9082 6984 9083
f 6984 6985 9083
f 9083 6985 6980
f 9083 6980 9084
f 9084 6980 6979
f 9084 6979 9085
f 6979 6957 9085
f 9085 6957 6965
f 9085 6965 9086
f 9086 6965 6963
f 9086 6963 9087
f 9087 6963 6961
f 9087 6961 9088
f 9088 6961 6959
f 9088 6959 9089
f 9089 6959 6958
f 9089 6958 9090
f 9090 6958 6945
f 9090 6945 9091
f 9091 6945 6947
f 9091 6947 9092
f 9092 6947 6949
f 9092 6949 9093
f 6949 6951 9093
f 9093 6951 6940
f 9093 6940 9094
f 9094 6940 6978
f 9094 6978 9095
f 6978 6977 9095
f 9095 6977 6976
f 9095 6976 9096
f 9096 6976 6972
f 9096 6972 9097
f 6972 6974 9097
f 9097 6974 6975
f 9097 6975 9098
f 9098 6975 6969
f 9098 6969 9099
f 9099 6969 6968
f 9025 9079 9024
f 9024 9079 9080
f 9024 9080 9026
f 9026 9080 9081
f 9026 9081 9027
f 9027 9081 9082
f 9027 9082 9028
f 9028 9082 9083
f 9028 9083 9029
f 9029 9083 9084
f 9029 9084 9030
f 9030 9084 9085
f 9030 9085 9031
f 9031 9085 9086
f 9031 9086 9032
f 9032 9086 9087
f 9032 9087 9033
f 9033 9087 9088
f 9033 9088 9034
f 9034 9088 9089
f 9034 9089 9035
f 9035 9089 9090
f 9035 9090 9036
f 9036 9090 9091
f 9036 9091 9037
f 9037 9091 9092
f 9037 9092 9038
f 9038 9092 9093
f 9038 9093 9039
f 9039 9093 9094
f 9039 9094 9040
f 9040 9094 9095
f 9040 9095 9041
f 9041 9095 9096
f 9041 9096 9042
f 9042 9096 9097
f 9042 9097 9015
f 9015 9097 9098
f 9015 9098 9016
f 9016 9098 9099
f 9013 9100 9101
f 9102 8089 8088
f 8088 9067 9102
f 9102 9067 9066
f 9102 9066 9103
f 9103 9066 9065
f 9103 9065 9104
f 9104 9065 9064
f 9104 9064 9105
f 9064 9063 9105
f 9105 9063 9068
f 9105 9068 9101
f 9101 9068 9069
f 9101 9069 9013
f 8089 9102 7828
f 7828 9102 9103
f 7828 9103 7829
f 7829 9103 9104
f 7829 9104 7830
f 7830 9104 9105
f 7830 9105 7824
f 7824 9105 9101
f 7824 9101 7826
f 7826 9101 9100
f 7826 9100 7855
f 9017 9016 9106
f 9106 9016 9099
f 9106 9099 7387
f 7387 9099 6968
f 9100 9013 9012
f 7855 9100 9107
f 9100 9012 9107
f 9107 9012 9018
f 9107 9018 9108
f 9108 9018 9017
f 9108 9017 9106
f 7855 9107 7853
f 7853 9107 9108
f 7853 9108 7822
f 7822 9108 9106
f 7822 9106 7387
f 9109 9110 9111
f 9112 9113 9114
f 9115 9116 9117
f 9118 9119 9120
f 9121 9122 9123
f 9124 9125 9126
f 9127 9128 9129
f 9130 9131 9132
f 9133 9134 9135
f 9136 9135 9137
f 9136 9137 9138
f 9138 9137 9139
f 9138 9139 9140
f 9141 9134 9142
f 9142 9134 9133
f 9142 9133 9143
f 9144 9141 9145
f 9145 9141 9142
f 9145 9142 9146
f 9146 9142 9143
f 9146 9143 9147
f 9148 9136 9149
f 9149 9136 9138
f 9149 9138 9150
f 9150 9138 9140
f 9150 9140 9151
f 9152 9153 9154
f 9154 9153 9155
f 9154 9155 9156
f 9156 9155 9157
f 9156 9157 9158
f 9158 9157 9159
f 9153 9160 9155
f 9155 9160 9161
f 9155 9161 9157
f 9157 9161 9162
f 9157 9162 9159
f 9159 9162 9163
f 9160 9164 9161
f 9161 9164 9165
f 9161 9165 9162
f 9162 9165 9166
f 9162 9166 9163
f 9163 9166 9167
f 9168 9169 9170
f 9170 9169 9171
f 9170 9171 9172
f 9172 9171 9173
f 9172 9173 9174
f 9174 9173 9132
f 9175 9176 9177
f 9177 9176 9178
f 9177 9178 9179
f 9179 9178 9180
f 9179 9180 9181
f 9181 9180 9182
f 9176 9183 9178
f 9178 9183 9184
f 9178 9184 9180
f 9180 9184 9185
f 9180 9185 9182
f 9182 9185 9186
f 9183 9187 9184
f 9184 9187 9188
f 9184 9188 9185
f 9185 9188 9189
f 9185 9189 9186
f 9186 9189 9190
f 9191 9192 9193
f 9193 9192 9194
f 9193 9194 9195
f 9195 9194 9196
f 9195 9196 9197
f 9197 9196 9123
f 9198 9199 9200
f 9200 9199 9201
f 9200 9201 9202
f 9202 9201 9203
f 9202 9203 9204
f 9204 9203 9205
f 9199 9206 9201
f 9201 9206 9207
f 9201 9207 9203
f 9203 9207 9208
f 9203 9208 9205
f 9205 9208 9209
f 9206 9210 9207
f 9207 9210 9211
f 9207 9211 9208
f 9208 9211 9212
f 9208 9212 9209
f 9209 9212 9213
f 9214 9215 9216
f 9216 9215 9217
f 9216 9217 9218
f 9218 9217 9219
f 9218 9219 9220
f 9220 9219 9120
f 9221 9222 9223
f 9223 9222 9224
f 9223 9224 9225
f 9225 9224 9226
f 9225 9226 9227
f 9227 9226 9228
f 9222 9229 9224
f 9224 9229 9230
f 9224 9230 9226
f 9226 9230 9231
f 9226 9231 9228
f 9228 9231 9232
f 9229 9233 9230
f 9230 9233 9234
f 9230 9234 9231
f 9231 9234 9235
f 9231 9235 9232
f 9232 9235 9236
f 9237 9238 9239
f 9239 9238 9240
f 9239 9240 9241
f 9241 9240 9242
f 9241 9242 9243
f 9243 9242 9111
f 9244 9148 9245
f 9245 9148 9149
f 9245 9149 9246
f 9246 9149 9150
f 9246 9150 9247
f 9247 9150 9151
f 9247 9151 9248
f 9249 9247 9250
f 9250 9247 9248
f 9250 9248 9251
f 9252 9251 9253
f 9253 9251 9248
f 9253 9248 9254
f 9254 9248 9151
f 9254 9151 9255
f 9255 9151 9140
f 9255 9140 9256
f 9256 9140 9139
f 9256 9152 9255
f 9255 9152 9154
f 9255 9154 9254
f 9254 9154 9156
f 9254 9156 9253
f 9253 9156 9158
f 9253 9158 9252
f 9252 9158 9257
f 9258 9259 9167
f 9167 9259 9260
f 9167 9260 9163
f 9163 9260 9261
f 9163 9261 9159
f 9159 9261 9262
f 9159 9262 9158
f 9158 9262 9263
f 9158 9263 9257
f 9264 9258 9174
f 9174 9258 9167
f 9174 9167 9172
f 9172 9167 9166
f 9172 9166 9170
f 9170 9166 9165
f 9170 9165 9168
f 9168 9165 9164
f 9132 9131 9174
f 9174 9131 9265
f 9174 9265 9264
f 9266 9130 9267
f 9267 9130 9132
f 9267 9132 9268
f 9268 9132 9173
f 9268 9173 9269
f 9269 9173 9171
f 9269 9171 9270
f 9270 9171 9169
f 9270 9175 9269
f 9269 9175 9177
f 9269 9177 9268
f 9268 9177 9179
f 9268 9179 9267
f 9267 9179 9181
f 9267 9181 9266
f 9266 9181 9271
f 9272 9273 9190
f 9190 9273 9274
f 9190 9274 9186
f 9186 9274 9275
f 9186 9275 9182
f 9182 9275 9276
f 9182 9276 9181
f 9181 9276 9277
f 9181 9277 9271
f 9128 9272 9129
f 9129 9272 9190
f 9129 9190 9278
f 9278 9190 9189
f 9278 9189 9279
f 9279 9189 9188
f 9279 9188 9280
f 9280 9188 9187
f 9125 9127 9126
f 9126 9127 9129
f 9126 9129 9281
f 9281 9129 9278
f 9281 9278 9282
f 9282 9278 9279
f 9282 9279 9283
f 9283 9279 9280
f 9284 9124 9285
f 9285 9124 9126
f 9285 9126 9286
f 9286 9126 9281
f 9286 9281 9287
f 9287 9281 9282
f 9287 9282 9288
f 9288 9282 9283
f 9288 9191 9287
f 9287 9191 9193
f 9287 9193 9286
f 9286 9193 9195
f 9286 9195 9285
f 9285 9195 9197
f 9285 9197 9284
f 9284 9197 9289
f 9123 9122 9197
f 9197 9122 9290
f 9197 9290 9289
f 9291 9121 9292
f 9292 9121 9123
f 9292 9123 9293
f 9293 9123 9196
f 9293 9196 9294
f 9294 9196 9194
f 9294 9194 9295
f 9295 9194 9192
f 9295 9198 9294
f 9294 9198 9200
f 9294 9200 9293
f 9293 9200 9202
f 9293 9202 9292
f 9292 9202 9204
f 9292 9204 9291
f 9291 9204 9296
f 9297 9298 9213
f 9213 9298 9299
f 9213 9299 9209
f 9209 9299 9300
f 9209 9300 9205
f 9205 9300 9301
f 9205 9301 9204
f 9204 9301 9302
f 9204 9302 9296
f 9303 9297 9220
f 9220 9297 9213
f 9220 9213 9218
f 9218 9213 9212
f 9218 9212 9216
f 9216 9212 9211
f 9216 9211 9214
f 9214 9211 9210
f 9120 9119 9220
f 9220 9119 9304
f 9220 9304 9303
f 9305 9118 9306
f 9306 9118 9120
f 9306 9120 9307
f 9307 9120 9219
f 9307 9219 9308
f 9308 9219 9217
f 9308 9217 9309
f 9309 9217 9215
f 9309 9221 9308
f 9308 9221 9223
f 9308 9223 9307
f 9307 9223 9225
f 9307 9225 9306
f 9306 9225 9227
f 9306 9227 9305
f 9305 9227 9310
f 9311 9312 9236
f 9236 9312 9313
f 9236 9313 9232
f 9232 9313 9314
f 9232 9314 9228
f 9228 9314 9315
f 9228 9315 9227
f 9227 9315 9316
f 9227 9316 9310
f 9116 9311 9117
f 9117 9311 9236
f 9117 9236 9317
f 9317 9236 9235
f 9317 9235 9318
f 9318 9235 9234
f 9318 9234 9319
f 9319 9234 9233
f 9113 9115 9114
f 9114 9115 9117
f 9114 9117 9320
f 9320 9117 9317
f 9320 9317 9321
f 9321 9317 9318
f 9321 9318 9322
f 9322 9318 9319
f 9323 9112 9324
f 9324 9112 9114
f 9324 9114 9325
f 9325 9114 9320
f 9325 9320 9326
f 9326 9320 9321
f 9326 9321 9327
f 9327 9321 9322
f 9327 9237 9326
f 9326 9237 9239
f 9326 9239 9325
f 9325 9239 9241
f 9325 9241 9324
f 9324 9241 9243
f 9324 9243 9323
f 9323 9243 9328
f 9111 9110 9243
f 9243 9110 9329
f 9243 9329 9328
f 9330 9109 9331
f 9331 9109 9111
f 9331 9111 9332
f 9332 9111 9242
f 9332 9242 9333
f 9333 9242 9240
f 9333 9240 9334
f 9334 9240 9238
f 9334 9144 9333
f 9333 9144 9145
f 9333 9145 9332
f 9332 9145 9146
f 9332 9146 9331
f 9331 9146 9147
f 9331 9147 9330
f 9330 9147 9335
f 9135 9136 9133
f 9133 9136 9148
f 9133 9148 9143
f 9143 9148 9244
f 9143 9244 9147
f 9147 9244 9336
f 9147 9336 9335
f 9249 9337 9247
f 9247 9337 9338
f 9247 9338 9246
f 9246 9338 9339
f 9246 9339 9245
f 9245 9339 9340
f 9245 9340 9244
f 9244 9340 9341
f 9244 9341 9336
f 9337 9342 9343
f 9251 9344 9250
f 9250 9344 9342
f 9250 9342 9249
f 9249 9342 9337
f 9251 9252 9344
f 9344 9252 9257
f 9344 9257 9345
f 9261 9346 9262
f 9262 9346 9345
f 9262 9345 9263
f 9263 9345 9257
f 9261 9260 9346
f 9346 9260 9259
f 9346 9259 9347
f 9259 9258 9347
f 9347 9258 9264
f 9347 9264 9348
f 9130 9349 9131
f 9131 9349 9348
f 9131 9348 9265
f 9265 9348 9264
f 9130 9266 9349
f 9349 9266 9271
f 9349 9271 9350
f 9275 9351 9276
f 9276 9351 9350
f 9276 9350 9277
f 9277 9350 9271
f 9275 9274 9351
f 9351 9274 9273
f 9351 9273 9352
f 9273 9272 9352
f 9352 9272 9128
f 9352 9128 9353
f 9128 9127 9353
f 9353 9127 9125
f 9353 9125 9354
f 9354 9125 9124
f 9354 9124 9355
f 9355 9124 9284
f 9355 9284 9289
f 9121 9356 9122
f 9122 9356 9355
f 9122 9355 9290
f 9290 9355 9289
f 9121 9291 9356
f 9356 9291 9296
f 9356 9296 9357
f 9300 9358 9301
f 9301 9358 9357
f 9301 9357 9302
f 9302 9357 9296
f 9300 9299 9358
f 9358 9299 9298
f 9358 9298 9359
f 9298 9297 9359
f 9359 9297 9303
f 9359 9303 9360
f 9118 9361 9119
f 9119 9361 9360
f 9119 9360 9304
f 9304 9360 9303
f 9118 9305 9361
f 9361 9305 9310
f 9361 9310 9362
f 9314 9363 9315
f 9315 9363 9362
f 9315 9362 9316
f 9316 9362 9310
f 9314 9313 9363
f 9363 9313 9312
f 9363 9312 9364
f 9312 9311 9364
f 9364 9311 9116
f 9364 9116 9365
f 9112 9366 9113
f 9113 9366 9365
f 9113 9365 9115
f 9115 9365 9116
f 9112 9323 9366
f 9366 9323 9328
f 9366 9328 9367
f 9109 9368 9110
f 9110 9368 9367
f 9110 9367 9329
f 9329 9367 9328
f 9109 9330 9368
f 9368 9330 9335
f 9368 9335 9369
f 9335 9336 9369
f 9369 9336 9341
f 9369 9341 9370
f 9341 9340 9370
f 9370 9340 9339
f 9370 9339 9343
f 9343 9339 9338
f 9343 9338 9337
f 9371 9354 9372
f 9372 9354 9355
f 9372 9355 9373
f 9373 9355 9356
f 9373 9356 9374
f 9374 9356 9357
f 9374 9357 9375
f 9376 9349 9377
f 9377 9349 9350
f 9377 9350 9378
f 9378 9350 9351
f 9378 9351 9379
f 9379 9351 9352
f 9379 9352 9371
f 9371 9352 9353
f 9371 9353 9354
f 9380 9344 9381
f 9381 9344 9345
f 9381 9345 9382
f 9382 9345 9346
f 9382 9346 9383
f 9383 9346 9347
f 9383 9347 9376
f 9376 9347 9348
f 9376 9348 9349
f 9357 9358 9375
f 9375 9358 9359
f 9375 9359 9384
f 9384 9359 9360
f 9384 9360 9385
f 9385 9360 9361
f 9385 9361 9386
f 9386 9361 9362
f 9386 9362 9387
f 9388 9369 9389
f 9389 9369 9370
f 9389 9370 9390
f 9390 9370 9343
f 9390 9343 9380
f 9380 9343 9342
f 9380 9342 9344
f 9362 9363 9387
f 9387 9363 9364
f 9387 9364 9391
f 9391 9364 9365
f 9391 9365 9392
f 9392 9365 9366
f 9392 9366 9393
f 9393 9366 9367
f 9393 9367 9388
f 9388 9367 9368
f 9388 9368 9369
f 9390 9394 9389
f 9389 9394 9395
f 9389 9395 9388
f 9388 9395 9396
f 9388 9396 9393
f 9393 9396 9397
f 9393 9397 9392
f 9392 9397 9398
f 9392 9398 9391
f 9391 9398 9399
f 9391 9399 9387
f 9387 9399 9400
f 9387 9400 9386
f 9386 9400 9401
f 9386 9401 9385
f 9385 9401 9402
f 9385 9402 9384
f 9384 9402 9403
f 9384 9403 9375
f 9375 9403 9404
f 9375 9404 9374
f 9374 9404 9405
f 9374 9405 9373
f 9373 9405 9406
f 9373 9406 9372
f 9372 9406 9407
f 9372 9407 9371
f 9371 9407 9408
f 9371 9408 9379
f 9379 9408 9409
f 9379 9409 9378
f 9378 9409 9410
f 9378 9410 9377
f 9377 9410 9411
f 9377 9411 9376
f 9376 9411 9412
f 9376 9412 9383
f 9383 9412 9413
f 9383 9413 9382
f 9382 9413 9414
f 9382 9414 9381
f 9381 9414 9415
f 9381 9415 9380
f 9380 9415 9416
f 9380 9416 9390
f 9390 9416 9394
f 9417 9418 9419
f 9417 9419 9420
f 9421 9422 9419
f 9419 9422 9423
f 9419 9423 9420
f 9424 9425 9419
f 9419 9425 9426
f 9419 9426 9421
f 9427 9428 9419
f 9419 9428 9429
f 9419 9429 9424
f 9430 9431 9419
f 9419 9431 9432
f 9419 9432 9427
f 9433 9434 9419
f 9419 9434 9435
f 9419 9435 9430
f 9436 9437 9419
f 9419 9437 9438
f 9419 9438 9433
f 9418 9439 9419
f 9419 9439 9440
f 9419 9440 9436
f 9441 9322 9442
f 9442 9322 9319
f 9442 9319 9443
f 9444 9134 9445
f 9445 9134 9141
f 9445 9141 9446
f 9447 9221 9448
f 9448 9221 9309
f 9448 9309 9449
f 9450 9237 9441
f 9441 9237 9327
f 9441 9327 9322
f 9451 9452 9160
f 9453 9454 9183
f 9455 9198 9456
f 9456 9198 9295
f 9456 9295 9457
f 9458 9137 9444
f 9444 9137 9135
f 9444 9135 9134
f 9160 9153 9451
f 9451 9153 9152
f 9451 9152 9459
f 9459 9152 9256
f 9459 9256 9458
f 9458 9256 9139
f 9458 9139 9137
f 9460 9168 9452
f 9452 9168 9164
f 9452 9164 9160
f 9183 9176 9453
f 9453 9176 9175
f 9453 9175 9461
f 9461 9175 9270
f 9461 9270 9460
f 9460 9270 9169
f 9460 9169 9168
f 9462 9283 9463
f 9463 9283 9280
f 9463 9280 9454
f 9454 9280 9187
f 9454 9187 9183
f 9464 9206 9455
f 9455 9206 9199
f 9455 9199 9198
f 9319 9233 9443
f 9443 9233 9229
f 9443 9229 9447
f 9447 9229 9222
f 9447 9222 9221
f 9141 9144 9446
f 9446 9144 9334
f 9446 9334 9450
f 9450 9334 9238
f 9450 9238 9237
f 9295 9192 9457
f 9457 9192 9191
f 9457 9191 9462
f 9462 9191 9288
f 9462 9288 9283
f 9309 9215 9449
f 9449 9215 9214
f 9449 9214 9464
f 9464 9214 9210
f 9464 9210 9206
f 9416 9420 9394
f 9394 9420 9423
f 9394 9423 9395
f 9395 9423 9422
f 9395 9422 9396
f 9396 9422 9421
f 9396 9421 9397
f 9397 9421 9426
f 9397 9426 9398
f 9398 9426 9425
f 9398 9425 9399
f 9399 9425 9424
f 9399 9424 9400
f 9400 9424 9429
f 9400 9429 9401
f 9401 9429 9428
f 9401 9428 9402
f 9402 9428 9427
f 9402 9427 9403
f 9403 9427 9432
f 9403 9432 9404
f 9404 9432 9431
f 9404 9431 9405
f 9405 9431 9430
f 9405 9430 9406
f 9406 9430 9435
f 9406 9435 9407
f 9407 9435 9434
f 9407 9434 9408
f 9408 9434 9433
f 9408 9433 9409
f 9409 9433 9438
f 9409 9438 9410
f 9410 9438 9437
f 9410 9437 9411
f 9411 9437 9436
f 9411 9436 9412
f 9412 9436 9440
f 9412 9440 9413
f 9413 9440 9439
f 9413 9439 9414
f 9414 9439 9418
f 9414 9418 9415
f 9415 9418 9417
f 9415 9417 9416
f 9416 9417 9420
f 9465 9464 9455
f 9456 9466 9455
f 9455 9466 9467
f 9455 9467 9465
f 9457 9468 9456
f 9456 9468 9469
f 9456 9469 9466
f 9462 9470 9457
f 9457 9470 9471
f 9457 9471 9468
f 9472 9462 9463
f 9454 9473 9463
f 9463 9473 9474
f 9463 9474 9472
f 9453 9475 9454
f 9454 9475 9476
f 9454 9476 9473
f 9461 9477 9453
f 9453 9477 9478
f 9453 9478 9475
f 9479 9461 9460
f 9452 9480 9460
f 9460 9480 9481
f 9460 9481 9479
f 9451 9482 9452
f 9452 9482 9483
f 9452 9483 9480
f 9459 9484 9451
f 9451 9484 9485
f 9451 9485 9482
f 9486 9459 9458
f 9444 9487 9458
f 9458 9487 9488
f 9458 9488 9486
f 9445 9489 9444
f 9444 9489 9490
f 9444 9490 9487
f 9446 9491 9445
f 9445 9491 9492
f 9445 9492 9489
f 9493 9446 9450
f 9441 9494 9450
f 9450 9494 9495
f 9450 9495 9493
f 9442 9496 9441
f 9441 9496 9497
f 9441 9497 9494
f 9443 9498 9442
f 9442 9498 9499
f 9442 9499 9496
f 9500 9443 9447
f 9448 9501 9447
f 9447 9501 9502
f 9447 9502 9500
f 9449 9503 9448
f 9448 9503 9504
f 9448 9504 9501
f 9464 9505 9449
f 9449 9505 9506
f 9449 9506 9503
f 9470 9462 9507
f 9464 9465 9508
f 9508 9465 9467
f 9508 9467 9509
f 9509 9467 9466
f 9509 9466 9510
f 9510 9466 9469
f 9510 9469 9511
f 9511 9469 9468
f 9511 9468 9507
f 9507 9468 9471
f 9507 9471 9470
f 9475 9478 9512
f 9512 9478 9477
f 9512 9477 9461
f 9512 9513 9475
f 9475 9513 9514
f 9475 9514 9476
f 9476 9514 9515
f 9476 9515 9473
f 9473 9515 9516
f 9473 9516 9474
f 9474 9516 9517
f 9474 9517 9472
f 9472 9517 9507
f 9472 9507 9462
f 9518 9519 9482
f 9482 9519 9483
f 9461 9479 9512
f 9512 9479 9481
f 9512 9481 9520
f 9520 9481 9480
f 9520 9480 9521
f 9521 9480 9483
f 9521 9483 9522
f 9522 9483 9519
f 9518 9482 9523
f 9523 9482 9485
f 9523 9485 9524
f 9524 9485 9525
f 9525 9485 9484
f 9525 9484 9459
f 9491 9446 9526
f 9459 9486 9525
f 9525 9486 9488
f 9525 9488 9527
f 9527 9488 9487
f 9527 9487 9528
f 9528 9487 9490
f 9528 9490 9529
f 9529 9490 9489
f 9529 9489 9526
f 9526 9489 9492
f 9526 9492 9491
f 9496 9499 9530
f 9530 9499 9498
f 9530 9498 9443
f 9530 9531 9496
f 9496 9531 9532
f 9496 9532 9497
f 9497 9532 9533
f 9497 9533 9494
f 9494 9533 9534
f 9494 9534 9495
f 9495 9534 9535
f 9495 9535 9493
f 9493 9535 9526
f 9493 9526 9446
f 9536 9537 9503
f 9503 9537 9504
f 9443 9500 9530
f 9530 9500 9502
f 9530 9502 9538
f 9538 9502 9501
f 9538 9501 9539
f 9539 9501 9504
f 9539 9504 9540
f 9540 9504 9537
f 9536 9503 9541
f 9541 9503 9506
f 9541 9506 9542
f 9542 9506 9508
f 9508 9506 9505
f 9508 9505 9464
f 9543 9544 9545
f 9546 9547 9548
f 9549 9544 9550
f 9509 9510 9551
f 9532 9552 9553
f 9539 9540 9554
f 9521 9555 9520
f 9523 9524 9556
f 9556 9524 9525
f 9556 9525 9527
f 9519 9518 9557
f 9557 9518 9523
f 9555 9521 9548
f 9514 9513 9558
f 9558 9513 9512
f 9517 9516 9559
f 9559 9516 9515
f 9559 9515 9560
f 9560 9515 9514
f 9560 9514 9561
f 9561 9514 9558
f 9542 9508 9562
f 9562 9508 9509
f 9537 9536 9563
f 9563 9536 9541
f 9529 9526 9535
f 9551 9564 9509
f 9509 9564 9563
f 9509 9563 9562
f 9562 9563 9541
f 9562 9541 9542
f 9540 9537 9554
f 9554 9537 9563
f 9554 9563 9565
f 9565 9563 9564
f 9565 9564 9566
f 9566 9564 9551
f 9545 9544 9567
f 9567 9544 9549
f 9567 9549 9568
f 9569 9570 9571
f 9571 9570 9572
f 9571 9572 9573
f 9527 9528 9574
f 9574 9528 9529
f 9574 9529 9575
f 9575 9529 9535
f 9575 9535 9576
f 9576 9535 9534
f 9576 9534 9533
f 9532 9553 9577
f 9577 9553 9578
f 9577 9578 9579
f 9580 9579 9581
f 9581 9579 9578
f 9581 9578 9573
f 9573 9578 9553
f 9573 9553 9571
f 9571 9553 9552
f 9571 9552 9569
f 9548 9547 9555
f 9555 9547 9582
f 9555 9582 9520
f 9550 9544 9583
f 9583 9544 9543
f 9583 9543 9584
f 9522 9519 9585
f 9585 9519 9557
f 9585 9557 9586
f 9586 9557 9587
f 9586 9587 9580
f 9572 9568 9573
f 9573 9568 9549
f 9573 9549 9581
f 9581 9549 9550
f 9581 9550 9580
f 9580 9550 9583
f 9580 9583 9586
f 9586 9583 9584
f 9586 9584 9585
f 9561 9588 9560
f 9560 9588 9589
f 9560 9589 9559
f 9559 9589 9590
f 9559 9590 9517
f 9517 9590 9511
f 9517 9511 9507
f 9510 9511 9551
f 9551 9511 9590
f 9551 9590 9566
f 9566 9590 9589
f 9566 9589 9591
f 9591 9589 9588
f 9591 9588 9546
f 9546 9588 9561
f 9546 9561 9547
f 9547 9561 9558
f 9547 9558 9582
f 9582 9558 9512
f 9582 9512 9520
f 9523 9556 9557
f 9557 9556 9527
f 9557 9527 9587
f 9587 9527 9574
f 9587 9574 9580
f 9580 9574 9575
f 9580 9575 9579
f 9579 9575 9576
f 9579 9576 9577
f 9577 9576 9533
f 9577 9533 9532
f 9532 9531 9552
f 9552 9531 9530
f 9552 9530 9569
f 9569 9530 9538
f 9569 9538 9570
f 9570 9538 9539
f 9570 9539 9572
f 9572 9539 9554
f 9572 9554 9568
f 9568 9554 9565
f 9568 9565 9567
f 9567 9565 9566
f 9567 9566 9545
f 9545 9566 9591
f 9545 9591 9543
f 9543 9591 9546
f 9543 9546 9584
f 9584 9546 9548
f 9584 9548 9585
f 9585 9548 9521
f 9585 9521 9522
f 9592 9593 9594
f 9594 9593 9595
f 9594 9595 9596
f 9596 9595 9597
f 9596 9597 9598
f 9598 9597 9599
f 9598 9599 9600
f 9600 9599 9601
f 9600 9601 9602
f 9602 9601 9603
f 9602 9603 9604
f 9604 9603 9605
f 9604 9605 9606
f 9606 9605 9607
f 9606 9607 9608
f 9608 9607 9609
f 9608 9609 9610
f 9610 9609 9611
f 9610 9611 9612
f 9612 9611 9613
f 9612 9613 9614
f 9614 9613 9615
f 9614 9615 9616
f 9616 9615 9617
f 9616 9617 9618
f 9618 9617 9619
f 9618 9619 9620
f 9620 9619 9621
f 9620 9621 9622
f 9622 9621 9623
f 9622 9623 9624
f 9624 9623 9625
f 9624 9625 9626
f 9626 9625 9627
f 9626 9627 9628
f 9628 9627 9629
f 9628 9629 9630
f 9630 9629 9631
f 9630 9631 9632
f 9632 9631 9633
f 9632 9633 9634
f 9634 9633 9635
f 9634 9635 9636
f 9636 9635 9637
f 9636 9637 9638
f 9638 9637 9639
f 9638 9639 9640
f 9640 9639 9641
f 9640 9641 9642
f 9642 9641 9643
f 9642 9643 9644
f 9644 9643 9645
f 9644 9645 9646
f 9646 9645 9647
f 9646 9647 9648
f 9648 9647 9649
f 9648 9649 9650
f 9650 9649 9651
f 9650 9651 9652
f 9652 9651 9653
f 9652 9653 9654
f 9654 9653 9655
f 9654 9655 9656
f 9656 9655 9657
f 9656 9657 9658
f 9658 9657 9659
f 9658 9659 9660
f 9660 9659 9661
f 9660 9661 9662
f 9662 9661 9663
f 9662 9663 9664
f 9664 9663 9665
f 9664 9665 9666
f 9666 9665 9667
f 9666 9667 9668
f 9668 9667 9669
f 9668 9669 9670
f 9670 9669 9671
f 9670 9671 9672
f 9672 9671 9673
f 9672 9673 9674
f 9674 9673 9675
f 9674 9675 9676
f 9676 9675 9677
f 9676 9677 9678
f 9678 9677 9679
f 9678 9679 9680
f 9680 9679 9681
f 9680 9681 9682
f 9682 9681 9683
f 9682 9683 9684
f 9684 9683 9685
f 9684 9685 9686
f 9686 9685 9687
f 9686 9687 9592
f 9592 9687 9593
f 9687 9688 9593
f 9593 9688 9689
f 9593 9689 9595
f 9595 9689 9690
f 9595 9690 9597
f 9597 9690 9691
f 9597 9691 9599
f 9599 9691 9692
f 9599 9692 9601
f 9601 9692 9693
f 9601 9693 9603
f 9603 9693 9694
f 9603 9694 9605
f 9605 9694 9695
f 9605 9695 9607
f 9607 9695 9696
f 9607 9696 9609
f 9609 9696 9697
f 9609 9697 9611
f 9611 9697 9698
f 9611 9698 9613
f 9613 9698 9699
f 9613 9699 9615
f 9615 9699 9700
f 9615 9700 9617
f 9617 9700 9701
f 9617 9701 9619
f 9619 9701 9702
f 9619 9702 9621
f 9621 9702 9703
f 9621 9703 9623
f 9623 9703 9704
f 9623 9704 9625
f 9625 9704 9705
f 9625 9705 9627
f 9627 9705 9706
f 9627 9706 9629
f 9629 9706 9707
f 9629 9707 9631
f 9631 9707 9708
f 9631 9708 9633
f 9633 9708 9709
f 9633 9709 9635
f 9635 9709 9710
f 9635 9710 9637
f 9637 9710 9711
f 9637 9711 9639
f 9639 9711 9712
f 9639 9712 9641
f 9641 9712 9713
f 9641 9713 9643
f 9643 9713 9714
f 9643 9714 9645
f 9645 9714 9715
f 9645 9715 9647
f 9647 9715 9716
f 9647 9716 9649
f 9649 9716 9717
f 9649 9717 9651
f 9651 9717 9718
f 9651 9718 9653
f 9653 9718 9719
f 9653 9719 9655
f 9655 9719 9720
f 9655 9720 9657
f 9657 9720 9721
f 9657 9721 9659
f 9659 9721 9722
f 9659 9722 9661
f 9661 9722 9723
f 9661 9723 9663
f 9663 9723 9724
f 9663 9724 9665
f 9665 9724 9725
f 9665 9725 9667
f 9667 9725 9726
f 9667 9726 9669
f 9669 9726 9727
f 9669 9727 9671
f 9671 9727 9728
f 9671 9728 9673
f 9673 9728 9729
f 9673 9729 9675
f 9675 9729 9730
f 9675 9730 9677
f 9677 9730 9731
f 9677 9731 9679
f 9679 9731 9732
f 9679 9732 9681
f 9681 9732 9733
f 9681 9733 9683
f 9683 9733 9734
f 9683 9734 9685
f 9685 9734 9735
f 9685 9735 9687
f 9687 9735 9688
f 9735 9736 9688
f 9688 9736 9737
f 9688 9737 9689
f 9689 9737 9738
f 9689 9738 9690
f 9690 9738 9739
f 9690 9739 9691
f 9691 9739 9740
f 9691 9740 9692
f 9692 9740 9741
f 9692 9741 9693
f 9693 9741 9742
f 9693 9742 9694
f 9694 9742 9743
f 9694 9743 9695
f 9695 9743 9744
f 9695 9744 9696
f 9696 9744 9745
f 9696 9745 9697
f 9697 9745 9746
f 9697 9746 9698
f 9698 9746 9747
f 9698 9747 9699
f 9699 9747 9748
f 9699 9748 9700
f 9700 9748 9749
f 9700 9749 9701
f 9701 9749 9750
f 9701 9750 9702
f 9702 9750 9751
f 9702 9751 9703
f 9703 9751 9752
f 9703 9752 9704
f 9704 9752 9753
f 9704 9753 9705
f 9705 9753 9754
f 9705 9754 9706
f 9706 9754 9755
f 9706 9755 9707
f 9707 9755 9756
f 9707 9756 9708
f 9708 9756 9757
f 9708 9757 9709
f 9709 9757 9758
f 9709 9758 9710
f 9710 9758 9759
f 9710 9759 9711
f 9711 9759 9760
f 9711 9760 9712
f 9712 9760 9761
f 9712 9761 9713
f 9713 9761 9762
f 9713 9762 9714
f 9714 9762 9763
f 9714 9763 9715
f 9715 9763 9764
f 9715 9764 9716
f 9716 9764 9765
f 9716 9765 9717
f 9717 9765 9766
f 9717 9766 9718
f 9718 9766 9767
f 9718 9767 9719
f 9719 9767 9768
f 9719 9768 9720
f 9720 9768 9769
f 9720 9769 9721
f 9721 9769 9770
f 9721 9770 9722
f 9722 9770 9771
f 9722 9771 9723
f 9723 9771 9772
f 9723 9772 9724
f 9724 9772 9773
f 9724 9773 9725
f 9725 9773 9774
f 9725 9774 9726
f 9726 9774 9775
f 9726 9775 9727
f 9727 9775 9776
f 9727 9776 9728
f 9728 9776 9777
f 9728 9777 9729
f 9729 9777 9778
f 9729 9778 9730
f 9730 9778 9779
f 9730 9779 9731
f 9731 9779 9780
f 9731 9780 9732
f 9732 9780 9781
f 9732 9781 9733
f 9733 9781 9782
f 9733 9782 9734
f 9734 9782 9783
f 9734 9783 9735
f 9735 9783 9736
f 9784 9785 9782
f 9782 9781 9784
f 9784 9781 9780
f 9784 9780 9786
f 9780 9779 9786
f 9786 9779 9778
f 9786 9778 9787
f 9778 9777 9787
f 9787 9777 9776
f 9787 9776 9788
f 9776 9775 9788
f 9788 9775 9774
f 9788 9774 9789
f 9774 9773 9789
f 9789 9773 9772
f 9789 9772 9790
f 9772 9771 9790
f 9790 9771 9770
f 9790 9770 9791
f 9770 9769 9791
f 9791 9769 9768
f 9791 9768 9792
f 9768 9767 9792
f 9792 9767 9766
f 9792 9766 9793
f 9766 9765 9793
f 9793 9765 9764
f 9793 9764 9794
f 9764 9763 9794
f 9794 9763 9762
f 9794 9762 9795
f 9762 9761 9795
f 9795 9761 9760
f 9795 9760 9796
f 9760 9759 9796
f 9796 9759 9758
f 9796 9758 9797
f 9758 9757 9797
f 9797 9757 9756
f 9797 9756 9798
f 9756 9755 9798
f 9798 9755 9754
f 9798 9754 9799
f 9754 9753 9799
f 9799 9753 9752
f 9799 9752 9800
f 9752 9751 9800
f 9800 9751 9750
f 9800 9750 9801
f 9750 9749 9801
f 9801 9749 9748
f 9801 9748 9802
f 9748 9747 9802
f 9802 9747 9746
f 9802 9746 9803
f 9746 9745 9803
f 9803 9745 9744
f 9803 9744 9804
f 9744 9743 9804
f 9804 9743 9742
f 9804 9742 9805
f 9742 9741 9805
f 9805 9741 9740
f 9805 9740 9806
f 9740 9739 9806
f 9806 9739 9738
f 9806 9738 9807
f 9738 9737 9807
f 9807 9737 9736
f 9807 9736 9785
f 9785 9736 9783
f 9785 9783 9782
f 9808 9794 9809
f 9809 9794 9795
f 9809 9795 9810
f 9810 9795 9796
f 9810 9796 9811
f 9812 9802 9813
f 9813 9802 9803
f 9813 9803 9814
f 9814 9803 9804
f 9814 9804 9815
f 9796 9797 9811
f 9811 9797 9798
f 9811 9798 9816
f 9816 9798 9799
f 9816 9799 9817
f 9817 9799 9800
f 9817 9800 9812
f 9812 9800 9801
f 9812 9801 9802
f 9818 9790 9819
f 9819 9790 9791
f 9819 9791 9820
f 9820 9791 9792
f 9820 9792 9808
f 9808 9792 9793
f 9808 9793 9794
f 9821 9786 9822
f 9822 9786 9787
f 9822 9787 9823
f 9823 9787 9788
f 9823 9788 9818
f 9818 9788 9789
f 9818 9789 9790
f 9804 9805 9815
f 9815 9805 9806
f 9815 9806 9824
f 9824 9806 9807
f 9824 9807 9825
f 9825 9807 9785
f 9825 9785 9821
f 9821 9785 9784
f 9821 9784 9786
f 9825 9826 9824
f 9824 9826 9827
f 9824 9827 9815
f 9815 9827 9828
f 9815 9828 9814
f 9814 9828 9829
f 9814 9829 9813
f 9813 9829 9830
f 9813 9830 9812
f 9812 9830 9831
f 9812 9831 9817
f 9817 9831 9832
f 9817 9832 9816
f 9816 9832 9833
f 9816 9833 9811
f 9811 9833 9834
f 9811 9834 9810
f 9810 9834 9835
f 9810 9835 9809
f 9809 9835 9836
f 9809 9836 9808
f 9808 9836 9837
f 9808 9837 9820
f 9820 9837 9838
f 9820 9838 9819
f 9819 9838 9839
f 9819 9839 9818
f 9818 9839 9840
f 9818 9840 9823
f 9823 9840 9841
f 9823 9841 9822
f 9822 9841 9842
f 9822 9842 9821
f 9821 9842 9843
f 9821 9843 9825
f 9825 9843 9826
f 9844 9845 9846
f 9846 9845 9847
f 9846 9847 9848
f 9849 9850 9846
f 9846 9850 9851
f 9846 9851 9844
f 9852 9853 9846
f 9846 9853 9854
f 9846 9854 9849
f 9855 9856 9846
f 9846 9856 9857
f 9846 9857 9852
f 9858 9859 9846
f 9846 9859 9860
f 9846 9860 9855
f 9848 9861 9846
f 9846 9861 9862
f 9846 9862 9858
f 9684 9686 9863
f 9863 9686 9592
f 9863 9592 9864
f 9626 9865 9624
f 9624 9865 9866
f 9624 9866 9622
f 9867 9670 9672
f 9658 9868 9656
f 9656 9868 9869
f 9867 9672 9870
f 9871 9638 9640
f 9684 9863 9682
f 9682 9863 9872
f 9682 9872 9680
f 9672 9674 9870
f 9870 9674 9676
f 9870 9676 9872
f 9872 9676 9678
f 9872 9678 9680
f 9658 9660 9868
f 9868 9660 9662
f 9868 9662 9873
f 9648 9650 9874
f 9874 9650 9652
f 9874 9652 9869
f 9869 9652 9654
f 9869 9654 9656
f 9871 9640 9875
f 9612 9614 9876
f 9876 9614 9877
f 9878 9608 9876
f 9876 9608 9610
f 9876 9610 9612
f 9662 9664 9873
f 9873 9664 9666
f 9873 9666 9867
f 9867 9666 9668
f 9867 9668 9670
f 9640 9642 9875
f 9875 9642 9644
f 9875 9644 9874
f 9874 9644 9646
f 9874 9646 9648
f 9638 9871 9636
f 9636 9871 9879
f 9636 9879 9634
f 9626 9628 9865
f 9865 9628 9630
f 9865 9630 9879
f 9879 9630 9632
f 9879 9632 9634
f 9614 9616 9877
f 9877 9616 9618
f 9877 9618 9866
f 9866 9618 9620
f 9866 9620 9622
f 9600 9602 9880
f 9880 9602 9604
f 9880 9604 9878
f 9878 9604 9606
f 9878 9606 9608
f 9592 9594 9864
f 9864 9594 9596
f 9864 9596 9880
f 9880 9596 9598
f 9880 9598 9600
f 9843 9845 9826
f 9826 9845 9844
f 9826 9844 9827
f 9827 9844 9851
f 9827 9851 9828
f 9828 9851 9850
f 9828 9850 9829
f 9829 9850 9849
f 9829 9849 9830
f 9830 9849 9854
f 9830 9854 9831
f 9831 9854 9853
f 9831 9853 9832
f 9832 9853 9852
f 9832 9852 9833
f 9833 9852 9857
f 9833 9857 9834
f 9834 9857 9856
f 9834 9856 9835
f 9835 9856 9855
f 9835 9855 9836
f 9836 9855 9860
f 9836 9860 9837
f 9837 9860 9859
f 9837 9859 9838
f 9838 9859 9858
f 9838 9858 9839
f 9839 9858 9862
f 9839 9862 9840
f 9840 9862 9861
f 9840 9861 9841
f 9841 9861 9848
f 9841 9848 9842
f 9842 9848 9847
f 9842 9847 9843
f 9843 9847 9845
f 9879 9871 9881
f 9881 9871 9882
f 9874 9883 9875
f 9875 9883 9884
f 9875 9884 9871
f 9871 9884 9885
f 9871 9885 9882
f 9886 9874 9869
f 9868 9887 9869
f 9869 9887 9888
f 9869 9888 9886
f 9873 9889 9868
f 9868 9889 9890
f 9868 9890 9887
f 9891 9873 9867
f 9870 9892 9867
f 9867 9892 9893
f 9867 9893 9891
f 9872 9894 9870
f 9870 9894 9895
f 9870 9895 9892
f 9896 9872 9863
f 9864 9897 9863
f 9863 9897 9898
f 9863 9898 9896
f 9880 9899 9864
f 9864 9899 9900
f 9864 9900 9897
f 9901 9880 9878
f 9876 9902 9878
f 9878 9902 9903
f 9878 9903 9901
f 9877 9904 9876
f 9876 9904 9905
f 9876 9905 9902
f 9906 9877 9866
f 9865 9907 9866
f 9866 9907 9908
f 9866 9908 9906
f 9879 9909 9865
f 9865 9909 9910
f 9865 9910 9907
f 9911 9879 9881
f 9911 9881 9912
f 9912 9881 9882
f 9912 9882 9913
f 9913 9882 9885
f 9913 9885 9914
f 9914 9885 9884
f 9914 9884 9915
f 9915 9884 9883
f 9915 9883 9874
f 9888 9887 9916
f 9916 9887 9917
f 9916 9918 9888
f 9888 9918 9919
f 9888 9919 9886
f 9886 9919 9915
f 9886 9915 9874
f 9917 9887 9920
f 9920 9887 9890
f 9920 9890 9921
f 9921 9890 9889
f 9921 9889 9873
f 9921 9873 9891
f 9921 9891 9922
f 9922 9891 9893
f 9922 9893 9923
f 9923 9893 9892
f 9923 9892 9924
f 9924 9892 9925
f 9925 9892 9895
f 9925 9895 9926
f 9926 9895 9894
f 9926 9894 9872
f 9926 9872 9896
f 9926 9896 9927
f 9927 9896 9898
f 9927 9898 9928
f 9928 9898 9897
f 9928 9897 9929
f 9929 9897 9900
f 9929 9900 9930
f 9930 9900 9899
f 9930 9899 9880
f 9903 9902 9931
f 9931 9902 9932
f 9931 9933 9903
f 9903 9933 9934
f 9903 9934 9901
f 9901 9934 9930
f 9901 9930 9880
f 9932 9902 9935
f 9935 9902 9905
f 9935 9905 9936
f 9936 9905 9904
f 9936 9904 9877
f 9936 9877 9906
f 9936 9906 9937
f 9937 9906 9908
f 9937 9908 9938
f 9938 9908 9907
f 9938 9907 9939
f 9939 9907 9940
f 9940 9907 9910
f 9940 9910 9911
f 9911 9910 9909
f 9911 9909 9879
f 9923 9941 9922
f 9923 9924 9942
f 9942 9924 9925
f 9942 9925 9943
f 9941 9923 9944
f 9944 9923 9942
f 9944 9942 9945
f 9914 9915 9919
f 9938 9939 9946
f 9946 9939 9940
f 9946 9940 9947
f 9948 9937 9949
f 9949 9937 9938
f 9949 9938 9950
f 9950 9938 9946
f 9950 9946 9951
f 9952 9931 9932
f 9929 9930 9934
f 9911 9912 9953
f 9953 9912 9913
f 9953 9913 9954
f 9948 9949 9955
f 9955 9949 9950
f 9955 9950 9956
f 9956 9950 9951
f 9956 9951 9957
f 9928 9929 9958
f 9958 9929 9934
f 9958 9934 9959
f 9959 9934 9933
f 9959 9933 9931
f 9931 9952 9959
f 9959 9952 9960
f 9959 9960 9958
f 9958 9960 9961
f 9958 9961 9928
f 9921 9922 9962
f 9962 9922 9941
f 9962 9941 9963
f 9963 9941 9944
f 9963 9944 9964
f 9964 9944 9945
f 9964 9945 9957
f 9925 9926 9943
f 9943 9926 9965
f 9943 9965 9942
f 9942 9965 9966
f 9942 9966 9945
f 9945 9966 9967
f 9945 9967 9957
f 9957 9967 9968
f 9957 9968 9956
f 9956 9968 9969
f 9956 9969 9955
f 9955 9969 9970
f 9955 9970 9948
f 9920 9971 9917
f 9917 9971 9972
f 9917 9972 9973
f 9973 9972 9974
f 9973 9974 9975
f 9975 9974 9976
f 9975 9976 9977
f 9977 9976 9954
f 9913 9914 9978
f 9978 9914 9919
f 9978 9919 9979
f 9979 9919 9918
f 9979 9918 9916
f 9954 9913 9977
f 9977 9913 9978
f 9977 9978 9975
f 9975 9978 9979
f 9975 9979 9973
f 9973 9979 9916
f 9973 9916 9917
f 9926 9927 9965
f 9965 9927 9928
f 9965 9928 9966
f 9966 9928 9961
f 9966 9961 9967
f 9967 9961 9960
f 9967 9960 9968
f 9968 9960 9952
f 9968 9952 9969
f 9969 9952 9932
f 9969 9932 9970
f 9970 9932 9935
f 9970 9935 9948
f 9948 9935 9936
f 9948 9936 9937
f 9940 9911 9947
f 9947 9911 9953
f 9947 9953 9946
f 9946 9953 9954
f 9946 9954 9951
f 9951 9954 9976
f 9951 9976 9957
f 9957 9976 9974
f 9957 9974 9964
f 9964 9974 9972
f 9964 9972 9963
f 9963 9972 9971
f 9963 9971 9962
f 9962 9971 9920
f 9962 9920 9921

