# https://github.com/mikedh/trimesh
mtllib mtl_phalanx_link
usemtl mtl_phalanx_link
v -0.00508783 0.00199326 -0.00710921
v -0.00519934 0.00224064 -0.00682535
v -0.00531747 0.00165601 -0.00696080
v -0.00537766 0.00251016 -0.00639509
v -0.00559381 0.00270339 -0.00590079
v -0.00593182 0.00184734 -0.00590079
v -0.00480928 0.00063359 -0.00786569
v -0.00481843 0.00073741 -0.00783942
v -0.00550603 0.00083753 -0.00696080
v -0.00486861 0.00113680 -0.00769701
v -0.00495982 0.00159106 -0.00744420
v -0.00556935 -0.00000000 -0.00696080
v -0.00487809 -0.00000000 -0.00783645
v -0.00478621 0.00011944 -0.00793468
v -0.00478595 -0.00000000 -0.00793750
v -0.00621282 -0.00000000 -0.00590079
v -0.00614218 0.00093430 -0.00590079
v -0.00609406 0.00120890 -0.00590079
v -0.00606552 0.00092264 0.00592022
v -0.00613528 -0.00000000 0.00592022
v -0.00621281 -0.00000000 0.00577579
v -0.00525070 0.00233299 0.00657027
v -0.00508783 0.00199326 0.00698421
v -0.00526546 0.00163982 0.00691359
v -0.00551488 -0.00000000 0.00691359
v -0.00545217 0.00082934 0.00691359
v -0.00478596 0.00000000 0.00781250
v -0.00479828 0.00052745 0.00775999
v -0.00505686 0.00191659 0.00705543
v -0.00493555 0.00150110 0.00737559
v -0.00484962 0.00102833 0.00761426
v -0.00559384 0.00270339 0.00577579
v -0.00543942 0.00257784 0.00612509
v -0.00593182 0.00184734 0.00577579
v -0.00585779 0.00182429 0.00592022
v -0.00609409 0.00120891 0.00577579
v -0.00614217 0.00093430 0.00577579
v -0.00358291 0.00507562 -0.00512500
v -0.00269686 0.00559698 -0.00512500
v -0.00241251 0.00561100 -0.00512500
v 0.00000000 0.00566711 -0.00512500
v 0.00000001 0.00440211 -0.00512500
v -0.00621281 -0.00000000 -0.00512500
v -0.00609409 0.00120891 -0.00512500
v -0.00474106 0.00401518 -0.00512500
v -0.00559632 0.00269823 -0.00512500
v 0.00300092 -0.00399476 -0.00512360
v 0.00250371 -0.00435366 -0.00512411
v 0.00078749 -0.00136399 -0.00512500
v 0.00192778 -0.00464695 -0.00512500
v 0.00136400 -0.00078750 -0.00512500
v 0.00440210 -0.00093681 -0.00512500
v 0.00437846 -0.00138489 -0.00512447
v 0.00440210 0.00000000 -0.00512500
v 0.00157500 0.00000000 -0.00512500
v 0.00418666 0.00136032 -0.00512500
v 0.00136398 0.00078750 -0.00512500
v 0.00356138 0.00258749 -0.00512500
v 0.00000001 -0.00157500 -0.00512500
v -0.00085810 -0.00520034 -0.00512500
v -0.00078749 -0.00136399 -0.00512500
v -0.00171623 -0.00536907 -0.00512500
v -0.00136400 -0.00078750 -0.00512500
v -0.00621283 -0.00536907 -0.00512500
v -0.00157499 -0.00000000 -0.00512500
v 0.00171455 -0.00472936 -0.00512500
v 0.00087041 -0.00495469 -0.00512500
v -0.00000000 -0.00503095 -0.00512500
v 0.00382365 -0.00303391 -0.00512476
v 0.00343575 -0.00356567 -0.00512447
v 0.00427874 -0.00194549 -0.00512361
v 0.00410092 -0.00248548 -0.00512375
v 0.00258750 0.00356138 -0.00512500
v 0.00078750 0.00136399 -0.00512500
v 0.00136032 0.00418665 -0.00512500
v -0.00000000 0.00157500 -0.00512500
v -0.00078751 0.00136399 -0.00512500
v -0.00136399 0.00078750 -0.00512500
v -0.00543456 0.00301069 -0.00590076
v -0.00485216 0.00388009 -0.00590077
v -0.00474101 0.00401514 -0.00590077
v -0.00413212 0.00463942 -0.00590076
v -0.00358289 0.00507558 -0.00590076
v -0.00332648 0.00524726 -0.00590079
v -0.00326918 0.00528316 -0.00583926
v -0.00263207 0.00562773 -0.00512456
v -0.00256759 0.00565745 -0.00512500
v -0.00256574 0.00565828 -0.00512323
v -0.00543445 0.00301064 0.00577571
v -0.00331329 0.00512318 0.00598054
v -0.00326415 0.00460672 0.00672123
v -0.00370001 0.00415426 0.00684042
v -0.00311578 0.00247584 0.00857188
v -0.00311429 0.00244727 0.00858726
v -0.00347150 0.00192318 0.00857437
v -0.00304656 0.00000000 0.00921780
v -0.00309872 0.00000000 0.00918575
v -0.00304938 0.00041773 0.00920096
v -0.00306547 0.00123395 0.00906235
v -0.00374502 0.00131325 0.00857437
v -0.00305368 0.00072311 0.00916534
v -0.00391232 0.00066608 0.00857437
v -0.00396861 0.00000000 0.00857437
v -0.00309860 0.00212676 0.00874602
v -0.00307019 0.00139191 0.00901928
v -0.00311780 0.00251399 0.00855101
v -0.00420466 0.00232934 0.00778225
v -0.00318781 0.00362774 0.00776438
v -0.00317344 0.00341880 0.00794023
v -0.00375408 0.00300200 0.00778226
v -0.00313612 0.00283791 0.00835861
v -0.00434476 0.00347434 0.00684042
v -0.00321636 0.00401931 0.00739397
v -0.00486626 0.00269585 0.00684042
v -0.00453596 0.00159061 0.00778225
v -0.00473858 0.00080675 0.00778225
v -0.00424058 0.00000000 0.00834159
v -0.00485208 0.00388003 0.00577571
v -0.00474094 0.00401507 0.00577571
v -0.00413205 0.00463934 0.00577571
v -0.00358282 0.00507550 0.00577571
v -0.00332648 0.00524726 0.00577579
v 0.00000000 0.00157500 0.00500000
v -0.00241246 0.00561100 0.00500000
v -0.00078750 0.00136399 0.00500000
v -0.00269684 0.00559698 0.00500000
v 0.00000001 0.00566711 0.00500000
v -0.00000000 0.00440211 0.00500000
v 0.00136033 0.00418665 0.00500000
v 0.00078750 0.00136399 0.00500000
v 0.00258749 0.00356138 0.00500000
v 0.00356139 0.00258749 0.00500000
v 0.00136399 0.00078750 0.00500000
v 0.00418665 0.00136033 0.00500000
v 0.00157500 -0.00000000 0.00500000
v 0.00440211 -0.00000000 0.00500000
v -0.00136399 0.00078750 0.00500000
v -0.00609406 0.00120890 0.00500000
v -0.00157500 0.00000000 0.00500000
v -0.00621282 -0.00000000 0.00500000
v -0.00136399 -0.00078750 0.00500000
v -0.00621284 -0.00536907 0.00500000
v -0.00078750 -0.00136399 0.00500000
v -0.00358292 0.00507562 0.00500000
v -0.00474104 0.00401517 0.00500000
v -0.00559633 0.00269823 0.00500000
v 0.00440211 -0.00093681 0.00500000
v 0.00136399 -0.00078750 0.00500000
v 0.00434602 -0.00162289 0.00499904
v 0.00321613 -0.00379899 0.00499886
v 0.00363567 -0.00331509 0.00499993
v 0.00078750 -0.00136399 0.00500000
v 0.00397567 -0.00275984 0.00499923
v 0.00420360 -0.00220615 0.00499855
v 0.00192779 -0.00464695 0.00500000
v 0.00216654 -0.00453902 0.00499979
v 0.00269429 -0.00422951 0.00499876
v -0.00171623 -0.00536908 0.00500000
v -0.00085790 -0.00520030 0.00500000
v -0.00000000 -0.00157500 0.00500000
v 0.00000000 -0.00503095 0.00500000
v 0.00087046 -0.00495498 0.00499995
v 0.00171466 -0.00472963 0.00499995
v -0.00263369 0.00562698 0.00506380
v -0.00263169 0.00562792 0.00499955
v -0.00256757 0.00565745 0.00500000
v -0.00256574 0.00565828 0.00499824
v -0.00621283 -0.00270339 0.00577579
v -0.00491410 -0.00088712 0.00766888
v -0.00481297 -0.00041747 0.00778103
v -0.00508783 -0.00134721 0.00746884
v -0.00512831 -0.00143564 0.00741772
v -0.00529432 -0.00174050 0.00720945
v -0.00535439 -0.00183597 0.00713092
v -0.00564310 -0.00221907 0.00672760
v -0.00593130 -0.00250705 0.00627586
v -0.00481955 -0.00046608 -0.00789886
v -0.00531762 -0.00177819 -0.00730420
v -0.00525731 -0.00167809 -0.00738198
v -0.00508784 -0.00134721 -0.00759384
v -0.00492393 -0.00092099 -0.00778275
v -0.00621283 -0.00270339 -0.00590079
v -0.00614560 -0.00266429 -0.00602628
v -0.00587665 -0.00245925 -0.00649077
v -0.00558862 -0.00215473 -0.00693216
v -0.00621283 -0.00524726 0.00577579
v -0.00621283 -0.00574604 0.00480769
v -0.00621282 -0.00566067 0.00492332
v -0.00621282 -0.00551280 0.00499875
v -0.00359346 -0.00184137 -0.00899173
v -0.00345098 -0.00156721 -0.00909012
v -0.00388238 -0.00000000 -0.00877474
v -0.00323296 -0.00104004 -0.00923292
v -0.00310691 -0.00057676 -0.00930980
v -0.00309335 -0.00050531 -0.00931771
v -0.00304710 -0.00000000 -0.00934375
v -0.00467212 0.00000000 -0.00805714
v -0.00410888 0.00000000 -0.00858863
v -0.00410483 -0.00265999 -0.00859271
v -0.00380664 -0.00220456 -0.00883479
v -0.00513822 -0.00400604 -0.00753245
v -0.00464282 -0.00339041 -0.00808803
v -0.00422416 -0.00283048 -0.00848833
v -0.00437702 -0.00304097 -0.00834852
v -0.00526024 -0.00415234 -0.00737985
v -0.00524771 -0.00413743 -0.00739581
v -0.00563611 -0.00459373 -0.00686286
v -0.00608797 -0.00510763 -0.00613038
v -0.00609067 -0.00511065 -0.00612558
v -0.00621284 -0.00524726 -0.00590079
v -0.00621283 -0.00566067 -0.00504832
v -0.00621281 -0.00574605 -0.00493269
v -0.00621282 -0.00551280 -0.00512375
v -0.00000000 0.00566711 -0.00096824
v -0.00000000 0.00566711 0.00084324
v 0.00039327 0.00561572 -0.00132717
v 0.00011761 0.00565452 0.00096506
v 0.00092379 0.00550336 -0.00167855
v 0.00214462 0.00503831 -0.00224220
v 0.00151407 0.00531678 -0.00198136
v 0.00236103 0.00492164 0.00219553
v 0.00108297 0.00545964 -0.00176730
v 0.00174425 0.00522519 0.00195769
v 0.00058238 0.00558143 0.00133944
v 0.00108429 0.00545926 0.00164297
v 0.00114038 0.00544270 0.00167284
v 0.00437656 0.00305356 -0.00281301
v 0.00391630 0.00365365 -0.00274098
v 0.00379131 0.00379242 0.00259140
v 0.00379140 0.00379230 -0.00271647
v 0.00352077 0.00406517 0.00253248
v 0.00337566 0.00419785 -0.00262273
v 0.00300596 0.00449940 0.00239962
v 0.00300516 0.00450000 -0.00252440
v 0.00296043 0.00453327 0.00238660
v 0.00277235 0.00466625 -0.00245562
v 0.00229034 0.00496102 -0.00229554
v 0.00402932 0.00352036 0.00263634
v 0.00443557 0.00296390 0.00269465
v 0.00443555 0.00296390 -0.00281976
v 0.00446893 0.00291160 0.00269817
v 0.00473845 0.00243717 -0.00284218
v 0.00482991 0.00224947 0.00271875
v 0.00482991 0.00224947 -0.00284375
v 0.00057921 0.00566712 -0.00051765
v 0.00065963 0.00566723 -0.00021499
v 0.00019641 0.00566713 -0.00092820
v 0.00041273 0.00566713 -0.00077565
v 0.00042106 0.00566713 0.00064162
v 0.00022087 0.00566712 0.00079243
v 0.00057160 0.00566712 0.00041002
v 0.00066012 0.00566719 0.00008833
v -0.00000000 0.00570660 -0.00006250
v 0.00423703 0.00283109 -0.00357516
v 0.00470793 0.00195009 -0.00357516
v 0.00424377 0.00175783 -0.00474531
v 0.00000000 0.00564856 -0.00116007
v 0.00532805 0.00000000 -0.00284375
v 0.00509582 0.00000000 -0.00357516
v 0.00499791 0.00099415 -0.00357516
v 0.00492248 0.00203896 -0.00284375
v 0.00520203 0.00115198 -0.00284375
v 0.00522567 0.00103945 -0.00284375
v 0.00360329 0.00360329 -0.00357516
v 0.00283109 0.00423702 -0.00357516
v 0.00106367 0.00534747 -0.00234931
v 0.00208648 0.00503720 -0.00234931
v -0.00000001 0.00545223 -0.00234931
v 0.00089614 0.00450517 -0.00474531
v 0.00099415 0.00499791 -0.00357516
v 0.00141945 0.00436861 -0.00474531
v 0.00195009 0.00470793 -0.00357516
v 0.00175783 0.00424378 -0.00474531
v 0.00255197 0.00381930 -0.00474531
v 0.00381930 0.00255197 -0.00474531
v 0.00371616 0.00269995 -0.00474531
v 0.00324805 0.00324805 -0.00474531
v 0.00269995 0.00371616 -0.00474531
v 0.00459342 0.00000000 -0.00474531
v 0.00450517 0.00089613 -0.00474531
v 0.00436862 0.00141945 -0.00474531
v 0.00000000 0.00509582 -0.00357516
v -0.00000001 0.00459343 -0.00474531
v 0.00196590 0.00474611 0.00333272
v 0.00209667 0.00506181 0.00210268
v 0.00106887 0.00537359 0.00210269
v 0.00520203 0.00115198 0.00271875
v 0.00503843 0.00100221 0.00333271
v 0.00522567 0.00103945 0.00271875
v 0.00513716 -0.00000000 0.00333271
v 0.00532804 0.00000000 0.00271875
v -0.00000000 0.00547886 0.00210269
v 0.00285405 0.00427138 0.00333271
v 0.00363251 0.00363251 0.00333271
v 0.00427138 0.00285405 0.00333272
v -0.00000000 0.00513715 0.00333271
v -0.00000001 0.00467856 0.00444741
v 0.00100221 0.00503844 0.00333271
v 0.00091274 0.00458866 0.00444741
v 0.00179040 0.00432243 0.00444741
v 0.00259927 0.00389008 0.00444741
v 0.00330825 0.00330824 0.00444741
v 0.00389008 0.00259927 0.00444741
v 0.00474611 0.00196590 0.00333271
v 0.00432243 0.00179041 0.00444741
v 0.00458866 0.00091274 0.00444741
v 0.00467856 0.00000000 0.00444741
v 0.00492247 0.00203896 0.00271875
v 0.00000000 0.00459343 0.00462031
v 0.00089613 0.00450517 0.00462031
v 0.00141945 0.00436861 0.00462031
v 0.00175783 0.00424378 0.00462031
v 0.00255197 0.00381930 0.00462031
v 0.00269995 0.00371617 0.00462031
v 0.00324804 0.00324805 0.00462031
v 0.00371617 0.00269995 0.00462031
v 0.00381930 0.00255197 0.00462031
v 0.00459343 0.00000000 0.00462031
v 0.00450517 0.00089613 0.00462031
v 0.00436861 0.00141945 0.00462031
v 0.00424378 0.00175783 0.00462031
v 0.00001966 -0.00586203 -0.00169303
v 0.00001967 -0.00586204 0.00156803
v 0.00002405 -0.00584966 0.00159650
v 0.00002406 -0.00584966 -0.00172150
v 0.00002703 -0.00583693 0.00162500
v 0.00002703 -0.00583693 -0.00175000
v 0.00034247 -0.00404804 -0.00175000
v 0.00034246 -0.00404804 0.00162500
v 0.00002187 -0.00586203 -0.00172148
v 0.00133563 -0.00570788 -0.00284375
v 0.00001967 -0.00586204 0.00271875
v 0.00001967 -0.00586204 0.00246875
v 0.00101423 -0.00577366 0.00271875
v 0.00002260 -0.00586202 0.00235485
v 0.00133562 -0.00570788 0.00271875
v 0.00002261 -0.00586203 0.00162500
v 0.00002187 -0.00586203 0.00159648
v 0.00002260 -0.00586202 -0.00175000
v 0.00002261 -0.00586203 -0.00247986
v 0.00101378 -0.00577374 -0.00284375
v 0.00001966 -0.00586203 -0.00259375
v 0.00001966 -0.00586203 -0.00284375
v 0.00199795 -0.00551108 0.00271875
v 0.00199794 -0.00551109 -0.00284375
v 0.00260646 -0.00525073 0.00271875
v 0.00260645 -0.00525073 -0.00284375
v 0.00292141 -0.00508224 0.00271875
v 0.00292178 -0.00508203 -0.00284375
v 0.00373682 -0.00451663 0.00271875
v 0.00373682 -0.00451664 -0.00284375
v 0.00399761 -0.00428302 -0.00284375
v 0.00532806 -0.00115346 -0.00284375
v 0.00532805 -0.00115346 0.00271875
v 0.00522662 -0.00208592 -0.00284375
v 0.00522662 -0.00208591 0.00271875
v 0.00517357 -0.00230061 -0.00284375
v 0.00517356 -0.00230061 0.00271875
v 0.00492422 -0.00298090 -0.00284375
v 0.00492422 -0.00298088 0.00271875
v 0.00471944 -0.00336928 -0.00284375
v 0.00471945 -0.00336928 0.00271875
v 0.00442506 -0.00380374 -0.00284375
v 0.00442507 -0.00380374 0.00271875
v 0.00399761 -0.00428302 0.00271875
v -0.00000926 -0.00598116 -0.00164144
v 0.00000023 -0.00598891 -0.00175000
v 0.00029934 -0.00404804 -0.00153560
v -0.00003648 -0.00595896 -0.00153832
v -0.00003648 -0.00404804 -0.00122032
v -0.00003647 -0.00460964 -0.00126613
v 0.00015088 -0.00404804 -0.00132970
v -0.00003648 -0.00511062 -0.00132970
v -0.00003647 -0.00559899 -0.00142434
v -0.00003648 -0.00592162 0.00246875
v -0.00003647 -0.00604916 0.00170075
v -0.00000298 -0.00589700 0.00246875
v -0.00002026 -0.00603217 0.00169773
v 0.00000535 -0.00588709 0.00246875
v -0.00001200 -0.00601980 0.00169562
v 0.00000110 -0.00598399 0.00168980
v -0.00000001 -0.00589370 0.00258351
v -0.00001386 -0.00590716 0.00253486
v -0.00003647 -0.00592162 0.00248785
v 0.00000110 -0.00598399 -0.00181480
v 0.00000024 -0.00598891 0.00162500
v -0.00287211 -0.00662668 0.00170351
v -0.00003647 -0.00613157 0.00163372
v -0.00287211 -0.00628849 0.00331038
v -0.00003648 -0.00598196 0.00247291
v -0.00287212 -0.00625426 0.00342865
v -0.00003648 -0.00577428 0.00328689
v -0.00287212 -0.00574604 0.00480769
v -0.00003647 -0.00551117 0.00406778
v -0.00003647 -0.00519526 0.00480769
v -0.00003648 -0.00625001 -0.00005229
v -0.00287211 -0.00675001 -0.00005187
v -0.00287211 -0.00662668 -0.00182851
v -0.00003647 -0.00613153 -0.00175901
v -0.00287212 -0.00628848 -0.00343537
v -0.00003647 -0.00598196 -0.00259793
v -0.00287212 -0.00574605 -0.00493269
v -0.00003648 -0.00519526 -0.00493269
v -0.00287211 -0.00597860 -0.00437097
v -0.00003648 -0.00551117 -0.00419279
v -0.00003647 -0.00577428 -0.00341191
v -0.00528649 -0.00670638 -0.00111593
v -0.00528646 -0.00662668 -0.00182852
v -0.00319009 -0.00662677 -0.00182789
v -0.00528647 -0.00675000 -0.00006250
v -0.00319009 -0.00662677 0.00170289
v -0.00528647 -0.00671719 0.00085154
v -0.00528648 -0.00662668 0.00170351
v -0.00319010 -0.00574604 0.00480769
v -0.00528647 -0.00645327 0.00265911
v -0.00528648 -0.00628850 0.00331038
v -0.00528648 -0.00593907 0.00434821
v -0.00528647 -0.00574605 0.00480769
v -0.00003647 -0.00513311 0.00480769
v -0.00003647 -0.00605282 -0.00178796
v -0.00003647 -0.00605404 -0.00175000
v -0.00003660 -0.00604058 -0.00165394
v -0.00003647 -0.00595896 0.00141332
v -0.00003656 -0.00597766 0.00142442
v -0.00003655 -0.00602756 0.00149344
v -0.00003647 -0.00605404 0.00162500
v -0.00003647 -0.00605282 0.00166295
v -0.00003648 -0.00513311 -0.00493269
v -0.00003648 -0.00555075 -0.00392202
v -0.00003648 -0.00592161 -0.00261285
v -0.00003647 -0.00592162 -0.00259375
v -0.00003647 -0.00604916 -0.00182575
v -0.00003665 -0.00599435 -0.00156505
v -0.00003648 -0.00555075 0.00379702
v -0.00003648 -0.00404804 0.00109532
v -0.00003647 -0.00460964 0.00114113
v -0.00003647 -0.00511062 0.00120470
v -0.00003647 -0.00559899 0.00129934
v -0.00003648 -0.00595255 0.00141060
v -0.00319010 -0.00574605 -0.00493269
v -0.00238777 -0.00550005 0.00500139
v -0.00245317 -0.00555769 0.00490675
v -0.00291750 -0.00562879 0.00494808
v -0.00313987 -0.00570602 0.00487484
v -0.00318240 -0.00573235 0.00483489
v -0.00000001 -0.00553111 0.00383077
v -0.00001289 -0.00602505 0.00162500
v -0.00002246 -0.00601564 0.00151286
v -0.00000925 -0.00598116 0.00151644
v 0.00029935 -0.00404804 0.00141060
v 0.00015089 -0.00404804 0.00120470
v -0.00528648 -0.00574604 -0.00493269
v -0.00528648 -0.00588123 -0.00461738
v -0.00528646 -0.00628851 -0.00343538
v -0.00528647 -0.00642198 -0.00292060
v -0.02025983 0.00101638 0.00490207
v -0.02016858 -0.00000000 0.00490207
v -0.02049002 -0.00000000 0.00556250
v -0.02026767 0.00209870 0.00422337
v -0.02053065 0.00200027 0.00490207
v -0.02053274 0.00270315 0.00422337
v -0.02089974 0.00281015 0.00488514
v -0.02124853 0.00275567 0.00556250
v -0.02083171 0.00188759 0.00556250
v -0.02057614 0.00095913 0.00556250
v -0.02017784 0.00184095 0.00422337
v -0.01988777 -0.00000000 0.00422336
v -0.01993837 0.00077664 0.00422337
v -0.01998350 0.00106640 0.00422336
v -0.02053273 0.00270315 -0.00434837
v -0.02089977 0.00281015 -0.00501016
v -0.02050522 0.00264808 -0.00434837
v -0.02053063 0.00200026 -0.00502707
v -0.02026766 0.00209869 -0.00434836
v -0.02016488 0.00180039 -0.00434836
v -0.02025983 0.00101638 -0.00502707
v -0.01998352 0.00106640 -0.00434837
v -0.01995747 0.00091080 -0.00434836
v -0.02016858 0.00000000 -0.00502707
v -0.01988779 0.00000000 -0.00434837
v -0.02049004 0.00000000 -0.00568750
v -0.02057613 0.00095913 -0.00568750
v -0.02083170 0.00188758 -0.00568750
v -0.02124855 0.00275568 -0.00568750
v -0.01955603 0.00097259 -0.00301756
v -0.01977750 0.00192253 -0.00301756
v -0.02014093 0.00282772 -0.00301756
v -0.02039795 0.00383508 -0.00131934
v -0.02042879 0.00381346 -0.00164667
v -0.01991207 0.00294059 -0.00164667
v -0.01982376 0.00298415 -0.00033300
v -0.01982110 0.00298545 -0.00006250
v -0.01993522 0.00320647 -0.00006250
v -0.01945201 0.00207548 -0.00006250
v -0.01918203 0.00087558 -0.00006250
v -0.01944023 0.00202888 -0.00033300
v -0.01912499 -0.00000000 -0.00006250
v -0.01920647 0.00102638 -0.00033300
v -0.02037421 0.00385170 -0.00099114
v -0.02034815 0.00386995 -0.00033300
v -0.02034573 0.00387164 -0.00006250
v -0.01912796 0.00000000 -0.00033299
v -0.01930380 0.00101140 -0.00164667
v -0.01922642 -0.00000000 -0.00164667
v -0.02046921 0.00378517 -0.00199194
v -0.02051757 0.00375133 -0.00233569
v -0.02057378 0.00371196 -0.00267766
v -0.02063783 0.00366710 -0.00301756
v -0.02097057 0.00343413 -0.00434836
v -0.02078892 0.00356131 -0.00368866
v -0.02070952 0.00361690 -0.00335440
v -0.01953415 0.00199926 -0.00164667
v -0.01931717 -0.00000000 -0.00223911
v -0.01948161 0.00000000 -0.00301756
v -0.02069522 0.00362692 -0.00330993
v -0.02034812 0.00386995 -0.00033665
v -0.02035540 0.00386485 -0.00061177
v -0.02056555 0.00371772 -0.00265344
v -0.02042636 0.00381518 -0.00164178
v -0.02046548 0.00378779 -0.00198364
v -0.02051175 0.00375538 -0.00231986
v -0.02039499 0.00383715 -0.00129869
v -0.02037136 0.00385370 -0.00095512
v -0.02082361 0.00353702 -0.00383697
v -0.02074959 0.00278501 -0.00473275
v -0.02096617 0.00281250 -0.00512500
v -0.02111842 0.00279835 -0.00540676
v -0.02126704 0.00275567 -0.00568750
v -0.02316832 0.00468133 -0.00561749
v -0.02303630 0.00455728 -0.00568750
v -0.02292394 0.00448533 -0.00568750
v -0.02113429 0.00352366 -0.00455434
v -0.02080000 0.00377213 -0.00330993
v -0.02156588 0.00320287 -0.00568750
v -0.02322749 0.00469309 -0.00565254
v -0.02328783 0.00475591 -0.00560536
v -0.02330489 0.00479431 -0.00555762
v -0.02330494 0.00480084 -0.00554688
v -0.02330238 0.00483895 -0.00548089
v -0.02322092 0.00573926 -0.00331025
v -0.02323037 0.00564109 -0.00363380
v -0.02239945 0.00528252 -0.00330993
v -0.02323772 0.00556404 -0.00386511
v -0.02262837 0.00493457 -0.00455434
v -0.02326213 0.00530473 -0.00453805
v -0.02330124 0.00487706 -0.00541486
v -0.02320505 0.00590355 -0.00266484
v -0.02224529 0.00551684 -0.00198364
v -0.02319237 0.00603434 -0.00198387
v -0.02147065 0.00511509 -0.00006250
v -0.02216494 0.00563896 -0.00006250
v -0.02217143 0.00562908 -0.00061177
v -0.02247186 0.00582934 -0.00006250
v -0.02318658 0.00609359 -0.00157053
v -0.02317806 0.00618045 -0.00047702
v -0.02317735 0.00618750 -0.00006250
v -0.02046707 0.00401959 -0.00061177
v -0.02061563 0.00423101 -0.00006250
v -0.02057488 0.00393944 -0.00198365
v -0.02124870 0.00489902 -0.00061177
v -0.02124060 0.00490763 -0.00006250
v -0.02134097 0.00480134 -0.00198364
v -0.02153353 0.00459741 -0.00330993
v -0.02181951 0.00429459 -0.00455434
v -0.02218871 0.00390362 -0.00568750
v -0.02126705 0.00275568 0.00556250
v -0.02111843 0.00279835 0.00528177
v -0.02096617 0.00281250 0.00500000
v -0.02074963 0.00278502 0.00460778
v -0.01918400 -0.00350000 -0.00128706
v -0.01931719 -0.00350000 -0.00223911
v -0.01931596 -0.00350000 -0.00225444
v -0.01936807 -0.00350000 -0.00250781
v -0.01940969 -0.00350000 -0.00272956
v -0.01942485 -0.00350000 -0.00277533
v -0.01952163 -0.00350000 -0.00319717
v -0.01955602 -0.00350000 -0.00330630
v -0.01969052 -0.00350000 -0.00378130
v -0.01988777 -0.00350000 -0.00434837
v -0.01988779 -0.00270314 -0.00434836
v -0.01998802 -0.00276385 -0.00460414
v -0.02009941 -0.00280092 -0.00487011
v -0.02032051 -0.00280333 -0.00535190
v -0.02049003 -0.00275568 -0.00568750
v -0.01988777 -0.00270315 0.00422336
v -0.01999450 -0.00276315 0.00449293
v -0.02001969 -0.00277733 0.00455659
v -0.02049004 -0.00275568 0.00556250
v -0.02023397 -0.00281214 0.00504498
v -0.02012688 -0.00280595 0.00480814
v -0.01912500 -0.00350000 -0.00006250
v -0.02050593 -0.00275568 -0.00568750
v -0.02048505 -0.00276313 -0.00564966
v -0.02021754 -0.00281250 -0.00512500
v -0.02011881 -0.00280427 -0.00490994
v -0.02009787 -0.00280023 -0.00486257
v -0.02050593 -0.00275567 0.00556250
v -0.02023503 -0.00281226 0.00503673
v -0.02009727 -0.00280011 0.00473627
v -0.02016620 -0.00281034 0.00488976
v -0.02021755 -0.00281250 0.00500000
v 0.00000000 -0.00589370 -0.00270850
v 0.00000534 -0.00588709 -0.00259375
v -0.00002359 -0.00591432 -0.00263552
v -0.00001384 -0.00590716 -0.00265988
v -0.00000916 -0.00590310 -0.00259375
v -0.00000278 -0.00589678 -0.00259375
v -0.00003122 -0.00591891 -0.00262090
v 0.00258689 -0.00467654 0.00431887
v 0.00334549 -0.00459446 0.00338115
v 0.00275643 -0.00479533 0.00383077
v 0.00188516 -0.00519994 0.00383077
v 0.00095701 -0.00544769 0.00383077
v 0.00325087 -0.00460939 0.00351781
v 0.00500599 -0.00111466 0.00369080
v 0.00459343 -0.00103912 0.00462031
v 0.00452222 -0.00157096 0.00468819
v 0.00501063 -0.00111534 0.00367876
v 0.00496812 -0.00161203 0.00371132
v 0.00487439 -0.00210259 0.00372358
v 0.00473110 -0.00258112 0.00371561
v 0.00453993 -0.00304170 0.00368746
v 0.00430259 -0.00347843 0.00363921
v 0.00402178 -0.00388596 0.00357137
v 0.00370141 -0.00425953 0.00348499
v 0.00439390 -0.00209508 0.00472578
v 0.00421102 -0.00260411 0.00473294
v 0.00397613 -0.00309067 0.00470951
v 0.00369183 -0.00354741 0.00465535
v 0.00336194 -0.00396774 0.00457112
v 0.00299181 -0.00434598 0.00445842
v -0.01798166 0.00449067 -0.00699180
v -0.01842611 0.00433573 -0.00717587
v -0.02033293 0.00457020 -0.00716576
v -0.02021995 0.00537921 -0.00621411
v -0.01757231 0.00505438 -0.00621411
v -0.01752504 0.00490120 -0.00644386
v -0.02355240 0.00562483 -0.00621411
v -0.02358198 0.00530291 -0.00667993
v -0.02028367 0.00506105 -0.00667993
v -0.02360485 0.00481013 -0.00716577
v -0.02643751 0.00569205 -0.00621411
v -0.02643751 0.00536911 -0.00667993
v -0.02643750 0.00487580 -0.00716576
v -0.02643749 0.00429372 -0.00754070
v -0.02363181 0.00422868 -0.00754071
v -0.02286646 0.00384221 -0.00769234
v -0.02527543 0.00378757 -0.00774422
v -0.02643751 0.00378284 -0.00774930
v -0.01902369 0.00419674 -0.00733181
v -0.01938980 0.00413253 -0.00740101
v -0.01994854 0.00405415 -0.00748313
v -0.01757783 0.00476454 -0.00663643
v -0.01773047 0.00462493 -0.00682251
v -0.02107983 0.00394365 -0.00759500
v -0.01761398 0.00538846 0.00552720
v -0.02017493 0.00582548 0.00527448
v -0.01744471 0.00510150 0.00601512
v -0.02013573 0.00538816 0.00609916
v -0.01740739 0.00504790 0.00609916
v -0.02643749 0.00570946 0.00609916
v -0.02351319 0.00564041 0.00609916
v -0.02643750 0.00614058 0.00527448
v -0.02353149 0.00607287 0.00527448
v -0.02643749 0.00672511 0.00381291
v -0.02350427 0.00665676 0.00381292
v -0.02643751 0.00711938 0.00228897
v -0.02348590 0.00705060 0.00228897
v -0.02643750 0.00731699 0.00072730
v -0.02347670 0.00724800 0.00072730
v -0.02643750 0.00731477 -0.00084682
v -0.02347679 0.00724578 -0.00084682
v -0.02643749 0.00711273 -0.00240792
v -0.02348622 0.00704397 -0.00240792
v -0.02643749 0.00671416 -0.00393075
v -0.02350478 0.00664583 -0.00393075
v -0.02643751 0.00612551 -0.00539065
v -0.02353220 0.00605781 -0.00539065
v -0.02017645 0.00581048 -0.00539066
v -0.01778110 0.00543775 -0.00556121
v -0.01761292 0.00511698 -0.00611546
v -0.01790592 0.00635567 -0.00318855
v -0.01792199 0.00607096 -0.00411936
v -0.02011736 0.00639617 -0.00393075
v -0.01791348 0.00594102 -0.00446810
v -0.01788334 0.00575391 -0.00491510
v -0.01788862 0.00645468 -0.00277807
v -0.02007736 0.00679272 -0.00240792
v -0.01785568 0.00658448 -0.00210507
v -0.01781593 0.00671387 -0.00103083
v -0.02005708 0.00699374 -0.00084682
v -0.01781428 0.00671839 -0.00097033
v -0.01779622 0.00675102 -0.00000234
v -0.02005684 0.00699595 0.00072730
v -0.01779277 0.00670649 0.00099689
v -0.01779325 0.00669852 0.00108741
v -0.02007668 0.00679933 0.00228897
v -0.01780858 0.00657176 0.00205685
v -0.02011628 0.00640706 0.00381292
v -0.01782827 0.00634433 0.00310662
v -0.01782395 0.00642065 0.00280130
v -0.01774888 0.00572211 0.00486069
v -0.01778894 0.00587886 0.00449809
v -0.01781679 0.00605042 0.00405198
v -0.02643749 0.00374680 0.00765760
v -0.02381373 0.00377597 0.00763046
v -0.02358101 0.00420530 0.00745087
v -0.02352878 0.00531044 0.00657646
v -0.02643751 0.00537912 0.00657646
v -0.02355272 0.00480400 0.00707209
v -0.02643749 0.00487211 0.00707209
v -0.02643751 0.00427274 0.00745087
v -0.01735259 0.00490647 0.00631125
v -0.02016933 0.00505953 0.00657646
v -0.01738829 0.00476903 0.00650535
v -0.01752030 0.00462843 0.00669302
v -0.02022090 0.00455515 0.00707209
v -0.02049184 0.00394641 0.00746713
v -0.01941558 0.00407136 0.00734022
v -0.01869486 0.00419884 0.00720451
v -0.01813873 0.00434209 0.00704353
v -0.01777075 0.00448195 0.00687745
v -0.02192694 0.00384568 0.00756502
v -0.02754663 -0.00488527 -0.00586048
v -0.02768986 -0.00486327 -0.00586448
v -0.02754664 -0.00496836 -0.00597175
v -0.02771694 -0.00493591 -0.00596875
v -0.02761723 -0.00500377 -0.00605925
v -0.02773273 -0.00497821 -0.00606814
v -0.02764984 -0.00501260 -0.00610398
v -0.02774331 -0.00500651 -0.00625000
v -0.02754663 -0.00447951 -0.00568750
v -0.02761750 -0.00466940 -0.00572528
v -0.02754663 -0.00471579 -0.00573970
v -0.02764496 -0.00474301 -0.00576286
v -0.02768571 -0.00485215 -0.00585225
v -0.02544604 -0.00447951 -0.00568750
v -0.02587503 -0.00450000 -0.00568788
v -0.02053080 -0.00469969 -0.00573212
v -0.02050591 -0.00447951 -0.00568750
v -0.02608119 -0.00449527 -0.00568773
v -0.02630396 -0.00447951 -0.00568750
v -0.02410828 -0.00496836 -0.00597175
v -0.02060493 -0.00488695 -0.00586180
v -0.02066991 -0.00496837 -0.00597175
v -0.02720341 -0.00508186 -0.00617115
v -0.02756353 -0.00505626 -0.00621120
v -0.02771036 -0.00501868 -0.00626913
v -0.02643751 0.00522232 -0.00594291
v -0.02716766 0.00515113 -0.00606045
v -0.02667173 0.00511735 -0.00585225
v -0.02664048 0.00491671 -0.00572227
v -0.02643774 0.00497252 -0.00573360
v -0.02643758 0.00516440 -0.00586887
v -0.02661053 0.00472433 -0.00568750
v -0.02643749 0.00474804 -0.00568750
v -0.02783251 -0.00457473 -0.00572227
v -0.02759586 0.00466890 -0.00572227
v -0.02752852 0.00448622 -0.00568750
v -0.02848354 0.00423741 -0.00572226
v -0.02838147 0.00407161 -0.00568750
v -0.02926855 0.00363919 -0.00572227
v -0.02913578 0.00349680 -0.00568750
v -0.02992008 0.00289780 -0.00572227
v -0.02976183 0.00278442 -0.00568750
v -0.03041247 0.00204240 -0.00572227
v -0.03023493 0.00196249 -0.00568750
v -0.03072634 0.00110665 -0.00572227
v -0.03053649 0.00106335 -0.00568750
v -0.03084931 0.00012735 -0.00572227
v -0.03065469 0.00012237 -0.00568750
v -0.03077661 -0.00085695 -0.00572227
v -0.03058482 -0.00082342 -0.00568750
v -0.03051102 -0.00180754 -0.00572227
v -0.03032964 -0.00173682 -0.00568750
v -0.03006307 -0.00268702 -0.00572227
v -0.02989922 -0.00258188 -0.00568750
v -0.02945032 -0.00346078 -0.00572227
v -0.02931045 -0.00332537 -0.00568750
v -0.02869693 -0.00409837 -0.00572227
v -0.02858651 -0.00393802 -0.00568750
v -0.02775593 -0.00439573 -0.00568750
v -0.02791239 -0.00476141 -0.00585225
v -0.02796354 -0.00488091 -0.00605531
v -0.02797720 -0.00491288 -0.00625000
v -0.03001491 -0.00337886 -0.00625000
v -0.02971461 -0.00371659 -0.00625000
v -0.02968964 -0.00369240 -0.00605531
v -0.02890552 -0.00440132 -0.00625000
v -0.02888581 -0.00437268 -0.00605531
v -0.03037265 -0.00288563 -0.00625000
v -0.03034339 -0.00286686 -0.00605531
v -0.03077726 -0.00212683 -0.00625000
v -0.03082131 -0.00192852 -0.00605531
v -0.03085370 -0.00194115 -0.00625000
v -0.03110465 -0.00091431 -0.00605531
v -0.03113890 -0.00092030 -0.00625000
v -0.02999163 0.00340719 -0.00625000
v -0.03021909 0.00311200 -0.00625000
v -0.03019083 0.00309175 -0.00605531
v -0.03074787 0.00219337 -0.00625000
v -0.03071616 0.00217910 -0.00605531
v -0.03108492 0.00118845 -0.00625000
v -0.03105103 0.00118072 -0.00605531
v -0.03116571 0.00075109 -0.00625000
v -0.03118223 0.00013587 -0.00605531
v -0.03121701 0.00013677 -0.00625000
v -0.03117072 -0.00071477 -0.00625000
v -0.02951939 0.00390819 -0.00625000
v -0.02949569 0.00388276 -0.00605531
v -0.02891096 0.00439758 -0.00625000
v -0.02865811 0.00452102 -0.00605531
v -0.02867633 0.00455062 -0.00625000
v -0.02771102 0.00498139 -0.00605531
v -0.02772305 0.00501401 -0.00625000
v -0.02766608 0.00485943 -0.00585225
v -0.02767588 0.00503115 -0.00625000
v -0.02858997 0.00441032 -0.00585225
v -0.02940706 0.00378770 -0.00585225
v -0.03008517 0.00301606 -0.00585225
v -0.03059763 0.00212575 -0.00585225
v -0.03092430 0.00115181 -0.00585225
v -0.03105231 0.00013255 -0.00585225
v -0.03097660 -0.00089193 -0.00585225
v -0.03070022 -0.00188130 -0.00585225
v -0.03023397 -0.00279667 -0.00585225
v -0.02959624 -0.00360200 -0.00585225
v -0.02881210 -0.00426562 -0.00585225
v -0.02764983 -0.00501261 0.00597898
v -0.02774329 -0.00500651 0.00612500
v -0.02773274 -0.00497821 0.00594314
v -0.02754664 -0.00447951 0.00556250
v -0.02754664 -0.00471579 0.00561470
v -0.02764497 -0.00474301 0.00563786
v -0.02768634 -0.00485391 0.00572913
v -0.02754664 -0.00488527 0.00573548
v -0.02768983 -0.00486327 0.00573948
v -0.02771695 -0.00493590 0.00584375
v -0.02754664 -0.00496836 0.00584675
v -0.02761721 -0.00500377 0.00593426
v -0.02755319 0.00507007 0.00606465
v -0.02708920 0.00516281 0.00591644
v -0.02771153 0.00498272 0.00593417
v -0.02891094 0.00439758 0.00612500
v -0.02867634 0.00455062 0.00612500
v -0.02865886 0.00452222 0.00593417
v -0.02772306 0.00501401 0.00612500
v -0.02767587 0.00503115 0.00612500
v -0.02951940 0.00390819 0.00612500
v -0.02949665 0.00388379 0.00593417
v -0.02999164 0.00340719 0.00612500
v -0.03019198 0.00309257 0.00593417
v -0.03021910 0.00311200 0.00612500
v -0.03071744 0.00217968 0.00593417
v -0.03074785 0.00219337 0.00612500
v -0.03105238 0.00118103 0.00593417
v -0.03108493 0.00118845 0.00612500
v -0.03077727 -0.00212683 0.00612500
v -0.03085371 -0.00194115 0.00612500
v -0.03082263 -0.00192904 0.00593417
v -0.03113891 -0.00092030 0.00612500
v -0.03110604 -0.00091455 0.00593417
v -0.03117073 -0.00071477 0.00612500
v -0.03118366 0.00013591 0.00593417
v -0.03121699 0.00013676 0.00612500
v -0.03116569 0.00075109 0.00612500
v -0.02796408 -0.00488221 0.00593417
v -0.03037263 -0.00288564 0.00612500
v -0.03034456 -0.00286762 0.00593417
v -0.03001492 -0.00337886 0.00612500
v -0.02969064 -0.00369339 0.00593417
v -0.02971462 -0.00371659 0.00612500
v -0.02888660 -0.00437384 0.00593417
v -0.02890553 -0.00440131 0.00612500
v -0.02797721 -0.00491288 0.00612500
v -0.02783295 -0.00457576 0.00559768
v -0.02775591 -0.00439574 0.00556250
v -0.02869756 -0.00409930 0.00559768
v -0.02858652 -0.00393802 0.00556250
v -0.02945114 -0.00346155 0.00559768
v -0.02931046 -0.00332536 0.00556250
v -0.03006401 -0.00268762 0.00559768
v -0.02989920 -0.00258189 0.00556250
v -0.03051208 -0.00180795 0.00559768
v -0.03032965 -0.00173682 0.00556250
v -0.03077769 -0.00085715 0.00559768
v -0.03058480 -0.00082343 0.00556250
v -0.03085044 0.00012738 0.00559768
v -0.03065470 0.00012237 0.00556250
v -0.03072740 0.00110689 0.00559768
v -0.03053650 0.00106335 0.00556250
v -0.03041350 0.00204286 0.00559768
v -0.03023494 0.00196249 0.00556250
v -0.02992099 0.00289845 0.00559768
v -0.02976181 0.00278442 0.00556250
v -0.02926933 0.00364001 0.00559768
v -0.02913579 0.00349680 0.00556250
v -0.02848411 0.00423836 0.00559768
v -0.02838145 0.00407161 0.00556250
v -0.02759624 0.00466995 0.00559768
v -0.02752853 0.00448623 0.00556250
v -0.02664066 0.00491781 0.00559768
v -0.02661054 0.00472434 0.00556250
v -0.02667202 0.00511920 0.00572913
v -0.02643751 0.00515650 0.00573556
v -0.02643749 0.00495275 0.00560047
v -0.02643751 0.00522232 0.00581791
v -0.02766674 0.00486119 0.00572913
v -0.02859096 0.00441192 0.00572913
v -0.02940831 0.00378906 0.00572913
v -0.03008668 0.00301714 0.00572913
v -0.03059933 0.00212651 0.00572913
v -0.03092611 0.00115222 0.00572913
v -0.03105419 0.00013260 0.00572913
v -0.03097845 -0.00089225 0.00572913
v -0.03070195 -0.00188198 0.00572913
v -0.03023554 -0.00279768 0.00572913
v -0.02959757 -0.00360330 0.00572913
v -0.02881316 -0.00426716 0.00572913
v -0.02791312 -0.00476313 0.00572913
v -0.02643750 0.00474805 0.00556250
v -0.02720340 -0.00508186 0.00604615
v -0.02747489 -0.00506870 0.00606679
v -0.02771038 -0.00501867 0.00614413
v -0.02544605 -0.00447951 0.00556250
v -0.02050592 -0.00447951 0.00556250
v -0.02051631 -0.00462272 0.00558120
v -0.02410828 -0.00496837 0.00584675
v -0.02057480 -0.00482985 0.00568467
v -0.02066992 -0.00496837 0.00584674
v -0.02630397 -0.00447951 0.00556250
v -0.02587498 -0.00450000 0.00556289
v -0.02566882 -0.00449527 0.00556273
v -0.02073085 -0.00502530 -0.00607177
v -0.02079314 -0.00508186 -0.00617115
v -0.02410826 -0.00508186 -0.00617115
v -0.02772300 -0.00501404 -0.00627621
v -0.02773560 -0.00500937 -0.00628333
v -0.02865035 -0.00456652 -0.00628332
v -0.02894107 -0.00437664 -0.00628332
v -0.02770578 0.00502034 -0.00626658
v -0.02773560 0.00500937 -0.00628333
v -0.02865036 0.00456652 -0.00628332
v -0.02891095 0.00439758 -0.00628333
v -0.02952159 0.00390616 -0.00628332
v -0.02999164 0.00340719 -0.00628332
v -0.03024020 0.00308231 -0.00628333
v -0.03076257 0.00216043 -0.00628332
v -0.03077612 0.00212946 -0.00628333
v -0.03110693 0.00108749 -0.00628332
v -0.03116570 0.00075109 -0.00628333
v -0.03121876 0.00000000 -0.00628333
v -0.03117074 -0.00071476 -0.00628333
v -0.03110692 -0.00108749 -0.00628333
v -0.03077728 -0.00212683 -0.00628332
v -0.02952160 -0.00390615 -0.00628333
v -0.03001493 -0.00337886 -0.00628333
v -0.03024021 -0.00308231 -0.00628333
v -0.02073086 -0.00502529 0.00594677
v -0.02079313 -0.00508187 0.00604615
v -0.02410828 -0.00508186 0.00604615
v -0.02768757 -0.00413232 0.00727622
v -0.02767599 -0.00390363 0.00750924
v -0.02802882 -0.00354387 0.00766435
v -0.02760103 -0.00202541 0.00879106
v -0.02759551 -0.00182508 0.00887302
v -0.02794940 -0.00146475 0.00885675
v -0.02840408 0.00416131 0.00684113
v -0.02770782 0.00451114 0.00684155
v -0.02773561 0.00500937 0.00615832
v -0.02766285 0.00362769 0.00776433
v -0.02767624 0.00390809 0.00750487
v -0.02770450 0.00445051 0.00691554
v -0.02870496 0.00303139 0.00766435
v -0.02762362 0.00270584 0.00844039
v -0.02802883 0.00354387 0.00766436
v -0.02764837 0.00330758 0.00802800
v -0.02761539 0.00247580 0.00857189
v -0.02817180 0.00246028 0.00833673
v -0.02760154 0.00204371 0.00878310
v -0.02862441 0.00194138 0.00833673
v -0.02759621 0.00185084 0.00886300
v -0.02758486 -0.00137116 0.00902523
v -0.02757446 -0.00069274 0.00916974
v -0.02820407 -0.00101194 0.00885674
v -0.02757157 -0.00036168 0.00920550
v -0.02836126 -0.00051679 0.00885674
v -0.02757084 0.00000000 0.00921875
v -0.02841440 -0.00000000 0.00885674
v -0.02757156 0.00036253 0.00920544
v -0.02836126 0.00051679 0.00885674
v -0.02757478 0.00072158 0.00916555
v -0.02820406 0.00101194 0.00885674
v -0.02758235 0.00123393 0.00906230
v -0.02794941 0.00146475 0.00885675
v -0.02758534 0.00139535 0.00901827
v -0.02840407 -0.00416131 0.00684113
v -0.02770779 -0.00451124 0.00684143
v -0.02770537 -0.00446681 0.00689584
v -0.02773561 -0.00500937 0.00615832
v -0.02865036 -0.00456652 0.00615832
v -0.02894104 -0.00437664 0.00615833
v -0.02919802 -0.00355954 0.00684113
v -0.03064268 -0.00099099 0.00684113
v -0.03077726 -0.00212684 0.00615832
v -0.03034124 -0.00194050 0.00684113
v -0.03024022 -0.00308231 0.00615833
v -0.02985287 -0.00280880 0.00684113
v -0.03001493 -0.00337886 0.00615833
v -0.02952158 -0.00390616 0.00615832
v -0.03074458 0.00000000 0.00684113
v -0.03117074 -0.00071476 0.00615833
v -0.03110692 -0.00108749 0.00615832
v -0.03034121 0.00194050 0.00684113
v -0.03110691 0.00108749 0.00615832
v -0.03064268 0.00099099 0.00684113
v -0.03116571 0.00075109 0.00615833
v -0.03121876 0.00000000 0.00615833
v -0.02985285 0.00280880 0.00684113
v -0.03076255 0.00216042 0.00615832
v -0.03077612 0.00212946 0.00615832
v -0.02919801 0.00355954 0.00684113
v -0.02999165 0.00340719 0.00615833
v -0.03024020 0.00308231 0.00615833
v -0.02865034 0.00456651 0.00615832
v -0.02891096 0.00439758 0.00615833
v -0.02952160 0.00390616 0.00615833
v -0.02870496 -0.00303139 0.00766436
v -0.02926265 -0.00239204 0.00766435
v -0.02967854 -0.00165258 0.00766435
v -0.02993525 -0.00084395 0.00766435
v -0.03002204 -0.00000000 0.00766435
v -0.02993527 0.00084395 0.00766436
v -0.02967856 0.00165258 0.00766436
v -0.02926263 0.00239204 0.00766435
v -0.02764766 -0.00329155 0.00804036
v -0.02763528 -0.00300241 0.00825003
v -0.02817180 -0.00246028 0.00833673
v -0.02862441 -0.00194138 0.00833673
v -0.02896196 -0.00134123 0.00833673
v -0.02917031 -0.00068495 0.00833673
v -0.02924075 0.00000000 0.00833673
v -0.02917032 0.00068495 0.00833673
v -0.02896195 0.00134123 0.00833673
v -0.02762231 -0.00266972 0.00846194
v -0.02768771 0.00413571 -0.00739763
v -0.02767530 0.00389018 -0.00764733
v -0.02789746 0.00332773 -0.00802883
v -0.02759561 0.00182877 -0.00899660
v -0.02758274 0.00125901 -0.00918084
v -0.02765731 0.00125851 -0.00915461
v -0.02757684 -0.00089009 -0.00926268
v -0.02765731 -0.00125851 -0.00915461
v -0.02787614 -0.00086946 -0.00915461
v -0.02760861 -0.00227376 -0.00880132
v -0.02761639 -0.00250489 -0.00868100
v -0.02796122 -0.00223472 -0.00867678
v -0.02830178 -0.00399298 -0.00721344
v -0.02769654 -0.00430223 -0.00721421
v -0.02772100 -0.00475032 -0.00665630
v -0.02765912 -0.00354767 -0.00795838
v -0.02768786 -0.00413795 -0.00739522
v -0.02769078 -0.00419347 -0.00733533
v -0.02853235 -0.00284651 -0.00802884
v -0.02763181 -0.00291687 -0.00843241
v -0.02789746 -0.00332773 -0.00802884
v -0.02763688 -0.00303989 -0.00834920
v -0.02837235 -0.00176340 -0.00867679
v -0.02758976 -0.00159507 -0.00908087
v -0.02759583 -0.00183743 -0.00899324
v -0.02758190 0.00121261 -0.00919272
v -0.02757394 0.00064863 -0.00930082
v -0.02787614 0.00086946 -0.00915461
v -0.02757290 0.00053643 -0.00931443
v -0.02801120 0.00044402 -0.00915461
v -0.02757078 0.00000045 -0.00934377
v -0.02805686 0.00000000 -0.00915461
v -0.02757103 -0.00018493 -0.00934028
v -0.02801119 -0.00044402 -0.00915461
v -0.02757332 -0.00057551 -0.00930995
v -0.02757507 -0.00075060 -0.00928619
v -0.02763531 0.00300605 -0.00837258
v -0.02762098 0.00263393 -0.00860797
v -0.02796122 0.00223472 -0.00867679
v -0.02759989 0.00198514 -0.00893327
v -0.02837234 0.00176340 -0.00867679
v -0.02830179 0.00399299 -0.00721344
v -0.02770535 0.00446689 -0.00702076
v -0.02769644 0.00430181 -0.00721471
v -0.02906359 0.00341556 -0.00721344
v -0.02969195 0.00269518 -0.00721344
v -0.03016056 0.00186201 -0.00721344
v -0.03044981 0.00095090 -0.00721344
v -0.03054759 -0.00000000 -0.00721344
v -0.03044980 -0.00095091 -0.00721344
v -0.03016056 -0.00186201 -0.00721344
v -0.02969194 -0.00269519 -0.00721344
v -0.02906359 -0.00341556 -0.00721344
v -0.02867895 -0.00121827 -0.00867679
v -0.02886821 -0.00062215 -0.00867678
v -0.02893217 -0.00000000 -0.00867679
v -0.02886820 0.00062216 -0.00867679
v -0.02867894 0.00121827 -0.00867679
v -0.02905603 -0.00224615 -0.00802884
v -0.02944657 -0.00155179 -0.00802883
v -0.02968762 -0.00079248 -0.00802883
v -0.02976912 0.00000000 -0.00802884
v -0.02968763 0.00079248 -0.00802884
v -0.02944658 0.00155179 -0.00802884
v -0.02905602 0.00224615 -0.00802884
v -0.02853236 0.00284651 -0.00802883
v -0.02764694 0.00327762 -0.00817608
v -0.02643750 0.00480085 -0.00554687
v -0.02643750 0.00473806 -0.00562170
v -0.02643751 0.00465347 -0.00567054
v -0.02643751 0.00455728 -0.00568750
v -0.02643751 0.00487707 -0.00541486
v -0.02643750 0.00474179 0.00549351
v -0.02643749 0.00480084 0.00542187
v -0.02330494 0.00480084 0.00542188
v -0.02323847 0.00470277 0.00552194
v -0.02303631 0.00455728 0.00556250
v -0.02643749 0.00455727 0.00556250
v -0.02329438 0.00476628 0.00546945
v -0.02643749 0.00464884 0.00554718
v -0.02643750 0.00618750 -0.00006250
v -0.02643751 0.00603235 -0.00199616
v -0.02643751 0.00602354 -0.00204956
v -0.02643749 0.00556404 -0.00386509
v -0.02320929 0.00585973 0.00272845
v -0.02322219 0.00572632 0.00323005
v -0.02643749 0.00567078 0.00341469
v -0.02325642 0.00536595 0.00426635
v -0.02643750 0.00557906 0.00369638
v -0.02329298 0.00496864 0.00512040
v -0.02643749 0.00487706 0.00528986
v -0.02330125 0.00487707 0.00528986
v -0.02319784 0.00597804 0.00217933
v -0.02643750 0.00607598 0.00157969
v -0.02318832 0.00607598 0.00157971
v -0.02643751 0.00618685 0.00006391
v -0.02318249 0.00613548 0.00106172
v -0.02330238 0.00483895 0.00535589
v -0.02643751 0.00465758 0.00665526
v -0.02643751 0.00511783 -0.00611411
v -0.02643751 0.00413571 -0.00739763
v -0.02643751 0.00510243 0.00601366
v -0.02054364 0.00287804 0.00402933
v -0.02307508 0.00479611 0.00521296
v -0.02251115 0.00576208 0.00134340
v -0.02262934 0.00555961 0.00272810
v -0.02282045 0.00523225 0.00402933
v -0.02225131 0.00420845 0.00521296
v -0.02237169 0.00406863 0.00556250
v -0.02154784 0.00348108 0.00521296
v -0.02169160 0.00336543 0.00556250
v -0.02010990 0.00186289 0.00402933
v -0.01986760 0.00078590 0.00402933
v -0.01981641 0.00000000 0.00402933
v -0.01949173 0.00083507 0.00272810
v -0.01943735 0.00000000 0.00272811
v -0.01942372 -0.00000000 0.00266805
v -0.01925927 0.00086548 0.00134339
v -0.01920290 0.00000000 0.00134339
v -0.01914811 0.00000000 0.00070468
v -0.02192177 0.00459115 0.00402933
v -0.02167443 0.00487840 0.00272810
v -0.02152147 0.00505606 0.00134340
v -0.02115433 0.00379763 0.00402933
v -0.02085898 0.00403523 0.00272811
v -0.02021008 0.00305810 0.00272811
v -0.02067630 0.00418219 0.00134339
v -0.02000377 0.00316947 0.00134339
v -0.01974921 0.00197944 0.00272811
v -0.01952613 0.00205153 0.00134340
v -0.02770579 0.00502034 0.00614158
v -0.02772298 -0.00501404 0.00615121
v -0.00308595 0.00182879 -0.00899661
v -0.00310716 0.00230467 -0.00878600
v -0.00339607 0.00188139 -0.00877474
v -0.00472740 0.00261894 -0.00718977
v -0.00331421 0.00511782 -0.00611412
v -0.00403143 0.00452638 -0.00617765
v -0.00328260 0.00477336 -0.00662481
v -0.00322840 0.00413572 -0.00739762
v -0.00323582 0.00422706 -0.00729851
v -0.00359445 0.00403574 -0.00718977
v -0.00318918 0.00362701 -0.00789002
v -0.00364890 0.00291790 -0.00805714
v -0.00314644 0.00300604 -0.00837258
v -0.00314310 0.00295247 -0.00840881
v -0.00311754 0.00250786 -0.00867939
v -0.00408689 0.00226409 -0.00805713
v -0.00307851 0.00163419 -0.00906764
v -0.00366365 0.00128472 -0.00877474
v -0.00305854 0.00096048 -0.00924931
v -0.00382731 0.00065160 -0.00877474
v -0.00305246 0.00064864 -0.00930080
v -0.00304821 0.00028903 -0.00933524
v -0.00460586 0.00078415 -0.00805713
v -0.00440891 0.00154605 -0.00805714
v -0.00422079 0.00337522 -0.00718978
v -0.00473394 0.00378556 -0.00617764
v -0.00530214 0.00293733 -0.00617765
v 0.00121785 0.00070313 -0.00529375
v 0.00070312 0.00121785 -0.00529375
v -0.00000000 0.00140625 -0.00529375
v -0.00070312 0.00121785 -0.00529375
v -0.00121784 0.00070312 -0.00529375
v -0.00140625 0.00000000 -0.00529375
v -0.00121785 -0.00070312 -0.00529375
v -0.00070312 -0.00121785 -0.00529375
v -0.00000000 -0.00140625 -0.00529375
v 0.00070312 -0.00121785 -0.00529375
v 0.00121785 -0.00070313 -0.00529375
v 0.00140625 0.00000000 -0.00529375
v 0.00121785 -0.00070313 0.00516875
v 0.00070312 -0.00121785 0.00516875
v -0.00000000 -0.00140625 0.00516875
v -0.00070312 -0.00121785 0.00516875
v -0.00121785 -0.00070312 0.00516875
v -0.00140625 0.00000000 0.00516875
v -0.00121785 0.00070312 0.00516875
v -0.00070313 0.00121785 0.00516875
v -0.00000000 0.00140625 0.00516875
v 0.00070313 0.00121785 0.00516875
v 0.00121784 0.00070313 0.00516875
v 0.00140625 0.00000000 0.00516875
v 0.00000000 -0.00000000 0.00516875
v 0.00000001 -0.00000000 -0.00529375
v -0.00390452 0.00566323 0.00498782
v -0.00242682 0.00591973 0.00494135
v -0.00522993 0.00571351 0.00494136
v -0.00526017 0.00601363 0.00473845
v -0.00575504 0.00569144 0.00492742
v -0.00678135 0.00573688 0.00482810
v -0.00535440 0.00617576 0.00447429
v -0.00766013 0.00588863 0.00447429
v -0.00765678 0.00587880 0.00449831
v -0.00764371 0.00586577 0.00452986
v -0.00757276 0.00583551 0.00460211
v -0.00731252 0.00578636 0.00471660
v 0.00000001 0.00597618 0.00494135
v -0.00244086 0.00622104 0.00473845
v 0.00000000 0.00627781 0.00473845
v -0.00248468 0.00638999 0.00447429
v 0.00000001 0.00644863 0.00447429
v -0.00538867 0.00651110 0.00353652
v -0.00542441 0.00686074 0.00211834
v -0.00776828 0.00642064 0.00280131
v -0.00770736 0.00620607 0.00358765
v -0.00789329 0.00672905 0.00066810
v -0.00788239 0.00670587 0.00099706
v -0.00544241 0.00703686 0.00066804
v -0.00785905 0.00665411 0.00149636
v -0.00778569 0.00647072 0.00257957
v -0.00789973 0.00674232 0.00038011
v -0.00544240 0.00703686 -0.00079304
v -0.00789602 0.00673400 -0.00070123
v -0.00778010 0.00645460 -0.00277815
v -0.00778590 0.00647089 -0.00270381
v -0.00542441 0.00686074 -0.00224335
v -0.00785271 0.00663891 -0.00173943
v -0.00788821 0.00671762 -0.00097044
v -0.00770943 0.00621550 -0.00368221
v -0.00538869 0.00651110 -0.00366152
v -0.00766430 0.00594126 -0.00446763
v -0.00535440 0.00617576 -0.00459929
v -0.00766012 0.00588863 -0.00459929
v -0.00250057 0.00672670 0.00353652
v -0.00000000 0.00678571 0.00353652
v -0.00251715 0.00707777 0.00211835
v -0.00000000 0.00713718 0.00211835
v -0.00252550 0.00725461 0.00066803
v -0.00000000 0.00731421 0.00066804
v -0.00252552 0.00725461 -0.00079304
v -0.00000000 0.00731421 -0.00079304
v -0.00251716 0.00707777 -0.00224335
v 0.00000001 0.00713717 -0.00224335
v -0.00250060 0.00672670 -0.00366152
v 0.00000001 0.00678571 -0.00366152
v -0.00248467 0.00638999 -0.00459929
v -0.00000000 0.00644863 -0.00459929
v 0.00000000 0.00627781 -0.00486345
v -0.00000000 0.00597618 -0.00506635
v -0.00242687 0.00591973 -0.00506636
v -0.00244089 0.00622104 -0.00486345
v -0.00764370 0.00586562 -0.00465530
v -0.00757644 0.00583654 -0.00472479
v -0.00733222 0.00578904 -0.00483546
v -0.00526023 0.00601362 -0.00486345
v -0.00681126 0.00573891 -0.00494858
v -0.00580164 0.00569290 -0.00504929
v -0.00523002 0.00571350 -0.00506636
v -0.00399022 0.00566398 -0.00511118
v 0.00459344 -0.00103912 -0.00474531
v 0.00452222 -0.00157096 -0.00481319
v 0.00439390 -0.00209508 -0.00485078
v 0.00421102 -0.00260411 -0.00485794
v 0.00397614 -0.00309067 -0.00483451
v 0.00369182 -0.00354741 -0.00478035
v 0.00336194 -0.00396773 -0.00469613
v 0.00299182 -0.00434599 -0.00458342
v 0.00258690 -0.00467654 -0.00444386
v 0.00427131 -0.00383683 -0.00320475
v 0.00453863 -0.00304186 -0.00381525
v 0.00430117 -0.00347865 -0.00376698
v 0.00402024 -0.00388621 -0.00369909
v 0.00472989 -0.00258122 -0.00384340
v 0.00487326 -0.00210261 -0.00385134
v 0.00496705 -0.00161196 -0.00383903
v 0.00369978 -0.00425981 -0.00361264
v 0.00325086 -0.00460938 -0.00364281
v 0.00500599 -0.00111466 -0.00381580
v 0.00500962 -0.00111519 -0.00380640
v -0.00000001 -0.00550971 -0.00400397
v 0.00095332 -0.00542662 -0.00400398
v 0.00187787 -0.00517982 -0.00400398
v 0.00274578 -0.00477679 -0.00400397
v -0.00002026 -0.00603217 -0.00182272
v -0.00001200 -0.00601980 -0.00182061
v -0.00001288 -0.00602505 -0.00175000
v -0.00002246 -0.00601564 -0.00163786
v -0.00295452 -0.00563961 -0.00506535
v -0.00255061 -0.00553615 -0.00511756
v -0.00245317 -0.00555769 -0.00503175
v -0.00318629 -0.00573666 -0.00495197
v -0.00315079 -0.00571138 -0.00499264
v -0.00424012 -0.00285280 0.00834909
v -0.00434871 -0.00300262 0.00824991
v -0.00436260 -0.00302153 0.00823695
v -0.00483518 -0.00363313 0.00775965
v -0.00529887 -0.00419803 0.00720539
v -0.00530460 -0.00420483 0.00719796
v -0.00575616 -0.00473208 0.00655608
v -0.00609365 -0.00511401 0.00599521
v -0.00524362 -0.00413218 0.00727639
v -0.00392319 -0.00238912 0.00861794
v -0.00358566 -0.00182646 0.00887252
v -0.00354867 -0.00175789 0.00889849
v -0.00305253 -0.00017079 0.00921578
v -0.00313382 -0.00070099 0.00916856
v -0.00329560 -0.00121285 0.00906770
v -0.02076494 -0.00511006 -0.00612650
v -0.02011883 -0.00575618 -0.00491002
v -0.01999599 -0.00587902 -0.00462278
v -0.01952163 -0.00635336 -0.00319717
v -0.01945378 -0.00642122 -0.00292382
v -0.01918401 -0.00669099 -0.00128706
v -0.01916862 -0.00670636 -0.00111616
v -0.01914811 -0.00672690 0.00070468
v -0.01915794 -0.00671707 0.00085308
v -0.01942173 -0.00645327 0.00265911
v -0.01942376 -0.00645123 0.00266822
v -0.01993708 -0.00593793 0.00435111
v -0.01999407 -0.00588093 0.00449312
v -0.02076080 -0.00511419 0.00599492
v -0.02223443 0.00264503 -0.00568750
v -0.02159525 0.00139058 -0.00568750
v -0.02223443 -0.00264503 -0.00568750
v -0.02322998 -0.00364057 -0.00568750
v -0.02448444 -0.00427975 -0.00568750
v -0.02159524 -0.00139058 -0.00568750
v -0.02137501 0.00000000 -0.00568750
v -0.02726558 -0.00427975 -0.00568750
v -0.02951557 -0.00264504 -0.00568750
v -0.03015475 -0.00139058 -0.00568750
v -0.03015476 0.00139058 -0.00568750
v -0.03037499 -0.00000000 -0.00568750
v -0.02852004 0.00364058 -0.00568750
v -0.02951559 0.00264504 -0.00568750
v -0.02726559 0.00427976 -0.00568750
v -0.02852002 -0.00364058 -0.00568750
v -0.02322997 0.00364058 -0.00568750
v -0.02448441 0.00427975 -0.00568750
v -0.02587501 0.00450000 -0.00568750
v -0.02448441 -0.00427976 0.00556250
v -0.03015476 -0.00139058 0.00556250
v -0.02951558 -0.00264503 0.00556250
v -0.02159526 0.00139058 0.00556250
v -0.03015476 0.00139058 0.00556250
v -0.02951557 0.00264503 0.00556250
v -0.02852002 0.00364057 0.00556250
v -0.03037500 -0.00000000 0.00556250
v -0.02726557 0.00427975 0.00556250
v -0.02587499 0.00450000 0.00556250
v -0.02322996 -0.00364058 0.00556250
v -0.02223441 -0.00264504 0.00556250
v -0.02159525 -0.00139058 0.00556250
v -0.02137499 -0.00000000 0.00556250
v -0.02726559 -0.00427975 0.00556250
v -0.02852003 -0.00364058 0.00556250
v -0.02223444 0.00264504 0.00556250
v -0.02322998 0.00364058 0.00556250
v -0.02448442 0.00427975 0.00556250
v -0.02587501 0.00450000 -0.00606250
v -0.02726559 0.00427976 -0.00606250
v -0.02587500 -0.00000000 -0.00606250
v -0.02448441 0.00427975 -0.00606250
v -0.02159525 0.00139058 -0.00606250
v -0.02223443 0.00264503 -0.00606250
v -0.02322997 0.00364058 -0.00606250
v -0.02223443 -0.00264503 -0.00606250
v -0.02159524 -0.00139058 -0.00606250
v -0.02137501 0.00000000 -0.00606250
v -0.02587499 -0.00450000 -0.00606250
v -0.02448444 -0.00427975 -0.00606250
v -0.02322998 -0.00364057 -0.00606250
v -0.02951557 -0.00264504 -0.00606250
v -0.02852002 -0.00364058 -0.00606250
v -0.02726558 -0.00427975 -0.00606250
v -0.03015476 0.00139058 -0.00606250
v -0.03037499 -0.00000000 -0.00606250
v -0.03015475 -0.00139058 -0.00606250
v -0.02852004 0.00364058 -0.00606250
v -0.02951559 0.00264504 -0.00606250
v -0.02587500 -0.00450000 0.00593750
v -0.02726559 -0.00427975 0.00593750
v -0.02852003 -0.00364058 0.00593750
v -0.02951558 -0.00264503 0.00593750
v -0.03015476 -0.00139058 0.00593750
v -0.03037500 -0.00000000 0.00593750
v -0.03015477 0.00139058 0.00593750
v -0.02951557 0.00264503 0.00593750
v -0.02852002 0.00364057 0.00593750
v -0.02726557 0.00427975 0.00593750
v -0.02587499 0.00450000 0.00593750
v -0.02448442 0.00427975 0.00593750
v -0.02322998 0.00364058 0.00593750
v -0.02223444 0.00264504 0.00593750
v -0.02159526 0.00139058 0.00593750
v -0.02137499 -0.00000000 0.00593750
v -0.02159525 -0.00139058 0.00593750
v -0.02223441 -0.00264504 0.00593750
v -0.02322996 -0.00364058 0.00593750
v -0.02448441 -0.00427976 0.00593750
v -0.02587501 0.00000000 0.00593750
v -0.00986023 -0.00468394 -0.00651779
v -0.00984022 -0.00452592 -0.00640385
v -0.00986021 -0.00511733 -0.00585411
v -0.00984023 -0.00494967 -0.00575484
v -0.00986023 -0.00550193 -0.00513468
v -0.00984021 -0.00532640 -0.00505000
v -0.00986024 -0.00583444 -0.00436669
v -0.00984022 -0.00565261 -0.00429649
v -0.00986021 -0.00611154 -0.00355734
v -0.00984022 -0.00592484 -0.00350148
v -0.00986024 -0.00632995 -0.00271384
v -0.00984022 -0.00613961 -0.00267214
v -0.00986022 -0.00648741 -0.00184417
v -0.00984022 -0.00629453 -0.00181644
v -0.00986021 -0.00658282 -0.00095720
v -0.00984023 -0.00638847 -0.00094333
v -0.00986023 -0.00661520 -0.00006185
v -0.00984022 -0.00642039 -0.00006182
v -0.00986022 -0.00658354 0.00083295
v -0.00984023 -0.00638922 0.00081912
v -0.00986021 -0.00648723 0.00171839
v -0.00984021 -0.00629433 0.00169059
v -0.00986023 -0.00632806 0.00258642
v -0.00984022 -0.00613760 0.00254454
v -0.00986022 -0.00610874 0.00342924
v -0.00984023 -0.00592186 0.00337317
v -0.00986023 -0.00583195 0.00423907
v -0.00984023 -0.00564998 0.00416869
v -0.00986022 -0.00550043 0.00500812
v -0.00984023 -0.00532480 0.00492334
v -0.00986024 -0.00511685 0.00572862
v -0.00984022 -0.00494916 0.00562932
v -0.00986023 -0.00468394 0.00639279
v -0.00984022 -0.00452592 0.00627886
v -0.00991799 -0.00483583 -0.00662731
v -0.00991798 -0.00527847 -0.00594956
v -0.00991800 -0.00567064 -0.00521610
v -0.00991799 -0.00600919 -0.00443418
v -0.00991798 -0.00629098 -0.00361103
v -0.00991798 -0.00651290 -0.00275393
v -0.00991798 -0.00667278 -0.00187083
v -0.00991799 -0.00676961 -0.00097053
v -0.00991800 -0.00680243 -0.00006189
v -0.00991800 -0.00677030 0.00084623
v -0.00991799 -0.00667263 0.00174511
v -0.00991798 -0.00651111 0.00262667
v -0.00991800 -0.00628832 0.00348315
v -0.00991799 -0.00600684 0.00430674
v -0.00991798 -0.00566921 0.00508966
v -0.00991798 -0.00527802 0.00582411
v -0.00991800 -0.00483583 0.00650231
v -0.01001014 -0.00497616 -0.00672848
v -0.01001013 -0.00542734 -0.00603776
v -0.01001014 -0.00582648 -0.00529134
v -0.01001015 -0.00617061 -0.00449653
v -0.01001015 -0.00645674 -0.00366063
v -0.01001014 -0.00668190 -0.00279095
v -0.01001013 -0.00684403 -0.00189545
v -0.01001013 -0.00694217 -0.00098285
v -0.01001013 -0.00697540 -0.00006195
v -0.01001015 -0.00694283 0.00085849
v -0.01001013 -0.00684389 0.00176977
v -0.01001014 -0.00668021 0.00266387
v -0.01001015 -0.00645422 0.00353297
v -0.01001013 -0.00616838 0.00436927
v -0.01001014 -0.00582513 0.00516500
v -0.01001012 -0.00542691 0.00591233
v -0.01001014 -0.00497616 0.00660348
v -0.01013330 -0.00509948 -0.00681739
v -0.01013330 -0.00555815 -0.00611526
v -0.01013328 -0.00596343 -0.00535746
v -0.01013330 -0.00631247 -0.00455133
v -0.01013330 -0.00660240 -0.00370423
v -0.01013331 -0.00683041 -0.00282349
v -0.01013329 -0.00699452 -0.00191708
v -0.01013328 -0.00709381 -0.00099368
v -0.01013329 -0.00712740 -0.00006199
v -0.01013330 -0.00709444 0.00086926
v -0.01013328 -0.00699440 0.00179144
v -0.01013328 -0.00682881 0.00269654
v -0.01013331 -0.00660001 0.00357674
v -0.01013330 -0.00631034 0.00442423
v -0.01013328 -0.00596214 0.00523121
v -0.01013328 -0.00555774 0.00598987
v -0.01013328 -0.00509948 0.00669239
v -0.01028401 -0.00520039 -0.00689015
v -0.01028401 -0.00566521 -0.00617867
v -0.01028401 -0.00607551 -0.00541155
v -0.01028403 -0.00642856 -0.00459617
v -0.01028401 -0.00672162 -0.00373990
v -0.01028402 -0.00695195 -0.00285012
v -0.01028402 -0.00711768 -0.00193479
v -0.01028401 -0.00721791 -0.00100254
v -0.01028403 -0.00725179 -0.00006202
v -0.01028403 -0.00721852 0.00087808
v -0.01028402 -0.00711756 0.00180919
v -0.01028401 -0.00695042 0.00272329
v -0.01028403 -0.00671932 0.00361256
v -0.01028401 -0.00642652 0.00446919
v -0.01028402 -0.00607427 0.00528538
v -0.01028401 -0.00566481 0.00605330
v -0.01028403 -0.00520039 0.00676516
v -0.01045706 -0.00527500 -0.00694395
v -0.01045706 -0.00574437 -0.00622554
v -0.01045708 -0.00615839 -0.00545153
v -0.01045708 -0.00651441 -0.00462931
v -0.01045706 -0.00680977 -0.00376627
v -0.01045706 -0.00704182 -0.00286981
v -0.01045708 -0.00720874 -0.00194788
v -0.01045708 -0.00730966 -0.00100908
v -0.01045707 -0.00734377 -0.00006204
v -0.01045707 -0.00731026 0.00088461
v -0.01045707 -0.00720864 0.00182232
v -0.01045706 -0.00704034 0.00274306
v -0.01045708 -0.00680755 0.00363904
v -0.01045707 -0.00651244 0.00450242
v -0.01045706 -0.00615719 0.00532542
v -0.01045705 -0.00574399 0.00610019
v -0.01045707 -0.00527500 0.00681895
v -0.01064499 -0.00532122 -0.00697727
v -0.01064500 -0.00579340 -0.00625458
v -0.01064501 -0.00620973 -0.00547630
v -0.01064498 -0.00656759 -0.00464985
v -0.01064499 -0.00686437 -0.00378261
v -0.01064499 -0.00709749 -0.00288201
v -0.01064499 -0.00726516 -0.00195599
v -0.01064501 -0.00736650 -0.00101313
v -0.01064500 -0.00740075 -0.00006205
v -0.01064499 -0.00736710 0.00088866
v -0.01064498 -0.00726506 0.00183044
v -0.01064499 -0.00709605 0.00275531
v -0.01064501 -0.00686220 0.00365544
v -0.01064499 -0.00656566 0.00452301
v -0.01064501 -0.00620855 0.00535022
v -0.01064500 -0.00579303 0.00612924
v -0.01064499 -0.00532122 0.00685227
v -0.01084021 -0.00533707 -0.00698870
v -0.01084022 -0.00581020 -0.00626455
v -0.01084022 -0.00622731 -0.00548482
v -0.01084022 -0.00658579 -0.00465690
v -0.01084023 -0.00688307 -0.00378821
v -0.01084023 -0.00711656 -0.00288619
v -0.01084022 -0.00728448 -0.00195877
v -0.01084023 -0.00738597 -0.00101453
v -0.01084021 -0.00742027 -0.00006207
v -0.01084021 -0.00738656 0.00089002
v -0.01084023 -0.00728438 0.00183322
v -0.01084021 -0.00711512 0.00275951
v -0.01084023 -0.00688091 0.00366107
v -0.01084023 -0.00658387 0.00453009
v -0.01084021 -0.00622614 0.00535875
v -0.01084023 -0.00580982 0.00613922
v -0.01084022 -0.00533707 0.00686369
v -0.00987409 -0.00431726 -0.00625341
v -0.00987407 -0.00472831 -0.00562372
v -0.00987409 -0.00509464 -0.00493815
v -0.00987406 -0.00541256 -0.00420378
v -0.00987408 -0.00567833 -0.00342772
v -0.00987408 -0.00588828 -0.00261708
v -0.00987407 -0.00603986 -0.00177984
v -0.00987408 -0.00613185 -0.00092504
v -0.00987406 -0.00616315 -0.00006178
v -0.00987406 -0.00613264 0.00080085
v -0.00987408 -0.00603962 0.00165388
v -0.00987406 -0.00588612 0.00248922
v -0.00987408 -0.00567514 0.00329909
v -0.00987407 -0.00540974 0.00407572
v -0.00987407 -0.00509294 0.00481133
v -0.00987408 -0.00472776 0.00549815
v -0.00987408 -0.00431726 0.00612842
v -0.00997421 -0.00412034 -0.00611143
v -0.00997419 -0.00451940 -0.00549998
v -0.00997419 -0.00487594 -0.00483258
v -0.00997420 -0.00518601 -0.00411629
v -0.00997419 -0.00544570 -0.00335811
v -0.00997420 -0.00565111 -0.00256511
v -0.00997421 -0.00579953 -0.00174528
v -0.00997421 -0.00588969 -0.00090775
v -0.00997420 -0.00592041 -0.00006172
v -0.00997420 -0.00589053 0.00078364
v -0.00997418 -0.00579928 0.00161926
v -0.00997419 -0.00564881 0.00243703
v -0.00997420 -0.00544233 0.00322920
v -0.00997419 -0.00518303 0.00398798
v -0.00997420 -0.00487412 0.00470562
v -0.00997418 -0.00451883 0.00537436
v -0.00997420 -0.00412034 0.00598644
v -0.01012613 -0.00434866 -0.00539893
v -0.01012613 -0.00469716 -0.00474639
v -0.01012612 -0.00500083 -0.00404483
v -0.01012614 -0.00525556 -0.00330123
v -0.01012615 -0.00545726 -0.00252263
v -0.01012614 -0.00560311 -0.00171704
v -0.01012613 -0.00569179 -0.00089365
v -0.01012613 -0.00572204 -0.00006171
v -0.01012614 -0.00569264 0.00076951
v -0.01012614 -0.00560283 0.00159093
v -0.01012614 -0.00545483 0.00239438
v -0.01012612 -0.00525200 0.00317212
v -0.01012612 -0.00499769 0.00391636
v -0.01012614 -0.00469525 0.00461934
v -0.01012614 -0.00434805 0.00527329
v -0.01012613 -0.00395945 0.00587043
v -0.01154719 -0.00395258 -0.00599048
v -0.01170624 -0.00412034 -0.00611144
v -0.01170626 -0.00451940 -0.00549998
v -0.01154608 -0.00395168 0.00586483
v -0.01133765 -0.00382227 0.00577153
v -0.01154607 -0.00433986 0.00526835
v -0.01133765 -0.00420255 0.00518700
v -0.01154607 -0.00468670 0.00461510
v -0.01133763 -0.00454290 0.00454563
v -0.01154607 -0.00498883 0.00391284
v -0.01133764 -0.00483984 0.00385518
v -0.01154606 -0.00524290 0.00316933
v -0.01133764 -0.00508989 0.00312340
v -0.01154608 -0.00544554 0.00239234
v -0.01133763 -0.00528959 0.00235803
v -0.01154607 -0.00559341 0.00158960
v -0.01133764 -0.00543546 0.00156684
v -0.01154606 -0.00568314 0.00076889
v -0.01133765 -0.00552402 0.00075758
v -0.01154608 -0.00571251 -0.00006167
v -0.01133763 -0.00555299 -0.00006163
v -0.01154607 -0.00568228 -0.00089295
v -0.01133765 -0.00552313 -0.00088159
v -0.01154608 -0.00559368 -0.00171569
v -0.01133763 -0.00543575 -0.00169298
v -0.01154606 -0.00544797 -0.00252060
v -0.01133765 -0.00529210 -0.00248645
v -0.01154606 -0.00524645 -0.00329849
v -0.01133766 -0.00509357 -0.00325275
v -0.01154606 -0.00499197 -0.00404136
v -0.01133763 -0.00484309 -0.00398385
v -0.01154606 -0.00468860 -0.00474218
v -0.01133764 -0.00454487 -0.00467281
v -0.01154608 -0.00434046 -0.00539400
v -0.01133765 -0.00420317 -0.00531268
v -0.01109446 -0.00374148 0.00571328
v -0.01109445 -0.00411685 0.00513620
v -0.01109447 -0.00445315 0.00450225
v -0.01109447 -0.00474684 0.00381918
v -0.01109444 -0.00499440 0.00309472
v -0.01109447 -0.00519225 0.00233663
v -0.01109446 -0.00533687 0.00155265
v -0.01109445 -0.00542471 0.00075052
v -0.01109446 -0.00545342 -0.00006160
v -0.01109445 -0.00542380 -0.00087450
v -0.01109445 -0.00533717 -0.00167881
v -0.01109446 -0.00519481 -0.00246514
v -0.01109445 -0.00499815 -0.00322419
v -0.01109445 -0.00475016 -0.00394796
v -0.01109445 -0.00445516 -0.00462949
v -0.01109446 -0.00411748 -0.00526190
v -0.01083361 -0.00371456 0.00569387
v -0.01083360 -0.00408828 0.00511927
v -0.01083360 -0.00442324 0.00448779
v -0.01083361 -0.00471585 0.00380717
v -0.01083361 -0.00496257 0.00308516
v -0.01083360 -0.00515981 0.00232949
v -0.01083361 -0.00530401 0.00154792
v -0.01083361 -0.00539160 0.00074817
v -0.01083359 -0.00542023 -0.00006158
v -0.01083362 -0.00539069 -0.00087213
v -0.01083360 -0.00530431 -0.00167408
v -0.01083362 -0.00516239 -0.00245803
v -0.01083361 -0.00496635 -0.00321467
v -0.01083362 -0.00471919 -0.00393599
v -0.01083361 -0.00442526 -0.00461505
v -0.01083361 -0.00408892 -0.00524497
v -0.01057411 -0.00374428 0.00571529
v -0.01057412 -0.00411979 0.00513797
v -0.01057412 -0.00445622 0.00450377
v -0.01057411 -0.00475003 0.00382044
v -0.01057410 -0.00499767 0.00309572
v -0.01057411 -0.00519559 0.00233737
v -0.01057412 -0.00534025 0.00155312
v -0.01057411 -0.00542812 0.00075075
v -0.01057412 -0.00545684 -0.00006161
v -0.01057410 -0.00542722 -0.00087475
v -0.01057412 -0.00534056 -0.00167929
v -0.01057413 -0.00519816 -0.00246587
v -0.01057411 -0.00500143 -0.00322518
v -0.01057412 -0.00475335 -0.00394920
v -0.01057410 -0.00445824 -0.00463101
v -0.01057411 -0.00412043 -0.00526367
v -0.01033321 -0.00382847 0.00577599
v -0.01033323 -0.00420909 0.00519095
v -0.01033321 -0.00454973 0.00454902
v -0.01033321 -0.00484691 0.00385800
v -0.01033322 -0.00509716 0.00312563
v -0.01033321 -0.00529700 0.00235967
v -0.01033321 -0.00544298 0.00156790
v -0.01033322 -0.00553161 0.00075807
v -0.01033320 -0.00556060 -0.00006167
v -0.01033322 -0.00553073 -0.00088215
v -0.01033322 -0.00544328 -0.00169406
v -0.01033322 -0.00529952 -0.00248808
v -0.01033321 -0.00510085 -0.00325493
v -0.01033322 -0.00485016 -0.00398663
v -0.01033323 -0.00455170 -0.00467617
v -0.01033322 -0.00420972 -0.00531662
v -0.01170624 -0.00412034 0.00598644
v -0.01170625 -0.00451883 0.00537437
v -0.01170624 -0.00487415 0.00470564
v -0.01170623 -0.00518307 0.00398801
v -0.01170624 -0.00544239 0.00322924
v -0.01170623 -0.00564890 0.00243709
v -0.01170626 -0.00579937 0.00161933
v -0.01170624 -0.00589063 0.00078371
v -0.01170625 -0.00592052 -0.00006166
v -0.01170625 -0.00588979 -0.00090771
v -0.01170625 -0.00579961 -0.00174526
v -0.01170625 -0.00565117 -0.00256511
v -0.01170626 -0.00544574 -0.00335812
v -0.01170624 -0.00518604 -0.00411629
v -0.01170623 -0.00487595 -0.00483259
v -0.01133766 -0.00382227 -0.00589652
v -0.01109447 -0.00374148 -0.00583828
v -0.01083362 -0.00371456 -0.00581886
v -0.01057413 -0.00374427 -0.00584029
v -0.01033323 -0.00382847 -0.00590100
v -0.01012613 -0.00395945 -0.00599543
v -0.01183316 -0.00461697 -0.00646951
v -0.01178805 -0.00478451 -0.00659030
v -0.01183317 -0.00504626 -0.00581206
v -0.01178804 -0.00522401 -0.00591734
v -0.01183316 -0.00542753 -0.00509881
v -0.01178805 -0.00561361 -0.00518862
v -0.01183315 -0.00575738 -0.00433695
v -0.01178805 -0.00595011 -0.00441139
v -0.01183315 -0.00603242 -0.00353367
v -0.01178804 -0.00623033 -0.00359289
v -0.01183316 -0.00624930 -0.00269616
v -0.01178804 -0.00645107 -0.00274037
v -0.01183316 -0.00640570 -0.00183241
v -0.01178804 -0.00661014 -0.00186181
v -0.01183314 -0.00650050 -0.00095131
v -0.01178804 -0.00670649 -0.00096603
v -0.01183316 -0.00653269 -0.00006182
v -0.01178805 -0.00673916 -0.00006189
v -0.01183317 -0.00650124 0.00082711
v -0.01178806 -0.00670719 0.00084173
v -0.01183314 -0.00640553 0.00170664
v -0.01178805 -0.00660997 0.00173607
v -0.01183317 -0.00624737 0.00256870
v -0.01178805 -0.00644924 0.00261308
v -0.01183316 -0.00602955 0.00340551
v -0.01178803 -0.00622762 0.00346495
v -0.01183315 -0.00575484 0.00420928
v -0.01178805 -0.00594771 0.00428391
v -0.01183317 -0.00542599 0.00497222
v -0.01178805 -0.00561215 0.00506215
v -0.01183317 -0.00504577 0.00568656
v -0.01178804 -0.00522354 0.00579188
v -0.01183315 -0.00461697 0.00634450
v -0.01178803 -0.00478451 0.00646530
v -0.01183394 -0.00444539 -0.00634580
v -0.01183394 -0.00486424 -0.00570424
v -0.01183395 -0.00523696 -0.00500684
v -0.01183394 -0.00555998 -0.00426072
v -0.01183395 -0.00582973 -0.00347302
v -0.01183396 -0.00604265 -0.00265088
v -0.01183394 -0.00619630 -0.00180230
v -0.01183393 -0.00628951 -0.00093625
v -0.01183395 -0.00632119 -0.00006176
v -0.01183395 -0.00629028 0.00081211
v -0.01183395 -0.00619610 0.00167647
v -0.01183394 -0.00604060 0.00252323
v -0.01183394 -0.00582669 0.00334461
v -0.01183393 -0.00555730 0.00413284
v -0.01183393 -0.00523533 0.00488013
v -0.01183395 -0.00486372 0.00557871
v -0.01183395 -0.00444539 0.00622080
v -0.01179134 -0.00427733 -0.00622462
v -0.01179134 -0.00468594 -0.00559863
v -0.01179133 -0.00505030 -0.00491675
v -0.01179133 -0.00536664 -0.00418605
v -0.01179133 -0.00563119 -0.00341361
v -0.01179132 -0.00584024 -0.00260653
v -0.01179134 -0.00599119 -0.00177281
v -0.01179134 -0.00608284 -0.00092149
v -0.01179131 -0.00611403 -0.00006171
v -0.01179132 -0.00608365 0.00079742
v -0.01179134 -0.00599098 0.00164693
v -0.01179133 -0.00583807 0.00247870
v -0.01179132 -0.00562799 0.00328496
v -0.01179134 -0.00536380 0.00405796
v -0.01179132 -0.00504858 0.00478991
v -0.01179132 -0.00468540 0.00547306
v -0.01179133 -0.00427733 0.00609963
v -0.00988247 -0.00443544 0.00672294
v -0.00986216 -0.00428081 0.00660451
v -0.00994751 -0.00417285 0.00704398
v -0.00992625 -0.00402192 0.00692101
v -0.01005272 -0.00390105 0.00734961
v -0.01002999 -0.00375395 0.00722232
v -0.01019542 -0.00362495 0.00763372
v -0.01017077 -0.00348162 0.00750253
v -0.01037190 -0.00334952 0.00789286
v -0.01034507 -0.00320963 0.00775844
v -0.01057769 -0.00307978 0.00812585
v -0.01054873 -0.00294266 0.00798904
v -0.01081656 -0.00281692 0.00833435
v -0.01078596 -0.00268156 0.00819616
v -0.01110685 -0.00255541 0.00852492
v -0.01107584 -0.00242046 0.00838643
v -0.00994035 -0.00458653 0.00683351
v -0.01000574 -0.00432275 0.00715597
v -0.01011145 -0.00404962 0.00746311
v -0.01025480 -0.00377223 0.00774855
v -0.01043189 -0.00349584 0.00800861
v -0.01063796 -0.00322578 0.00824188
v -0.01087615 -0.00296368 0.00844978
v -0.01116363 -0.00270461 0.00863859
v -0.01003242 -0.00472856 0.00693238
v -0.01009753 -0.00446611 0.00725319
v -0.01020283 -0.00419411 0.00755907
v -0.01034558 -0.00391788 0.00784332
v -0.01052175 -0.00364294 0.00810201
v -0.01072625 -0.00337494 0.00833350
v -0.01096151 -0.00311602 0.00853890
v -0.01124320 -0.00286205 0.00872403
v -0.01015530 -0.00485603 0.00701574
v -0.01021955 -0.00459736 0.00733188
v -0.01032346 -0.00432895 0.00763371
v -0.01046436 -0.00405630 0.00791428
v -0.01063805 -0.00378519 0.00816938
v -0.01083926 -0.00352157 0.00839711
v -0.01106950 -0.00326813 0.00859818
v -0.01134265 -0.00302173 0.00877782
v -0.01030551 -0.00496347 0.00707978
v -0.01036831 -0.00471101 0.00738828
v -0.01046990 -0.00444863 0.00768334
v -0.01060772 -0.00418195 0.00795778
v -0.01077747 -0.00391696 0.00820712
v -0.01097366 -0.00365996 0.00842914
v -0.01119692 -0.00341421 0.00862412
v -0.01145896 -0.00317765 0.00879662
v -0.01047784 -0.00504676 0.00712200
v -0.01053863 -0.00480275 0.00742014
v -0.01063704 -0.00454865 0.00770590
v -0.01077064 -0.00429011 0.00797195
v -0.01093512 -0.00403335 0.00821356
v -0.01112475 -0.00378498 0.00842814
v -0.01133924 -0.00354887 0.00861548
v -0.01158811 -0.00332406 0.00877943
v -0.01066491 -0.00510341 0.00714143
v -0.01072317 -0.00486969 0.00742697
v -0.01081769 -0.00462570 0.00770135
v -0.01094613 -0.00437711 0.00795717
v -0.01110424 -0.00413030 0.00818942
v -0.01128607 -0.00389218 0.00839515
v -0.01149046 -0.00366721 0.00857365
v -0.01172458 -0.00345557 0.00872803
v -0.01085912 -0.00513104 0.00713718
v -0.01091457 -0.00490901 0.00740840
v -0.01100461 -0.00467657 0.00766979
v -0.01112719 -0.00443934 0.00791391
v -0.01127805 -0.00420381 0.00813557
v -0.01145120 -0.00397713 0.00833141
v -0.01164449 -0.00376437 0.00850022
v -0.01186288 -0.00356678 0.00864438
v -0.00989564 -0.00407918 0.00644221
v -0.00999427 -0.00389546 0.00628524
v -0.00995752 -0.00382905 0.00674802
v -0.01005308 -0.00365773 0.00657590
v -0.01005783 -0.00356999 0.00703929
v -0.01014855 -0.00341115 0.00685313
v -0.01019409 -0.00330637 0.00731053
v -0.01027851 -0.00315976 0.00711176
v -0.01036318 -0.00304257 0.00755873
v -0.01044011 -0.00290767 0.00734895
v -0.01056121 -0.00278295 0.00778298
v -0.01062976 -0.00265904 0.00756371
v -0.01079276 -0.00252811 0.00798512
v -0.01085207 -0.00241438 0.00775776
v -0.01107726 -0.00227196 0.00817177
v -0.01112597 -0.00216779 0.00793744
v -0.01174958 -0.00387453 0.00629882
v -0.01172574 -0.00340243 0.00650711
v -0.01187939 -0.00358869 0.00660614
v -0.01197486 -0.00343981 0.00674623
v -0.01020765 -0.00352068 0.00641693
v -0.01015264 -0.00374314 0.00614493
v -0.01029720 -0.00328940 0.00667695
v -0.01075080 -0.00258065 0.00734647
v -0.01057173 -0.00281538 0.00714372
v -0.01096089 -0.00234947 0.00752982
v -0.01111077 -0.00233614 0.00731636
v -0.01135231 -0.00369301 0.00594572
v -0.01111200 -0.00359917 0.00590428
v -0.01085418 -0.00355581 0.00590470
v -0.01059743 -0.00356681 0.00594756
v -0.01035860 -0.00363137 0.00602996
v -0.01206520 -0.00296030 0.00689093
v -0.01220543 -0.00316360 0.00697539
v -0.01225203 -0.00311847 0.00700917
v -0.01221144 -0.00283451 0.00698662
v -0.01205001 -0.00262394 0.00696874
v -0.01189131 -0.00276740 0.00686413
v -0.01199126 -0.00255776 0.00697722
v -0.01169503 -0.00259801 0.00689760
v -0.01187240 -0.00243788 0.00701433
v -0.01148990 -0.00246354 0.00698864
v -0.01173414 -0.00231942 0.00708753
v -0.01121973 -0.00211644 0.00769960
v -0.01126790 -0.00211128 0.00760777
v -0.01135107 -0.00211974 0.00747402
v -0.01129079 -0.00237430 0.00713138
v -0.01148413 -0.00216415 0.00730406
v -0.01168807 -0.00228482 0.00711888
v -0.01175368 -0.00291878 0.00674408
v -0.01154477 -0.00276328 0.00676655
v -0.01141434 -0.00293410 0.00661896
v -0.01132507 -0.00264487 0.00684485
v -0.01118321 -0.00283072 0.00668428
v -0.01111045 -0.00257272 0.00697403
v -0.01095610 -0.00277497 0.00679932
v -0.01091501 -0.00255155 0.00714553
v -0.01074801 -0.00277044 0.00695645
v -0.01041943 -0.00305299 0.00692016
v -0.01233796 -0.00304337 0.00706314
v -0.01177400 -0.00380561 0.00637796
v -0.01159196 -0.00369704 0.00619037
v -0.01049243 -0.00321158 0.00652209
v -0.01060610 -0.00299182 0.00674815
v -0.01072021 -0.00318207 0.00639850
v -0.01082500 -0.00297949 0.00660688
v -0.01096633 -0.00320492 0.00631588
v -0.01106260 -0.00301890 0.00650721
v -0.01121460 -0.00327869 0.00627972
v -0.01130318 -0.00310751 0.00645577
v -0.01144713 -0.00339734 0.00629201
v -0.01152946 -0.00323826 0.00645561
v -0.01193734 -0.00310094 0.00677941
v -0.01208182 -0.00329977 0.00686732
v -0.01040944 -0.00342590 0.00628116
v -0.01064396 -0.00337892 0.00617723
v -0.01089659 -0.00338492 0.00611356
v -0.01115069 -0.00344358 0.00609438
v -0.01138796 -0.00354995 0.00612048
v -0.01234570 -0.00371843 0.00756660
v -0.01235149 -0.00361713 0.00737981
v -0.01220292 -0.00387426 0.00744259
v -0.01222802 -0.00375318 0.00727108
v -0.01205537 -0.00407147 0.00727047
v -0.01241440 -0.00321040 0.00716781
v -0.01221525 -0.00361260 0.00711359
v -0.01216598 -0.00345906 0.00697664
v -0.01196358 -0.00374807 0.00671637
v -0.01201577 -0.00405575 0.00699861
v -0.01187823 -0.00419590 0.00653808
v -0.01187925 -0.00435697 0.00667515
v -0.01184506 -0.00432772 0.00637697
v -0.01184474 -0.00449424 0.00650739
v -0.01183483 -0.00403263 0.00641081
v -0.01246230 -0.00336471 0.00730433
v -0.01200969 -0.00390574 0.00684962
v -0.01248020 -0.00349986 0.00746606
v -0.01246666 -0.00360941 0.00764637
v -0.01198058 -0.00419130 0.00715703
v -0.01185601 -0.00445324 0.00688020
v -0.01180033 -0.00465402 0.00663848
v -0.01356709 -0.00308135 0.00897077
v -0.01347448 -0.00322110 0.00886870
v -0.01320419 -0.00312499 0.00892492
v -0.01374793 -0.00337307 0.00877444
v -0.01386781 -0.00324821 0.00886724
v -0.01398659 -0.00310387 0.00892720
v -0.01365933 -0.00292243 0.00903990
v -0.01409966 -0.00294582 0.00895215
v -0.01204679 -0.00257224 0.00906902
v -0.01231677 -0.00267305 0.00911916
v -0.01212738 -0.00275039 0.00907355
v -0.01256586 -0.00279862 0.00911212
v -0.01293757 -0.00309230 0.00894333
v -0.01267103 -0.00312497 0.00892487
v -0.01277728 -0.00294222 0.00905142
v -0.01261849 -0.00297132 0.00903505
v -0.01240030 -0.00322116 0.00886858
v -0.01230757 -0.00308140 0.00897083
v -0.01221552 -0.00292228 0.00903999
v -0.01142969 -0.00216117 0.00856036
v -0.01145915 -0.00229789 0.00869804
v -0.01151165 -0.00245014 0.00880963
v -0.01158367 -0.00261310 0.00889132
v -0.01167252 -0.00278053 0.00893986
v -0.01177546 -0.00294622 0.00895205
v -0.01188882 -0.00310408 0.00892711
v -0.01200789 -0.00324821 0.00886717
v -0.01212704 -0.00337298 0.00877456
v -0.01401211 -0.00356678 0.00864438
v -0.01415042 -0.00345558 0.00872802
v -0.01428689 -0.00332407 0.00877943
v -0.01441604 -0.00317764 0.00879662
v -0.01453234 -0.00302173 0.00877782
v -0.01263739 -0.00169935 0.00883741
v -0.01293754 -0.00168214 0.00884695
v -0.01293704 -0.00182459 0.00898145
v -0.01323771 -0.00169991 0.00883696
v -0.01322881 -0.00184252 0.00897109
v -0.01352164 -0.00175160 0.00880793
v -0.01350546 -0.00189327 0.00894249
v -0.01378423 -0.00183075 0.00876264
v -0.01376242 -0.00197021 0.00889855
v -0.01402486 -0.00192895 0.00870464
v -0.01399891 -0.00206644 0.00884175
v -0.01444529 -0.00216148 0.00855994
v -0.01441498 -0.00229696 0.00869815
v -0.01479915 -0.00242046 0.00838643
v -0.01476814 -0.00255541 0.00852492
v -0.01209082 -0.00182999 0.00876332
v -0.01235346 -0.00175081 0.00880859
v -0.01236890 -0.00189309 0.00894251
v -0.01264497 -0.00184298 0.00897100
v -0.01265847 -0.00200870 0.00907460
v -0.01293711 -0.00199121 0.00908453
v -0.01293722 -0.00217446 0.00915418
v -0.01321554 -0.00200828 0.00907469
v -0.01319790 -0.00219041 0.00914501
v -0.01348030 -0.00205685 0.00904731
v -0.01344678 -0.00223607 0.00911927
v -0.01372734 -0.00213091 0.00900500
v -0.01368044 -0.00230617 0.00907919
v -0.01395616 -0.00222407 0.00895001
v -0.01389858 -0.00239503 0.00902674
v -0.01436269 -0.00244929 0.00880975
v -0.01429090 -0.00261236 0.00889145
v -0.01471137 -0.00270461 0.00863859
v -0.01463179 -0.00286205 0.00872402
v -0.01420232 -0.00277995 0.00893998
v -0.01374761 -0.00275075 0.00907343
v -0.01382834 -0.00257277 0.00906888
v -0.01355823 -0.00267350 0.00911903
v -0.01362345 -0.00248928 0.00911816
v -0.01335988 -0.00261389 0.00915320
v -0.01340620 -0.00242405 0.00915550
v -0.01315234 -0.00257582 0.00917467
v -0.01317663 -0.00238192 0.00917925
v -0.01293750 -0.00256272 0.00918212
v -0.01293736 -0.00236731 0.00918761
v -0.01269808 -0.00238220 0.00917918
v -0.01267642 -0.00219077 0.00914493
v -0.01242786 -0.00223593 0.00911929
v -0.01239418 -0.00205669 0.00904733
v -0.01214795 -0.00212990 0.00900519
v -0.01211302 -0.00196910 0.00889874
v -0.01187657 -0.00206554 0.00884193
v -0.01185016 -0.00192831 0.00870528
v -0.01348705 -0.00285210 0.00908141
v -0.01325698 -0.00297132 0.00903503
v -0.01330944 -0.00279866 0.00911211
v -0.01309851 -0.00294225 0.00905145
v -0.01312596 -0.00276499 0.00913110
v -0.01293770 -0.00293246 0.00905690
v -0.01293763 -0.00275352 0.00913757
v -0.01274953 -0.00276508 0.00913106
v -0.01272275 -0.00257600 0.00917461
v -0.01251520 -0.00261381 0.00915321
v -0.01246865 -0.00242393 0.00915552
v -0.01225164 -0.00248860 0.00911832
v -0.01219474 -0.00230531 0.00907937
v -0.01197665 -0.00239434 0.00902690
v -0.01191916 -0.00222326 0.00895018
v -0.01142625 -0.00201622 0.00834331
v -0.01146404 -0.00192011 0.00810357
v -0.01184411 -0.00178474 0.00848737
v -0.01187004 -0.00169509 0.00824359
v -0.01208482 -0.00168638 0.00854542
v -0.01210458 -0.00159926 0.00830014
v -0.01234861 -0.00160690 0.00859087
v -0.01236202 -0.00152175 0.00834447
v -0.01263463 -0.00155514 0.00861986
v -0.01264146 -0.00147125 0.00837276
v -0.01293756 -0.00153783 0.00862945
v -0.01293758 -0.00145439 0.00838211
v -0.01324048 -0.00155575 0.00861937
v -0.01323370 -0.00147190 0.00837226
v -0.01352649 -0.00160778 0.00859016
v -0.01351314 -0.00152268 0.00834374
v -0.01379023 -0.00168723 0.00854469
v -0.01377053 -0.00160017 0.00829940
v -0.01403093 -0.00178546 0.00848668
v -0.01400500 -0.00169589 0.00824287
v -0.01444872 -0.00201659 0.00834285
v -0.01441095 -0.00192053 0.00810309
v -0.01479774 -0.00227196 0.00817176
v -0.01474904 -0.00216779 0.00793744
v -0.01310980 -0.00252352 0.00718069
v -0.01305645 -0.00277350 0.00723546
v -0.01319914 -0.00282405 0.00720547
v -0.01263375 -0.00203155 0.00727127
v -0.01235401 -0.00212995 0.00721384
v -0.01247448 -0.00235149 0.00714545
v -0.01321712 -0.00145560 0.00811274
v -0.01394815 -0.00166734 0.00799044
v -0.01433362 -0.00188136 0.00785717
v -0.01422306 -0.00189991 0.00762141
v -0.01258397 -0.00258843 0.00714285
v -0.01225553 -0.00247321 0.00706978
v -0.01239562 -0.00269314 0.00707762
v -0.01165095 -0.00190040 0.00762143
v -0.01178695 -0.00197410 0.00741148
v -0.01194004 -0.00210041 0.00724270
v -0.01210008 -0.00227108 0.00712624
v -0.01154024 -0.00188208 0.00785714
v -0.01366363 -0.00283443 0.00698660
v -0.01382499 -0.00262394 0.00696875
v -0.01361980 -0.00247382 0.00706963
v -0.01388373 -0.00255778 0.00697722
v -0.01377483 -0.00227141 0.00712612
v -0.01400260 -0.00243788 0.00701434
v -0.01393450 -0.00210045 0.00724261
v -0.01414085 -0.00231943 0.00708753
v -0.01465526 -0.00211644 0.00769960
v -0.01460711 -0.00211129 0.00760780
v -0.01452395 -0.00211975 0.00747403
v -0.01408729 -0.00197385 0.00741143
v -0.01439086 -0.00216416 0.00730408
v -0.01418692 -0.00228484 0.00711889
v -0.01364461 -0.00193884 0.00734293
v -0.01376180 -0.00179272 0.00752402
v -0.01357744 -0.00171769 0.00756831
v -0.01386509 -0.00170092 0.00774523
v -0.01365980 -0.00161740 0.00779452
v -0.01372568 -0.00157685 0.00804384
v -0.01348161 -0.00150409 0.00808541
v -0.01353702 -0.00304337 0.00706314
v -0.01348008 -0.00269399 0.00707746
v -0.01340048 -0.00235096 0.00714558
v -0.01352118 -0.00212969 0.00721393
v -0.01317270 -0.00227069 0.00719259
v -0.01324149 -0.00203149 0.00727130
v -0.01309199 -0.00200413 0.00728674
v -0.01331147 -0.00182213 0.00741099
v -0.01312854 -0.00178865 0.00742988
v -0.01337758 -0.00165825 0.00760236
v -0.01316304 -0.00161896 0.00762452
v -0.01343547 -0.00155060 0.00783272
v -0.01319317 -0.00150620 0.00785776
v -0.01293706 -0.00143811 0.00812282
v -0.01265653 -0.00145598 0.00811268
v -0.01239273 -0.00150396 0.00808541
v -0.01214998 -0.00157597 0.00804393
v -0.01192753 -0.00166661 0.00799053
v -0.01329077 -0.00258766 0.00714301
v -0.01336452 -0.00291727 0.00714818
v -0.01270276 -0.00227081 0.00719256
v -0.01276591 -0.00252368 0.00718067
v -0.01293788 -0.00250195 0.00719264
v -0.01293783 -0.00275814 0.00724378
v -0.01293773 -0.00224159 0.00720885
v -0.01293760 -0.00199416 0.00729228
v -0.01278320 -0.00200400 0.00728679
v -0.01293748 -0.00177645 0.00743676
v -0.01274622 -0.00178866 0.00742990
v -0.01256355 -0.00182215 0.00741097
v -0.01223081 -0.00193882 0.00734289
v -0.01293732 -0.00160468 0.00763265
v -0.01271129 -0.00161911 0.00762451
v -0.01249718 -0.00165821 0.00760234
v -0.01229815 -0.00171735 0.00756830
v -0.01211375 -0.00179243 0.00752403
v -0.01293715 -0.00149012 0.00786698
v -0.01268074 -0.00150648 0.00785773
v -0.01243902 -0.00155051 0.00783271
v -0.01221583 -0.00161677 0.00779456
v -0.01201054 -0.00170039 0.00774529
v -0.01281890 -0.00277353 0.00723547
v -0.01267595 -0.00282407 0.00720545
v -0.01251044 -0.00291722 0.00714819
v -0.01264414 -0.00337973 0.00754718
v -0.01263625 -0.00348519 0.00773014
v -0.01278702 -0.00329929 0.00759643
v -0.01278348 -0.00340229 0.00778069
v -0.01288522 -0.00326399 0.00761771
v -0.01288467 -0.00336590 0.00780256
v -0.01293779 -0.00325658 0.00762142
v -0.01293752 -0.00335814 0.00780700
v -0.01299011 -0.00326395 0.00761770
v -0.01299089 -0.00336565 0.00780285
v -0.01308801 -0.00329924 0.00759646
v -0.01309147 -0.00340198 0.00778115
v -0.01323077 -0.00337978 0.00754718
v -0.01323891 -0.00348504 0.00772998
v -0.01339477 -0.00349986 0.00746606
v -0.01340834 -0.00360941 0.00764637
v -0.01262493 -0.00324565 0.00738471
v -0.01276946 -0.00316426 0.00743457
v -0.01287409 -0.00312687 0.00745704
v -0.01293779 -0.00311811 0.00746153
v -0.01300119 -0.00312682 0.00745704
v -0.01310560 -0.00316421 0.00743460
v -0.01324997 -0.00324571 0.00738471
v -0.01341269 -0.00336471 0.00730433
v -0.01257990 -0.00308933 0.00724951
v -0.01273202 -0.00300366 0.00730206
v -0.01285176 -0.00296113 0.00732748
v -0.01293780 -0.00294968 0.00733352
v -0.01302354 -0.00296110 0.00732747
v -0.01314303 -0.00300362 0.00730208
v -0.01329503 -0.00308938 0.00724950
v -0.01346058 -0.00321040 0.00716781
v -0.01438368 -0.00366716 0.00857320
v -0.01423293 -0.00376571 0.00849953
v -0.01458835 -0.00389251 0.00839432
v -0.01442955 -0.00398033 0.00832987
v -0.01477109 -0.00413056 0.00818948
v -0.01460161 -0.00420658 0.00813451
v -0.01492812 -0.00437651 0.00795719
v -0.01474870 -0.00444032 0.00791279
v -0.01505562 -0.00462466 0.00770048
v -0.01486889 -0.00467633 0.00766810
v -0.01515047 -0.00486890 0.00742616
v -0.01495883 -0.00490854 0.00740715
v -0.01520960 -0.00510314 0.00714112
v -0.01501524 -0.00513083 0.00713674
v -0.01522999 -0.00532122 0.00685227
v -0.01503479 -0.00533706 0.00686370
v -0.01505702 -0.00281675 0.00833394
v -0.01508758 -0.00268137 0.00819584
v -0.01529610 -0.00308001 0.00812495
v -0.01532501 -0.00294282 0.00798832
v -0.01550286 -0.00334961 0.00789271
v -0.01552953 -0.00320958 0.00775841
v -0.01567839 -0.00362421 0.00763342
v -0.01570284 -0.00348077 0.00750229
v -0.01582062 -0.00390014 0.00734836
v -0.01584324 -0.00375299 0.00722108
v -0.01592628 -0.00417222 0.00704290
v -0.01594751 -0.00402128 0.00691994
v -0.01599210 -0.00443523 0.00672254
v -0.01601242 -0.00428060 0.00660411
v -0.01601476 -0.00468394 0.00639279
v -0.01603478 -0.00452592 0.00627886
v -0.01499749 -0.00296352 0.00844935
v -0.01523591 -0.00322602 0.00824097
v -0.01544296 -0.00349593 0.00800848
v -0.01561907 -0.00377149 0.00774828
v -0.01576187 -0.00404868 0.00746187
v -0.01586803 -0.00432210 0.00715489
v -0.01593419 -0.00458630 0.00683311
v -0.01595701 -0.00483583 0.00650231
v -0.01491217 -0.00311589 0.00853846
v -0.01514772 -0.00337521 0.00833260
v -0.01535322 -0.00364305 0.00810193
v -0.01552837 -0.00391714 0.00784310
v -0.01567048 -0.00419314 0.00755785
v -0.01577621 -0.00446543 0.00725213
v -0.01584213 -0.00472833 0.00693199
v -0.01586486 -0.00497616 0.00660348
v -0.01480427 -0.00326802 0.00859772
v -0.01503482 -0.00352186 0.00839621
v -0.01523699 -0.00378531 0.00816936
v -0.01540967 -0.00405557 0.00791412
v -0.01554984 -0.00432797 0.00763255
v -0.01565419 -0.00459666 0.00733084
v -0.01571927 -0.00485579 0.00701535
v -0.01574171 -0.00509948 0.00669240
v -0.01467699 -0.00341412 0.00862366
v -0.01490054 -0.00366026 0.00842826
v -0.01509766 -0.00391711 0.00820713
v -0.01526639 -0.00418124 0.00795768
v -0.01540341 -0.00444763 0.00768225
v -0.01550541 -0.00471029 0.00738730
v -0.01556902 -0.00496322 0.00707941
v -0.01559098 -0.00520039 0.00676515
v -0.01453476 -0.00354881 0.00861501
v -0.01474959 -0.00378530 0.00842727
v -0.01494012 -0.00403355 0.00821360
v -0.01510357 -0.00428945 0.00797191
v -0.01523627 -0.00454763 0.00770491
v -0.01533506 -0.00480200 0.00741924
v -0.01539667 -0.00504650 0.00712166
v -0.01541794 -0.00527500 0.00681895
v -0.01508078 -0.00252791 0.00798482
v -0.01502151 -0.00241417 0.00775750
v -0.01531248 -0.00278310 0.00778229
v -0.01524395 -0.00265918 0.00756306
v -0.01551135 -0.00304254 0.00755868
v -0.01543435 -0.00290769 0.00734887
v -0.01567945 -0.00330556 0.00731028
v -0.01559499 -0.00315903 0.00711153
v -0.01581540 -0.00356907 0.00703813
v -0.01572466 -0.00341027 0.00685207
v -0.01591625 -0.00382843 0.00674701
v -0.01582070 -0.00365712 0.00657499
v -0.01597894 -0.00407897 0.00644184
v -0.01588031 -0.00389526 0.00628490
v -0.01600051 -0.00431602 0.00612752
v -0.01590081 -0.00412034 0.00598644
v -0.01512293 -0.00258080 0.00734586
v -0.01366923 -0.00316356 0.00697522
v -0.01545407 -0.00305236 0.00691995
v -0.01530270 -0.00281549 0.00714360
v -0.01566609 -0.00352007 0.00641614
v -0.01557599 -0.00328854 0.00667604
v -0.01428159 -0.00369626 0.00619035
v -0.01412392 -0.00387371 0.00629884
v -0.01416396 -0.00404655 0.00608564
v -0.01572194 -0.00374294 0.00614464
v -0.01551595 -0.00363116 0.00602971
v -0.01380936 -0.00296024 0.00689077
v -0.01398307 -0.00276731 0.00686397
v -0.01393727 -0.00310122 0.00677902
v -0.01476301 -0.00233595 0.00731615
v -0.01458312 -0.00237413 0.00713120
v -0.01438416 -0.00246338 0.00698848
v -0.01417922 -0.00259788 0.00689745
v -0.01491276 -0.00234926 0.00752959
v -0.01431608 -0.00383098 0.00602644
v -0.01416875 -0.00412034 0.00598643
v -0.01432893 -0.00395168 0.00586483
v -0.01554177 -0.00382847 0.00577599
v -0.01527714 -0.00356659 0.00594737
v -0.01530090 -0.00374427 0.00571529
v -0.01502034 -0.00355558 0.00590457
v -0.01504141 -0.00371455 0.00569387
v -0.01476251 -0.00359891 0.00590419
v -0.01478055 -0.00374148 0.00571328
v -0.01452219 -0.00369274 0.00594567
v -0.01453737 -0.00382227 0.00577153
v -0.01574888 -0.00395944 0.00587043
v -0.01538075 -0.00321074 0.00652135
v -0.01546428 -0.00342529 0.00628050
v -0.01515296 -0.00318125 0.00639793
v -0.01522974 -0.00337829 0.00617672
v -0.01490681 -0.00320410 0.00631550
v -0.01497706 -0.00338427 0.00611319
v -0.01465851 -0.00327785 0.00627951
v -0.01472292 -0.00344289 0.00609416
v -0.01442596 -0.00339647 0.00629194
v -0.01448562 -0.00354921 0.00612037
v -0.01405888 -0.00371130 0.00648022
v -0.01414822 -0.00340227 0.00650738
v -0.01399467 -0.00358856 0.00660646
v -0.01383532 -0.00335275 0.00682285
v -0.01512645 -0.00277062 0.00695633
v -0.01526742 -0.00299128 0.00674800
v -0.01491836 -0.00277522 0.00679922
v -0.01504856 -0.00297904 0.00660681
v -0.01469134 -0.00283107 0.00668420
v -0.01481107 -0.00301854 0.00650722
v -0.01446032 -0.00293454 0.00661889
v -0.01457055 -0.00310724 0.00645586
v -0.01424197 -0.00307751 0.00660734
v -0.01434439 -0.00323806 0.00645579
v -0.01379217 -0.00329917 0.00686769
v -0.01495881 -0.00255170 0.00714498
v -0.01476352 -0.00257289 0.00697352
v -0.01454903 -0.00264506 0.00684438
v -0.01432948 -0.00276350 0.00676611
v -0.01412076 -0.00291903 0.00674368
v -0.01407414 -0.00465377 0.00663815
v -0.01408697 -0.00478451 0.00646530
v -0.01404184 -0.00461697 0.00634451
v -0.01370886 -0.00345904 0.00697793
v -0.01404162 -0.00403382 0.00640983
v -0.01391146 -0.00374841 0.00671680
v -0.01385947 -0.00405609 0.00699910
v -0.01365985 -0.00361267 0.00711488
v -0.01364721 -0.00375323 0.00727243
v -0.01353930 -0.00347993 0.00722009
v -0.01352357 -0.00361714 0.00738030
v -0.01408367 -0.00427733 0.00609963
v -0.01404106 -0.00444539 0.00622080
v -0.01403703 -0.00450904 0.00681407
v -0.01399696 -0.00435811 0.00667423
v -0.01397611 -0.00435208 0.00699058
v -0.01389396 -0.00419109 0.00715762
v -0.01399802 -0.00419703 0.00653713
v -0.01386546 -0.00390610 0.00685007
v -0.01379181 -0.00403001 0.00731023
v -0.01367304 -0.00387473 0.00744401
v -0.01354331 -0.00373220 0.00755675
v -0.01601478 -0.00511685 0.00572863
v -0.01603478 -0.00494916 0.00562932
v -0.01601478 -0.00550042 0.00500812
v -0.01603479 -0.00532480 0.00492334
v -0.01601477 -0.00583196 0.00423907
v -0.01603479 -0.00564998 0.00416869
v -0.01601476 -0.00610874 0.00342924
v -0.01603479 -0.00592186 0.00337316
v -0.01601477 -0.00632806 0.00258642
v -0.01603478 -0.00613760 0.00254454
v -0.01601478 -0.00648723 0.00171840
v -0.01603477 -0.00629434 0.00169059
v -0.01601478 -0.00658354 0.00083295
v -0.01603479 -0.00638922 0.00081911
v -0.01601477 -0.00661520 -0.00006185
v -0.01603479 -0.00642039 -0.00006182
v -0.01601478 -0.00658282 -0.00095720
v -0.01603479 -0.00638847 -0.00094334
v -0.01601478 -0.00648740 -0.00184417
v -0.01603478 -0.00629453 -0.00181644
v -0.01601478 -0.00632995 -0.00271384
v -0.01603478 -0.00613961 -0.00267214
v -0.01601478 -0.00611154 -0.00355734
v -0.01603478 -0.00592484 -0.00350148
v -0.01601477 -0.00583444 -0.00436669
v -0.01603478 -0.00565261 -0.00429649
v -0.01601477 -0.00550193 -0.00513468
v -0.01603477 -0.00532640 -0.00505000
v -0.01601478 -0.00511733 -0.00585411
v -0.01603479 -0.00494967 -0.00575483
v -0.01601476 -0.00468394 -0.00651779
v -0.01603478 -0.00452592 -0.00640386
v -0.01595701 -0.00527802 0.00582411
v -0.01595702 -0.00566921 0.00508966
v -0.01595700 -0.00600684 0.00430674
v -0.01595701 -0.00628833 0.00348315
v -0.01595702 -0.00651111 0.00262667
v -0.01595700 -0.00667263 0.00174511
v -0.01595700 -0.00677030 0.00084623
v -0.01595701 -0.00680244 -0.00006189
v -0.01595702 -0.00676961 -0.00097053
v -0.01595701 -0.00667278 -0.00187083
v -0.01595701 -0.00651290 -0.00275393
v -0.01595701 -0.00629098 -0.00361103
v -0.01595700 -0.00600919 -0.00443418
v -0.01595701 -0.00567064 -0.00521611
v -0.01595702 -0.00527847 -0.00594956
v -0.01595702 -0.00483583 -0.00662730
v -0.01586485 -0.00542691 0.00591233
v -0.01586487 -0.00582512 0.00516500
v -0.01586485 -0.00616838 0.00436928
v -0.01586488 -0.00645422 0.00353297
v -0.01586487 -0.00668021 0.00266386
v -0.01586485 -0.00684389 0.00176977
v -0.01586488 -0.00694283 0.00085849
v -0.01586486 -0.00697540 -0.00006194
v -0.01586485 -0.00694217 -0.00098285
v -0.01586485 -0.00684403 -0.00189545
v -0.01586487 -0.00668190 -0.00279095
v -0.01586487 -0.00645674 -0.00366063
v -0.01586485 -0.00617062 -0.00449654
v -0.01586486 -0.00582648 -0.00529134
v -0.01586485 -0.00542733 -0.00603775
v -0.01586487 -0.00497616 -0.00672848
v -0.01574171 -0.00555774 0.00598987
v -0.01574172 -0.00596214 0.00523121
v -0.01574170 -0.00631034 0.00442423
v -0.01574171 -0.00660001 0.00357674
v -0.01574171 -0.00682881 0.00269655
v -0.01574172 -0.00699439 0.00179145
v -0.01574170 -0.00709444 0.00086925
v -0.01574170 -0.00712741 -0.00006199
v -0.01574171 -0.00709381 -0.00099368
v -0.01574170 -0.00699453 -0.00191709
v -0.01574171 -0.00683041 -0.00282349
v -0.01574171 -0.00660241 -0.00370423
v -0.01574170 -0.00631247 -0.00455133
v -0.01574171 -0.00596343 -0.00535746
v -0.01574171 -0.00555815 -0.00611526
v -0.01574170 -0.00509948 -0.00681740
v -0.01559099 -0.00566481 0.00605330
v -0.01559097 -0.00607427 0.00528538
v -0.01559099 -0.00642652 0.00446920
v -0.01559098 -0.00671932 0.00361256
v -0.01559099 -0.00695041 0.00272329
v -0.01559097 -0.00711757 0.00180919
v -0.01559098 -0.00721852 0.00087808
v -0.01559098 -0.00725180 -0.00006202
v -0.01559099 -0.00721790 -0.00100254
v -0.01559097 -0.00711768 -0.00193479
v -0.01559099 -0.00695195 -0.00285012
v -0.01559099 -0.00672162 -0.00373990
v -0.01559097 -0.00642856 -0.00459617
v -0.01559098 -0.00607551 -0.00541155
v -0.01559099 -0.00566520 -0.00617867
v -0.01559099 -0.00520039 -0.00689015
v -0.01541792 -0.00574399 0.00610019
v -0.01541793 -0.00615719 0.00532541
v -0.01541794 -0.00651244 0.00450243
v -0.01541792 -0.00680755 0.00363903
v -0.01541793 -0.00704034 0.00274306
v -0.01541794 -0.00720864 0.00182232
v -0.01541794 -0.00731026 0.00088461
v -0.01541794 -0.00734377 -0.00006204
v -0.01541792 -0.00730967 -0.00100908
v -0.01541794 -0.00720874 -0.00194788
v -0.01541793 -0.00704182 -0.00286981
v -0.01541793 -0.00680977 -0.00376627
v -0.01541792 -0.00651441 -0.00462932
v -0.01541794 -0.00615839 -0.00545154
v -0.01541793 -0.00574436 -0.00622554
v -0.01541793 -0.00527500 -0.00694395
v -0.01523000 -0.00579303 0.00612924
v -0.01523001 -0.00620855 0.00535022
v -0.01523002 -0.00656565 0.00452301
v -0.01523001 -0.00686220 0.00365544
v -0.01522999 -0.00709605 0.00275531
v -0.01523001 -0.00726505 0.00183045
v -0.01523002 -0.00736709 0.00088866
v -0.01523000 -0.00740075 -0.00006205
v -0.01523001 -0.00736650 -0.00101314
v -0.01523002 -0.00726515 -0.00195599
v -0.01523000 -0.00709750 -0.00288201
v -0.01523002 -0.00686437 -0.00378261
v -0.01523001 -0.00656759 -0.00464985
v -0.01523001 -0.00620973 -0.00547631
v -0.01523001 -0.00579340 -0.00625458
v -0.01523002 -0.00532122 -0.00697727
v -0.01503478 -0.00580983 0.00613922
v -0.01503479 -0.00622614 0.00535875
v -0.01503477 -0.00658387 0.00453009
v -0.01503478 -0.00688091 0.00366107
v -0.01503478 -0.00711512 0.00275951
v -0.01503477 -0.00728438 0.00183322
v -0.01503479 -0.00738656 0.00089002
v -0.01503479 -0.00742027 -0.00006206
v -0.01503477 -0.00738598 -0.00101453
v -0.01503479 -0.00728448 -0.00195877
v -0.01503477 -0.00711656 -0.00288618
v -0.01503478 -0.00688307 -0.00378821
v -0.01503477 -0.00658580 -0.00465690
v -0.01503479 -0.00622730 -0.00548482
v -0.01503477 -0.00581020 -0.00626456
v -0.01503478 -0.00533707 -0.00698869
v -0.01600093 -0.00472777 0.00549815
v -0.01600092 -0.00509294 0.00481133
v -0.01600092 -0.00540974 0.00407572
v -0.01600093 -0.00567514 0.00329909
v -0.01600094 -0.00588611 0.00248922
v -0.01600093 -0.00603962 0.00165388
v -0.01600094 -0.00613264 0.00080085
v -0.01600094 -0.00616315 -0.00006177
v -0.01600093 -0.00613185 -0.00092504
v -0.01600092 -0.00603986 -0.00177984
v -0.01600093 -0.00588828 -0.00261708
v -0.01600093 -0.00567833 -0.00342772
v -0.01600094 -0.00541255 -0.00420378
v -0.01600094 -0.00509464 -0.00493815
v -0.01600092 -0.00472831 -0.00562372
v -0.01600094 -0.00431726 -0.00625341
v -0.01590079 -0.00451883 0.00537436
v -0.01590081 -0.00487413 0.00470562
v -0.01590081 -0.00518303 0.00398798
v -0.01590081 -0.00544233 0.00322919
v -0.01590080 -0.00564881 0.00243704
v -0.01590080 -0.00579928 0.00161926
v -0.01590081 -0.00589052 0.00078364
v -0.01590082 -0.00592042 -0.00006171
v -0.01590082 -0.00588969 -0.00090775
v -0.01590082 -0.00579953 -0.00174528
v -0.01590081 -0.00565111 -0.00256511
v -0.01590080 -0.00544570 -0.00335811
v -0.01590081 -0.00518601 -0.00411629
v -0.01590081 -0.00487594 -0.00483258
v -0.01590080 -0.00451940 -0.00549997
v -0.01590082 -0.00412034 -0.00611144
v -0.01574886 -0.00434806 0.00527329
v -0.01574886 -0.00469526 0.00461934
v -0.01574887 -0.00499769 0.00391636
v -0.01574887 -0.00525200 0.00317212
v -0.01574886 -0.00545483 0.00239438
v -0.01574886 -0.00560283 0.00159093
v -0.01574886 -0.00569264 0.00076951
v -0.01574888 -0.00572204 -0.00006171
v -0.01574887 -0.00569178 -0.00089365
v -0.01574886 -0.00560312 -0.00171704
v -0.01574887 -0.00545726 -0.00252263
v -0.01574886 -0.00525556 -0.00330123
v -0.01574887 -0.00500083 -0.00404483
v -0.01574888 -0.00469716 -0.00474640
v -0.01574885 -0.00434866 -0.00539893
v -0.01574888 -0.00395944 -0.00599543
v -0.01432892 -0.00433986 0.00526835
v -0.01416876 -0.00451883 0.00537437
v -0.01432892 -0.00468670 0.00461510
v -0.01416875 -0.00487415 0.00470564
v -0.01432892 -0.00498883 0.00391284
v -0.01416874 -0.00518307 0.00398801
v -0.01432894 -0.00524289 0.00316934
v -0.01416875 -0.00544239 0.00322924
v -0.01432893 -0.00544554 0.00239233
v -0.01416874 -0.00564890 0.00243709
v -0.01432894 -0.00559341 0.00158960
v -0.01416877 -0.00579937 0.00161933
v -0.01432894 -0.00568314 0.00076889
v -0.01416875 -0.00589063 0.00078371
v -0.01432893 -0.00571251 -0.00006167
v -0.01416876 -0.00592052 -0.00006166
v -0.01432895 -0.00568228 -0.00089295
v -0.01416876 -0.00588979 -0.00090771
v -0.01432893 -0.00559369 -0.00171569
v -0.01416876 -0.00579961 -0.00174526
v -0.01432894 -0.00544796 -0.00252060
v -0.01416876 -0.00565117 -0.00256511
v -0.01432894 -0.00524645 -0.00329849
v -0.01416877 -0.00544574 -0.00335812
v -0.01432894 -0.00499196 -0.00404136
v -0.01416875 -0.00518604 -0.00411629
v -0.01432894 -0.00468860 -0.00474218
v -0.01416874 -0.00487595 -0.00483259
v -0.01432893 -0.00434046 -0.00539400
v -0.01416877 -0.00451940 -0.00549998
v -0.01432892 -0.00395168 -0.00598983
v -0.01416875 -0.00412034 -0.00611144
v -0.01453736 -0.00420255 0.00518700
v -0.01453735 -0.00454290 0.00454563
v -0.01453736 -0.00483984 0.00385518
v -0.01453736 -0.00508989 0.00312340
v -0.01453735 -0.00528959 0.00235804
v -0.01453735 -0.00543546 0.00156684
v -0.01453737 -0.00552402 0.00075758
v -0.01453735 -0.00555299 -0.00006163
v -0.01453737 -0.00552314 -0.00088159
v -0.01453734 -0.00543575 -0.00169298
v -0.01453737 -0.00529210 -0.00248645
v -0.01453737 -0.00509357 -0.00325275
v -0.01453735 -0.00484309 -0.00398386
v -0.01453736 -0.00454487 -0.00467281
v -0.01453736 -0.00420317 -0.00531268
v -0.01453737 -0.00382227 -0.00589652
v -0.01478054 -0.00411685 0.00513620
v -0.01478056 -0.00445315 0.00450225
v -0.01478056 -0.00474684 0.00381918
v -0.01478053 -0.00499440 0.00309472
v -0.01478055 -0.00519225 0.00233663
v -0.01478055 -0.00533687 0.00155265
v -0.01478054 -0.00542471 0.00075052
v -0.01478055 -0.00545342 -0.00006160
v -0.01478054 -0.00542380 -0.00087450
v -0.01478054 -0.00533717 -0.00167881
v -0.01478055 -0.00519481 -0.00246514
v -0.01478054 -0.00499815 -0.00322419
v -0.01478054 -0.00475016 -0.00394796
v -0.01478054 -0.00445516 -0.00462949
v -0.01478055 -0.00411748 -0.00526190
v -0.01478056 -0.00374148 -0.00583828
v -0.01504139 -0.00408828 0.00511927
v -0.01504140 -0.00442323 0.00448779
v -0.01504141 -0.00471585 0.00380717
v -0.01504140 -0.00496257 0.00308516
v -0.01504140 -0.00515981 0.00232949
v -0.01504140 -0.00530401 0.00154792
v -0.01504140 -0.00539160 0.00074817
v -0.01504139 -0.00542023 -0.00006158
v -0.01504139 -0.00539069 -0.00087214
v -0.01504139 -0.00530431 -0.00167409
v -0.01504138 -0.00516239 -0.00245804
v -0.01504138 -0.00496635 -0.00321468
v -0.01504139 -0.00471919 -0.00393599
v -0.01504140 -0.00442526 -0.00461505
v -0.01504141 -0.00408892 -0.00524497
v -0.01504138 -0.00371456 -0.00581887
v -0.01530088 -0.00411979 0.00513797
v -0.01530088 -0.00445623 0.00450377
v -0.01530087 -0.00475004 0.00382044
v -0.01530089 -0.00499767 0.00309572
v -0.01530090 -0.00519559 0.00233737
v -0.01530088 -0.00534026 0.00155312
v -0.01530090 -0.00542812 0.00075075
v -0.01530088 -0.00545685 -0.00006161
v -0.01530089 -0.00542722 -0.00087475
v -0.01530088 -0.00534056 -0.00167930
v -0.01530089 -0.00519816 -0.00246587
v -0.01530090 -0.00500143 -0.00322518
v -0.01530088 -0.00475335 -0.00394920
v -0.01530089 -0.00445823 -0.00463101
v -0.01530088 -0.00412043 -0.00526367
v -0.01530089 -0.00374427 -0.00584029
v -0.01554179 -0.00420909 0.00519094
v -0.01554177 -0.00454973 0.00454902
v -0.01554177 -0.00484691 0.00385799
v -0.01554178 -0.00509716 0.00312563
v -0.01554178 -0.00529701 0.00235967
v -0.01554178 -0.00544298 0.00156790
v -0.01554178 -0.00553161 0.00075807
v -0.01554180 -0.00556059 -0.00006167
v -0.01554179 -0.00553073 -0.00088215
v -0.01554178 -0.00544328 -0.00169407
v -0.01554179 -0.00529952 -0.00248807
v -0.01554177 -0.00510085 -0.00325494
v -0.01554178 -0.00485016 -0.00398663
v -0.01554179 -0.00455170 -0.00467617
v -0.01554178 -0.00420972 -0.00531662
v -0.01554179 -0.00382847 -0.00590100
v -0.01404183 -0.00504578 0.00568656
v -0.01408696 -0.00522354 0.00579188
v -0.01404183 -0.00542599 0.00497222
v -0.01408696 -0.00561215 0.00506215
v -0.01404184 -0.00575484 0.00420928
v -0.01408697 -0.00594771 0.00428391
v -0.01404185 -0.00602955 0.00340551
v -0.01408697 -0.00622761 0.00346496
v -0.01404183 -0.00624737 0.00256870
v -0.01408697 -0.00644924 0.00261308
v -0.01404184 -0.00640552 0.00170664
v -0.01408697 -0.00660997 0.00173607
v -0.01404183 -0.00650124 0.00082711
v -0.01408697 -0.00670719 0.00084173
v -0.01404185 -0.00653269 -0.00006182
v -0.01408696 -0.00673916 -0.00006189
v -0.01404184 -0.00650050 -0.00095131
v -0.01408695 -0.00670649 -0.00096603
v -0.01404186 -0.00640569 -0.00183241
v -0.01408695 -0.00661014 -0.00186181
v -0.01404185 -0.00624930 -0.00269616
v -0.01408695 -0.00645107 -0.00274038
v -0.01404184 -0.00603242 -0.00353367
v -0.01408695 -0.00623033 -0.00359289
v -0.01404184 -0.00575738 -0.00433695
v -0.01408696 -0.00595011 -0.00441139
v -0.01404185 -0.00542753 -0.00509881
v -0.01408696 -0.00561361 -0.00518862
v -0.01404183 -0.00504627 -0.00581206
v -0.01408695 -0.00522401 -0.00591734
v -0.01404185 -0.00461697 -0.00646951
v -0.01408697 -0.00478451 -0.00659030
v -0.01404106 -0.00486372 0.00557870
v -0.01404107 -0.00523533 0.00488013
v -0.01404107 -0.00555729 0.00413284
v -0.01404105 -0.00582669 0.00334461
v -0.01404105 -0.00604060 0.00252323
v -0.01404106 -0.00619610 0.00167647
v -0.01404106 -0.00629028 0.00081211
v -0.01404106 -0.00632119 -0.00006177
v -0.01404107 -0.00628950 -0.00093625
v -0.01404105 -0.00619630 -0.00180230
v -0.01404107 -0.00604265 -0.00265088
v -0.01404105 -0.00582973 -0.00347302
v -0.01404105 -0.00555998 -0.00426072
v -0.01404106 -0.00523696 -0.00500684
v -0.01404105 -0.00486424 -0.00570424
v -0.01404105 -0.00444539 -0.00634580
v -0.01408369 -0.00468540 0.00547306
v -0.01408369 -0.00504858 0.00478992
v -0.01408367 -0.00536380 0.00405796
v -0.01408368 -0.00562799 0.00328496
v -0.01408366 -0.00583808 0.00247870
v -0.01408367 -0.00599098 0.00164692
v -0.01408366 -0.00608365 0.00079742
v -0.01408368 -0.00611403 -0.00006171
v -0.01408367 -0.00608284 -0.00092149
v -0.01408367 -0.00599120 -0.00177281
v -0.01408368 -0.00584024 -0.00260653
v -0.01408366 -0.00563120 -0.00341361
v -0.01408367 -0.00536664 -0.00418605
v -0.01408366 -0.00505030 -0.00491675
v -0.01408367 -0.00468595 -0.00559863
v -0.01408368 -0.00427733 -0.00622463
v -0.01599252 -0.00443544 -0.00684795
v -0.01601284 -0.00428081 -0.00672951
v -0.01592750 -0.00417285 -0.00716898
v -0.01594873 -0.00402192 -0.00704602
v -0.01582228 -0.00390106 -0.00747461
v -0.01584501 -0.00375395 -0.00734732
v -0.01567959 -0.00362495 -0.00775872
v -0.01570422 -0.00348162 -0.00762753
v -0.01550311 -0.00334952 -0.00801786
v -0.01552994 -0.00320963 -0.00788344
v -0.01529730 -0.00307978 -0.00825085
v -0.01532628 -0.00294266 -0.00811404
v -0.01505845 -0.00281692 -0.00845935
v -0.01508903 -0.00268155 -0.00832116
v -0.01476815 -0.00255541 -0.00864992
v -0.01479914 -0.00242046 -0.00851143
v -0.01593464 -0.00458652 -0.00695851
v -0.01586928 -0.00432275 -0.00728096
v -0.01576355 -0.00404962 -0.00758811
v -0.01562018 -0.00377223 -0.00787355
v -0.01544310 -0.00349584 -0.00813361
v -0.01523705 -0.00322578 -0.00836687
v -0.01499887 -0.00296368 -0.00857478
v -0.01471138 -0.00270461 -0.00876359
v -0.01584258 -0.00472856 -0.00705738
v -0.01577746 -0.00446610 -0.00737819
v -0.01567218 -0.00419410 -0.00768407
v -0.01552942 -0.00391788 -0.00796832
v -0.01535325 -0.00364294 -0.00822701
v -0.01514875 -0.00337495 -0.00845850
v -0.01491348 -0.00311602 -0.00866390
v -0.01463181 -0.00286205 -0.00884903
v -0.01571972 -0.00485603 -0.00714073
v -0.01565544 -0.00459736 -0.00745688
v -0.01555153 -0.00432895 -0.00775871
v -0.01541064 -0.00405630 -0.00803928
v -0.01523693 -0.00378519 -0.00829439
v -0.01503574 -0.00352157 -0.00852211
v -0.01480548 -0.00326813 -0.00872318
v -0.01453237 -0.00302173 -0.00890282
v -0.01556948 -0.00496347 -0.00720478
v -0.01550670 -0.00471101 -0.00751328
v -0.01540507 -0.00444864 -0.00780834
v -0.01526727 -0.00418195 -0.00808278
v -0.01509751 -0.00391696 -0.00833212
v -0.01490134 -0.00365996 -0.00855414
v -0.01467807 -0.00341421 -0.00874912
v -0.01441604 -0.00317764 -0.00892162
v -0.01539714 -0.00504676 -0.00724700
v -0.01533638 -0.00480276 -0.00754515
v -0.01523796 -0.00454865 -0.00783090
v -0.01510436 -0.00429011 -0.00809695
v -0.01493988 -0.00403335 -0.00833856
v -0.01475028 -0.00378498 -0.00855314
v -0.01453577 -0.00354887 -0.00874047
v -0.01428690 -0.00332406 -0.00890443
v -0.01521011 -0.00510341 -0.00726643
v -0.01515181 -0.00486969 -0.00755197
v -0.01505732 -0.00462570 -0.00782635
v -0.01492885 -0.00437712 -0.00808217
v -0.01477076 -0.00413030 -0.00831442
v -0.01458893 -0.00389217 -0.00852015
v -0.01438455 -0.00366721 -0.00869865
v -0.01415044 -0.00345557 -0.00885302
v -0.01501587 -0.00513104 -0.00726218
v -0.01496045 -0.00490901 -0.00753339
v -0.01487040 -0.00467658 -0.00779478
v -0.01474783 -0.00443935 -0.00803891
v -0.01459694 -0.00420381 -0.00826057
v -0.01442380 -0.00397714 -0.00845641
v -0.01423052 -0.00376437 -0.00862522
v -0.01401212 -0.00356678 -0.00876938
v -0.01597937 -0.00407918 -0.00656721
v -0.01588073 -0.00389547 -0.00641024
v -0.01591747 -0.00382905 -0.00687302
v -0.01582194 -0.00365772 -0.00670090
v -0.01581719 -0.00356999 -0.00716429
v -0.01572645 -0.00341115 -0.00697813
v -0.01568088 -0.00330637 -0.00743553
v -0.01559648 -0.00315976 -0.00723677
v -0.01551184 -0.00304257 -0.00768373
v -0.01543491 -0.00290767 -0.00747395
v -0.01531380 -0.00278296 -0.00790797
v -0.01524525 -0.00265904 -0.00768871
v -0.01508224 -0.00252811 -0.00811012
v -0.01502294 -0.00241437 -0.00788276
v -0.01479774 -0.00227196 -0.00829677
v -0.01474904 -0.00216779 -0.00806244
v -0.01412534 -0.00387422 -0.00642418
v -0.01414926 -0.00340244 -0.00663211
v -0.01399561 -0.00358869 -0.00673114
v -0.01390013 -0.00343981 -0.00687123
v -0.01566734 -0.00352068 -0.00654193
v -0.01572235 -0.00374315 -0.00626993
v -0.01557782 -0.00328940 -0.00680195
v -0.01512419 -0.00258065 -0.00747147
v -0.01530325 -0.00281538 -0.00726872
v -0.01466004 -0.00211748 -0.00783445
v -0.01491409 -0.00234947 -0.00765482
v -0.01476422 -0.00233615 -0.00744136
v -0.01452271 -0.00369301 -0.00607071
v -0.01476298 -0.00359916 -0.00602928
v -0.01502081 -0.00355581 -0.00602970
v -0.01527758 -0.00356681 -0.00607256
v -0.01551640 -0.00363137 -0.00615496
v -0.01380983 -0.00296030 -0.00701593
v -0.01366956 -0.00316360 -0.00710039
v -0.01362297 -0.00311847 -0.00713417
v -0.01366357 -0.00283452 -0.00711162
v -0.01382702 -0.00262156 -0.00709392
v -0.01398368 -0.00276740 -0.00698913
v -0.01388374 -0.00255776 -0.00710222
v -0.01417997 -0.00259801 -0.00702261
v -0.01400588 -0.00243480 -0.00714071
v -0.01438509 -0.00246354 -0.00711365
v -0.01414085 -0.00231942 -0.00721253
v -0.01418692 -0.00228483 -0.00724388
v -0.01419131 -0.00228166 -0.00724706
v -0.01458423 -0.00237430 -0.00725638
v -0.01439086 -0.00216414 -0.00742907
v -0.01452921 -0.00211869 -0.00760676
v -0.01460710 -0.00211128 -0.00773277
v -0.01465528 -0.00211643 -0.00782460
v -0.01412133 -0.00291878 -0.00686909
v -0.01433022 -0.00276328 -0.00689155
v -0.01446065 -0.00293410 -0.00674396
v -0.01454992 -0.00264487 -0.00696985
v -0.01469177 -0.00283072 -0.00680928
v -0.01476457 -0.00257272 -0.00709903
v -0.01491889 -0.00277496 -0.00692432
v -0.01496001 -0.00255155 -0.00727053
v -0.01512701 -0.00277044 -0.00708145
v -0.01545555 -0.00305299 -0.00704516
v -0.01353704 -0.00304336 -0.00718814
v -0.01410099 -0.00380561 -0.00650296
v -0.01428306 -0.00369704 -0.00631537
v -0.01538258 -0.00321158 -0.00664709
v -0.01526891 -0.00299182 -0.00687315
v -0.01515478 -0.00318207 -0.00652350
v -0.01505000 -0.00297949 -0.00673188
v -0.01490867 -0.00320492 -0.00644088
v -0.01481240 -0.00301890 -0.00663221
v -0.01466039 -0.00327869 -0.00640472
v -0.01457182 -0.00310751 -0.00658077
v -0.01442788 -0.00339734 -0.00641700
v -0.01434556 -0.00323826 -0.00658061
v -0.01393767 -0.00310094 -0.00690441
v -0.01379317 -0.00329977 -0.00699232
v -0.01546556 -0.00342590 -0.00640616
v -0.01523103 -0.00337892 -0.00630223
v -0.01497840 -0.00338492 -0.00623856
v -0.01472431 -0.00344358 -0.00621938
v -0.01448703 -0.00354995 -0.00624548
v -0.01352930 -0.00371843 -0.00769161
v -0.01352350 -0.00361713 -0.00750481
v -0.01367210 -0.00387426 -0.00756758
v -0.01364698 -0.00375318 -0.00739609
v -0.01381962 -0.00407147 -0.00739547
v -0.01346060 -0.00321040 -0.00729281
v -0.01365974 -0.00361260 -0.00723859
v -0.01370901 -0.00345907 -0.00710164
v -0.01391143 -0.00374807 -0.00684137
v -0.01385925 -0.00405575 -0.00712361
v -0.01399676 -0.00419590 -0.00666308
v -0.01399573 -0.00435697 -0.00680015
v -0.01402996 -0.00432771 -0.00650197
v -0.01403028 -0.00449423 -0.00663239
v -0.01404017 -0.00403263 -0.00653582
v -0.01341269 -0.00336471 -0.00742933
v -0.01386530 -0.00390573 -0.00697462
v -0.01339479 -0.00349986 -0.00759106
v -0.01340834 -0.00360941 -0.00777137
v -0.01389439 -0.00419129 -0.00728205
v -0.01401899 -0.00445324 -0.00700520
v -0.01407465 -0.00465402 -0.00676348
v -0.01293741 -0.00309225 -0.00906835
v -0.01320382 -0.00312489 -0.00904992
v -0.01309798 -0.00294249 -0.00917613
v -0.01325658 -0.00297152 -0.00915974
v -0.01330919 -0.00279857 -0.00923711
v -0.01230792 -0.00308162 -0.00909551
v -0.01240050 -0.00322102 -0.00899378
v -0.01267077 -0.00312490 -0.00905002
v -0.01212699 -0.00337295 -0.00889958
v -0.01200738 -0.00324850 -0.00899193
v -0.01188852 -0.00310405 -0.00905206
v -0.01221566 -0.00292265 -0.00916473
v -0.01177534 -0.00294588 -0.00907719
v -0.01382849 -0.00257253 -0.00919417
v -0.01355825 -0.00267330 -0.00924422
v -0.01374760 -0.00275072 -0.00919850
v -0.01347458 -0.00322110 -0.00899362
v -0.01356690 -0.00308170 -0.00909540
v -0.01365918 -0.00292261 -0.00916475
v -0.01444567 -0.00216041 -0.00868599
v -0.01441541 -0.00229594 -0.00882409
v -0.01436298 -0.00244849 -0.00893550
v -0.01429106 -0.00261181 -0.00901697
v -0.01420233 -0.00277966 -0.00906526
v -0.01409955 -0.00294577 -0.00907719
v -0.01398631 -0.00310408 -0.00905197
v -0.01386738 -0.00324864 -0.00899176
v -0.01374791 -0.00337296 -0.00889955
v -0.01186288 -0.00356678 -0.00876938
v -0.01172457 -0.00345558 -0.00885303
v -0.01158809 -0.00332407 -0.00890443
v -0.01145896 -0.00317765 -0.00892163
v -0.01134264 -0.00302173 -0.00890282
v -0.01323770 -0.00169882 -0.00896306
v -0.01293748 -0.00168160 -0.00897264
v -0.01293755 -0.00182455 -0.00910637
v -0.01263725 -0.00169939 -0.00896265
v -0.01264564 -0.00184187 -0.00909664
v -0.01235329 -0.00175107 -0.00893358
v -0.01236898 -0.00189228 -0.00906829
v -0.01209067 -0.00183021 -0.00888826
v -0.01211218 -0.00196970 -0.00902395
v -0.01184998 -0.00192851 -0.00883034
v -0.01187569 -0.00206631 -0.00896702
v -0.01142942 -0.00216102 -0.00868566
v -0.01145962 -0.00229649 -0.00882380
v -0.01107586 -0.00242046 -0.00851143
v -0.01110686 -0.00255541 -0.00864992
v -0.01378429 -0.00182956 -0.00888893
v -0.01352166 -0.00175035 -0.00893420
v -0.01350613 -0.00189164 -0.00906885
v -0.01322944 -0.00184136 -0.00909702
v -0.01321605 -0.00200732 -0.00920046
v -0.01293752 -0.00199121 -0.00920944
v -0.01293747 -0.00217451 -0.00927905
v -0.01265902 -0.00200776 -0.00920014
v -0.01267672 -0.00219005 -0.00927033
v -0.01239425 -0.00205604 -0.00917297
v -0.01242787 -0.00223546 -0.00924477
v -0.01214730 -0.00213051 -0.00913031
v -0.01219431 -0.00230590 -0.00920440
v -0.01191850 -0.00222401 -0.00907521
v -0.01197617 -0.00239504 -0.00915185
v -0.01151201 -0.00244895 -0.00893527
v -0.01158391 -0.00261216 -0.00901682
v -0.01116364 -0.00270461 -0.00876359
v -0.01124321 -0.00286205 -0.00884903
v -0.01167260 -0.00277988 -0.00906519
v -0.01212731 -0.00275090 -0.00919836
v -0.01204650 -0.00257285 -0.00919390
v -0.01231668 -0.00267350 -0.00924399
v -0.01225135 -0.00248914 -0.00924325
v -0.01251495 -0.00261373 -0.00927831
v -0.01246850 -0.00242366 -0.00928081
v -0.01272242 -0.00257578 -0.00929970
v -0.01269805 -0.00238173 -0.00930443
v -0.01293729 -0.00256290 -0.00930693
v -0.01293737 -0.00236743 -0.00931245
v -0.01317672 -0.00238145 -0.00930461
v -0.01319824 -0.00218969 -0.00927059
v -0.01344719 -0.00223502 -0.00924517
v -0.01348088 -0.00205550 -0.00917346
v -0.01372787 -0.00213003 -0.00913083
v -0.01376298 -0.00196913 -0.00902455
v -0.01399944 -0.00206560 -0.00896760
v -0.01402507 -0.00192770 -0.00883099
v -0.01238792 -0.00285224 -0.00920626
v -0.01261810 -0.00297158 -0.00915975
v -0.01256551 -0.00279871 -0.00923702
v -0.01277643 -0.00294252 -0.00917618
v -0.01274891 -0.00276512 -0.00925598
v -0.01293717 -0.00293276 -0.00918164
v -0.01293722 -0.00275377 -0.00926234
v -0.01312561 -0.00276501 -0.00925601
v -0.01315221 -0.00257559 -0.00929981
v -0.01335984 -0.00261349 -0.00927851
v -0.01340641 -0.00242331 -0.00928111
v -0.01362365 -0.00248885 -0.00924358
v -0.01368080 -0.00230551 -0.00920483
v -0.01389891 -0.00239458 -0.00915224
v -0.01395664 -0.00222341 -0.00907570
v -0.01444920 -0.00201531 -0.00846902
v -0.01441149 -0.00191912 -0.00822931
v -0.01403118 -0.00178398 -0.00861317
v -0.01400527 -0.00169424 -0.00836942
v -0.01379034 -0.00168583 -0.00867111
v -0.01377057 -0.00159862 -0.00842586
v -0.01352651 -0.00160632 -0.00871656
v -0.01351311 -0.00152108 -0.00847018
v -0.01324048 -0.00155447 -0.00874559
v -0.01323364 -0.00147050 -0.00849851
v -0.01293747 -0.00153716 -0.00875522
v -0.01293745 -0.00145362 -0.00850790
v -0.01263449 -0.00155509 -0.00874514
v -0.01264124 -0.00147114 -0.00849806
v -0.01234844 -0.00160711 -0.00871588
v -0.01236176 -0.00152193 -0.00846950
v -0.01208463 -0.00168657 -0.00867039
v -0.01210432 -0.00159943 -0.00842512
v -0.01184385 -0.00178489 -0.00861246
v -0.01186973 -0.00169520 -0.00836869
v -0.01142592 -0.00201599 -0.00846866
v -0.01146360 -0.00191982 -0.00822894
v -0.01107724 -0.00227196 -0.00829677
v -0.01112598 -0.00216779 -0.00806244
v -0.01276490 -0.00252188 -0.00730527
v -0.01281866 -0.00277345 -0.00736048
v -0.01267598 -0.00282405 -0.00733047
v -0.01126789 -0.00211129 -0.00773279
v -0.01121975 -0.00211644 -0.00782460
v -0.01153672 -0.00188095 -0.00799324
v -0.01173415 -0.00231944 -0.00721253
v -0.01168808 -0.00228484 -0.00724389
v -0.01193610 -0.00209603 -0.00737151
v -0.01422821 -0.00189673 -0.00775562
v -0.01362165 -0.00247064 -0.00719485
v -0.01310939 -0.00252152 -0.00730528
v -0.01317299 -0.00226681 -0.00731825
v -0.01340188 -0.00234760 -0.00727098
v -0.01258330 -0.00258613 -0.00726759
v -0.01247272 -0.00234801 -0.00727090
v -0.01270136 -0.00226730 -0.00731811
v -0.01433829 -0.00188026 -0.00799360
v -0.01395173 -0.00166593 -0.00812708
v -0.01372858 -0.00157497 -0.00818078
v -0.01348391 -0.00150132 -0.00822289
v -0.01321855 -0.00145333 -0.00824979
v -0.01293747 -0.00143734 -0.00825869
v -0.01265640 -0.00145399 -0.00824934
v -0.01239107 -0.00150219 -0.00822222
v -0.01214643 -0.00157580 -0.00818007
v -0.01192329 -0.00166691 -0.00812638
v -0.01251050 -0.00291726 -0.00727320
v -0.01239390 -0.00269226 -0.00720197
v -0.01225304 -0.00247071 -0.00719491
v -0.01352355 -0.00212511 -0.00734100
v -0.01324249 -0.00202611 -0.00739881
v -0.01309225 -0.00199910 -0.00741409
v -0.01329125 -0.00258591 -0.00726751
v -0.01348072 -0.00269236 -0.00720181
v -0.01377799 -0.00226708 -0.00725297
v -0.01393878 -0.00209564 -0.00737166
v -0.01409224 -0.00196945 -0.00754307
v -0.01233798 -0.00304337 -0.00718814
v -0.01221137 -0.00283443 -0.00711159
v -0.01205002 -0.00262394 -0.00709375
v -0.01204798 -0.00262156 -0.00709392
v -0.01187241 -0.00243788 -0.00713933
v -0.01148414 -0.00216416 -0.00742908
v -0.01178270 -0.00196997 -0.00754282
v -0.01222698 -0.00193444 -0.00747184
v -0.01293730 -0.00275808 -0.00736879
v -0.01293691 -0.00250077 -0.00731724
v -0.01293700 -0.00223882 -0.00733420
v -0.01199128 -0.00255778 -0.00710222
v -0.01209680 -0.00226732 -0.00725292
v -0.01235113 -0.00212569 -0.00734076
v -0.01263195 -0.00202672 -0.00739853
v -0.01278198 -0.00199950 -0.00741392
v -0.01293707 -0.00199016 -0.00741915
v -0.01305632 -0.00277337 -0.00736047
v -0.01256143 -0.00181667 -0.00754048
v -0.01274509 -0.00178336 -0.00755929
v -0.01293715 -0.00177188 -0.00756573
v -0.01312925 -0.00178286 -0.00755955
v -0.01331308 -0.00181595 -0.00754090
v -0.01364776 -0.00193371 -0.00747224
v -0.01210932 -0.00178881 -0.00765539
v -0.01229441 -0.00171326 -0.00769993
v -0.01249497 -0.00165304 -0.00773447
v -0.01271042 -0.00161395 -0.00775650
v -0.01293725 -0.00160046 -0.00776408
v -0.01316414 -0.00161337 -0.00775684
v -0.01337971 -0.00165224 -0.00773499
v -0.01358035 -0.00171246 -0.00770050
v -0.01376554 -0.00178795 -0.00765593
v -0.01319934 -0.00282391 -0.00733044
v -0.01336471 -0.00291716 -0.00727317
v -0.01135106 -0.00211976 -0.00759902
v -0.01164677 -0.00189736 -0.00775530
v -0.01200595 -0.00169832 -0.00787905
v -0.01221201 -0.00161420 -0.00792862
v -0.01243700 -0.00154656 -0.00796739
v -0.01268025 -0.00150240 -0.00799226
v -0.01293738 -0.00148714 -0.00800082
v -0.01319455 -0.00150176 -0.00799266
v -0.01343787 -0.00154571 -0.00796800
v -0.01366293 -0.00161337 -0.00792928
v -0.01386902 -0.00169738 -0.00787969
v -0.01323091 -0.00337967 -0.00767213
v -0.01323869 -0.00348511 -0.00785513
v -0.01308812 -0.00329913 -0.00772139
v -0.01309147 -0.00340208 -0.00790578
v -0.01298984 -0.00326380 -0.00774270
v -0.01299025 -0.00336564 -0.00792769
v -0.01293713 -0.00325650 -0.00774643
v -0.01293747 -0.00335802 -0.00793201
v -0.01288486 -0.00326388 -0.00774272
v -0.01288412 -0.00336551 -0.00792804
v -0.01278700 -0.00329924 -0.00772147
v -0.01278359 -0.00340194 -0.00790628
v -0.01264416 -0.00337977 -0.00767220
v -0.01263604 -0.00348496 -0.00785525
v -0.01248022 -0.00349986 -0.00759106
v -0.01246666 -0.00360941 -0.00777138
v -0.01325010 -0.00324559 -0.00750967
v -0.01310566 -0.00316409 -0.00755953
v -0.01300091 -0.00312669 -0.00758204
v -0.01293709 -0.00311803 -0.00758654
v -0.01287373 -0.00312677 -0.00758205
v -0.01276943 -0.00316422 -0.00755960
v -0.01262497 -0.00324569 -0.00750972
v -0.01246230 -0.00336471 -0.00742933
v -0.01329519 -0.00308926 -0.00737447
v -0.01314314 -0.00300350 -0.00742703
v -0.01302334 -0.00296096 -0.00745247
v -0.01293715 -0.00294962 -0.00745852
v -0.01285144 -0.00296104 -0.00745248
v -0.01273200 -0.00300364 -0.00742709
v -0.01257993 -0.00308937 -0.00737452
v -0.01241441 -0.00321040 -0.00729281
v -0.01081674 -0.00281847 -0.00845776
v -0.01078678 -0.00268266 -0.00831953
v -0.01057612 -0.00308329 -0.00824774
v -0.01054802 -0.00294548 -0.00811098
v -0.01037246 -0.00334909 -0.00801848
v -0.01034592 -0.00320888 -0.00788428
v -0.01019834 -0.00362140 -0.00776198
v -0.01017477 -0.00347721 -0.00763077
v -0.01005433 -0.00389853 -0.00747749
v -0.01003460 -0.00374929 -0.00734960
v -0.00994730 -0.00417224 -0.00717079
v -0.00992934 -0.00401898 -0.00704707
v -0.00988216 -0.00443554 -0.00684841
v -0.00986320 -0.00427995 -0.00672965
v -0.01087620 -0.00296527 -0.00857318
v -0.01063625 -0.00322932 -0.00836378
v -0.01043237 -0.00349542 -0.00813425
v -0.01025766 -0.00376869 -0.00787684
v -0.01011299 -0.00404711 -0.00759101
v -0.01000541 -0.00432218 -0.00728279
v -0.00994000 -0.00458664 -0.00695898
v -0.01096148 -0.00311764 -0.00866230
v -0.01072438 -0.00337851 -0.00845544
v -0.01052211 -0.00364254 -0.00822767
v -0.01034835 -0.00391438 -0.00797158
v -0.01020426 -0.00419165 -0.00768694
v -0.01009709 -0.00446558 -0.00738001
v -0.01003200 -0.00472869 -0.00705785
v -0.01106933 -0.00326978 -0.00872160
v -0.01083726 -0.00352513 -0.00851910
v -0.01063833 -0.00378483 -0.00829505
v -0.01046698 -0.00405290 -0.00804250
v -0.01032473 -0.00432659 -0.00776153
v -0.01021897 -0.00459691 -0.00745867
v -0.01015480 -0.00485619 -0.00714120
v -0.01119659 -0.00341588 -0.00874756
v -0.01097154 -0.00366349 -0.00855120
v -0.01077765 -0.00391665 -0.00833278
v -0.01061018 -0.00417867 -0.00808592
v -0.01047103 -0.00444640 -0.00781107
v -0.01036760 -0.00471065 -0.00751501
v -0.01030499 -0.00496366 -0.00720523
v -0.01133879 -0.00355055 -0.00873895
v -0.01112252 -0.00378847 -0.00855030
v -0.01093516 -0.00403309 -0.00833922
v -0.01077290 -0.00428698 -0.00810000
v -0.01063798 -0.00454655 -0.00783353
v -0.01053776 -0.00480251 -0.00754679
v -0.01047727 -0.00504698 -0.00724742
v -0.01148985 -0.00366890 -0.00869717
v -0.01128377 -0.00389561 -0.00851743
v -0.01110420 -0.00413010 -0.00831507
v -0.01094823 -0.00437415 -0.00808510
v -0.01081848 -0.00462376 -0.00782886
v -0.01072222 -0.00486956 -0.00755351
v -0.01066428 -0.00510368 -0.00726681
v -0.01164377 -0.00376605 -0.00862379
v -0.01144882 -0.00398050 -0.00845381
v -0.01127791 -0.00420368 -0.00826119
v -0.01112908 -0.00443657 -0.00804171
v -0.01100524 -0.00467481 -0.00779715
v -0.01091349 -0.00490900 -0.00753481
v -0.01085846 -0.00513134 -0.00726252
v -0.01079363 -0.00252917 -0.00810855
v -0.01085295 -0.00241539 -0.00788127
v -0.01056061 -0.00278570 -0.00790500
v -0.01062927 -0.00266168 -0.00768586
v -0.01036407 -0.00304186 -0.00768452
v -0.01044103 -0.00290702 -0.00747467
v -0.01019805 -0.00330208 -0.00743869
v -0.01028232 -0.00315567 -0.00723981
v -0.01006227 -0.00356545 -0.00716657
v -0.01015285 -0.00340677 -0.00698038
v -0.00996054 -0.00382617 -0.00687409
v -0.01005595 -0.00365494 -0.00670199
v -0.00989665 -0.00407833 -0.00656737
v -0.00999523 -0.00389464 -0.00641041
v -0.01193599 -0.00310347 -0.00690257
v -0.01203957 -0.00335276 -0.00694814
v -0.01188058 -0.00358717 -0.00673285
v -0.01220485 -0.00316491 -0.00709941
v -0.01096131 -0.00235081 -0.00765342
v -0.01074982 -0.00258374 -0.00746871
v -0.01057250 -0.00281503 -0.00726920
v -0.01042217 -0.00304998 -0.00704790
v -0.01029875 -0.00328745 -0.00680416
v -0.01020756 -0.00352046 -0.00654311
v -0.01015236 -0.00374337 -0.00627016
v -0.01135191 -0.00369342 -0.00607071
v -0.01138741 -0.00355040 -0.00624592
v -0.01159122 -0.00369760 -0.00631574
v -0.01144783 -0.00339644 -0.00641831
v -0.01172709 -0.00340082 -0.00663387
v -0.01153100 -0.00323650 -0.00658246
v -0.01175251 -0.00292135 -0.00686713
v -0.01189108 -0.00276866 -0.00698809
v -0.01206480 -0.00296158 -0.00701493
v -0.01111113 -0.00233745 -0.00744004
v -0.01129105 -0.00237558 -0.00725515
v -0.01149002 -0.00246479 -0.00711249
v -0.01169498 -0.00259926 -0.00702151
v -0.01181483 -0.00371130 -0.00660631
v -0.01174867 -0.00387518 -0.00642415
v -0.01171342 -0.00402458 -0.00623983
v -0.01111168 -0.00359953 -0.00602931
v -0.01085390 -0.00355614 -0.00602978
v -0.01115028 -0.00344390 -0.00621994
v -0.01089630 -0.00338510 -0.00623925
v -0.01121552 -0.00327760 -0.00640617
v -0.01096745 -0.00320363 -0.00644249
v -0.01130498 -0.00310554 -0.00658276
v -0.01106465 -0.00301668 -0.00663436
v -0.01141468 -0.00293413 -0.00674428
v -0.01118372 -0.00283065 -0.00680963
v -0.01059715 -0.00356709 -0.00607268
v -0.01064376 -0.00337896 -0.00630308
v -0.01072148 -0.00318056 -0.00652531
v -0.01082730 -0.00297700 -0.00673423
v -0.01095673 -0.00277479 -0.00692471
v -0.01035835 -0.00363162 -0.00615514
v -0.01040933 -0.00342580 -0.00640717
v -0.01049387 -0.00320984 -0.00664910
v -0.01060864 -0.00298906 -0.00687570
v -0.01074868 -0.00277018 -0.00708188
v -0.01208221 -0.00330002 -0.00699243
v -0.01091407 -0.00255450 -0.00726793
v -0.01110949 -0.00257556 -0.00709660
v -0.01132410 -0.00264759 -0.00696759
v -0.01154371 -0.00276591 -0.00688945
v -0.01180108 -0.00465347 -0.00676332
v -0.01216570 -0.00346025 -0.00710218
v -0.01201761 -0.00405314 -0.00712665
v -0.01198285 -0.00418810 -0.00728488
v -0.01190022 -0.00434984 -0.00711724
v -0.01193702 -0.00420819 -0.00696753
v -0.01193383 -0.00405276 -0.00682410
v -0.01201158 -0.00390320 -0.00697758
v -0.01183385 -0.00403318 -0.00653600
v -0.01196559 -0.00374554 -0.00684426
v -0.01221438 -0.00361398 -0.00723908
v -0.01222689 -0.00375463 -0.00739658
v -0.01233525 -0.00348089 -0.00734447
v -0.01235086 -0.00361815 -0.00750465
v -0.01187731 -0.00419639 -0.00666334
v -0.01183906 -0.00450677 -0.00694117
v -0.01187832 -0.00435745 -0.00680046
v -0.01208516 -0.00402700 -0.00743751
v -0.01220362 -0.00387248 -0.00757070
v -0.01233269 -0.00373108 -0.00768256
v -0.01164431 -0.00546072 -0.00605754
v -0.01164431 -0.00500764 -0.00675118
v -0.01142388 -0.00518465 -0.00687881
v -0.01114677 -0.00529769 -0.00696030
v -0.01114677 -0.00576844 -0.00623980
v -0.01114676 -0.00618359 -0.00546370
v -0.01114677 -0.00654052 -0.00463939
v -0.01114678 -0.00683658 -0.00377429
v -0.01114676 -0.00706916 -0.00287580
v -0.01114678 -0.00723644 -0.00195186
v -0.01114676 -0.00733758 -0.00101107
v -0.01114677 -0.00737175 -0.00006204
v -0.01114677 -0.00733817 0.00088660
v -0.01114678 -0.00723634 0.00182632
v -0.01114676 -0.00706770 0.00274908
v -0.01114676 -0.00683439 0.00364709
v -0.01114678 -0.00653857 0.00451253
v -0.01114677 -0.00618241 0.00533759
v -0.01114677 -0.00576806 0.00611445
v -0.01142387 -0.00518465 0.00675380
v -0.01114677 -0.00529769 0.00683530
v -0.01142388 -0.00564851 -0.00616878
v -0.01142388 -0.00605803 -0.00540312
v -0.01142387 -0.00641046 -0.00458918
v -0.01142388 -0.00670303 -0.00373433
v -0.01142387 -0.00693300 -0.00284597
v -0.01142387 -0.00709848 -0.00193203
v -0.01142387 -0.00719856 -0.00100115
v -0.01142387 -0.00723241 -0.00006202
v -0.01142389 -0.00719917 0.00087671
v -0.01142388 -0.00709836 0.00180643
v -0.01142387 -0.00693145 0.00271912
v -0.01142387 -0.00670071 0.00360698
v -0.01142389 -0.00640840 0.00446219
v -0.01142388 -0.00605678 0.00527694
v -0.01142388 -0.00564811 0.00604341
v -0.01164432 -0.00500764 0.00662618
v -0.01164431 -0.00546030 0.00593213
v -0.01164431 -0.00586009 0.00518191
v -0.01164430 -0.00620461 0.00438332
v -0.01164429 -0.00649144 0.00354415
v -0.01164429 -0.00671814 0.00267221
v -0.01164429 -0.00688232 0.00177530
v -0.01164430 -0.00698154 0.00086124
v -0.01164430 -0.00701421 -0.00006196
v -0.01164429 -0.00698089 -0.00098561
v -0.01164429 -0.00688245 -0.00190097
v -0.01164430 -0.00671981 -0.00279926
v -0.01164431 -0.00649392 -0.00367176
v -0.01164430 -0.00620682 -0.00451053
v -0.01164431 -0.00586143 -0.00530822
v -0.01166138 -0.00485825 0.00681690
v -0.01170199 -0.00469715 0.00701377
v -0.01176836 -0.00452564 0.00720665
v -0.01185938 -0.00434877 0.00738820
v -0.01197190 -0.00417239 0.00755353
v -0.01210134 -0.00400305 0.00769975
v -0.01224295 -0.00384733 0.00782405
v -0.01239011 -0.00371302 0.00792874
v -0.01225491 -0.00374143 0.00820645
v -0.01208693 -0.00389554 0.00809030
v -0.01192857 -0.00406922 0.00795184
v -0.01178567 -0.00425641 0.00779018
v -0.01166218 -0.00445091 0.00760764
v -0.01156200 -0.00464654 0.00740663
v -0.01148817 -0.00483742 0.00719194
v -0.01144252 -0.00501803 0.00697127
v -0.01207315 -0.00369065 0.00845262
v -0.01187957 -0.00386711 0.00832242
v -0.01170200 -0.00406128 0.00816782
v -0.01154426 -0.00426819 0.00798911
v -0.01140910 -0.00448229 0.00778791
v -0.01129924 -0.00469806 0.00756596
v -0.01121736 -0.00490978 0.00732781
v -0.01116620 -0.00511149 0.00708142
v -0.01257506 -0.00357747 0.00802009
v -0.01230773 -0.00351856 0.00856833
v -0.01253883 -0.00338990 0.00864773
v -0.01274932 -0.00331482 0.00869188
v -0.01293751 -0.00329121 0.00870524
v -0.01312597 -0.00331469 0.00869204
v -0.01333599 -0.00338967 0.00864802
v -0.01356724 -0.00351857 0.00856818
v -0.01362010 -0.00374143 0.00820645
v -0.01380186 -0.00369064 0.00845262
v -0.01246215 -0.00358942 0.00830879
v -0.01265589 -0.00348121 0.00837528
v -0.01281497 -0.00342422 0.00840902
v -0.01293751 -0.00340825 0.00841808
v -0.01306041 -0.00342400 0.00840926
v -0.01321892 -0.00348089 0.00837568
v -0.01341286 -0.00358936 0.00830862
v -0.01348491 -0.00371302 0.00792874
v -0.01330002 -0.00357736 0.00801992
v -0.01313489 -0.00348466 0.00807711
v -0.01301398 -0.00344107 0.00810301
v -0.01293749 -0.00343081 0.00810872
v -0.01286149 -0.00344133 0.00810273
v -0.01273998 -0.00348501 0.00807665
v -0.01363460 -0.00384895 0.00782957
v -0.01465907 -0.00490986 0.00732690
v -0.01457688 -0.00469783 0.00756520
v -0.01471047 -0.00511180 0.00708131
v -0.01446678 -0.00448168 0.00778936
v -0.01433161 -0.00426737 0.00799260
v -0.01417405 -0.00406057 0.00817107
v -0.01399664 -0.00386656 0.00832444
v -0.01438892 -0.00483832 0.00719256
v -0.01431473 -0.00464703 0.00740757
v -0.01421499 -0.00445128 0.00761063
v -0.01409203 -0.00425680 0.00779502
v -0.01394912 -0.00406951 0.00795654
v -0.01379040 -0.00389565 0.00809401
v -0.01417500 -0.00469960 0.00701621
v -0.01410824 -0.00452762 0.00720953
v -0.01401807 -0.00435085 0.00739294
v -0.01390649 -0.00417467 0.00755992
v -0.01377692 -0.00400511 0.00770607
v -0.01421645 -0.00486140 0.00681956
v -0.01423070 -0.00500764 0.00662618
v -0.01443517 -0.00501943 0.00697238
v -0.01445112 -0.00518465 0.00675381
v -0.01472823 -0.00529769 0.00683531
v -0.01423070 -0.00546030 0.00593213
v -0.01472823 -0.00576806 0.00611445
v -0.01472823 -0.00618241 0.00533759
v -0.01472824 -0.00653857 0.00451253
v -0.01472822 -0.00683439 0.00364709
v -0.01472823 -0.00706770 0.00274908
v -0.01472824 -0.00723634 0.00182631
v -0.01472823 -0.00733817 0.00088660
v -0.01472823 -0.00737175 -0.00006204
v -0.01472822 -0.00733758 -0.00101107
v -0.01472824 -0.00723644 -0.00195186
v -0.01472822 -0.00706916 -0.00287580
v -0.01472824 -0.00683658 -0.00377429
v -0.01472823 -0.00654052 -0.00463940
v -0.01472822 -0.00618359 -0.00546370
v -0.01472823 -0.00576844 -0.00623980
v -0.01445113 -0.00518465 -0.00687881
v -0.01472823 -0.00529769 -0.00696030
v -0.01445113 -0.00564811 0.00604342
v -0.01445114 -0.00605678 0.00527694
v -0.01445112 -0.00640840 0.00446219
v -0.01445113 -0.00670071 0.00360698
v -0.01445113 -0.00693145 0.00271912
v -0.01445114 -0.00709836 0.00180643
v -0.01445111 -0.00719918 0.00087670
v -0.01445112 -0.00723240 -0.00006201
v -0.01445113 -0.00719856 -0.00100115
v -0.01445113 -0.00709848 -0.00193203
v -0.01445112 -0.00693300 -0.00284596
v -0.01445113 -0.00670302 -0.00373433
v -0.01445112 -0.00641045 -0.00458918
v -0.01445113 -0.00605803 -0.00540312
v -0.01445113 -0.00564850 -0.00616878
v -0.01423070 -0.00500764 -0.00675118
v -0.01423070 -0.00546072 -0.00605754
v -0.01423070 -0.00586143 -0.00530822
v -0.01423068 -0.00620682 -0.00451053
v -0.01423069 -0.00649392 -0.00367176
v -0.01423069 -0.00671981 -0.00279926
v -0.01423071 -0.00688245 -0.00190096
v -0.01423071 -0.00698088 -0.00098561
v -0.01423068 -0.00701421 -0.00006196
v -0.01423069 -0.00698154 0.00086124
v -0.01423071 -0.00688231 0.00177531
v -0.01423071 -0.00671814 0.00267221
v -0.01423071 -0.00649143 0.00354415
v -0.01423069 -0.00620461 0.00438332
v -0.01423070 -0.00586009 0.00518191
v -0.01421362 -0.00485825 -0.00694190
v -0.01417302 -0.00469715 -0.00713876
v -0.01410664 -0.00452564 -0.00733164
v -0.01401563 -0.00434877 -0.00751320
v -0.01390310 -0.00417239 -0.00767853
v -0.01377367 -0.00400305 -0.00782475
v -0.01363206 -0.00384733 -0.00794905
v -0.01348489 -0.00371302 -0.00805374
v -0.01362009 -0.00374143 -0.00833145
v -0.01378807 -0.00389554 -0.00821530
v -0.01394643 -0.00406922 -0.00807684
v -0.01408934 -0.00425641 -0.00791518
v -0.01421283 -0.00445091 -0.00773264
v -0.01431298 -0.00464654 -0.00753163
v -0.01438683 -0.00483742 -0.00731694
v -0.01443247 -0.00501803 -0.00709628
v -0.01380183 -0.00369065 -0.00857762
v -0.01399541 -0.00386711 -0.00844742
v -0.01417303 -0.00406128 -0.00829282
v -0.01433073 -0.00426819 -0.00811411
v -0.01446588 -0.00448229 -0.00791291
v -0.01457576 -0.00469806 -0.00769096
v -0.01465766 -0.00490978 -0.00745281
v -0.01470878 -0.00511149 -0.00720642
v -0.01329988 -0.00357740 -0.00814507
v -0.01356721 -0.00351851 -0.00869332
v -0.01333606 -0.00338978 -0.00877279
v -0.01312552 -0.00331466 -0.00881697
v -0.01293742 -0.00329114 -0.00883025
v -0.01274899 -0.00331456 -0.00881719
v -0.01253898 -0.00338960 -0.00877312
v -0.01230765 -0.00351844 -0.00869339
v -0.01225491 -0.00374143 -0.00833145
v -0.01207315 -0.00369064 -0.00857762
v -0.01341276 -0.00358936 -0.00843378
v -0.01321899 -0.00348104 -0.00850036
v -0.01305990 -0.00342400 -0.00853413
v -0.01293745 -0.00340816 -0.00854309
v -0.01281456 -0.00342385 -0.00853444
v -0.01265606 -0.00348081 -0.00850081
v -0.01246206 -0.00358922 -0.00843388
v -0.01239009 -0.00371302 -0.00805374
v -0.01257487 -0.00357725 -0.00814519
v -0.01274012 -0.00348460 -0.00820224
v -0.01286099 -0.00344092 -0.00822820
v -0.01293744 -0.00343071 -0.00823372
v -0.01301337 -0.00344109 -0.00822785
v -0.01313491 -0.00348481 -0.00820174
v -0.01224154 -0.00384774 -0.00795547
v -0.01121699 -0.00490843 -0.00745308
v -0.01130005 -0.00469510 -0.00769253
v -0.01116486 -0.00511146 -0.00720654
v -0.01141086 -0.00447799 -0.00791753
v -0.01154625 -0.00426359 -0.00812082
v -0.01170342 -0.00405764 -0.00829848
v -0.01187988 -0.00386504 -0.00845062
v -0.01148701 -0.00483698 -0.00731861
v -0.01156199 -0.00464449 -0.00753464
v -0.01166238 -0.00444786 -0.00773843
v -0.01178552 -0.00425331 -0.00792286
v -0.01192808 -0.00406685 -0.00808366
v -0.01208592 -0.00389430 -0.00822004
v -0.01170085 -0.00469834 -0.00714214
v -0.01176829 -0.00452525 -0.00733636
v -0.01185898 -0.00434767 -0.00752044
v -0.01197074 -0.00417144 -0.00768744
v -0.01209999 -0.00400268 -0.00783294
v -0.01165880 -0.00486109 -0.00694475
v -0.01144010 -0.00501910 -0.00709758
f 1 2 3
f 4 5 6
f 7 8 9
f 9 8 10
f 9 10 3
f 3 10 11
f 3 11 1
f 9 12 7
f 7 12 13
f 7 13 14
f 14 13 15
f 16 12 17
f 17 12 9
f 17 9 18
f 18 9 3
f 18 3 6
f 6 3 2
f 6 2 4
f 19 20 21
f 22 23 24
f 25 26 27
f 27 26 28
f 23 29 24
f 24 29 30
f 24 30 26
f 26 30 31
f 26 31 28
f 32 33 34
f 34 33 35
f 34 35 36
f 36 35 19
f 36 19 37
f 37 19 21
f 25 20 26
f 26 20 19
f 26 19 24
f 24 19 35
f 24 35 22
f 22 35 33
f 38 39 40
f 41 42 40
f 40 42 43
f 40 43 38
f 38 43 44
f 38 44 45
f 45 44 46
f 47 48 49
f 49 48 50
f 51 52 53
f 52 51 54
f 54 51 55
f 54 55 56
f 56 55 57
f 56 57 58
f 59 60 61
f 61 60 62
f 61 62 63
f 63 62 64
f 63 64 65
f 65 64 43
f 50 66 49
f 49 66 67
f 49 67 59
f 59 67 68
f 59 68 60
f 51 69 49
f 49 69 70
f 49 70 47
f 53 71 51
f 51 71 72
f 51 72 69
f 58 57 73
f 73 57 74
f 73 74 75
f 75 74 76
f 75 76 42
f 42 76 77
f 42 77 43
f 43 77 78
f 43 78 65
f 43 16 44
f 44 16 17
f 5 46 6
f 6 46 44
f 6 44 18
f 18 44 17
f 5 79 46
f 46 79 80
f 46 80 45
f 45 80 81
f 45 81 38
f 38 81 82
f 38 82 83
f 83 84 38
f 38 84 85
f 38 85 39
f 39 85 86
f 86 85 87
f 86 87 88
f 33 32 89
f 90 91 92
f 93 94 95
f 96 97 98
f 95 99 100
f 100 99 101
f 100 101 102
f 102 101 98
f 102 98 103
f 103 98 97
f 94 104 95
f 95 104 105
f 95 105 99
f 106 93 107
f 108 109 110
f 110 109 111
f 110 112 108
f 108 112 92
f 108 92 113
f 113 92 91
f 114 23 22
f 23 114 29
f 29 114 107
f 29 107 115
f 116 31 115
f 115 31 30
f 115 30 29
f 103 117 102
f 102 117 27
f 102 27 28
f 89 118 112
f 112 118 119
f 112 119 92
f 92 119 120
f 92 120 90
f 90 120 121
f 90 121 122
f 111 106 110
f 110 106 107
f 110 107 112
f 112 107 114
f 112 114 89
f 89 114 22
f 89 22 33
f 93 95 107
f 107 95 100
f 107 100 115
f 115 100 102
f 115 102 116
f 116 102 28
f 116 28 31
f 123 124 125
f 125 124 126
f 127 124 128
f 128 124 123
f 128 123 129
f 129 123 130
f 129 130 131
f 131 130 132
f 132 130 133
f 132 133 134
f 134 133 135
f 134 135 136
f 137 138 139
f 139 138 140
f 139 140 141
f 141 140 142
f 141 142 143
f 126 144 125
f 125 144 145
f 125 145 137
f 137 145 146
f 137 146 138
f 136 135 147
f 147 135 148
f 147 148 149
f 150 151 152
f 152 151 153
f 152 153 148
f 148 153 154
f 148 154 149
f 155 156 152
f 152 156 157
f 152 157 150
f 142 158 143
f 143 158 159
f 143 159 160
f 159 161 160
f 160 161 162
f 160 162 152
f 152 162 163
f 152 163 155
f 21 140 37
f 37 140 138
f 37 138 36
f 164 165 166
f 166 165 167
f 122 144 164
f 164 144 126
f 164 126 165
f 122 121 144
f 144 121 120
f 144 120 145
f 120 119 145
f 145 119 118
f 145 118 146
f 118 89 146
f 146 89 32
f 146 32 138
f 138 32 34
f 138 34 36
f 168 21 20
f 169 25 170
f 170 25 27
f 169 171 25
f 25 171 172
f 25 172 173
f 173 174 25
f 25 174 175
f 25 175 20
f 20 175 176
f 20 176 168
f 177 15 13
f 178 179 12
f 12 179 180
f 12 180 13
f 13 180 181
f 13 181 177
f 182 183 16
f 16 183 184
f 16 184 12
f 12 184 185
f 12 185 178
f 186 187 188
f 188 189 186
f 186 189 142
f 186 142 168
f 168 142 140
f 168 140 21
f 190 191 192
f 192 191 193
f 193 194 192
f 192 194 195
f 192 195 196
f 197 15 177
f 197 177 198
f 198 177 199
f 198 199 192
f 192 199 200
f 192 200 190
f 179 201 202
f 177 181 199
f 199 181 180
f 199 180 203
f 203 180 179
f 203 179 204
f 204 179 202
f 178 205 179
f 179 205 206
f 179 206 201
f 178 185 205
f 205 185 184
f 205 184 207
f 207 184 183
f 207 183 208
f 208 183 182
f 208 182 209
f 209 182 210
f 211 212 210
f 16 43 182
f 182 43 64
f 182 64 210
f 210 64 213
f 210 213 211
f 214 215 216
f 216 215 217
f 216 217 218
f 219 220 221
f 221 220 222
f 221 222 223
f 217 224 218
f 218 224 225
f 218 225 222
f 222 225 226
f 222 226 223
f 227 228 229
f 229 228 230
f 229 230 231
f 231 230 232
f 231 232 233
f 233 232 234
f 233 234 235
f 235 234 236
f 235 236 221
f 221 236 237
f 221 237 219
f 229 238 227
f 227 238 239
f 227 239 240
f 240 239 241
f 240 241 242
f 242 241 243
f 242 243 244
f 245 246 215
f 214 247 215
f 215 247 248
f 215 248 245
f 249 250 251
f 251 250 215
f 251 215 252
f 252 215 246
f 251 252 253
f 253 252 246
f 247 214 248
f 248 214 253
f 248 253 245
f 245 253 246
f 215 250 253
f 253 250 249
f 253 249 251
f 254 255 256
f 216 257 214
f 258 259 260
f 244 261 255
f 255 261 262
f 255 262 260
f 260 262 263
f 260 263 258
f 254 264 228
f 228 227 254
f 254 227 240
f 254 240 255
f 255 240 242
f 255 242 244
f 236 234 265
f 265 234 232
f 265 232 264
f 264 232 230
f 264 230 228
f 218 222 266
f 266 222 220
f 266 220 267
f 267 220 219
f 267 219 237
f 257 216 268
f 269 270 271
f 271 270 272
f 271 272 273
f 236 265 272
f 272 265 274
f 272 274 273
f 256 275 254
f 254 275 276
f 254 276 264
f 264 276 277
f 264 277 265
f 265 277 278
f 265 278 274
f 259 279 260
f 260 279 280
f 260 280 255
f 255 280 281
f 255 281 256
f 268 270 282
f 282 270 269
f 282 269 283
f 216 218 268
f 268 218 266
f 268 266 270
f 270 266 267
f 270 267 272
f 272 267 237
f 272 237 236
f 284 285 286
f 287 288 289
f 289 288 290
f 289 290 291
f 292 286 225
f 225 224 292
f 292 224 217
f 292 217 215
f 293 233 235
f 293 235 284
f 284 235 221
f 284 221 285
f 285 221 223
f 285 223 286
f 286 223 226
f 286 226 225
f 294 229 293
f 293 229 231
f 293 231 233
f 243 241 295
f 295 241 239
f 295 239 294
f 294 239 238
f 294 238 229
f 296 297 298
f 298 297 299
f 298 299 300
f 284 301 293
f 293 301 302
f 293 302 294
f 294 302 303
f 294 303 295
f 304 305 306
f 307 290 306
f 306 290 288
f 306 288 304
f 304 288 287
f 304 287 308
f 297 309 299
f 299 309 310
f 299 310 300
f 300 310 311
f 300 311 312
f 292 296 286
f 286 296 298
f 286 298 284
f 284 298 300
f 284 300 301
f 301 300 312
f 312 313 301
f 301 313 314
f 301 314 302
f 302 314 315
f 302 315 303
f 303 315 316
f 316 317 303
f 303 317 305
f 303 305 295
f 295 305 304
f 295 304 243
f 243 304 308
f 318 307 319
f 319 307 306
f 319 306 320
f 320 306 305
f 320 305 321
f 321 305 317
f 322 323 324
f 322 324 325
f 325 324 326
f 325 326 327
f 328 327 329
f 329 327 326
f 322 330 331
f 332 333 334
f 334 333 335
f 334 335 336
f 336 335 337
f 336 337 338
f 322 331 323
f 330 339 331
f 331 339 340
f 331 340 341
f 341 340 342
f 341 342 343
f 338 323 336
f 336 323 331
f 336 331 344
f 344 331 345
f 344 345 346
f 346 345 347
f 346 347 348
f 348 347 349
f 348 349 350
f 350 349 351
f 350 351 352
f 353 354 355
f 355 354 356
f 355 356 357
f 357 356 358
f 357 358 359
f 359 358 360
f 359 360 361
f 361 360 362
f 361 362 363
f 363 362 364
f 363 364 352
f 352 364 365
f 352 365 350
f 291 354 258
f 258 354 353
f 244 243 261
f 261 243 308
f 261 308 262
f 262 308 287
f 262 287 263
f 263 287 289
f 263 289 258
f 258 289 291
f 322 366 330
f 330 366 367
f 330 367 339
f 327 328 325
f 325 328 368
f 325 368 322
f 322 368 369
f 322 369 366
f 370 371 372
f 372 371 373
f 372 373 368
f 368 373 374
f 368 374 369
f 375 376 377
f 377 376 378
f 377 378 379
f 379 378 380
f 380 381 379
f 379 381 335
f 379 335 333
f 333 332 379
f 379 332 382
f 379 382 377
f 377 382 383
f 377 383 375
f 375 383 384
f 340 339 385
f 385 339 367
f 386 337 381
f 381 337 335
f 387 388 389
f 389 388 390
f 389 390 391
f 391 390 392
f 391 392 393
f 393 392 394
f 393 394 395
f 396 388 387
f 387 397 396
f 396 397 398
f 396 398 399
f 400 401 398
f 398 401 399
f 402 403 404
f 404 403 405
f 404 405 400
f 400 405 406
f 400 406 401
f 407 408 409
f 410 407 397
f 397 407 409
f 397 409 398
f 397 387 411
f 410 397 412
f 412 397 411
f 412 411 413
f 411 387 389
f 391 393 414
f 413 411 415
f 415 411 389
f 415 389 416
f 416 389 391
f 416 391 417
f 417 391 414
f 417 414 418
f 395 419 393
f 393 419 414
f 420 421 399
f 399 421 422
f 399 422 396
f 423 424 396
f 396 424 425
f 396 425 388
f 388 425 426
f 426 427 388
f 388 427 376
f 388 376 390
f 403 428 405
f 405 428 429
f 405 429 406
f 406 429 430
f 406 430 401
f 401 430 431
f 401 431 399
f 399 431 432
f 399 432 420
f 422 433 396
f 396 433 369
f 396 369 423
f 423 369 374
f 376 375 390
f 390 375 384
f 390 384 392
f 392 384 434
f 392 434 394
f 394 434 419
f 394 419 395
f 371 370 435
f 435 436 371
f 371 436 437
f 371 437 373
f 373 437 438
f 373 438 374
f 374 438 439
f 374 439 423
f 440 428 402
f 402 428 403
f 158 441 442
f 442 441 443
f 442 443 444
f 159 158 419
f 419 158 442
f 419 442 414
f 414 442 444
f 414 444 445
f 434 384 383
f 383 382 434
f 434 382 446
f 434 446 419
f 419 446 161
f 419 161 159
f 376 427 378
f 378 427 426
f 378 426 380
f 386 381 447
f 447 381 380
f 447 380 426
f 425 424 448
f 448 424 423
f 448 423 449
f 426 425 447
f 447 425 448
f 447 448 449
f 447 449 386
f 329 326 324
f 449 323 386
f 386 323 338
f 386 338 337
f 329 324 450
f 450 324 323
f 450 323 439
f 439 323 449
f 439 449 423
f 439 438 450
f 450 438 437
f 450 437 451
f 451 437 436
f 451 436 435
f 440 402 404
f 400 398 409
f 452 440 453
f 453 440 404
f 453 404 454
f 454 404 400
f 454 400 455
f 455 400 409
f 455 409 408
f 456 457 458
f 459 460 461
f 461 460 462
f 463 462 464
f 464 462 460
f 464 460 465
f 459 466 460
f 460 466 456
f 460 456 465
f 465 456 458
f 467 457 468
f 468 457 456
f 468 456 469
f 469 456 466
f 470 471 472
f 472 471 473
f 472 473 474
f 474 473 475
f 475 473 476
f 475 476 477
f 477 476 478
f 478 476 479
f 478 479 480
f 481 479 482
f 482 479 476
f 482 476 483
f 483 476 473
f 483 473 484
f 484 473 471
f 477 478 485
f 474 475 486
f 470 472 487
f 488 489 490
f 491 492 493
f 492 491 494
f 495 494 496
f 497 495 498
f 488 490 499
f 499 490 491
f 499 491 500
f 500 491 493
f 500 493 501
f 497 498 502
f 502 498 503
f 502 503 504
f 489 505 490
f 490 505 506
f 490 506 487
f 487 506 507
f 487 507 508
f 509 470 510
f 510 470 487
f 510 487 511
f 511 487 508
f 494 491 496
f 496 491 490
f 496 490 512
f 512 490 487
f 512 487 486
f 486 487 472
f 486 472 474
f 495 496 498
f 498 496 512
f 498 512 503
f 503 512 486
f 503 486 485
f 485 486 475
f 485 475 477
f 504 503 513
f 513 503 485
f 513 485 514
f 514 485 478
f 514 478 480
f 511 508 515
f 501 516 500
f 500 516 517
f 500 517 499
f 515 508 518
f 519 520 505
f 505 520 521
f 505 521 506
f 506 521 518
f 506 518 507
f 507 518 508
f 505 489 519
f 519 489 488
f 519 488 522
f 522 488 499
f 522 499 523
f 523 499 517
f 511 515 510
f 510 515 524
f 510 524 509
f 470 525 471
f 471 525 526
f 471 526 484
f 484 526 527
f 484 527 528
f 529 530 531
f 526 525 532
f 525 470 532
f 532 470 509
f 532 509 533
f 533 509 524
f 526 532 527
f 527 532 534
f 527 534 528
f 530 529 535
f 536 535 537
f 537 535 529
f 537 529 538
f 538 529 531
f 538 531 539
f 540 541 542
f 542 541 543
f 542 543 544
f 544 543 545
f 544 545 531
f 531 545 546
f 531 546 539
f 540 542 547
f 547 542 548
f 547 548 549
f 550 551 552
f 552 551 553
f 549 548 554
f 554 548 552
f 554 552 555
f 555 552 553
f 555 553 556
f 557 517 558
f 558 517 516
f 558 516 501
f 520 519 559
f 559 519 522
f 559 522 557
f 557 522 523
f 557 523 517
f 524 515 533
f 533 515 518
f 533 518 559
f 559 518 521
f 559 521 520
f 560 561 550
f 561 560 558
f 550 552 560
f 560 552 548
f 560 548 562
f 562 548 542
f 562 542 563
f 563 542 544
f 563 544 564
f 564 544 531
f 564 531 565
f 558 560 557
f 557 560 562
f 557 562 559
f 559 562 563
f 559 563 533
f 533 563 564
f 533 564 532
f 532 564 565
f 532 565 534
f 566 567 463
f 463 567 568
f 463 568 462
f 462 568 569
f 462 569 461
f 570 571 572
f 572 571 573
f 572 573 574
f 574 573 575
f 574 575 576
f 576 575 577
f 576 577 578
f 578 577 579
f 580 480 581
f 581 480 479
f 581 479 582
f 582 479 583
f 583 479 481
f 583 481 584
f 467 585 457
f 457 585 586
f 457 586 587
f 588 458 589
f 589 458 457
f 589 457 590
f 590 457 587
f 580 579 577
f 580 577 480
f 480 577 514
f 514 577 575
f 514 575 513
f 575 573 513
f 513 573 571
f 513 571 504
f 504 571 570
f 504 570 502
f 502 570 591
f 502 591 497
f 592 593 584
f 584 593 594
f 584 594 583
f 583 594 595
f 583 595 582
f 582 595 596
f 582 596 581
f 597 588 598
f 598 588 589
f 587 599 590
f 590 599 600
f 590 600 589
f 589 600 601
f 589 601 598
f 343 342 602
f 602 342 603
f 604 605 606
f 606 605 602
f 606 602 607
f 607 602 603
f 431 430 606
f 606 430 608
f 606 608 604
f 609 155 163
f 350 610 348
f 348 610 611
f 348 611 346
f 346 611 612
f 346 612 344
f 344 612 336
f 336 612 613
f 336 613 334
f 334 613 332
f 332 613 446
f 332 446 382
f 610 614 611
f 611 614 609
f 611 609 612
f 612 609 163
f 612 163 613
f 613 163 162
f 613 162 446
f 446 162 161
f 615 616 617
f 354 618 619
f 354 619 356
f 356 619 620
f 356 620 358
f 358 620 621
f 358 621 360
f 360 621 622
f 360 622 362
f 362 622 623
f 362 623 364
f 364 623 624
f 364 624 365
f 365 624 625
f 365 625 350
f 609 614 625
f 625 614 610
f 625 610 350
f 618 615 619
f 619 615 617
f 619 617 620
f 620 617 626
f 620 626 621
f 621 626 627
f 621 627 622
f 622 627 628
f 622 628 623
f 623 628 629
f 623 629 624
f 624 629 630
f 624 630 625
f 625 630 631
f 625 631 609
f 318 616 307
f 307 616 615
f 307 615 290
f 290 615 618
f 290 618 291
f 291 618 354
f 328 329 450
f 435 370 451
f 451 370 372
f 451 372 450
f 450 372 368
f 450 368 328
f 632 633 634
f 635 636 637
f 638 635 639
f 639 635 640
f 639 640 641
f 642 638 643
f 643 638 639
f 643 639 644
f 644 639 641
f 644 641 645
f 645 641 646
f 646 647 645
f 645 647 648
f 645 648 649
f 633 650 634
f 634 650 651
f 634 651 652
f 635 637 640
f 640 637 653
f 640 653 654
f 654 632 640
f 640 632 634
f 640 634 641
f 641 634 652
f 641 652 646
f 646 652 655
f 646 655 647
f 656 657 658
f 658 657 659
f 658 659 660
f 661 662 663
f 663 662 664
f 663 664 665
f 665 664 666
f 665 666 667
f 667 666 668
f 667 668 669
f 669 668 670
f 669 670 671
f 671 670 672
f 671 672 673
f 673 672 674
f 673 674 675
f 675 674 676
f 675 676 677
f 677 676 678
f 677 678 642
f 642 678 638
f 635 679 680
f 680 681 635
f 635 681 636
f 682 683 684
f 684 683 685
f 684 685 679
f 679 685 686
f 679 686 680
f 682 684 687
f 687 684 688
f 687 688 689
f 689 688 690
f 690 688 691
f 690 691 692
f 692 691 693
f 693 691 694
f 693 694 695
f 695 694 696
f 696 694 697
f 696 697 698
f 699 700 697
f 697 700 701
f 697 701 698
f 656 702 657
f 657 702 703
f 657 703 699
f 699 703 704
f 699 704 700
f 662 659 664
f 664 659 657
f 664 657 666
f 666 657 699
f 666 699 668
f 668 699 697
f 668 697 670
f 670 697 694
f 670 694 672
f 672 694 691
f 672 691 674
f 674 691 688
f 674 688 676
f 676 688 684
f 676 684 678
f 678 684 679
f 678 679 638
f 638 679 635
f 705 706 707
f 662 661 708
f 708 661 709
f 708 709 710
f 710 709 711
f 710 711 707
f 707 711 712
f 707 712 705
f 660 659 713
f 713 659 714
f 713 714 715
f 715 714 716
f 717 718 719
f 719 720 717
f 717 720 721
f 717 721 714
f 714 721 722
f 714 722 716
f 706 723 707
f 707 723 718
f 707 718 710
f 710 718 717
f 710 717 708
f 708 717 714
f 708 714 662
f 662 714 659
f 724 725 726
f 726 725 727
f 726 727 728
f 728 727 729
f 728 729 730
f 730 729 731
f 732 733 734
f 734 733 735
f 734 735 724
f 724 735 736
f 724 736 725
f 737 738 734
f 739 740 737
f 738 741 734
f 734 741 742
f 734 742 732
f 724 726 743
f 737 734 739
f 739 734 724
f 739 724 744
f 744 724 743
f 744 743 745
f 746 726 728
f 746 728 747
f 728 730 747
f 747 730 731
f 747 731 748
f 749 750 751
f 752 753 754
f 755 756 753
f 757 735 733
f 753 752 755
f 755 752 758
f 755 758 759
f 759 758 760
f 759 760 761
f 761 760 762
f 761 762 763
f 763 762 764
f 763 764 765
f 765 764 766
f 765 766 767
f 767 766 768
f 767 768 769
f 769 768 770
f 769 770 771
f 771 770 772
f 771 772 773
f 773 772 774
f 773 774 775
f 775 774 776
f 775 776 777
f 777 776 778
f 777 778 779
f 779 778 780
f 779 780 781
f 781 780 757
f 781 757 782
f 782 757 733
f 782 733 732
f 783 736 735
f 784 727 725
f 785 731 729
f 786 787 788
f 788 787 789
f 788 789 790
f 790 789 785
f 790 785 784
f 784 785 729
f 784 729 727
f 786 788 791
f 791 788 792
f 791 792 793
f 793 792 794
f 793 794 795
f 795 794 796
f 795 796 797
f 798 799 800
f 800 799 801
f 800 801 802
f 802 801 803
f 802 803 804
f 804 803 805
f 804 805 806
f 806 805 807
f 806 807 796
f 796 807 808
f 796 808 797
f 798 800 809
f 809 800 810
f 809 810 811
f 811 810 812
f 811 812 813
f 813 812 814
f 813 814 815
f 751 750 816
f 817 815 750
f 750 815 814
f 750 814 816
f 816 814 812
f 816 812 818
f 818 812 810
f 818 810 819
f 819 810 800
f 819 800 820
f 820 800 802
f 820 802 821
f 821 802 804
f 821 804 822
f 822 804 806
f 822 806 823
f 823 806 796
f 823 796 824
f 824 796 794
f 824 794 825
f 825 794 792
f 825 792 826
f 826 792 788
f 826 788 827
f 827 788 790
f 827 790 828
f 828 790 784
f 828 784 783
f 783 784 725
f 783 725 736
f 735 757 783
f 783 757 780
f 783 780 828
f 828 780 778
f 828 778 827
f 827 778 776
f 827 776 826
f 826 776 774
f 826 774 825
f 825 774 772
f 825 772 824
f 824 772 770
f 824 770 823
f 823 770 768
f 823 768 822
f 822 768 766
f 822 766 821
f 821 766 764
f 821 764 820
f 820 764 762
f 820 762 819
f 819 762 760
f 819 760 818
f 818 760 758
f 818 758 816
f 816 758 752
f 816 752 751
f 751 752 754
f 751 754 749
f 829 830 831
f 832 833 834
f 834 833 835
f 835 833 836
f 835 836 837
f 837 836 838
f 838 836 839
f 838 839 831
f 831 839 840
f 831 840 829
f 841 842 843
f 844 845 846
f 846 845 847
f 846 847 843
f 843 847 848
f 843 848 841
f 844 846 849
f 849 846 850
f 849 850 851
f 851 850 852
f 851 852 853
f 853 852 854
f 853 854 855
f 855 854 856
f 855 856 857
f 858 859 860
f 860 859 861
f 860 861 862
f 862 861 863
f 862 863 864
f 864 863 865
f 864 865 856
f 856 865 866
f 856 866 857
f 867 838 831
f 858 860 868
f 868 860 869
f 868 869 870
f 870 869 871
f 870 871 872
f 872 871 873
f 872 873 874
f 874 873 867
f 874 867 875
f 875 867 831
f 875 831 830
f 876 834 835
f 877 832 834
f 834 876 877
f 877 876 878
f 877 878 879
f 879 878 880
f 879 880 881
f 881 880 882
f 881 882 883
f 883 882 884
f 883 884 885
f 885 884 886
f 885 886 887
f 887 886 888
f 887 888 889
f 889 888 890
f 889 890 891
f 891 890 892
f 891 892 893
f 893 892 894
f 893 894 895
f 895 894 896
f 895 896 897
f 897 896 898
f 897 898 899
f 899 898 900
f 899 900 901
f 901 900 902
f 901 902 903
f 904 905 906
f 842 907 905
f 905 904 842
f 842 904 908
f 842 908 843
f 843 908 909
f 843 909 846
f 846 909 910
f 846 910 850
f 850 910 911
f 850 911 852
f 852 911 912
f 852 912 854
f 854 912 913
f 854 913 856
f 856 913 914
f 856 914 864
f 864 914 915
f 864 915 862
f 862 915 916
f 862 916 860
f 860 916 917
f 860 917 869
f 869 917 918
f 869 918 871
f 871 918 919
f 871 919 873
f 873 919 920
f 873 920 867
f 867 920 837
f 867 837 838
f 921 903 906
f 906 903 902
f 906 902 904
f 904 902 900
f 904 900 908
f 908 900 898
f 908 898 909
f 909 898 896
f 909 896 910
f 910 896 894
f 910 894 911
f 911 894 892
f 911 892 912
f 912 892 890
f 912 890 913
f 913 890 888
f 913 888 914
f 914 888 886
f 914 886 915
f 915 886 884
f 915 884 916
f 916 884 882
f 916 882 917
f 917 882 880
f 917 880 918
f 918 880 878
f 918 878 919
f 919 878 876
f 919 876 920
f 920 876 835
f 920 835 837
f 839 922 840
f 840 922 923
f 840 923 829
f 829 923 924
f 829 924 830
f 925 926 927
f 928 839 836
f 929 930 928
f 832 931 833
f 833 931 932
f 833 932 933
f 928 836 929
f 929 836 833
f 929 833 927
f 927 833 933
f 927 933 925
f 934 745 743
f 935 934 936
f 936 934 743
f 936 743 746
f 746 743 726
f 937 748 731
f 937 731 938
f 938 731 785
f 938 785 939
f 939 785 789
f 939 789 940
f 817 941 815
f 815 941 942
f 815 942 813
f 813 942 943
f 813 943 811
f 811 943 944
f 811 944 809
f 809 944 945
f 809 945 798
f 798 945 946
f 798 946 799
f 799 946 947
f 799 947 801
f 947 948 801
f 801 948 949
f 801 949 803
f 803 949 950
f 803 950 805
f 805 950 951
f 805 951 807
f 807 951 952
f 807 952 808
f 808 952 953
f 808 953 797
f 797 953 954
f 797 954 795
f 795 954 955
f 940 789 956
f 956 789 787
f 956 787 957
f 957 787 786
f 957 786 958
f 958 786 791
f 958 791 955
f 955 791 793
f 955 793 795
f 959 960 961
f 930 959 928
f 928 959 961
f 928 961 839
f 839 961 922
f 962 963 964
f 965 966 967
f 968 969 970
f 971 972 968
f 968 972 973
f 968 973 969
f 974 975 976
f 976 975 977
f 978 979 980
f 980 979 981
f 980 981 982
f 966 983 967
f 967 983 984
f 967 984 985
f 985 984 986
f 985 986 987
f 987 986 988
f 987 988 989
f 989 988 990
f 989 990 991
f 991 990 992
f 991 992 993
f 993 992 994
f 993 994 995
f 995 994 996
f 997 998 999
f 1000 998 1001
f 1001 998 997
f 1001 997 1002
f 1002 997 1003
f 1004 1005 1006
f 1006 1005 1007
f 1006 1007 1008
f 1008 1007 1009
f 1008 1009 1003
f 1003 1009 1010
f 1003 1010 1002
f 1011 1012 1004
f 1004 1012 1013
f 1004 1013 1005
f 1014 1015 1016
f 1016 1015 1017
f 1016 1017 1011
f 1011 1017 1018
f 1011 1018 1012
f 1019 1020 1014
f 1014 1020 1021
f 1014 1021 1015
f 1022 1023 1019
f 1019 1023 1024
f 1019 1024 1020
f 970 1025 968
f 968 1025 1026
f 968 1026 1022
f 1022 1026 1027
f 1022 1027 1023
f 999 962 997
f 997 962 964
f 997 964 1003
f 1003 964 1028
f 1003 1028 1008
f 1008 1028 1029
f 1008 1029 1006
f 1006 1029 1030
f 1006 1030 1004
f 1004 1030 1031
f 1004 1031 1011
f 1011 1031 1032
f 1011 1032 1016
f 1016 1032 1033
f 1016 1033 1014
f 1014 1033 1034
f 1014 1034 1019
f 1019 1034 1035
f 1019 1035 1022
f 1022 1035 974
f 1022 974 968
f 968 974 976
f 968 976 971
f 971 976 977
f 963 1036 964
f 964 1036 1037
f 964 1037 1028
f 1028 1037 1038
f 1028 1038 1029
f 1029 1038 1039
f 1029 1039 1030
f 1030 1039 1040
f 1030 1040 1031
f 1031 1040 1041
f 1031 1041 1032
f 1032 1041 1042
f 1032 1042 1033
f 1033 1042 1043
f 1033 1043 1034
f 1034 1043 1044
f 1034 1044 1035
f 1035 1044 981
f 1035 981 974
f 974 981 979
f 974 979 975
f 975 979 978
f 1037 1045 1038
f 1038 1045 965
f 1038 965 1039
f 1039 965 967
f 1039 967 1040
f 1040 967 985
f 1040 985 1041
f 1041 985 987
f 1041 987 1042
f 1042 987 989
f 1042 989 1043
f 1043 989 991
f 1043 991 1044
f 1044 991 993
f 1044 993 981
f 981 993 995
f 981 995 982
f 982 995 996
f 1046 1047 1048
f 1049 1050 1051
f 1052 1053 1054
f 1055 1056 1057
f 1058 1059 1060
f 1061 1062 1058
f 1058 1062 1063
f 1058 1063 1059
f 1064 1065 1066
f 1066 1065 1067
f 1068 1069 1057
f 1057 1069 1070
f 1057 1070 1055
f 1050 1071 1051
f 1051 1071 1072
f 1051 1072 1073
f 1073 1072 1074
f 1073 1074 1075
f 1075 1074 1076
f 1075 1076 1077
f 1077 1076 1078
f 1077 1078 1079
f 1079 1078 1080
f 1079 1080 1054
f 1054 1080 1081
f 1054 1081 1052
f 1082 1083 1084
f 1084 1083 1085
f 1084 1085 1086
f 943 942 1087
f 1087 942 1088
f 1087 1088 1089
f 943 1087 944
f 944 1087 1090
f 944 1090 945
f 945 1090 946
f 946 1090 1091
f 946 1091 947
f 947 1091 948
f 948 1091 1092
f 948 1092 949
f 949 1092 1093
f 949 1093 950
f 950 1093 951
f 951 1093 1094
f 951 1094 952
f 952 1094 953
f 953 1094 1095
f 953 1095 954
f 954 1095 1096
f 954 1096 955
f 955 1096 1097
f 955 1097 958
f 958 1097 957
f 957 1097 1098
f 957 1098 956
f 956 1098 940
f 940 1098 1058
f 940 1058 939
f 939 1058 1060
f 939 1060 938
f 1052 1069 1053
f 1053 1069 1068
f 1053 1068 1054
f 1054 1068 1099
f 1054 1099 1079
f 1079 1099 1100
f 1079 1100 1077
f 1077 1100 1101
f 1077 1101 1075
f 1075 1101 1102
f 1075 1102 1073
f 1073 1102 1103
f 1073 1103 1051
f 1051 1103 1086
f 1051 1086 1049
f 1049 1086 1085
f 1056 1065 1057
f 1057 1065 1064
f 1057 1064 1068
f 1068 1064 1104
f 1068 1104 1099
f 1099 1104 1105
f 1099 1105 1100
f 1100 1105 1106
f 1100 1106 1101
f 1101 1106 1107
f 1101 1107 1102
f 1102 1107 1108
f 1102 1108 1103
f 1103 1108 1109
f 1103 1109 1086
f 1086 1109 1110
f 1086 1110 1084
f 1084 1110 1111
f 1084 1111 1082
f 1082 1111 1048
f 1082 1048 1112
f 1112 1048 1047
f 1067 1061 1066
f 1066 1061 1058
f 1066 1058 1064
f 1064 1058 1098
f 1064 1098 1104
f 1104 1098 1097
f 1104 1097 1105
f 1105 1097 1096
f 1105 1096 1106
f 1106 1096 1095
f 1106 1095 1107
f 1107 1095 1094
f 1107 1094 1108
f 1108 1094 1093
f 1108 1093 1109
f 1109 1093 1092
f 1109 1092 1110
f 1110 1092 1091
f 1110 1091 1111
f 1111 1091 1090
f 1111 1090 1048
f 1048 1090 1087
f 1048 1087 1046
f 1046 1087 1089
f 538 1113 537
f 537 1113 1114
f 537 1114 536
f 536 1114 1115
f 536 1115 535
f 535 1115 1116
f 535 1116 530
f 546 1117 539
f 539 1117 1113
f 539 1113 538
f 1118 1119 1120
f 1121 1122 1123
f 1120 1124 1118
f 1118 1124 1121
f 1118 1121 1125
f 1125 1121 1123
f 556 1126 555
f 555 1126 1127
f 1128 549 1127
f 1127 549 554
f 1127 554 555
f 543 541 1129
f 1129 541 540
f 1129 540 1128
f 1128 540 547
f 1128 547 549
f 543 1129 545
f 545 1129 1117
f 545 1117 546
f 1130 1131 1132
f 1132 1131 1133
f 1132 1133 1134
f 1134 1133 1135
f 1134 1135 1136
f 1136 1135 1137
f 1130 1132 1138
f 1138 1132 1139
f 1138 1139 1140
f 1140 1139 1141
f 1140 1141 1142
f 1142 1141 1126
f 1142 1126 556
f 1120 1119 1143
f 1143 1119 1136
f 1143 1136 1137
f 1144 705 712
f 669 671 906
f 642 1145 677
f 677 1145 749
f 677 749 675
f 675 749 754
f 675 754 673
f 673 754 753
f 673 753 671
f 1119 1118 906
f 642 643 1145
f 1145 643 644
f 1145 644 1146
f 1146 644 645
f 1146 645 649
f 906 1118 921
f 921 1118 1125
f 921 1125 1123
f 712 711 1144
f 1144 711 709
f 1144 709 1147
f 1147 709 661
f 1147 661 907
f 907 661 663
f 907 663 905
f 905 663 665
f 905 665 906
f 906 665 667
f 906 667 669
f 1113 753 1114
f 1114 753 756
f 1114 756 1115
f 1115 756 1116
f 1127 1126 671
f 671 1126 1141
f 671 1141 1139
f 1113 1117 753
f 753 1117 1129
f 753 1129 671
f 671 1129 1128
f 671 1128 1127
f 1139 1132 671
f 671 1132 1134
f 671 1134 906
f 906 1134 1136
f 906 1136 1119
f 461 569 1148
f 1122 1121 1149
f 1142 556 553
f 1150 1140 1142
f 1140 1150 1138
f 1138 1150 1151
f 1138 1151 1130
f 1143 1137 1149
f 1149 1137 1135
f 1149 1135 1152
f 1152 1135 1133
f 1152 1133 1151
f 1151 1133 1131
f 1151 1131 1130
f 1121 1124 1149
f 1149 1124 1120
f 1149 1120 1143
f 1153 1154 1122
f 568 567 1155
f 1155 567 566
f 1155 566 1156
f 461 1148 459
f 469 466 1157
f 1157 466 459
f 1158 468 469
f 1159 467 468
f 468 1158 1159
f 1159 1158 1160
f 1159 1160 1161
f 1161 1160 1162
f 1162 1160 1163
f 1162 1163 1164
f 495 497 1163
f 1163 497 1165
f 1163 1165 1164
f 1122 1149 1153
f 1153 1149 1152
f 1153 1152 1166
f 1166 1152 1151
f 1166 1151 1167
f 1167 1151 1150
f 1167 1150 1168
f 568 1155 569
f 569 1155 1169
f 569 1169 1148
f 1148 1169 1170
f 1148 1170 1171
f 1171 1170 1172
f 1171 1172 1173
f 1142 553 1150
f 1150 553 551
f 1150 551 1168
f 1168 551 550
f 1168 550 561
f 561 1172 1168
f 1168 1172 1170
f 1168 1170 1167
f 1167 1170 1169
f 1167 1169 1166
f 1166 1169 1155
f 1166 1155 1153
f 1153 1155 1156
f 1153 1156 1154
f 561 558 1172
f 1172 558 501
f 1172 501 1173
f 1173 501 493
f 1173 493 492
f 459 1148 1157
f 1157 1148 1171
f 1157 1171 1174
f 1174 1171 1173
f 1174 1173 1175
f 1175 1173 492
f 1175 492 494
f 469 1157 1158
f 1158 1157 1174
f 1158 1174 1160
f 1160 1174 1175
f 1160 1175 1163
f 1163 1175 494
f 1163 494 495
f 1176 848 847
f 1176 847 970
f 830 924 1177
f 1001 874 875
f 830 1177 875
f 875 1177 1000
f 875 1000 1001
f 970 847 1025
f 1025 847 845
f 1025 845 1026
f 1026 845 844
f 1026 844 1027
f 1027 844 849
f 1027 849 1023
f 1023 849 851
f 1023 851 1024
f 1024 851 853
f 1024 853 1020
f 1020 853 855
f 1020 855 1021
f 1021 855 857
f 1021 857 1015
f 1015 857 866
f 1015 866 1017
f 1017 866 865
f 1017 865 1018
f 1018 865 863
f 1018 863 1012
f 1012 863 861
f 1012 861 1013
f 1013 861 859
f 1013 859 1005
f 859 858 1005
f 1005 858 868
f 1005 868 1007
f 1007 868 870
f 1007 870 1009
f 1009 870 872
f 1009 872 1010
f 1010 872 874
f 1010 874 1002
f 1002 874 1001
f 1178 1179 1180
f 14 15 197
f 2 1 1181
f 1181 1 11
f 84 83 1182
f 1182 83 1183
f 1182 1183 1184
f 1185 1186 1187
f 1187 1186 1184
f 1188 1189 1190
f 1190 1189 1191
f 1191 1189 1192
f 1192 1189 1193
f 1192 1193 1179
f 1178 1180 1194
f 1194 1180 1195
f 1194 1195 1196
f 1196 1195 1197
f 1196 1197 1198
f 1198 1197 1199
f 1199 1197 192
f 1199 192 196
f 198 1200 197
f 197 1200 7
f 197 7 14
f 1179 1193 1180
f 1180 1193 1201
f 1180 1201 1195
f 1195 1201 1200
f 1195 1200 1197
f 1197 1200 198
f 1197 198 192
f 1185 1187 1188
f 1188 1187 1202
f 1188 1202 1189
f 1189 1202 1181
f 1189 1181 1193
f 1193 1181 11
f 1193 11 1201
f 1201 11 10
f 1201 10 1200
f 1200 10 8
f 1200 8 7
f 1184 1183 1187
f 1187 1183 1203
f 1187 1203 1202
f 1202 1203 1204
f 1202 1204 1181
f 1181 1204 4
f 1181 4 2
f 5 4 79
f 79 4 1204
f 79 1204 80
f 80 1204 1203
f 80 1203 81
f 81 1203 1183
f 81 1183 82
f 82 1183 83
f 55 1205 57
f 57 1205 1206
f 57 1206 74
f 74 1206 1207
f 74 1207 76
f 76 1207 1208
f 76 1208 77
f 77 1208 1209
f 77 1209 78
f 78 1209 1210
f 78 1210 65
f 65 1210 1211
f 65 1211 63
f 63 1211 1212
f 63 1212 61
f 61 1212 1213
f 61 1213 59
f 59 1213 1214
f 59 1214 49
f 49 1214 1215
f 49 1215 51
f 51 1215 1216
f 51 1216 55
f 55 1216 1205
f 135 1217 148
f 148 1217 1218
f 148 1218 152
f 152 1218 1219
f 152 1219 160
f 160 1219 1220
f 160 1220 143
f 143 1220 1221
f 143 1221 141
f 141 1221 1222
f 141 1222 139
f 139 1222 1223
f 139 1223 137
f 137 1223 1224
f 137 1224 125
f 125 1224 1225
f 125 1225 123
f 123 1225 1226
f 123 1226 130
f 130 1226 1227
f 130 1227 133
f 133 1227 1228
f 133 1228 135
f 135 1228 1217
f 1224 1223 1229
f 1229 1223 1222
f 1229 1222 1221
f 1227 1226 1229
f 1229 1226 1225
f 1229 1225 1224
f 1218 1217 1229
f 1229 1217 1228
f 1229 1228 1227
f 1221 1220 1229
f 1229 1220 1219
f 1229 1219 1218
f 1212 1211 1230
f 1230 1211 1210
f 1230 1210 1209
f 1215 1214 1230
f 1230 1214 1213
f 1230 1213 1212
f 1206 1205 1230
f 1230 1205 1216
f 1230 1216 1215
f 1209 1208 1230
f 1230 1208 1207
f 1230 1207 1206
f 1231 167 1232
f 1232 167 124
f 124 167 165
f 124 165 126
f 1233 1234 1235
f 1235 1234 1236
f 1237 1238 1239
f 1239 1240 1237
f 1237 1240 1241
f 1237 1241 1234
f 1234 1241 1242
f 1234 1242 1236
f 124 127 1232
f 1232 127 1243
f 1232 1243 1244
f 1244 1243 1245
f 1244 1245 1246
f 1246 1245 1247
f 1235 1231 1233
f 1233 1231 1232
f 1233 1232 1234
f 1234 1232 1244
f 1234 1244 1237
f 1237 1244 1246
f 1238 1237 1248
f 1249 1250 1248
f 1248 1250 1251
f 1248 1251 1238
f 1252 1253 1254
f 1254 1253 1255
f 1254 1255 1249
f 1249 1255 1256
f 1249 1256 1250
f 1252 1254 1257
f 1257 1254 1258
f 1257 1258 1259
f 1260 1261 1262
f 1262 1261 1263
f 1262 1263 1258
f 1258 1263 1264
f 1258 1264 1259
f 1260 1262 1265
f 1265 1262 1266
f 1265 1266 1267
f 1267 1266 1268
f 1267 1268 1269
f 1246 1247 1270
f 1270 1247 1271
f 1270 1271 1272
f 1272 1271 1273
f 1272 1273 1274
f 1274 1273 1275
f 1274 1275 1276
f 1276 1275 1277
f 1276 1277 1278
f 1278 1277 1279
f 1278 1279 1280
f 1280 1279 1281
f 1280 1281 1282
f 1282 1281 1283
f 1237 1246 1248
f 1248 1246 1270
f 1248 1270 1249
f 1249 1270 1272
f 1249 1272 1254
f 1254 1272 1274
f 1254 1274 1258
f 1258 1274 1276
f 1258 1276 1262
f 1262 1276 1278
f 1262 1278 1266
f 1266 1278 1280
f 1266 1280 1268
f 1268 1280 1282
f 283 42 41
f 127 128 309
f 127 309 1243
f 1243 309 297
f 1243 297 1245
f 1245 297 296
f 1245 296 1247
f 253 1277 215
f 215 1277 1275
f 215 1275 292
f 292 1275 1273
f 292 1273 296
f 296 1273 1271
f 296 1271 1247
f 1284 1283 282
f 282 1283 1281
f 282 1281 268
f 268 1281 1279
f 268 1279 257
f 257 1279 1277
f 257 1277 214
f 214 1277 253
f 283 41 282
f 282 41 1285
f 282 1285 1284
f 40 39 86
f 1285 41 40
f 86 88 40
f 40 88 1286
f 40 1286 1285
f 1285 1286 1284
f 1286 1287 1284
f 1284 1287 1282
f 1284 1282 1283
f 1288 1269 1289
f 1289 1269 1268
f 1289 1268 1290
f 1290 1268 1291
f 1290 1291 1292
f 1292 1291 1293
f 1293 1291 1294
f 1293 1294 1295
f 1268 1282 1291
f 1291 1282 1287
f 1291 1287 1294
f 1294 1287 1286
f 1294 1286 1295
f 1295 1286 88
f 52 1296 1297
f 52 1297 53
f 53 1297 1298
f 53 1298 71
f 71 1298 1299
f 71 1299 72
f 72 1299 1300
f 72 1300 69
f 69 1300 1301
f 69 1301 70
f 70 1301 1302
f 70 1302 47
f 47 1302 1303
f 47 1303 48
f 48 1303 1304
f 48 1304 50
f 351 1305 352
f 352 1305 363
f 1306 1305 1307
f 1307 1305 1308
f 363 1305 361
f 361 1305 1306
f 361 1306 359
f 359 1306 1309
f 359 1309 357
f 357 1309 1310
f 357 1310 355
f 355 1310 1311
f 355 1311 353
f 1308 1305 1312
f 1312 1305 351
f 1312 351 1313
f 1296 1314 1311
f 1311 1314 1315
f 1311 1315 353
f 1313 1304 1312
f 1312 1304 1303
f 1312 1303 1308
f 1308 1303 1302
f 1308 1302 1307
f 1307 1302 1301
f 1307 1301 1306
f 1306 1301 1300
f 1306 1300 1309
f 1309 1300 1299
f 1309 1299 1310
f 1310 1299 1298
f 1310 1298 1311
f 1311 1298 1297
f 1311 1297 1296
f 343 602 1316
f 341 1317 331
f 331 1317 1318
f 331 1318 345
f 345 1318 347
f 347 1318 1319
f 347 1319 349
f 66 50 1318
f 1318 50 1304
f 1318 1304 1319
f 1319 1304 1313
f 1319 1313 349
f 349 1313 351
f 1316 68 67
f 66 1318 67
f 67 1318 1317
f 67 1317 1316
f 1316 1317 341
f 1316 341 343
f 156 155 609
f 156 609 157
f 609 631 157
f 157 631 630
f 157 630 150
f 150 630 629
f 150 629 151
f 629 628 151
f 151 628 627
f 151 627 153
f 153 627 626
f 153 626 154
f 154 626 617
f 154 617 149
f 149 617 616
f 149 616 147
f 136 318 134
f 134 318 319
f 319 320 134
f 134 320 321
f 134 321 132
f 321 317 132
f 132 317 316
f 132 316 131
f 131 316 315
f 315 314 131
f 131 314 313
f 131 313 129
f 129 313 312
f 309 128 310
f 310 128 129
f 310 129 311
f 311 129 312
f 42 283 75
f 75 283 269
f 274 73 273
f 273 73 75
f 273 75 271
f 271 75 269
f 274 278 73
f 73 278 277
f 73 277 58
f 277 276 58
f 58 276 275
f 58 275 56
f 56 275 256
f 279 54 280
f 280 54 56
f 280 56 281
f 281 56 256
f 54 279 52
f 52 279 1296
f 1296 279 1314
f 1314 279 259
f 1314 259 1315
f 1315 259 258
f 1315 258 353
f 318 136 616
f 616 136 147
f 603 342 340
f 432 431 1320
f 1320 431 606
f 606 607 1320
f 1320 607 603
f 1320 603 1321
f 1321 603 340
f 1321 340 385
f 432 1320 420
f 420 1320 421
f 421 1320 1322
f 1322 1320 1321
f 1322 1321 385
f 1322 385 367
f 422 1323 433
f 422 421 1323
f 1323 421 1322
f 369 433 366
f 366 433 1323
f 366 1323 367
f 367 1323 1322
f 1324 1325 1326
f 1326 1325 62
f 440 1327 1328
f 1328 1324 440
f 440 1324 1326
f 440 1326 428
f 428 1326 62
f 428 62 60
f 605 604 429
f 429 604 608
f 429 608 430
f 60 68 428
f 428 68 1316
f 428 1316 429
f 429 1316 602
f 429 602 605
f 64 62 1325
f 212 211 452
f 452 211 1327
f 452 1327 440
f 64 1325 213
f 213 1325 1324
f 213 1324 211
f 211 1324 1328
f 211 1328 1327
f 414 445 418
f 418 445 188
f 418 188 187
f 158 142 441
f 441 142 189
f 441 189 443
f 443 189 188
f 443 188 444
f 444 188 445
f 170 27 117
f 170 117 169
f 172 171 1329
f 172 1329 173
f 1329 1330 173
f 173 1330 1331
f 173 1331 1332
f 176 175 1333
f 1333 1334 176
f 176 1334 1335
f 176 1335 168
f 168 1335 1336
f 168 1336 186
f 1332 1337 173
f 173 1337 1333
f 173 1333 174
f 174 1333 175
f 171 169 1329
f 1329 169 117
f 1329 117 1338
f 1338 117 103
f 1338 103 1339
f 1339 103 1340
f 96 1341 97
f 97 1341 1342
f 97 1342 103
f 103 1342 1343
f 103 1343 1340
f 972 971 705
f 1265 1267 685
f 1045 1037 1330
f 212 452 453
f 750 749 1145
f 1146 1089 1088
f 1088 942 1146
f 1146 942 941
f 1146 941 1145
f 1145 941 817
f 1145 817 750
f 649 1047 1146
f 1146 1047 1046
f 1146 1046 1089
f 648 1082 649
f 649 1082 1112
f 649 1112 1047
f 648 647 1082
f 1082 647 1190
f 1082 1190 1083
f 1083 1190 1191
f 1083 1191 1085
f 1191 1192 1085
f 1085 1192 1179
f 1085 1179 1049
f 1049 1179 1178
f 1049 1178 1050
f 1050 1178 1194
f 1050 1194 1071
f 1071 1194 1196
f 1071 1196 1072
f 1072 1196 1198
f 1072 1198 1074
f 1074 1198 1199
f 1074 1199 1076
f 1076 1199 196
f 1076 196 1078
f 1078 196 195
f 1078 195 1080
f 1080 195 194
f 1080 194 1081
f 1081 194 193
f 1081 193 1052
f 1052 193 191
f 1052 191 1069
f 1069 191 190
f 1069 190 1070
f 1067 1065 204
f 204 1065 1056
f 204 1056 203
f 203 1056 1055
f 203 1055 199
f 199 1055 1070
f 199 1070 200
f 200 1070 190
f 204 202 1067
f 1067 202 201
f 1067 201 1061
f 1061 201 206
f 1061 206 1062
f 205 207 935
f 935 207 208
f 935 208 1344
f 1059 1063 936
f 936 1063 1062
f 936 1062 935
f 935 1062 206
f 935 206 205
f 747 748 1060
f 1060 748 937
f 1060 937 938
f 1059 936 1060
f 1060 936 746
f 1060 746 747
f 208 209 1344
f 1344 209 210
f 1344 210 1345
f 1345 210 1346
f 210 212 1346
f 1346 212 453
f 1346 453 1347
f 1347 453 454
f 1347 454 1348
f 1348 454 455
f 1348 455 1349
f 1349 455 408
f 1349 408 1350
f 408 407 1350
f 1350 407 410
f 1350 410 1351
f 1351 410 412
f 1351 412 1352
f 1352 412 413
f 1352 413 1353
f 417 418 187
f 1000 1177 998
f 998 1177 924
f 924 923 998
f 998 923 922
f 998 922 961
f 960 962 961
f 961 962 999
f 961 999 998
f 413 415 1353
f 1353 415 416
f 1353 416 1354
f 1354 416 417
f 1354 417 1355
f 1355 417 187
f 1355 187 1356
f 1356 187 186
f 1356 186 1357
f 1357 186 1336
f 1357 1336 960
f 960 1336 1335
f 960 1335 1334
f 1334 1333 960
f 960 1333 1337
f 960 1337 962
f 962 1337 963
f 963 1337 1036
f 1036 1337 1332
f 1036 1332 1037
f 1037 1332 1331
f 1037 1331 1330
f 1339 966 1338
f 1338 966 965
f 1045 1330 965
f 965 1330 1329
f 965 1329 1338
f 1340 984 1339
f 1339 984 983
f 1339 983 966
f 1340 1343 984
f 984 1343 1342
f 984 1342 986
f 986 1342 1341
f 986 1341 988
f 988 1341 96
f 988 96 990
f 1186 1185 653
f 633 632 1185
f 1185 632 654
f 1185 654 653
f 647 655 1190
f 1190 655 652
f 1190 652 1188
f 1188 652 651
f 1188 651 1185
f 1185 651 650
f 1185 650 633
f 1186 653 1184
f 1184 653 637
f 1184 637 1182
f 1182 637 636
f 1182 636 681
f 84 1293 85
f 85 1293 1295
f 85 1295 87
f 87 1295 88
f 685 1267 686
f 686 1267 680
f 680 1267 1269
f 680 1269 681
f 1269 1288 681
f 681 1288 1289
f 681 1289 1290
f 1182 681 1290
f 1182 1290 84
f 84 1290 1292
f 84 1292 1293
f 687 1260 682
f 682 1260 1265
f 682 1265 683
f 683 1265 685
f 690 692 1264
f 690 1264 689
f 689 1264 1263
f 689 1263 687
f 687 1263 1261
f 687 1261 1260
f 701 1256 698
f 698 1256 1255
f 698 1255 696
f 696 1255 1253
f 696 1253 695
f 695 1253 1252
f 695 1252 693
f 693 1252 1257
f 693 1257 692
f 692 1257 1259
f 692 1259 1264
f 1238 1251 701
f 701 1251 1250
f 701 1250 1256
f 658 90 656
f 656 90 122
f 656 122 702
f 702 122 703
f 122 164 1231
f 1231 164 166
f 1231 166 167
f 1231 1235 122
f 122 1235 1236
f 122 1236 703
f 703 1236 1242
f 703 1242 1241
f 701 700 1238
f 1238 700 704
f 1238 704 1239
f 1239 704 703
f 1239 703 1240
f 1240 703 1241
f 658 660 90
f 90 660 713
f 90 713 91
f 713 715 91
f 91 715 716
f 91 716 113
f 113 716 722
f 113 722 108
f 722 721 108
f 108 721 720
f 108 720 719
f 719 718 108
f 108 718 723
f 108 723 706
f 978 111 975
f 975 111 109
f 975 109 977
f 977 109 108
f 977 108 971
f 971 108 706
f 971 706 705
f 96 98 990
f 990 98 101
f 990 101 992
f 992 101 99
f 992 99 994
f 994 99 105
f 994 105 996
f 996 105 104
f 996 104 982
f 982 104 94
f 982 94 980
f 980 94 93
f 980 93 978
f 978 93 106
f 978 106 111
f 972 705 973
f 973 705 1144
f 973 1144 969
f 969 1144 1176
f 969 1176 970
f 907 842 1147
f 1147 842 841
f 1147 841 1144
f 1144 841 848
f 1144 848 1176
f 579 580 581
f 1347 578 1346
f 1346 578 579
f 1346 579 1345
f 1345 579 581
f 570 572 1348
f 1348 572 574
f 1348 574 1347
f 1347 574 576
f 1347 576 578
f 1165 497 591
f 1164 1165 1351
f 1351 1165 591
f 1351 591 1350
f 1350 591 570
f 1350 570 1349
f 1349 570 1348
f 585 467 1159
f 960 959 1357
f 1357 959 1356
f 959 930 1356
f 1356 930 929
f 1356 929 927
f 927 926 1356
f 1356 926 597
f 1356 597 598
f 1159 1354 585
f 585 1354 1355
f 585 1355 586
f 586 1355 1356
f 586 1356 587
f 587 1356 599
f 598 601 1356
f 1356 601 600
f 1356 600 599
f 1159 1161 1354
f 1354 1161 1162
f 1354 1162 1353
f 1353 1162 1164
f 1353 1164 1352
f 1352 1164 1351
f 593 592 740
f 581 596 1345
f 1345 596 595
f 1345 595 594
f 593 740 594
f 594 740 1345
f 1345 740 739
f 1345 739 744
f 744 745 1345
f 1345 745 934
f 1345 934 1344
f 1344 934 935
f 1358 1359 528
f 1360 1361 740
f 740 1361 1362
f 740 1362 737
f 1360 740 1363
f 1363 740 592
f 1363 592 1364
f 1364 592 1359
f 1359 592 584
f 1359 584 481
f 484 528 483
f 483 528 1359
f 483 1359 482
f 482 1359 481
f 732 742 1365
f 1366 1367 775
f 1368 769 1369
f 1369 769 771
f 1369 771 1367
f 1367 771 773
f 1367 773 775
f 1370 763 1371
f 1371 763 765
f 1371 765 1368
f 1368 765 767
f 1368 767 769
f 1372 759 1370
f 1370 759 761
f 1370 761 763
f 1116 756 755
f 775 777 1366
f 1366 777 779
f 1366 779 1373
f 1373 779 781
f 1373 781 1365
f 1365 781 782
f 1365 782 732
f 528 534 1358
f 1358 534 565
f 1358 565 1374
f 1374 565 531
f 1374 531 1375
f 1375 531 530
f 1375 530 1376
f 1376 530 1116
f 1376 1116 1372
f 1372 1116 755
f 1372 755 759
f 926 925 1377
f 1378 1379 883
f 458 588 597
f 1380 566 463
f 1381 893 1382
f 1382 893 895
f 1382 895 1383
f 883 885 1378
f 1378 885 887
f 1378 887 1384
f 1384 887 889
f 1384 889 1381
f 1381 889 891
f 1381 891 893
f 1385 1123 1386
f 1386 1123 1122
f 1377 1387 926
f 926 1387 1388
f 926 1388 597
f 597 1388 1389
f 597 1389 458
f 458 1389 1390
f 458 1390 465
f 465 1390 1380
f 465 1380 464
f 464 1380 463
f 895 897 1383
f 1383 897 899
f 1383 899 1385
f 1385 899 901
f 1385 901 1123
f 1123 901 903
f 1123 903 921
f 931 832 1391
f 1391 832 877
f 1391 877 1392
f 1392 877 879
f 1392 879 1379
f 1379 879 881
f 1379 881 883
f 566 1380 1156
f 1156 1380 1393
f 1156 1393 1154
f 1154 1393 1394
f 1154 1394 1122
f 1122 1394 1395
f 1122 1395 1386
f 1396 1397 1398
f 1396 1398 1399
f 1400 1401 1398
f 1398 1401 1402
f 1398 1402 1399
f 1403 1404 1398
f 1398 1404 1405
f 1398 1405 1400
f 1406 1407 1398
f 1398 1407 1408
f 1398 1408 1403
f 1409 1410 1398
f 1398 1410 1411
f 1398 1411 1406
f 1412 1413 1398
f 1398 1413 1414
f 1398 1414 1409
f 1397 1415 1398
f 1398 1415 1416
f 1398 1416 1412
f 933 932 1417
f 1417 932 931
f 1417 931 1418
f 1418 931 1391
f 1418 1391 1419
f 1419 1391 1392
f 1419 1392 1420
f 1420 1392 1379
f 1420 1379 1421
f 1421 1379 1378
f 1421 1378 1422
f 1422 1378 1384
f 1422 1384 1423
f 1423 1384 1381
f 1423 1381 1424
f 1424 1381 1382
f 1424 1382 1425
f 1425 1382 1383
f 1425 1383 1426
f 1426 1383 1385
f 1426 1385 1427
f 1427 1385 1386
f 1427 1386 1428
f 1428 1386 1395
f 1428 1395 1429
f 1429 1395 1394
f 1429 1394 1430
f 1430 1394 1393
f 1430 1393 1431
f 1431 1393 1380
f 1431 1380 1432
f 1432 1380 1390
f 1432 1390 1433
f 1433 1390 1389
f 1433 1389 1434
f 1434 1389 1388
f 1434 1388 1435
f 1435 1388 1387
f 1435 1387 1436
f 1436 1387 1377
f 1436 1377 1417
f 1417 1377 925
f 1417 925 933
f 1427 1428 1437
f 1427 1437 1426
f 1423 1424 1437
f 1437 1424 1425
f 1437 1425 1426
f 1420 1421 1437
f 1437 1421 1422
f 1437 1422 1423
f 1417 1418 1437
f 1437 1418 1419
f 1437 1419 1420
f 1434 1435 1437
f 1437 1435 1436
f 1437 1436 1417
f 1431 1432 1437
f 1437 1432 1433
f 1437 1433 1434
f 1428 1429 1437
f 1437 1429 1430
f 1437 1430 1431
f 741 738 1406
f 1406 738 737
f 1406 737 1407
f 1407 737 1362
f 1407 1362 1408
f 1408 1362 1361
f 1408 1361 1403
f 1403 1361 1360
f 1403 1360 1404
f 1404 1360 1363
f 1404 1363 1405
f 1405 1363 1364
f 1405 1364 1400
f 1400 1364 1359
f 1400 1359 1401
f 1401 1359 1358
f 1401 1358 1402
f 1402 1358 1374
f 1402 1374 1399
f 1399 1374 1375
f 1399 1375 1396
f 1396 1375 1376
f 1396 1376 1397
f 1397 1376 1372
f 1397 1372 1415
f 1415 1372 1370
f 1415 1370 1416
f 1416 1370 1371
f 1416 1371 1412
f 1412 1371 1368
f 1412 1368 1413
f 1413 1368 1369
f 1413 1369 1414
f 1414 1369 1367
f 1414 1367 1409
f 1409 1367 1366
f 1409 1366 1410
f 1410 1366 1373
f 1410 1373 1411
f 1411 1373 1365
f 1411 1365 1406
f 1406 1365 742
f 1406 742 741
f 1438 1439 1440
f 1440 1439 1441
f 1440 1441 1442
f 1442 1441 1443
f 1442 1443 1444
f 1444 1443 1445
f 1444 1445 1446
f 1446 1445 1447
f 1446 1447 1448
f 1448 1447 1449
f 1448 1449 1450
f 1450 1449 1451
f 1450 1451 1452
f 1452 1451 1453
f 1452 1453 1454
f 1454 1453 1455
f 1454 1455 1456
f 1456 1455 1457
f 1456 1457 1458
f 1458 1457 1459
f 1458 1459 1460
f 1460 1459 1461
f 1460 1461 1462
f 1462 1461 1463
f 1462 1463 1464
f 1464 1463 1465
f 1464 1465 1466
f 1466 1465 1467
f 1466 1467 1468
f 1468 1467 1469
f 1468 1469 1470
f 1470 1469 1471
f 1472 1438 1473
f 1473 1438 1440
f 1473 1440 1474
f 1474 1440 1442
f 1474 1442 1475
f 1475 1442 1444
f 1475 1444 1476
f 1476 1444 1446
f 1476 1446 1477
f 1477 1446 1448
f 1477 1448 1478
f 1478 1448 1450
f 1478 1450 1479
f 1479 1450 1452
f 1479 1452 1480
f 1480 1452 1454
f 1480 1454 1481
f 1481 1454 1456
f 1481 1456 1482
f 1482 1456 1458
f 1482 1458 1483
f 1483 1458 1460
f 1483 1460 1484
f 1484 1460 1462
f 1484 1462 1485
f 1485 1462 1464
f 1485 1464 1486
f 1486 1464 1466
f 1486 1466 1487
f 1487 1466 1468
f 1487 1468 1488
f 1488 1468 1470
f 1489 1472 1490
f 1490 1472 1473
f 1490 1473 1491
f 1491 1473 1474
f 1491 1474 1492
f 1492 1474 1475
f 1492 1475 1493
f 1493 1475 1476
f 1493 1476 1494
f 1494 1476 1477
f 1494 1477 1495
f 1495 1477 1478
f 1495 1478 1496
f 1496 1478 1479
f 1496 1479 1497
f 1497 1479 1480
f 1497 1480 1498
f 1498 1480 1481
f 1498 1481 1499
f 1499 1481 1482
f 1499 1482 1500
f 1500 1482 1483
f 1500 1483 1501
f 1501 1483 1484
f 1501 1484 1502
f 1502 1484 1485
f 1502 1485 1503
f 1503 1485 1486
f 1503 1486 1504
f 1504 1486 1487
f 1504 1487 1505
f 1505 1487 1488
f 1506 1489 1507
f 1507 1489 1490
f 1507 1490 1508
f 1508 1490 1491
f 1508 1491 1509
f 1509 1491 1492
f 1509 1492 1510
f 1510 1492 1493
f 1510 1493 1511
f 1511 1493 1494
f 1511 1494 1512
f 1512 1494 1495
f 1512 1495 1513
f 1513 1495 1496
f 1513 1496 1514
f 1514 1496 1497
f 1514 1497 1515
f 1515 1497 1498
f 1515 1498 1516
f 1516 1498 1499
f 1516 1499 1517
f 1517 1499 1500
f 1517 1500 1518
f 1518 1500 1501
f 1518 1501 1519
f 1519 1501 1502
f 1519 1502 1520
f 1520 1502 1503
f 1520 1503 1521
f 1521 1503 1504
f 1521 1504 1522
f 1522 1504 1505
f 1523 1506 1524
f 1524 1506 1507
f 1524 1507 1525
f 1525 1507 1508
f 1525 1508 1526
f 1526 1508 1509
f 1526 1509 1527
f 1527 1509 1510
f 1527 1510 1528
f 1528 1510 1511
f 1528 1511 1529
f 1529 1511 1512
f 1529 1512 1530
f 1530 1512 1513
f 1530 1513 1531
f 1531 1513 1514
f 1531 1514 1532
f 1532 1514 1515
f 1532 1515 1533
f 1533 1515 1516
f 1533 1516 1534
f 1534 1516 1517
f 1534 1517 1535
f 1535 1517 1518
f 1535 1518 1536
f 1536 1518 1519
f 1536 1519 1537
f 1537 1519 1520
f 1537 1520 1538
f 1538 1520 1521
f 1538 1521 1539
f 1539 1521 1522
f 1540 1523 1541
f 1541 1523 1524
f 1541 1524 1542
f 1542 1524 1525
f 1542 1525 1543
f 1543 1525 1526
f 1543 1526 1544
f 1544 1526 1527
f 1544 1527 1545
f 1545 1527 1528
f 1545 1528 1546
f 1546 1528 1529
f 1546 1529 1547
f 1547 1529 1530
f 1547 1530 1548
f 1548 1530 1531
f 1548 1531 1549
f 1549 1531 1532
f 1549 1532 1550
f 1550 1532 1533
f 1550 1533 1551
f 1551 1533 1534
f 1551 1534 1552
f 1552 1534 1535
f 1552 1535 1553
f 1553 1535 1536
f 1553 1536 1554
f 1554 1536 1537
f 1554 1537 1555
f 1555 1537 1538
f 1555 1538 1556
f 1556 1538 1539
f 1557 1540 1558
f 1558 1540 1541
f 1558 1541 1559
f 1559 1541 1542
f 1559 1542 1560
f 1560 1542 1543
f 1560 1543 1561
f 1561 1543 1544
f 1561 1544 1562
f 1562 1544 1545
f 1562 1545 1563
f 1563 1545 1546
f 1563 1546 1564
f 1564 1546 1547
f 1564 1547 1565
f 1565 1547 1548
f 1565 1548 1566
f 1566 1548 1549
f 1566 1549 1567
f 1567 1549 1550
f 1567 1550 1568
f 1568 1550 1551
f 1568 1551 1569
f 1569 1551 1552
f 1569 1552 1570
f 1570 1552 1553
f 1570 1553 1571
f 1571 1553 1554
f 1571 1554 1572
f 1572 1554 1555
f 1572 1555 1573
f 1573 1555 1556
f 1574 1557 1575
f 1575 1557 1558
f 1575 1558 1576
f 1576 1558 1559
f 1576 1559 1577
f 1577 1559 1560
f 1577 1560 1578
f 1578 1560 1561
f 1578 1561 1579
f 1579 1561 1562
f 1579 1562 1580
f 1580 1562 1563
f 1580 1563 1581
f 1581 1563 1564
f 1581 1564 1582
f 1582 1564 1565
f 1582 1565 1583
f 1583 1565 1566
f 1583 1566 1584
f 1584 1566 1567
f 1584 1567 1585
f 1585 1567 1568
f 1585 1568 1586
f 1586 1568 1569
f 1586 1569 1587
f 1587 1569 1570
f 1587 1570 1588
f 1588 1570 1571
f 1588 1571 1589
f 1589 1571 1572
f 1589 1572 1590
f 1590 1572 1573
f 1439 1591 1592
f 1439 1592 1441
f 1441 1592 1593
f 1441 1593 1443
f 1443 1593 1594
f 1443 1594 1445
f 1445 1594 1595
f 1445 1595 1447
f 1447 1595 1596
f 1447 1596 1449
f 1449 1596 1597
f 1449 1597 1451
f 1451 1597 1598
f 1451 1598 1453
f 1453 1598 1599
f 1453 1599 1455
f 1455 1599 1600
f 1455 1600 1457
f 1457 1600 1601
f 1457 1601 1459
f 1459 1601 1602
f 1459 1602 1461
f 1461 1602 1603
f 1461 1603 1463
f 1463 1603 1604
f 1463 1604 1465
f 1465 1604 1605
f 1465 1605 1467
f 1467 1605 1606
f 1467 1606 1469
f 1469 1606 1607
f 1469 1607 1471
f 1591 1608 1592
f 1592 1608 1609
f 1592 1609 1593
f 1593 1609 1610
f 1593 1610 1594
f 1594 1610 1611
f 1594 1611 1595
f 1595 1611 1612
f 1595 1612 1596
f 1596 1612 1613
f 1596 1613 1597
f 1597 1613 1614
f 1597 1614 1598
f 1598 1614 1615
f 1598 1615 1599
f 1599 1615 1616
f 1599 1616 1600
f 1600 1616 1617
f 1600 1617 1601
f 1601 1617 1618
f 1601 1618 1602
f 1602 1618 1619
f 1602 1619 1603
f 1603 1619 1620
f 1603 1620 1604
f 1604 1620 1621
f 1604 1621 1605
f 1605 1621 1622
f 1605 1622 1606
f 1606 1622 1623
f 1606 1623 1607
f 1607 1623 1624
f 1608 1625 1609
f 1609 1625 1626
f 1609 1626 1610
f 1610 1626 1627
f 1610 1627 1611
f 1611 1627 1628
f 1611 1628 1612
f 1612 1628 1629
f 1612 1629 1613
f 1613 1629 1630
f 1613 1630 1614
f 1614 1630 1631
f 1614 1631 1615
f 1615 1631 1632
f 1615 1632 1616
f 1616 1632 1633
f 1616 1633 1617
f 1617 1633 1634
f 1617 1634 1618
f 1618 1634 1635
f 1618 1635 1619
f 1619 1635 1636
f 1619 1636 1620
f 1620 1636 1637
f 1620 1637 1621
f 1621 1637 1638
f 1621 1638 1622
f 1622 1638 1639
f 1622 1639 1623
f 1623 1639 1640
f 1623 1640 1624
f 1641 1642 1643
f 1644 1645 1646
f 1646 1645 1647
f 1646 1647 1648
f 1648 1647 1649
f 1648 1649 1650
f 1650 1649 1651
f 1650 1651 1652
f 1652 1651 1653
f 1652 1653 1654
f 1654 1653 1655
f 1654 1655 1656
f 1656 1655 1657
f 1656 1657 1658
f 1658 1657 1659
f 1658 1659 1660
f 1660 1659 1661
f 1660 1661 1662
f 1662 1661 1663
f 1662 1663 1664
f 1664 1663 1665
f 1664 1665 1666
f 1666 1665 1667
f 1666 1667 1668
f 1668 1667 1669
f 1668 1669 1670
f 1670 1669 1671
f 1670 1671 1672
f 1672 1671 1673
f 1672 1673 1674
f 1674 1673 1675
f 1645 1676 1647
f 1647 1676 1677
f 1647 1677 1649
f 1649 1677 1678
f 1649 1678 1651
f 1651 1678 1679
f 1651 1679 1653
f 1653 1679 1680
f 1653 1680 1655
f 1655 1680 1681
f 1655 1681 1657
f 1657 1681 1682
f 1657 1682 1659
f 1659 1682 1683
f 1659 1683 1661
f 1661 1683 1684
f 1661 1684 1663
f 1663 1684 1685
f 1663 1685 1665
f 1665 1685 1686
f 1665 1686 1667
f 1667 1686 1687
f 1667 1687 1669
f 1669 1687 1688
f 1669 1688 1671
f 1671 1688 1689
f 1671 1689 1673
f 1673 1689 1690
f 1673 1690 1675
f 1675 1690 1691
f 1676 1692 1677
f 1677 1692 1693
f 1677 1693 1678
f 1678 1693 1694
f 1678 1694 1679
f 1679 1694 1695
f 1679 1695 1680
f 1680 1695 1696
f 1680 1696 1681
f 1681 1696 1697
f 1681 1697 1682
f 1682 1697 1698
f 1682 1698 1683
f 1683 1698 1699
f 1683 1699 1684
f 1684 1699 1700
f 1684 1700 1685
f 1685 1700 1701
f 1685 1701 1686
f 1686 1701 1702
f 1686 1702 1687
f 1687 1702 1703
f 1687 1703 1688
f 1688 1703 1704
f 1688 1704 1689
f 1689 1704 1705
f 1689 1705 1690
f 1690 1705 1706
f 1690 1706 1691
f 1691 1706 1707
f 1692 1708 1693
f 1693 1708 1709
f 1693 1709 1694
f 1694 1709 1710
f 1694 1710 1695
f 1695 1710 1711
f 1695 1711 1696
f 1696 1711 1712
f 1696 1712 1697
f 1697 1712 1713
f 1697 1713 1698
f 1698 1713 1714
f 1698 1714 1699
f 1699 1714 1715
f 1699 1715 1700
f 1700 1715 1716
f 1700 1716 1701
f 1701 1716 1717
f 1701 1717 1702
f 1702 1717 1718
f 1702 1718 1703
f 1703 1718 1719
f 1703 1719 1704
f 1704 1719 1720
f 1704 1720 1705
f 1705 1720 1721
f 1705 1721 1706
f 1706 1721 1722
f 1706 1722 1707
f 1707 1722 1723
f 1708 1724 1709
f 1709 1724 1725
f 1709 1725 1710
f 1710 1725 1726
f 1710 1726 1711
f 1711 1726 1727
f 1711 1727 1712
f 1712 1727 1728
f 1712 1728 1713
f 1713 1728 1729
f 1713 1729 1714
f 1714 1729 1730
f 1714 1730 1715
f 1715 1730 1731
f 1715 1731 1716
f 1716 1731 1732
f 1716 1732 1717
f 1717 1732 1733
f 1717 1733 1718
f 1718 1733 1734
f 1718 1734 1719
f 1719 1734 1735
f 1719 1735 1720
f 1720 1735 1736
f 1720 1736 1721
f 1721 1736 1737
f 1721 1737 1722
f 1722 1737 1738
f 1722 1738 1723
f 1723 1738 1739
f 1724 1640 1725
f 1725 1640 1639
f 1725 1639 1726
f 1726 1639 1638
f 1726 1638 1727
f 1727 1638 1637
f 1727 1637 1728
f 1728 1637 1636
f 1728 1636 1729
f 1729 1636 1635
f 1729 1635 1730
f 1730 1635 1634
f 1730 1634 1731
f 1731 1634 1633
f 1731 1633 1732
f 1732 1633 1632
f 1732 1632 1733
f 1733 1632 1631
f 1733 1631 1734
f 1734 1631 1630
f 1734 1630 1735
f 1735 1630 1629
f 1735 1629 1736
f 1736 1629 1628
f 1736 1628 1737
f 1737 1628 1627
f 1737 1627 1738
f 1738 1627 1626
f 1738 1626 1739
f 1739 1626 1625
f 1740 1644 1741
f 1741 1644 1646
f 1741 1646 1742
f 1742 1646 1648
f 1742 1648 1743
f 1743 1648 1650
f 1743 1650 1744
f 1744 1650 1652
f 1744 1652 1745
f 1745 1652 1654
f 1745 1654 1746
f 1746 1654 1656
f 1746 1656 1747
f 1747 1656 1658
f 1747 1658 1748
f 1748 1658 1660
f 1748 1660 1749
f 1749 1660 1662
f 1749 1662 1750
f 1750 1662 1664
f 1750 1664 1751
f 1751 1664 1666
f 1751 1666 1752
f 1752 1666 1668
f 1752 1668 1753
f 1753 1668 1670
f 1753 1670 1754
f 1754 1670 1672
f 1754 1672 1643
f 1643 1672 1674
f 1643 1674 1641
f 1641 1674 1675
f 1641 1675 1755
f 1755 1675 1691
f 1755 1691 1756
f 1756 1691 1707
f 1756 1707 1757
f 1757 1707 1723
f 1757 1723 1758
f 1758 1723 1739
f 1758 1739 1759
f 1759 1739 1625
f 1759 1625 1760
f 1760 1625 1608
f 1761 1762 1763
f 1763 1762 1764
f 1763 1764 1765
f 1765 1764 1766
f 1765 1766 1767
f 1767 1766 1768
f 1767 1768 1769
f 1769 1768 1770
f 1769 1770 1771
f 1771 1770 1772
f 1771 1772 1773
f 1773 1772 1774
f 1773 1774 1775
f 1775 1774 1776
f 1775 1776 1777
f 1777 1776 1778
f 1777 1778 1779
f 1779 1778 1780
f 1779 1780 1781
f 1781 1780 1782
f 1781 1782 1783
f 1783 1782 1784
f 1783 1784 1785
f 1785 1784 1786
f 1785 1786 1787
f 1787 1786 1788
f 1787 1788 1789
f 1789 1788 1790
f 1789 1790 1791
f 1791 1790 1792
f 1791 1792 1793
f 1793 1792 1794
f 1795 1761 1796
f 1796 1761 1763
f 1796 1763 1797
f 1797 1763 1765
f 1797 1765 1798
f 1798 1765 1767
f 1798 1767 1799
f 1799 1767 1769
f 1799 1769 1800
f 1800 1769 1771
f 1800 1771 1801
f 1801 1771 1773
f 1801 1773 1802
f 1802 1773 1775
f 1802 1775 1803
f 1803 1775 1777
f 1803 1777 1804
f 1804 1777 1779
f 1804 1779 1805
f 1805 1779 1781
f 1805 1781 1806
f 1806 1781 1783
f 1806 1783 1807
f 1807 1783 1785
f 1807 1785 1808
f 1808 1785 1787
f 1808 1787 1809
f 1809 1787 1789
f 1809 1789 1810
f 1810 1789 1791
f 1810 1791 1811
f 1811 1791 1793
f 1812 1795 1813
f 1813 1795 1796
f 1813 1796 1814
f 1814 1796 1797
f 1814 1797 1815
f 1815 1797 1798
f 1815 1798 1816
f 1816 1798 1799
f 1816 1799 1817
f 1817 1799 1800
f 1817 1800 1818
f 1818 1800 1801
f 1818 1801 1819
f 1819 1801 1802
f 1819 1802 1820
f 1820 1802 1803
f 1820 1803 1821
f 1821 1803 1804
f 1821 1804 1822
f 1822 1804 1805
f 1822 1805 1823
f 1823 1805 1806
f 1823 1806 1824
f 1824 1806 1807
f 1824 1807 1825
f 1825 1807 1808
f 1825 1808 1826
f 1826 1808 1809
f 1826 1809 1827
f 1827 1809 1810
f 1827 1810 1828
f 1828 1810 1811
f 1642 1812 1643
f 1643 1812 1813
f 1643 1813 1754
f 1754 1813 1814
f 1754 1814 1753
f 1753 1814 1815
f 1753 1815 1752
f 1752 1815 1816
f 1752 1816 1751
f 1751 1816 1817
f 1751 1817 1750
f 1750 1817 1818
f 1750 1818 1749
f 1749 1818 1819
f 1749 1819 1748
f 1748 1819 1820
f 1748 1820 1747
f 1747 1820 1821
f 1747 1821 1746
f 1746 1821 1822
f 1746 1822 1745
f 1745 1822 1823
f 1745 1823 1744
f 1744 1823 1824
f 1744 1824 1743
f 1743 1824 1825
f 1743 1825 1742
f 1742 1825 1826
f 1742 1826 1741
f 1741 1826 1827
f 1741 1827 1740
f 1740 1827 1828
f 1470 1471 1829
f 1829 1471 1830
f 1829 1830 1831
f 1831 1830 1832
f 1831 1832 1833
f 1833 1832 1834
f 1833 1834 1835
f 1835 1834 1836
f 1835 1836 1837
f 1837 1836 1838
f 1837 1838 1839
f 1839 1838 1840
f 1839 1840 1841
f 1841 1840 1842
f 1841 1842 1843
f 1843 1842 1844
f 1488 1470 1845
f 1845 1470 1829
f 1845 1829 1846
f 1846 1829 1831
f 1846 1831 1847
f 1847 1831 1833
f 1847 1833 1848
f 1848 1833 1835
f 1848 1835 1849
f 1849 1835 1837
f 1849 1837 1850
f 1850 1837 1839
f 1850 1839 1851
f 1851 1839 1841
f 1851 1841 1852
f 1852 1841 1843
f 1505 1488 1853
f 1853 1488 1845
f 1853 1845 1854
f 1854 1845 1846
f 1854 1846 1855
f 1855 1846 1847
f 1855 1847 1856
f 1856 1847 1848
f 1856 1848 1857
f 1857 1848 1849
f 1857 1849 1858
f 1858 1849 1850
f 1858 1850 1859
f 1859 1850 1851
f 1859 1851 1860
f 1860 1851 1852
f 1522 1505 1861
f 1861 1505 1853
f 1861 1853 1862
f 1862 1853 1854
f 1862 1854 1863
f 1863 1854 1855
f 1863 1855 1864
f 1864 1855 1856
f 1864 1856 1865
f 1865 1856 1857
f 1865 1857 1866
f 1866 1857 1858
f 1866 1858 1867
f 1867 1858 1859
f 1867 1859 1868
f 1868 1859 1860
f 1539 1522 1869
f 1869 1522 1861
f 1869 1861 1870
f 1870 1861 1862
f 1870 1862 1871
f 1871 1862 1863
f 1871 1863 1872
f 1872 1863 1864
f 1872 1864 1873
f 1873 1864 1865
f 1873 1865 1874
f 1874 1865 1866
f 1874 1866 1875
f 1875 1866 1867
f 1875 1867 1876
f 1876 1867 1868
f 1556 1539 1877
f 1877 1539 1869
f 1877 1869 1878
f 1878 1869 1870
f 1878 1870 1879
f 1879 1870 1871
f 1879 1871 1880
f 1880 1871 1872
f 1880 1872 1881
f 1881 1872 1873
f 1881 1873 1882
f 1882 1873 1874
f 1882 1874 1883
f 1883 1874 1875
f 1883 1875 1884
f 1884 1875 1876
f 1573 1556 1885
f 1885 1556 1877
f 1885 1877 1886
f 1886 1877 1878
f 1886 1878 1887
f 1887 1878 1879
f 1887 1879 1888
f 1888 1879 1880
f 1888 1880 1889
f 1889 1880 1881
f 1889 1881 1890
f 1890 1881 1882
f 1890 1882 1891
f 1891 1882 1883
f 1891 1883 1892
f 1892 1883 1884
f 1590 1573 1893
f 1893 1573 1885
f 1893 1885 1894
f 1894 1885 1886
f 1894 1886 1895
f 1895 1886 1887
f 1895 1887 1896
f 1896 1887 1888
f 1896 1888 1897
f 1897 1888 1889
f 1897 1889 1898
f 1898 1889 1890
f 1898 1890 1899
f 1899 1890 1891
f 1899 1891 1900
f 1900 1891 1892
f 1607 1624 1901
f 1901 1624 1902
f 1901 1902 1903
f 1903 1902 1904
f 1903 1904 1905
f 1905 1904 1906
f 1905 1906 1907
f 1907 1906 1908
f 1907 1908 1909
f 1909 1908 1910
f 1909 1910 1911
f 1911 1910 1912
f 1911 1912 1913
f 1913 1912 1914
f 1913 1914 1915
f 1915 1914 1916
f 1471 1607 1830
f 1830 1607 1901
f 1830 1901 1832
f 1832 1901 1903
f 1832 1903 1834
f 1834 1903 1905
f 1834 1905 1836
f 1836 1905 1907
f 1836 1907 1838
f 1838 1907 1909
f 1838 1909 1840
f 1840 1909 1911
f 1840 1911 1842
f 1842 1911 1913
f 1842 1913 1844
f 1844 1913 1915
f 1644 1740 1917
f 1918 1919 1920
f 1921 1904 1902
f 1922 1902 1624
f 1923 1906 1904
f 1924 1912 1910
f 1925 1910 1908
f 1914 1912 1926
f 1926 1912 1924
f 1926 1924 1927
f 1644 1928 1645
f 1645 1928 1929
f 1645 1929 1676
f 1676 1929 1930
f 1676 1930 1692
f 1692 1930 1931
f 1692 1931 1708
f 1708 1931 1932
f 1708 1932 1724
f 1724 1932 1640
f 1933 1934 1935
f 1936 1937 1938
f 1938 1937 1939
f 1938 1939 1940
f 1940 1939 1941
f 1940 1941 1942
f 1942 1941 1943
f 1916 1914 1944
f 1944 1914 1926
f 1944 1926 1945
f 1945 1926 1927
f 1945 1927 1946
f 1946 1927 1947
f 1946 1947 1948
f 1948 1947 1942
f 1948 1942 1949
f 1949 1942 1943
f 1950 1951 1952
f 1952 1951 1953
f 1952 1953 1954
f 1954 1953 1955
f 1954 1955 1956
f 1956 1955 1957
f 1956 1957 1958
f 1958 1957 1925
f 1958 1925 1959
f 1959 1925 1908
f 1959 1908 1906
f 1910 1925 1924
f 1924 1925 1957
f 1924 1957 1927
f 1927 1957 1955
f 1927 1955 1947
f 1947 1955 1953
f 1947 1953 1942
f 1942 1953 1951
f 1942 1951 1940
f 1940 1951 1950
f 1940 1950 1938
f 1938 1950 1933
f 1938 1933 1936
f 1936 1933 1935
f 1936 1935 1960
f 1919 1918 1961
f 1961 1918 1962
f 1961 1962 1917
f 1904 1921 1923
f 1923 1921 1963
f 1923 1963 1964
f 1964 1963 1965
f 1964 1965 1966
f 1966 1965 1967
f 1966 1967 1968
f 1968 1967 1969
f 1968 1969 1970
f 1970 1969 1971
f 1970 1971 1972
f 1906 1923 1959
f 1959 1923 1964
f 1959 1964 1958
f 1958 1964 1966
f 1958 1966 1956
f 1956 1966 1968
f 1956 1968 1954
f 1954 1968 1970
f 1954 1970 1952
f 1952 1970 1972
f 1952 1972 1950
f 1950 1972 1973
f 1950 1973 1933
f 1933 1973 1974
f 1933 1974 1934
f 1624 1640 1922
f 1922 1640 1932
f 1922 1932 1975
f 1975 1932 1931
f 1975 1931 1976
f 1976 1931 1930
f 1976 1930 1977
f 1977 1930 1929
f 1977 1929 1978
f 1978 1929 1928
f 1978 1928 1979
f 1979 1928 1644
f 1979 1644 1962
f 1962 1644 1917
f 1902 1922 1921
f 1921 1922 1975
f 1921 1975 1963
f 1963 1975 1976
f 1963 1976 1965
f 1965 1976 1977
f 1965 1977 1967
f 1967 1977 1978
f 1967 1978 1969
f 1969 1978 1979
f 1969 1979 1971
f 1971 1979 1962
f 1971 1962 1972
f 1972 1962 1918
f 1972 1918 1973
f 1973 1918 1920
f 1973 1920 1974
f 1980 1981 1982
f 1982 1981 1983
f 1982 1983 1984
f 1985 1960 1935
f 1986 1987 1988
f 1934 1974 1987
f 1987 1974 1920
f 1987 1920 1988
f 1988 1920 1919
f 1988 1919 1961
f 1989 1990 1991
f 1991 1990 1992
f 1991 1992 1993
f 1993 1992 1811
f 1993 1811 1793
f 1740 1828 1917
f 1917 1828 1994
f 1917 1994 1961
f 1986 1995 1987
f 1987 1995 1985
f 1987 1985 1934
f 1934 1985 1935
f 1961 1994 1988
f 1988 1994 1996
f 1988 1996 1986
f 1986 1996 1983
f 1986 1983 1995
f 1995 1983 1981
f 1995 1981 1997
f 1997 1981 1980
f 1997 1980 1998
f 1984 1989 1999
f 1999 1989 1991
f 1999 1991 2000
f 2000 1991 1993
f 2000 1993 2001
f 2001 1993 1793
f 2001 1793 1794
f 1984 1983 1989
f 1989 1983 1996
f 1989 1996 1990
f 1990 1996 1994
f 1990 1994 1992
f 1992 1994 1828
f 1992 1828 1811
f 2002 2003 2004
f 2005 2003 2006
f 2006 2003 2002
f 2006 2002 2007
f 2007 2002 2008
f 2007 2008 2009
f 2010 2011 2012
f 2012 2011 2013
f 2014 2015 2016
f 2016 2015 2017
f 2016 2017 2013
f 2015 2018 2017
f 2017 2018 2019
f 2017 2019 2013
f 2013 2019 2020
f 2013 2020 2012
f 1844 2021 1843
f 1843 2021 2022
f 1843 2022 1852
f 1852 2022 2023
f 1852 2023 1860
f 1860 2023 2024
f 1860 2024 1868
f 1868 2024 2025
f 1868 2025 1876
f 1876 2025 2026
f 1876 2026 1884
f 1884 2026 2027
f 1884 2027 1892
f 1892 2027 2028
f 1892 2028 1900
f 1900 2028 2029
f 2030 2005 2031
f 2031 2005 2006
f 2031 2006 2032
f 2032 2006 2007
f 2032 2007 2033
f 2033 2007 2009
f 2033 2009 2034
f 2035 2036 2037
f 2037 2036 2038
f 2037 2038 2039
f 2039 2038 2040
f 2039 2040 2041
f 2041 2040 2042
f 2041 2042 2043
f 2043 2042 2044
f 2043 2044 2045
f 2045 2044 2046
f 2045 2046 2047
f 2047 2046 2048
f 2047 2048 2049
f 2050 2051 2052
f 2052 2051 2053
f 2052 2053 2054
f 2054 2053 2055
f 2054 2055 2056
f 2056 2055 2057
f 2056 2057 2058
f 2058 2057 2059
f 2058 2059 2060
f 2060 2059 2061
f 2060 2061 2062
f 2062 2061 2063
f 2062 2063 2064
f 2064 2063 2065
f 2064 2065 2066
f 2066 2065 2067
f 2066 2067 2068
f 2069 2070 2071
f 2071 2070 2072
f 2071 2072 2073
f 2073 2072 2074
f 2073 2074 2075
f 2075 2074 2076
f 2075 2076 2077
f 2077 2076 2078
f 2077 2078 2079
f 2079 2078 2080
f 2079 2080 2081
f 2081 2080 2082
f 2081 2082 2083
f 2083 2082 2084
f 2083 2084 2085
f 2085 2084 2086
f 2085 2086 2087
f 2088 2089 2090
f 2090 2089 2091
f 2090 2091 2092
f 2092 2091 2093
f 2092 2093 2094
f 2094 2093 2095
f 2094 2095 2096
f 2096 2095 2097
f 2096 2097 2098
f 2098 2097 2099
f 2098 2099 2100
f 2100 2099 2101
f 2100 2101 2102
f 2051 2035 2053
f 2053 2035 2037
f 2053 2037 2055
f 2055 2037 2039
f 2055 2039 2057
f 2057 2039 2041
f 2057 2041 2059
f 2059 2041 2043
f 2059 2043 2061
f 2061 2043 2045
f 2061 2045 2063
f 2063 2045 2047
f 2063 2047 2065
f 2065 2047 2049
f 2065 2049 2067
f 2087 2050 2085
f 2085 2050 2052
f 2085 2052 2083
f 2083 2052 2054
f 2083 2054 2081
f 2081 2054 2056
f 2081 2056 2079
f 2079 2056 2058
f 2079 2058 2077
f 2077 2058 2060
f 2077 2060 2075
f 2075 2060 2062
f 2075 2062 2073
f 2073 2062 2064
f 2073 2064 2071
f 2071 2064 2066
f 2071 2066 2069
f 2069 2066 2068
f 2070 2088 2072
f 2072 2088 2090
f 2072 2090 2074
f 2074 2090 2092
f 2074 2092 2076
f 2076 2092 2094
f 2076 2094 2078
f 2078 2094 2096
f 2078 2096 2080
f 2080 2096 2098
f 2080 2098 2082
f 2082 2098 2100
f 2082 2100 2084
f 2084 2100 2102
f 2084 2102 2086
f 2068 2034 2069
f 2069 2034 2009
f 2069 2009 2070
f 2070 2009 2008
f 2070 2008 2088
f 2088 2008 2002
f 2088 2002 2089
f 2089 2002 2004
f 2089 2004 2091
f 2091 2004 2014
f 2091 2014 2093
f 2093 2014 2016
f 2093 2016 2095
f 2095 2016 2013
f 2095 2013 2097
f 2097 2013 2011
f 2097 2011 2099
f 2099 2011 2010
f 2099 2010 2101
f 2021 2087 2022
f 2022 2087 2086
f 2022 2086 2023
f 2023 2086 2102
f 2023 2102 2024
f 2024 2102 2101
f 2024 2101 2025
f 2025 2101 2010
f 2025 2010 2026
f 2026 2010 2012
f 2026 2012 2027
f 2027 2012 2020
f 2027 2020 2028
f 2028 2020 2019
f 2028 2019 2029
f 2029 2019 2018
f 1915 1916 2103
f 2103 1916 2104
f 2103 2104 2105
f 2105 2104 2106
f 2105 2106 2107
f 2107 2106 2108
f 2107 2108 2109
f 2109 2108 2110
f 2109 2110 2111
f 2111 2110 2112
f 2111 2112 2113
f 2113 2112 2114
f 2113 2114 2115
f 2115 2114 2116
f 2115 2116 2117
f 2117 2116 2118
f 2117 2118 2119
f 2119 2118 2120
f 2119 2120 2121
f 2121 2120 2122
f 2121 2122 2123
f 2123 2122 2124
f 2123 2124 2125
f 2125 2124 2126
f 1844 1915 2021
f 2021 1915 2103
f 2021 2103 2087
f 2087 2103 2105
f 2087 2105 2050
f 2050 2105 2107
f 2050 2107 2051
f 2051 2107 2109
f 2051 2109 2035
f 2035 2109 2111
f 2035 2111 2036
f 2036 2111 2113
f 2036 2113 2038
f 2038 2113 2115
f 2038 2115 2040
f 2040 2115 2117
f 2040 2117 2042
f 2042 2117 2119
f 2042 2119 2044
f 2044 2119 2121
f 2044 2121 2046
f 2046 2121 2123
f 2046 2123 2048
f 2048 2123 2125
f 2127 2128 2129
f 2130 2131 2132
f 2133 2116 2114
f 2134 2122 2120
f 2124 2122 2135
f 2135 2122 2134
f 2135 2134 2136
f 2137 2138 2139
f 2139 2138 1937
f 2139 1937 1936
f 1945 1946 2140
f 2140 1946 1948
f 2140 1948 2141
f 2141 1948 1949
f 2141 1949 2142
f 2142 1949 1943
f 2142 1943 2143
f 2143 1943 1941
f 2143 1941 2138
f 2138 1941 1939
f 2138 1939 1937
f 2104 1916 2144
f 2144 1916 1944
f 2145 2146 2147
f 2147 2146 2148
f 2147 2148 2149
f 2149 2148 2150
f 2149 2150 2151
f 2151 2150 2152
f 2126 2124 2153
f 2153 2124 2135
f 2153 2135 2154
f 2154 2135 2136
f 2154 2136 2155
f 2155 2136 2156
f 2155 2156 2157
f 2157 2156 2151
f 2157 2151 2158
f 2158 2151 2152
f 2159 2160 2161
f 2161 2160 2162
f 2161 2162 2163
f 2163 2162 2164
f 2163 2164 2165
f 2165 2164 2118
f 2165 2118 2116
f 2166 2145 2167
f 2167 2145 2147
f 2167 2147 2168
f 2168 2147 2149
f 2168 2149 2169
f 2169 2149 2151
f 2169 2151 2159
f 2159 2151 2156
f 2159 2156 2160
f 2160 2156 2136
f 2160 2136 2162
f 2162 2136 2134
f 2162 2134 2164
f 2164 2134 2120
f 2164 2120 2118
f 2170 2171 2172
f 2172 2171 2173
f 2172 2173 2174
f 2174 2173 2175
f 2174 2175 2176
f 2176 2175 2177
f 2176 2177 2178
f 2178 2177 2133
f 2178 2133 2179
f 2179 2133 2114
f 2179 2114 2180
f 2180 2114 2112
f 2180 2112 2181
f 2181 2112 2110
f 2181 2110 2182
f 2182 2110 2108
f 2182 2108 2183
f 2183 2108 2106
f 2183 2106 2104
f 2116 2133 2165
f 2165 2133 2177
f 2165 2177 2163
f 2163 2177 2175
f 2163 2175 2161
f 2161 2175 2173
f 2161 2173 2159
f 2159 2173 2171
f 2159 2171 2169
f 2169 2171 2170
f 2169 2170 2168
f 2168 2170 2184
f 2168 2184 2167
f 2167 2184 2185
f 2167 2185 2166
f 2130 2132 2186
f 2186 2132 2187
f 2186 2187 2188
f 2188 2187 2189
f 2188 2189 2128
f 2190 2191 2192
f 2128 2127 2188
f 2188 2127 2190
f 2188 2190 2186
f 2186 2190 2192
f 2186 2192 2130
f 2191 2193 2192
f 2192 2193 2194
f 2192 2194 2130
f 2130 2194 2195
f 2130 2195 2131
f 2131 2195 2196
f 2193 2197 2194
f 2194 2197 2198
f 2194 2198 2195
f 2195 2198 2199
f 2195 2199 2196
f 2196 2199 2200
f 2196 2200 2201
f 2197 2202 2198
f 2198 2202 2203
f 2198 2203 2199
f 2199 2203 2204
f 2199 2204 2200
f 2200 2204 2205
f 2200 2205 2201
f 2201 2205 2206
f 2207 2137 2208
f 2208 2137 2139
f 2208 2139 2209
f 2209 2139 1936
f 2209 1936 1960
f 1944 1945 2144
f 2144 1945 2140
f 2144 2140 2206
f 2206 2140 2141
f 2206 2141 2201
f 2201 2141 2142
f 2201 2142 2196
f 2196 2142 2143
f 2196 2143 2131
f 2131 2143 2138
f 2131 2138 2132
f 2132 2138 2137
f 2132 2137 2187
f 2187 2137 2207
f 2187 2207 2189
f 2104 2144 2183
f 2183 2144 2206
f 2183 2206 2182
f 2182 2206 2205
f 2182 2205 2181
f 2181 2205 2204
f 2181 2204 2180
f 2180 2204 2203
f 2180 2203 2179
f 2179 2203 2202
f 2179 2202 2178
f 2178 2202 2197
f 2178 2197 2176
f 2176 2197 2193
f 2176 2193 2174
f 2174 2193 2191
f 2174 2191 2172
f 2172 2191 2190
f 2172 2190 2170
f 2170 2190 2127
f 2170 2127 2184
f 2184 2127 2129
f 2184 2129 2185
f 1997 1998 2210
f 2210 1998 2211
f 2210 2211 2212
f 2212 2211 2213
f 2212 2213 2214
f 2214 2213 2215
f 2214 2215 2216
f 2216 2215 2217
f 2216 2217 2218
f 2218 2217 2219
f 2218 2219 2220
f 2220 2219 2221
f 2220 2221 2222
f 2222 2221 2223
f 2222 2223 2224
f 2224 2223 2225
f 1995 1997 2226
f 2226 1997 2210
f 2226 2210 2227
f 2227 2210 2212
f 2227 2212 2228
f 2228 2212 2214
f 2228 2214 2229
f 2229 2214 2216
f 2229 2216 2230
f 2230 2216 2218
f 2230 2218 2231
f 2231 2218 2220
f 2231 2220 2232
f 2232 2220 2222
f 2232 2222 2233
f 2233 2222 2224
f 1985 1995 2234
f 2234 1995 2226
f 2234 2226 2235
f 2235 2226 2227
f 2235 2227 2236
f 2236 2227 2228
f 2236 2228 2237
f 2237 2228 2229
f 2237 2229 2238
f 2238 2229 2230
f 2238 2230 2239
f 2239 2230 2231
f 2239 2231 2240
f 2240 2231 2232
f 2240 2232 2241
f 2241 2232 2233
f 1960 1985 2209
f 2209 1985 2234
f 2209 2234 2208
f 2208 2234 2235
f 2208 2235 2207
f 2207 2235 2236
f 2207 2236 2189
f 2189 2236 2237
f 2189 2237 2128
f 2128 2237 2238
f 2128 2238 2129
f 2129 2238 2239
f 2129 2239 2185
f 2185 2239 2240
f 2185 2240 2166
f 2166 2240 2241
f 2030 2031 2242
f 2030 2242 2243
f 2243 2242 2244
f 2243 2244 2245
f 2245 2244 2246
f 2245 2246 2247
f 2247 2246 2248
f 2247 2248 2249
f 2249 2248 2250
f 2249 2250 2251
f 2251 2250 2252
f 2251 2252 2253
f 2253 2252 2254
f 2253 2254 2255
f 2255 2254 2256
f 2255 2256 2257
f 2049 2048 2258
f 2258 2048 2259
f 2258 2259 2260
f 2260 2259 2261
f 2260 2261 2262
f 2262 2261 2263
f 2262 2263 2264
f 2264 2263 2265
f 2264 2265 2266
f 2266 2265 2267
f 2266 2267 2268
f 2268 2267 2269
f 2268 2269 2270
f 2270 2269 2271
f 2270 2271 2272
f 2272 2271 2273
f 2067 2049 2274
f 2274 2049 2258
f 2274 2258 2275
f 2275 2258 2260
f 2275 2260 2276
f 2276 2260 2262
f 2276 2262 2277
f 2277 2262 2264
f 2277 2264 2278
f 2278 2264 2266
f 2278 2266 2279
f 2279 2266 2268
f 2279 2268 2280
f 2280 2268 2270
f 2280 2270 2281
f 2281 2270 2272
f 2068 2067 2282
f 2282 2067 2274
f 2282 2274 2283
f 2283 2274 2275
f 2283 2275 2284
f 2284 2275 2276
f 2284 2276 2285
f 2285 2276 2277
f 2285 2277 2286
f 2286 2277 2278
f 2286 2278 2287
f 2287 2278 2279
f 2287 2279 2288
f 2288 2279 2280
f 2288 2280 2289
f 2289 2280 2281
f 2034 2068 2290
f 2290 2068 2282
f 2290 2282 2291
f 2291 2282 2283
f 2291 2283 2292
f 2292 2283 2284
f 2292 2284 2293
f 2293 2284 2285
f 2293 2285 2294
f 2294 2285 2286
f 2294 2286 2295
f 2295 2286 2287
f 2295 2287 2296
f 2296 2287 2288
f 2296 2288 2297
f 2297 2288 2289
f 2033 2034 2298
f 2298 2034 2290
f 2298 2290 2299
f 2299 2290 2291
f 2299 2291 2300
f 2300 2291 2292
f 2300 2292 2301
f 2301 2292 2293
f 2301 2293 2302
f 2302 2293 2294
f 2302 2294 2303
f 2303 2294 2295
f 2303 2295 2304
f 2304 2295 2296
f 2304 2296 2305
f 2305 2296 2297
f 2032 2033 2306
f 2306 2033 2298
f 2306 2298 2307
f 2307 2298 2299
f 2307 2299 2308
f 2308 2299 2300
f 2308 2300 2309
f 2309 2300 2301
f 2309 2301 2310
f 2310 2301 2302
f 2310 2302 2311
f 2311 2302 2303
f 2311 2303 2312
f 2312 2303 2304
f 2312 2304 2313
f 2313 2304 2305
f 2031 2032 2242
f 2242 2032 2306
f 2242 2306 2244
f 2244 2306 2307
f 2244 2307 2246
f 2246 2307 2308
f 2246 2308 2248
f 2248 2308 2309
f 2248 2309 2250
f 2250 2309 2310
f 2250 2310 2252
f 2252 2310 2311
f 2252 2311 2254
f 2254 2311 2312
f 2254 2312 2256
f 2256 2312 2313
f 2125 2126 2314
f 2314 2126 2315
f 2314 2315 2316
f 2316 2315 2317
f 2316 2317 2318
f 2318 2317 2319
f 2318 2319 2320
f 2320 2319 2321
f 2320 2321 2322
f 2322 2321 2323
f 2322 2323 2324
f 2324 2323 2325
f 2324 2325 2326
f 2326 2325 2327
f 2326 2327 2328
f 2328 2327 2329
f 2048 2125 2259
f 2259 2125 2314
f 2259 2314 2261
f 2261 2314 2316
f 2261 2316 2263
f 2263 2316 2318
f 2263 2318 2265
f 2265 2318 2320
f 2265 2320 2267
f 2267 2320 2322
f 2267 2322 2269
f 2269 2322 2324
f 2269 2324 2271
f 2271 2324 2326
f 2271 2326 2273
f 2273 2326 2328
f 2330 2317 2315
f 2145 2166 2331
f 2332 2321 2319
f 2333 2319 2317
f 2334 2325 2323
f 2335 2323 2321
f 2336 2337 2338
f 2327 2325 2339
f 2339 2325 2334
f 2339 2334 2340
f 2146 2341 2342
f 2342 2341 2343
f 2154 2155 2344
f 2344 2155 2157
f 2344 2157 2345
f 2345 2157 2158
f 2345 2158 2346
f 2346 2158 2152
f 2346 2152 2347
f 2347 2152 2150
f 2347 2150 2342
f 2342 2150 2148
f 2342 2148 2146
f 2315 2126 2348
f 2348 2126 2153
f 2336 2338 2349
f 2349 2338 2350
f 2349 2350 2351
f 2352 2353 2354
f 2354 2353 2355
f 2354 2355 2356
f 2356 2355 2357
f 2356 2357 2358
f 2358 2357 2359
f 2358 2359 2360
f 2329 2327 2361
f 2361 2327 2339
f 2361 2339 2352
f 2352 2339 2340
f 2352 2340 2353
f 2321 2332 2335
f 2335 2332 2362
f 2335 2362 2363
f 2363 2362 2364
f 2363 2364 2365
f 2365 2364 2366
f 2365 2366 2367
f 2367 2366 2368
f 2367 2368 2369
f 2369 2368 2370
f 2369 2370 2371
f 2323 2335 2334
f 2334 2335 2363
f 2334 2363 2340
f 2340 2363 2365
f 2340 2365 2353
f 2353 2365 2367
f 2353 2367 2355
f 2355 2367 2369
f 2355 2369 2357
f 2357 2369 2371
f 2357 2371 2359
f 2337 2336 2372
f 2372 2336 2373
f 2372 2373 2374
f 2374 2373 2343
f 2374 2343 2375
f 2317 2330 2333
f 2333 2330 2376
f 2333 2376 2377
f 2377 2376 2378
f 2377 2378 2379
f 2379 2378 2380
f 2379 2380 2381
f 2381 2380 2382
f 2381 2382 2383
f 2383 2382 2384
f 2383 2384 2385
f 2319 2333 2332
f 2332 2333 2377
f 2332 2377 2362
f 2362 2377 2379
f 2362 2379 2364
f 2364 2379 2381
f 2364 2381 2366
f 2366 2381 2383
f 2366 2383 2368
f 2368 2383 2385
f 2368 2385 2370
f 2146 2145 2341
f 2341 2145 2331
f 2341 2331 2343
f 2343 2331 2386
f 2343 2386 2375
f 2153 2154 2348
f 2348 2154 2344
f 2348 2344 2387
f 2387 2344 2345
f 2387 2345 2388
f 2388 2345 2346
f 2388 2346 2389
f 2389 2346 2347
f 2389 2347 2390
f 2390 2347 2342
f 2390 2342 2391
f 2391 2342 2343
f 2315 2348 2330
f 2330 2348 2387
f 2330 2387 2376
f 2376 2387 2388
f 2376 2388 2378
f 2378 2388 2389
f 2378 2389 2380
f 2380 2389 2390
f 2380 2390 2382
f 2382 2390 2391
f 2382 2391 2384
f 2384 2391 2343
f 2384 2343 2385
f 2385 2343 2373
f 2385 2373 2370
f 2370 2373 2336
f 2370 2336 2371
f 2371 2336 2349
f 2371 2349 2359
f 2359 2349 2351
f 2359 2351 2360
f 2392 2393 2394
f 2375 2386 2395
f 2338 2337 2396
f 2372 2374 2397
f 2397 2374 2375
f 2398 2399 2400
f 2400 2399 2401
f 2400 2401 2402
f 2402 2401 2233
f 2402 2233 2224
f 2395 2386 2241
f 2241 2386 2331
f 2241 2331 2166
f 2350 2338 2403
f 2403 2338 2396
f 2403 2396 2404
f 2405 2406 2407
f 2398 2408 2407
f 2394 2404 2409
f 2409 2404 2396
f 2409 2396 2397
f 2397 2396 2337
f 2397 2337 2372
f 2375 2395 2397
f 2397 2395 2410
f 2397 2410 2409
f 2409 2410 2406
f 2409 2406 2394
f 2394 2406 2405
f 2394 2405 2392
f 2408 2398 2411
f 2411 2398 2400
f 2411 2400 2412
f 2412 2400 2402
f 2412 2402 2413
f 2413 2402 2224
f 2413 2224 2225
f 2407 2406 2398
f 2398 2406 2410
f 2398 2410 2399
f 2399 2410 2395
f 2399 2395 2401
f 2401 2395 2241
f 2401 2241 2233
f 2272 2273 2414
f 2414 2273 2415
f 2414 2415 2416
f 2416 2415 2417
f 2416 2417 2418
f 2418 2417 2419
f 2418 2419 2420
f 2420 2419 2421
f 2420 2421 2422
f 2422 2421 2423
f 2422 2423 2424
f 2424 2423 2425
f 2424 2425 2426
f 2426 2425 2427
f 2426 2427 2428
f 2428 2427 2429
f 2428 2429 2430
f 2430 2429 2431
f 2430 2431 2432
f 2432 2431 2433
f 2432 2433 2434
f 2434 2433 2435
f 2434 2435 2436
f 2436 2435 2437
f 2436 2437 2438
f 2438 2437 2439
f 2438 2439 2440
f 2440 2439 2441
f 2440 2441 2442
f 2442 2441 2443
f 2442 2443 2444
f 2444 2443 2445
f 2281 2272 2446
f 2446 2272 2414
f 2446 2414 2447
f 2447 2414 2416
f 2447 2416 2448
f 2448 2416 2418
f 2448 2418 2449
f 2449 2418 2420
f 2449 2420 2450
f 2450 2420 2422
f 2450 2422 2451
f 2451 2422 2424
f 2451 2424 2452
f 2452 2424 2426
f 2452 2426 2453
f 2453 2426 2428
f 2453 2428 2454
f 2454 2428 2430
f 2454 2430 2455
f 2455 2430 2432
f 2455 2432 2456
f 2456 2432 2434
f 2456 2434 2457
f 2457 2434 2436
f 2457 2436 2458
f 2458 2436 2438
f 2458 2438 2459
f 2459 2438 2440
f 2459 2440 2460
f 2460 2440 2442
f 2460 2442 2461
f 2461 2442 2444
f 2289 2281 2462
f 2462 2281 2446
f 2462 2446 2463
f 2463 2446 2447
f 2463 2447 2464
f 2464 2447 2448
f 2464 2448 2465
f 2465 2448 2449
f 2465 2449 2466
f 2466 2449 2450
f 2466 2450 2467
f 2467 2450 2451
f 2467 2451 2468
f 2468 2451 2452
f 2468 2452 2469
f 2469 2452 2453
f 2469 2453 2470
f 2470 2453 2454
f 2470 2454 2471
f 2471 2454 2455
f 2471 2455 2472
f 2472 2455 2456
f 2472 2456 2473
f 2473 2456 2457
f 2473 2457 2474
f 2474 2457 2458
f 2474 2458 2475
f 2475 2458 2459
f 2475 2459 2476
f 2476 2459 2460
f 2476 2460 2477
f 2477 2460 2461
f 2297 2289 2478
f 2478 2289 2462
f 2478 2462 2479
f 2479 2462 2463
f 2479 2463 2480
f 2480 2463 2464
f 2480 2464 2481
f 2481 2464 2465
f 2481 2465 2482
f 2482 2465 2466
f 2482 2466 2483
f 2483 2466 2467
f 2483 2467 2484
f 2484 2467 2468
f 2484 2468 2485
f 2485 2468 2469
f 2485 2469 2486
f 2486 2469 2470
f 2486 2470 2487
f 2487 2470 2471
f 2487 2471 2488
f 2488 2471 2472
f 2488 2472 2489
f 2489 2472 2473
f 2489 2473 2490
f 2490 2473 2474
f 2490 2474 2491
f 2491 2474 2475
f 2491 2475 2492
f 2492 2475 2476
f 2492 2476 2493
f 2493 2476 2477
f 2305 2297 2494
f 2494 2297 2478
f 2494 2478 2495
f 2495 2478 2479
f 2495 2479 2496
f 2496 2479 2480
f 2496 2480 2497
f 2497 2480 2481
f 2497 2481 2498
f 2498 2481 2482
f 2498 2482 2499
f 2499 2482 2483
f 2499 2483 2500
f 2500 2483 2484
f 2500 2484 2501
f 2501 2484 2485
f 2501 2485 2502
f 2502 2485 2486
f 2502 2486 2503
f 2503 2486 2487
f 2503 2487 2504
f 2504 2487 2488
f 2504 2488 2505
f 2505 2488 2489
f 2505 2489 2506
f 2506 2489 2490
f 2506 2490 2507
f 2507 2490 2491
f 2507 2491 2508
f 2508 2491 2492
f 2508 2492 2509
f 2509 2492 2493
f 2313 2305 2510
f 2510 2305 2494
f 2510 2494 2511
f 2511 2494 2495
f 2511 2495 2512
f 2512 2495 2496
f 2512 2496 2513
f 2513 2496 2497
f 2513 2497 2514
f 2514 2497 2498
f 2514 2498 2515
f 2515 2498 2499
f 2515 2499 2516
f 2516 2499 2500
f 2516 2500 2517
f 2517 2500 2501
f 2517 2501 2518
f 2518 2501 2502
f 2518 2502 2519
f 2519 2502 2503
f 2519 2503 2520
f 2520 2503 2504
f 2520 2504 2521
f 2521 2504 2505
f 2521 2505 2522
f 2522 2505 2506
f 2522 2506 2523
f 2523 2506 2507
f 2523 2507 2524
f 2524 2507 2508
f 2524 2508 2525
f 2525 2508 2509
f 2256 2313 2526
f 2526 2313 2510
f 2526 2510 2527
f 2527 2510 2511
f 2527 2511 2528
f 2528 2511 2512
f 2528 2512 2529
f 2529 2512 2513
f 2529 2513 2530
f 2530 2513 2514
f 2530 2514 2531
f 2531 2514 2515
f 2531 2515 2532
f 2532 2515 2516
f 2532 2516 2533
f 2533 2516 2517
f 2533 2517 2534
f 2534 2517 2518
f 2534 2518 2535
f 2535 2518 2519
f 2535 2519 2536
f 2536 2519 2520
f 2536 2520 2537
f 2537 2520 2521
f 2537 2521 2538
f 2538 2521 2522
f 2538 2522 2539
f 2539 2522 2523
f 2539 2523 2540
f 2540 2523 2524
f 2540 2524 2541
f 2541 2524 2525
f 2257 2256 2542
f 2542 2256 2526
f 2542 2526 2543
f 2543 2526 2527
f 2543 2527 2544
f 2544 2527 2528
f 2544 2528 2545
f 2545 2528 2529
f 2545 2529 2546
f 2546 2529 2530
f 2546 2530 2547
f 2547 2530 2531
f 2547 2531 2548
f 2548 2531 2532
f 2548 2532 2549
f 2549 2532 2533
f 2549 2533 2550
f 2550 2533 2534
f 2550 2534 2551
f 2551 2534 2535
f 2551 2535 2552
f 2552 2535 2536
f 2552 2536 2553
f 2553 2536 2537
f 2553 2537 2554
f 2554 2537 2538
f 2554 2538 2555
f 2555 2538 2539
f 2555 2539 2556
f 2556 2539 2540
f 2556 2540 2557
f 2557 2540 2541
f 2273 2328 2558
f 2273 2558 2415
f 2415 2558 2559
f 2415 2559 2417
f 2417 2559 2560
f 2417 2560 2419
f 2419 2560 2561
f 2419 2561 2421
f 2421 2561 2562
f 2421 2562 2423
f 2423 2562 2563
f 2423 2563 2425
f 2425 2563 2564
f 2425 2564 2427
f 2427 2564 2565
f 2427 2565 2429
f 2429 2565 2566
f 2429 2566 2431
f 2431 2566 2567
f 2431 2567 2433
f 2433 2567 2568
f 2433 2568 2435
f 2435 2568 2569
f 2435 2569 2437
f 2437 2569 2570
f 2437 2570 2439
f 2439 2570 2571
f 2439 2571 2441
f 2441 2571 2572
f 2441 2572 2443
f 2443 2572 2573
f 2443 2573 2445
f 2328 2329 2558
f 2558 2329 2574
f 2558 2574 2559
f 2559 2574 2575
f 2559 2575 2560
f 2560 2575 2576
f 2560 2576 2561
f 2561 2576 2577
f 2561 2577 2562
f 2562 2577 2578
f 2562 2578 2563
f 2563 2578 2579
f 2563 2579 2564
f 2564 2579 2580
f 2564 2580 2565
f 2565 2580 2581
f 2565 2581 2566
f 2566 2581 2582
f 2566 2582 2567
f 2567 2582 2583
f 2567 2583 2568
f 2568 2583 2584
f 2568 2584 2569
f 2569 2584 2585
f 2569 2585 2570
f 2570 2585 2586
f 2570 2586 2571
f 2571 2586 2587
f 2571 2587 2572
f 2572 2587 2588
f 2572 2588 2573
f 2573 2588 2589
f 2329 2361 2590
f 2329 2590 2574
f 2574 2590 2591
f 2574 2591 2575
f 2575 2591 2592
f 2575 2592 2576
f 2576 2592 2593
f 2576 2593 2577
f 2577 2593 2594
f 2577 2594 2578
f 2578 2594 2595
f 2578 2595 2579
f 2579 2595 2596
f 2579 2596 2580
f 2580 2596 2597
f 2580 2597 2581
f 2581 2597 2598
f 2581 2598 2582
f 2582 2598 2599
f 2582 2599 2583
f 2583 2599 2600
f 2583 2600 2584
f 2584 2600 2601
f 2584 2601 2585
f 2585 2601 2602
f 2585 2602 2586
f 2586 2602 2603
f 2586 2603 2587
f 2587 2603 2604
f 2587 2604 2588
f 2588 2604 2605
f 2588 2605 2589
f 2351 2350 2606
f 2606 2350 2607
f 2606 2607 2608
f 2608 2607 2609
f 2608 2609 2610
f 2610 2609 2611
f 2610 2611 2612
f 2612 2611 2613
f 2612 2613 2614
f 2614 2613 2615
f 2614 2615 2616
f 2616 2615 2617
f 2616 2617 2618
f 2618 2617 2619
f 2618 2619 2620
f 2620 2619 2621
f 2620 2621 2622
f 2622 2621 2623
f 2622 2623 2624
f 2624 2623 2625
f 2624 2625 2626
f 2626 2625 2627
f 2626 2627 2628
f 2628 2627 2629
f 2628 2629 2630
f 2630 2629 2631
f 2630 2631 2632
f 2632 2631 2633
f 2632 2633 2634
f 2634 2633 2635
f 2634 2635 2636
f 2636 2635 2637
f 2360 2351 2638
f 2638 2351 2606
f 2638 2606 2639
f 2639 2606 2608
f 2639 2608 2640
f 2640 2608 2610
f 2640 2610 2641
f 2641 2610 2612
f 2641 2612 2642
f 2642 2612 2614
f 2642 2614 2643
f 2643 2614 2616
f 2643 2616 2644
f 2644 2616 2618
f 2644 2618 2645
f 2645 2618 2620
f 2645 2620 2646
f 2646 2620 2622
f 2646 2622 2647
f 2647 2622 2624
f 2647 2624 2648
f 2648 2624 2626
f 2648 2626 2649
f 2649 2626 2628
f 2649 2628 2650
f 2650 2628 2630
f 2650 2630 2651
f 2651 2630 2632
f 2651 2632 2652
f 2652 2632 2634
f 2652 2634 2653
f 2653 2634 2636
f 2358 2360 2654
f 2654 2360 2638
f 2654 2638 2655
f 2655 2638 2639
f 2655 2639 2656
f 2656 2639 2640
f 2656 2640 2657
f 2657 2640 2641
f 2657 2641 2658
f 2658 2641 2642
f 2658 2642 2659
f 2659 2642 2643
f 2659 2643 2660
f 2660 2643 2644
f 2660 2644 2661
f 2661 2644 2645
f 2661 2645 2662
f 2662 2645 2646
f 2662 2646 2663
f 2663 2646 2647
f 2663 2647 2664
f 2664 2647 2648
f 2664 2648 2665
f 2665 2648 2649
f 2665 2649 2666
f 2666 2649 2650
f 2666 2650 2667
f 2667 2650 2651
f 2667 2651 2668
f 2668 2651 2652
f 2668 2652 2669
f 2669 2652 2653
f 2356 2358 2670
f 2670 2358 2654
f 2670 2654 2671
f 2671 2654 2655
f 2671 2655 2672
f 2672 2655 2656
f 2672 2656 2673
f 2673 2656 2657
f 2673 2657 2674
f 2674 2657 2658
f 2674 2658 2675
f 2675 2658 2659
f 2675 2659 2676
f 2676 2659 2660
f 2676 2660 2677
f 2677 2660 2661
f 2677 2661 2678
f 2678 2661 2662
f 2678 2662 2679
f 2679 2662 2663
f 2679 2663 2680
f 2680 2663 2664
f 2680 2664 2681
f 2681 2664 2665
f 2681 2665 2682
f 2682 2665 2666
f 2682 2666 2683
f 2683 2666 2667
f 2683 2667 2684
f 2684 2667 2668
f 2684 2668 2685
f 2685 2668 2669
f 2354 2356 2686
f 2686 2356 2670
f 2686 2670 2687
f 2687 2670 2671
f 2687 2671 2688
f 2688 2671 2672
f 2688 2672 2689
f 2689 2672 2673
f 2689 2673 2690
f 2690 2673 2674
f 2690 2674 2691
f 2691 2674 2675
f 2691 2675 2692
f 2692 2675 2676
f 2692 2676 2693
f 2693 2676 2677
f 2693 2677 2694
f 2694 2677 2678
f 2694 2678 2695
f 2695 2678 2679
f 2695 2679 2696
f 2696 2679 2680
f 2696 2680 2697
f 2697 2680 2681
f 2697 2681 2698
f 2698 2681 2682
f 2698 2682 2699
f 2699 2682 2683
f 2699 2683 2700
f 2700 2683 2684
f 2700 2684 2701
f 2701 2684 2685
f 2352 2354 2702
f 2702 2354 2686
f 2702 2686 2703
f 2703 2686 2687
f 2703 2687 2704
f 2704 2687 2688
f 2704 2688 2705
f 2705 2688 2689
f 2705 2689 2706
f 2706 2689 2690
f 2706 2690 2707
f 2707 2690 2691
f 2707 2691 2708
f 2708 2691 2692
f 2708 2692 2709
f 2709 2692 2693
f 2709 2693 2710
f 2710 2693 2694
f 2710 2694 2711
f 2711 2694 2695
f 2711 2695 2712
f 2712 2695 2696
f 2712 2696 2713
f 2713 2696 2697
f 2713 2697 2714
f 2714 2697 2698
f 2714 2698 2715
f 2715 2698 2699
f 2715 2699 2716
f 2716 2699 2700
f 2716 2700 2717
f 2717 2700 2701
f 2361 2352 2590
f 2590 2352 2702
f 2590 2702 2591
f 2591 2702 2703
f 2591 2703 2592
f 2592 2703 2704
f 2592 2704 2593
f 2593 2704 2705
f 2593 2705 2594
f 2594 2705 2706
f 2594 2706 2595
f 2595 2706 2707
f 2595 2707 2596
f 2596 2707 2708
f 2596 2708 2597
f 2597 2708 2709
f 2597 2709 2598
f 2598 2709 2710
f 2598 2710 2599
f 2599 2710 2711
f 2599 2711 2600
f 2600 2711 2712
f 2600 2712 2601
f 2601 2712 2713
f 2601 2713 2602
f 2602 2713 2714
f 2602 2714 2603
f 2603 2714 2715
f 2603 2715 2604
f 2604 2715 2716
f 2604 2716 2605
f 2605 2716 2717
f 2394 2393 2718
f 2718 2393 2719
f 2718 2719 2720
f 2720 2719 2721
f 2720 2721 2722
f 2722 2721 2723
f 2722 2723 2724
f 2724 2723 2725
f 2724 2725 2726
f 2726 2725 2727
f 2726 2727 2728
f 2728 2727 2729
f 2728 2729 2730
f 2730 2729 2731
f 2730 2731 2732
f 2732 2731 2733
f 2732 2733 2734
f 2734 2733 2735
f 2734 2735 2736
f 2736 2735 2737
f 2736 2737 2738
f 2738 2737 2739
f 2738 2739 2740
f 2740 2739 2741
f 2740 2741 2742
f 2742 2741 2743
f 2742 2743 2744
f 2744 2743 2745
f 2744 2745 2746
f 2746 2745 2747
f 2746 2747 2748
f 2748 2747 2749
f 2404 2394 2750
f 2750 2394 2718
f 2750 2718 2751
f 2751 2718 2720
f 2751 2720 2752
f 2752 2720 2722
f 2752 2722 2753
f 2753 2722 2724
f 2753 2724 2754
f 2754 2724 2726
f 2754 2726 2755
f 2755 2726 2728
f 2755 2728 2756
f 2756 2728 2730
f 2756 2730 2757
f 2757 2730 2732
f 2757 2732 2758
f 2758 2732 2734
f 2758 2734 2759
f 2759 2734 2736
f 2759 2736 2760
f 2760 2736 2738
f 2760 2738 2761
f 2761 2738 2740
f 2761 2740 2762
f 2762 2740 2742
f 2762 2742 2763
f 2763 2742 2744
f 2763 2744 2764
f 2764 2744 2746
f 2764 2746 2765
f 2765 2746 2748
f 2403 2404 2766
f 2766 2404 2750
f 2766 2750 2767
f 2767 2750 2751
f 2767 2751 2768
f 2768 2751 2752
f 2768 2752 2769
f 2769 2752 2753
f 2769 2753 2770
f 2770 2753 2754
f 2770 2754 2771
f 2771 2754 2755
f 2771 2755 2772
f 2772 2755 2756
f 2772 2756 2773
f 2773 2756 2757
f 2773 2757 2774
f 2774 2757 2758
f 2774 2758 2775
f 2775 2758 2759
f 2775 2759 2776
f 2776 2759 2760
f 2776 2760 2777
f 2777 2760 2761
f 2777 2761 2778
f 2778 2761 2762
f 2778 2762 2779
f 2779 2762 2763
f 2779 2763 2780
f 2780 2763 2764
f 2780 2764 2781
f 2781 2764 2765
f 2350 2403 2607
f 2607 2403 2766
f 2607 2766 2609
f 2609 2766 2767
f 2609 2767 2611
f 2611 2767 2768
f 2611 2768 2613
f 2613 2768 2769
f 2613 2769 2615
f 2615 2769 2770
f 2615 2770 2617
f 2617 2770 2771
f 2617 2771 2619
f 2619 2771 2772
f 2619 2772 2621
f 2621 2772 2773
f 2621 2773 2623
f 2623 2773 2774
f 2623 2774 2625
f 2625 2774 2775
f 2625 2775 2627
f 2627 2775 2776
f 2627 2776 2629
f 2629 2776 2777
f 2629 2777 2631
f 2631 2777 2778
f 2631 2778 2633
f 2633 2778 2779
f 2633 2779 2635
f 2635 2779 2780
f 2635 2780 2637
f 2637 2780 2781
f 2444 2445 2782
f 2782 2445 2783
f 2782 2783 2784
f 2784 2783 2785
f 2784 2785 2786
f 2786 2785 2787
f 2786 2787 2788
f 2788 2787 2789
f 2788 2789 2790
f 2790 2789 2791
f 2790 2791 2792
f 2792 2791 2793
f 2792 2793 2794
f 2794 2793 2795
f 2794 2795 2796
f 2796 2795 2797
f 2461 2444 2798
f 2798 2444 2782
f 2798 2782 2799
f 2799 2782 2784
f 2799 2784 2800
f 2800 2784 2786
f 2800 2786 2801
f 2801 2786 2788
f 2801 2788 2802
f 2802 2788 2790
f 2802 2790 2803
f 2803 2790 2792
f 2803 2792 2804
f 2804 2792 2794
f 2804 2794 2805
f 2805 2794 2796
f 2477 2461 2806
f 2806 2461 2798
f 2806 2798 2807
f 2807 2798 2799
f 2807 2799 2808
f 2808 2799 2800
f 2808 2800 2809
f 2809 2800 2801
f 2809 2801 2810
f 2810 2801 2802
f 2810 2802 2811
f 2811 2802 2803
f 2811 2803 2812
f 2812 2803 2804
f 2812 2804 2813
f 2813 2804 2805
f 2493 2477 2814
f 2814 2477 2806
f 2814 2806 2815
f 2815 2806 2807
f 2815 2807 2816
f 2816 2807 2808
f 2816 2808 2817
f 2817 2808 2809
f 2817 2809 2818
f 2818 2809 2810
f 2818 2810 2819
f 2819 2810 2811
f 2819 2811 2820
f 2820 2811 2812
f 2820 2812 2821
f 2821 2812 2813
f 2509 2493 2822
f 2822 2493 2814
f 2822 2814 2823
f 2823 2814 2815
f 2823 2815 2824
f 2824 2815 2816
f 2824 2816 2825
f 2825 2816 2817
f 2825 2817 2826
f 2826 2817 2818
f 2826 2818 2827
f 2827 2818 2819
f 2827 2819 2828
f 2828 2819 2820
f 2828 2820 2829
f 2829 2820 2821
f 2525 2509 2830
f 2830 2509 2822
f 2830 2822 2831
f 2831 2822 2823
f 2831 2823 2832
f 2832 2823 2824
f 2832 2824 2833
f 2833 2824 2825
f 2833 2825 2834
f 2834 2825 2826
f 2834 2826 2835
f 2835 2826 2827
f 2835 2827 2836
f 2836 2827 2828
f 2836 2828 2837
f 2837 2828 2829
f 2541 2525 2838
f 2838 2525 2830
f 2838 2830 2839
f 2839 2830 2831
f 2839 2831 2840
f 2840 2831 2832
f 2840 2832 2841
f 2841 2832 2833
f 2841 2833 2842
f 2842 2833 2834
f 2842 2834 2843
f 2843 2834 2835
f 2843 2835 2844
f 2844 2835 2836
f 2844 2836 2845
f 2845 2836 2837
f 2557 2541 2846
f 2846 2541 2838
f 2846 2838 2847
f 2847 2838 2839
f 2847 2839 2848
f 2848 2839 2840
f 2848 2840 2849
f 2849 2840 2841
f 2849 2841 2850
f 2850 2841 2842
f 2850 2842 2851
f 2851 2842 2843
f 2851 2843 2852
f 2852 2843 2844
f 2852 2844 2853
f 2853 2844 2845
f 2573 2589 2854
f 2854 2589 2855
f 2854 2855 2856
f 2856 2855 2857
f 2856 2857 2858
f 2858 2857 2859
f 2858 2859 2860
f 2860 2859 2861
f 2860 2861 2862
f 2862 2861 2863
f 2862 2863 2864
f 2864 2863 2865
f 2864 2865 2866
f 2866 2865 2867
f 2866 2867 2868
f 2868 2867 2869
f 2445 2573 2783
f 2783 2573 2854
f 2783 2854 2785
f 2785 2854 2856
f 2785 2856 2787
f 2787 2856 2858
f 2787 2858 2789
f 2789 2858 2860
f 2789 2860 2791
f 2791 2860 2862
f 2791 2862 2793
f 2793 2862 2864
f 2793 2864 2795
f 2795 2864 2866
f 2795 2866 2797
f 2797 2866 2868
f 2636 2637 2870
f 2871 2872 2873
f 2874 2857 2855
f 2875 2855 2589
f 2876 2859 2857
f 2877 2865 2863
f 2878 2863 2861
f 2869 2867 2879
f 2879 2867 2880
f 2867 2865 2880
f 2880 2865 2877
f 2880 2877 2881
f 2636 2882 2653
f 2653 2882 2883
f 2653 2883 2669
f 2669 2883 2884
f 2669 2884 2685
f 2685 2884 2885
f 2685 2885 2701
f 2701 2885 2886
f 2701 2886 2717
f 2717 2886 2605
f 2887 2888 2889
f 2890 2891 2892
f 2892 2891 2893
f 2892 2893 2894
f 2894 2893 2895
f 2894 2895 2896
f 2896 2895 2897
f 2897 2898 2896
f 2896 2898 2899
f 2896 2899 2900
f 2899 2901 2900
f 2900 2901 2902
f 2900 2902 2881
f 2881 2902 2903
f 2881 2903 2880
f 2880 2903 2904
f 2880 2904 2879
f 2905 2906 2907
f 2907 2906 2908
f 2907 2908 2909
f 2909 2908 2910
f 2909 2910 2911
f 2911 2910 2912
f 2911 2912 2913
f 2913 2912 2878
f 2913 2878 2914
f 2914 2878 2861
f 2914 2861 2859
f 2863 2878 2877
f 2877 2878 2912
f 2877 2912 2881
f 2881 2912 2910
f 2881 2910 2900
f 2900 2910 2908
f 2900 2908 2896
f 2896 2908 2906
f 2896 2906 2894
f 2894 2906 2905
f 2894 2905 2892
f 2892 2905 2887
f 2892 2887 2890
f 2890 2887 2889
f 2890 2889 2915
f 2872 2871 2916
f 2916 2871 2917
f 2916 2917 2870
f 2857 2874 2876
f 2876 2874 2918
f 2876 2918 2919
f 2919 2918 2920
f 2919 2920 2921
f 2921 2920 2922
f 2921 2922 2923
f 2923 2922 2924
f 2923 2924 2925
f 2925 2924 2926
f 2925 2926 2927
f 2859 2876 2914
f 2914 2876 2919
f 2914 2919 2913
f 2913 2919 2921
f 2913 2921 2911
f 2911 2921 2923
f 2911 2923 2909
f 2909 2923 2925
f 2909 2925 2907
f 2907 2925 2927
f 2907 2927 2905
f 2905 2927 2928
f 2905 2928 2887
f 2887 2928 2929
f 2887 2929 2888
f 2589 2605 2875
f 2875 2605 2886
f 2875 2886 2930
f 2930 2886 2885
f 2930 2885 2931
f 2931 2885 2884
f 2931 2884 2932
f 2932 2884 2883
f 2932 2883 2933
f 2933 2883 2882
f 2933 2882 2934
f 2934 2882 2636
f 2934 2636 2917
f 2917 2636 2870
f 2855 2875 2874
f 2874 2875 2930
f 2874 2930 2918
f 2918 2930 2931
f 2918 2931 2920
f 2920 2931 2932
f 2920 2932 2922
f 2922 2932 2933
f 2922 2933 2924
f 2924 2933 2934
f 2924 2934 2926
f 2926 2934 2917
f 2926 2917 2927
f 2927 2917 2871
f 2927 2871 2928
f 2928 2871 2873
f 2928 2873 2929
f 2935 2936 2937
f 2937 2936 2938
f 2937 2938 2939
f 2940 2915 2889
f 2941 2942 2943
f 2888 2929 2942
f 2942 2929 2873
f 2942 2873 2943
f 2943 2873 2872
f 2943 2872 2916
f 2944 2945 2946
f 2946 2945 2947
f 2946 2947 2948
f 2948 2947 2765
f 2948 2765 2748
f 2637 2781 2870
f 2870 2781 2949
f 2870 2949 2916
f 2941 2950 2942
f 2942 2950 2940
f 2942 2940 2888
f 2888 2940 2889
f 2916 2949 2943
f 2943 2949 2951
f 2943 2951 2941
f 2941 2951 2938
f 2941 2938 2950
f 2950 2938 2936
f 2950 2936 2952
f 2952 2936 2935
f 2952 2935 2953
f 2939 2944 2954
f 2954 2944 2946
f 2954 2946 2955
f 2955 2946 2948
f 2955 2948 2956
f 2956 2948 2748
f 2956 2748 2749
f 2939 2938 2944
f 2944 2938 2951
f 2944 2951 2945
f 2945 2951 2949
f 2945 2949 2947
f 2947 2949 2781
f 2947 2781 2765
f 2957 2958 2959
f 2959 2958 2960
f 2959 2960 2961
f 2962 2963 2964
f 2965 2963 2966
f 2966 2963 2962
f 2966 2962 2967
f 2967 2962 2968
f 2967 2968 2969
f 2970 2971 2972
f 2972 2971 2961
f 2958 2973 2960
f 2960 2973 2974
f 2960 2974 2961
f 2961 2974 2975
f 2961 2975 2972
f 2797 2976 2796
f 2796 2976 2977
f 2796 2977 2805
f 2805 2977 2978
f 2805 2978 2813
f 2813 2978 2979
f 2813 2979 2821
f 2821 2979 2980
f 2821 2980 2829
f 2829 2980 2981
f 2829 2981 2837
f 2837 2981 2982
f 2837 2982 2845
f 2845 2982 2983
f 2845 2983 2853
f 2853 2983 2984
f 2985 2965 2986
f 2986 2965 2966
f 2986 2966 2987
f 2987 2966 2967
f 2987 2967 2988
f 2988 2967 2969
f 2988 2969 2989
f 2990 2991 2992
f 2992 2991 2993
f 2992 2993 2994
f 2994 2993 2995
f 2994 2995 2996
f 2996 2995 2997
f 2996 2997 2998
f 2998 2997 2999
f 2998 2999 3000
f 3000 2999 3001
f 3000 3001 3002
f 3002 3001 3003
f 3002 3003 3004
f 3005 3006 3007
f 3007 3006 3008
f 3007 3008 3009
f 3009 3008 3010
f 3009 3010 3011
f 3011 3010 3012
f 3011 3012 3013
f 3013 3012 3014
f 3013 3014 3015
f 3015 3014 3016
f 3015 3016 3017
f 3017 3016 3018
f 3017 3018 3019
f 3019 3018 3020
f 3019 3020 3021
f 3021 3020 3022
f 3021 3022 3023
f 3024 3025 3026
f 3026 3025 3027
f 3026 3027 3028
f 3028 3027 3029
f 3028 3029 3030
f 3030 3029 3031
f 3030 3031 3032
f 3032 3031 3033
f 3032 3033 3034
f 3034 3033 3035
f 3034 3035 3036
f 3036 3035 3037
f 3036 3037 3038
f 3038 3037 3039
f 3038 3039 3040
f 3040 3039 3041
f 3040 3041 3042
f 3043 3044 3045
f 3045 3044 3046
f 3045 3046 3047
f 3047 3046 3048
f 3047 3048 3049
f 3049 3048 3050
f 3049 3050 3051
f 3051 3050 3052
f 3051 3052 3053
f 3053 3052 3054
f 3053 3054 3055
f 3055 3054 3056
f 3055 3056 3057
f 3006 2990 3008
f 3008 2990 2992
f 3008 2992 3010
f 3010 2992 2994
f 3010 2994 3012
f 3012 2994 2996
f 3012 2996 3014
f 3014 2996 2998
f 3014 2998 3016
f 3016 2998 3000
f 3016 3000 3018
f 3018 3000 3002
f 3018 3002 3020
f 3020 3002 3004
f 3020 3004 3022
f 3042 3005 3040
f 3040 3005 3007
f 3040 3007 3038
f 3038 3007 3009
f 3038 3009 3036
f 3036 3009 3011
f 3036 3011 3034
f 3034 3011 3013
f 3034 3013 3032
f 3032 3013 3015
f 3032 3015 3030
f 3030 3015 3017
f 3030 3017 3028
f 3028 3017 3019
f 3028 3019 3026
f 3026 3019 3021
f 3026 3021 3024
f 3024 3021 3023
f 3025 3043 3027
f 3027 3043 3045
f 3027 3045 3029
f 3029 3045 3047
f 3029 3047 3031
f 3031 3047 3049
f 3031 3049 3033
f 3033 3049 3051
f 3033 3051 3035
f 3035 3051 3053
f 3035 3053 3037
f 3037 3053 3055
f 3037 3055 3039
f 3039 3055 3057
f 3039 3057 3041
f 3023 2989 3024
f 3024 2989 2969
f 3024 2969 3025
f 3025 2969 2968
f 3025 2968 3043
f 3043 2968 2962
f 3043 2962 3044
f 3044 2962 2964
f 3044 2964 3046
f 3046 2964 2957
f 3046 2957 3048
f 3048 2957 2959
f 3048 2959 3050
f 3050 2959 2961
f 3050 2961 3052
f 3052 2961 2971
f 3052 2971 3054
f 3054 2971 2970
f 3054 2970 3056
f 2976 3042 2977
f 2977 3042 3041
f 2977 3041 2978
f 2978 3041 3057
f 2978 3057 2979
f 2979 3057 3056
f 2979 3056 2980
f 2980 3056 2970
f 2980 2970 2981
f 2981 2970 2972
f 2981 2972 2982
f 2982 2972 2975
f 2982 2975 2983
f 2983 2975 2974
f 2983 2974 2984
f 2984 2974 2973
f 2868 2869 3058
f 3058 2869 3059
f 3058 3059 3060
f 3060 3059 3061
f 3060 3061 3062
f 3062 3061 3063
f 3062 3063 3064
f 3064 3063 3065
f 3064 3065 3066
f 3066 3065 3067
f 3066 3067 3068
f 3068 3067 3069
f 3068 3069 3070
f 3070 3069 3071
f 3070 3071 3072
f 3072 3071 3073
f 3072 3073 3074
f 3074 3073 3075
f 3074 3075 3076
f 3076 3075 3077
f 3076 3077 3078
f 3078 3077 3079
f 3078 3079 3080
f 3080 3079 3081
f 2797 2868 2976
f 2976 2868 3058
f 2976 3058 3042
f 3042 3058 3060
f 3042 3060 3005
f 3005 3060 3062
f 3005 3062 3006
f 3006 3062 3064
f 3006 3064 2990
f 2990 3064 3066
f 2990 3066 2991
f 2991 3066 3068
f 2991 3068 2993
f 2993 3068 3070
f 2993 3070 2995
f 2995 3070 3072
f 2995 3072 2997
f 2997 3072 3074
f 2997 3074 2999
f 2999 3074 3076
f 2999 3076 3001
f 3001 3076 3078
f 3001 3078 3003
f 3003 3078 3080
f 3082 3083 3084
f 3085 3086 3087
f 3088 3089 3090
f 2903 2902 3091
f 2893 2891 3092
f 3093 3094 3095
f 3096 3097 3098
f 3059 3099 3100
f 3059 3100 3061
f 3061 3100 3101
f 3061 3101 3063
f 3063 3101 3102
f 3063 3102 3065
f 3065 3102 3103
f 3065 3103 3067
f 3067 3103 3104
f 3067 3104 3069
f 3069 3104 3105
f 3069 3105 3071
f 3071 3105 3106
f 3071 3106 3073
f 3073 3106 3107
f 3073 3107 3075
f 3075 3107 3108
f 3075 3108 3077
f 3077 3108 3087
f 3077 3087 3079
f 3079 3087 3086
f 3079 3086 3081
f 3084 3109 3096
f 3096 3109 3110
f 3096 3110 3097
f 3097 3110 3111
f 3112 3095 3113
f 3113 3095 3094
f 3113 3094 3114
f 3115 3092 3116
f 3116 3092 2891
f 3116 2891 2890
f 2893 3092 2895
f 2895 3092 3117
f 2895 3117 2897
f 2897 3117 3118
f 2897 3118 2898
f 2898 3118 2899
f 2899 3118 3119
f 2899 3119 2901
f 3059 2869 3099
f 3099 2869 2879
f 3099 2879 2904
f 3109 3120 3110
f 3110 3120 3121
f 3110 3121 3111
f 3111 3121 3122
f 3111 3122 3123
f 3088 3090 3124
f 3089 3125 3090
f 3090 3125 3126
f 3090 3126 3127
f 3128 3083 3129
f 3129 3083 3082
f 3129 3082 3130
f 3123 3131 3111
f 3111 3131 3132
f 3111 3132 3097
f 3097 3132 3133
f 3097 3133 3098
f 3098 3133 3134
f 3098 3134 3135
f 3084 3096 3082
f 3082 3096 3098
f 3082 3098 3130
f 3130 3098 3135
f 3130 3135 3136
f 3136 3114 3130
f 3130 3114 3094
f 3130 3094 3129
f 3129 3094 3093
f 3129 3093 3128
f 3128 3093 3137
f 3131 3124 3132
f 3132 3124 3090
f 3132 3090 3133
f 3133 3090 3127
f 3133 3127 3134
f 3134 3127 3138
f 3134 3138 3135
f 3135 3138 3139
f 3135 3139 3136
f 3136 3139 3140
f 3136 3140 3114
f 3114 3140 3141
f 3114 3141 3113
f 3113 3141 3142
f 3113 3142 3112
f 3112 3142 3143
f 3126 3144 3127
f 3127 3144 3145
f 3127 3145 3138
f 3138 3145 3146
f 3138 3146 3139
f 3139 3146 3147
f 3139 3147 3140
f 3140 3147 3148
f 3140 3148 3141
f 3141 3148 3149
f 3141 3149 3142
f 3142 3149 3150
f 3142 3150 3143
f 3143 3150 3151
f 3143 3151 3152
f 3137 3115 3153
f 3153 3115 3116
f 3153 3116 3154
f 3154 3116 2890
f 3154 2890 2915
f 3137 3093 3115
f 3115 3093 3095
f 3115 3095 3092
f 3092 3095 3112
f 3092 3112 3117
f 3117 3112 3143
f 3117 3143 3118
f 3118 3143 3152
f 3118 3152 3119
f 3125 3155 3126
f 3126 3155 3156
f 3126 3156 3144
f 3144 3156 3157
f 3144 3157 3145
f 3145 3157 3158
f 3145 3158 3146
f 3146 3158 3159
f 3146 3159 3147
f 3147 3159 3160
f 3147 3160 3148
f 3148 3160 3161
f 3148 3161 3149
f 3149 3161 3162
f 3149 3162 3150
f 3150 3162 3163
f 3150 3163 3151
f 3151 3163 3164
f 3151 3164 3152
f 3152 3164 3165
f 3152 3165 3119
f 3119 3165 3091
f 3119 3091 2901
f 2901 3091 2902
f 3155 3085 3156
f 3156 3085 3087
f 3156 3087 3157
f 3157 3087 3108
f 3157 3108 3158
f 3158 3108 3107
f 3158 3107 3159
f 3159 3107 3106
f 3159 3106 3160
f 3160 3106 3105
f 3160 3105 3161
f 3161 3105 3104
f 3161 3104 3162
f 3162 3104 3103
f 3162 3103 3163
f 3163 3103 3102
f 3163 3102 3164
f 3164 3102 3101
f 3164 3101 3165
f 3165 3101 3100
f 3165 3100 3091
f 3091 3100 3099
f 3091 3099 2903
f 2903 3099 2904
f 2952 2953 3166
f 3166 2953 3167
f 3166 3167 3168
f 3168 3167 3169
f 3168 3169 3170
f 3170 3169 3171
f 3170 3171 3172
f 3172 3171 3173
f 3172 3173 3174
f 3174 3173 3175
f 3174 3175 3176
f 3176 3175 3177
f 3176 3177 3178
f 3178 3177 3179
f 3178 3179 3180
f 3180 3179 3181
f 2950 2952 3182
f 3182 2952 3166
f 3182 3166 3183
f 3183 3166 3168
f 3183 3168 3184
f 3184 3168 3170
f 3184 3170 3185
f 3185 3170 3172
f 3185 3172 3186
f 3186 3172 3174
f 3186 3174 3187
f 3187 3174 3176
f 3187 3176 3188
f 3188 3176 3178
f 3188 3178 3189
f 3189 3178 3180
f 2940 2950 3190
f 3190 2950 3182
f 3190 3182 3191
f 3191 3182 3183
f 3191 3183 3192
f 3192 3183 3184
f 3192 3184 3193
f 3193 3184 3185
f 3193 3185 3194
f 3194 3185 3186
f 3194 3186 3195
f 3195 3186 3187
f 3195 3187 3196
f 3196 3187 3188
f 3196 3188 3197
f 3197 3188 3189
f 2915 2940 3154
f 3154 2940 3190
f 3154 3190 3153
f 3153 3190 3191
f 3153 3191 3137
f 3137 3191 3192
f 3137 3192 3128
f 3128 3192 3193
f 3128 3193 3083
f 3083 3193 3194
f 3083 3194 3084
f 3084 3194 3195
f 3084 3195 3109
f 3109 3195 3196
f 3109 3196 3120
f 3120 3196 3197
f 3004 3003 3198
f 3198 3003 3199
f 3198 3199 3200
f 3200 3199 3201
f 3200 3201 3202
f 3202 3201 3203
f 3202 3203 3204
f 3204 3203 3205
f 3204 3205 3206
f 3206 3205 3207
f 3206 3207 3208
f 3208 3207 3209
f 3208 3209 3210
f 3210 3209 3211
f 3210 3211 1438
f 1438 3211 1439
f 3022 3004 3212
f 3212 3004 3198
f 3212 3198 3213
f 3213 3198 3200
f 3213 3200 3214
f 3214 3200 3202
f 3214 3202 3215
f 3215 3202 3204
f 3215 3204 3216
f 3216 3204 3206
f 3216 3206 3217
f 3217 3206 3208
f 3217 3208 3218
f 3218 3208 3210
f 3218 3210 1472
f 1472 3210 1438
f 3023 3022 3219
f 3219 3022 3212
f 3219 3212 3220
f 3220 3212 3213
f 3220 3213 3221
f 3221 3213 3214
f 3221 3214 3222
f 3222 3214 3215
f 3222 3215 3223
f 3223 3215 3216
f 3223 3216 3224
f 3224 3216 3217
f 3224 3217 3225
f 3225 3217 3218
f 3225 3218 1489
f 1489 3218 1472
f 2989 3023 3226
f 3226 3023 3219
f 3226 3219 3227
f 3227 3219 3220
f 3227 3220 3228
f 3228 3220 3221
f 3228 3221 3229
f 3229 3221 3222
f 3229 3222 3230
f 3230 3222 3223
f 3230 3223 3231
f 3231 3223 3224
f 3231 3224 3232
f 3232 3224 3225
f 3232 3225 1506
f 1506 3225 1489
f 2988 2989 3233
f 3233 2989 3226
f 3233 3226 3234
f 3234 3226 3227
f 3234 3227 3235
f 3235 3227 3228
f 3235 3228 3236
f 3236 3228 3229
f 3236 3229 3237
f 3237 3229 3230
f 3237 3230 3238
f 3238 3230 3231
f 3238 3231 3239
f 3239 3231 3232
f 3239 3232 1523
f 1523 3232 1506
f 2987 2988 3240
f 3240 2988 3233
f 3240 3233 3241
f 3241 3233 3234
f 3241 3234 3242
f 3242 3234 3235
f 3242 3235 3243
f 3243 3235 3236
f 3243 3236 3244
f 3244 3236 3237
f 3244 3237 3245
f 3245 3237 3238
f 3245 3238 3246
f 3246 3238 3239
f 3246 3239 1540
f 1540 3239 1523
f 2986 2987 3247
f 3247 2987 3240
f 3247 3240 3248
f 3248 3240 3241
f 3248 3241 3249
f 3249 3241 3242
f 3249 3242 3250
f 3250 3242 3243
f 3250 3243 3251
f 3251 3243 3244
f 3251 3244 3252
f 3252 3244 3245
f 3252 3245 3253
f 3253 3245 3246
f 3253 3246 1557
f 1557 3246 1540
f 2985 2986 3254
f 3254 2986 3247
f 3254 3247 3255
f 3255 3247 3248
f 3255 3248 3256
f 3256 3248 3249
f 3256 3249 3257
f 3257 3249 3250
f 3257 3250 3258
f 3258 3250 3251
f 3258 3251 3259
f 3259 3251 3252
f 3259 3252 3260
f 3260 3252 3253
f 3260 3253 1574
f 1574 3253 1557
f 3080 3081 3261
f 3261 3081 3262
f 3261 3262 3263
f 3263 3262 3264
f 3263 3264 3265
f 3265 3264 3266
f 3265 3266 3267
f 3267 3266 3268
f 3267 3268 3269
f 3269 3268 3270
f 3269 3270 3271
f 3271 3270 3272
f 3271 3272 3273
f 3273 3272 3274
f 3273 3274 1591
f 1591 3274 1608
f 3003 3080 3199
f 3199 3080 3261
f 3199 3261 3201
f 3201 3261 3263
f 3201 3263 3203
f 3203 3263 3265
f 3203 3265 3205
f 3205 3265 3267
f 3205 3267 3207
f 3207 3267 3269
f 3207 3269 3209
f 3209 3269 3271
f 3209 3271 3211
f 3211 3271 3273
f 3211 3273 1439
f 1439 3273 1591
f 3275 3276 3277
f 3121 3120 3278
f 3081 3086 3279
f 3262 3280 3264
f 3264 3280 3281
f 3264 3281 3266
f 3266 3281 3282
f 3266 3282 3268
f 3268 3282 3283
f 3268 3283 3270
f 3270 3283 3284
f 3270 3284 3272
f 3272 3284 3285
f 3272 3285 3274
f 3274 3285 1760
f 3274 1760 1608
f 1755 3286 1641
f 1641 3286 3287
f 1641 3287 3288
f 3288 3287 3289
f 3288 3289 3290
f 3290 3289 3291
f 3290 3291 3292
f 3123 3122 3293
f 3293 3122 3294
f 3293 3294 3275
f 3085 3155 3295
f 3295 3155 3125
f 3295 3125 3296
f 3296 3125 3089
f 3296 3089 3297
f 3297 3089 3088
f 3297 3088 3298
f 3298 3088 3124
f 3298 3124 3293
f 3293 3124 3131
f 3293 3131 3123
f 3290 3299 3288
f 3288 3299 3300
f 3288 3300 1641
f 1641 3300 3301
f 1641 3301 1642
f 1756 1757 3302
f 3302 1757 3303
f 3302 3303 3304
f 3304 3303 3305
f 3304 3305 3306
f 3306 3305 3307
f 3306 3307 3308
f 3308 3307 3309
f 3308 3309 3310
f 3310 3309 3311
f 1757 1758 3303
f 3303 1758 3312
f 3303 3312 3305
f 3305 3312 3313
f 3305 3313 3307
f 3307 3313 3314
f 3307 3314 3309
f 3309 3314 3315
f 3309 3315 3311
f 3311 3315 3316
f 1758 1759 3312
f 3312 1759 3317
f 3312 3317 3313
f 3313 3317 3318
f 3313 3318 3314
f 3314 3318 3319
f 3314 3319 3315
f 3315 3319 3320
f 3315 3320 3316
f 3316 3320 3321
f 3280 3321 3281
f 3281 3321 3320
f 3281 3320 3282
f 3282 3320 3319
f 3282 3319 3283
f 3283 3319 3318
f 3283 3318 3284
f 3284 3318 3317
f 3284 3317 3285
f 3285 3317 1759
f 3285 1759 1760
f 3122 3121 3294
f 3294 3121 3278
f 3294 3278 3275
f 3275 3278 3322
f 3275 3322 3276
f 3086 3085 3279
f 3279 3085 3295
f 3279 3295 3323
f 3323 3295 3296
f 3323 3296 3324
f 3324 3296 3297
f 3324 3297 3325
f 3325 3297 3298
f 3325 3298 3326
f 3326 3298 3293
f 3326 3293 3292
f 3292 3293 3275
f 3292 3275 3290
f 3290 3275 3277
f 3290 3277 3299
f 1755 1756 3286
f 3286 1756 3302
f 3286 3302 3287
f 3287 3302 3304
f 3287 3304 3289
f 3289 3304 3306
f 3289 3306 3291
f 3291 3306 3308
f 3291 3308 3292
f 3292 3308 3310
f 3292 3310 3326
f 3326 3310 3311
f 3326 3311 3325
f 3325 3311 3316
f 3325 3316 3324
f 3324 3316 3321
f 3324 3321 3323
f 3323 3321 3280
f 3323 3280 3279
f 3279 3280 3262
f 3279 3262 3081
f 3327 1762 1761
f 3276 3322 3328
f 3329 3330 3331
f 3332 3333 3334
f 3301 3300 3335
f 3335 3300 3336
f 3300 3299 3336
f 3336 3299 3277
f 3336 3277 3276
f 3329 3337 3338
f 3338 3337 3339
f 3338 3339 3340
f 3340 3339 3189
f 3340 3189 3180
f 3328 3322 3197
f 3197 3322 3278
f 3197 3278 3120
f 1642 3301 1812
f 1812 3301 3335
f 1812 3335 1795
f 1795 3335 3341
f 1795 3341 1761
f 3332 3331 3342
f 3333 3332 3343
f 3343 3332 3342
f 3276 3328 3336
f 3336 3328 3334
f 3336 3334 3335
f 3335 3334 3333
f 3335 3333 3341
f 3341 3333 3343
f 3341 3343 1761
f 1761 3343 3342
f 1761 3342 3327
f 3330 3329 3344
f 3344 3329 3338
f 3344 3338 3345
f 3345 3338 3340
f 3345 3340 3346
f 3346 3340 3180
f 3346 3180 3181
f 3331 3332 3329
f 3329 3332 3334
f 3329 3334 3337
f 3337 3334 3328
f 3337 3328 3339
f 3339 3328 3197
f 3339 3197 3189
f 3347 3348 3349
f 3350 1574 3351
f 3351 1574 1575
f 3351 1575 3352
f 3352 1575 1576
f 3352 1576 3353
f 3353 1576 1577
f 3353 1577 3354
f 3354 1577 1578
f 3354 1578 3355
f 3355 1578 1579
f 3355 1579 3356
f 3356 1579 1580
f 3356 1580 3357
f 3357 1580 1581
f 3357 1581 3358
f 3358 1581 1582
f 3358 1582 3359
f 3359 1582 1583
f 3359 1583 3360
f 3360 1583 1584
f 3360 1584 3361
f 3361 1584 1585
f 3361 1585 3362
f 3362 1585 1586
f 3362 1586 3363
f 3363 1586 1587
f 3363 1587 3364
f 3364 1587 1588
f 3364 1588 3365
f 3365 1588 1589
f 3366 3365 3367
f 3367 3365 1589
f 3367 1589 1590
f 3350 3351 3368
f 3368 3351 3352
f 3368 3352 3369
f 3369 3352 3353
f 3369 3353 3370
f 3370 3353 3354
f 3370 3354 3371
f 3371 3354 3355
f 3371 3355 3372
f 3372 3355 3356
f 3372 3356 3373
f 3373 3356 3357
f 3373 3357 3374
f 3374 3357 3358
f 3374 3358 3375
f 3375 3358 3359
f 3375 3359 3376
f 3376 3359 3360
f 3376 3360 3377
f 3377 3360 3361
f 3377 3361 3378
f 3378 3361 3362
f 3378 3362 3379
f 3379 3362 3363
f 3379 3363 3380
f 3380 3363 3364
f 3380 3364 3381
f 3381 3364 3365
f 3381 3365 3382
f 3382 3365 3366
f 3382 3366 3383
f 3383 3384 3382
f 3382 3384 3385
f 3382 3385 3381
f 3381 3385 3386
f 3381 3386 3380
f 3380 3386 3387
f 3380 3387 3379
f 3379 3387 3388
f 3379 3388 3378
f 3378 3388 3389
f 3378 3389 3377
f 3377 3389 3390
f 3377 3390 3376
f 3376 3390 3391
f 3376 3391 3375
f 3375 3391 3392
f 3375 3392 3374
f 3374 3392 3393
f 3374 3393 3373
f 3373 3393 3394
f 3373 3394 3372
f 3372 3394 3395
f 3372 3395 3371
f 3371 3395 3396
f 3371 3396 3370
f 3370 3396 3397
f 3370 3397 3369
f 3369 3397 3347
f 3369 3347 3368
f 3368 3347 3349
f 3368 3349 3350
f 1762 3348 1764
f 1764 3348 3347
f 1764 3347 1766
f 1766 3347 3397
f 1766 3397 1768
f 1768 3397 3396
f 1768 3396 1770
f 1770 3396 3395
f 1770 3395 1772
f 1772 3395 3394
f 1772 3394 1774
f 1774 3394 3393
f 1774 3393 1776
f 1776 3393 3392
f 1776 3392 1778
f 1778 3392 3391
f 1778 3391 1780
f 1780 3391 3390
f 1780 3390 1782
f 1782 3390 3389
f 1782 3389 1784
f 1784 3389 3388
f 1784 3388 1786
f 1786 3388 3387
f 1786 3387 1788
f 1788 3387 3386
f 1788 3386 1790
f 1790 3386 3385
f 1790 3385 1792
f 1792 3385 3384
f 1792 3384 1794
f 1794 3384 3383
f 1794 3383 3398
f 1794 3398 2001
f 2001 3398 3399
f 2001 3399 2000
f 3399 3400 2000
f 2000 3400 3401
f 2000 3401 1999
f 1999 3401 1984
f 1984 3401 3402
f 1984 3402 1982
f 3402 3403 1982
f 1982 3403 3404
f 1982 3404 1980
f 1980 3404 3405
f 1980 3405 1998
f 3406 3405 3407
f 3407 3405 3404
f 3407 3404 3408
f 3408 3404 3403
f 3408 3403 3409
f 3409 3403 3402
f 3409 3402 3410
f 3410 3402 3401
f 3410 3401 3411
f 3411 3401 3400
f 3411 3400 3412
f 3412 3400 3399
f 3412 3399 3413
f 3413 3399 3398
f 3413 3398 3366
f 3366 3398 3383
f 3414 3406 3415
f 3415 3406 3407
f 3415 3407 3416
f 3416 3407 3408
f 3416 3408 3417
f 3417 3408 3409
f 3417 3409 3418
f 3418 3409 3410
f 3418 3410 3419
f 3419 3410 3411
f 3419 3411 3420
f 3420 3411 3412
f 3420 3412 3421
f 3421 3412 3413
f 3421 3413 3367
f 3367 3413 3366
f 1900 3414 1899
f 1899 3414 3415
f 1899 3415 1898
f 1898 3415 3416
f 1898 3416 1897
f 1897 3416 3417
f 1897 3417 1896
f 1896 3417 3418
f 1896 3418 1895
f 1895 3418 3419
f 1895 3419 1894
f 1894 3419 3420
f 1894 3420 1893
f 1893 3420 3421
f 1893 3421 1590
f 1590 3421 3367
f 3422 3405 3406
f 3414 1900 3423
f 3423 1900 2029
f 3423 2029 3424
f 3424 2029 2018
f 3424 2018 3425
f 3425 2018 2015
f 3425 2015 3426
f 3426 2015 2014
f 3426 2014 3427
f 3427 2014 2004
f 3427 2004 3428
f 3428 2004 2003
f 3428 2003 3429
f 3429 2003 2005
f 3430 3429 3431
f 3431 3429 2005
f 3431 2005 2030
f 3414 3423 3432
f 3432 3423 3424
f 3432 3424 3433
f 3433 3424 3425
f 3433 3425 3434
f 3434 3425 3426
f 3434 3426 3435
f 3435 3426 3427
f 3435 3427 3436
f 3436 3427 3428
f 3436 3428 3437
f 3437 3428 3429
f 3437 3429 3438
f 3438 3429 3430
f 3438 3430 3439
f 3439 3440 3438
f 3438 3440 3441
f 3438 3441 3437
f 3437 3441 3442
f 3437 3442 3436
f 3436 3442 3443
f 3436 3443 3435
f 3435 3443 3444
f 3435 3444 3434
f 3434 3444 3445
f 3434 3445 3433
f 3433 3445 3422
f 3433 3422 3432
f 3432 3422 3406
f 3432 3406 3414
f 1998 3405 2211
f 2211 3405 3422
f 2211 3422 2213
f 2213 3422 3445
f 2213 3445 2215
f 2215 3445 3444
f 2215 3444 2217
f 2217 3444 3443
f 2217 3443 2219
f 2219 3443 3442
f 2219 3442 2221
f 2221 3442 3441
f 2221 3441 2223
f 2223 3441 3440
f 2223 3440 2225
f 2225 3440 3439
f 3446 3439 3430
f 3447 3448 2251
f 2253 2255 3449
f 2251 3448 2249
f 2249 3448 3450
f 2249 3450 2247
f 2247 3450 3451
f 2247 3451 2245
f 2245 3451 3452
f 2245 3452 2243
f 2243 3452 3453
f 2243 3453 2030
f 3447 3454 3455
f 3447 3455 3448
f 3448 3455 3456
f 3448 3456 3450
f 3450 3456 3457
f 3450 3457 3451
f 3451 3457 3458
f 3451 3458 3452
f 3452 3458 3459
f 3452 3459 3453
f 3453 3459 3431
f 3453 3431 2030
f 3454 3460 3461
f 3454 3461 3455
f 3455 3461 3462
f 3455 3462 3456
f 3456 3462 3463
f 3456 3463 3457
f 3457 3463 3464
f 3457 3464 3458
f 3458 3464 3446
f 3458 3446 3459
f 3459 3446 3430
f 3459 3430 3431
f 2393 3465 3466
f 3466 3465 3467
f 3466 3467 3468
f 3468 3467 3449
f 3468 3449 3469
f 3469 3449 2255
f 3469 2255 2257
f 2393 2392 3465
f 3465 2392 3460
f 3465 3460 3467
f 3467 3460 3454
f 3467 3454 3449
f 3449 3454 3447
f 3449 3447 2253
f 2253 3447 2251
f 2225 3439 2413
f 2413 3439 3446
f 2413 3446 2412
f 2412 3446 3464
f 2412 3464 2411
f 2411 3464 3463
f 2411 3463 2408
f 2408 3463 3462
f 2408 3462 2407
f 2407 3462 3461
f 2407 3461 2405
f 2405 3461 3460
f 2405 3460 2392
f 3470 3466 3468
f 3469 2257 3471
f 3471 2257 2542
f 3471 2542 3472
f 3472 2542 2543
f 3472 2543 3473
f 3473 2543 2544
f 3473 2544 3474
f 3474 2544 2545
f 3474 2545 3475
f 3475 2545 2546
f 3475 2546 3476
f 3476 2546 2547
f 3476 2547 3477
f 3477 2547 2548
f 3477 2548 3478
f 3478 2548 2549
f 3478 2549 3479
f 3479 2549 2550
f 3479 2550 3480
f 3480 2550 2551
f 3480 2551 3481
f 3481 2551 2552
f 3481 2552 3482
f 3482 2552 2553
f 3482 2553 3483
f 3483 2553 2554
f 3483 2554 3484
f 3484 2554 2555
f 3484 2555 3485
f 3485 2555 2556
f 3486 3485 3487
f 3487 3485 2556
f 3487 2556 2557
f 3469 3471 3488
f 3488 3471 3472
f 3488 3472 3489
f 3489 3472 3473
f 3489 3473 3490
f 3490 3473 3474
f 3490 3474 3491
f 3491 3474 3475
f 3491 3475 3492
f 3492 3475 3476
f 3492 3476 3493
f 3493 3476 3477
f 3493 3477 3494
f 3494 3477 3478
f 3494 3478 3495
f 3495 3478 3479
f 3495 3479 3496
f 3496 3479 3480
f 3496 3480 3497
f 3497 3480 3481
f 3497 3481 3498
f 3498 3481 3482
f 3498 3482 3499
f 3499 3482 3483
f 3499 3483 3500
f 3500 3483 3484
f 3500 3484 3501
f 3501 3484 3485
f 3501 3485 3502
f 3502 3485 3486
f 3502 3486 3503
f 3503 3504 3502
f 3502 3504 3505
f 3502 3505 3501
f 3501 3505 3506
f 3501 3506 3500
f 3500 3506 3507
f 3500 3507 3499
f 3499 3507 3508
f 3499 3508 3498
f 3498 3508 3509
f 3498 3509 3497
f 3497 3509 3510
f 3497 3510 3496
f 3496 3510 3511
f 3496 3511 3495
f 3495 3511 3512
f 3495 3512 3494
f 3494 3512 3513
f 3494 3513 3493
f 3493 3513 3514
f 3493 3514 3492
f 3492 3514 3515
f 3492 3515 3491
f 3491 3515 3516
f 3491 3516 3490
f 3490 3516 3517
f 3490 3517 3489
f 3489 3517 3470
f 3489 3470 3488
f 3488 3470 3468
f 3488 3468 3469
f 2393 3466 2719
f 2719 3466 3470
f 2719 3470 2721
f 2721 3470 3517
f 2721 3517 2723
f 2723 3517 3516
f 2723 3516 2725
f 2725 3516 3515
f 2725 3515 2727
f 2727 3515 3514
f 2727 3514 2729
f 2729 3514 3513
f 2729 3513 2731
f 2731 3513 3512
f 2731 3512 2733
f 2733 3512 3511
f 2733 3511 2735
f 2735 3511 3510
f 2735 3510 2737
f 2737 3510 3509
f 2737 3509 2739
f 2739 3509 3508
f 2739 3508 2741
f 2741 3508 3507
f 2741 3507 2743
f 2743 3507 3506
f 2743 3506 2745
f 2745 3506 3505
f 2745 3505 2747
f 2747 3505 3504
f 2747 3504 2749
f 2749 3504 3503
f 2749 3503 3518
f 2749 3518 2956
f 2956 3518 3519
f 2956 3519 2955
f 3519 3520 2955
f 2955 3520 3521
f 2955 3521 2954
f 2954 3521 2939
f 2939 3521 3522
f 2939 3522 2937
f 3522 3523 2937
f 2937 3523 3524
f 2937 3524 2935
f 2935 3524 3525
f 2935 3525 2953
f 3526 3525 3527
f 3527 3525 3524
f 3527 3524 3528
f 3528 3524 3523
f 3528 3523 3529
f 3529 3523 3522
f 3529 3522 3530
f 3530 3522 3521
f 3530 3521 3531
f 3531 3521 3520
f 3531 3520 3532
f 3532 3520 3519
f 3532 3519 3533
f 3533 3519 3518
f 3533 3518 3486
f 3486 3518 3503
f 3534 3526 3535
f 3535 3526 3527
f 3535 3527 3536
f 3536 3527 3528
f 3536 3528 3537
f 3537 3528 3529
f 3537 3529 3538
f 3538 3529 3530
f 3538 3530 3539
f 3539 3530 3531
f 3539 3531 3540
f 3540 3531 3532
f 3540 3532 3541
f 3541 3532 3533
f 3541 3533 3487
f 3487 3533 3486
f 2853 3534 2852
f 2852 3534 3535
f 2852 3535 2851
f 2851 3535 3536
f 2851 3536 2850
f 2850 3536 3537
f 2850 3537 2849
f 2849 3537 3538
f 2849 3538 2848
f 2848 3538 3539
f 2848 3539 2847
f 2847 3539 3540
f 2847 3540 2846
f 2846 3540 3541
f 2846 3541 2557
f 2557 3541 3487
f 3542 3525 3526
f 3534 2853 3543
f 3543 2853 2984
f 3543 2984 3544
f 3544 2984 2973
f 3544 2973 3545
f 3545 2973 2958
f 3545 2958 3546
f 3546 2958 2957
f 3546 2957 3547
f 3547 2957 2964
f 3547 2964 3548
f 3548 2964 2963
f 3548 2963 3549
f 3549 2963 2965
f 3550 3549 3551
f 3551 3549 2965
f 3551 2965 2985
f 3534 3543 3552
f 3552 3543 3544
f 3552 3544 3553
f 3553 3544 3545
f 3553 3545 3554
f 3554 3545 3546
f 3554 3546 3555
f 3555 3546 3547
f 3555 3547 3556
f 3556 3547 3548
f 3556 3548 3557
f 3557 3548 3549
f 3557 3549 3558
f 3558 3549 3550
f 3558 3550 3559
f 3559 3560 3558
f 3558 3560 3561
f 3558 3561 3557
f 3557 3561 3562
f 3557 3562 3556
f 3556 3562 3563
f 3556 3563 3555
f 3555 3563 3564
f 3555 3564 3554
f 3554 3564 3565
f 3554 3565 3553
f 3553 3565 3542
f 3553 3542 3552
f 3552 3542 3526
f 3552 3526 3534
f 2953 3525 3167
f 3167 3525 3542
f 3167 3542 3169
f 3169 3542 3565
f 3169 3565 3171
f 3171 3565 3564
f 3171 3564 3173
f 3173 3564 3563
f 3173 3563 3175
f 3175 3563 3562
f 3175 3562 3177
f 3177 3562 3561
f 3177 3561 3179
f 3179 3561 3560
f 3179 3560 3181
f 3181 3560 3559
f 3566 3559 3550
f 3567 3568 3258
f 3259 3260 3569
f 3258 3568 3257
f 3257 3568 3570
f 3257 3570 3256
f 3256 3570 3571
f 3256 3571 3255
f 3255 3571 3572
f 3255 3572 3254
f 3254 3572 3573
f 3254 3573 2985
f 3567 3574 3575
f 3567 3575 3568
f 3568 3575 3576
f 3568 3576 3570
f 3570 3576 3577
f 3570 3577 3571
f 3571 3577 3578
f 3571 3578 3572
f 3572 3578 3579
f 3572 3579 3573
f 3573 3579 3551
f 3573 3551 2985
f 3574 3580 3581
f 3574 3581 3575
f 3575 3581 3582
f 3575 3582 3576
f 3576 3582 3583
f 3576 3583 3577
f 3577 3583 3584
f 3577 3584 3578
f 3578 3584 3566
f 3578 3566 3579
f 3579 3566 3550
f 3579 3550 3551
f 1762 3585 3348
f 3348 3585 3586
f 3348 3586 3349
f 3349 3586 3569
f 3349 3569 3350
f 3350 3569 3260
f 3350 3260 1574
f 1762 3327 3585
f 3585 3327 3580
f 3585 3580 3586
f 3586 3580 3574
f 3586 3574 3569
f 3569 3574 3567
f 3569 3567 3259
f 3259 3567 3258
f 3181 3559 3346
f 3346 3559 3566
f 3346 3566 3345
f 3345 3566 3584
f 3345 3584 3344
f 3344 3584 3583
f 3344 3583 3330
f 3330 3583 3582
f 3330 3582 3331
f 3331 3582 3581
f 3331 3581 3342
f 3342 3581 3580
f 3342 3580 3327

