# https://github.com/mikedh/trimesh
mtllib mtl_seedRobotics_adaptor
usemtl mtl_seedRobotics_adaptor
v -0.02250000 -0.00000000 0.00480000
v -0.02235853 0.00251920 0.00480000
v -0.00000000 0.00000000 0.00480000
v -0.02235853 -0.00251920 0.00480000
v -0.02027180 -0.00976238 0.00480000
v -0.02123738 -0.00743128 0.00480000
v -0.02193588 -0.00500672 0.00480000
v -0.01590990 -0.01590990 0.00480000
v -0.01759121 -0.01402852 0.00480000
v -0.01905129 -0.01197072 0.00480000
v -0.00976238 -0.02027180 0.00480000
v -0.01197072 -0.01905129 0.00480000
v -0.01402852 -0.01759121 0.00480000
v -0.00251920 -0.02235853 0.00480000
v -0.00500672 -0.02193588 0.00480000
v -0.00743128 -0.02123738 0.00480000
v 0.00500672 -0.02193588 0.00480000
v 0.00251920 -0.02235853 0.00480000
v 0.00000000 -0.02250000 0.00480000
v 0.01197072 -0.01905129 0.00480000
v 0.00976238 -0.02027180 0.00480000
v 0.00743128 -0.02123738 0.00480000
v 0.01759121 -0.01402852 0.00480000
v 0.01590990 -0.01590990 0.00480000
v 0.01402852 -0.01759121 0.00480000
v 0.02123738 -0.00743128 0.00480000
v 0.02027180 -0.00976238 0.00480000
v 0.01905129 -0.01197072 0.00480000
v 0.02250000 0.00000000 0.00480000
v 0.02235853 -0.00251920 0.00480000
v 0.02193588 -0.00500672 0.00480000
v 0.02123738 0.00743128 0.00480000
v 0.02193588 0.00500672 0.00480000
v 0.02235853 0.00251920 0.00480000
v 0.01759121 0.01402852 0.00480000
v 0.01905129 0.01197072 0.00480000
v 0.02027180 0.00976238 0.00480000
v 0.01197072 0.01905129 0.00480000
v 0.01402852 0.01759121 0.00480000
v 0.01590990 0.01590990 0.00480000
v 0.00500672 0.02193588 0.00480000
v 0.00743128 0.02123738 0.00480000
v 0.00976238 0.02027180 0.00480000
v -0.00251920 0.02235853 0.00480000
v -0.00000000 0.02250000 0.00480000
v 0.00251920 0.02235853 0.00480000
v -0.00976238 0.02027180 0.00480000
v -0.00743128 0.02123738 0.00480000
v -0.00500672 0.02193588 0.00480000
v -0.01590990 0.01590990 0.00480000
v -0.01402852 0.01759121 0.00480000
v -0.01197072 0.01905129 0.00480000
v -0.02027180 0.00976238 0.00480000
v -0.01905129 0.01197072 0.00480000
v -0.01759121 0.01402852 0.00480000
v -0.02193588 0.00500672 0.00480000
v -0.02123738 0.00743128 0.00480000
v -0.02250000 -0.00000000 -0.00000000
v -0.02235853 0.00251920 -0.00000000
v -0.02193588 0.00500672 -0.00000000
v -0.02123738 0.00743128 -0.00000000
v -0.02027180 0.00976238 -0.00000000
v -0.01905129 0.01197072 -0.00000000
v -0.01759121 0.01402852 -0.00000000
v -0.01590990 0.01590990 -0.00000000
v -0.01402852 0.01759121 -0.00000000
v -0.01197072 0.01905129 -0.00000000
v -0.00976238 0.02027180 -0.00000000
v -0.00743128 0.02123738 -0.00000000
v -0.00500672 0.02193588 -0.00000000
v -0.00251920 0.02235853 -0.00000000
v -0.00000000 0.02250000 -0.00000000
v 0.00251920 0.02235853 -0.00000000
v 0.00500672 0.02193588 -0.00000000
v 0.00743128 0.02123738 -0.00000000
v 0.00976238 0.02027180 -0.00000000
v 0.01197072 0.01905129 -0.00000000
v 0.01402852 0.01759121 -0.00000000
v 0.01590990 0.01590990 -0.00000000
v 0.01759121 0.01402852 -0.00000000
v 0.01905129 0.01197072 -0.00000000
v 0.02027180 0.00976238 -0.00000000
v 0.02123738 0.00743128 -0.00000000
v 0.02193588 0.00500672 -0.00000000
v 0.02235853 0.00251920 -0.00000000
v 0.02250000 0.00000000 -0.00000000
v 0.02235853 -0.00251920 -0.00000000
v 0.02193588 -0.00500672 -0.00000000
v 0.02123738 -0.00743128 -0.00000000
v 0.02027180 -0.00976238 -0.00000000
v 0.01905129 -0.01197072 -0.00000000
v 0.01759121 -0.01402852 -0.00000000
v 0.01590990 -0.01590990 -0.00000000
v 0.01402852 -0.01759121 -0.00000000
v 0.01197072 -0.01905129 -0.00000000
v 0.00976238 -0.02027180 -0.00000000
v 0.00743128 -0.02123738 -0.00000000
v 0.00500672 -0.02193588 -0.00000000
v 0.00251920 -0.02235853 -0.00000000
v 0.00000000 -0.02250000 -0.00000000
v -0.00251920 -0.02235853 -0.00000000
v -0.00500672 -0.02193588 -0.00000000
v -0.00743128 -0.02123738 -0.00000000
v -0.00976238 -0.02027180 -0.00000000
v -0.01197072 -0.01905129 -0.00000000
v -0.01402852 -0.01759121 -0.00000000
v -0.01590990 -0.01590990 -0.00000000
v -0.01759121 -0.01402852 -0.00000000
v -0.01905129 -0.01197072 -0.00000000
v -0.02027180 -0.00976238 -0.00000000
v -0.02123738 -0.00743128 -0.00000000
v -0.02193588 -0.00500672 -0.00000000
v -0.02235853 -0.00251920 -0.00000000
v 0.01282576 -0.03523847 -0.00000000
v 0.01250000 -0.03535534 -0.00000000
v 0.01250000 -0.02588675 -0.00000000
v -0.01704199 0.01850610 -0.00000000
v -0.01664239 0.01947082 -0.00000000
v -0.01250000 0.02588675 -0.00000000
v -0.01650610 0.02050610 -0.00000000
v 0.01584818 -0.03398654 -0.00000000
v -0.01250000 -0.02588675 -0.00000000
v -0.01250000 -0.03535534 -0.00000000
v -0.01282576 -0.03523847 -0.00000000
v -0.01664239 -0.01947082 -0.00000000
v -0.01664239 0.02154137 -0.00000000
v -0.01704199 0.02250610 -0.00000000
v -0.01250000 0.02728663 -0.00000000
v -0.01767767 0.02333452 -0.00000000
v -0.01256589 0.02779577 -0.00000000
v -0.01770574 0.02336232 -0.00000000
v 0.01350000 0.03101023 -0.00000000
v 0.01639196 0.03267990 -0.00000000
v 0.01250000 0.02927818 -0.00000000
v -0.01777559 0.02757587 -0.00000000
v -0.01717125 0.02806347 -0.00000000
v 0.03693029 -0.00651181 -0.00000000
v -0.01704199 -0.01850610 -0.00000000
v -0.01767767 -0.01767767 -0.00000000
v -0.01543851 0.02905275 -0.00000000
v -0.01495798 0.02923348 -0.00000000
v 0.03523847 -0.01282576 -0.00000000
v 0.03398654 -0.01584818 -0.00000000
v 0.03247595 -0.01875000 -0.00000000
v 0.03071820 -0.02150912 -0.00000000
v -0.01394005 0.02920664 -0.00000000
v -0.01346971 0.02900084 -0.00000000
v -0.01306727 0.02868208 -0.00000000
v 0.03622222 -0.00970571 -0.00000000
v -0.01650610 -0.02050610 -0.00000000
v -0.01650610 -0.03240097 -0.00000000
v -0.01532334 -0.03422638 -0.00000000
v 0.03735730 -0.00326834 -0.00000000
v 0.03750000 0.00000000 -0.00000000
v 0.01250000 0.02588675 -0.00000000
v 0.01686872 0.03287819 -0.00000000
v 0.01738036 0.03294782 -0.00000000
v 0.01789276 0.03288414 -0.00000000
v 0.01837179 0.03269139 -0.00000000
v 0.01875000 0.03247595 -0.00000000
v 0.02150912 0.03071820 -0.00000000
v 0.02410454 0.02872667 -0.00000000
v 0.02651650 0.02651650 -0.00000000
v 0.02872667 0.02410454 -0.00000000
v 0.03071820 0.02150912 -0.00000000
v 0.03247595 0.01875000 -0.00000000
v 0.03398654 0.01584818 -0.00000000
v 0.03523847 0.01282576 -0.00000000
v 0.03622222 0.00970571 -0.00000000
v 0.03693029 0.00651181 -0.00000000
v 0.03735730 0.00326834 -0.00000000
v -0.01571793 -0.03399203 -0.00000000
v -0.01604870 -0.03367391 -0.00000000
v -0.01645344 -0.03285687 -0.00000000
v -0.01629825 -0.03328877 -0.00000000
v -0.01860507 0.02545477 -0.00000000
v -0.01851735 0.02622632 -0.00000000
v -0.01849182 0.02468655 -0.00000000
v -0.01818520 0.02397314 -0.00000000
v -0.01823454 0.02694950 -0.00000000
v -0.01444728 0.02928593 -0.00000000
v -0.01275923 0.02827137 -0.00000000
v 0.01256815 0.02979581 -0.00000000
v 0.01276795 0.03027818 -0.00000000
v 0.01308579 0.03069239 -0.00000000
v 0.02872667 -0.02410454 -0.00000000
v 0.02651650 -0.02651650 -0.00000000
v 0.02410454 -0.02872667 -0.00000000
v -0.02333452 0.01767767 -0.00000000
v -0.03222384 0.00663580 -0.00000000
v -0.03153005 0.00939499 -0.00000000
v -0.03267666 0.00382700 -0.00000000
v -0.02250610 0.01704199 -0.00000000
v -0.03288512 0.00098957 -0.00000000
v 0.02150912 -0.03071820 -0.00000000
v 0.01875000 -0.03247595 -0.00000000
v -0.02977779 -0.01358121 -0.00000000
v -0.03006223 -0.01326004 -0.00000000
v -0.02154137 0.01664239 -0.00000000
v -0.03027163 -0.01288560 -0.00000000
v -0.03127170 -0.01022208 -0.00000000
v -0.03060047 0.01208392 -0.00000000
v -0.02944206 0.01468248 -0.00000000
v -0.02336232 0.01770574 -0.00000000
v -0.02806347 0.01717125 -0.00000000
v -0.03203791 -0.00748213 -0.00000000
v -0.03256454 -0.00468622 -0.00000000
v -0.03284765 -0.00185526 -0.00000000
v -0.01767767 0.01767767 -0.00000000
v -0.01850610 0.01704199 -0.00000000
v -0.01947082 0.01664239 -0.00000000
v -0.02050610 0.01650610 -0.00000000
v -0.02757587 0.01777559 -0.00000000
v -0.02694950 0.01823454 -0.00000000
v -0.02622632 0.01851735 -0.00000000
v -0.02545477 0.01860507 -0.00000000
v -0.02468655 0.01849182 -0.00000000
v -0.02397314 0.01818520 -0.00000000
v -0.02478551 -0.01643795 -0.00000000
v -0.02526787 -0.01623815 -0.00000000
v -0.02943141 -0.01383433 -0.00000000
v -0.01850610 -0.01704199 -0.00000000
v -0.01947082 -0.01664239 -0.00000000
v -0.02050610 -0.01650610 -0.00000000
v -0.02426787 -0.01650610 -0.00000000
v -0.02336232 0.01770574 0.00420000
v -0.02397314 0.01818520 0.00420000
v -0.02468655 0.01849182 0.00420000
v -0.02545477 0.01860507 0.00420000
v -0.02622632 0.01851735 0.00420000
v -0.02694950 0.01823454 0.00420000
v -0.02757587 0.01777559 0.00420000
v -0.02806347 0.01717125 0.00420000
v -0.02944206 0.01468248 0.00420000
v -0.03060047 0.01208392 0.00420000
v -0.03153005 0.00939499 0.00420000
v -0.03222384 0.00663580 0.00420000
v -0.03267666 0.00382700 0.00420000
v -0.03288512 0.00098957 0.00420000
v -0.03284765 -0.00185526 0.00420000
v -0.03256454 -0.00468622 0.00420000
v -0.03203791 -0.00748213 0.00420000
v -0.03127170 -0.01022208 0.00420000
v -0.03027163 -0.01288560 0.00420000
v -0.03006223 -0.01326004 0.00420000
v -0.02977779 -0.01358121 0.00420000
v -0.02943141 -0.01383433 0.00420000
v -0.02526787 -0.01623815 0.00420000
v -0.02478551 -0.01643795 0.00420000
v -0.02426787 -0.01650610 0.00420000
v -0.02050610 -0.01650610 0.00420000
v -0.01650610 -0.02050610 0.00420000
v -0.01664239 -0.01947082 0.00440000
v -0.01704199 -0.01850610 0.00440000
v -0.01767767 -0.01767767 0.00440000
v -0.01850610 -0.01704199 0.00440000
v -0.01947082 -0.01664239 0.00440000
v -0.02050610 -0.01650610 0.00440000
v -0.02154137 -0.01664239 0.00420000
v -0.02154137 -0.01664239 0.00440000
v -0.02250610 -0.01704199 0.00420000
v -0.02250610 -0.01704199 0.00440000
v -0.02333452 -0.01767767 0.00420000
v -0.02333452 -0.01767767 0.00440000
v -0.02397020 -0.01850610 0.00420000
v -0.02397020 -0.01850610 0.00440000
v -0.02436980 -0.01947082 0.00420000
v -0.02436980 -0.01947082 0.00440000
v -0.02450610 -0.02050610 0.00420000
v -0.02450610 -0.02050610 0.00440000
v -0.02436980 -0.02154137 0.00420000
v -0.02436980 -0.02154137 0.00440000
v -0.02397020 -0.02250610 0.00420000
v -0.02397020 -0.02250610 0.00440000
v -0.02333452 -0.02333452 0.00420000
v -0.02333452 -0.02333452 0.00440000
v -0.02250610 -0.02397020 0.00420000
v -0.02250610 -0.02397020 0.00440000
v -0.02154137 -0.02436980 0.00420000
v -0.02154137 -0.02436980 0.00440000
v -0.02050610 -0.02450610 0.00420000
v -0.02050610 -0.02450610 0.00440000
v -0.01947082 -0.02436980 0.00420000
v -0.01947082 -0.02436980 0.00440000
v -0.01850610 -0.02397020 0.00420000
v -0.01850610 -0.02397020 0.00440000
v -0.01767767 -0.02333452 0.00420000
v -0.01767767 -0.02333452 0.00440000
v -0.01704199 -0.02250610 0.00420000
v -0.01704199 -0.02250610 0.00440000
v -0.01664239 -0.02154137 0.00420000
v -0.01664239 -0.02154137 0.00440000
v -0.01650610 -0.02050610 0.00440000
v -0.01650610 -0.03240097 0.00420000
v -0.01532334 -0.03422638 0.00420000
v -0.01571793 -0.03399203 0.00420000
v -0.01604870 -0.03367391 0.00420000
v -0.01629825 -0.03328877 0.00420000
v -0.01645344 -0.03285687 0.00420000
v 0.03679425 0.00709864 0.01200000
v 0.03690198 0.00650666 0.01200000
v 0.03510072 0.01317849 0.01200000
v 0.03522076 0.01281983 0.01200000
v 0.02819946 0.02472909 0.01200000
v 0.02871525 0.02409524 0.01200000
v 0.02224678 -0.03017580 0.01200000
v 0.02149666 -0.03070039 0.01200000
v 0.03427139 -0.01522540 0.01200000
v 0.03397074 -0.01584046 0.01200000
v -0.02471868 0.02820858 0.01200000
v -0.02409538 0.02871540 0.01200000
v -0.02410454 0.02872667 0.00420000
v -0.03691647 0.00649793 0.01200000
v -0.03691456 0.00650911 0.01200000
v -0.03693029 0.00651181 0.00420000
v -0.03596265 -0.01060134 0.01200000
v -0.03619420 -0.00969853 0.01200000
v -0.03622222 -0.00970571 0.00420000
v -0.02636962 -0.02667292 0.01200000
v -0.02651666 -0.02651666 0.01200000
v -0.02651650 -0.02651650 0.00420000
v -0.00576988 -0.03704110 0.01200000
v -0.00650911 -0.03691456 0.01200000
v -0.00651181 -0.03693029 0.00600000
v 0.00653042 -0.03689761 0.01200000
v 0.00650665 -0.03690192 0.01200000
v 0.00651181 -0.03693029 0.00600000
v 0.01250000 -0.03535534 0.00600000
v 0.00236105 0.03743053 0.01200000
v 0.00326681 0.03734172 0.01200000
v 0.00326834 0.03735730 0.00600000
v -0.00760234 0.03670294 0.01200000
v -0.00650665 0.03690192 0.01200000
v -0.00651181 0.03693029 0.00600000
v -0.01250000 0.03535534 0.00600000
v -0.01250000 0.03535534 0.00420000
v -0.01282576 0.03523847 0.00420000
v -0.01002472 0.03611054 0.01200000
v -0.00969853 0.03619420 0.01200000
v -0.00970571 0.03622222 0.00600000
v -0.00798807 0.03663288 0.01200000
v -0.00326637 0.03733919 0.01200000
v -0.00326834 0.03735730 0.00600000
v -0.00515180 0.03713422 0.01200000
v -0.00534062 0.03711369 0.01200000
v -0.00267375 0.03740362 0.01200000
v -0.00021132 0.03749456 0.01200000
v 0.00000000 0.03750000 0.00600000
v -0.00000000 0.03750236 0.01200000
v 0.00225563 0.03743374 0.01200000
v 0.00470679 0.03720052 0.01200000
v 0.00500858 0.03717092 0.01200000
v 0.00651181 0.03693029 0.00600000
v 0.00650913 0.03691462 0.01200000
v 0.00713313 0.03680804 0.01200000
v 0.00762656 0.03672376 0.01200000
v 0.00952683 0.03625756 0.01200000
v 0.00970571 0.03622222 0.00600000
v 0.01273537 0.03527535 0.01200000
v 0.01282591 0.03523886 0.01200000
v 0.01250000 0.03535534 0.00600000
v 0.01282576 0.03523847 0.00420000
v 0.01250000 0.03535534 0.00420000
v 0.00970374 0.03621416 0.01200000
v 0.01020510 0.03609116 0.01200000
v 0.01188094 0.03555084 0.01200000
v 0.01418913 0.03468952 0.01200000
v 0.01521274 0.03427703 0.01200000
v 0.01584818 0.03398654 0.00420000
v 0.01839039 0.03265699 0.01200000
v 0.01873801 0.03245529 0.01200000
v 0.01837179 0.03269139 0.00420000
v 0.01584036 0.03397052 0.01200000
v 0.01646024 0.03366780 0.01200000
v 0.01764776 0.03308788 0.01200000
v 0.01060134 -0.03596265 0.01200000
v 0.00970571 -0.03622222 0.00600000
v 0.00969853 -0.03619420 0.01200000
v 0.00896696 -0.03638183 0.01200000
v 0.00798801 -0.03663290 0.01200000
v 0.00326637 -0.03733919 0.01200000
v 0.00326834 -0.03735730 0.00600000
v 0.00407168 -0.03725164 0.01200000
v 0.00534055 -0.03711370 0.01200000
v 0.00000000 -0.03750236 0.01200000
v -0.00000000 -0.03750000 0.00600000
v 0.00160194 -0.03744320 0.01200000
v 0.00267368 -0.03740362 0.01200000
v -0.00086837 -0.03747578 0.01200000
v -0.00237462 -0.03742969 0.01200000
v -0.00326834 -0.03735730 0.00600000
v -0.00326682 -0.03734187 0.01200000
v -0.00332852 -0.03733580 0.01200000
v -0.00502203 -0.03716912 0.01200000
v -0.01250000 -0.03535534 0.00600000
v -0.00763983 -0.03672100 0.01200000
v -0.00818407 -0.03658727 0.01200000
v -0.00970571 -0.03622222 0.00600000
v -0.00970367 -0.03621388 0.01200000
v -0.01021814 -0.03608746 0.01200000
v -0.01282608 -0.03523928 0.01200000
v -0.01290194 -0.03520868 0.01200000
v -0.01519191 -0.03428490 0.01200000
v -0.01584818 -0.03398654 0.00420000
v -0.01056365 -0.03597593 0.01200000
v -0.01274815 -0.03527072 0.01200000
v -0.01522540 -0.03427139 0.01200000
v -0.01584046 -0.03397074 0.01200000
v -0.01875000 -0.03247595 0.00420000
v -0.01743967 -0.03318903 0.01200000
v -0.01766025 -0.03308121 0.01200000
v -0.01794348 -0.03291674 0.01200000
v -0.01873802 -0.03245533 0.01200000
v -0.01998826 -0.03172929 0.01200000
v -0.02150912 -0.03071820 0.00420000
v -0.02001890 -0.03171149 0.01200000
v -0.02149866 -0.03070286 0.01200000
v -0.02206282 -0.03031831 0.01200000
v -0.02226137 -0.03018297 0.01200000
v -0.02403273 -0.02877743 0.01200000
v -0.02410454 -0.02872667 0.00420000
v -0.02410151 -0.02872285 0.01200000
v -0.02438079 -0.02850124 0.01200000
v -0.02589239 -0.02711163 0.01200000
v -0.02871540 -0.02409538 0.01200000
v -0.02872667 -0.02410454 0.00420000
v -0.02820862 -0.02471863 0.01200000
v -0.02763614 -0.02532700 0.01200000
v -0.02925692 -0.02342940 0.01200000
v -0.02991314 -0.02262236 0.01200000
v -0.03071820 -0.02150912 0.00420000
v -0.03070039 -0.02149666 0.01200000
v -0.03074903 -0.02142711 0.01200000
v -0.03245784 -0.01873919 0.01200000
v -0.03247595 -0.01875000 0.00420000
v -0.03210609 -0.01932858 0.01200000
v -0.03146273 -0.02040658 0.01200000
v -0.03284945 -0.01808303 0.01200000
v -0.03332214 -0.01714332 0.01200000
v -0.03398654 -0.01584818 0.00420000
v -0.03397622 -0.01584299 0.01200000
v -0.03406592 -0.01566467 0.01200000
v -0.03439165 -0.01488168 0.01200000
v -0.03510562 -0.01316545 0.01200000
v -0.03523847 -0.01282576 0.00420000
v -0.03522110 -0.01281995 0.01200000
v -0.03530974 -0.01255475 0.01200000
v -0.03594381 -0.01065771 0.01200000
v -0.03656798 -0.00824113 0.01200000
v -0.03663290 -0.00798801 0.01200000
v -0.03693029 -0.00651181 0.00420000
v -0.03690192 -0.00650665 0.01200000
v -0.03703118 -0.00579489 0.01200000
v -0.03733919 -0.00326637 0.01200000
v -0.03735730 -0.00326834 0.00420000
v -0.03733222 -0.00333050 0.01200000
v -0.03711370 -0.00534055 0.01200000
v -0.03750236 -0.00000000 0.01200000
v -0.03750000 0.00000000 0.00420000
v -0.03747064 -0.00085900 0.01200000
v -0.03740362 -0.00267368 0.01200000
v -0.03745310 0.00160946 0.01200000
v -0.03742969 0.00237456 0.01200000
v -0.03735730 0.00326834 0.00420000
v -0.03734187 0.00326682 0.01200000
v -0.03726334 0.00406473 0.01200000
v -0.03716912 0.00502196 0.01200000
v -0.03672101 0.00763977 0.01200000
v -0.03641110 0.00890103 0.01200000
v -0.03622222 0.00970571 0.00420000
v -0.03621388 0.00970367 0.01200000
v -0.03608748 0.01021808 0.01200000
v -0.03523928 0.01282608 0.01200000
v -0.03523847 0.01282576 0.00420000
v -0.03527074 0.01274808 0.01200000
v -0.03574892 0.01126683 0.01200000
v -0.03493158 0.01358885 0.01200000
v -0.03427142 0.01522534 0.01200000
v -0.03398654 0.01584818 0.00420000
v -0.03397074 0.01584046 0.01200000
v -0.03247595 0.01875000 0.00420000
v -0.03395607 0.01587048 0.01200000
v -0.03308124 0.01766019 0.01200000
v -0.03282015 0.01810979 0.01200000
v -0.03245533 0.01873802 0.01200000
v -0.03070286 0.02149866 0.01200000
v -0.03071820 0.02150912 0.00420000
v -0.03153625 0.02027599 0.01200000
v -0.03171153 0.02001884 0.01200000
v -0.02872285 0.02410151 0.01200000
v -0.02872667 0.02410454 0.00420000
v -0.03011770 0.02234363 0.01200000
v -0.03018301 0.02226132 0.01200000
v -0.02856322 0.02430269 0.01200000
v -0.02850129 0.02438074 0.01200000
v -0.02651650 0.02651650 0.00420000
v -0.02687858 0.02614591 0.01200000
v -0.02667296 0.02636957 0.01200000
v -0.02651665 0.02651666 0.01200000
v -0.02507619 0.02787215 0.01200000
v -0.02316203 0.02947433 0.01200000
v -0.02262241 0.02991310 0.01200000
v -0.02150912 0.03071820 0.00420000
v -0.02149666 0.03070039 0.01200000
v -0.02114447 0.03094670 0.01200000
v -0.01873919 0.03245784 0.01200000
v -0.01875000 0.03247595 0.00420000
v -0.01903217 0.03228299 0.01200000
v -0.02040664 0.03146270 0.01200000
v -0.01808309 0.03284941 0.01200000
v -0.01683480 0.03347732 0.01200000
v -0.01584818 0.03398654 0.00420000
v -0.01584299 0.03397622 0.01200000
v -0.01566473 0.03406589 0.01200000
v -0.01456280 0.03452430 0.01200000
v -0.01316551 0.03510559 0.01200000
v -0.01281995 0.03522110 0.01200000
v -0.01222731 0.03541918 0.01200000
v -0.01060141 0.03596263 0.01200000
v 0.03749330 -0.00029594 0.01200000
v 0.03742969 -0.00237462 0.01200000
v 0.03739176 -0.00275996 0.01200000
v 0.03734187 -0.00326682 0.01200000
v 0.03716912 -0.00502203 0.01200000
v 0.03713731 -0.00520780 0.01200000
v 0.03621388 -0.00970367 0.01200000
v 0.03672100 -0.00763983 0.01200000
v 0.03691456 -0.00650911 0.01200000
v 0.03613684 -0.01001719 0.01200000
v 0.03608746 -0.01021814 0.01200000
v 0.03539526 -0.01236237 0.01200000
v 0.03527072 -0.01274815 0.01200000
v 0.03523928 -0.01282608 0.01200000
v 0.03449948 -0.01465999 0.01200000
v 0.03344238 -0.01692138 0.01200000
v 0.03308121 -0.01766025 0.01200000
v 0.03245533 -0.01873802 0.01200000
v 0.03223494 -0.01911753 0.01200000
v 0.03070286 -0.02149866 0.01200000
v 0.03088315 -0.02123415 0.01200000
v 0.03171149 -0.02001890 0.01200000
v 0.03018297 -0.02226137 0.01200000
v 0.02939927 -0.02324903 0.01200000
v 0.02872285 -0.02410151 0.01200000
v 0.02850124 -0.02438079 0.01200000
v 0.02778793 -0.02515673 0.01200000
v 0.02667292 -0.02636962 0.01200000
v 0.02651666 -0.02651666 0.01200000
v 0.02605459 -0.02695147 0.01200000
v 0.02471863 -0.02820862 0.01200000
v 0.02420489 -0.02862635 0.01200000
v 0.02409538 -0.02871540 0.01200000
v 0.02262236 -0.02991314 0.01200000
v 0.02040658 -0.03146273 0.01200000
v 0.02018810 -0.03159313 0.01200000
v 0.01873919 -0.03245784 0.01200000
v 0.01808303 -0.03284945 0.01200000
v 0.01803796 -0.03287212 0.01200000
v 0.01584299 -0.03397622 0.01200000
v 0.01580179 -0.03399695 0.01200000
v 0.01566467 -0.03406592 0.01200000
v 0.01349518 -0.03496844 0.01200000
v 0.01316545 -0.03510562 0.01200000
v 0.01281995 -0.03522110 0.01200000
v 0.01113184 -0.03578534 0.01200000
v 0.02149875 0.03070299 0.01200000
v 0.02054262 0.03135419 0.01200000
v 0.02000699 0.03171900 0.01200000
v 0.02410174 0.02872314 0.01200000
v 0.02259542 0.02991746 0.01200000
v 0.02225007 0.03019128 0.01200000
v 0.02437015 0.02851033 0.01200000
v 0.02454344 0.02835114 0.01200000
v 0.02635968 0.02668274 0.01200000
v 0.02638085 0.02666026 0.01200000
v 0.02651636 0.02651637 0.01200000
v 0.02809237 0.02484281 0.01200000
v 0.02967720 0.02291311 0.01200000
v 0.02990476 0.02263346 0.01200000
v 0.03070040 0.02149666 0.01200000
v 0.03113114 0.02088124 0.01200000
v 0.03245804 0.01873930 0.01200000
v 0.03244803 0.01875606 0.01200000
v 0.03145516 0.02041827 0.01200000
v 0.03284274 0.01809525 0.01200000
v 0.03362207 0.01654735 0.01200000
v 0.03397661 0.01584318 0.01200000
v 0.03406011 0.01567734 0.01200000
v 0.03464798 0.01426567 0.01200000
v 0.03552107 0.01192245 0.01200000
v 0.03595872 0.01061468 0.01200000
v 0.03619406 0.00969848 0.01200000
v 0.03623793 0.00952768 0.01200000
v 0.03662993 0.00800156 0.01200000
v 0.03733946 0.00326639 0.01200000
v 0.03718916 0.00464425 0.01200000
v 0.03711171 0.00535424 0.01200000
v 0.03740261 0.00268749 0.01200000
v 0.03742161 0.00217583 0.01200000
v 0.03750236 0.00000000 0.01200000
v -0.01250000 -0.02588675 0.00100000
v -0.01250000 -0.02300000 0.00600000
v 0.01250000 -0.02588675 0.00100000
v 0.01250000 -0.02300000 0.00600000
v 0.01639196 0.03267990 0.00420000
v 0.01686872 0.03287819 0.00420000
v 0.01738036 0.03294782 0.00420000
v 0.01789276 0.03288414 0.00420000
v 0.01350000 0.03101023 0.00420000
v 0.01308579 0.03069239 0.00420000
v 0.01276795 0.03027818 0.00420000
v 0.01256815 0.02979581 0.00420000
v 0.01250000 0.02927818 0.00420000
v 0.01250000 0.02300000 0.00600000
v 0.01250000 0.02588675 0.00100000
v -0.01250000 0.02588675 0.00100000
v -0.01250000 0.02728663 0.00420000
v -0.01250000 0.02300000 0.00600000
v -0.01256589 0.02779577 0.00420000
v -0.01275923 0.02827137 0.00420000
v -0.01306727 0.02868208 0.00420000
v -0.01346971 0.02900084 0.00420000
v -0.01394005 0.02920664 0.00420000
v -0.01444728 0.02928593 0.00420000
v -0.01495798 0.02923348 0.00420000
v -0.01543851 0.02905275 0.00420000
v -0.01717125 0.02806347 0.00420000
v -0.01770574 0.02336232 0.00420000
v -0.01818520 0.02397314 0.00420000
v -0.01849182 0.02468655 0.00420000
v -0.01860507 0.02545477 0.00420000
v -0.01851735 0.02622632 0.00420000
v -0.01823454 0.02694950 0.00420000
v -0.01777559 0.02757587 0.00420000
v -0.02333452 0.01767767 0.00440000
v -0.02397020 0.01850610 0.00440000
v -0.02397020 0.01850610 0.00420000
v -0.02436980 0.01947082 0.00440000
v -0.02436980 0.01947082 0.00420000
v -0.02450610 0.02050610 0.00440000
v -0.02450610 0.02050610 0.00420000
v -0.02436980 0.02154137 0.00440000
v -0.02436980 0.02154137 0.00420000
v -0.02397020 0.02250610 0.00440000
v -0.02397020 0.02250610 0.00420000
v -0.02333452 0.02333452 0.00440000
v -0.02333452 0.02333452 0.00420000
v -0.02250610 0.02397020 0.00440000
v -0.02250610 0.02397020 0.00420000
v -0.02154137 0.02436980 0.00440000
v -0.02154137 0.02436980 0.00420000
v -0.02050610 0.02450610 0.00440000
v -0.02050610 0.02450610 0.00420000
v -0.01947082 0.02436980 0.00440000
v -0.01947082 0.02436980 0.00420000
v -0.01850610 0.02397020 0.00440000
v -0.01850610 0.02397020 0.00420000
v -0.01767767 0.02333452 0.00440000
v -0.01704199 0.02250610 0.00440000
v -0.01664239 0.02154137 0.00440000
v -0.01650610 0.02050610 0.00440000
v -0.01664239 0.01947082 0.00440000
v -0.01704199 0.01850610 0.00440000
v -0.01767767 0.01767767 0.00440000
v -0.01850610 0.01704199 0.00440000
v -0.01947082 0.01664239 0.00440000
v -0.02050610 0.01650610 0.00440000
v -0.02154137 0.01664239 0.00440000
v -0.02250610 0.01704199 0.00440000
v -0.02050610 -0.02050610 0.00440000
v -0.01518288 -0.03424128 0.01249800
v -0.00818729 -0.03655680 0.01249804
v -0.00087733 -0.03744829 0.01249804
v 0.00159142 -0.03742177 0.01249804
v 0.00651754 -0.03687853 0.01249803
v 0.01111454 -0.03576044 0.01249803
v 0.01347450 -0.03494033 0.01249802
v 0.01577667 -0.03396497 0.01249802
v 0.02016026 -0.03156761 0.01249801
v 0.02776555 -0.02514947 0.01249800
v 0.03086101 -0.02123029 0.01249800
v 0.03447004 -0.01465743 0.01249799
v 0.03536148 -0.01236029 0.01249799
v 0.03609775 -0.01001596 0.01249799
v 0.03667710 -0.00763086 0.01249799
v 0.03709779 -0.00521201 0.01249799
v 0.03745667 -0.00030530 0.01249799
v 0.03716446 0.00463134 0.01249799
v 0.03243103 0.01873563 0.01249799
v 0.02965630 0.02288538 0.01249799
v 0.02806894 0.02480968 0.01249799
v 0.02635686 0.02662251 0.01249799
v 0.02258428 0.02988650 0.01249799
v 0.00952897 0.03622966 0.01249799
v 0.00471149 0.03716443 0.01249799
v 0.00226247 0.03739163 0.01249799
v -0.00020187 0.03745676 0.01249799
v -0.00513695 0.03709740 0.01249799
v -0.01454588 0.03450881 0.01249799
v -0.01901335 0.03226944 0.01249799
v -0.02504911 0.02785571 0.01249799
v -0.02684708 0.02612807 0.01249799
v -0.02852569 0.02428302 0.01249799
v -0.03150167 0.02026533 0.01249799
v -0.03572522 0.01126945 0.01249800
v -0.03689370 0.00650342 0.01249800
v -0.03742443 0.00161750 0.01249801
v -0.03744689 -0.00084929 0.01249801
v -0.03653453 -0.00822415 0.01249802
v -0.03590553 -0.01063657 0.01249803
v -0.03330730 -0.01712481 0.01249804
v -0.02762461 -0.02530397 0.01249804
v -0.02401965 -0.02874753 0.01249804
v -0.01699990 -0.03162936 0.01461365
v -0.01688683 -0.03122970 0.01488278
v -0.01736234 -0.03096795 0.01488278
v -0.01673477 -0.03069221 0.01519878
v -0.01657269 -0.03011931 0.01549801
v -0.01703126 -0.02986249 0.01549801
v -0.01720208 -0.03043284 0.01519878
v -0.02681479 0.00812915 0.02014951
v -0.02667043 0.00861279 0.02014951
v -0.02670308 0.00859852 0.01997988
v 0.01981308 0.01981634 0.02014952
v 0.01981842 0.01981119 0.02014952
v 0.01983470 0.01983842 0.01997989
v 0.02403517 -0.01439888 0.02014951
v 0.02402513 -0.01441626 0.02014951
v 0.02405457 -0.01442491 0.01997989
v -0.00410130 -0.02771764 0.02014952
v -0.00448265 -0.02766492 0.02014952
v -0.00448821 -0.02769107 0.01997984
v -0.02686430 -0.00795127 0.02014949
v -0.02699659 -0.00745922 0.02014949
v -0.02702796 -0.00747579 0.01997985
v -0.02802071 -0.00000026 0.02014952
v -0.02799457 0.00124529 0.02014952
v -0.02801567 0.00136921 0.01997987
v -0.02798631 0.00137209 0.02014952
v -0.02798610 0.00137541 0.02014952
v -0.02798019 -0.00137992 0.02014951
v -0.02801570 -0.00049703 0.02014951
v -0.02804265 -0.00048304 0.01997987
v -0.02801592 -0.00047491 0.02014951
v -0.02748284 -0.00544000 0.02014950
v -0.02770605 -0.00416004 0.02014950
v -0.02772879 -0.00418811 0.01997986
v -0.02771010 -0.00412876 0.02014950
v -0.02785612 -0.00300246 0.02014950
v -0.02787662 -0.00276136 0.02014951
v -0.02794711 -0.00233829 0.01997986
v -0.02791349 -0.00232778 0.02014951
v -0.02796773 -0.00168981 0.02014951
v -0.02716977 -0.00681508 0.02014949
v -0.02722597 -0.00660607 0.02014949
v -0.02738804 -0.00602368 0.01997986
v -0.02735747 -0.00600910 0.02014949
v -0.02747400 -0.00548010 0.02014950
v -0.02680486 -0.00813553 0.02014949
v -0.02594271 -0.01058333 0.02014948
v -0.02637488 -0.00944049 0.02014948
v -0.02646993 -0.00926267 0.01997985
v -0.02643619 -0.00927837 0.02014948
v -0.02644651 -0.00924637 0.02014948
v -0.02539806 -0.01183449 0.02014948
v -0.02540338 -0.01182302 0.02014948
v -0.02579449 -0.01100896 0.01997985
v -0.02576640 -0.01098858 0.02014948
v -0.02587899 -0.01072979 0.02014948
v -0.02500472 -0.01270595 0.01997985
v -0.02518518 -0.01228238 0.02014948
v -0.02532079 -0.01199705 0.02014948
v -0.02461815 -0.01338593 0.02014949
v -0.02470050 -0.01322566 0.02014949
v -0.02497875 -0.01268412 0.02014948
v -0.02334449 -0.01550580 0.02014949
v -0.02396605 -0.01452423 0.02014949
v -0.02410424 -0.01434544 0.01997984
v -0.02402624 -0.01441916 0.02014949
v -0.02408135 -0.01432297 0.02014949
v -0.02250515 -0.01669524 0.02014950
v -0.02266325 -0.01648727 0.02014950
v -0.02309708 -0.01591985 0.01997984
v -0.02307442 -0.01589489 0.02014950
v -0.02329549 -0.01557639 0.02014949
v -0.02110666 -0.01843956 0.02014951
v -0.02165845 -0.01777770 0.02014950
v -0.02198754 -0.01742228 0.01997984
v -0.02192807 -0.01745429 0.02014950
v -0.02197024 -0.01739882 0.02014950
v -0.02076076 -0.01881865 0.02014951
v -0.02078007 -0.01884655 0.01997984
v -0.02075561 -0.01882429 0.02014951
v -0.02029666 -0.01932728 0.02014951
v -0.01880396 -0.02077520 0.02014952
v -0.01944822 -0.02017996 0.02014952
v -0.01947913 -0.02018725 0.01997985
v -0.01946574 -0.02016235 0.02014952
v -0.01980025 -0.01982617 0.02014951
v -0.01759630 -0.02181077 0.02014951
v -0.01776432 -0.02166878 0.02014951
v -0.01808903 -0.02143966 0.01997986
v -0.01807258 -0.02140827 0.02014952
v -0.01861375 -0.02095093 0.02014952
v -0.01556323 -0.02329848 0.02014950
v -0.01653343 -0.02262544 0.02014950
v -0.01661387 -0.02259967 0.01997988
v -0.01660305 -0.02257207 0.02014950
v -0.01668414 -0.02250993 0.02014950
v -0.01515592 -0.02360081 0.01997989
v -0.01514475 -0.02356908 0.02014950
v -0.01543494 -0.02338747 0.02014950
v -0.01478159 -0.02379636 0.02014951
v -0.01479330 -0.02382971 0.01997989
v -0.01440148 -0.02403424 0.02014951
v -0.01429010 -0.02410394 0.02014951
v -0.01196391 -0.02533944 0.02014951
v -0.01310360 -0.02476999 0.02014951
v -0.01317261 -0.02476351 0.01997988
v -0.01316605 -0.02473493 0.02014951
v -0.01319830 -0.02471683 0.02014951
v -0.01065366 -0.02592115 0.02014950
v -0.01070764 -0.02589736 0.02014950
v -0.01151519 -0.02557835 0.01997986
v -0.01150841 -0.02554448 0.02014950
v -0.01189086 -0.02537594 0.02014951
v -0.00694698 -0.02715230 0.02014951
v -0.00807066 -0.02683852 0.02014950
v -0.00807129 -0.02686734 0.01997984
v -0.00812037 -0.02682464 0.02014950
v -0.00813037 -0.02682135 0.02014950
v -0.00939391 -0.02640495 0.02014950
v -0.00981322 -0.02628016 0.01997985
v -0.00942974 -0.02639119 0.02014950
v -0.00980848 -0.02624574 0.02014950
v -0.00546574 -0.02748355 0.02014951
v -0.00571931 -0.02743677 0.02014951
v -0.00629440 -0.02733820 0.01997984
v -0.00629429 -0.02730354 0.02014951
v -0.00680869 -0.02718434 0.02014951
v -0.00200794 -0.02795116 0.02014952
v -0.00266342 -0.02789021 0.02014952
v -0.00265895 -0.02792433 0.01997984
v -0.00272966 -0.02788405 0.02014952
v -0.00324207 -0.02783641 0.02014952
v 0.00001029 -0.02801334 0.02014951
v -0.00075874 -0.02801138 0.02014952
v -0.00081355 -0.02803661 0.01997984
v -0.00082038 -0.02800841 0.02014952
v -0.00135915 -0.02798243 0.02014952
v 0.00189574 -0.02795431 0.02014950
v 0.00137867 -0.02797746 0.02014950
v 0.00104046 -0.02802685 0.01997985
v 0.00103148 -0.02799300 0.02014950
v 0.00054645 -0.02801471 0.02014951
v 0.00411240 -0.02770576 0.02014949
v 0.00324090 -0.02782919 0.02014949
v 0.00289499 -0.02789442 0.01997985
v 0.00288403 -0.02786238 0.02014949
v 0.00274603 -0.02787522 0.02014949
v 0.00547670 -0.02746833 0.02014948
v 0.00472879 -0.02761106 0.02014948
v 0.00474147 -0.02763925 0.01997985
v 0.00457849 -0.02763975 0.02014949
v 0.00721721 -0.02707048 0.02014948
v 0.00682291 -0.02716547 0.02014948
v 0.00638845 -0.02730524 0.01997986
v 0.00637317 -0.02727381 0.02014948
v 0.00590506 -0.02738659 0.02014948
v 0.01072374 -0.02587836 0.02014948
v 0.00994881 -0.02618802 0.02014948
v 0.00996680 -0.02621359 0.01997986
v 0.00978907 -0.02625185 0.02014948
v 0.00944627 -0.02637006 0.02014948
v 0.00851157 -0.02669238 0.02014948
v 0.00819506 -0.02681894 0.01997986
v 0.00817820 -0.02678976 0.02014948
v 0.00814602 -0.02679916 0.02014948
v 0.01227142 -0.02519050 0.02014949
v 0.01197851 -0.02532419 0.02014949
v 0.01169438 -0.02549200 0.01997987
v 0.01167296 -0.02546365 0.02014949
v 0.01104986 -0.02574804 0.02014949
v 0.01441663 -0.02402533 0.02014950
v 0.01346292 -0.02457625 0.02014950
v 0.01336931 -0.02465747 0.01997987
v 0.01334858 -0.02463520 0.02014950
v 0.01321022 -0.02470653 0.02014949
v 0.01574542 -0.02318389 0.02014950
v 0.01558248 -0.02328872 0.02014950
v 0.01498364 -0.02371380 0.01997987
v 0.01495926 -0.02368969 0.02014950
v 0.01462174 -0.02390684 0.02014950
v 0.01882172 -0.02076408 0.02014952
v 0.01797703 -0.02149821 0.02014951
v 0.01800188 -0.02151589 0.01997988
v 0.01787854 -0.02158380 0.02014951
v 0.01778475 -0.02165774 0.02014951
v 0.01683171 -0.02240900 0.02014951
v 0.01653003 -0.02266515 0.01997988
v 0.01670505 -0.02249935 0.02014951
v 0.01650420 -0.02264262 0.02014951
v 0.01983279 -0.01980256 0.02014952
v 0.01981611 -0.01981851 0.02014952
v 0.01939333 -0.02027049 0.01997988
v 0.01936398 -0.02025090 0.02014952
v 0.01888358 -0.02071031 0.02014952
v 0.02191512 -0.01750875 0.01997989
v 0.02188452 -0.01749422 0.02014952
v 0.02167669 -0.01776155 0.02014952
v 0.02167032 -0.01776897 0.02014952
v 0.02077841 -0.01880649 0.02014952
v 0.02069923 -0.01893336 0.01997988
v 0.02076627 -0.01881928 0.02014952
v 0.02067190 -0.01891867 0.02014952
v 0.02303714 -0.01600063 0.01997989
v 0.02300715 -0.01598909 0.02014952
v 0.02252403 -0.01667159 0.02014952
v 0.02251691 -0.01668075 0.02014952
v 0.02394857 -0.01454884 0.02014951
v 0.02330211 -0.01555537 0.02014951
v 0.02318404 -0.01573921 0.02014951
v 0.02458498 -0.01344683 0.02014950
v 0.02532699 -0.01198010 0.02014950
v 0.02516717 -0.01232546 0.02014950
v 0.02496249 -0.01279238 0.01997989
v 0.02492917 -0.01278388 0.02014950
v 0.02470960 -0.01320679 0.02014950
v 0.02662137 -0.00876304 0.02014951
v 0.02639121 -0.00940814 0.02014951
v 0.02642661 -0.00941261 0.01997990
v 0.02638476 -0.00942620 0.02014951
v 0.02616819 -0.01003321 0.02014950
v 0.02588748 -0.01071868 0.02014950
v 0.02575124 -0.01112427 0.01997990
v 0.02572297 -0.01112042 0.02014950
v 0.02570859 -0.01115553 0.02014950
v 0.02718062 -0.00680176 0.02014951
v 0.02701213 -0.00747350 0.02014951
v 0.02698696 -0.00766210 0.01997990
v 0.02695531 -0.00766102 0.02014951
v 0.02681612 -0.00812035 0.02014951
v 0.02759749 -0.00488236 0.02014952
v 0.02747949 -0.00547067 0.02014952
v 0.02743061 -0.00587790 0.01997990
v 0.02739764 -0.00587875 0.02014952
v 0.02733981 -0.00616704 0.02014952
v 0.02787932 -0.00277080 0.02014953
v 0.02779714 -0.00356576 0.02014952
v 0.02775587 -0.00406577 0.01997990
v 0.02772093 -0.00406837 0.02014952
v 0.02771204 -0.00412695 0.02014952
v 0.02798226 -0.00140212 0.02014953
v 0.02793360 -0.00223763 0.02014953
v 0.02796119 -0.00223213 0.01997990
v 0.02793252 -0.00225607 0.02014953
v 0.02801851 0.00031835 0.02014952
v 0.02801439 -0.00002043 0.02014952
v 0.02804525 -0.00038404 0.01997990
v 0.02800987 -0.00039124 0.02014952
v 0.02800161 -0.00106984 0.02014953
v 0.02787772 0.00274466 0.02014950
v 0.02796907 0.00166801 0.02014951
v 0.02800707 0.00147083 0.01997990
v 0.02797663 0.00146162 0.02014951
v 0.02798017 0.00136501 0.02014951
v 0.02767625 0.00435321 0.02014949
v 0.02770755 0.00411855 0.02014950
v 0.02784616 0.00332427 0.01997990
v 0.02781502 0.00331275 0.02014950
v 0.02785486 0.00301410 0.02014950
v 0.02680149 0.00814986 0.02014949
v 0.02712826 0.00699671 0.02014949
v 0.02715650 0.00699399 0.01997990
v 0.02716747 0.00682796 0.02014949
v 0.02753016 0.00515378 0.02014949
v 0.02756258 0.00516762 0.01997990
v 0.02746994 0.00548381 0.02014949
v 0.02743380 0.00568189 0.02014949
v 0.02633112 0.00957322 0.02014949
v 0.02637258 0.00944974 0.02014949
v 0.02663023 0.00879008 0.01997990
v 0.02660014 0.00877203 0.02014949
v 0.02676056 0.00829431 0.02014949
v 0.02470751 0.01321701 0.02014950
v 0.02520206 0.01223871 0.02014950
v 0.02522616 0.01225902 0.01997990
v 0.02528701 0.01207067 0.02014950
v 0.02532600 0.01198341 0.02014950
v 0.02583499 0.01084440 0.02014949
v 0.02598580 0.01054807 0.01997990
v 0.02588060 0.01072752 0.02014949
v 0.02595821 0.01052869 0.02014949
v 0.02402170 0.01443177 0.02014950
v 0.02402639 0.01442350 0.02014950
v 0.02435481 0.01391460 0.01997989
v 0.02432851 0.01389077 0.02014950
v 0.02468207 0.01326735 0.02014950
v 0.02172418 0.01770760 0.02014951
v 0.02227083 0.01700266 0.02014951
v 0.02229297 0.01702929 0.01997989
v 0.02249926 0.01670809 0.02014951
v 0.02254114 0.01665408 0.02014951
v 0.02328945 0.01558721 0.02014951
v 0.02337566 0.01550705 0.01997989
v 0.02330752 0.01556144 0.02014951
v 0.02335596 0.01548483 0.02014951
v 0.02111117 0.01847496 0.01997989
v 0.02109136 0.01844753 0.02014952
v 0.02165656 0.01778667 0.02014951
v 0.01995788 0.01967664 0.02014952
v 0.02076140 0.01882298 0.02014952
v 0.02085822 0.01872012 0.02014952
v 0.01897475 0.02062513 0.02014952
v 0.01776187 0.02167044 0.02014952
v 0.01793825 0.02153100 0.02014952
v 0.01846795 0.02111478 0.01997989
v 0.01845057 0.02108325 0.02014952
v 0.01881206 0.02076731 0.02014952
v 0.01456674 0.02393767 0.02014951
v 0.01546816 0.02335789 0.02014951
v 0.01547994 0.02338974 0.01997989
v 0.01555261 0.02330357 0.02014951
v 0.01575306 0.02317464 0.02014951
v 0.01667514 0.02251591 0.02014952
v 0.01701507 0.02229978 0.01997989
v 0.01685416 0.02238802 0.02014952
v 0.01700249 0.02227076 0.02014952
v 0.01320356 0.02471099 0.02014950
v 0.01346598 0.02457448 0.02014950
v 0.01409438 0.02424989 0.01997989
v 0.01408409 0.02421689 0.02014950
v 0.01439617 0.02403635 0.02014951
v 0.01109276 0.02573581 0.02014950
v 0.01197537 0.02532820 0.02014950
v 0.01245336 0.02513376 0.01997989
v 0.01234714 0.02515651 0.02014950
v 0.01244732 0.02510440 0.02014950
v 0.01077071 0.02586664 0.02014950
v 0.01077596 0.02589933 0.01997989
v 0.01071242 0.02589032 0.02014950
v 0.00995147 0.02619946 0.02014950
v 0.00811509 0.02681880 0.02014951
v 0.00876036 0.02662225 0.02014951
v 0.00905593 0.02655120 0.01997989
v 0.00905279 0.02651845 0.02014951
v 0.00942108 0.02638773 0.02014950
v 0.00633363 0.02730176 0.02014951
v 0.00679448 0.02718393 0.02014951
v 0.00729805 0.02708771 0.01997989
v 0.00729734 0.02705536 0.02014951
v 0.00755351 0.02698986 0.02014951
v 0.00274515 0.02788727 0.02014952
v 0.00369423 0.02777708 0.02014952
v 0.00369052 0.02780790 0.01997989
v 0.00387179 0.02775647 0.02014952
v 0.00410956 0.02771808 0.02014952
v 0.00510442 0.02755744 0.02014952
v 0.00550762 0.02750716 0.01997989
v 0.00545930 0.02748362 0.02014952
v 0.00550862 0.02747336 0.02014952
v 0.00185332 0.02798840 0.01997989
v 0.00185883 0.02795603 0.02014952
v 0.00264811 0.02789854 0.02014952
v 0.00028750 0.02801959 0.02014952
v 0.00136561 0.02798674 0.02014952
v 0.00148866 0.02798299 0.02014952
v 0.00001090 0.02801642 0.02014952
v 0.00000319 0.02804741 0.01997990
v -0.00001724 0.02801610 0.02014952
v -0.00086198 0.02800641 0.02014951
v -0.00275804 0.02787374 0.02014950
v -0.00221061 0.02793086 0.02014950
v -0.00185208 0.02798403 0.01997990
v -0.00184230 0.02795149 0.02014951
v -0.00139166 0.02797674 0.02014951
v -0.00621314 0.02731832 0.02014949
v -0.00552994 0.02745663 0.02014949
v -0.00554433 0.02748917 0.01997990
v -0.00546693 0.02746939 0.02014949
v -0.00488963 0.02758627 0.02014949
v -0.00411646 0.02770461 0.02014950
v -0.00370416 0.02779789 0.01997990
v -0.00369258 0.02776949 0.02014950
v -0.00355431 0.02779066 0.02014950
v -0.00814344 0.02679836 0.02014949
v -0.00752143 0.02698763 0.02014949
v -0.00722655 0.02709559 0.01997990
v -0.00721084 0.02706613 0.02014949
v -0.00680941 0.02716760 0.02014949
v -0.01133895 0.02562243 0.02014949
v -0.01075039 0.02586534 0.02014949
v -0.01077081 0.02589453 0.01997990
v -0.01073633 0.02587115 0.02014949
v -0.01008739 0.02613898 0.02014949
v -0.00945474 0.02636513 0.02014949
v -0.00901839 0.02655395 0.01997990
v -0.00900116 0.02652727 0.02014949
v -0.00881115 0.02659520 0.02014949
v -0.01321155 0.02470292 0.02014950
v -0.01255370 0.02505146 0.02014950
v -0.01247510 0.02512033 0.01997990
v -0.01245535 0.02509769 0.02014950
v -0.01198860 0.02531708 0.02014950
v -0.01488856 0.02374201 0.02014950
v -0.01440512 0.02402856 0.02014950
v -0.01412299 0.02423489 0.01997990
v -0.01409941 0.02420977 0.02014950
v -0.01373777 0.02442413 0.02014950
v -0.01779048 0.02164747 0.02014951
v -0.01719514 0.02212772 0.02014951
v -0.01721954 0.02214652 0.01997990
v -0.01708087 0.02221990 0.02014951
v -0.01670200 0.02249663 0.02014951
v -0.01600366 0.02300673 0.02014951
v -0.01570680 0.02324220 0.01997990
v -0.01568189 0.02321890 0.02014951
v -0.01556902 0.02329333 0.02014951
v -0.01909528 0.02051521 0.02014952
v -0.01883034 0.02075055 0.02014952
v -0.01865494 0.02095229 0.01997990
v -0.01862637 0.02093172 0.02014952
v -0.01811823 0.02138309 0.02014952
v -0.02076634 0.01881526 0.02014952
v -0.02000544 0.01962792 0.02014952
v -0.02000747 0.01966398 0.01997990
v -0.01998256 0.01965023 0.02014952
v -0.01982228 0.01980648 0.02014952
v -0.02169496 0.01773919 0.02014952
v -0.02166265 0.01777701 0.02014952
v -0.02127230 0.01828593 0.01997990
v -0.02124165 0.01826972 0.02014952
v -0.02087130 0.01870316 0.02014952
v -0.02402147 0.01442820 0.02014951
v -0.02348995 0.01526473 0.02014951
v -0.02352278 0.01527683 0.01997989
v -0.02330483 0.01555608 0.02014951
v -0.02326057 0.01562574 0.02014951
v -0.02250884 0.01668986 0.02014952
v -0.02244528 0.01682227 0.01997989
v -0.02247506 0.01673768 0.02014952
v -0.02241779 0.01681120 0.02014952
v -0.02471801 0.01319523 0.02014950
v -0.02465419 0.01331975 0.02014950
v -0.02449314 0.01366787 0.01997989
v -0.02446080 0.01365855 0.02014950
v -0.02404290 0.01439066 0.02014951
v -0.02579861 0.01094631 0.02014950
v -0.02533264 0.01197134 0.02014950
v -0.02534538 0.01201796 0.01997989
v -0.02531426 0.01201177 0.02014950
v -0.02523346 0.01218952 0.02014950
v -0.02638236 0.00943891 0.02014950
v -0.02625404 0.00980690 0.02014950
v -0.02608129 0.01032895 0.01997988
v -0.02604744 0.01032377 0.02014950
v -0.02588909 0.01071995 0.02014950
v -0.02703161 0.00740276 0.02014951
v -0.02717440 0.00683079 0.02014951
v -0.02720907 0.00683157 0.01997988
v -0.02718375 0.00679335 0.02014951
v -0.02733706 0.00617924 0.02014951
v -0.02771824 0.00409642 0.02014952
v -0.02758634 0.00494526 0.02014951
v -0.02759756 0.00503355 0.01997988
v -0.02756802 0.00503593 0.02014951
v -0.02748471 0.00544832 0.02014951
v -0.02791507 0.00246542 0.02014952
v -0.02788519 0.00273768 0.02014952
v -0.02786691 0.00321053 0.01997987
v -0.02783289 0.00321437 0.02014952
v -0.02777907 0.00370499 0.02014952
v -0.01482749 -0.02395054 0.01954981
v -0.01519195 -0.02372111 0.01954981
v -0.01488480 -0.02415312 0.01912640
v -0.01525235 -0.02392279 0.01912640
v -0.01497428 -0.02446940 0.01868156
v -0.01534666 -0.02423766 0.01868156
v -0.01511814 -0.02497791 0.01817576
v -0.01549827 -0.02474391 0.01817576
v -0.01535014 -0.02579794 0.01758594
v -0.01574278 -0.02556030 0.01758594
v -0.01562541 -0.02677094 0.01704581
v -0.01603290 -0.02652898 0.01704580
v -0.01605903 -0.02830367 0.01633225
v -0.02733460 0.00682732 0.01954979
v -0.02682862 0.00860249 0.01954980
v -0.02754505 0.00682019 0.01912637
v -0.02703908 0.00860916 0.01912638
v -0.02787361 0.00680905 0.01868153
v -0.02736767 0.00861956 0.01868154
v -0.02840188 0.00679115 0.01817573
v -0.02789597 0.00863629 0.01817574
v -0.02925377 0.00676229 0.01758591
v -0.02874791 0.00866327 0.01758592
v -0.03026458 0.00672804 0.01704578
v -0.02975878 0.00869528 0.01704579
v -0.03185687 0.00667409 0.01633225
v -0.03135118 0.00874571 0.01633225
v -0.03374305 0.00661017 0.01549803
v -0.01319867 -0.02488635 0.01954980
v -0.01324235 -0.02509231 0.01912638
v -0.01331055 -0.02541386 0.01868154
v -0.01342021 -0.02593084 0.01817574
v -0.01359704 -0.02676454 0.01758592
v -0.01380685 -0.02775375 0.01704579
v -0.01413737 -0.02931204 0.01633225
v -0.01452889 -0.03115794 0.01549802
v -0.01648990 -0.02805491 0.01633225
v -0.02772253 0.00502108 0.01954979
v -0.02793206 0.00500017 0.01912637
v -0.02825918 0.00496753 0.01868152
v -0.02878512 0.00491505 0.01817572
v -0.02963327 0.00483042 0.01758591
v -0.03063963 0.00473000 0.01704578
v -0.03222492 0.00457181 0.01633225
v -0.03410281 0.00438443 0.01549803
v -0.03525127 0.00426983 0.01488282
v -0.02799079 0.00318988 0.01954978
v -0.02819848 0.00315526 0.01912636
v -0.02852273 0.00310122 0.01868151
v -0.02904406 0.00301432 0.01817571
v -0.02988478 0.00287419 0.01758590
v -0.03088231 0.00270792 0.01704578
v -0.03245371 0.00244601 0.01633225
v -0.03431514 0.00213575 0.01549804
v -0.03545353 0.00194600 0.01488283
v -0.03623808 0.00181524 0.01432841
v 0.01247586 0.02525730 0.01954981
v 0.01412504 0.02437166 0.01954981
v 0.01251359 0.02546444 0.01912640
v 0.01417644 0.02457582 0.01912640
v 0.01257249 0.02578783 0.01868156
v 0.01425668 0.02489457 0.01868156
v 0.01266719 0.02630777 0.01817576
v 0.01438570 0.02540705 0.01817576
v 0.01281991 0.02714625 0.01758594
v 0.01459376 0.02623348 0.01758594
v 0.01300112 0.02814113 0.01704581
v 0.01484063 0.02721408 0.01704581
v 0.01328657 0.02970833 0.01633225
v 0.01522951 0.02875879 0.01633225
v 0.01362471 0.03156481 0.01549801
v 0.01569018 0.03058861 0.01549801
v 0.01383150 0.03270016 0.01488278
v 0.01597190 0.03170766 0.01488278
v 0.01397402 0.03348262 0.01432836
v 0.02673395 0.00886084 0.01954982
v 0.02726470 0.00705766 0.01954982
v 0.02690784 0.00897946 0.01912641
v 0.02744611 0.00716442 0.01912641
v 0.02717931 0.00916466 0.01868157
v 0.02772933 0.00733110 0.01868157
v 0.02761580 0.00946243 0.01817578
v 0.02818469 0.00759909 0.01817578
v 0.02831968 0.00994262 0.01758595
v 0.02891902 0.00803124 0.01758596
v 0.02915486 0.01051239 0.01704581
v 0.02979032 0.00854402 0.01704581
v 0.03047050 0.01140992 0.01633225
v 0.03116286 0.00935177 0.01633225
v 0.03202897 0.01247312 0.01549800
v 0.03278873 0.01030862 0.01549800
v 0.03298207 0.01312333 0.01488277
v 0.03378306 0.01089379 0.01488277
v 0.03363893 0.01357144 0.01432835
v -0.01476833 -0.03228683 0.01488280
v -0.01955605 -0.03055938 0.01432839
v -0.01759051 -0.03172979 0.01432836
v -0.01748151 -0.03136583 0.01461365
v -0.01928031 -0.02981340 0.01488281
v -0.02419022 -0.01443698 0.01954973
v -0.02509660 -0.01279154 0.01954974
v -0.02433437 -0.01459044 0.01912629
v -0.02525064 -0.01293505 0.01912630
v -0.02455941 -0.01483004 0.01868144
v -0.02549114 -0.01315909 0.01868144
v -0.02492124 -0.01521526 0.01817563
v -0.02587780 -0.01351931 0.01817564
v -0.02550473 -0.01583648 0.01758583
v -0.02650135 -0.01410021 0.01758583
v -0.02619707 -0.01657357 0.01704573
v -0.02724121 -0.01478947 0.01704573
v -0.02728768 -0.01773470 0.01633224
v -0.02840670 -0.01587524 0.01633224
v -0.02857960 -0.01911015 0.01549808
v -0.02978730 -0.01716141 0.01549808
v -0.02936969 -0.01995132 0.01488290
v -0.03063163 -0.01794799 0.01488289
v -0.02991420 -0.02053104 0.01432849
v -0.03121352 -0.01849008 0.01432848
v -0.03029650 -0.02093805 0.01378985
v -0.02813791 0.00134046 0.01954978
v -0.02834285 0.00129225 0.01912635
v -0.02866282 0.00121698 0.01868151
v -0.02917727 0.00109597 0.01817570
v -0.03000687 0.00090082 0.01758589
v -0.03099122 0.00066927 0.01704577
v -0.03254185 0.00030452 0.01633225
v -0.03437869 -0.00012756 0.01549804
v -0.03550203 -0.00039180 0.01488283
v -0.03627621 -0.00057391 0.01432842
v -0.03681976 -0.00070177 0.01378979
v -0.01255985 0.02521300 0.01954983
v -0.01084918 0.02599264 0.01954983
v -0.01270193 0.02536835 0.01912642
v -0.01098057 0.02615711 0.01912642
v -0.01292375 0.02561089 0.01868158
v -0.01118570 0.02641389 0.01868158
v -0.01328039 0.02600086 0.01817578
v -0.01151551 0.02682674 0.01817578
v -0.01385552 0.02662972 0.01758596
v -0.01204737 0.02749251 0.01758596
v -0.01453792 0.02737588 0.01704582
v -0.01267844 0.02828248 0.01704581
v -0.01561291 0.02855130 0.01633225
v -0.01367254 0.02952689 0.01633225
v -0.01688631 0.02994367 0.01549800
v -0.01485013 0.03100098 0.01549800
v -0.01766507 0.03079519 0.01488277
v -0.01557031 0.03190249 0.01488277
v -0.01820178 0.03138204 0.01432834
v -0.01606663 0.03252378 0.01432834
v -0.01857859 0.03179406 0.01378971
v 0.01079029 0.02602410 0.01954982
v 0.01081433 0.02623328 0.01912640
v 0.01085187 0.02655986 0.01868156
v 0.01091221 0.02708494 0.01817576
v 0.01100952 0.02793169 0.01758594
v 0.01112498 0.02893639 0.01704581
v 0.01130687 0.03051907 0.01633225
v 0.01152232 0.03239387 0.01549801
v 0.01165409 0.03354044 0.01488278
v 0.01174490 0.03433062 0.01432836
v 0.01180865 0.03488540 0.01378973
v 0.02608457 0.01062559 0.01954982
v 0.02625016 0.01075556 0.01912641
v 0.02650869 0.01095848 0.01868157
v 0.02692435 0.01128473 0.01817577
v 0.02759466 0.01181085 0.01758595
v 0.02839000 0.01243511 0.01704581
v 0.02964289 0.01341849 0.01633225
v 0.03112702 0.01458337 0.01549800
v 0.03203467 0.01529578 0.01488277
v 0.03266020 0.01578674 0.01432835
v 0.03309938 0.01613145 0.01378972
v 0.02203107 -0.01755698 0.01954981
v 0.02081171 -0.01898923 0.01954980
v 0.02222547 -0.01763785 0.01912639
v 0.02100029 -0.01908290 0.01912639
v 0.02252897 -0.01776411 0.01868155
v 0.02129471 -0.01922914 0.01868154
v 0.02301694 -0.01796711 0.01817575
v 0.02176808 -0.01946426 0.01817575
v 0.02380386 -0.01829447 0.01758593
v 0.02253144 -0.01984343 0.01758593
v 0.02473756 -0.01868290 0.01704580
v 0.02343720 -0.02029332 0.01704579
v 0.02620839 -0.01929477 0.01633225
v 0.02486401 -0.02100203 0.01633225
v 0.02795070 -0.02001958 0.01549802
v 0.02655418 -0.02184154 0.01549802
v 0.02901624 -0.02046285 0.01488279
v 0.02758783 -0.02235496 0.01488280
v 0.02975058 -0.02076834 0.01432837
v 0.02830019 -0.02270879 0.01432838
v 0.03026615 -0.02098282 0.01378974
v -0.01493335 -0.03306482 0.01432838
v -0.01767545 -0.03201341 0.01406674
v -0.01974965 -0.03108314 0.01378976
v -0.01775071 -0.03226468 0.01378973
v -0.02317678 -0.01601691 0.01954973
v -0.02331039 -0.01617965 0.01912629
v -0.02351900 -0.01643372 0.01868143
v -0.02385440 -0.01684221 0.01817563
v -0.02439526 -0.01750095 0.01758583
v -0.02503702 -0.01828257 0.01704572
v -0.02604797 -0.01951383 0.01633224
v -0.02724551 -0.02097236 0.01549808
v -0.02797788 -0.02186434 0.01488290
v -0.02848261 -0.02247907 0.01432849
v -0.02883698 -0.02291067 0.01378986
v -0.02902942 -0.02314504 0.01337474
v -0.02816272 -0.00051980 0.01954977
v -0.02836402 -0.00058143 0.01912634
v -0.02867830 -0.00067764 0.01868150
v -0.02918359 -0.00083233 0.01817570
v -0.02999843 -0.00108180 0.01758588
v -0.03096528 -0.00137779 0.01704576
v -0.03248832 -0.00184407 0.01633225
v -0.03429249 -0.00239641 0.01549805
v -0.03539585 -0.00273420 0.01488284
v -0.03615625 -0.00296700 0.01432843
v -0.03669013 -0.00313044 0.01378979
v -0.03698004 -0.00321920 0.01337469
v -0.01421373 0.02432171 0.01954983
v -0.01436586 0.02446726 0.01912642
v -0.01460337 0.02469450 0.01868158
v -0.01498525 0.02505985 0.01817578
v -0.01560107 0.02564902 0.01758596
v -0.01633176 0.02634810 0.01704582
v -0.01748280 0.02744934 0.01633225
v -0.01884628 0.02875383 0.01549800
v -0.01968015 0.02955162 0.01488277
v -0.02025482 0.03010143 0.01432834
v -0.02065830 0.03048745 0.01378971
v -0.02087740 0.03069707 0.01337462
v 0.00906206 0.02667665 0.01954982
v 0.00907234 0.02688696 0.01912640
v 0.00908838 0.02721532 0.01868156
v 0.00911419 0.02774325 0.01817576
v 0.00915580 0.02859460 0.01758594
v 0.00920517 0.02960476 0.01704581
v 0.00928295 0.03119604 0.01633225
v 0.00937508 0.03308102 0.01549801
v 0.00943142 0.03423382 0.01488278
v 0.00947026 0.03502829 0.01432836
v 0.00949752 0.03558609 0.01378973
v 0.00951232 0.03588899 0.01337463
v 0.02531955 0.01234296 0.01954982
v 0.02547611 0.01248370 0.01912641
v 0.02572055 0.01270343 0.01868157
v 0.02611355 0.01305671 0.01817577
v 0.02674732 0.01362642 0.01758595
v 0.02749930 0.01430239 0.01704581
v 0.02868388 0.01536724 0.01633225
v 0.03008711 0.01662863 0.01549800
v 0.03094528 0.01740006 0.01488277
v 0.03153670 0.01793170 0.01432835
v 0.03195194 0.01830497 0.01378972
v 0.03217742 0.01850766 0.01337462
v 0.02315606 -0.01604099 0.01954981
v 0.02335542 -0.01610865 0.01912640
v 0.02366668 -0.01621429 0.01868156
v 0.02416712 -0.01638414 0.01817576
v 0.02497414 -0.01665805 0.01758594
v 0.02593170 -0.01698304 0.01704580
v 0.02744012 -0.01749500 0.01633225
v 0.02922695 -0.01810145 0.01549801
v 0.03031971 -0.01847233 0.01488279
v 0.03107282 -0.01872794 0.01432836
v 0.03160157 -0.01890740 0.01378973
v 0.03188869 -0.01900485 0.01337464
v 0.00294195 -0.02801087 0.01954974
v 0.00107960 -0.02814616 0.01954974
v 0.00302067 -0.02820610 0.01912631
v 0.00114522 -0.02834619 0.01912630
v 0.00314357 -0.02851089 0.01868145
v 0.00124766 -0.02865848 0.01868145
v 0.00334116 -0.02900095 0.01817565
v 0.00141236 -0.02916059 0.01817564
v 0.00365982 -0.02979122 0.01758585
v 0.00167797 -0.02997029 0.01758584
v 0.00403791 -0.03072891 0.01704574
v 0.00199313 -0.03093104 0.01704573
v 0.00463351 -0.03220603 0.01633224
v 0.00248958 -0.03244448 0.01633224
v 0.00533904 -0.03395579 0.01549807
v 0.00307767 -0.03423726 0.01549808
v 0.00577052 -0.03502588 0.01488288
v 0.00343732 -0.03533366 0.01488289
v 0.00606788 -0.03576335 0.01432847
v 0.00368518 -0.03608927 0.01432848
v 0.00627666 -0.03628113 0.01378984
v 0.00385920 -0.03661978 0.01378984
v 0.00639003 -0.03656230 0.01337473
v -0.01665741 -0.02271746 0.01954980
v -0.01814035 -0.02155428 0.01954976
v -0.01673040 -0.02291494 0.01912637
v -0.01822639 -0.02174645 0.01912633
v -0.01684437 -0.02322325 0.01868153
v -0.01836073 -0.02204648 0.01868149
v -0.01702760 -0.02371896 0.01817573
v -0.01857671 -0.02252886 0.01817568
v -0.01732308 -0.02451836 0.01758591
v -0.01892500 -0.02330676 0.01758587
v -0.01767368 -0.02546686 0.01704578
v -0.01933827 -0.02422976 0.01704576
v -0.01822597 -0.02696102 0.01633225
v -0.01998927 -0.02568374 0.01633225
v -0.01888020 -0.02873096 0.01549803
v -0.02076044 -0.02740610 0.01549805
v -0.02123206 -0.02845943 0.01488285
v -0.02155708 -0.02918535 0.01432844
v -0.02178528 -0.02969502 0.01378981
v -0.01985477 -0.03136755 0.01337466
v -0.02190920 -0.02997179 0.01337470
v -0.01992727 -0.03156368 0.01295548
v -0.02206061 -0.01752443 0.01954973
v -0.02218310 -0.01769571 0.01912629
v -0.02237435 -0.01796310 0.01868143
v -0.02268183 -0.01839303 0.01817563
v -0.02317769 -0.01908633 0.01758582
v -0.02376604 -0.01990896 0.01704572
v -0.02469286 -0.02120482 0.01633224
v -0.02579074 -0.02273987 0.01549809
v -0.02646217 -0.02367865 0.01488290
v -0.02692490 -0.02432563 0.01432849
v -0.02724978 -0.02477988 0.01378986
v -0.02742620 -0.02502654 0.01337475
v -0.02754786 -0.02519665 0.01295555
v -0.02806447 -0.00238292 0.01954977
v -0.02826124 -0.00245773 0.01912634
v -0.02856843 -0.00257453 0.01868149
v -0.02906234 -0.00276232 0.01817569
v -0.02985882 -0.00306516 0.01758588
v -0.03080388 -0.00342449 0.01704576
v -0.03229261 -0.00399053 0.01633225
v -0.03405611 -0.00466105 0.01549805
v -0.03513461 -0.00507111 0.01488285
v -0.03587789 -0.00535372 0.01432844
v -0.03639974 -0.00555214 0.01378980
v -0.03668311 -0.00565988 0.01337470
v -0.03687853 -0.00573418 0.01295551
v -0.01580313 0.02332278 0.01954983
v -0.01596463 0.02345789 0.01912642
v -0.01621677 0.02366882 0.01868158
v -0.01662216 0.02400795 0.01817578
v -0.01727589 0.02455484 0.01758596
v -0.01805158 0.02520375 0.01704581
v -0.01927349 0.02622596 0.01633225
v -0.02072093 0.02743684 0.01549800
v -0.02160614 0.02817737 0.01488277
v -0.02221620 0.02868773 0.01432834
v -0.02264453 0.02904605 0.01378971
v -0.02287712 0.02924062 0.01337462
v -0.02303751 0.02937481 0.01295545
v 0.00729595 0.02721329 0.01954982
v 0.00729244 0.02742383 0.01912640
v 0.00728695 0.02775254 0.01868156
v 0.00727813 0.02828104 0.01817577
v 0.00726391 0.02913330 0.01758595
v 0.00724703 0.03014455 0.01704581
v 0.00722044 0.03173753 0.01633225
v 0.00718895 0.03362454 0.01549801
v 0.00716968 0.03477857 0.01488278
v 0.00715641 0.03557390 0.01432836
v 0.00714709 0.03613229 0.01378973
v 0.00714203 0.03643552 0.01337463
v 0.00713854 0.03664463 0.01295546
v 0.02444240 0.01400459 0.01954982
v 0.02458924 0.01415547 0.01912641
v 0.02481850 0.01439102 0.01868157
v 0.02518711 0.01476975 0.01817577
v 0.02578154 0.01538048 0.01758595
v 0.02648684 0.01610515 0.01704581
v 0.02759790 0.01724669 0.01633225
v 0.02891402 0.01859894 0.01549800
v 0.02971892 0.01942592 0.01488278
v 0.03027363 0.01999586 0.01432835
v 0.03066309 0.02039601 0.01378972
v 0.03087458 0.02061330 0.01337463
v 0.03102042 0.02076315 0.01295545
v 0.02417591 -0.01445724 0.01954982
v 0.02437935 -0.01451142 0.01912640
v 0.02469697 -0.01459602 0.01868156
v 0.02520763 -0.01473204 0.01817576
v 0.02603113 -0.01495139 0.01758594
v 0.02700826 -0.01521166 0.01704581
v 0.02854749 -0.01562165 0.01633225
v 0.03037082 -0.01610732 0.01549801
v 0.03148591 -0.01640433 0.01488278
v 0.03225440 -0.01660903 0.01432836
v 0.03279395 -0.01675274 0.01378973
v 0.03308694 -0.01683078 0.01337463
v 0.03328899 -0.01688460 0.01295546
v 0.00479605 -0.02775232 0.01954975
v 0.00488756 -0.02794188 0.01912631
v 0.00503043 -0.02823783 0.01868146
v 0.00526014 -0.02871365 0.01817566
v 0.00563057 -0.02948098 0.01758585
v 0.00607010 -0.03039144 0.01704574
v 0.00676249 -0.03182566 0.01633224
v 0.00758266 -0.03352460 0.01549807
v 0.00808426 -0.03456362 0.01488287
v 0.00842994 -0.03527968 0.01432846
v 0.00867264 -0.03578243 0.01378983
v 0.00880443 -0.03605543 0.01337472
v 0.00889532 -0.03624370 0.01295552
v -0.01783770 -0.03255514 0.01337463
v -0.01789769 -0.03275545 0.01295546
v -0.01793554 -0.03288183 0.01249799
v -0.02084618 -0.01895335 0.01954973
v -0.02095701 -0.01913239 0.01912628
v -0.02113005 -0.01941192 0.01868143
v -0.02140826 -0.01986135 0.01817562
v -0.02185690 -0.02058611 0.01758582
v -0.02238923 -0.02144606 0.01704572
v -0.02322780 -0.02280073 0.01633224
v -0.02422114 -0.02440543 0.01549809
v -0.02482864 -0.02538680 0.01488290
v -0.02524731 -0.02606314 0.01432850
v -0.02554126 -0.02653800 0.01378986
v -0.02570087 -0.02679586 0.01337475
v -0.02581095 -0.02697368 0.01295555
v -0.02588040 -0.02708587 0.01249804
v -0.02784292 -0.00424043 0.01954976
v -0.02803428 -0.00432813 0.01912633
v -0.02833302 -0.00446506 0.01868148
v -0.02881335 -0.00468521 0.01817568
v -0.02958793 -0.00504024 0.01758587
v -0.03050701 -0.00546149 0.01704575
v -0.03195480 -0.00612507 0.01633225
v -0.03366981 -0.00691113 0.01549806
v -0.03471866 -0.00739186 0.01488286
v -0.03544150 -0.00772317 0.01432844
v -0.03594900 -0.00795577 0.01378981
v -0.03622458 -0.00808209 0.01337470
v -0.03641463 -0.00816919 0.01295551
v -0.01732102 0.02222052 0.01954983
v -0.01749116 0.02234458 0.01912641
v -0.01775679 0.02253827 0.01868158
v -0.01818387 0.02284969 0.01817578
v -0.01887259 0.02335189 0.01758596
v -0.01968977 0.02394777 0.01704581
v -0.02097707 0.02488645 0.01633225
v -0.02250196 0.02599837 0.01549800
v -0.02343453 0.02667839 0.01488277
v -0.02407724 0.02714704 0.01432834
v -0.02452848 0.02747608 0.01378971
v -0.02477351 0.02765475 0.01337462
v -0.02494249 0.02777797 0.01295545
v 0.00549730 0.02763234 0.01954982
v 0.00548000 0.02784219 0.01912640
v 0.00545299 0.02816983 0.01868157
v 0.00540956 0.02869660 0.01817577
v 0.00533953 0.02954609 0.01758595
v 0.00525644 0.03055404 0.01704581
v 0.00512555 0.03214183 0.01633225
v 0.00497049 0.03402269 0.01549801
v 0.00487567 0.03517296 0.01488278
v 0.00481032 0.03596569 0.01432835
v 0.00476443 0.03652227 0.01378973
v 0.00473952 0.03682451 0.01337463
v 0.00472233 0.03703293 0.01295545
v 0.02345707 0.01560269 0.01954982
v 0.02359355 0.01576302 0.01912641
v 0.02380663 0.01601334 0.01868157
v 0.02414922 0.01641581 0.01817577
v 0.02470169 0.01706483 0.01758595
v 0.02535721 0.01783492 0.01704581
v 0.02638984 0.01904803 0.01633225
v 0.02761306 0.02048504 0.01549800
v 0.02836114 0.02136387 0.01488278
v 0.02887670 0.02196953 0.01432835
v 0.02923867 0.02239476 0.01378972
v 0.02943523 0.02262568 0.01337463
v 0.02957078 0.02278492 0.01295545
v 0.02508572 -0.01281655 0.01954982
v 0.02529233 -0.01285708 0.01912640
v 0.02561489 -0.01292035 0.01868157
v 0.02613349 -0.01302209 0.01817577
v 0.02696981 -0.01318614 0.01758595
v 0.02796213 -0.01338080 0.01704581
v 0.02952531 -0.01368744 0.01633225
v 0.03137701 -0.01405068 0.01549801
v 0.03250945 -0.01427283 0.01488278
v 0.03328989 -0.01442592 0.01432835
v 0.03383784 -0.01453341 0.01378973
v 0.03413539 -0.01459178 0.01337463
v 0.03434058 -0.01463203 0.01295545
v 0.00644971 -0.02741483 0.01954975
v 0.00655241 -0.02759857 0.01912632
v 0.00671275 -0.02788542 0.01868147
v 0.00697054 -0.02834663 0.01817567
v 0.00738626 -0.02909038 0.01758586
v 0.00787954 -0.02997286 0.01704575
v 0.00865657 -0.03136302 0.01633224
v 0.00957703 -0.03300976 0.01549806
v 0.01013995 -0.03401686 0.01488287
v 0.01052790 -0.03471091 0.01432845
v 0.01080028 -0.03519821 0.01378982
v 0.01094819 -0.03546282 0.01337471
v 0.01105019 -0.03564531 0.01295552
v -0.01743070 -0.03315211 0.01249799
v -0.01739479 -0.03302518 0.01295546
v -0.01733787 -0.03282398 0.01337463
v -0.01725533 -0.03253222 0.01378973
v -0.01718392 -0.03227982 0.01406674
v -0.01710333 -0.03199495 0.01432836
v -0.02199466 -0.03016265 0.01295551
v -0.02204857 -0.03028307 0.01249802
v -0.01997301 -0.03168743 0.01249800
v -0.01953798 -0.02029821 0.01954974
v -0.01963665 -0.02048423 0.01912630
v -0.01979069 -0.02077465 0.01868145
v -0.02003836 -0.02124158 0.01817564
v -0.02043776 -0.02199458 0.01758584
v -0.02091167 -0.02288803 0.01704573
v -0.02165819 -0.02429546 0.01633224
v -0.02254251 -0.02596267 0.01549808
v -0.02308333 -0.02698228 0.01488289
v -0.02345604 -0.02768496 0.01432848
v -0.02371773 -0.02817832 0.01378985
v -0.02385983 -0.02844622 0.01337473
v -0.02395782 -0.02863097 0.01295554
v -0.03199690 -0.01921988 0.01295554
v -0.03209343 -0.01930981 0.01249804
v -0.03073758 -0.02140766 0.01249804
v -0.02749844 -0.00608347 0.01954976
v -0.02768353 -0.00618371 0.01912632
v -0.02797250 -0.00634021 0.01868147
v -0.02843710 -0.00659183 0.01817567
v -0.02918633 -0.00699759 0.01758586
v -0.03007532 -0.00747905 0.01704575
v -0.03147572 -0.00823747 0.01633224
v -0.03313459 -0.00913589 0.01549806
v -0.03414910 -0.00968532 0.01488287
v -0.03484827 -0.01006398 0.01432845
v -0.03533916 -0.01032984 0.01378982
v -0.03560572 -0.01047420 0.01337471
v -0.03578955 -0.01057376 0.01295552
v -0.03323748 0.00880545 0.01549802
v -0.03439108 0.00884198 0.01488280
v -0.03489658 0.00657109 0.01488281
v -0.03569156 0.00654415 0.01432839
v -0.03604275 0.00419085 0.01432840
v -0.03659845 0.00413540 0.01378977
v -0.03678890 0.00172343 0.01378978
v -0.03708802 0.00167357 0.01337467
v -0.03711492 -0.00077120 0.01337468
v -0.03731846 -0.00081908 0.01295550
v -0.03717997 -0.00328040 0.01295550
v -0.03730611 -0.00331902 0.01249802
v -0.03700183 -0.00578106 0.01249802
v -0.03625644 0.00890105 0.01295547
v -0.03638832 0.00890523 0.01249800
v -0.01876112 0.02101938 0.01954982
v -0.01893914 0.02113185 0.01912641
v -0.01921707 0.02130745 0.01868157
v -0.01966393 0.02158977 0.01817578
v -0.02038454 0.02204505 0.01758596
v -0.02123956 0.02258526 0.01704581
v -0.02258647 0.02343623 0.01633225
v -0.02418198 0.02444427 0.01549800
v -0.02515774 0.02506075 0.01488277
v -0.02583021 0.02548562 0.01432834
v -0.02630234 0.02578391 0.01378972
v -0.02655872 0.02594589 0.01337462
v -0.02673553 0.02605760 0.01295545
v -0.01673482 0.03336021 0.01295545
v -0.01681715 0.03346328 0.01249799
v 0.00367201 0.02793212 0.01954982
v 0.00364098 0.02814038 0.01912641
v 0.00359253 0.02846552 0.01868157
v 0.00351464 0.02898828 0.01817577
v 0.00338902 0.02983130 0.01758595
v 0.00323997 0.03083158 0.01704581
v 0.00300518 0.03240728 0.01633225
v 0.00272705 0.03427382 0.01549800
v 0.00255696 0.03541533 0.01488278
v 0.00243973 0.03620202 0.01432835
v 0.00235743 0.03675436 0.01378972
v 0.00231274 0.03705430 0.01337463
v 0.00228192 0.03726113 0.01295545
v 0.01630238 0.03302036 0.01378973
v 0.01637640 0.03331439 0.01337463
v 0.01412841 0.03433029 0.01337463
v 0.01416588 0.03453602 0.01295546
v 0.01186715 0.03539442 0.01295546
v 0.01188221 0.03552549 0.01249799
v 0.01642745 0.03351716 0.01295546
v 0.01645966 0.03364509 0.01249799
v 0.01418952 0.03466581 0.01249799
v 0.02236784 0.01713014 0.01954982
v 0.02249335 0.01729921 0.01912640
v 0.02268931 0.01756317 0.01868157
v 0.02300437 0.01798757 0.01817577
v 0.02351245 0.01867196 0.01758595
v 0.02411530 0.01948401 0.01704581
v 0.02506495 0.02076322 0.01633225
v 0.02618988 0.02227853 0.01549801
v 0.02687785 0.02320525 0.01488278
v 0.02735198 0.02384391 0.01432835
v 0.02768487 0.02429232 0.01378973
v 0.02786563 0.02453581 0.01337463
v 0.02799029 0.02470373 0.01295545
v 0.03494944 0.01158022 0.01378972
v 0.03521070 0.01173398 0.01337462
v 0.03435054 0.01405690 0.01337462
v 0.03452324 0.01417472 0.01295545
v 0.03350233 0.01644772 0.01295545
v 0.03360609 0.01652917 0.01249799
v 0.03539087 0.01184001 0.01295545
v 0.03550455 0.01190691 0.01249799
v 0.03463219 0.01424905 0.01249799
v 0.02587580 -0.01114029 0.01954982
v 0.02608464 -0.01116715 0.01912641
v 0.02641068 -0.01120908 0.01868157
v 0.02693489 -0.01127650 0.01817577
v 0.02778024 -0.01138523 0.01758595
v 0.02878328 -0.01151423 0.01704581
v 0.03036334 -0.01171745 0.01633225
v 0.03223504 -0.01195818 0.01549800
v 0.03337971 -0.01210540 0.01488278
v 0.03416858 -0.01220686 0.01432835
v 0.03472245 -0.01227810 0.01378972
v 0.03502321 -0.01231678 0.01337462
v 0.03523062 -0.01234345 0.01295545
v 0.02925923 -0.02318515 0.01295547
v 0.02937740 -0.02324385 0.01249800
v 0.00826349 -0.02692421 0.01954976
v 0.00837822 -0.02710069 0.01912633
v 0.00855733 -0.02737622 0.01868148
v 0.00884530 -0.02781922 0.01817567
v 0.00930970 -0.02853360 0.01758587
v 0.00986073 -0.02938125 0.01704575
v 0.01072875 -0.03071652 0.01633225
v 0.01175698 -0.03229825 0.01549806
v 0.01238581 -0.03326558 0.01488286
v 0.01281918 -0.03393224 0.01432845
v 0.01312345 -0.03440030 0.01378981
v 0.01328867 -0.03465446 0.01337470
v 0.01340262 -0.03482974 0.01295551
v 0.00401887 -0.03710653 0.01295553
v 0.00405999 -0.03723187 0.01249804
v -0.01504921 -0.03361106 0.01378975
v -0.01511212 -0.03390767 0.01337465
v -0.01515551 -0.03411222 0.01295547
v -0.03162206 -0.01887068 0.01378985
v -0.03050410 -0.02115907 0.01337474
v -0.02916212 -0.02330667 0.01295554
v -0.02924585 -0.02340864 0.01249804
v -0.03184391 -0.01907736 0.01337473
v -0.03064726 -0.02131149 0.01295554
v -0.03320500 -0.01704154 0.01295553
v -0.03304285 -0.01690954 0.01337473
v -0.03280773 -0.01671814 0.01378984
v -0.03237475 -0.01636567 0.01432847
v -0.03175804 -0.01586363 0.01488289
v -0.03086320 -0.01513518 0.01549808
v -0.02940000 -0.01394405 0.01633224
v -0.02816478 -0.01293852 0.01704573
v -0.02738066 -0.01230019 0.01758584
v -0.02671980 -0.01176222 0.01817565
v -0.02631000 -0.01142862 0.01868145
v -0.02605512 -0.01122113 0.01912630
v -0.02589187 -0.01108823 0.01954974
v -0.03437359 -0.01486323 0.01249803
v -0.03426597 -0.01478697 0.01295553
v -0.03409539 -0.01466610 0.01337472
v -0.03384804 -0.01449082 0.01378983
v -0.03339253 -0.01416805 0.01432847
v -0.03274374 -0.01370831 0.01488288
v -0.03180235 -0.01304124 0.01549807
v -0.03026302 -0.01195046 0.01633224
v -0.02896354 -0.01102965 0.01704574
v -0.02813862 -0.01044511 0.01758585
v -0.02744339 -0.00995246 0.01817565
v -0.02701227 -0.00964697 0.01868146
v -0.02674413 -0.00945696 0.01912631
v -0.02657238 -0.00933526 0.01954975
v -0.03528736 -0.01253640 0.01249803
v -0.03517489 -0.01246749 0.01295552
v -0.03499664 -0.01235827 0.01337472
v -0.03473815 -0.01219989 0.01378983
v -0.03426214 -0.01190824 0.01432846
v -0.03358415 -0.01149283 0.01488287
v -0.03260038 -0.01089006 0.01549807
v -0.03099177 -0.00990445 0.01633224
v -0.02963381 -0.00907242 0.01704574
v -0.02877176 -0.00854423 0.01758585
v -0.02804523 -0.00809908 0.01817566
v -0.02759470 -0.00782304 0.01868146
v -0.02731449 -0.00765136 0.01912632
v -0.02713501 -0.00754139 0.01954975
v -0.03518611 0.00886716 0.01432838
v -0.03624972 0.00652524 0.01378976
v -0.03690021 0.00410529 0.01337467
v -0.03729429 0.00163919 0.01295549
v -0.03574430 0.00888483 0.01378975
v -0.03655281 0.00651497 0.01337466
v -0.03710831 0.00408453 0.01295548
v -0.03723960 0.00407143 0.01249801
v -0.03604741 0.00889443 0.01337465
v -0.03676182 0.00650788 0.01295548
v -0.03559390 0.01125664 0.01295547
v -0.03538576 0.01123634 0.01337465
v -0.03508395 0.01120691 0.01378975
v -0.03452814 0.01115271 0.01432838
v -0.03373650 0.01107550 0.01488280
v -0.03258782 0.01096348 0.01549802
v -0.03070956 0.01078031 0.01633225
v -0.02912396 0.01062568 0.01704579
v -0.02811740 0.01052751 0.01758593
v -0.02726909 0.01044479 0.01817575
v -0.02674304 0.01039348 0.01868154
v -0.02641586 0.01036158 0.01912639
v -0.02620629 0.01034114 0.01954980
v -0.03490615 0.01358939 0.01249800
v -0.03477596 0.01356799 0.01295546
v -0.03456961 0.01353408 0.01337464
v -0.03427040 0.01348490 0.01378974
v -0.03371939 0.01339433 0.01432837
v -0.03293457 0.01326534 0.01488279
v -0.03179580 0.01307817 0.01549801
v -0.02993373 0.01277211 0.01633225
v -0.02836180 0.01251375 0.01704580
v -0.02736393 0.01234974 0.01758593
v -0.02652293 0.01221151 0.01817575
v -0.02600142 0.01212579 0.01868155
v -0.02567706 0.01207248 0.01912639
v -0.02546930 0.01203833 0.01954981
v -0.03392841 0.01586835 0.01249799
v -0.03379993 0.01583839 0.01295546
v -0.03359629 0.01579090 0.01337464
v -0.03330101 0.01572203 0.01378973
v -0.03275722 0.01559521 0.01432836
v -0.03198272 0.01541458 0.01488279
v -0.03085889 0.01515249 0.01549801
v -0.02902126 0.01472392 0.01633225
v -0.02746997 0.01436213 0.01704580
v -0.02648519 0.01413246 0.01758594
v -0.02565523 0.01393890 0.01817576
v -0.02514057 0.01381887 0.01868156
v -0.02482047 0.01374421 0.01912640
v -0.02461543 0.01369640 0.01954981
v -0.02364289 0.01531347 0.01954982
v -0.02384426 0.01537491 0.01912640
v -0.02415865 0.01547082 0.01868156
v -0.02466411 0.01562504 0.01817576
v -0.02547924 0.01587373 0.01758594
v -0.02644642 0.01616881 0.01704581
v -0.02796999 0.01663364 0.01633225
v -0.02977477 0.01718427 0.01549801
v -0.03087851 0.01752102 0.01488278
v -0.03163918 0.01775309 0.01432836
v -0.03217325 0.01791603 0.01378973
v -0.03246326 0.01800451 0.01337463
v -0.03266325 0.01806553 0.01295546
v -0.03278943 0.01810403 0.01249799
v -0.03137835 0.02021845 0.01295545
v -0.03118290 0.02014414 0.01337463
v -0.03089947 0.02003638 0.01378972
v -0.03037752 0.01983795 0.01432835
v -0.02963411 0.01955532 0.01488278
v -0.02855541 0.01914522 0.01549800
v -0.02679158 0.01847465 0.01633225
v -0.02530258 0.01790856 0.01704581
v -0.02435735 0.01754920 0.01758595
v -0.02356071 0.01724634 0.01817577
v -0.02306672 0.01705853 0.01868157
v -0.02275947 0.01694172 0.01912640
v -0.02256267 0.01686690 0.01954982
v -0.03007895 0.02232681 0.01249799
v -0.02995903 0.02227178 0.01295545
v -0.02976896 0.02218457 0.01337462
v -0.02949335 0.02205811 0.01378972
v -0.02898579 0.02182522 0.01432835
v -0.02826289 0.02149352 0.01488277
v -0.02721393 0.02101221 0.01549800
v -0.02549874 0.02022521 0.01633225
v -0.02405081 0.01956083 0.01704581
v -0.02313164 0.01913908 0.01758595
v -0.02235698 0.01878363 0.01817577
v -0.02187660 0.01856321 0.01868157
v -0.02157782 0.01842611 0.01912641
v -0.02138645 0.01833830 0.01954982
v -0.02840970 0.02422013 0.01295545
v -0.02822586 0.02412044 0.01337462
v -0.02795927 0.02397588 0.01378972
v -0.02746834 0.02370967 0.01432835
v -0.02676911 0.02333051 0.01488277
v -0.02575451 0.02278034 0.01549800
v -0.02409549 0.02188073 0.01633225
v -0.02269497 0.02112129 0.01704581
v -0.02180591 0.02063919 0.01758595
v -0.02105661 0.02023289 0.01817578
v -0.02059197 0.01998093 0.01868157
v -0.02030298 0.01982422 0.01912641
v -0.02011788 0.01972385 0.01954982
v -0.02313871 0.02945947 0.01249799
v -0.01641510 0.03295999 0.01378971
v -0.01878322 0.03201780 0.01337462
v -0.02102849 0.03084163 0.01295545
v -0.02112382 0.03093283 0.01249799
v -0.01660433 0.03319686 0.01337462
v -0.01892433 0.03217210 0.01295545
v -0.01447061 0.03440049 0.01295545
v -0.01435131 0.03422881 0.01337462
v -0.01417833 0.03397986 0.01378971
v -0.01385976 0.03352139 0.01432834
v -0.01340603 0.03286840 0.01488277
v -0.01274765 0.03192091 0.01549800
v -0.01167111 0.03037161 0.01633225
v -0.01076232 0.02906372 0.01704581
v -0.01018540 0.02823345 0.01758596
v -0.00969918 0.02753372 0.01817578
v -0.00939768 0.02709980 0.01868158
v -0.00921015 0.02682992 0.01912642
v -0.00909003 0.02665706 0.01954983
v -0.01221087 0.03540123 0.01249799
v -0.01214300 0.03528813 0.01295545
v -0.01203543 0.03510888 0.01337462
v -0.01187944 0.03484894 0.01378972
v -0.01159218 0.03437026 0.01432834
v -0.01118303 0.03368848 0.01488277
v -0.01058935 0.03269920 0.01549800
v -0.00961860 0.03108159 0.01633225
v -0.00879911 0.02971602 0.01704581
v -0.00827889 0.02884915 0.01758596
v -0.00784045 0.02811856 0.01817578
v -0.00756857 0.02766551 0.01868158
v -0.00739947 0.02738373 0.01912641
v -0.00729116 0.02720325 0.01954983
v -0.00560218 0.02760060 0.01954982
v -0.00569918 0.02778741 0.01912641
v -0.00585060 0.02807907 0.01868157
v -0.00609407 0.02854800 0.01817578
v -0.00648669 0.02930420 0.01758596
v -0.00695254 0.03020147 0.01704581
v -0.00768639 0.03161491 0.01633225
v -0.00855569 0.03328923 0.01549800
v -0.00908732 0.03431318 0.01488277
v -0.00945371 0.03501887 0.01432834
v -0.00971094 0.03551432 0.01378972
v -0.00985063 0.03578337 0.01337462
v -0.00994696 0.03596891 0.01295545
v -0.01000774 0.03608597 0.01249799
v -0.00375448 0.02791292 0.01954982
v -0.00383883 0.02810578 0.01912641
v -0.00397053 0.02840687 0.01868157
v -0.00418228 0.02889097 0.01817578
v -0.00452376 0.02967163 0.01758595
v -0.00492892 0.03059792 0.01704581
v -0.00556718 0.03205707 0.01633225
v -0.00632323 0.03378555 0.01549800
v -0.00678561 0.03484263 0.01488277
v -0.00710427 0.03557114 0.01432835
v -0.00732800 0.03608262 0.01378972
v -0.00744949 0.03636037 0.01337462
v -0.00753327 0.03655191 0.01295545
v -0.00758613 0.03667275 0.01249799
v -0.00509222 0.03697331 0.01295545
v -0.00502133 0.03677662 0.01337462
v -0.00491853 0.03649141 0.01378972
v -0.00472921 0.03596618 0.01432835
v -0.00445956 0.03521809 0.01488277
v -0.00406830 0.03413261 0.01549800
v -0.00342854 0.03235768 0.01633225
v -0.00288846 0.03085931 0.01704581
v -0.00254561 0.02990813 0.01758595
v -0.00225666 0.02910648 0.01817577
v -0.00207748 0.02860938 0.01868157
v -0.00196604 0.02830019 0.01912641
v -0.00189465 0.02810216 0.01954982
v -0.00267183 0.03735883 0.01249799
v -0.00263540 0.03723204 0.01295545
v -0.00257767 0.03703108 0.01337462
v -0.00249395 0.03673967 0.01378972
v -0.00233978 0.03620302 0.01432835
v -0.00212020 0.03543868 0.01488277
v -0.00180158 0.03432960 0.01549800
v -0.00128059 0.03251610 0.01633225
v -0.00084078 0.03098517 0.01704581
v -0.00056158 0.03001332 0.01758595
v -0.00032628 0.02919425 0.01817577
v -0.00018037 0.02868634 0.01868157
v -0.00008961 0.02837044 0.01912641
v -0.00003148 0.02816810 0.01954982
v 0.00182668 0.02811113 0.01954982
v 0.00178202 0.02831688 0.01912641
v 0.00171230 0.02863811 0.01868157
v 0.00160019 0.02915457 0.01817577
v 0.00141941 0.02998745 0.01758595
v 0.00120491 0.03097568 0.01704581
v 0.00086700 0.03253241 0.01633225
v 0.00046673 0.03437648 0.01549800
v 0.00022194 0.03550425 0.01488278
v 0.00005324 0.03628147 0.01432835
v -0.00006521 0.03682716 0.01378972
v -0.00012953 0.03712349 0.01337463
v -0.00017388 0.03732783 0.01295545
v 0.00713633 0.03677655 0.01249799
v 0.01616606 0.03247888 0.01432836
v 0.01407408 0.03403198 0.01378973
v 0.01184327 0.03518666 0.01337463
v 0.00952253 0.03609787 0.01295546
v 0.01551762 0.02350953 0.01954981
v 0.01558080 0.02371036 0.01912640
v 0.01567944 0.02402390 0.01868156
v 0.01583802 0.02452802 0.01817576
v 0.01609376 0.02534096 0.01758594
v 0.01639720 0.02630555 0.01704581
v 0.01687521 0.02782505 0.01633225
v 0.01744144 0.02962500 0.01549801
v 0.01778773 0.03072579 0.01488278
v 0.01802638 0.03148443 0.01432836
v 0.01819394 0.03201706 0.01378973
v 0.01828493 0.03230629 0.01337463
v 0.01834767 0.03250575 0.01295546
v 0.01838726 0.03263160 0.01249799
v 0.01706071 0.02241678 0.01954981
v 0.01713722 0.02261293 0.01912640
v 0.01725667 0.02291916 0.01868156
v 0.01744873 0.02341153 0.01817576
v 0.01775845 0.02420553 0.01758594
v 0.01812593 0.02514764 0.01704581
v 0.01870483 0.02663173 0.01633225
v 0.01939057 0.02838973 0.01549801
v 0.01980995 0.02946487 0.01488278
v 0.02009897 0.03020583 0.01432836
v 0.02030190 0.03072605 0.01378973
v 0.02041209 0.03100854 0.01337463
v 0.02048808 0.03120335 0.01295546
v 0.02053602 0.03132626 0.01249799
v 0.02252823 0.02976705 0.01295546
v 0.02243939 0.02957774 0.01337463
v 0.02231057 0.02930322 0.01378973
v 0.02207333 0.02879768 0.01432836
v 0.02173544 0.02807764 0.01488278
v 0.02124514 0.02703285 0.01549801
v 0.02044344 0.02532446 0.01633225
v 0.01976665 0.02388226 0.01704581
v 0.01933702 0.02296674 0.01758594
v 0.01897494 0.02219515 0.01817576
v 0.01875040 0.02171668 0.01868156
v 0.01861075 0.02141909 0.01912640
v 0.01852130 0.02122847 0.01954982
v 0.02452655 0.02831682 0.01249799
v 0.02446266 0.02820137 0.01295546
v 0.02436140 0.02801839 0.01337463
v 0.02421456 0.02775305 0.01378973
v 0.02394416 0.02726441 0.01432836
v 0.02355902 0.02656845 0.01488278
v 0.02300018 0.02555860 0.01549801
v 0.02208639 0.02390734 0.01633225
v 0.02131498 0.02251336 0.01704581
v 0.02082528 0.02162846 0.01758594
v 0.02041257 0.02088267 0.01817576
v 0.02015665 0.02042020 0.01868156
v 0.01999747 0.02013256 0.01912640
v 0.01989551 0.01994832 0.01954982
v 0.02628543 0.02651156 0.01295546
v 0.02617222 0.02633572 0.01337463
v 0.02600805 0.02608074 0.01378973
v 0.02570572 0.02561117 0.01432836
v 0.02527512 0.02494236 0.01488278
v 0.02465031 0.02397192 0.01549801
v 0.02362866 0.02238509 0.01633225
v 0.02276619 0.02104552 0.01704581
v 0.02221868 0.02019514 0.01758595
v 0.02175725 0.01947846 0.01817577
v 0.02147112 0.01903403 0.01868156
v 0.02129315 0.01875761 0.01912640
v 0.02117916 0.01858056 0.01954982
v 0.03111244 0.02085769 0.01249799
v 0.03446832 0.01129708 0.01432834
v 0.03410010 0.01388605 0.01378972
v 0.03333786 0.01631864 0.01337462
v 0.03233292 0.01864744 0.01295545
v 0.03621970 0.00951297 0.01249799
v 0.03610181 0.00945380 0.01295545
v 0.03591498 0.00936002 0.01337462
v 0.03564404 0.00922403 0.01378972
v 0.03514511 0.00897359 0.01432834
v 0.03443447 0.00861689 0.01488277
v 0.03340333 0.00809932 0.01549800
v 0.03171726 0.00725302 0.01633225
v 0.03029391 0.00653858 0.01704581
v 0.02939035 0.00608505 0.01758596
v 0.02862884 0.00570281 0.01817578
v 0.02815662 0.00546579 0.01868158
v 0.02786292 0.00531837 0.01912641
v 0.02767479 0.00522394 0.01954983
v 0.02796187 0.00337301 0.01954983
v 0.02815586 0.00345473 0.01912642
v 0.02845873 0.00358231 0.01868158
v 0.02894568 0.00378743 0.01817578
v 0.02973094 0.00411821 0.01758596
v 0.03066268 0.00451070 0.01704581
v 0.03213043 0.00512897 0.01633225
v 0.03386909 0.00586136 0.01549800
v 0.03493239 0.00630927 0.01488277
v 0.03566519 0.00661795 0.01432834
v 0.03617968 0.00683468 0.01378971
v 0.03645907 0.00695236 0.01337462
v 0.03665174 0.00703352 0.01295545
v 0.03677329 0.00708473 0.01249799
v 0.03703977 0.00458831 0.01295545
v 0.03684213 0.00452010 0.01337462
v 0.03655554 0.00442118 0.01378971
v 0.03602778 0.00423903 0.01432834
v 0.03527608 0.00397960 0.01488277
v 0.03418535 0.00360315 0.01549800
v 0.03240184 0.00298761 0.01633225
v 0.03089624 0.00246798 0.01704582
v 0.02994046 0.00213811 0.01758596
v 0.02913495 0.00186010 0.01817578
v 0.02863544 0.00168770 0.01868158
v 0.02832476 0.00158048 0.01912642
v 0.02812577 0.00151180 0.01954983
v 0.03739230 0.00216433 0.01249799
v 0.03726502 0.00212963 0.01295545
v 0.03706329 0.00207463 0.01337462
v 0.03677076 0.00199488 0.01378971
v 0.03623207 0.00184801 0.01432834
v 0.03546480 0.00163882 0.01488277
v 0.03435148 0.00133529 0.01549800
v 0.03253104 0.00083896 0.01633225
v 0.03099425 0.00041997 0.01704582
v 0.03001868 0.00015399 0.01758596
v 0.02919648 -0.00007017 0.01817578
v 0.02868663 -0.00020918 0.01868158
v 0.02836952 -0.00029563 0.01912642
v 0.02816640 -0.00035101 0.01954983
v 0.03732737 -0.00033154 0.01295545
v 0.03712244 -0.00037312 0.01337462
v 0.03682526 -0.00043343 0.01378971
v 0.03627801 -0.00054447 0.01432834
v 0.03549856 -0.00070264 0.01488277
v 0.03436756 -0.00093215 0.01549800
v 0.03251822 -0.00130742 0.01633225
v 0.03095702 -0.00162422 0.01704582
v 0.02996596 -0.00182532 0.01758596
v 0.02913071 -0.00199481 0.01817578
v 0.02861276 -0.00209992 0.01868158
v 0.02829061 -0.00216529 0.01912642
v 0.02808427 -0.00220716 0.01954983
v 0.02788033 -0.00404894 0.01954983
v 0.02808899 -0.00402072 0.01912642
v 0.02841476 -0.00397667 0.01868158
v 0.02893854 -0.00390584 0.01817578
v 0.02978319 -0.00379162 0.01758596
v 0.03078539 -0.00365609 0.01704581
v 0.03236414 -0.00344259 0.01633225
v 0.03423429 -0.00318969 0.01549800
v 0.03537801 -0.00303503 0.01488277
v 0.03616622 -0.00292844 0.01432834
v 0.03671963 -0.00285360 0.01378971
v 0.03702015 -0.00281296 0.01337462
v 0.03722738 -0.00278494 0.01295545
v 0.03735813 -0.00276726 0.01249799
v 0.03696616 -0.00522107 0.01295545
v 0.03675752 -0.00523544 0.01337462
v 0.03645497 -0.00525628 0.01378971
v 0.03589782 -0.00529466 0.01432834
v 0.03510428 -0.00534932 0.01488277
v 0.03395283 -0.00542864 0.01549800
v 0.03207004 -0.00555833 0.01633225
v 0.03048061 -0.00566781 0.01704581
v 0.02947163 -0.00573731 0.01758596
v 0.02862127 -0.00579588 0.01817578
v 0.02809396 -0.00583221 0.01868158
v 0.02776598 -0.00585480 0.01912641
v 0.02755591 -0.00586927 0.01954983
v 0.03654515 -0.00763128 0.01295545
v 0.03633602 -0.00763196 0.01337462
v 0.03603275 -0.00763293 0.01378972
v 0.03547429 -0.00763474 0.01432834
v 0.03467885 -0.00763730 0.01488277
v 0.03352467 -0.00764102 0.01549800
v 0.03163741 -0.00764711 0.01633225
v 0.03004421 -0.00765224 0.01704581
v 0.02903283 -0.00765551 0.01758596
v 0.02818045 -0.00765826 0.01817578
v 0.02765189 -0.00765996 0.01868157
v 0.02732313 -0.00766102 0.01912641
v 0.02711256 -0.00766170 0.01954982
v 0.03596606 -0.01000775 0.01295545
v 0.03575733 -0.00999472 0.01337462
v 0.03545466 -0.00997584 0.01378972
v 0.03489729 -0.00994107 0.01432835
v 0.03410342 -0.00989154 0.01488277
v 0.03295150 -0.00981968 0.01549800
v 0.03106794 -0.00970217 0.01633225
v 0.02947786 -0.00960297 0.01704581
v 0.02846847 -0.00954000 0.01758595
v 0.02761776 -0.00948692 0.01817578
v 0.02709023 -0.00945401 0.01868157
v 0.02676212 -0.00943354 0.01912641
v 0.02655197 -0.00942043 0.01954982
v 0.03341647 -0.01691856 0.01249799
v 0.02880034 -0.02295722 0.01378975
v 0.03054613 -0.02109929 0.01337464
v 0.03208670 -0.01907205 0.01295546
v 0.03221163 -0.01911445 0.01249799
v 0.02907193 -0.02309212 0.01337465
v 0.03073920 -0.02117961 0.01295546
v 0.02765155 -0.02508304 0.01295547
v 0.02747086 -0.02497774 0.01337465
v 0.02720884 -0.02482504 0.01378975
v 0.02672632 -0.02454385 0.01432838
v 0.02603908 -0.02414335 0.01488280
v 0.02504187 -0.02356222 0.01549802
v 0.02341129 -0.02261198 0.01633225
v 0.02203477 -0.02180981 0.01704579
v 0.02116095 -0.02130058 0.01758592
v 0.02042450 -0.02087141 0.01817574
v 0.01996782 -0.02060527 0.01868154
v 0.01968378 -0.02043975 0.01912638
v 0.01950185 -0.02033372 0.01954980
v 0.02603100 -0.02694108 0.01249801
v 0.02592167 -0.02686721 0.01295548
v 0.02574838 -0.02675012 0.01337466
v 0.02549710 -0.02658033 0.01378976
v 0.02503436 -0.02626766 0.01432839
v 0.02437528 -0.02582233 0.01488281
v 0.02341894 -0.02517614 0.01549803
v 0.02185518 -0.02411952 0.01633225
v 0.02053508 -0.02322754 0.01704578
v 0.01969706 -0.02266130 0.01758591
v 0.01899079 -0.02218408 0.01817573
v 0.01855283 -0.02188816 0.01868153
v 0.01828043 -0.02170410 0.01912637
v 0.01810595 -0.02158621 0.01954979
v 0.01662919 -0.02274223 0.01954979
v 0.01679543 -0.02287147 0.01912636
v 0.01705497 -0.02307323 0.01868152
v 0.01747226 -0.02339763 0.01817572
v 0.01814520 -0.02392077 0.01758591
v 0.01894366 -0.02454148 0.01704578
v 0.02020145 -0.02551928 0.01633225
v 0.02169140 -0.02667755 0.01549803
v 0.02260260 -0.02738591 0.01488282
v 0.02323058 -0.02787410 0.01432840
v 0.02367148 -0.02821685 0.01378977
v 0.02391090 -0.02840297 0.01337467
v 0.02407601 -0.02853132 0.01295548
v 0.02418018 -0.02861230 0.01249801
v 0.01507744 -0.02379731 0.01954978
v 0.01523470 -0.02393732 0.01912636
v 0.01548022 -0.02415590 0.01868151
v 0.01587496 -0.02450734 0.01817571
v 0.01651154 -0.02507407 0.01758590
v 0.01726686 -0.02574652 0.01704577
v 0.01845670 -0.02680582 0.01633225
v 0.01986616 -0.02806063 0.01549804
v 0.02072813 -0.02882803 0.01488283
v 0.02132218 -0.02935690 0.01432841
v 0.02173926 -0.02972822 0.01378978
v 0.02196574 -0.02992985 0.01337468
v 0.02212193 -0.03006891 0.01295549
v 0.02222047 -0.03015664 0.01249801
v 0.02006779 -0.03147351 0.01295550
v 0.01992123 -0.03132438 0.01337468
v 0.01970870 -0.03110812 0.01378979
v 0.01931732 -0.03070987 0.01432842
v 0.01875987 -0.03014264 0.01488284
v 0.01795101 -0.02931958 0.01549804
v 0.01662839 -0.02797375 0.01633225
v 0.01551186 -0.02683763 0.01704577
v 0.01480308 -0.02611640 0.01758589
v 0.01420572 -0.02550856 0.01817570
v 0.01383530 -0.02513164 0.01868150
v 0.01360491 -0.02489720 0.01912635
v 0.01345733 -0.02474704 0.01954978
v 0.01800892 -0.03283899 0.01249802
v 0.01792293 -0.03273895 0.01295550
v 0.01778665 -0.03258038 0.01337469
v 0.01758903 -0.03235045 0.01378980
v 0.01722511 -0.03192702 0.01432843
v 0.01670677 -0.03132393 0.01488284
v 0.01595465 -0.03044884 0.01549805
v 0.01472482 -0.02901793 0.01633225
v 0.01368662 -0.02780998 0.01704576
v 0.01302756 -0.02704316 0.01758588
v 0.01247211 -0.02639689 0.01817569
v 0.01212768 -0.02599614 0.01868149
v 0.01191345 -0.02574688 0.01912634
v 0.01177623 -0.02558723 0.01954977
v 0.01569756 -0.03385942 0.01295551
v 0.01557217 -0.03369213 0.01337470
v 0.01539034 -0.03344954 0.01378981
v 0.01505550 -0.03300280 0.01432844
v 0.01457859 -0.03236652 0.01488285
v 0.01388658 -0.03144326 0.01549805
v 0.01275504 -0.02993359 0.01633225
v 0.01179982 -0.02865916 0.01704576
v 0.01119343 -0.02785013 0.01758587
v 0.01068238 -0.02716829 0.01817568
v 0.01036547 -0.02674548 0.01868149
v 0.01016836 -0.02648250 0.01912634
v 0.01004211 -0.02631406 0.01954976
v 0.00895267 -0.03636248 0.01249803
v 0.00395370 -0.03690786 0.01337473
v 0.00646822 -0.03675620 0.01295553
v 0.00155867 -0.03729398 0.01295554
v 0.00150676 -0.03709142 0.01337474
v 0.00143150 -0.03679771 0.01378985
v 0.00129289 -0.03625681 0.01432848
v 0.00109548 -0.03548642 0.01488289
v 0.00080902 -0.03436856 0.01549808
v 0.00034063 -0.03254069 0.01633224
v -0.00005478 -0.03099764 0.01704573
v -0.00030579 -0.03001809 0.01758583
v -0.00051734 -0.02919254 0.01817564
v -0.00064853 -0.02868061 0.01868144
v -0.00073012 -0.02836220 0.01912630
v -0.00078238 -0.02815826 0.01954974
v -0.00090159 -0.03731861 0.01295554
v -0.00094004 -0.03711306 0.01337474
v -0.00099580 -0.03681500 0.01378985
v -0.00109848 -0.03626610 0.01432849
v -0.00124473 -0.03548431 0.01488290
v -0.00145693 -0.03434992 0.01549808
v -0.00180392 -0.03249503 0.01633224
v -0.00209685 -0.03092915 0.01704573
v -0.00228280 -0.02993511 0.01758583
v -0.00243952 -0.02909735 0.01817563
v -0.00253670 -0.02857785 0.01868144
v -0.00259714 -0.02825474 0.01912629
v -0.00263586 -0.02804778 0.01954973
v -0.00333611 -0.03731212 0.01249804
v -0.00335180 -0.03718111 0.01295554
v -0.00337667 -0.03697347 0.01337474
v -0.00341272 -0.03667237 0.01378986
v -0.00347912 -0.03611788 0.01432849
v -0.00357369 -0.03532812 0.01488290
v -0.00371092 -0.03418216 0.01549809
v -0.00393530 -0.03230835 0.01633224
v -0.00412472 -0.03072651 0.01704572
v -0.00424497 -0.02972235 0.01758583
v -0.00434631 -0.02887605 0.01817563
v -0.00440915 -0.02835125 0.01868143
v -0.00444824 -0.02802484 0.01912629
v -0.00447327 -0.02781577 0.01954973
v -0.00628768 -0.02746362 0.01954973
v -0.00627641 -0.02767389 0.01912629
v -0.00625881 -0.02800217 0.01868143
v -0.00623051 -0.02852998 0.01817563
v -0.00618487 -0.02938114 0.01758582
v -0.00613072 -0.03039107 0.01704572
v -0.00604542 -0.03198198 0.01633224
v -0.00594438 -0.03386654 0.01549809
v -0.00588258 -0.03501907 0.01488290
v -0.00584000 -0.03581335 0.01432850
v -0.00581010 -0.03637103 0.01378986
v -0.00579386 -0.03667386 0.01337475
v -0.00578266 -0.03688269 0.01295555
v -0.00577560 -0.03701445 0.01249804
v -0.00818571 -0.03642486 0.01295554
v -0.00818321 -0.03621574 0.01337475
v -0.00817958 -0.03591250 0.01378986
v -0.00817289 -0.03535407 0.01432849
v -0.00816337 -0.03455869 0.01488290
v -0.00814955 -0.03340459 0.01549809
v -0.00812696 -0.03151746 0.01633224
v -0.00810789 -0.02992437 0.01704572
v -0.00809578 -0.02891306 0.01758582
v -0.00808557 -0.02806074 0.01817563
v -0.00807925 -0.02753221 0.01868143
v -0.00807531 -0.02720349 0.01912629
v -0.00807279 -0.02699293 0.01954973
v -0.01056354 -0.03594090 0.01249803
v -0.01055332 -0.03580935 0.01295553
v -0.01053713 -0.03560085 0.01337473
v -0.01051364 -0.03529851 0.01378984
v -0.01047040 -0.03474173 0.01432847
v -0.01040881 -0.03394872 0.01488288
v -0.01031944 -0.03279803 0.01549807
v -0.01017331 -0.03091650 0.01633224
v -0.01004995 -0.02932813 0.01704574
v -0.00997164 -0.02831982 0.01758584
v -0.00990564 -0.02747003 0.01817565
v -0.00986471 -0.02694307 0.01868145
v -0.00983925 -0.02661531 0.01912631
v -0.00982295 -0.02640538 0.01954974
v -0.01289748 -0.03516849 0.01249802
v -0.01287866 -0.03503790 0.01295550
v -0.01284882 -0.03483093 0.01337469
v -0.01280556 -0.03453079 0.01378980
v -0.01272590 -0.03397809 0.01432843
v -0.01261243 -0.03319086 0.01488284
v -0.01244779 -0.03204859 0.01549805
v -0.01217857 -0.03018080 0.01633225
v -0.01195130 -0.02860405 0.01704576
v -0.01180703 -0.02760310 0.01758588
v -0.01168544 -0.02675952 0.01817569
v -0.01161004 -0.02623641 0.01868149
v -0.01156314 -0.02591105 0.01912634
v -0.01153310 -0.02570265 0.01954977
v 0.02508300 -0.01157993 0.02050000
v 0.02496942 -0.01181037 0.02050000
v 0.01972402 0.01934841 0.02050000
v 0.02046596 0.01855503 0.02050000
v -0.02610100 0.00906211 0.02050000
v -0.02600973 0.00930517 0.02050000
v -0.02749225 0.00269955 0.02050000
v -0.02750625 0.00257989 0.02050000
v -0.02759002 0.00135315 0.02050000
v -0.02497344 0.01180097 0.02050000
v -0.02369837 0.01418419 0.02050000
v -0.02315820 0.01506046 0.02050000
v -0.01953981 0.01952454 0.02050000
v -0.01983152 0.01923765 0.02050000
v -0.02046929 0.01854657 0.02050000
v -0.02073431 0.01825940 0.02050000
v -0.01058469 0.02550460 0.02050000
v -0.01112328 0.02528367 0.02050000
v -0.01181921 0.02495822 0.02050000
v -0.00538935 0.02707995 0.02050000
v -0.00603745 0.02695107 0.02050000
v -0.00671294 0.02678243 0.02050000
v 0.00192947 0.02755875 0.02050000
v 0.00134647 0.02758468 0.02050000
v 0.00059388 0.02761815 0.02050000
v 0.00270620 0.02748631 0.02050000
v 0.00538192 0.02709243 0.02050000
v 0.00458298 0.02724619 0.02050000
v 0.00405129 0.02732198 0.02050000
v 0.01301542 0.02435957 0.02050000
v 0.01216393 0.02480430 0.02050000
v 0.01180549 0.02496986 0.02050000
v 0.01094694 0.02536642 0.02050000
v 0.01533159 0.02297203 0.02050000
v 0.01452385 0.02349833 0.02050000
v 0.01419065 0.02369341 0.02050000
v 0.02063481 0.01837448 0.02050000
v 0.02134800 0.01753336 0.02050000
v 0.01753021 -0.02134757 0.02050000
v 0.01785384 -0.02108685 0.02050000
v 0.01855181 -0.02046636 0.02050000
v 0.01884883 -0.02020231 0.02050000
v 0.01302234 -0.02435416 0.02050000
v 0.01348418 -0.02411116 0.02050000
v 0.01421129 -0.02368227 0.02050000
v 0.00803035 -0.02641810 0.02050000
v 0.00857460 -0.02625508 0.02050000
v 0.00931219 -0.02599491 0.02050000
v 0.00270666 -0.02747969 0.02050000
v 0.00335141 -0.02741613 0.02050000
v 0.00405373 -0.02731241 0.02050000
v -0.00269130 -0.02748772 0.02050000
v -0.00197888 -0.02755530 0.02050000
v -0.00134035 -0.02758495 0.02050000
v -0.00801302 -0.02643442 0.02050000
v -0.00722759 -0.02666794 0.02050000
v -0.00671111 -0.02679451 0.02050000
v -0.00593191 -0.02698547 0.02050000
v -0.01055342 -0.02552513 0.02050000
v -0.00975846 -0.02584817 0.02050000
v -0.00929378 -0.02601126 0.02050000
v -0.01419530 -0.02369014 0.02050000
v -0.01456138 -0.02347510 0.02050000
v -0.01751175 -0.02135984 0.02050000
v -0.01676811 -0.02195540 0.02050000
v -0.01644652 -0.02218847 0.02050000
v -0.02296295 -0.01535446 0.02050000
v -0.02233420 -0.01626487 0.02050000
v -0.02218590 -0.01645872 0.02050000
v -0.02495969 -0.01182643 0.02050000
v -0.02503248 -0.01167929 0.02050000
v -0.02551246 -0.01057827 0.02050000
v -0.02681480 -0.00661645 0.02050000
v -0.02708353 -0.00540209 0.02050000
v -0.02762379 0.00000023 0.02050000
v -0.02759709 0.00124958 0.02050000
v -0.02713435 0.00520675 0.02050000
v -0.02732856 0.00403918 0.02050000
v -0.02735174 0.00389981 0.02050000
v -0.02680151 0.00669781 0.02050000
v -0.02685446 0.00650008 0.02050000
v -0.02709859 0.00537197 0.02050000
v -0.02643707 0.00801442 0.02050000
v -0.02650896 0.00779032 0.02050000
v -0.02509999 0.01154317 0.02050000
v -0.02552166 0.01056726 0.02050000
v -0.02562992 0.01031670 0.02050000
v -0.02436563 0.01300660 0.02050000
v -0.02386121 0.01392003 0.02050000
v -0.02450962 0.01274586 0.02050000
v -0.02297129 0.01533356 0.02050000
v -0.02240152 0.01616604 0.02050000
v -0.02218583 0.01645071 0.02050000
v -0.02135138 0.01752204 0.02050000
v -0.02159166 0.01723493 0.02050000
v -0.01789688 0.02105035 0.02050000
v -0.01856291 0.02045594 0.02050000
v -0.01888512 0.02016837 0.02050000
v -0.01686600 0.02188443 0.02050000
v -0.01753831 0.02134047 0.02050000
v -0.01534867 0.02296296 0.02050000
v -0.01578799 0.02267325 0.02050000
v -0.01646543 0.02217754 0.02050000
v -0.01420141 0.02368785 0.02050000
v -0.01466889 0.02341123 0.02050000
v -0.01233340 0.02471777 0.02050000
v -0.01302482 0.02435272 0.02050000
v -0.01351630 0.02409323 0.02050000
v -0.00863068 0.02623674 0.02050000
v -0.00932113 0.02599158 0.02050000
v -0.00988916 0.02578990 0.02050000
v -0.00734450 0.02662476 0.02050000
v -0.00802823 0.02641849 0.02050000
v -0.00339467 0.02741078 0.02050000
v -0.00405789 0.02731185 0.02050000
v -0.00471962 0.02721314 0.02050000
v -0.00137151 0.02758009 0.02050000
v -0.00206602 0.02754402 0.02050000
v -0.00271861 0.02747857 0.02050000
v -0.00001653 0.02761581 0.02050000
v -0.00073703 0.02761305 0.02050000
v 0.00326234 0.02743444 0.02050000
v 0.00800003 0.02643871 0.02050000
v 0.00717999 0.02668082 0.02050000
v 0.00669817 0.02679803 0.02050000
v 0.00588958 0.02699473 0.02050000
v 0.00928739 0.02601392 0.02050000
v 0.00845034 0.02630577 0.02050000
v 0.01055997 0.02552281 0.02050000
v 0.00970538 0.02586819 0.02050000
v 0.01336216 0.02417847 0.02050000
v 0.01672285 0.02198980 0.02050000
v 0.01643817 0.02219530 0.02050000
v 0.01564546 0.02276752 0.02050000
v 0.01854514 0.02047214 0.02050000
v 0.01776192 0.02116117 0.02050000
v 0.01750979 0.02136224 0.02050000
v 0.01953188 0.01953478 0.02050000
v 0.01876425 0.02027938 0.02050000
v 0.02149553 0.01735936 0.02050000
v 0.02217829 0.01647003 0.02050000
v 0.02230476 0.01630529 0.02050000
v 0.02295684 0.01536501 0.02050000
v 0.02306116 0.01521457 0.02050000
v 0.02368326 0.01421798 0.02050000
v 0.02376460 0.01408766 0.02050000
v 0.02435595 0.01302942 0.02050000
v 0.02441913 0.01291636 0.02050000
v 0.02496669 0.01181382 0.02050000
v 0.02501713 0.01171224 0.02050000
v 0.02551425 0.01057601 0.02050000
v 0.02555524 0.01048231 0.02050000
v 0.02599954 0.00931630 0.02050000
v 0.02603247 0.00922987 0.02050000
v 0.02642301 0.00803487 0.02050000
v 0.02644803 0.00795832 0.02050000
v 0.02678464 0.00673169 0.02050000
v 0.02680127 0.00667107 0.02050000
v 0.02708391 0.00540656 0.02050000
v 0.02709199 0.00537039 0.02050000
v 0.02731933 0.00406052 0.02050000
v 0.02732134 0.00404890 0.02050000
v 0.02748655 0.00271951 0.02050000
v 0.02748758 0.00270583 0.02050000
v 0.02758722 0.00138815 0.02050000
v 0.02758839 0.00134541 0.02050000
v 0.02762368 0.00004928 0.02050000
v 0.02762220 -0.00002067 0.02050000
v 0.02759512 -0.00129353 0.02050000
v 0.02758886 -0.00138290 0.02050000
v 0.02750157 -0.00263003 0.02050000
v 0.02748938 -0.00273247 0.02050000
v 0.02734411 -0.00395348 0.02050000
v 0.02732455 -0.00406957 0.02050000
v 0.02712302 -0.00526566 0.02050000
v 0.02709488 -0.00539428 0.02050000
v 0.02683941 -0.00656200 0.02050000
v 0.02680036 -0.00670661 0.02050000
v 0.02649422 -0.00784024 0.02050000
v 0.02644060 -0.00800646 0.02050000
v 0.02608800 -0.00909937 0.02050000
v 0.02601474 -0.00929364 0.02050000
v 0.02561512 -0.01035329 0.02050000
v 0.02552241 -0.01056701 0.02050000
v 0.02448695 -0.01278926 0.02050000
v 0.02435945 -0.01301911 0.02050000
v 0.02383270 -0.01396872 0.02050000
v 0.02369332 -0.01419381 0.02050000
v 0.02312722 -0.01510803 0.02050000
v 0.02297144 -0.01533469 0.02050000
v 0.02135874 -0.01751393 0.02050000
v 0.02156839 -0.01726409 0.02050000
v 0.02219363 -0.01644165 0.02050000
v 0.02237073 -0.01620869 0.02050000
v 0.02046757 -0.01854897 0.02050000
v 0.02070966 -0.01828740 0.02050000
v 0.01953106 -0.01953365 0.02050000
v 0.01980178 -0.01926831 0.02050000
v 0.01574619 -0.02270224 0.02050000
v 0.01646639 -0.02217746 0.02050000
v 0.01681885 -0.02192063 0.02050000
v 0.01463647 -0.02343147 0.02050000
v 0.01536022 -0.02295587 0.02050000
v 0.01180835 -0.02496342 0.02050000
v 0.01229505 -0.02473680 0.02050000
v 0.00983660 -0.02580993 0.02050000
v 0.01057155 -0.02551010 0.02050000
v 0.01107787 -0.02530354 0.02050000
v 0.00599944 -0.02695955 0.02050000
v 0.00672596 -0.02677942 0.02050000
v 0.00729530 -0.02663826 0.02050000
v 0.00468278 -0.02721952 0.02050000
v 0.00539876 -0.02707815 0.02050000
v 0.00068032 -0.02761457 0.02050000
v 0.00135863 -0.02758065 0.02050000
v 0.00201597 -0.02754777 0.02050000
v -0.00065232 -0.02761690 0.02050000
v 0.00000962 -0.02761574 0.02050000
v -0.00538786 -0.02709100 0.02050000
v -0.00461920 -0.02724010 0.02050000
v -0.00404323 -0.02732300 0.02050000
v -0.00329991 -0.02742998 0.02050000
v -0.00850403 -0.02628843 0.02050000
v -0.01300890 -0.02436264 0.02050000
v -0.01220357 -0.02478477 0.02050000
v -0.01179186 -0.02497577 0.02050000
v -0.01099079 -0.02534739 0.02050000
v -0.01339492 -0.02416030 0.02050000
v -0.01568606 -0.02273961 0.02050000
v -0.01534103 -0.02296524 0.02050000
v -0.01952032 -0.01954543 0.02050000
v -0.01880198 -0.02024447 0.02050000
v -0.01853647 -0.02047898 0.02050000
v -0.01780566 -0.02112446 0.02050000
v -0.01974953 -0.01932238 0.02050000
v -0.02065895 -0.01834732 0.02050000
v -0.02046232 -0.01855815 0.02050000
v -0.02152264 -0.01732572 0.02050000
v -0.02135264 -0.01752680 0.02050000
v -0.02368426 -0.01421432 0.02050000
v -0.02309224 -0.01516725 0.02050000
v -0.02444228 -0.01287236 0.02050000
v -0.02434994 -0.01303838 0.02050000
v -0.02379536 -0.01403549 0.02050000
v -0.02642647 -0.00802091 0.02050000
v -0.02604686 -0.00918908 0.02050000
v -0.02600198 -0.00930737 0.02050000
v -0.02556906 -0.01044844 0.02050000
v -0.02678684 -0.00671911 0.02050000
v -0.02646231 -0.00791059 0.02050000
v -0.02749131 -0.00267131 0.02050000
v -0.02748509 -0.00272213 0.02050000
v -0.02732929 -0.00399512 0.02050000
v -0.02731648 -0.00406982 0.02050000
v -0.02710387 -0.00531018 0.02050000
v -0.02758984 -0.00133657 0.02050000
v -0.02758810 -0.00136008 0.02050000
v 0.02043394 -0.00484293 0.02050000
v -0.02100000 0.00000000 0.02050000
v 0.01754524 -0.01153969 0.02050000
v 0.01441107 -0.01527485 0.02050000
v -0.01754524 0.01153969 0.02050000
v -0.02085800 0.00243795 0.02050000
v 0.02100000 0.00000000 0.02050000
v 0.02085800 -0.00243795 0.02050000
v -0.02043394 0.00484293 0.02050000
v 0.01973354 -0.00718242 0.02050000
v 0.00122104 0.02096447 0.02050000
v 0.01254033 0.01684459 0.02050000
v 0.01608693 -0.01349854 0.02050000
v 0.01254033 -0.01684459 0.02050000
v -0.01973354 0.00718242 0.02050000
v -0.01876629 0.00942478 0.02050000
v -0.01608693 0.01349854 0.02050000
v -0.01254033 0.01684459 0.02050000
v -0.00122104 0.02096447 0.02050000
v -0.00364661 0.02068096 0.02050000
v 0.01050000 0.01818653 0.02050000
v 0.00831768 0.01928254 0.02050000
v 0.01876629 -0.00942478 0.02050000
v -0.01441107 0.01527485 0.02050000
v -0.00602287 0.02011778 0.02050000
v 0.00602287 0.02011778 0.02050000
v 0.01754524 0.01153969 0.02050000
v 0.00602287 -0.02011778 0.02050000
v -0.02043394 -0.00484293 0.02050000
v -0.01973354 -0.00718242 0.02050000
v -0.02085800 -0.00243795 0.02050000
v -0.01050000 0.01818653 0.02050000
v -0.00831768 0.01928254 0.02050000
v 0.00364661 0.02068096 0.02050000
v 0.01608693 0.01349854 0.02050000
v 0.01441107 0.01527485 0.02050000
v 0.01876629 0.00942478 0.02050000
v 0.01973354 0.00718242 0.02050000
v 0.02043394 0.00484293 0.02050000
v 0.02085800 0.00243795 0.02050000
v 0.00831768 -0.01928254 0.02050000
v 0.00122104 -0.02096447 0.02050000
v 0.00364661 -0.02068096 0.02050000
v -0.00122104 -0.02096447 0.02050000
v -0.00602287 -0.02011778 0.02050000
v -0.00364661 -0.02068096 0.02050000
v -0.01254033 -0.01684459 0.02050000
v -0.01754524 -0.01153969 0.02050000
v -0.01876629 -0.00942478 0.02050000
v 0.01050000 -0.01818653 0.02050000
v -0.00831768 -0.01928254 0.02050000
v -0.01050000 -0.01818653 0.02050000
v -0.01441107 -0.01527485 0.02050000
v -0.01608693 -0.01349854 0.02050000
v -0.02050610 0.02050610 0.00440000
f 1 2 3
f 1 3 4
f 5 6 3
f 3 6 7
f 3 7 4
f 8 9 3
f 3 9 10
f 3 10 5
f 11 12 3
f 3 12 13
f 3 13 8
f 14 15 3
f 3 15 16
f 3 16 11
f 17 18 3
f 3 18 19
f 3 19 14
f 20 21 3
f 3 21 22
f 3 22 17
f 23 24 3
f 3 24 25
f 3 25 20
f 26 27 3
f 3 27 28
f 3 28 23
f 29 30 3
f 3 30 31
f 3 31 26
f 32 33 3
f 3 33 34
f 3 34 29
f 35 36 3
f 3 36 37
f 3 37 32
f 38 39 3
f 3 39 40
f 3 40 35
f 41 42 3
f 3 42 43
f 3 43 38
f 44 45 3
f 3 45 46
f 3 46 41
f 47 48 3
f 3 48 49
f 3 49 44
f 50 51 3
f 3 51 52
f 3 52 47
f 53 54 3
f 3 54 55
f 3 55 50
f 2 56 3
f 3 56 57
f 3 57 53
f 1 58 2
f 2 58 59
f 2 59 56
f 56 59 60
f 56 60 57
f 57 60 61
f 57 61 53
f 53 61 62
f 53 62 54
f 54 62 63
f 54 63 55
f 55 63 64
f 55 64 50
f 50 64 65
f 50 65 51
f 51 65 66
f 51 66 52
f 52 66 67
f 52 67 47
f 47 67 68
f 47 68 48
f 48 68 69
f 48 69 49
f 49 69 70
f 49 70 44
f 44 70 71
f 44 71 45
f 45 71 72
f 45 72 46
f 46 72 73
f 46 73 41
f 41 73 74
f 41 74 42
f 42 74 75
f 42 75 43
f 43 75 76
f 43 76 38
f 38 76 77
f 38 77 39
f 39 77 78
f 39 78 40
f 40 78 79
f 40 79 35
f 35 79 80
f 35 80 36
f 36 80 81
f 36 81 37
f 37 81 82
f 37 82 32
f 32 82 83
f 32 83 33
f 33 83 84
f 33 84 34
f 34 84 85
f 34 85 29
f 29 85 86
f 29 86 30
f 30 86 87
f 30 87 31
f 31 87 88
f 31 88 26
f 26 88 89
f 26 89 27
f 27 89 90
f 27 90 28
f 28 90 91
f 28 91 23
f 23 91 92
f 23 92 24
f 24 92 93
f 24 93 25
f 25 93 94
f 25 94 20
f 20 94 95
f 20 95 21
f 21 95 96
f 21 96 22
f 22 96 97
f 22 97 17
f 17 97 98
f 17 98 18
f 18 98 99
f 18 99 19
f 19 99 100
f 19 100 14
f 14 100 101
f 14 101 15
f 15 101 102
f 15 102 16
f 16 102 103
f 16 103 11
f 11 103 104
f 11 104 12
f 12 104 105
f 12 105 13
f 13 105 106
f 13 106 8
f 8 106 107
f 8 107 9
f 9 107 108
f 9 108 10
f 10 108 109
f 10 109 5
f 5 109 110
f 5 110 6
f 6 110 111
f 6 111 7
f 7 111 112
f 7 112 4
f 4 112 113
f 4 113 1
f 1 113 58
f 114 115 116
f 117 118 119
f 119 118 120
f 114 116 121
f 122 123 124
f 106 105 125
f 120 126 119
f 119 126 127
f 119 127 128
f 128 127 129
f 128 129 130
f 130 129 131
f 132 133 134
f 135 136 131
f 99 98 116
f 95 94 116
f 116 94 93
f 93 92 137
f 137 92 91
f 137 91 90
f 138 139 111
f 131 136 130
f 130 136 140
f 130 140 141
f 142 143 116
f 116 143 144
f 116 144 145
f 99 116 100
f 98 97 116
f 116 97 96
f 116 96 95
f 105 104 122
f 146 147 148
f 93 137 116
f 116 137 149
f 116 149 142
f 125 105 150
f 150 105 122
f 150 122 151
f 151 122 124
f 151 124 152
f 104 103 122
f 122 103 102
f 122 102 116
f 116 102 101
f 116 101 100
f 138 111 125
f 125 111 110
f 125 110 109
f 90 89 137
f 137 89 88
f 137 88 153
f 153 88 87
f 153 87 154
f 154 87 86
f 154 86 85
f 134 133 155
f 155 133 156
f 155 156 157
f 157 158 155
f 155 158 159
f 155 159 160
f 160 161 155
f 155 161 162
f 155 162 163
f 163 164 155
f 155 164 165
f 155 165 166
f 166 167 155
f 155 167 168
f 155 168 169
f 169 170 155
f 155 170 171
f 155 171 154
f 152 172 151
f 151 172 173
f 151 173 174
f 174 173 175
f 176 177 178
f 178 177 179
f 179 177 131
f 131 177 180
f 131 180 135
f 141 181 130
f 130 181 146
f 130 146 182
f 182 146 148
f 109 108 125
f 125 108 107
f 125 107 106
f 183 184 134
f 134 184 185
f 134 185 132
f 145 186 116
f 116 186 187
f 116 187 188
f 189 190 191
f 190 189 192
f 192 189 193
f 192 193 194
f 155 75 74
f 70 69 119
f 188 195 116
f 116 195 196
f 116 196 121
f 197 198 199
f 199 198 200
f 199 200 201
f 85 84 154
f 154 84 83
f 154 83 82
f 78 77 155
f 155 77 76
f 155 76 75
f 74 73 155
f 155 73 72
f 155 72 119
f 119 72 71
f 119 71 70
f 191 202 189
f 189 202 203
f 189 203 204
f 204 203 205
f 201 206 199
f 199 206 207
f 199 207 193
f 193 207 208
f 193 208 194
f 82 81 154
f 154 81 80
f 154 80 155
f 155 80 79
f 155 79 78
f 69 68 119
f 119 68 67
f 119 67 117
f 117 67 66
f 117 66 209
f 209 66 65
f 209 65 210
f 210 65 64
f 210 64 211
f 211 64 63
f 211 63 212
f 63 62 212
f 212 62 61
f 212 61 199
f 199 61 60
f 199 60 197
f 60 59 197
f 197 59 58
f 197 58 113
f 205 213 204
f 204 213 214
f 204 214 215
f 216 217 215
f 215 217 218
f 215 218 204
f 219 220 113
f 113 220 221
f 113 221 197
f 139 222 111
f 111 222 223
f 111 223 112
f 112 223 224
f 112 224 113
f 113 224 225
f 113 225 219
f 226 204 218
f 226 218 227
f 227 218 217
f 227 217 228
f 228 217 216
f 228 216 229
f 229 216 215
f 229 215 230
f 230 215 214
f 230 214 231
f 231 214 213
f 231 213 232
f 232 213 205
f 232 205 233
f 233 205 203
f 233 203 234
f 234 203 202
f 234 202 235
f 235 202 191
f 235 191 236
f 236 191 190
f 236 190 237
f 237 190 192
f 237 192 238
f 238 192 194
f 238 194 239
f 239 194 208
f 239 208 240
f 240 208 207
f 240 207 241
f 241 207 206
f 241 206 242
f 242 206 201
f 242 201 243
f 243 201 200
f 243 200 244
f 244 200 198
f 244 198 245
f 245 198 197
f 245 197 246
f 246 197 221
f 246 221 247
f 221 220 247
f 247 220 248
f 248 220 219
f 248 219 249
f 249 219 225
f 249 225 250
f 225 224 250
f 250 224 251
f 251 224 223
f 150 252 125
f 125 252 253
f 125 253 138
f 138 253 254
f 138 254 139
f 139 254 255
f 139 255 222
f 222 255 256
f 222 256 223
f 223 256 257
f 223 257 251
f 251 257 258
f 251 258 259
f 259 258 260
f 259 260 261
f 261 260 262
f 261 262 263
f 263 262 264
f 263 264 265
f 265 264 266
f 265 266 267
f 267 266 268
f 267 268 269
f 269 268 270
f 269 270 271
f 271 270 272
f 271 272 273
f 273 272 274
f 273 274 275
f 275 274 276
f 275 276 277
f 277 276 278
f 277 278 279
f 279 278 280
f 279 280 281
f 281 280 282
f 281 282 283
f 283 282 284
f 283 284 285
f 285 284 286
f 285 286 287
f 287 286 288
f 287 288 289
f 289 288 290
f 289 290 291
f 291 290 292
f 291 292 252
f 252 292 293
f 252 293 253
f 294 252 151
f 151 252 150
f 152 295 296
f 152 296 172
f 172 296 297
f 172 297 173
f 173 297 298
f 173 298 175
f 175 298 299
f 175 299 174
f 174 299 294
f 174 294 151
f 300 301 170
f 302 303 168
f 304 305 164
f 306 307 195
f 308 309 143
f 310 311 312
f 313 314 315
f 316 317 318
f 319 320 321
f 322 323 324
f 325 326 327
f 328 115 114
f 329 330 331
f 332 333 334
f 335 336 337
f 338 339 340
f 340 339 334
f 334 339 341
f 334 341 332
f 342 343 344
f 344 343 334
f 344 334 345
f 345 334 333
f 342 346 343
f 343 346 347
f 343 347 348
f 348 347 349
f 348 349 331
f 331 349 350
f 331 350 329
f 330 351 331
f 331 351 352
f 331 352 353
f 353 352 354
f 353 354 355
f 355 356 353
f 353 356 357
f 353 357 358
f 359 360 361
f 361 360 362
f 361 362 363
f 357 364 358
f 358 364 365
f 358 365 361
f 361 365 366
f 361 366 359
f 360 367 362
f 362 367 368
f 362 368 369
f 370 371 372
f 372 371 160
f 372 160 159
f 368 373 369
f 369 373 374
f 369 374 372
f 372 374 375
f 372 375 370
f 376 377 328
f 376 378 377
f 377 378 379
f 377 379 327
f 327 379 380
f 327 380 325
f 381 382 383
f 383 382 327
f 383 327 384
f 384 327 326
f 385 386 387
f 387 386 382
f 387 382 388
f 388 382 381
f 385 389 386
f 386 389 390
f 386 390 391
f 390 392 391
f 391 392 393
f 391 393 324
f 324 393 394
f 324 394 322
f 124 123 395
f 323 396 324
f 324 396 397
f 324 397 398
f 398 397 399
f 398 399 400
f 401 402 295
f 295 402 403
f 295 403 404
f 400 405 398
f 398 405 406
f 398 406 395
f 395 406 401
f 395 401 124
f 124 401 295
f 124 295 152
f 403 407 404
f 404 407 408
f 404 408 409
f 408 410 409
f 409 410 411
f 409 411 412
f 412 413 409
f 409 413 414
f 409 414 415
f 414 416 415
f 415 416 417
f 415 417 418
f 418 419 415
f 415 419 420
f 415 420 421
f 420 422 421
f 421 422 423
f 421 423 321
f 321 423 424
f 321 424 319
f 425 426 427
f 427 426 321
f 427 321 428
f 428 321 320
f 425 429 426
f 426 429 430
f 426 430 431
f 431 430 432
f 431 432 433
f 434 435 436
f 436 435 431
f 436 431 437
f 437 431 433
f 434 438 435
f 435 438 439
f 435 439 440
f 440 439 441
f 440 441 442
f 442 443 440
f 440 443 444
f 440 444 445
f 444 446 445
f 445 446 447
f 445 447 318
f 318 447 448
f 318 448 316
f 317 449 318
f 318 449 450
f 318 450 451
f 451 450 452
f 451 452 453
f 454 455 456
f 456 455 451
f 456 451 457
f 457 451 453
f 458 459 460
f 460 459 455
f 460 455 461
f 461 455 454
f 458 462 459
f 459 462 463
f 459 463 464
f 463 465 464
f 464 465 466
f 464 466 315
f 315 466 467
f 315 467 313
f 314 468 315
f 315 468 469
f 315 469 470
f 470 469 471
f 470 471 472
f 473 474 475
f 475 474 470
f 475 470 476
f 476 470 472
f 473 477 474
f 474 477 478
f 474 478 479
f 479 478 480
f 479 480 481
f 481 480 482
f 482 483 481
f 481 483 484
f 481 484 485
f 486 487 488
f 488 487 481
f 488 481 489
f 489 481 485
f 490 491 492
f 492 491 487
f 492 487 493
f 493 487 486
f 490 494 491
f 491 494 495
f 491 495 496
f 496 495 497
f 497 498 496
f 496 498 499
f 496 499 312
f 312 499 500
f 312 500 310
f 311 501 312
f 312 501 502
f 312 502 503
f 503 502 504
f 503 504 505
f 506 507 508
f 508 507 503
f 508 503 509
f 509 503 505
f 506 510 507
f 507 510 511
f 507 511 512
f 512 511 513
f 512 513 514
f 514 515 512
f 512 515 516
f 512 516 337
f 337 516 517
f 337 517 335
f 335 517 518
f 335 518 340
f 340 518 519
f 340 519 338
f 154 520 153
f 153 520 521
f 521 522 153
f 153 522 523
f 153 523 137
f 137 523 524
f 137 524 525
f 526 149 527
f 527 149 137
f 527 137 528
f 528 137 525
f 526 529 149
f 149 529 530
f 149 530 142
f 142 530 531
f 531 532 142
f 142 532 533
f 142 533 143
f 143 533 534
f 143 534 308
f 309 535 143
f 143 535 536
f 143 536 144
f 144 536 537
f 144 537 538
f 539 145 540
f 540 145 144
f 540 144 541
f 541 144 538
f 539 542 145
f 145 542 543
f 145 543 186
f 186 543 544
f 186 544 545
f 545 546 186
f 186 546 547
f 186 547 187
f 547 548 187
f 187 548 549
f 187 549 188
f 188 549 550
f 550 551 188
f 188 551 552
f 188 552 195
f 195 552 553
f 195 553 306
f 307 554 195
f 195 554 555
f 195 555 196
f 555 556 196
f 196 556 557
f 196 557 121
f 557 558 121
f 121 558 559
f 121 559 114
f 559 560 114
f 114 560 561
f 114 561 562
f 562 563 114
f 114 563 564
f 114 564 328
f 328 564 565
f 328 565 376
f 566 161 567
f 567 161 160
f 567 160 568
f 568 160 371
f 569 162 570
f 570 162 161
f 570 161 571
f 571 161 566
f 569 572 162
f 162 572 573
f 162 573 163
f 163 573 574
f 574 575 163
f 163 575 576
f 163 576 164
f 164 576 577
f 164 577 304
f 305 578 164
f 164 578 579
f 164 579 165
f 165 579 580
f 165 580 581
f 582 166 583
f 583 166 165
f 583 165 584
f 584 165 581
f 582 585 166
f 166 585 586
f 166 586 167
f 586 587 167
f 167 587 588
f 167 588 168
f 168 588 589
f 168 589 302
f 303 590 168
f 168 590 591
f 168 591 169
f 591 592 169
f 169 592 593
f 169 593 170
f 170 593 594
f 170 594 300
f 595 171 596
f 596 171 170
f 596 170 597
f 597 170 301
f 595 598 171
f 171 598 599
f 171 599 154
f 154 599 600
f 154 600 520
f 123 122 395
f 395 122 601
f 395 601 602
f 116 603 122
f 122 603 601
f 116 115 603
f 603 115 328
f 603 328 604
f 133 605 606
f 133 606 156
f 156 606 607
f 156 607 157
f 157 607 608
f 157 608 158
f 158 608 372
f 158 372 159
f 609 605 132
f 132 605 133
f 609 132 185
f 609 185 610
f 610 185 184
f 610 184 611
f 611 184 183
f 611 183 612
f 612 183 134
f 612 134 613
f 614 361 613
f 613 361 363
f 134 155 613
f 613 155 615
f 613 615 614
f 615 155 616
f 616 155 119
f 336 335 617
f 617 335 618
f 617 618 128
f 128 618 616
f 128 616 119
f 617 128 130
f 617 130 619
f 619 130 182
f 619 182 620
f 620 182 148
f 620 148 621
f 621 148 147
f 621 147 622
f 622 147 146
f 622 146 623
f 623 146 181
f 623 181 624
f 624 181 141
f 624 141 625
f 625 141 140
f 625 140 626
f 140 136 626
f 626 136 627
f 131 628 629
f 131 629 179
f 179 629 630
f 179 630 178
f 178 630 631
f 178 631 176
f 176 631 632
f 176 632 177
f 177 632 633
f 177 633 180
f 180 633 634
f 180 634 135
f 135 634 627
f 135 627 136
f 628 131 129
f 635 226 636
f 636 226 637
f 636 637 638
f 638 637 639
f 638 639 640
f 640 639 641
f 640 641 642
f 642 641 643
f 642 643 644
f 644 643 645
f 644 645 646
f 646 645 647
f 646 647 648
f 648 647 649
f 648 649 650
f 650 649 651
f 650 651 652
f 652 651 653
f 652 653 654
f 654 653 655
f 654 655 656
f 656 655 657
f 656 657 658
f 657 628 658
f 658 628 129
f 658 129 659
f 659 129 127
f 659 127 660
f 660 127 126
f 660 126 661
f 661 126 120
f 661 120 662
f 662 120 118
f 662 118 663
f 663 118 117
f 663 117 664
f 664 117 209
f 664 209 665
f 665 209 210
f 665 210 666
f 666 210 211
f 666 211 667
f 667 211 212
f 667 212 668
f 668 212 199
f 668 199 669
f 669 199 193
f 669 193 635
f 635 193 189
f 635 189 226
f 226 189 204
f 291 252 294
f 248 249 321
f 250 251 259
f 633 632 655
f 487 491 645
f 645 491 647
f 647 491 496
f 647 496 649
f 649 496 312
f 649 312 651
f 651 312 503
f 651 503 653
f 653 503 507
f 653 507 655
f 655 507 512
f 655 512 633
f 617 619 336
f 336 619 620
f 336 620 621
f 632 631 655
f 655 631 630
f 655 630 657
f 657 630 629
f 657 629 628
f 645 643 487
f 487 643 641
f 487 641 481
f 481 641 639
f 481 639 479
f 228 229 639
f 291 294 289
f 626 627 512
f 512 627 634
f 512 634 633
f 265 249 263
f 263 249 250
f 263 250 261
f 261 250 259
f 621 622 336
f 336 622 623
f 336 623 337
f 337 623 624
f 337 624 512
f 512 624 625
f 512 625 626
f 229 230 639
f 639 230 231
f 639 231 479
f 479 231 232
f 228 639 227
f 227 639 637
f 227 637 226
f 435 440 245
f 265 267 249
f 249 267 269
f 249 269 321
f 321 269 271
f 271 273 321
f 321 273 275
f 321 275 421
f 421 275 277
f 421 277 415
f 283 285 294
f 294 285 287
f 294 287 289
f 245 246 435
f 435 246 247
f 435 247 431
f 431 247 248
f 431 248 426
f 426 248 321
f 277 279 415
f 415 279 281
f 415 281 409
f 409 281 283
f 409 283 299
f 299 283 294
f 299 298 409
f 409 298 297
f 409 297 404
f 404 297 296
f 404 296 295
f 232 233 479
f 479 233 234
f 479 234 474
f 474 234 235
f 474 235 470
f 470 235 236
f 470 236 315
f 315 236 237
f 315 237 464
f 464 237 238
f 464 238 459
f 459 238 239
f 459 239 455
f 455 239 240
f 455 240 451
f 451 240 241
f 451 241 318
f 318 241 242
f 318 242 445
f 445 242 243
f 445 243 440
f 440 243 244
f 440 244 245
f 604 328 377
f 377 327 604
f 604 327 382
f 604 382 602
f 602 382 386
f 602 386 391
f 391 324 602
f 602 324 398
f 602 398 395
f 603 604 601
f 601 604 602
f 613 363 612
f 612 363 611
f 372 608 369
f 369 608 607
f 607 606 369
f 369 606 605
f 369 605 362
f 362 605 609
f 362 609 363
f 363 609 610
f 363 610 611
f 618 335 340
f 331 353 614
f 614 353 358
f 614 358 361
f 340 334 618
f 618 334 343
f 618 343 614
f 614 343 348
f 614 348 331
f 614 615 618
f 618 615 616
f 274 272 670
f 670 272 270
f 670 270 268
f 280 278 670
f 670 278 276
f 670 276 274
f 286 284 670
f 670 284 282
f 670 282 280
f 292 290 670
f 670 290 288
f 670 288 286
f 254 253 670
f 670 253 293
f 670 293 292
f 257 256 670
f 670 256 255
f 670 255 254
f 262 260 670
f 670 260 258
f 670 258 257
f 268 266 670
f 670 266 264
f 670 264 262
f 407 403 671
f 399 397 672
f 390 389 673
f 385 387 674
f 326 325 675
f 376 565 676
f 563 562 677
f 561 560 678
f 556 555 679
f 547 546 680
f 539 540 681
f 308 534 682
f 532 531 683
f 530 529 684
f 526 527 685
f 528 525 686
f 521 520 687
f 595 596 688
f 582 583 689
f 579 578 690
f 304 577 691
f 576 575 692
f 569 570 693
f 364 357 694
f 352 351 695
f 329 350 696
f 349 347 697
f 342 344 698
f 516 515 699
f 506 508 700
f 310 500 701
f 498 497 702
f 495 494 703
f 486 488 704
f 475 476 705
f 314 313 706
f 463 462 707
f 458 460 708
f 450 449 709
f 316 448 710
f 441 439 711
f 427 428 712
f 422 420 713
f 714 715 716
f 717 718 719
f 716 715 720
f 721 722 723
f 724 725 726
f 727 728 729
f 730 731 732
f 733 734 735
f 736 737 738
f 738 737 739
f 738 739 740
f 741 742 743
f 743 742 744
f 743 744 736
f 745 746 747
f 747 746 748
f 749 750 751
f 751 750 752
f 751 752 753
f 754 755 756
f 756 755 757
f 756 757 758
f 733 735 759
f 760 761 762
f 762 761 763
f 762 763 764
f 765 766 767
f 767 766 768
f 767 768 769
f 770 771 772
f 773 774 770
f 770 774 775
f 770 775 771
f 776 777 778
f 778 777 779
f 778 779 780
f 781 782 783
f 783 782 784
f 783 784 785
f 786 787 788
f 788 787 789
f 788 789 790
f 791 792 793
f 793 792 794
f 795 796 797
f 797 796 798
f 797 798 799
f 800 801 802
f 802 801 803
f 802 803 804
f 805 806 807
f 807 806 808
f 807 808 809
f 810 811 812
f 813 814 815
f 815 814 816
f 817 818 819
f 819 818 820
f 819 820 821
f 822 823 824
f 824 823 825
f 824 825 826
f 827 828 829
f 829 828 830
f 831 832 833
f 833 832 834
f 833 834 835
f 836 837 838
f 838 837 839
f 838 839 840
f 841 842 843
f 843 842 844
f 730 732 845
f 846 847 848
f 848 847 849
f 848 849 850
f 851 852 853
f 853 852 854
f 853 854 855
f 856 857 858
f 858 857 859
f 858 859 860
f 861 862 863
f 863 862 864
f 865 866 867
f 867 866 868
f 867 868 869
f 870 871 872
f 872 871 873
f 874 875 876
f 876 875 877
f 876 877 878
f 879 880 881
f 881 880 882
f 881 882 883
f 884 885 886
f 886 885 887
f 886 887 888
f 889 890 891
f 891 890 892
f 891 892 893
f 894 895 896
f 896 895 897
f 898 899 900
f 900 899 901
f 900 901 902
f 903 904 905
f 905 904 906
f 905 906 907
f 908 909 910
f 911 912 913
f 913 912 914
f 913 914 915
f 916 917 918
f 909 908 919
f 920 921 916
f 916 921 922
f 916 922 917
f 727 729 923
f 924 925 926
f 926 925 927
f 926 927 928
f 929 930 931
f 931 930 932
f 933 934 935
f 935 934 936
f 935 936 937
f 938 939 940
f 940 939 941
f 940 941 942
f 943 944 945
f 945 944 946
f 945 946 947
f 948 949 950
f 950 949 951
f 950 951 952
f 953 954 955
f 955 954 956
f 957 958 959
f 959 958 960
f 959 960 961
f 962 963 964
f 964 963 965
f 964 965 966
f 967 968 969
f 969 968 970
f 969 970 971
f 972 973 974
f 974 973 975
f 976 977 978
f 978 977 979
f 980 981 982
f 982 981 983
f 982 983 984
f 985 986 987
f 987 986 988
f 989 990 991
f 991 990 992
f 991 992 993
f 994 995 996
f 996 995 997
f 996 997 998
f 999 1000 1001
f 1001 1000 1002
f 1003 1004 1005
f 1005 1004 1006
f 1005 1006 1007
f 1008 1009 1010
f 1011 1012 1008
f 1008 1012 1013
f 1008 1013 1009
f 724 726 1014
f 1015 1016 1017
f 1017 1016 1018
f 1017 1018 1019
f 1020 1021 1022
f 1022 1021 1023
f 1024 1025 1026
f 1026 1025 1027
f 1026 1027 1028
f 1029 1030 1031
f 1031 1030 1032
f 1031 1032 1033
f 1034 1035 1036
f 1036 1035 1037
f 1036 1037 1038
f 1039 1040 1041
f 1041 1040 1042
f 1043 1044 1045
f 1045 1044 1046
f 1045 1046 1047
f 1048 1049 1050
f 1050 1049 1051
f 1050 1051 1052
f 1053 1054 1055
f 1055 1054 1056
f 1057 1058 1059
f 1059 1058 1060
f 1059 1060 1061
f 1062 1063 1064
f 1065 1066 1062
f 1062 1066 1067
f 1062 1067 1063
f 1068 1069 1070
f 1070 1069 1071
f 1072 1073 1074
f 1074 1073 1075
f 1074 1075 1076
f 1077 1078 1079
f 1079 1078 1080
f 1081 1082 1083
f 1083 1082 1084
f 1083 1084 1085
f 1086 1087 1088
f 1088 1087 1089
f 1088 1089 1090
f 1091 1092 1093
f 1093 1092 1094
f 1095 1096 1097
f 1097 1096 1098
f 1097 1098 1099
f 1100 1101 1102
f 1102 1101 1103
f 1102 1103 1104
f 1105 1106 1107
f 1107 1106 1108
f 1107 1108 1109
f 1110 1111 1112
f 1112 1111 1113
f 1114 1115 1116
f 1116 1115 1117
f 1116 1117 1118
f 1119 1120 1121
f 1121 1120 1122
f 1121 1122 1123
f 1124 1125 1126
f 1126 1125 1127
f 1126 1127 1128
f 1129 1130 1131
f 1131 1130 1132
f 1131 1132 1133
f 1134 1135 1136
f 1136 1135 1137
f 1138 1139 1140
f 1140 1139 1141
f 1140 1141 1142
f 1143 1144 1145
f 1145 1144 1146
f 1145 1146 1147
f 1148 1149 1150
f 1150 1149 1151
f 1150 1151 1152
f 1153 1154 1155
f 1155 1154 1156
f 1155 1156 1157
f 721 723 1158
f 1159 1160 1161
f 1161 1160 1162
f 1163 1164 1165
f 1165 1164 1166
f 1165 1166 1167
f 1168 1169 1170
f 1170 1169 1171
f 1170 1171 1172
f 813 811 814
f 814 811 810
f 814 810 1173
f 1173 810 1174
f 1173 1174 1175
f 1175 1174 1176
f 1175 1176 1177
f 1177 1176 1178
f 1177 1178 1179
f 1179 1178 1180
f 1179 1180 1181
f 1181 1180 1182
f 1181 1182 1183
f 1183 1182 1184
f 1183 1184 1185
f 1159 1158 1160
f 1160 1158 723
f 1160 723 1186
f 1186 723 1187
f 1186 1187 1188
f 1188 1187 1189
f 1188 1189 1190
f 1190 1189 1191
f 1190 1191 1192
f 1192 1191 1193
f 1192 1193 1194
f 1194 1193 1195
f 1194 1195 1196
f 1196 1195 1197
f 1196 1197 1198
f 1198 1197 1199
f 1198 1199 1200
f 821 816 819
f 819 816 814
f 819 814 1201
f 1201 814 1173
f 1201 1173 1202
f 1202 1173 1175
f 1202 1175 1203
f 1203 1175 1177
f 1203 1177 1204
f 1204 1177 1179
f 1204 1179 1205
f 1205 1179 1181
f 1205 1181 1206
f 1206 1181 1183
f 1206 1183 1207
f 1207 1183 1185
f 1207 1185 1208
f 719 718 1209
f 1167 1162 1165
f 1165 1162 1160
f 1165 1160 1210
f 1210 1160 1186
f 1210 1186 1211
f 1211 1186 1188
f 1211 1188 1212
f 1212 1188 1190
f 1212 1190 1213
f 1213 1190 1192
f 1213 1192 1214
f 1214 1192 1194
f 1214 1194 1215
f 1215 1194 1196
f 1215 1196 1216
f 1216 1196 1198
f 1216 1198 1217
f 1217 1198 1200
f 1217 1200 1218
f 1172 1163 1170
f 1170 1163 1165
f 1170 1165 1219
f 1219 1165 1210
f 1219 1210 1220
f 1220 1210 1211
f 1220 1211 1221
f 1221 1211 1212
f 1221 1212 1222
f 1222 1212 1213
f 1222 1213 1223
f 1223 1213 1214
f 1223 1214 1224
f 1224 1214 1215
f 1224 1215 1225
f 1225 1215 1216
f 1225 1216 1226
f 1226 1216 1217
f 1226 1217 1227
f 1227 1217 1218
f 1227 1218 1228
f 1038 1029 1036
f 1036 1029 1031
f 1036 1031 1229
f 1229 1031 1230
f 1229 1230 1231
f 1231 1230 1232
f 1231 1232 1233
f 1233 1232 1234
f 1233 1234 1235
f 1235 1234 1236
f 1235 1236 1237
f 1237 1236 1238
f 1237 1238 1239
f 1239 1238 1240
f 1239 1240 1241
f 1241 1240 1242
f 1241 1242 1243
f 1243 1242 1244
f 1243 1244 1245
f 1245 1244 1246
f 1245 1246 1247
f 984 972 982
f 982 972 974
f 982 974 1248
f 1248 974 1249
f 1248 1249 1250
f 1250 1249 1251
f 1250 1251 1252
f 1252 1251 1253
f 1252 1253 1254
f 1254 1253 1255
f 1254 1255 1256
f 1256 1255 1257
f 1256 1257 1258
f 1258 1257 1259
f 1258 1259 1260
f 1260 1259 1261
f 1260 1261 1262
f 1262 1261 1263
f 1262 1263 1264
f 1264 1263 1265
f 1264 1265 1266
f 1184 1209 1185
f 1185 1209 718
f 1185 718 1208
f 1208 718 717
f 1208 717 1267
f 1268 1269 1270
f 1268 1270 1271
f 780 773 778
f 778 773 770
f 778 770 1272
f 1272 770 1273
f 1272 1273 1274
f 1274 1273 1275
f 1274 1275 1276
f 1276 1275 1277
f 1276 1277 1278
f 1278 1277 1279
f 1278 1279 1280
f 1280 1279 1281
f 1280 1281 1282
f 1282 1281 1283
f 1282 1283 1284
f 1284 1283 1285
f 1284 1285 1286
f 1286 1285 1287
f 1286 1287 1288
f 1288 1287 1289
f 1288 1289 1290
f 1290 1289 1291
f 1290 1291 1292
f 740 1168 738
f 738 1168 1170
f 738 1170 1293
f 1293 1170 1219
f 1293 1219 1294
f 1294 1219 1220
f 1294 1220 1295
f 1295 1220 1221
f 1295 1221 1296
f 1296 1221 1222
f 1296 1222 1297
f 1297 1222 1223
f 1297 1223 1298
f 1298 1223 1224
f 1298 1224 1299
f 1299 1224 1225
f 1299 1225 1300
f 1300 1225 1226
f 1300 1226 1301
f 1301 1226 1227
f 1301 1227 1302
f 1302 1227 1228
f 1302 1228 1303
f 1104 1091 1102
f 1102 1091 1093
f 1102 1093 1304
f 1304 1093 1305
f 1304 1305 1306
f 1306 1305 1307
f 1306 1307 1308
f 1308 1307 1309
f 1308 1309 1310
f 1310 1309 1311
f 1310 1311 1312
f 1312 1311 1313
f 1312 1313 1314
f 1314 1313 1315
f 1314 1315 1316
f 1316 1315 1317
f 1316 1317 1318
f 1318 1317 1319
f 1318 1319 1320
f 1320 1319 1321
f 1320 1321 1322
f 1322 1321 1323
f 1322 1323 1324
f 1039 1034 1040
f 1040 1034 1036
f 1040 1036 1325
f 1325 1036 1229
f 1325 1229 1326
f 1326 1229 1231
f 1326 1231 1327
f 1327 1231 1233
f 1327 1233 1328
f 1328 1233 1235
f 1328 1235 1329
f 1329 1235 1237
f 1329 1237 1330
f 1330 1237 1239
f 1330 1239 1331
f 1331 1239 1241
f 1331 1241 1332
f 1332 1241 1243
f 1332 1243 1333
f 1333 1243 1245
f 1333 1245 1334
f 1334 1245 1247
f 1334 1247 1335
f 993 980 991
f 991 980 982
f 991 982 1336
f 1336 982 1248
f 1336 1248 1337
f 1337 1248 1250
f 1337 1250 1338
f 1338 1250 1252
f 1338 1252 1339
f 1339 1252 1254
f 1339 1254 1340
f 1340 1254 1256
f 1340 1256 1341
f 1341 1256 1258
f 1341 1258 1342
f 1342 1258 1260
f 1342 1260 1343
f 1343 1260 1262
f 1343 1262 1344
f 1344 1262 1264
f 1344 1264 1345
f 1345 1264 1266
f 1345 1266 1346
f 910 911 908
f 908 911 913
f 908 913 1347
f 1347 913 1348
f 1347 1348 1349
f 1349 1348 1350
f 1349 1350 1351
f 1351 1350 1352
f 1351 1352 1353
f 1353 1352 1354
f 1353 1354 1355
f 1355 1354 1356
f 1355 1356 1357
f 1357 1356 1358
f 1357 1358 1359
f 1359 1358 1360
f 1359 1360 1361
f 1361 1360 1362
f 1361 1362 1363
f 1363 1362 1364
f 1363 1364 1365
f 1365 1364 1366
f 1365 1366 1367
f 719 720 717
f 717 720 715
f 717 715 1267
f 1267 715 714
f 1267 714 1368
f 1269 1268 1369
f 1369 1268 1370
f 1369 1370 1371
f 785 776 783
f 783 776 778
f 783 778 1372
f 1372 778 1272
f 1372 1272 1373
f 1373 1272 1274
f 1373 1274 1374
f 1374 1274 1276
f 1374 1276 1375
f 1375 1276 1278
f 1375 1278 1376
f 1376 1278 1280
f 1376 1280 1377
f 1377 1280 1282
f 1377 1282 1378
f 1378 1282 1284
f 1378 1284 1379
f 1379 1284 1286
f 1379 1286 1380
f 1380 1286 1288
f 1380 1288 1381
f 1381 1288 1290
f 1381 1290 1382
f 1382 1290 1292
f 1382 1292 1383
f 743 736 738
f 743 738 1384
f 1384 738 1293
f 1384 1293 1385
f 1385 1293 1294
f 1385 1294 1386
f 1386 1294 1295
f 1386 1295 1387
f 1387 1295 1296
f 1387 1296 1388
f 1388 1296 1297
f 1388 1297 1389
f 1389 1297 1298
f 1389 1298 1390
f 1390 1298 1299
f 1390 1299 1391
f 1391 1299 1300
f 1391 1300 1392
f 1392 1300 1301
f 1392 1301 1393
f 1393 1301 1302
f 1393 1302 1394
f 1394 1302 1303
f 1394 1303 1395
f 1109 1100 1107
f 1107 1100 1102
f 1107 1102 1396
f 1396 1102 1304
f 1396 1304 1397
f 1397 1304 1306
f 1397 1306 1398
f 1398 1306 1308
f 1398 1308 1399
f 1399 1308 1310
f 1399 1310 1400
f 1400 1310 1312
f 1400 1312 1401
f 1401 1312 1314
f 1401 1314 1402
f 1402 1314 1316
f 1402 1316 1403
f 1403 1316 1318
f 1403 1318 1404
f 1404 1318 1320
f 1404 1320 1405
f 1405 1320 1322
f 1405 1322 1406
f 1406 1322 1324
f 1406 1324 1407
f 1047 1042 1045
f 1045 1042 1040
f 1045 1040 1408
f 1408 1040 1325
f 1408 1325 1409
f 1409 1325 1326
f 1409 1326 1410
f 1410 1326 1327
f 1410 1327 1411
f 1411 1327 1328
f 1411 1328 1412
f 1412 1328 1329
f 1412 1329 1413
f 1413 1329 1330
f 1413 1330 1414
f 1414 1330 1331
f 1414 1331 1415
f 1415 1331 1332
f 1415 1332 1416
f 1416 1332 1333
f 1416 1333 1417
f 1417 1333 1334
f 1417 1334 1418
f 1418 1334 1335
f 1418 1335 1419
f 988 989 987
f 987 989 991
f 987 991 1420
f 1420 991 1336
f 1420 1336 1421
f 1421 1336 1337
f 1421 1337 1422
f 1422 1337 1338
f 1422 1338 1423
f 1423 1338 1339
f 1423 1339 1424
f 1424 1339 1340
f 1424 1340 1425
f 1425 1340 1341
f 1425 1341 1426
f 1426 1341 1342
f 1426 1342 1427
f 1427 1342 1343
f 1427 1343 1428
f 1428 1343 1344
f 1428 1344 1429
f 1429 1344 1345
f 1429 1345 1430
f 1430 1345 1346
f 1430 1346 1431
f 918 919 916
f 916 919 908
f 916 908 1432
f 1432 908 1347
f 1432 1347 1433
f 1433 1347 1349
f 1433 1349 1434
f 1434 1349 1351
f 1434 1351 1435
f 1435 1351 1353
f 1435 1353 1436
f 1436 1353 1355
f 1436 1355 1437
f 1437 1355 1357
f 1437 1357 1438
f 1438 1357 1359
f 1438 1359 1439
f 1439 1359 1361
f 1439 1361 1440
f 1440 1361 1363
f 1440 1363 1441
f 1441 1363 1365
f 1441 1365 1442
f 1442 1365 1367
f 1442 1367 1443
f 860 851 858
f 858 851 853
f 858 853 1444
f 1444 853 1445
f 1444 1445 1446
f 1446 1445 1447
f 1446 1447 1448
f 1448 1447 1449
f 1448 1449 1450
f 1450 1449 1451
f 1450 1451 1452
f 1452 1451 1453
f 1452 1453 1454
f 1454 1453 1455
f 1454 1455 1456
f 1456 1455 1457
f 1456 1457 1458
f 1458 1457 1459
f 1458 1459 1460
f 1460 1459 1461
f 1460 1461 1462
f 1462 1461 1463
f 1462 1463 1464
f 1464 1463 1465
f 1464 1465 1466
f 809 800 807
f 807 800 802
f 807 802 1467
f 1467 802 1468
f 1467 1468 1469
f 1469 1468 1470
f 1469 1470 1471
f 1471 1470 1472
f 1471 1472 1473
f 1473 1472 1474
f 1473 1474 1475
f 1475 1474 1476
f 1475 1476 1477
f 1477 1476 1478
f 1477 1478 1479
f 1479 1478 1480
f 1479 1480 1481
f 1481 1480 1482
f 1481 1482 1271
f 1271 1482 1483
f 1271 1483 1268
f 1268 1483 1484
f 1268 1484 1370
f 1370 1484 1485
f 1370 1485 1486
f 1486 1485 1487
f 1486 1487 1488
f 790 781 788
f 788 781 783
f 788 783 1489
f 1489 783 1372
f 1489 1372 1490
f 1490 1372 1373
f 1490 1373 1491
f 1491 1373 1374
f 1491 1374 1492
f 1492 1374 1375
f 1492 1375 1493
f 1493 1375 1376
f 1493 1376 1494
f 1494 1376 1377
f 1494 1377 1495
f 1495 1377 1378
f 1495 1378 1496
f 1496 1378 1379
f 1496 1379 1497
f 1497 1379 1380
f 1497 1380 1498
f 1498 1380 1381
f 1498 1381 1499
f 1499 1381 1382
f 1499 1382 1500
f 1500 1382 1383
f 1500 1383 1501
f 753 741 751
f 751 741 743
f 751 743 1502
f 1502 743 1384
f 1502 1384 1503
f 1503 1384 1385
f 1503 1385 1504
f 1504 1385 1386
f 1504 1386 1505
f 1505 1386 1387
f 1505 1387 1506
f 1506 1387 1388
f 1506 1388 1507
f 1507 1388 1389
f 1507 1389 1508
f 1508 1389 1390
f 1508 1390 1509
f 1509 1390 1391
f 1509 1391 1510
f 1510 1391 1392
f 1510 1392 1511
f 1511 1392 1393
f 1511 1393 1512
f 1512 1393 1394
f 1512 1394 1513
f 1513 1394 1395
f 1513 1395 1514
f 1118 1105 1116
f 1116 1105 1107
f 1116 1107 1515
f 1515 1107 1396
f 1515 1396 1516
f 1516 1396 1397
f 1516 1397 1517
f 1517 1397 1398
f 1517 1398 1518
f 1518 1398 1399
f 1518 1399 1519
f 1519 1399 1400
f 1519 1400 1520
f 1520 1400 1401
f 1520 1401 1521
f 1521 1401 1402
f 1521 1402 1522
f 1522 1402 1403
f 1522 1403 1523
f 1523 1403 1404
f 1523 1404 1524
f 1524 1404 1405
f 1524 1405 1525
f 1525 1405 1406
f 1525 1406 1526
f 1526 1406 1407
f 1526 1407 1527
f 1052 1043 1050
f 1050 1043 1045
f 1050 1045 1528
f 1528 1045 1408
f 1528 1408 1529
f 1529 1408 1409
f 1529 1409 1530
f 1530 1409 1410
f 1530 1410 1531
f 1531 1410 1411
f 1531 1411 1532
f 1532 1411 1412
f 1532 1412 1533
f 1533 1412 1413
f 1533 1413 1534
f 1534 1413 1414
f 1534 1414 1535
f 1535 1414 1415
f 1535 1415 1536
f 1536 1415 1416
f 1536 1416 1537
f 1537 1416 1417
f 1537 1417 1538
f 1538 1417 1418
f 1538 1418 1539
f 1539 1418 1419
f 1539 1419 1540
f 998 985 996
f 996 985 987
f 996 987 1541
f 1541 987 1420
f 1541 1420 1542
f 1542 1420 1421
f 1542 1421 1543
f 1543 1421 1422
f 1543 1422 1544
f 1544 1422 1423
f 1544 1423 1545
f 1545 1423 1424
f 1545 1424 1546
f 1546 1424 1425
f 1546 1425 1547
f 1547 1425 1426
f 1547 1426 1548
f 1548 1426 1427
f 1548 1427 1549
f 1549 1427 1428
f 1549 1428 1550
f 1550 1428 1429
f 1550 1429 1551
f 1551 1429 1430
f 1551 1430 1552
f 1552 1430 1431
f 1552 1431 1553
f 728 920 729
f 729 920 916
f 729 916 1554
f 1554 916 1432
f 1554 1432 1555
f 1555 1432 1433
f 1555 1433 1556
f 1556 1433 1434
f 1556 1434 1557
f 1557 1434 1435
f 1557 1435 1558
f 1558 1435 1436
f 1558 1436 1559
f 1559 1436 1437
f 1559 1437 1560
f 1560 1437 1438
f 1560 1438 1561
f 1561 1438 1439
f 1561 1439 1562
f 1562 1439 1440
f 1562 1440 1563
f 1563 1440 1441
f 1563 1441 1564
f 1564 1441 1442
f 1564 1442 1565
f 1565 1442 1443
f 1565 1443 1566
f 864 856 863
f 863 856 858
f 863 858 1567
f 1567 858 1444
f 1567 1444 1568
f 1568 1444 1446
f 1568 1446 1569
f 1569 1446 1448
f 1569 1448 1570
f 1570 1448 1450
f 1570 1450 1571
f 1571 1450 1452
f 1571 1452 1572
f 1572 1452 1454
f 1572 1454 1573
f 1573 1454 1456
f 1573 1456 1574
f 1574 1456 1458
f 1574 1458 1575
f 1575 1458 1460
f 1575 1460 1576
f 1576 1460 1462
f 1576 1462 1577
f 1577 1462 1464
f 1577 1464 1578
f 1578 1464 1466
f 1578 1466 1579
f 1371 1370 1580
f 1580 1370 1486
f 1580 1486 1581
f 1581 1486 1488
f 1581 1488 1582
f 791 786 792
f 792 786 788
f 792 788 1583
f 1583 788 1489
f 1583 1489 1584
f 1584 1489 1490
f 1584 1490 1585
f 1585 1490 1491
f 1585 1491 1586
f 1586 1491 1492
f 1586 1492 1587
f 1587 1492 1493
f 1587 1493 1588
f 1588 1493 1494
f 1588 1494 1589
f 1589 1494 1495
f 1589 1495 1590
f 1590 1495 1496
f 1590 1496 1591
f 1591 1496 1497
f 1591 1497 1592
f 1592 1497 1498
f 1592 1498 1593
f 1593 1498 1499
f 1593 1499 1594
f 1594 1499 1500
f 1594 1500 1595
f 1595 1500 1501
f 1595 1501 1596
f 748 749 747
f 747 749 751
f 747 751 1597
f 1597 751 1502
f 1597 1502 1598
f 1598 1502 1503
f 1598 1503 1599
f 1599 1503 1504
f 1599 1504 1600
f 1600 1504 1505
f 1600 1505 1601
f 1601 1505 1506
f 1601 1506 1602
f 1602 1506 1507
f 1602 1507 1603
f 1603 1507 1508
f 1603 1508 1604
f 1604 1508 1509
f 1604 1509 1605
f 1605 1509 1510
f 1605 1510 1606
f 1606 1510 1511
f 1606 1511 1607
f 1607 1511 1512
f 1607 1512 1608
f 1608 1512 1513
f 1608 1513 1609
f 1609 1513 1514
f 1609 1514 709
f 1113 1114 1112
f 1112 1114 1116
f 1112 1116 1610
f 1610 1116 1515
f 1610 1515 1611
f 1611 1515 1516
f 1611 1516 1612
f 1612 1516 1517
f 1612 1517 1613
f 1613 1517 1518
f 1613 1518 1614
f 1614 1518 1519
f 1614 1519 1615
f 1615 1519 1520
f 1615 1520 1616
f 1616 1520 1521
f 1616 1521 1617
f 1617 1521 1522
f 1617 1522 1618
f 1618 1522 1523
f 1618 1523 1619
f 1619 1523 1524
f 1619 1524 1620
f 1620 1524 1525
f 1620 1525 1621
f 1621 1525 1526
f 1621 1526 1622
f 1622 1526 1527
f 1622 1527 701
f 1061 1048 1059
f 1059 1048 1050
f 1059 1050 1623
f 1623 1050 1528
f 1623 1528 1624
f 1624 1528 1529
f 1624 1529 1625
f 1625 1529 1530
f 1625 1530 1626
f 1626 1530 1531
f 1626 1531 1627
f 1627 1531 1532
f 1627 1532 1628
f 1628 1532 1533
f 1628 1533 1629
f 1629 1533 1534
f 1629 1534 1630
f 1630 1534 1535
f 1630 1535 1631
f 1631 1535 1536
f 1631 1536 1632
f 1632 1536 1537
f 1632 1537 1633
f 1633 1537 1538
f 1633 1538 1634
f 1634 1538 1539
f 1634 1539 1635
f 1635 1539 1540
f 1635 1540 695
f 1007 994 1005
f 1005 994 996
f 1005 996 1636
f 1636 996 1541
f 1636 1541 1637
f 1637 1541 1542
f 1637 1542 1638
f 1638 1542 1543
f 1638 1543 1639
f 1639 1543 1544
f 1639 1544 1640
f 1640 1544 1545
f 1640 1545 1641
f 1641 1545 1546
f 1641 1546 1642
f 1642 1546 1547
f 1642 1547 1643
f 1643 1547 1548
f 1643 1548 1644
f 1644 1548 1549
f 1644 1549 1645
f 1645 1549 1550
f 1645 1550 1646
f 1646 1550 1551
f 1646 1551 1647
f 1647 1551 1552
f 1647 1552 1648
f 1648 1552 1553
f 1648 1553 690
f 928 923 926
f 926 923 729
f 926 729 1649
f 1649 729 1554
f 1649 1554 1650
f 1650 1554 1555
f 1650 1555 1651
f 1651 1555 1556
f 1651 1556 1652
f 1652 1556 1557
f 1652 1557 1653
f 1653 1557 1558
f 1653 1558 1654
f 1654 1558 1559
f 1654 1559 1655
f 1655 1559 1560
f 1655 1560 1656
f 1656 1560 1561
f 1656 1561 1657
f 1657 1561 1562
f 1657 1562 1658
f 1658 1562 1563
f 1658 1563 1659
f 1659 1563 1564
f 1659 1564 1660
f 1660 1564 1565
f 1660 1565 1661
f 1661 1565 1566
f 1661 1566 682
f 869 861 867
f 867 861 863
f 867 863 1662
f 1662 863 1567
f 1662 1567 1663
f 1663 1567 1568
f 1663 1568 1664
f 1664 1568 1569
f 1664 1569 1665
f 1665 1569 1570
f 1665 1570 1666
f 1666 1570 1571
f 1666 1571 1667
f 1667 1571 1572
f 1667 1572 1668
f 1668 1572 1573
f 1668 1573 1669
f 1669 1573 1574
f 1669 1574 1670
f 1670 1574 1575
f 1670 1575 1671
f 1671 1575 1576
f 1671 1576 1672
f 1672 1576 1577
f 1672 1577 1673
f 1673 1577 1578
f 1673 1578 1674
f 1674 1578 1579
f 1674 1579 676
f 1582 1675 1581
f 1581 1675 1676
f 1581 1676 1580
f 1580 1676 1677
f 1580 1677 1371
f 1371 1677 1678
f 1371 1678 1369
f 1369 1678 1679
f 1369 1679 1269
f 1269 1679 1680
f 1269 1680 1270
f 1681 1682 1683
f 799 794 797
f 797 794 792
f 797 792 1684
f 1684 792 1583
f 1684 1583 1685
f 1685 1583 1584
f 1685 1584 1686
f 1686 1584 1585
f 1686 1585 1687
f 1687 1585 1586
f 1687 1586 1688
f 1688 1586 1587
f 1688 1587 1689
f 1689 1587 1588
f 1689 1588 1690
f 1690 1588 1589
f 1690 1589 1691
f 1691 1589 1590
f 1691 1590 1692
f 1692 1590 1591
f 1692 1591 1693
f 1693 1591 1592
f 1693 1592 1694
f 1694 1592 1593
f 1694 1593 1695
f 1695 1593 1594
f 1695 1594 1696
f 1696 1594 1595
f 1696 1595 713
f 713 1595 1596
f 1697 1698 1699
f 758 745 756
f 756 745 747
f 756 747 1700
f 1700 747 1597
f 1700 1597 1701
f 1701 1597 1598
f 1701 1598 1702
f 1702 1598 1599
f 1702 1599 1703
f 1703 1599 1600
f 1703 1600 1704
f 1704 1600 1601
f 1704 1601 1705
f 1705 1601 1602
f 1705 1602 1706
f 1706 1602 1603
f 1706 1603 1707
f 1707 1603 1604
f 1707 1604 1708
f 1708 1604 1605
f 1708 1605 1709
f 1709 1605 1606
f 1709 1606 1710
f 1710 1606 1607
f 1710 1607 1711
f 1711 1607 1608
f 1711 1608 1712
f 1712 1608 1609
f 1712 1609 710
f 710 1609 709
f 1713 1714 1715
f 1715 1714 1716
f 1715 1716 1717
f 1717 1716 1718
f 1717 1718 1719
f 1719 1718 1720
f 1719 1720 1721
f 1721 1720 1722
f 1721 1722 1723
f 1723 1722 1724
f 1723 1724 1725
f 1726 1727 706
f 1123 1110 1121
f 1121 1110 1112
f 1121 1112 1728
f 1728 1112 1610
f 1728 1610 1729
f 1729 1610 1611
f 1729 1611 1730
f 1730 1611 1612
f 1730 1612 1731
f 1731 1612 1613
f 1731 1613 1732
f 1732 1613 1614
f 1732 1614 1733
f 1733 1614 1615
f 1733 1615 1734
f 1734 1615 1616
f 1734 1616 1735
f 1735 1616 1617
f 1735 1617 1736
f 1736 1617 1618
f 1736 1618 1737
f 1737 1618 1619
f 1737 1619 1738
f 1738 1619 1620
f 1738 1620 1739
f 1739 1620 1621
f 1739 1621 1740
f 1740 1621 1622
f 1740 1622 702
f 702 1622 701
f 1741 1742 700
f 1056 1057 1055
f 1055 1057 1059
f 1055 1059 1743
f 1743 1059 1623
f 1743 1623 1744
f 1744 1623 1624
f 1744 1624 1745
f 1745 1624 1625
f 1745 1625 1746
f 1746 1625 1626
f 1746 1626 1747
f 1747 1626 1627
f 1747 1627 1748
f 1748 1627 1628
f 1748 1628 1749
f 1749 1628 1629
f 1749 1629 1750
f 1750 1629 1630
f 1750 1630 1751
f 1751 1630 1631
f 1751 1631 1752
f 1752 1631 1632
f 1752 1632 1753
f 1753 1632 1633
f 1753 1633 1754
f 1754 1633 1634
f 1754 1634 1755
f 1755 1634 1635
f 1755 1635 696
f 696 1635 695
f 1756 1757 1758
f 1758 1757 1759
f 1758 1759 1760
f 1760 1759 1761
f 1760 1761 694
f 1762 1763 1764
f 1002 1003 1001
f 1001 1003 1005
f 1001 1005 1765
f 1765 1005 1636
f 1765 1636 1766
f 1766 1636 1637
f 1766 1637 1767
f 1767 1637 1638
f 1767 1638 1768
f 1768 1638 1639
f 1768 1639 1769
f 1769 1639 1640
f 1769 1640 1770
f 1770 1640 1641
f 1770 1641 1771
f 1771 1641 1642
f 1771 1642 1772
f 1772 1642 1643
f 1772 1643 1773
f 1773 1643 1644
f 1773 1644 1774
f 1774 1644 1645
f 1774 1645 1775
f 1775 1645 1646
f 1775 1646 1776
f 1776 1646 1647
f 1776 1647 1777
f 1777 1647 1648
f 1777 1648 691
f 691 1648 690
f 1778 1779 1780
f 1780 1779 1781
f 1780 1781 1782
f 1782 1781 1783
f 1782 1783 689
f 1784 1785 1786
f 937 924 935
f 935 924 926
f 935 926 1787
f 1787 926 1649
f 1787 1649 1788
f 1788 1649 1650
f 1788 1650 1789
f 1789 1650 1651
f 1789 1651 1790
f 1790 1651 1652
f 1790 1652 1791
f 1791 1652 1653
f 1791 1653 1792
f 1792 1653 1654
f 1792 1654 1793
f 1793 1654 1655
f 1793 1655 1794
f 1794 1655 1656
f 1794 1656 1795
f 1795 1656 1657
f 1795 1657 1796
f 1796 1657 1658
f 1796 1658 1797
f 1797 1658 1659
f 1797 1659 1798
f 1798 1659 1660
f 1798 1660 1799
f 1799 1660 1661
f 1799 1661 683
f 683 1661 682
f 1800 1801 681
f 878 865 876
f 876 865 867
f 876 867 1802
f 1802 867 1662
f 1802 1662 1803
f 1803 1662 1663
f 1803 1663 1804
f 1804 1663 1664
f 1804 1664 1805
f 1805 1664 1665
f 1805 1665 1806
f 1806 1665 1666
f 1806 1666 1807
f 1807 1666 1667
f 1807 1667 1808
f 1808 1667 1668
f 1808 1668 1809
f 1809 1668 1669
f 1809 1669 1810
f 1810 1669 1670
f 1810 1670 1811
f 1811 1670 1671
f 1811 1671 1812
f 1812 1671 1672
f 1812 1672 1813
f 1813 1672 1673
f 1813 1673 1814
f 1814 1673 1674
f 1814 1674 677
f 677 1674 676
f 1815 1816 675
f 812 805 810
f 810 805 807
f 810 807 1174
f 1174 807 1467
f 1174 1467 1176
f 1176 1467 1469
f 1176 1469 1178
f 1178 1469 1471
f 1178 1471 1180
f 1180 1471 1473
f 1180 1473 1182
f 1182 1473 1475
f 1182 1475 1184
f 1184 1475 1477
f 1184 1477 1209
f 1209 1477 1479
f 1209 1479 719
f 719 1479 1481
f 719 1481 720
f 720 1481 1271
f 720 1271 716
f 716 1271 1270
f 716 1270 714
f 714 1270 1680
f 714 1680 1368
f 1368 1680 1679
f 1368 1679 1817
f 1817 1679 1678
f 1817 1678 1818
f 1818 1678 1677
f 1818 1677 1819
f 1819 1677 1676
f 1819 1676 671
f 671 1676 1675
f 1487 1681 1488
f 1488 1681 1683
f 1488 1683 1582
f 1582 1683 414
f 1582 414 413
f 419 418 1682
f 1682 418 417
f 1682 417 1683
f 1683 417 416
f 1683 416 414
f 420 419 713
f 713 419 1682
f 713 1682 1696
f 1696 1682 1681
f 1696 1681 1695
f 1695 1681 1487
f 1695 1487 1694
f 1694 1487 1485
f 1694 1485 1693
f 1693 1485 1484
f 1693 1484 1692
f 1692 1484 1483
f 1692 1483 1691
f 1691 1483 1482
f 1691 1482 1690
f 1690 1482 1480
f 1690 1480 1689
f 1689 1480 1478
f 1689 1478 1688
f 1688 1478 1476
f 1688 1476 1687
f 1687 1476 1474
f 1687 1474 1686
f 1686 1474 1472
f 1686 1472 1685
f 1685 1472 1470
f 1685 1470 1684
f 1684 1470 1468
f 1684 1468 797
f 797 1468 802
f 797 802 795
f 795 802 804
f 1291 1820 1292
f 1292 1820 1821
f 1292 1821 1383
f 1383 1821 1822
f 1383 1822 1501
f 1501 1822 712
f 1501 712 1596
f 1596 712 428
f 1596 428 320
f 320 319 1596
f 1596 319 424
f 1596 424 713
f 713 424 423
f 713 423 422
f 430 429 1823
f 1823 429 425
f 1820 1824 1821
f 1821 1824 1825
f 1821 1825 1822
f 1822 1825 1823
f 1822 1823 712
f 712 1823 425
f 712 425 427
f 1699 433 432
f 1824 1697 1825
f 1825 1697 1699
f 1825 1699 1823
f 1823 1699 432
f 1823 432 430
f 438 434 1698
f 1698 434 436
f 1698 436 1699
f 1699 436 437
f 1699 437 433
f 439 438 711
f 711 438 1698
f 711 1698 1826
f 1826 1698 1697
f 1826 1697 1827
f 1827 1697 1824
f 1827 1824 1828
f 1828 1824 1820
f 1828 1820 1829
f 1829 1820 1291
f 1829 1291 1830
f 1830 1291 1289
f 1830 1289 1831
f 1831 1289 1287
f 1831 1287 1832
f 1832 1287 1285
f 1832 1285 1833
f 1833 1285 1283
f 1833 1283 1834
f 1834 1283 1281
f 1834 1281 1835
f 1835 1281 1279
f 1835 1279 1836
f 1836 1279 1277
f 1836 1277 1837
f 1837 1277 1275
f 1837 1275 1838
f 1838 1275 1273
f 1838 1273 767
f 767 1273 770
f 767 770 765
f 765 770 772
f 444 443 1839
f 1839 443 442
f 442 441 1839
f 1839 441 711
f 1839 711 1840
f 1840 711 1826
f 1840 1826 1841
f 1841 1826 1827
f 1841 1827 1842
f 1842 1827 1828
f 1842 1828 1843
f 1843 1828 1829
f 1843 1829 1844
f 1844 1829 1830
f 1844 1830 1845
f 1845 1830 1831
f 1845 1831 1846
f 1846 1831 1832
f 1846 1832 1847
f 1847 1832 1833
f 1847 1833 1848
f 1848 1833 1834
f 1848 1834 1849
f 1849 1834 1835
f 1849 1835 1850
f 1850 1835 1836
f 1850 1836 1851
f 1851 1836 1837
f 1851 1837 1852
f 1852 1837 1838
f 1852 1838 762
f 762 1838 767
f 762 767 760
f 760 767 769
f 1853 447 446
f 446 444 1853
f 1853 444 1839
f 1853 1839 1854
f 1854 1839 1840
f 1854 1840 1855
f 1855 1840 1841
f 1855 1841 1856
f 1856 1841 1842
f 1856 1842 1857
f 1857 1842 1843
f 1857 1843 1858
f 1858 1843 1844
f 1858 1844 1859
f 1859 1844 1845
f 1859 1845 1860
f 1860 1845 1846
f 1860 1846 1861
f 1861 1846 1847
f 1861 1847 1862
f 1862 1847 1848
f 1862 1848 1863
f 1863 1848 1849
f 1863 1849 1864
f 1864 1849 1850
f 1864 1850 1865
f 1865 1850 1851
f 1865 1851 1866
f 1866 1851 1852
f 1866 1852 735
f 735 1852 762
f 735 762 759
f 759 762 764
f 734 754 735
f 735 754 756
f 735 756 1866
f 1866 756 1700
f 1866 1700 1865
f 1865 1700 1701
f 1865 1701 1864
f 1864 1701 1702
f 1864 1702 1863
f 1863 1702 1703
f 1863 1703 1862
f 1862 1703 1704
f 1862 1704 1861
f 1861 1704 1705
f 1861 1705 1860
f 1860 1705 1706
f 1860 1706 1859
f 1859 1706 1707
f 1859 1707 1858
f 1858 1707 1708
f 1858 1708 1857
f 1857 1708 1709
f 1857 1709 1856
f 1856 1709 1710
f 1856 1710 1855
f 1855 1710 1711
f 1855 1711 1854
f 1854 1711 1712
f 1854 1712 1853
f 1853 1712 710
f 1853 710 447
f 447 710 448
f 709 449 710
f 710 449 317
f 710 317 316
f 1725 453 452
f 1199 1713 1200
f 1200 1713 1715
f 1200 1715 1218
f 1218 1715 1717
f 1218 1717 1228
f 1228 1717 1719
f 1228 1719 1303
f 1303 1719 1721
f 1303 1721 1395
f 1395 1721 1723
f 1395 1723 1514
f 1514 1723 1725
f 1514 1725 709
f 709 1725 452
f 709 452 450
f 461 454 1724
f 1724 454 456
f 1724 456 1725
f 1725 456 457
f 1725 457 453
f 1714 1867 1716
f 1716 1867 1868
f 1716 1868 1718
f 1718 1868 1869
f 1718 1869 1720
f 1720 1869 1870
f 1720 1870 1722
f 1722 1870 708
f 1722 708 1724
f 1724 708 460
f 1724 460 461
f 1867 1871 1868
f 1868 1871 1872
f 1868 1872 1869
f 1869 1872 1873
f 1869 1873 1870
f 1870 1873 707
f 1870 707 708
f 708 707 462
f 708 462 458
f 467 466 1874
f 1874 466 465
f 1871 1875 1872
f 1872 1875 1876
f 1872 1876 1873
f 1873 1876 1874
f 1873 1874 707
f 707 1874 465
f 707 465 463
f 1875 1726 1876
f 1876 1726 706
f 1876 706 1874
f 1874 706 313
f 1874 313 467
f 472 471 1727
f 1727 471 469
f 1727 469 706
f 706 469 468
f 706 468 314
f 476 472 705
f 705 472 1727
f 705 1727 1877
f 1877 1727 1726
f 1877 1726 1878
f 1878 1726 1875
f 1878 1875 1879
f 1879 1875 1871
f 1879 1871 1880
f 1880 1871 1867
f 1880 1867 1881
f 1881 1867 1714
f 1881 1714 1882
f 1882 1714 1713
f 1882 1713 1883
f 1883 1713 1199
f 1883 1199 1884
f 1884 1199 1197
f 1884 1197 1885
f 1885 1197 1195
f 1885 1195 1886
f 1886 1195 1193
f 1886 1193 1887
f 1887 1193 1191
f 1887 1191 1888
f 1888 1191 1189
f 1888 1189 1889
f 1889 1189 1187
f 1889 1187 1155
f 1155 1187 723
f 1155 723 1153
f 1153 723 722
f 478 477 1890
f 1890 477 473
f 473 475 1890
f 1890 475 705
f 1890 705 1891
f 1891 705 1877
f 1891 1877 1892
f 1892 1877 1878
f 1892 1878 1893
f 1893 1878 1879
f 1893 1879 1894
f 1894 1879 1880
f 1894 1880 1895
f 1895 1880 1881
f 1895 1881 1896
f 1896 1881 1882
f 1896 1882 1897
f 1897 1882 1883
f 1897 1883 1898
f 1898 1883 1884
f 1898 1884 1899
f 1899 1884 1885
f 1899 1885 1900
f 1900 1885 1886
f 1900 1886 1901
f 1901 1886 1887
f 1901 1887 1902
f 1902 1887 1888
f 1902 1888 1903
f 1903 1888 1889
f 1903 1889 1150
f 1150 1889 1155
f 1150 1155 1148
f 1148 1155 1157
f 483 482 1904
f 1904 482 480
f 480 478 1904
f 1904 478 1890
f 1904 1890 1905
f 1905 1890 1891
f 1905 1891 1906
f 1906 1891 1892
f 1906 1892 1907
f 1907 1892 1893
f 1907 1893 1908
f 1908 1893 1894
f 1908 1894 1909
f 1909 1894 1895
f 1909 1895 1910
f 1910 1895 1896
f 1910 1896 1911
f 1911 1896 1897
f 1911 1897 1912
f 1912 1897 1898
f 1912 1898 1913
f 1913 1898 1899
f 1913 1899 1914
f 1914 1899 1900
f 1914 1900 1915
f 1915 1900 1901
f 1915 1901 1916
f 1916 1901 1902
f 1916 1902 1917
f 1917 1902 1903
f 1917 1903 1145
f 1145 1903 1150
f 1145 1150 1143
f 1143 1150 1152
f 1147 1134 1145
f 1145 1134 1136
f 1145 1136 1917
f 1917 1136 1918
f 1917 1918 1916
f 1916 1918 1919
f 1916 1919 1915
f 1915 1919 1920
f 1915 1920 1914
f 1914 1920 1921
f 1914 1921 1913
f 1913 1921 1922
f 1913 1922 1912
f 1912 1922 1923
f 1912 1923 1911
f 1911 1923 1924
f 1911 1924 1910
f 1910 1924 1925
f 1910 1925 1909
f 1909 1925 1926
f 1909 1926 1908
f 1908 1926 1927
f 1908 1927 1907
f 1907 1927 1928
f 1907 1928 1906
f 1906 1928 1929
f 1906 1929 1905
f 1905 1929 1930
f 1905 1930 1904
f 1904 1930 1931
f 1904 1931 483
f 489 485 1931
f 1931 485 484
f 1931 484 483
f 488 489 704
f 704 489 1931
f 704 1931 1932
f 1932 1931 1930
f 1932 1930 1933
f 1933 1930 1929
f 1933 1929 1934
f 1934 1929 1928
f 1934 1928 1935
f 1935 1928 1927
f 1935 1927 1936
f 1936 1927 1926
f 1936 1926 1937
f 1937 1926 1925
f 1937 1925 1938
f 1938 1925 1924
f 1938 1924 1939
f 1939 1924 1923
f 1939 1923 1940
f 1940 1923 1922
f 1940 1922 1941
f 1941 1922 1921
f 1941 1921 1942
f 1942 1921 1920
f 1942 1920 1943
f 1943 1920 1919
f 1943 1919 1944
f 1944 1919 1918
f 1944 1918 1140
f 1140 1918 1136
f 1140 1136 1138
f 1138 1136 1137
f 490 492 1945
f 1945 492 493
f 493 486 1945
f 1945 486 704
f 1945 704 1946
f 1946 704 1932
f 1946 1932 1947
f 1947 1932 1933
f 1947 1933 1948
f 1948 1933 1934
f 1948 1934 1949
f 1949 1934 1935
f 1949 1935 1950
f 1950 1935 1936
f 1950 1936 1951
f 1951 1936 1937
f 1951 1937 1952
f 1952 1937 1938
f 1952 1938 1953
f 1953 1938 1939
f 1953 1939 1954
f 1954 1939 1940
f 1954 1940 1955
f 1955 1940 1941
f 1955 1941 1956
f 1956 1941 1942
f 1956 1942 1957
f 1957 1942 1943
f 1957 1943 1958
f 1958 1943 1944
f 1958 1944 1131
f 1131 1944 1140
f 1131 1140 1129
f 1129 1140 1142
f 494 490 703
f 703 490 1945
f 703 1945 1959
f 1959 1945 1946
f 1959 1946 1960
f 1960 1946 1947
f 1960 1947 1961
f 1961 1947 1948
f 1961 1948 1962
f 1962 1948 1949
f 1962 1949 1963
f 1963 1949 1950
f 1963 1950 1964
f 1964 1950 1951
f 1964 1951 1965
f 1965 1951 1952
f 1965 1952 1966
f 1966 1952 1953
f 1966 1953 1967
f 1967 1953 1954
f 1967 1954 1968
f 1968 1954 1955
f 1968 1955 1969
f 1969 1955 1956
f 1969 1956 1970
f 1970 1956 1957
f 1970 1957 1971
f 1971 1957 1958
f 1971 1958 1126
f 1126 1958 1131
f 1126 1131 1124
f 1124 1131 1133
f 497 495 702
f 702 495 703
f 702 703 1740
f 1740 703 1959
f 1740 1959 1739
f 1739 1959 1960
f 1739 1960 1738
f 1738 1960 1961
f 1738 1961 1737
f 1737 1961 1962
f 1737 1962 1736
f 1736 1962 1963
f 1736 1963 1735
f 1735 1963 1964
f 1735 1964 1734
f 1734 1964 1965
f 1734 1965 1733
f 1733 1965 1966
f 1733 1966 1732
f 1732 1966 1967
f 1732 1967 1731
f 1731 1967 1968
f 1731 1968 1730
f 1730 1968 1969
f 1730 1969 1729
f 1729 1969 1970
f 1729 1970 1728
f 1728 1970 1971
f 1728 1971 1121
f 1121 1971 1126
f 1121 1126 1119
f 1119 1126 1128
f 701 500 702
f 702 500 499
f 702 499 498
f 502 501 1972
f 1972 501 311
f 1323 1973 1324
f 1324 1973 1974
f 1324 1974 1407
f 1407 1974 1975
f 1407 1975 1527
f 1527 1975 1972
f 1527 1972 701
f 701 1972 311
f 701 311 310
f 509 505 1976
f 1976 505 504
f 1973 1977 1974
f 1974 1977 1978
f 1974 1978 1975
f 1975 1978 1976
f 1975 1976 1972
f 1972 1976 504
f 1972 504 502
f 1977 1741 1978
f 1978 1741 700
f 1978 700 1976
f 1976 700 508
f 1976 508 509
f 514 513 1742
f 1742 513 511
f 1742 511 700
f 700 511 510
f 700 510 506
f 515 514 699
f 699 514 1742
f 699 1742 1979
f 1979 1742 1741
f 1979 1741 1980
f 1980 1741 1977
f 1980 1977 1981
f 1981 1977 1973
f 1981 1973 1982
f 1982 1973 1323
f 1982 1323 1983
f 1983 1323 1321
f 1983 1321 1984
f 1984 1321 1319
f 1984 1319 1985
f 1985 1319 1317
f 1985 1317 1986
f 1986 1317 1315
f 1986 1315 1987
f 1987 1315 1313
f 1987 1313 1988
f 1988 1313 1311
f 1988 1311 1989
f 1989 1311 1309
f 1989 1309 1990
f 1990 1309 1307
f 1990 1307 1991
f 1991 1307 1305
f 1991 1305 1097
f 1097 1305 1093
f 1097 1093 1095
f 1095 1093 1094
f 519 518 1992
f 1992 518 517
f 517 516 1992
f 1992 516 699
f 1992 699 1993
f 1993 699 1979
f 1993 1979 1994
f 1994 1979 1980
f 1994 1980 1995
f 1995 1980 1981
f 1995 1981 1996
f 1996 1981 1982
f 1996 1982 1997
f 1997 1982 1983
f 1997 1983 1998
f 1998 1983 1984
f 1998 1984 1999
f 1999 1984 1985
f 1999 1985 2000
f 2000 1985 1986
f 2000 1986 2001
f 2001 1986 1987
f 2001 1987 2002
f 2002 1987 1988
f 2002 1988 2003
f 2003 1988 1989
f 2003 1989 2004
f 2004 1989 1990
f 2004 1990 2005
f 2005 1990 1991
f 2005 1991 1088
f 1088 1991 1097
f 1088 1097 1086
f 1086 1097 1099
f 1090 1077 1088
f 1088 1077 1079
f 1088 1079 2005
f 2005 1079 2006
f 2005 2006 2004
f 2004 2006 2007
f 2004 2007 2003
f 2003 2007 2008
f 2003 2008 2002
f 2002 2008 2009
f 2002 2009 2001
f 2001 2009 2010
f 2001 2010 2000
f 2000 2010 2011
f 2000 2011 1999
f 1999 2011 2012
f 1999 2012 1998
f 1998 2012 2013
f 1998 2013 1997
f 1997 2013 2014
f 1997 2014 1996
f 1996 2014 2015
f 1996 2015 1995
f 1995 2015 2016
f 1995 2016 1994
f 1994 2016 2017
f 1994 2017 1993
f 1993 2017 2018
f 1993 2018 1992
f 1992 2018 2019
f 1992 2019 519
f 341 339 2019
f 2019 339 338
f 2019 338 519
f 1080 1081 1079
f 1079 1081 1083
f 1079 1083 2006
f 2006 1083 2020
f 2006 2020 2007
f 2007 2020 2021
f 2007 2021 2008
f 2008 2021 2022
f 2008 2022 2009
f 2009 2022 2023
f 2009 2023 2010
f 2010 2023 2024
f 2010 2024 2011
f 2011 2024 2025
f 2011 2025 2012
f 2012 2025 2026
f 2012 2026 2013
f 2013 2026 2027
f 2013 2027 2014
f 2014 2027 2028
f 2014 2028 2015
f 2015 2028 2029
f 2015 2029 2016
f 2016 2029 2030
f 2016 2030 2017
f 2017 2030 2031
f 2017 2031 2018
f 2018 2031 2032
f 2018 2032 2019
f 2019 2032 2033
f 2019 2033 341
f 345 333 2033
f 2033 333 332
f 2033 332 341
f 344 345 698
f 698 345 2033
f 698 2033 2034
f 2034 2033 2032
f 2034 2032 2035
f 2035 2032 2031
f 2035 2031 2036
f 2036 2031 2030
f 2036 2030 2037
f 2037 2030 2029
f 2037 2029 2038
f 2038 2029 2028
f 2038 2028 2039
f 2039 2028 2027
f 2039 2027 2040
f 2040 2027 2026
f 2040 2026 2041
f 2041 2026 2025
f 2041 2025 2042
f 2042 2025 2024
f 2042 2024 2043
f 2043 2024 2023
f 2043 2023 2044
f 2044 2023 2022
f 2044 2022 2045
f 2045 2022 2021
f 2045 2021 2046
f 2046 2021 2020
f 2046 2020 1074
f 1074 2020 1083
f 1074 1083 1072
f 1072 1083 1085
f 346 342 2047
f 2047 342 698
f 2047 698 2048
f 2048 698 2034
f 2048 2034 2049
f 2049 2034 2035
f 2049 2035 2050
f 2050 2035 2036
f 2050 2036 2051
f 2051 2036 2037
f 2051 2037 2052
f 2052 2037 2038
f 2052 2038 2053
f 2053 2038 2039
f 2053 2039 2054
f 2054 2039 2040
f 2054 2040 2055
f 2055 2040 2041
f 2055 2041 2056
f 2056 2041 2042
f 2056 2042 2057
f 2057 2042 2043
f 2057 2043 2058
f 2058 2043 2044
f 2058 2044 2059
f 2059 2044 2045
f 2059 2045 2060
f 2060 2045 2046
f 2060 2046 1069
f 1069 2046 1074
f 1069 1074 1071
f 1071 1074 1076
f 1068 1065 1069
f 1069 1065 1062
f 1069 1062 2060
f 2060 1062 2061
f 2060 2061 2059
f 2059 2061 2062
f 2059 2062 2058
f 2058 2062 2063
f 2058 2063 2057
f 2057 2063 2064
f 2057 2064 2056
f 2056 2064 2065
f 2056 2065 2055
f 2055 2065 2066
f 2055 2066 2054
f 2054 2066 2067
f 2054 2067 2053
f 2053 2067 2068
f 2053 2068 2052
f 2052 2068 2069
f 2052 2069 2051
f 2051 2069 2070
f 2051 2070 2050
f 2050 2070 2071
f 2050 2071 2049
f 2049 2071 2072
f 2049 2072 2048
f 2048 2072 2073
f 2048 2073 2047
f 2047 2073 697
f 2047 697 346
f 346 697 347
f 350 349 696
f 696 349 697
f 696 697 1755
f 1755 697 2073
f 1755 2073 1754
f 1754 2073 2072
f 1754 2072 1753
f 1753 2072 2071
f 1753 2071 1752
f 1752 2071 2070
f 1752 2070 1751
f 1751 2070 2069
f 1751 2069 1750
f 1750 2069 2068
f 1750 2068 1749
f 1749 2068 2067
f 1749 2067 1748
f 1748 2067 2066
f 1748 2066 1747
f 1747 2066 2065
f 1747 2065 1746
f 1746 2065 2064
f 1746 2064 1745
f 1745 2064 2063
f 1745 2063 1744
f 1744 2063 2062
f 1744 2062 1743
f 1743 2062 2061
f 1743 2061 1055
f 1055 2061 1062
f 1055 1062 1053
f 1053 1062 1064
f 695 351 696
f 696 351 330
f 696 330 329
f 356 355 2074
f 2074 355 354
f 1246 2075 1247
f 1247 2075 2076
f 1247 2076 1335
f 1335 2076 2077
f 1335 2077 1419
f 1419 2077 2078
f 1419 2078 1540
f 1540 2078 2074
f 1540 2074 695
f 695 2074 354
f 695 354 352
f 2075 1756 2076
f 2076 1756 1758
f 2076 1758 2077
f 2077 1758 1760
f 2077 1760 2078
f 2078 1760 694
f 2078 694 2074
f 2074 694 357
f 2074 357 356
f 1757 1762 1759
f 1759 1762 1764
f 1759 1764 1761
f 1761 1764 367
f 1761 367 360
f 360 359 1761
f 1761 359 366
f 1761 366 694
f 694 366 365
f 694 365 364
f 375 374 1763
f 1763 374 373
f 1763 373 1764
f 1764 373 368
f 1764 368 367
f 1033 1020 1031
f 1031 1020 1022
f 1031 1022 1230
f 1230 1022 2079
f 1230 2079 1232
f 1232 2079 2080
f 1232 2080 1234
f 1234 2080 2081
f 1234 2081 1236
f 1236 2081 2082
f 1236 2082 1238
f 1238 2082 2083
f 1238 2083 1240
f 1240 2083 2084
f 1240 2084 1242
f 1242 2084 2085
f 1242 2085 1244
f 1244 2085 2086
f 1244 2086 1246
f 1246 2086 2087
f 1246 2087 2075
f 2075 2087 2088
f 2075 2088 1756
f 1756 2088 2089
f 1756 2089 1757
f 1757 2089 2090
f 1757 2090 1762
f 1762 2090 2091
f 1762 2091 1763
f 1763 2091 2092
f 1763 2092 375
f 568 371 2092
f 2092 371 370
f 2092 370 375
f 1023 1024 1022
f 1022 1024 1026
f 1022 1026 2079
f 2079 1026 2093
f 2079 2093 2080
f 2080 2093 2094
f 2080 2094 2081
f 2081 2094 2095
f 2081 2095 2082
f 2082 2095 2096
f 2082 2096 2083
f 2083 2096 2097
f 2083 2097 2084
f 2084 2097 2098
f 2084 2098 2085
f 2085 2098 2099
f 2085 2099 2086
f 2086 2099 2100
f 2086 2100 2087
f 2087 2100 2101
f 2087 2101 2088
f 2088 2101 2102
f 2088 2102 2089
f 2089 2102 2103
f 2089 2103 2090
f 2090 2103 2104
f 2090 2104 2091
f 2091 2104 2105
f 2091 2105 2092
f 2092 2105 2106
f 2092 2106 568
f 571 566 2106
f 2106 566 567
f 2106 567 568
f 570 571 693
f 693 571 2106
f 693 2106 2107
f 2107 2106 2105
f 2107 2105 2108
f 2108 2105 2104
f 2108 2104 2109
f 2109 2104 2103
f 2109 2103 2110
f 2110 2103 2102
f 2110 2102 2111
f 2111 2102 2101
f 2111 2101 2112
f 2112 2101 2100
f 2112 2100 2113
f 2113 2100 2099
f 2113 2099 2114
f 2114 2099 2098
f 2114 2098 2115
f 2115 2098 2097
f 2115 2097 2116
f 2116 2097 2096
f 2116 2096 2117
f 2117 2096 2095
f 2117 2095 2118
f 2118 2095 2094
f 2118 2094 2119
f 2119 2094 2093
f 2119 2093 1017
f 1017 2093 1026
f 1017 1026 1015
f 1015 1026 1028
f 574 573 2120
f 2120 573 572
f 572 569 2120
f 2120 569 693
f 2120 693 2121
f 2121 693 2107
f 2121 2107 2122
f 2122 2107 2108
f 2122 2108 2123
f 2123 2108 2109
f 2123 2109 2124
f 2124 2109 2110
f 2124 2110 2125
f 2125 2110 2111
f 2125 2111 2126
f 2126 2111 2112
f 2126 2112 2127
f 2127 2112 2113
f 2127 2113 2128
f 2128 2113 2114
f 2128 2114 2129
f 2129 2114 2115
f 2129 2115 2130
f 2130 2115 2116
f 2130 2116 2131
f 2131 2116 2117
f 2131 2117 2132
f 2132 2117 2118
f 2132 2118 2133
f 2133 2118 2119
f 2133 2119 726
f 726 2119 1017
f 726 1017 1014
f 1014 1017 1019
f 575 574 692
f 692 574 2120
f 692 2120 2134
f 2134 2120 2121
f 2134 2121 2135
f 2135 2121 2122
f 2135 2122 2136
f 2136 2122 2123
f 2136 2123 2137
f 2137 2123 2124
f 2137 2124 2138
f 2138 2124 2125
f 2138 2125 2139
f 2139 2125 2126
f 2139 2126 2140
f 2140 2126 2127
f 2140 2127 2141
f 2141 2127 2128
f 2141 2128 2142
f 2142 2128 2129
f 2142 2129 2143
f 2143 2129 2130
f 2143 2130 2144
f 2144 2130 2131
f 2144 2131 2145
f 2145 2131 2132
f 2145 2132 2146
f 2146 2132 2133
f 2146 2133 1008
f 1008 2133 726
f 1008 726 1011
f 1011 726 725
f 577 576 691
f 691 576 692
f 691 692 1777
f 1777 692 2134
f 1777 2134 1776
f 1776 2134 2135
f 1776 2135 1775
f 1775 2135 2136
f 1775 2136 1774
f 1774 2136 2137
f 1774 2137 1773
f 1773 2137 2138
f 1773 2138 1772
f 1772 2138 2139
f 1772 2139 1771
f 1771 2139 2140
f 1771 2140 1770
f 1770 2140 2141
f 1770 2141 1769
f 1769 2141 2142
f 1769 2142 1768
f 1768 2142 2143
f 1768 2143 1767
f 1767 2143 2144
f 1767 2144 1766
f 1766 2144 2145
f 1766 2145 1765
f 1765 2145 2146
f 1765 2146 1001
f 1001 2146 1008
f 1001 1008 999
f 999 1008 1010
f 690 578 691
f 691 578 305
f 691 305 304
f 584 581 2147
f 2147 581 580
f 1265 2148 1266
f 1266 2148 2149
f 1266 2149 1346
f 1346 2149 2150
f 1346 2150 1431
f 1431 2150 2151
f 1431 2151 1553
f 1553 2151 2147
f 1553 2147 690
f 690 2147 580
f 690 580 579
f 2148 1778 2149
f 2149 1778 1780
f 2149 1780 2150
f 2150 1780 1782
f 2150 1782 2151
f 2151 1782 689
f 2151 689 2147
f 2147 689 583
f 2147 583 584
f 588 587 1783
f 1783 587 586
f 1783 586 689
f 689 586 585
f 689 585 582
f 1779 1784 1781
f 1781 1784 1786
f 1781 1786 1783
f 1783 1786 589
f 1783 589 588
f 591 590 1785
f 1785 590 303
f 1785 303 1786
f 1786 303 302
f 1786 302 589
f 594 593 2152
f 2152 593 592
f 592 591 2152
f 2152 591 1785
f 2152 1785 2153
f 2153 1785 1784
f 2153 1784 2154
f 2154 1784 1779
f 2154 1779 2155
f 2155 1779 1778
f 2155 1778 2156
f 2156 1778 2148
f 2156 2148 2157
f 2157 2148 1265
f 2157 1265 2158
f 2158 1265 1263
f 2158 1263 2159
f 2159 1263 1261
f 2159 1261 2160
f 2160 1261 1259
f 2160 1259 2161
f 2161 1259 1257
f 2161 1257 2162
f 2162 1257 1255
f 2162 1255 2163
f 2163 1255 1253
f 2163 1253 2164
f 2164 1253 1251
f 2164 1251 2165
f 2165 1251 1249
f 2165 1249 977
f 977 1249 974
f 977 974 979
f 979 974 975
f 976 967 977
f 977 967 969
f 977 969 2165
f 2165 969 2166
f 2165 2166 2164
f 2164 2166 2167
f 2164 2167 2163
f 2163 2167 2168
f 2163 2168 2162
f 2162 2168 2169
f 2162 2169 2161
f 2161 2169 2170
f 2161 2170 2160
f 2160 2170 2171
f 2160 2171 2159
f 2159 2171 2172
f 2159 2172 2158
f 2158 2172 2173
f 2158 2173 2157
f 2157 2173 2174
f 2157 2174 2156
f 2156 2174 2175
f 2156 2175 2155
f 2155 2175 2176
f 2155 2176 2154
f 2154 2176 2177
f 2154 2177 2153
f 2153 2177 2178
f 2153 2178 2152
f 2152 2178 2179
f 2152 2179 594
f 597 301 2179
f 2179 301 300
f 2179 300 594
f 596 597 688
f 688 597 2179
f 688 2179 2180
f 2180 2179 2178
f 2180 2178 2181
f 2181 2178 2177
f 2181 2177 2182
f 2182 2177 2176
f 2182 2176 2183
f 2183 2176 2175
f 2183 2175 2184
f 2184 2175 2174
f 2184 2174 2185
f 2185 2174 2173
f 2185 2173 2186
f 2186 2173 2172
f 2186 2172 2187
f 2187 2172 2171
f 2187 2171 2188
f 2188 2171 2170
f 2188 2170 2189
f 2189 2170 2169
f 2189 2169 2190
f 2190 2169 2168
f 2190 2168 2191
f 2191 2168 2167
f 2191 2167 2192
f 2192 2167 2166
f 2192 2166 964
f 964 2166 969
f 964 969 962
f 962 969 971
f 600 599 2193
f 2193 599 598
f 598 595 2193
f 2193 595 688
f 2193 688 2194
f 2194 688 2180
f 2194 2180 2195
f 2195 2180 2181
f 2195 2181 2196
f 2196 2181 2182
f 2196 2182 2197
f 2197 2182 2183
f 2197 2183 2198
f 2198 2183 2184
f 2198 2184 2199
f 2199 2184 2185
f 2199 2185 2200
f 2200 2185 2186
f 2200 2186 2201
f 2201 2186 2187
f 2201 2187 2202
f 2202 2187 2188
f 2202 2188 2203
f 2203 2188 2189
f 2203 2189 2204
f 2204 2189 2190
f 2204 2190 2205
f 2205 2190 2191
f 2205 2191 2206
f 2206 2191 2192
f 2206 2192 959
f 959 2192 964
f 959 964 957
f 957 964 966
f 520 600 687
f 687 600 2193
f 687 2193 2207
f 2207 2193 2194
f 2207 2194 2208
f 2208 2194 2195
f 2208 2195 2209
f 2209 2195 2196
f 2209 2196 2210
f 2210 2196 2197
f 2210 2197 2211
f 2211 2197 2198
f 2211 2198 2212
f 2212 2198 2199
f 2212 2199 2213
f 2213 2199 2200
f 2213 2200 2214
f 2214 2200 2201
f 2214 2201 2215
f 2215 2201 2202
f 2215 2202 2216
f 2216 2202 2203
f 2216 2203 2217
f 2217 2203 2204
f 2217 2204 2218
f 2218 2204 2205
f 2218 2205 2219
f 2219 2205 2206
f 2219 2206 955
f 955 2206 959
f 955 959 953
f 953 959 961
f 956 948 955
f 955 948 950
f 955 950 2219
f 2219 950 2220
f 2219 2220 2218
f 2218 2220 2221
f 2218 2221 2217
f 2217 2221 2222
f 2217 2222 2216
f 2216 2222 2223
f 2216 2223 2215
f 2215 2223 2224
f 2215 2224 2214
f 2214 2224 2225
f 2214 2225 2213
f 2213 2225 2226
f 2213 2226 2212
f 2212 2226 2227
f 2212 2227 2211
f 2211 2227 2228
f 2211 2228 2210
f 2210 2228 2229
f 2210 2229 2209
f 2209 2229 2230
f 2209 2230 2208
f 2208 2230 2231
f 2208 2231 2207
f 2207 2231 2232
f 2207 2232 687
f 687 2232 2233
f 687 2233 521
f 524 523 2233
f 2233 523 522
f 2233 522 521
f 525 524 686
f 686 524 2233
f 686 2233 2234
f 2234 2233 2232
f 2234 2232 2235
f 2235 2232 2231
f 2235 2231 2236
f 2236 2231 2230
f 2236 2230 2237
f 2237 2230 2229
f 2237 2229 2238
f 2238 2229 2228
f 2238 2228 2239
f 2239 2228 2227
f 2239 2227 2240
f 2240 2227 2226
f 2240 2226 2241
f 2241 2226 2225
f 2241 2225 2242
f 2242 2225 2224
f 2242 2224 2243
f 2243 2224 2223
f 2243 2223 2244
f 2244 2223 2222
f 2244 2222 2245
f 2245 2222 2221
f 2245 2221 2246
f 2246 2221 2220
f 2246 2220 945
f 945 2220 950
f 945 950 943
f 943 950 952
f 527 528 685
f 685 528 686
f 685 686 2247
f 2247 686 2234
f 2247 2234 2248
f 2248 2234 2235
f 2248 2235 2249
f 2249 2235 2236
f 2249 2236 2250
f 2250 2236 2237
f 2250 2237 2251
f 2251 2237 2238
f 2251 2238 2252
f 2252 2238 2239
f 2252 2239 2253
f 2253 2239 2240
f 2253 2240 2254
f 2254 2240 2241
f 2254 2241 2255
f 2255 2241 2242
f 2255 2242 2256
f 2256 2242 2243
f 2256 2243 2257
f 2257 2243 2244
f 2257 2244 2258
f 2258 2244 2245
f 2258 2245 2259
f 2259 2245 2246
f 2259 2246 940
f 940 2246 945
f 940 945 938
f 938 945 947
f 529 526 684
f 684 526 685
f 684 685 2260
f 2260 685 2247
f 2260 2247 2261
f 2261 2247 2248
f 2261 2248 2262
f 2262 2248 2249
f 2262 2249 2263
f 2263 2249 2250
f 2263 2250 2264
f 2264 2250 2251
f 2264 2251 2265
f 2265 2251 2252
f 2265 2252 2266
f 2266 2252 2253
f 2266 2253 2267
f 2267 2253 2254
f 2267 2254 2268
f 2268 2254 2255
f 2268 2255 2269
f 2269 2255 2256
f 2269 2256 2270
f 2270 2256 2257
f 2270 2257 2271
f 2271 2257 2258
f 2271 2258 2272
f 2272 2258 2259
f 2272 2259 931
f 931 2259 940
f 931 940 929
f 929 940 942
f 531 530 683
f 683 530 684
f 683 684 1799
f 1799 684 2260
f 1799 2260 1798
f 1798 2260 2261
f 1798 2261 1797
f 1797 2261 2262
f 1797 2262 1796
f 1796 2262 2263
f 1796 2263 1795
f 1795 2263 2264
f 1795 2264 1794
f 1794 2264 2265
f 1794 2265 1793
f 1793 2265 2266
f 1793 2266 1792
f 1792 2266 2267
f 1792 2267 1791
f 1791 2267 2268
f 1791 2268 1790
f 1790 2268 2269
f 1790 2269 1789
f 1789 2269 2270
f 1789 2270 1788
f 1788 2270 2271
f 1788 2271 1787
f 1787 2271 2272
f 1787 2272 935
f 935 2272 931
f 935 931 933
f 933 931 932
f 682 534 683
f 683 534 533
f 683 533 532
f 536 535 2273
f 2273 535 309
f 1366 2274 1367
f 1367 2274 2275
f 1367 2275 1443
f 1443 2275 2276
f 1443 2276 1566
f 1566 2276 2273
f 1566 2273 682
f 682 2273 309
f 682 309 308
f 541 538 2277
f 2277 538 537
f 2274 2278 2275
f 2275 2278 2279
f 2275 2279 2276
f 2276 2279 2277
f 2276 2277 2273
f 2273 2277 537
f 2273 537 536
f 2278 1800 2279
f 2279 1800 681
f 2279 681 2277
f 2277 681 540
f 2277 540 541
f 545 544 1801
f 1801 544 543
f 1801 543 681
f 681 543 542
f 681 542 539
f 546 545 680
f 680 545 1801
f 680 1801 2280
f 2280 1801 1800
f 2280 1800 2281
f 2281 1800 2278
f 2281 2278 2282
f 2282 2278 2274
f 2282 2274 2283
f 2283 2274 1366
f 2283 1366 2284
f 2284 1366 1364
f 2284 1364 2285
f 2285 1364 1362
f 2285 1362 2286
f 2286 1362 1360
f 2286 1360 2287
f 2287 1360 1358
f 2287 1358 2288
f 2288 1358 1356
f 2288 1356 2289
f 2289 1356 1354
f 2289 1354 2290
f 2290 1354 1352
f 2290 1352 2291
f 2291 1352 1350
f 2291 1350 2292
f 2292 1350 1348
f 2292 1348 905
f 905 1348 913
f 905 913 903
f 903 913 915
f 550 549 2293
f 2293 549 548
f 548 547 2293
f 2293 547 680
f 2293 680 2294
f 2294 680 2280
f 2294 2280 2295
f 2295 2280 2281
f 2295 2281 2296
f 2296 2281 2282
f 2296 2282 2297
f 2297 2282 2283
f 2297 2283 2298
f 2298 2283 2284
f 2298 2284 2299
f 2299 2284 2285
f 2299 2285 2300
f 2300 2285 2286
f 2300 2286 2301
f 2301 2286 2287
f 2301 2287 2302
f 2302 2287 2288
f 2302 2288 2303
f 2303 2288 2289
f 2303 2289 2304
f 2304 2289 2290
f 2304 2290 2305
f 2305 2290 2291
f 2305 2291 2306
f 2306 2291 2292
f 2306 2292 896
f 896 2292 905
f 896 905 894
f 894 905 907
f 897 898 896
f 896 898 900
f 896 900 2306
f 2306 900 2307
f 2306 2307 2305
f 2305 2307 2308
f 2305 2308 2304
f 2304 2308 2309
f 2304 2309 2303
f 2303 2309 2310
f 2303 2310 2302
f 2302 2310 2311
f 2302 2311 2301
f 2301 2311 2312
f 2301 2312 2300
f 2300 2312 2313
f 2300 2313 2299
f 2299 2313 2314
f 2299 2314 2298
f 2298 2314 2315
f 2298 2315 2297
f 2297 2315 2316
f 2297 2316 2296
f 2296 2316 2317
f 2296 2317 2295
f 2295 2317 2318
f 2295 2318 2294
f 2294 2318 2319
f 2294 2319 2293
f 2293 2319 2320
f 2293 2320 550
f 553 552 2320
f 2320 552 551
f 2320 551 550
f 902 889 900
f 900 889 891
f 900 891 2307
f 2307 891 2321
f 2307 2321 2308
f 2308 2321 2322
f 2308 2322 2309
f 2309 2322 2323
f 2309 2323 2310
f 2310 2323 2324
f 2310 2324 2311
f 2311 2324 2325
f 2311 2325 2312
f 2312 2325 2326
f 2312 2326 2313
f 2313 2326 2327
f 2313 2327 2314
f 2314 2327 2328
f 2314 2328 2315
f 2315 2328 2329
f 2315 2329 2316
f 2316 2329 2330
f 2316 2330 2317
f 2317 2330 2331
f 2317 2331 2318
f 2318 2331 2332
f 2318 2332 2319
f 2319 2332 2333
f 2319 2333 2320
f 2320 2333 2334
f 2320 2334 553
f 554 307 2334
f 2334 307 306
f 2334 306 553
f 555 554 679
f 679 554 2334
f 679 2334 2335
f 2335 2334 2333
f 2335 2333 2336
f 2336 2333 2332
f 2336 2332 2337
f 2337 2332 2331
f 2337 2331 2338
f 2338 2331 2330
f 2338 2330 2339
f 2339 2330 2329
f 2339 2329 2340
f 2340 2329 2328
f 2340 2328 2341
f 2341 2328 2327
f 2341 2327 2342
f 2342 2327 2326
f 2342 2326 2343
f 2343 2326 2325
f 2343 2325 2344
f 2344 2325 2324
f 2344 2324 2345
f 2345 2324 2323
f 2345 2323 2346
f 2346 2323 2322
f 2346 2322 2347
f 2347 2322 2321
f 2347 2321 886
f 886 2321 891
f 886 891 884
f 884 891 893
f 559 558 2348
f 2348 558 557
f 557 556 2348
f 2348 556 679
f 2348 679 2349
f 2349 679 2335
f 2349 2335 2350
f 2350 2335 2336
f 2350 2336 2351
f 2351 2336 2337
f 2351 2337 2352
f 2352 2337 2338
f 2352 2338 2353
f 2353 2338 2339
f 2353 2339 2354
f 2354 2339 2340
f 2354 2340 2355
f 2355 2340 2341
f 2355 2341 2356
f 2356 2341 2342
f 2356 2342 2357
f 2357 2342 2343
f 2357 2343 2358
f 2358 2343 2344
f 2358 2344 2359
f 2359 2344 2345
f 2359 2345 2360
f 2360 2345 2346
f 2360 2346 2361
f 2361 2346 2347
f 2361 2347 881
f 881 2347 886
f 881 886 879
f 879 886 888
f 560 559 678
f 678 559 2348
f 678 2348 2362
f 2362 2348 2349
f 2362 2349 2363
f 2363 2349 2350
f 2363 2350 2364
f 2364 2350 2351
f 2364 2351 2365
f 2365 2351 2352
f 2365 2352 2366
f 2366 2352 2353
f 2366 2353 2367
f 2367 2353 2354
f 2367 2354 2368
f 2368 2354 2355
f 2368 2355 2369
f 2369 2355 2356
f 2369 2356 2370
f 2370 2356 2357
f 2370 2357 2371
f 2371 2357 2358
f 2371 2358 2372
f 2372 2358 2359
f 2372 2359 2373
f 2373 2359 2360
f 2373 2360 2374
f 2374 2360 2361
f 2374 2361 872
f 872 2361 881
f 872 881 870
f 870 881 883
f 562 561 677
f 677 561 678
f 677 678 1814
f 1814 678 2362
f 1814 2362 1813
f 1813 2362 2363
f 1813 2363 1812
f 1812 2363 2364
f 1812 2364 1811
f 1811 2364 2365
f 1811 2365 1810
f 1810 2365 2366
f 1810 2366 1809
f 1809 2366 2367
f 1809 2367 1808
f 1808 2367 2368
f 1808 2368 1807
f 1807 2368 2369
f 1807 2369 1806
f 1806 2369 2370
f 1806 2370 1805
f 1805 2370 2371
f 1805 2371 1804
f 1804 2371 2372
f 1804 2372 1803
f 1803 2372 2373
f 1803 2373 1802
f 1802 2373 2374
f 1802 2374 876
f 876 2374 872
f 876 872 874
f 874 872 873
f 676 565 677
f 677 565 564
f 677 564 563
f 380 379 2375
f 2375 379 378
f 1465 2376 1466
f 1466 2376 2377
f 1466 2377 1579
f 1579 2377 2375
f 1579 2375 676
f 676 2375 378
f 676 378 376
f 2376 1815 2377
f 2377 1815 675
f 2377 675 2375
f 2375 675 325
f 2375 325 380
f 388 381 1816
f 1816 381 383
f 1816 383 675
f 675 383 384
f 675 384 326
f 387 388 674
f 674 388 1816
f 674 1816 2378
f 2378 1816 1815
f 2378 1815 2379
f 2379 1815 2376
f 2379 2376 2380
f 2380 2376 1465
f 2380 1465 2381
f 2381 1465 1463
f 2381 1463 2382
f 2382 1463 1461
f 2382 1461 2383
f 2383 1461 1459
f 2383 1459 2384
f 2384 1459 1457
f 2384 1457 2385
f 2385 1457 1455
f 2385 1455 2386
f 2386 1455 1453
f 2386 1453 2387
f 2387 1453 1451
f 2387 1451 2388
f 2388 1451 1449
f 2388 1449 2389
f 2389 1449 1447
f 2389 1447 2390
f 2390 1447 1445
f 2390 1445 848
f 848 1445 853
f 848 853 846
f 846 853 855
f 389 385 673
f 673 385 674
f 673 674 2391
f 2391 674 2378
f 2391 2378 2392
f 2392 2378 2379
f 2392 2379 2393
f 2393 2379 2380
f 2393 2380 2394
f 2394 2380 2381
f 2394 2381 2395
f 2395 2381 2382
f 2395 2382 2396
f 2396 2382 2383
f 2396 2383 2397
f 2397 2383 2384
f 2397 2384 2398
f 2398 2384 2385
f 2398 2385 2399
f 2399 2385 2386
f 2399 2386 2400
f 2400 2386 2387
f 2400 2387 2401
f 2401 2387 2388
f 2401 2388 2402
f 2402 2388 2389
f 2402 2389 2403
f 2403 2389 2390
f 2403 2390 843
f 843 2390 848
f 843 848 841
f 841 848 850
f 394 393 2404
f 2404 393 392
f 392 390 2404
f 2404 390 673
f 2404 673 2405
f 2405 673 2391
f 2405 2391 2406
f 2406 2391 2392
f 2406 2392 2407
f 2407 2392 2393
f 2407 2393 2408
f 2408 2393 2394
f 2408 2394 2409
f 2409 2394 2395
f 2409 2395 2410
f 2410 2395 2396
f 2410 2396 2411
f 2411 2396 2397
f 2411 2397 2412
f 2412 2397 2398
f 2412 2398 2413
f 2413 2398 2399
f 2413 2399 2414
f 2414 2399 2400
f 2414 2400 2415
f 2415 2400 2401
f 2415 2401 2416
f 2416 2401 2402
f 2416 2402 2417
f 2417 2402 2403
f 2417 2403 732
f 732 2403 843
f 732 843 845
f 845 843 844
f 731 836 732
f 732 836 838
f 732 838 2417
f 2417 838 2418
f 2417 2418 2416
f 2416 2418 2419
f 2416 2419 2415
f 2415 2419 2420
f 2415 2420 2414
f 2414 2420 2421
f 2414 2421 2413
f 2413 2421 2422
f 2413 2422 2412
f 2412 2422 2423
f 2412 2423 2411
f 2411 2423 2424
f 2411 2424 2410
f 2410 2424 2425
f 2410 2425 2409
f 2409 2425 2426
f 2409 2426 2408
f 2408 2426 2427
f 2408 2427 2407
f 2407 2427 2428
f 2407 2428 2406
f 2406 2428 2429
f 2406 2429 2405
f 2405 2429 2430
f 2405 2430 2404
f 2404 2430 2431
f 2404 2431 394
f 396 323 2431
f 2431 323 322
f 2431 322 394
f 397 396 672
f 672 396 2431
f 672 2431 2432
f 2432 2431 2430
f 2432 2430 2433
f 2433 2430 2429
f 2433 2429 2434
f 2434 2429 2428
f 2434 2428 2435
f 2435 2428 2427
f 2435 2427 2436
f 2436 2427 2426
f 2436 2426 2437
f 2437 2426 2425
f 2437 2425 2438
f 2438 2425 2424
f 2438 2424 2439
f 2439 2424 2423
f 2439 2423 2440
f 2440 2423 2422
f 2440 2422 2441
f 2441 2422 2421
f 2441 2421 2442
f 2442 2421 2420
f 2442 2420 2443
f 2443 2420 2419
f 2443 2419 2444
f 2444 2419 2418
f 2444 2418 829
f 829 2418 838
f 829 838 827
f 827 838 840
f 406 405 2445
f 2445 405 400
f 400 399 2445
f 2445 399 672
f 2445 672 2446
f 2446 672 2432
f 2446 2432 2447
f 2447 2432 2433
f 2447 2433 2448
f 2448 2433 2434
f 2448 2434 2449
f 2449 2434 2435
f 2449 2435 2450
f 2450 2435 2436
f 2450 2436 2451
f 2451 2436 2437
f 2451 2437 2452
f 2452 2437 2438
f 2452 2438 2453
f 2453 2438 2439
f 2453 2439 2454
f 2454 2439 2440
f 2454 2440 2455
f 2455 2440 2441
f 2455 2441 2456
f 2456 2441 2442
f 2456 2442 2457
f 2457 2442 2443
f 2457 2443 2458
f 2458 2443 2444
f 2458 2444 833
f 833 2444 829
f 833 829 831
f 831 829 830
f 2459 402 401
f 401 406 2459
f 2459 406 2445
f 2459 2445 2460
f 2460 2445 2446
f 2460 2446 2461
f 2461 2446 2447
f 2461 2447 2462
f 2462 2447 2448
f 2462 2448 2463
f 2463 2448 2449
f 2463 2449 2464
f 2464 2449 2450
f 2464 2450 2465
f 2465 2450 2451
f 2465 2451 2466
f 2466 2451 2452
f 2466 2452 2467
f 2467 2452 2453
f 2467 2453 2468
f 2468 2453 2454
f 2468 2454 2469
f 2469 2454 2455
f 2469 2455 2470
f 2470 2455 2456
f 2470 2456 2471
f 2471 2456 2457
f 2471 2457 2472
f 2472 2457 2458
f 2472 2458 824
f 824 2458 833
f 824 833 822
f 822 833 835
f 826 817 824
f 824 817 819
f 824 819 2472
f 2472 819 1201
f 2472 1201 2471
f 2471 1201 1202
f 2471 1202 2470
f 2470 1202 1203
f 2470 1203 2469
f 2469 1203 1204
f 2469 1204 2468
f 2468 1204 1205
f 2468 1205 2467
f 2467 1205 1206
f 2467 1206 2466
f 2466 1206 1207
f 2466 1207 2465
f 2465 1207 1208
f 2465 1208 2464
f 2464 1208 1267
f 2464 1267 2463
f 2463 1267 1368
f 2463 1368 2462
f 2462 1368 1817
f 2462 1817 2461
f 2461 1817 1818
f 2461 1818 2460
f 2460 1818 1819
f 2460 1819 2459
f 2459 1819 671
f 2459 671 402
f 402 671 403
f 413 412 1582
f 1582 412 411
f 1582 411 1675
f 1675 411 410
f 1675 410 671
f 671 410 408
f 671 408 407
f 2473 2474 924
f 2475 2476 1012
f 2477 2478 1153
f 2479 1169 2480
f 2480 1169 1168
f 2480 1168 2481
f 1143 1152 2482
f 1147 2483 1134
f 1134 2483 2484
f 2485 1127 2486
f 2486 1127 1125
f 2486 1125 2487
f 2487 1125 1124
f 2487 1124 2488
f 2489 1092 2490
f 2490 1092 1091
f 2490 1091 2491
f 2492 1078 2493
f 2493 1078 1077
f 2493 1077 2494
f 2495 1067 2496
f 2496 1067 1066
f 2496 1066 2497
f 2498 1064 2495
f 2495 1064 1063
f 2495 1063 1067
f 2499 1060 2500
f 2500 1060 1058
f 2500 1058 2501
f 2502 1038 2503
f 2503 1038 1037
f 2503 1037 2504
f 2504 1037 1035
f 2504 1035 2505
f 2506 1021 2507
f 2507 1021 1020
f 2507 1020 2508
f 1012 2476 1013
f 1013 2476 2509
f 1013 2509 1009
f 1009 2509 2510
f 1009 2510 1010
f 924 2474 925
f 2511 897 2512
f 2512 897 895
f 2512 895 2513
f 2513 895 894
f 2513 894 2514
f 2515 887 2516
f 2516 887 885
f 2516 885 2517
f 2518 877 2519
f 2519 877 875
f 2519 875 2520
f 2521 859 2522
f 2522 859 857
f 2522 857 2523
f 2524 842 2525
f 2525 842 841
f 2525 841 2526
f 2527 828 2528
f 2528 828 827
f 2528 827 2529
f 2529 827 840
f 2529 840 2530
f 2531 822 2532
f 2532 822 835
f 2532 835 2533
f 2534 2535 813
f 2536 800 2537
f 2537 800 809
f 2537 809 2538
f 2539 784 2540
f 2540 784 782
f 2540 782 2541
f 2542 2543 765
f 765 2543 766
f 766 2543 2544
f 766 2544 768
f 2545 2546 757
f 736 2547 737
f 1168 740 2481
f 2481 740 739
f 2481 739 2548
f 2548 739 737
f 2548 737 2547
f 2549 1164 2550
f 2550 1164 1163
f 2550 1163 2551
f 2551 1163 1172
f 2551 1172 2479
f 2479 1172 1171
f 2479 1171 1169
f 2552 1161 2553
f 2553 1161 1162
f 2553 1162 2554
f 2554 1162 1167
f 2554 1167 2549
f 2549 1167 1166
f 2549 1166 1164
f 2477 1153 2555
f 1153 722 2555
f 2555 722 721
f 2555 721 2556
f 2556 721 1158
f 2556 1158 2552
f 2552 1158 1159
f 2552 1159 1161
f 1152 1151 2482
f 2482 1151 1149
f 2482 1149 2557
f 2557 1149 2558
f 1149 1148 2558
f 2558 1148 1157
f 2558 1157 2559
f 2559 1157 1156
f 2559 1156 2478
f 2478 1156 1154
f 2478 1154 1153
f 1146 2560 1147
f 1147 2560 2561
f 1147 2561 2483
f 2482 2562 1143
f 1143 2562 2560
f 1143 2560 1144
f 1144 2560 1146
f 2563 2564 1139
f 1139 2564 2565
f 1139 2565 1141
f 1139 1138 2563
f 2563 1138 1137
f 2563 1137 2484
f 2484 1137 1135
f 2484 1135 1134
f 1124 1133 2488
f 2488 1133 1132
f 2488 1132 2566
f 2566 1132 1130
f 2566 1130 2567
f 2567 1130 1129
f 2567 1129 2565
f 2565 1129 1142
f 2565 1142 1141
f 2568 1122 2569
f 2569 1122 1120
f 2569 1120 2570
f 2570 1120 1119
f 2570 1119 2485
f 2485 1119 1128
f 2485 1128 1127
f 2571 1111 2572
f 2572 1111 1110
f 2572 1110 2568
f 2568 1110 1123
f 2568 1123 1122
f 2573 1117 2574
f 2574 1117 1115
f 2574 1115 2575
f 2575 1115 1114
f 2575 1114 2571
f 2571 1114 1113
f 2571 1113 1111
f 2576 1106 2577
f 2577 1106 1105
f 2577 1105 2573
f 2573 1105 1118
f 2573 1118 1117
f 1091 1104 2491
f 2491 1104 1103
f 2491 1103 2578
f 2578 1103 1101
f 2578 1101 2579
f 2579 1101 1100
f 2579 1100 2580
f 2580 1100 1109
f 2580 1109 2576
f 2576 1109 1108
f 2576 1108 1106
f 2581 1098 2582
f 2582 1098 1096
f 2582 1096 2583
f 2583 1096 1095
f 2583 1095 2489
f 2489 1095 1094
f 2489 1094 1092
f 1077 1090 2494
f 2494 1090 1089
f 2494 1089 2584
f 2584 1089 1087
f 2584 1087 2585
f 2585 1087 1086
f 2585 1086 2581
f 2581 1086 1099
f 2581 1099 1098
f 2586 1084 2587
f 2587 1084 1082
f 2587 1082 2588
f 2588 1082 1081
f 2588 1081 2492
f 2492 1081 1080
f 2492 1080 1078
f 2589 1075 2590
f 2590 1075 1073
f 2590 1073 2591
f 2591 1073 1072
f 2591 1072 2586
f 2586 1072 1085
f 2586 1085 1084
f 1066 1065 2497
f 2497 1065 1068
f 2497 1068 2592
f 2592 1068 1070
f 2592 1070 2593
f 2593 1070 1071
f 2593 1071 2589
f 2589 1071 1076
f 2589 1076 1075
f 1058 1057 2501
f 2501 1057 1056
f 2501 1056 2594
f 2594 1056 1054
f 2594 1054 2498
f 2498 1054 1053
f 2498 1053 1064
f 2595 1052 2596
f 2596 1052 1051
f 2596 1051 2597
f 2597 1051 1049
f 2597 1049 2598
f 2598 1049 1048
f 2598 1048 2499
f 2499 1048 1061
f 2499 1061 1060
f 2599 1046 2600
f 2600 1046 1044
f 2600 1044 2595
f 2595 1044 1043
f 2595 1043 1052
f 1035 1034 2505
f 2505 1034 1039
f 2505 1039 2601
f 2601 1039 1041
f 2601 1041 2602
f 2602 1041 1042
f 2602 1042 2599
f 2599 1042 1047
f 2599 1047 1046
f 1020 1033 2508
f 2508 1033 1032
f 2508 1032 2603
f 2603 1032 1030
f 2603 1030 2502
f 2502 1030 1029
f 2502 1029 1038
f 2604 1027 2605
f 2605 1027 1025
f 2605 1025 2606
f 2606 1025 1024
f 2606 1024 2506
f 2506 1024 1023
f 2506 1023 1021
f 2607 1018 2608
f 2608 1018 1016
f 2608 1016 2609
f 2609 1016 1015
f 2609 1015 2604
f 2604 1015 1028
f 2604 1028 1027
f 1012 1011 2475
f 2475 1011 725
f 2475 725 2610
f 2610 725 724
f 2610 724 2611
f 2611 724 1014
f 2611 1014 2607
f 2607 1014 1019
f 2607 1019 1018
f 1010 2510 999
f 999 2510 2612
f 999 2612 1000
f 1000 2612 2613
f 1000 2613 1002
f 1002 2613 1003
f 1003 2613 2614
f 1003 2614 1004
f 1004 2614 2615
f 1004 2615 1006
f 1006 2615 2616
f 1006 2616 1007
f 1007 2616 994
f 994 2616 2617
f 994 2617 995
f 995 2617 2618
f 995 2618 997
f 997 2618 998
f 998 2618 2619
f 998 2619 985
f 985 2619 2620
f 985 2620 986
f 986 2620 2621
f 986 2621 988
f 988 2621 989
f 989 2621 2622
f 989 2622 990
f 990 2622 2623
f 990 2623 992
f 992 2623 2624
f 992 2624 993
f 993 2624 980
f 980 2624 2625
f 980 2625 981
f 981 2625 2626
f 981 2626 983
f 983 2626 984
f 984 2626 2627
f 984 2627 972
f 972 2627 2628
f 972 2628 973
f 973 2628 2629
f 973 2629 975
f 975 2629 2630
f 975 2630 979
f 979 2630 2631
f 979 2631 978
f 978 2631 2632
f 978 2632 976
f 976 2632 967
f 967 2632 2633
f 967 2633 968
f 968 2633 2634
f 968 2634 970
f 970 2634 2635
f 970 2635 971
f 971 2635 962
f 962 2635 2636
f 962 2636 963
f 963 2636 2637
f 963 2637 965
f 965 2637 966
f 966 2637 2638
f 966 2638 957
f 957 2638 2639
f 957 2639 958
f 958 2639 2640
f 958 2640 960
f 960 2640 961
f 961 2640 2641
f 961 2641 953
f 953 2641 2642
f 953 2642 954
f 954 2642 2643
f 954 2643 956
f 956 2643 948
f 948 2643 2644
f 948 2644 949
f 949 2644 2645
f 949 2645 951
f 951 2645 952
f 952 2645 2646
f 952 2646 943
f 943 2646 2647
f 943 2647 944
f 944 2647 2648
f 944 2648 946
f 946 2648 947
f 947 2648 2649
f 947 2649 938
f 938 2649 2650
f 938 2650 939
f 939 2650 2651
f 939 2651 941
f 941 2651 942
f 942 2651 2652
f 942 2652 929
f 929 2652 2653
f 929 2653 930
f 930 2653 932
f 932 2653 2654
f 932 2654 933
f 933 2654 2655
f 933 2655 934
f 934 2655 2656
f 934 2656 936
f 2473 924 2656
f 2656 924 937
f 2656 937 936
f 925 2474 927
f 927 2474 2657
f 927 2657 928
f 928 2657 2658
f 928 2658 923
f 923 2658 2659
f 923 2659 727
f 727 2659 2660
f 727 2660 728
f 728 2660 920
f 920 2660 2661
f 920 2661 921
f 921 2661 2662
f 921 2662 922
f 2663 910 2664
f 2664 910 909
f 2664 909 2665
f 2665 909 919
f 2665 919 2666
f 2666 919 918
f 2666 918 2662
f 2662 918 917
f 2662 917 922
f 2667 914 2668
f 2668 914 912
f 2668 912 2663
f 2663 912 911
f 2663 911 910
f 894 907 2514
f 2514 907 906
f 2514 906 2669
f 2669 906 904
f 2669 904 2670
f 2670 904 903
f 2670 903 2667
f 2667 903 915
f 2667 915 914
f 2671 902 2672
f 2672 902 901
f 2672 901 2673
f 2673 901 899
f 2673 899 2511
f 2511 899 898
f 2511 898 897
f 885 884 2517
f 2517 884 893
f 2517 893 2674
f 2674 893 892
f 2674 892 2675
f 2675 892 890
f 2675 890 2671
f 2671 890 889
f 2671 889 902
f 2676 880 2677
f 2677 880 879
f 2677 879 2515
f 2515 879 888
f 2515 888 887
f 875 874 2520
f 2520 874 873
f 2520 873 2678
f 2678 873 871
f 2678 871 2679
f 2679 871 870
f 2679 870 2680
f 2680 870 883
f 2680 883 2676
f 2676 883 882
f 2676 882 880
f 2681 868 2682
f 2682 868 866
f 2682 866 2683
f 2683 866 865
f 2683 865 2518
f 2518 865 878
f 2518 878 877
f 857 856 2523
f 2523 856 864
f 2523 864 2684
f 2684 864 862
f 2684 862 2685
f 2685 862 861
f 2685 861 2681
f 2681 861 869
f 2681 869 868
f 2686 854 2687
f 2687 854 852
f 2687 852 2688
f 2688 852 851
f 2688 851 2521
f 2521 851 860
f 2521 860 859
f 841 850 2526
f 2526 850 849
f 2526 849 2689
f 2689 849 847
f 2689 847 2690
f 2690 847 846
f 2690 846 2686
f 2686 846 855
f 2686 855 854
f 840 839 2530
f 2530 839 837
f 2530 837 2691
f 2691 837 836
f 2691 836 2692
f 2692 836 731
f 2692 731 2693
f 2693 731 730
f 2693 730 2694
f 2694 730 845
f 2694 845 2524
f 2524 845 844
f 2524 844 842
f 835 834 2533
f 2533 834 832
f 2533 832 2695
f 2695 832 831
f 2695 831 2527
f 2527 831 830
f 2527 830 828
f 2696 818 2697
f 2697 818 817
f 2697 817 2698
f 2698 817 826
f 2698 826 2699
f 2699 826 825
f 2699 825 2531
f 2531 825 823
f 2531 823 822
f 813 815 2534
f 2534 815 816
f 2534 816 2700
f 2700 816 821
f 2700 821 2696
f 2696 821 820
f 2696 820 818
f 809 808 2538
f 2538 808 806
f 2538 806 2701
f 2701 806 805
f 2701 805 2702
f 2702 805 812
f 2702 812 2535
f 2535 812 811
f 2535 811 813
f 2703 796 2704
f 2704 796 795
f 2704 795 2705
f 2705 795 804
f 2705 804 2706
f 2706 804 803
f 2706 803 2536
f 2536 803 801
f 2536 801 800
f 2707 799 2703
f 2703 799 798
f 2703 798 796
f 2708 791 2709
f 2709 791 793
f 2709 793 2707
f 2707 793 794
f 2707 794 799
f 782 781 2541
f 2541 781 790
f 2541 790 2710
f 2710 790 789
f 2710 789 2711
f 2711 789 787
f 2711 787 2708
f 2708 787 786
f 2708 786 791
f 2712 777 2713
f 2713 777 776
f 2713 776 2539
f 2539 776 785
f 2539 785 784
f 2714 774 2715
f 2715 774 773
f 2715 773 2716
f 2716 773 780
f 2716 780 2712
f 2712 780 779
f 2712 779 777
f 765 772 2542
f 2542 772 771
f 2542 771 2714
f 2714 771 775
f 2714 775 774
f 2717 764 2718
f 2718 764 763
f 2718 763 2719
f 2719 763 761
f 2719 761 2720
f 2720 761 760
f 2720 760 2544
f 2544 760 769
f 2544 769 768
f 757 755 2545
f 2545 755 754
f 2545 754 2721
f 2721 754 2722
f 754 734 2722
f 2722 734 733
f 2722 733 2717
f 2717 733 759
f 2717 759 764
f 2723 750 2724
f 2724 750 749
f 2724 749 2725
f 2725 749 748
f 2725 748 2726
f 2726 748 746
f 2726 746 2727
f 2727 746 745
f 2727 745 2546
f 2546 745 758
f 2546 758 757
f 736 744 2547
f 2547 744 742
f 2547 742 2728
f 2728 742 741
f 2728 741 2729
f 2729 741 753
f 2729 753 2723
f 2723 753 752
f 2723 752 750
f 2650 2649 2730
f 2731 2547 2728
f 2662 2661 2732
f 2513 2514 2733
f 2563 2484 2734
f 2662 2732 2666
f 2481 2731 2480
f 2480 2731 2735
f 2481 2548 2731
f 2731 2548 2547
f 2550 2551 2735
f 2735 2551 2479
f 2735 2479 2480
f 2563 2734 2564
f 2642 2736 2643
f 2643 2736 2737
f 2643 2737 2644
f 2644 2737 2645
f 2650 2730 2651
f 2550 2735 2549
f 2549 2735 2738
f 2549 2738 2554
f 2655 2654 2739
f 2739 2654 2653
f 2739 2653 2730
f 2730 2653 2652
f 2730 2652 2651
f 2556 2552 2738
f 2738 2552 2553
f 2738 2553 2554
f 2740 2496 2497
f 2496 2740 2495
f 2741 2605 2606
f 2605 2741 2604
f 2649 2648 2730
f 2730 2648 2647
f 2730 2647 2737
f 2737 2647 2646
f 2737 2646 2645
f 2668 2663 2742
f 2742 2663 2664
f 2742 2664 2732
f 2732 2664 2665
f 2732 2665 2666
f 2513 2733 2512
f 2512 2733 2743
f 2512 2743 2511
f 2671 2672 2743
f 2743 2672 2673
f 2743 2673 2511
f 2559 2478 2744
f 2744 2478 2477
f 2744 2477 2738
f 2738 2477 2555
f 2738 2555 2556
f 2484 2483 2734
f 2734 2483 2561
f 2734 2561 2745
f 2745 2561 2560
f 2745 2560 2562
f 2488 2566 2746
f 2746 2566 2567
f 2746 2567 2734
f 2734 2567 2565
f 2734 2565 2564
f 2574 2575 2747
f 2747 2575 2571
f 2497 2592 2740
f 2740 2592 2593
f 2740 2593 2748
f 2748 2593 2589
f 2748 2589 2590
f 2590 2591 2748
f 2748 2591 2586
f 2748 2586 2749
f 2749 2586 2587
f 2749 2587 2588
f 2606 2506 2741
f 2741 2506 2507
f 2741 2507 2750
f 2750 2507 2508
f 2750 2508 2603
f 2603 2502 2750
f 2750 2502 2503
f 2750 2503 2751
f 2751 2503 2504
f 2751 2504 2505
f 2657 2474 2752
f 2752 2474 2473
f 2752 2473 2739
f 2739 2473 2656
f 2739 2656 2655
f 2661 2660 2732
f 2732 2660 2659
f 2732 2659 2752
f 2752 2659 2658
f 2752 2658 2657
f 2514 2669 2733
f 2733 2669 2670
f 2733 2670 2742
f 2742 2670 2667
f 2742 2667 2668
f 2562 2482 2745
f 2745 2482 2557
f 2745 2557 2744
f 2744 2557 2558
f 2744 2558 2559
f 2571 2572 2747
f 2747 2572 2568
f 2747 2568 2753
f 2753 2568 2569
f 2753 2569 2570
f 2584 2585 2754
f 2754 2585 2581
f 2588 2492 2749
f 2749 2492 2493
f 2749 2493 2754
f 2754 2493 2494
f 2754 2494 2584
f 2600 2595 2755
f 2755 2595 2596
f 2616 2615 2756
f 2756 2615 2614
f 2642 2641 2736
f 2736 2641 2640
f 2736 2640 2639
f 2683 2518 2757
f 2757 2518 2519
f 2545 2721 2758
f 2758 2721 2722
f 2722 2717 2758
f 2758 2717 2718
f 2758 2718 2759
f 2759 2718 2719
f 2759 2719 2720
f 2728 2729 2731
f 2731 2729 2723
f 2731 2723 2760
f 2760 2723 2724
f 2760 2724 2725
f 2725 2726 2760
f 2760 2726 2727
f 2760 2727 2758
f 2758 2727 2546
f 2758 2546 2545
f 2570 2485 2753
f 2753 2485 2486
f 2753 2486 2746
f 2746 2486 2487
f 2746 2487 2488
f 2580 2576 2761
f 2761 2576 2577
f 2761 2577 2747
f 2747 2577 2573
f 2747 2573 2574
f 2581 2582 2754
f 2754 2582 2583
f 2754 2583 2762
f 2762 2583 2489
f 2762 2489 2490
f 2596 2597 2755
f 2755 2597 2598
f 2755 2598 2763
f 2763 2598 2499
f 2763 2499 2500
f 2505 2601 2751
f 2751 2601 2602
f 2751 2602 2755
f 2755 2602 2599
f 2755 2599 2600
f 2614 2613 2756
f 2756 2613 2612
f 2756 2612 2764
f 2764 2612 2510
f 2764 2510 2509
f 2509 2476 2764
f 2764 2476 2475
f 2764 2475 2765
f 2765 2475 2610
f 2765 2610 2611
f 2620 2619 2766
f 2766 2619 2618
f 2766 2618 2756
f 2756 2618 2617
f 2756 2617 2616
f 2624 2623 2767
f 2767 2623 2622
f 2767 2622 2766
f 2766 2622 2621
f 2766 2621 2620
f 2768 2630 2629
f 2768 2626 2767
f 2767 2626 2625
f 2767 2625 2624
f 2769 2635 2634
f 2519 2520 2757
f 2757 2520 2678
f 2757 2678 2770
f 2770 2678 2679
f 2770 2679 2680
f 2688 2521 2771
f 2771 2521 2522
f 2771 2522 2772
f 2772 2522 2523
f 2772 2523 2684
f 2525 2526 2773
f 2773 2526 2689
f 2689 2690 2773
f 2773 2690 2686
f 2773 2686 2771
f 2771 2686 2687
f 2771 2687 2688
f 2695 2527 2774
f 2774 2527 2528
f 2528 2529 2774
f 2774 2529 2530
f 2774 2530 2775
f 2775 2530 2691
f 2775 2691 2692
f 2537 2538 2776
f 2776 2538 2701
f 2712 2777 2716
f 2716 2777 2778
f 2716 2778 2715
f 2715 2778 2714
f 2720 2544 2759
f 2759 2544 2543
f 2759 2543 2778
f 2778 2543 2542
f 2778 2542 2714
f 2490 2491 2762
f 2762 2491 2578
f 2762 2578 2761
f 2761 2578 2579
f 2761 2579 2580
f 2500 2501 2763
f 2763 2501 2594
f 2763 2594 2740
f 2740 2594 2498
f 2740 2498 2495
f 2611 2607 2765
f 2765 2607 2608
f 2765 2608 2741
f 2741 2608 2609
f 2741 2609 2604
f 2629 2628 2768
f 2768 2628 2627
f 2768 2627 2626
f 2634 2633 2769
f 2769 2633 2632
f 2769 2632 2768
f 2768 2632 2631
f 2768 2631 2630
f 2639 2638 2736
f 2736 2638 2637
f 2736 2637 2769
f 2769 2637 2636
f 2769 2636 2635
f 2516 2517 2779
f 2779 2517 2674
f 2779 2674 2743
f 2743 2674 2675
f 2743 2675 2671
f 2680 2676 2770
f 2770 2676 2677
f 2770 2677 2779
f 2779 2677 2515
f 2779 2515 2516
f 2684 2685 2772
f 2772 2685 2681
f 2772 2681 2757
f 2757 2681 2682
f 2757 2682 2683
f 2699 2531 2780
f 2780 2531 2532
f 2780 2532 2774
f 2774 2532 2533
f 2774 2533 2695
f 2701 2702 2776
f 2776 2702 2535
f 2776 2535 2781
f 2781 2535 2534
f 2781 2534 2700
f 2700 2696 2781
f 2781 2696 2697
f 2781 2697 2780
f 2780 2697 2698
f 2780 2698 2699
f 2692 2693 2775
f 2775 2693 2694
f 2775 2694 2773
f 2773 2694 2524
f 2773 2524 2525
f 2704 2705 2782
f 2782 2705 2706
f 2782 2706 2776
f 2776 2706 2536
f 2776 2536 2537
f 2708 2709 2783
f 2783 2709 2707
f 2783 2707 2782
f 2782 2707 2703
f 2782 2703 2704
f 2712 2713 2777
f 2777 2713 2539
f 2777 2539 2540
f 2540 2541 2777
f 2777 2541 2710
f 2777 2710 2783
f 2783 2710 2711
f 2783 2711 2708
f 636 638 2784
f 2784 638 640
f 2784 640 642
f 668 669 2784
f 2784 669 635
f 2784 635 636
f 665 666 2784
f 2784 666 667
f 2784 667 668
f 662 663 2784
f 2784 663 664
f 2784 664 665
f 659 660 2784
f 2784 660 661
f 2784 661 662
f 654 656 2784
f 2784 656 658
f 2784 658 659
f 648 650 2784
f 2784 650 652
f 2784 652 654
f 642 644 2784
f 2784 644 646
f 2784 646 648

