# https://github.com/mikedh/trimesh
mtllib mtl_thumb_right_link
usemtl mtl_thumb_right_link
v -0.00400000 -0.00928125 -0.01347081
v -0.00400000 -0.00928100 -0.01777405
v -0.00386502 -0.00928100 -0.01762453
v -0.00386078 -0.00928125 -0.01332167
v -0.00372331 -0.00928100 -0.01747225
v -0.00372331 -0.00928100 -0.01317817
v -0.00487077 -0.00908311 -0.02290837
v -0.00500694 -0.00912727 -0.02277405
v -0.00368132 -0.00838347 -0.02295199
v -0.00319682 -0.00928125 -0.01694004
v -0.00293219 -0.00904997 -0.01699898
v -0.00258280 -0.00928125 -0.01636943
v -0.00321857 -0.00882633 -0.01765782
v -0.00393435 -0.00919352 -0.01784826
v -0.00431522 -0.00902103 -0.01869207
v -0.00353554 -0.00853553 -0.01869289
v -0.00458431 -0.00888730 -0.01956620
v -0.00368133 -0.00838347 -0.01943218
v -0.00472765 -0.00881188 -0.02037003
v -0.00378230 -0.00827020 -0.02030290
v -0.00477632 -0.00878560 -0.02119208
v -0.00381580 -0.00823105 -0.02119209
v -0.00378238 -0.00827011 -0.02208027
v -0.00527202 -0.00919937 -0.02241585
v -0.00540314 -0.00922222 -0.02212547
v -0.00547301 -0.00922132 -0.02181769
v -0.00542917 -0.00916253 -0.02119208
v -0.00258281 -0.00928125 -0.02601475
v -0.00319682 -0.00928125 -0.02544413
v -0.00293229 -0.00904990 -0.02538499
v -0.00372269 -0.00928125 -0.02491297
v -0.00321857 -0.00882633 -0.02472636
v -0.00394355 -0.00918958 -0.02451841
v -0.00353554 -0.00853553 -0.02369128
v -0.00424216 -0.00905561 -0.02387739
v -0.00448001 -0.00894033 -0.02320569
v -0.00314470 -0.00928125 -0.01262738
v -0.00258281 -0.00928125 -0.01217239
v -0.00500000 0.00130810 -0.02082048
v -0.00515587 0.00139209 -0.02091047
v -0.00500000 0.00253125 -0.02082048
v -0.00523317 0.00201040 -0.02095511
v -0.00529241 0.00253125 -0.02098930
v -0.00532743 0.00256319 -0.02100952
v -0.00520854 0.00069527 -0.02028123
v -0.00500000 0.00000000 -0.01963061
v -0.00529940 -0.00000000 -0.01965672
v -0.00520854 -0.00069527 -0.02028123
v -0.00500000 -0.00130809 -0.02082048
v -0.00515586 -0.00139209 -0.02091047
v -0.00500000 -0.00309375 -0.01932150
v -0.00553676 -0.00309375 -0.01839180
v -0.00500000 -0.00309375 -0.01757288
v -0.00554324 -0.00309375 -0.01813928
v -0.00554931 -0.00309375 -0.01789003
v -0.00914007 -0.00590925 -0.01836553
v -0.00905573 -0.00581256 -0.01839719
v -0.00915853 -0.00588214 -0.01830158
v -0.00905912 -0.00575959 -0.01833002
v -0.00888674 -0.00567086 -0.01852736
v -0.00892873 -0.00565194 -0.01843368
v -0.00901096 -0.00571248 -0.01835950
v -0.00875362 -0.00562500 -0.01870689
v -0.00884354 -0.00562500 -0.01855114
v -0.00889238 -0.00563483 -0.01847756
v -0.00920355 -0.00598757 -0.01835070
v -0.00918723 -0.00592418 -0.01830259
v -0.00926764 -0.00606551 -0.01833648
v -0.00500000 -0.00168750 -0.01757289
v -0.00562854 -0.00255865 -0.01793578
v -0.00571848 -0.00176295 -0.01798770
v -0.00571363 -0.00172524 -0.01798491
v -0.00570891 -0.00168750 -0.01798218
v -0.00533827 -0.00253125 -0.02090986
v -0.00533283 -0.00254721 -0.02095970
v -0.00531534 -0.00253125 -0.02094958
v -0.00532743 -0.00256319 -0.02100953
v -0.00529241 -0.00253125 -0.02098930
v -0.00979963 0.00562500 -0.02448330
v -0.01046049 0.00545625 -0.02405295
v -0.01037612 0.00562500 -0.02390680
v -0.01116361 0.00545625 -0.02386455
v -0.01116362 0.00562500 -0.02369579
v -0.01186675 0.00545625 -0.02405295
v -0.01195112 0.00562500 -0.02390681
v -0.01238147 0.00545625 -0.02456767
v -0.01252760 0.00562500 -0.02448330
v -0.01256987 0.00545625 -0.02527080
v -0.01273862 0.00562500 -0.02527080
v -0.01238147 0.00545625 -0.02597392
v -0.01252760 0.00562500 -0.02605830
v -0.01186675 0.00545625 -0.02648865
v -0.01195112 0.00562500 -0.02663479
v -0.01116362 0.00545625 -0.02667705
v -0.01116362 0.00562500 -0.02684579
v -0.01046050 0.00545625 -0.02648865
v -0.01037612 0.00562500 -0.02663479
v -0.00994577 0.00545625 -0.02597392
v -0.00979963 0.00562500 -0.02605830
v -0.00975737 0.00545625 -0.02527079
v -0.00958861 0.00562500 -0.02527080
v -0.00994577 0.00545625 -0.02456767
v -0.00979963 -0.00562500 -0.02448330
v -0.00975737 -0.00545625 -0.02527080
v -0.00958862 -0.00562500 -0.02527080
v -0.00994577 -0.00545625 -0.02597393
v -0.00979963 -0.00562500 -0.02605830
v -0.01046050 -0.00545625 -0.02648864
v -0.01037612 -0.00562500 -0.02663479
v -0.01116362 -0.00545625 -0.02667705
v -0.01116362 -0.00562500 -0.02684579
v -0.01186674 -0.00545625 -0.02648865
v -0.01195112 -0.00562500 -0.02663479
v -0.01238146 -0.00545625 -0.02597393
v -0.01252760 -0.00562500 -0.02605830
v -0.01256987 -0.00545625 -0.02527080
v -0.01273862 -0.00562500 -0.02527080
v -0.01238147 -0.00545625 -0.02456767
v -0.01252760 -0.00562500 -0.02448330
v -0.01186674 -0.00545625 -0.02405296
v -0.01195112 -0.00562500 -0.02390681
v -0.01116362 -0.00545625 -0.02386455
v -0.01116362 -0.00562500 -0.02369579
v -0.01046050 -0.00545625 -0.02405295
v -0.01037611 -0.00562500 -0.02390681
v -0.00994576 -0.00545625 -0.02456768
v -0.01055469 0.00545625 -0.02562237
v -0.01081206 0.00545625 -0.02587972
v -0.01116362 0.00545625 -0.02597392
v -0.01151518 0.00545625 -0.02587973
v -0.01177255 0.00545625 -0.02562236
v -0.01186674 0.00545625 -0.02527080
v -0.01177254 0.00545625 -0.02491924
v -0.01151518 0.00545625 -0.02466188
v -0.01116362 0.00545625 -0.02456767
v -0.01081205 0.00545625 -0.02466188
v -0.01055469 0.00545625 -0.02491924
v -0.01046049 0.00545625 -0.02527080
v -0.01116362 -0.00545625 -0.02456767
v -0.01151518 -0.00545625 -0.02466187
v -0.01177254 -0.00545625 -0.02491923
v -0.01186674 -0.00545625 -0.02527080
v -0.01177254 -0.00545625 -0.02562236
v -0.01151518 -0.00545625 -0.02587972
v -0.01116362 -0.00545625 -0.02597393
v -0.01081205 -0.00545625 -0.02587973
v -0.01055469 -0.00545625 -0.02562236
v -0.01046049 -0.00545625 -0.02527080
v -0.01055470 -0.00545625 -0.02491923
v -0.01081206 -0.00545625 -0.02466187
v -0.00642659 -0.00562500 -0.02779817
v -0.00850609 -0.00562500 -0.02899877
v -0.00845800 -0.00560804 -0.02908207
v -0.00652427 -0.00559003 -0.02801138
v -0.00841570 -0.00555920 -0.02915533
v -0.00654511 -0.00554286 -0.02809595
v -0.00838431 -0.00548438 -0.02920971
v -0.00653747 -0.00548437 -0.02814343
v -0.00654069 -0.00549512 -0.02813775
v -0.00651618 -0.00541839 -0.02817513
v -0.00834620 -0.00535236 -0.02927572
v -0.00649615 -0.00535236 -0.02820758
v -0.00579521 -0.00159505 -0.02919470
v -0.00583947 -0.00208596 -0.02913273
v -0.00778145 -0.00208595 -0.03025389
v -0.00827441 -0.00508272 -0.02940006
v -0.00622124 -0.00436414 -0.02859669
v -0.00804365 -0.00403076 -0.02979974
v -0.00614526 -0.00403080 -0.02870372
v -0.00585829 -0.00226128 -0.02910636
v -0.00596202 -0.00304004 -0.02896100
v -0.00601495 -0.00336197 -0.02888679
v -0.00576583 -0.00115490 -0.02923576
v -0.00769098 -0.00000000 -0.03041058
v -0.00573362 -0.00000000 -0.02928051
v -0.00769124 0.00011358 -0.03041013
v -0.00774702 0.00164639 -0.03031351
v -0.00578937 0.00151800 -0.02920287
v -0.00576860 0.00120357 -0.02923188
v -0.00797222 0.00362102 -0.02992346
v -0.00606208 0.00362105 -0.02882066
v -0.00602574 0.00342333 -0.02887166
v -0.00595693 0.00300701 -0.02896813
v -0.00586940 0.00235824 -0.02909078
v -0.00579927 0.00164641 -0.02918902
v -0.00625244 0.00449186 -0.02855267
v -0.00834620 0.00535236 -0.02927571
v -0.00649614 0.00535236 -0.02820759
v -0.00651618 0.00541839 -0.02817513
v -0.00838431 0.00548437 -0.02920970
v -0.00653747 0.00548438 -0.02814342
v -0.01528487 0.00618750 -0.02186918
v -0.01520697 0.00604148 -0.02181718
v -0.01526157 0.00600564 -0.02188841
v -0.01517431 0.00599676 -0.02180851
v -0.01522674 0.00590625 -0.02191716
v -0.01509548 0.00590925 -0.02180389
v -0.01516695 0.00580198 -0.02196651
v -0.01504991 0.00578976 -0.02188281
v -0.01503389 0.00576007 -0.02191056
v -0.01506796 0.00570036 -0.02204821
v -0.01497748 0.00568516 -0.02200826
v -0.01485105 0.00562500 -0.02222725
v -0.01485105 -0.00562500 -0.02222725
v -0.01497748 -0.00568516 -0.02200826
v -0.01501047 -0.00566436 -0.02209566
v -0.01520697 -0.00604148 -0.02181718
v -0.01528486 -0.00618750 -0.02186919
v -0.01526185 -0.00600672 -0.02188818
v -0.01506795 -0.00570036 -0.02204822
v -0.01503389 -0.00576007 -0.02191056
v -0.01516835 -0.00580392 -0.02196535
v -0.01505085 -0.00579165 -0.02188119
v -0.01522675 -0.00590625 -0.02191715
v -0.01509547 -0.00590925 -0.02180389
v -0.01517521 -0.00599791 -0.02180869
v -0.01211778 0.00590925 -0.02008471
v -0.00914007 0.00590925 -0.01836553
v -0.00898593 0.00574503 -0.01843993
v -0.00875362 0.00562500 -0.01870689
v -0.00893433 0.00562500 -0.01881124
v -0.00882056 0.00563838 -0.01860568
v -0.01053987 0.00562500 -0.01973819
v -0.00893433 -0.00562500 -0.01881124
v -0.01211777 -0.00590925 -0.02008471
v -0.01053987 -0.00562500 -0.01973819
v -0.01081205 0.00926864 -0.02466176
v -0.01098164 0.00925604 -0.02459163
v -0.01111459 0.00924656 -0.02456925
v -0.01073573 0.00927387 -0.02471286
v -0.01055470 0.00928125 -0.02491923
v -0.01046648 0.00927386 -0.02517920
v -0.01046038 0.00926865 -0.02527086
v -0.01048445 0.00925604 -0.02545279
v -0.01055457 0.00924340 -0.02562237
v -0.01107202 0.00923818 -0.02596793
v -0.01081206 0.00923076 -0.02587972
v -0.01060568 0.00923818 -0.02569869
v -0.01134560 0.00925604 -0.02594997
v -0.01116367 0.00924340 -0.02597403
v -0.01159151 0.00927387 -0.02582873
v -0.01151519 0.00926865 -0.02587984
v -0.01186075 0.00927386 -0.02536239
v -0.01177254 0.00928125 -0.02562236
v -0.01177266 0.00924340 -0.02491923
v -0.01179469 0.00924641 -0.02496044
v -0.01184279 0.00925604 -0.02508881
v -0.01186684 0.00926864 -0.02527075
v -0.01116357 0.00924340 -0.02456757
v -0.01124030 0.00923896 -0.02457186
v -0.01151518 0.00923076 -0.02466188
v -0.01172155 0.00923818 -0.02484291
v -0.01184278 -0.00925604 -0.02508881
v -0.01177255 -0.00928125 -0.02562235
v -0.01184789 -0.00927710 -0.02543289
v -0.01186075 -0.00927386 -0.02536239
v -0.01186685 -0.00926864 -0.02527074
v -0.01159151 -0.00927386 -0.02582873
v -0.01151519 -0.00926864 -0.02587984
v -0.01134560 -0.00925604 -0.02594996
v -0.01116367 -0.00924340 -0.02597403
v -0.01060568 -0.00923818 -0.02569869
v -0.01081206 -0.00923076 -0.02587972
v -0.01107202 -0.00923818 -0.02596793
v -0.01048446 -0.00925604 -0.02545278
v -0.01055457 -0.00924340 -0.02562237
v -0.01046648 -0.00927386 -0.02517921
v -0.01046039 -0.00926864 -0.02527085
v -0.01073573 -0.00927386 -0.02471286
v -0.01068111 -0.00927710 -0.02475926
v -0.01055469 -0.00928125 -0.02491924
v -0.01081205 -0.00926864 -0.02466176
v -0.01098164 -0.00925604 -0.02459163
v -0.01116356 -0.00924340 -0.02456757
v -0.01177266 -0.00924340 -0.02491922
v -0.01173058 -0.00923896 -0.02485492
v -0.01151518 -0.00923076 -0.02466188
v -0.01125521 -0.00923818 -0.02457367
v -0.01023896 -0.00620408 -0.03053394
v -0.01020765 -0.00618750 -0.03052834
v -0.01040689 -0.00618750 -0.03056070
v -0.01526546 -0.00620407 -0.02184582
v -0.01527362 -0.00621261 -0.02185561
v -0.01548565 -0.00618750 -0.02212824
v -0.01027027 -0.00622083 -0.03053935
v -0.01578105 -0.00622083 -0.02796059
v -0.01600821 -0.00618750 -0.02752593
v -0.01605993 -0.00622083 -0.02741130
v -0.01637529 -0.00618750 -0.02645154
v -0.01138312 -0.00622083 -0.03061004
v -0.01154155 -0.00618750 -0.03060117
v -0.01177639 -0.00622083 -0.03057930
v -0.01177639 -0.00618750 -0.03057930
v -0.01256115 -0.00622083 -0.03042857
v -0.01265914 -0.00618750 -0.03040101
v -0.01336399 -0.00622083 -0.03014050
v -0.01336399 -0.00618750 -0.03014050
v -0.01366966 -0.00622082 -0.02999048
v -0.01370922 -0.00618750 -0.02996927
v -0.01465348 -0.00622082 -0.02931759
v -0.01464439 -0.00618750 -0.02932542
v -0.01474254 -0.00622082 -0.02923905
v -0.01474254 -0.00618750 -0.02923905
v -0.01546367 -0.00622083 -0.02844337
v -0.01542242 -0.00618750 -0.02849853
v -0.01578105 -0.00618750 -0.02796059
v -0.01528186 -0.00622083 -0.02186555
v -0.01589871 -0.00622083 -0.02279401
v -0.01605201 -0.00618750 -0.02311227
v -0.01608361 -0.00622083 -0.02318529
v -0.01608361 -0.00618750 -0.02318529
v -0.01632993 -0.00622083 -0.02390520
v -0.01639770 -0.00618750 -0.02419374
v -0.01648504 -0.00622082 -0.02478274
v -0.01648504 -0.00618750 -0.02478274
v -0.01650411 -0.00622083 -0.02508433
v -0.01650710 -0.00618750 -0.02532383
v -0.01641260 -0.00622082 -0.02627273
v -0.01638088 -0.00622083 -0.02642657
v -0.01153908 -0.00599281 -0.03056649
v -0.01041182 -0.00599281 -0.03052628
v -0.00970753 -0.00599795 -0.03037814
v -0.01264941 -0.00599281 -0.03036763
v -0.01369266 -0.00599281 -0.02993869
v -0.01462174 -0.00599281 -0.02929904
v -0.01647234 -0.00599281 -0.02532348
v -0.01634138 -0.00599281 -0.02644385
v -0.01597668 -0.00599281 -0.02751126
v -0.01539472 -0.00599281 -0.02847753
v -0.01636364 -0.00599281 -0.02420075
v -0.01602020 -0.00599281 -0.02312631
v -0.01545754 -0.00599281 -0.02214868
v -0.01535240 -0.00578975 -0.02222513
v -0.01518817 -0.00565977 -0.02234454
v -0.01503070 -0.00562500 -0.02245903
v -0.00911586 -0.00572544 -0.02994262
v -0.00917881 -0.00565981 -0.02983359
v -0.00943423 -0.00565977 -0.02993655
v -0.00923584 -0.00563147 -0.02973480
v -0.01571555 -0.00565977 -0.02326083
v -0.01553745 -0.00562500 -0.02333948
v -0.01603744 -0.00565977 -0.02426788
v -0.01584674 -0.00562500 -0.02430711
v -0.01613931 -0.00565977 -0.02532018
v -0.01594463 -0.00562500 -0.02531826
v -0.01601657 -0.00565977 -0.02637027
v -0.01582669 -0.00562500 -0.02632724
v -0.01567476 -0.00565977 -0.02737071
v -0.01549825 -0.00562500 -0.02728855
v -0.01512929 -0.00565977 -0.02827636
v -0.01497413 -0.00562500 -0.02815877
v -0.01440481 -0.00565977 -0.02904633
v -0.01427799 -0.00562500 -0.02889861
v -0.01353402 -0.00565977 -0.02964586
v -0.01344126 -0.00562500 -0.02947469
v -0.01255620 -0.00565977 -0.03004790
v -0.01250172 -0.00562500 -0.02986099
v -0.01151553 -0.00565977 -0.03023428
v -0.01150176 -0.00562500 -0.03004008
v -0.01045898 -0.00565977 -0.03019659
v -0.01048655 -0.00562500 -0.03000386
v -0.00950189 -0.00562500 -0.02975400
v -0.00927673 -0.00562500 -0.02966398
v -0.00936366 -0.00578975 -0.03012694
v -0.00907661 -0.00578969 -0.03001060
v -0.00903960 -0.00588041 -0.03007471
v -0.01043022 -0.00578975 -0.03039761
v -0.01152990 -0.00578975 -0.03043682
v -0.01261303 -0.00578975 -0.03024284
v -0.01363074 -0.00578975 -0.02982440
v -0.01453707 -0.00578975 -0.02920041
v -0.01529112 -0.00578975 -0.02839902
v -0.01585884 -0.00578975 -0.02745641
v -0.01621461 -0.00578975 -0.02641513
v -0.01634237 -0.00578975 -0.02532220
v -0.01623633 -0.00578975 -0.02422695
v -0.01590130 -0.00578975 -0.02317882
v -0.00899372 -0.00572291 -0.03015416
v -0.00849174 -0.00567041 -0.02989862
v -0.00898241 -0.00567122 -0.03017375
v -0.00848540 -0.00564773 -0.02990961
v -0.00896622 -0.00562500 -0.03020180
v -0.00847908 -0.00562500 -0.02992055
v -0.00896622 0.00562500 -0.03020181
v -0.00847908 0.00562500 -0.02992056
v -0.00848540 0.00564773 -0.02990961
v -0.00898241 0.00567122 -0.03017376
v -0.00849174 0.00567041 -0.02989862
v -0.00899373 0.00572291 -0.03015416
v -0.00925401 0.00562710 -0.02970334
v -0.00917825 0.00566022 -0.02983457
v -0.00943384 0.00566018 -0.02993759
v -0.00912728 0.00571050 -0.02992283
v -0.00950190 0.00562500 -0.02975399
v -0.00927673 0.00562500 -0.02966398
v -0.01045882 0.00566018 -0.03019770
v -0.01048655 0.00562500 -0.03000386
v -0.01151561 0.00566018 -0.03023540
v -0.01150177 0.00562500 -0.03004007
v -0.01255652 0.00566018 -0.03004897
v -0.01250172 0.00562500 -0.02986099
v -0.01353454 0.00566018 -0.02964685
v -0.01344126 0.00562500 -0.02947469
v -0.01440554 0.00566018 -0.02904719
v -0.01427799 0.00562500 -0.02889861
v -0.01513019 0.00566018 -0.02827704
v -0.01497413 0.00562500 -0.02815877
v -0.01567577 0.00566018 -0.02737118
v -0.01549826 0.00562500 -0.02728854
v -0.01601766 0.00566018 -0.02637051
v -0.01582669 0.00562500 -0.02632724
v -0.01614043 0.00566018 -0.02532019
v -0.01594464 0.00562500 -0.02531825
v -0.01603853 0.00566018 -0.02426765
v -0.01584674 0.00562500 -0.02430712
v -0.01571657 0.00566018 -0.02326038
v -0.01553745 0.00562500 -0.02333948
v -0.01518907 0.00566018 -0.02234388
v -0.01503070 0.00562500 -0.02245903
v -0.01535392 0.00579163 -0.02222402
v -0.01545867 0.00599667 -0.02214786
v -0.01548566 0.00618750 -0.02212823
v -0.01602150 0.00599667 -0.02312574
v -0.01605201 0.00618750 -0.02311227
v -0.01608361 0.00618750 -0.02318528
v -0.01636503 0.00599667 -0.02420047
v -0.01639770 0.00618750 -0.02419375
v -0.01648503 0.00618750 -0.02478275
v -0.01647375 0.00599667 -0.02532350
v -0.01650710 0.00618750 -0.02532384
v -0.01634276 0.00599667 -0.02644416
v -0.01637529 0.00618750 -0.02645153
v -0.01597797 0.00599667 -0.02751185
v -0.01600820 0.00618750 -0.02752593
v -0.01336399 0.00618750 -0.03014051
v -0.01370923 0.00618750 -0.02996926
v -0.01369333 0.00599667 -0.02993993
v -0.01464439 0.00618750 -0.02932541
v -0.01462266 0.00599667 -0.02930010
v -0.01474253 0.00618750 -0.02923905
v -0.01539584 0.00599667 -0.02847838
v -0.01542243 0.00618750 -0.02849852
v -0.01578106 0.00618750 -0.02796058
v -0.01265914 0.00618750 -0.03040101
v -0.01264980 0.00599667 -0.03036898
v -0.01177640 0.00618750 -0.03057930
v -0.01153919 0.00599667 -0.03056789
v -0.01154154 0.00618750 -0.03060117
v -0.01041161 0.00599667 -0.03052768
v -0.01040688 0.00618750 -0.03056070
v -0.01011568 0.00614226 -0.03050893
v -0.01020765 0.00618750 -0.03052835
v -0.00907568 0.00579156 -0.03001222
v -0.00903959 0.00588041 -0.03007471
v -0.00936300 0.00579163 -0.03012870
v -0.00968790 0.00599272 -0.03037053
v -0.01042996 0.00579163 -0.03039946
v -0.01590301 0.00579163 -0.02317806
v -0.01623816 0.00579163 -0.02422657
v -0.01634424 0.00579163 -0.02532221
v -0.01621643 0.00579163 -0.02641555
v -0.01586054 0.00579163 -0.02745719
v -0.01529262 0.00579163 -0.02840014
v -0.01453829 0.00579163 -0.02920182
v -0.01363163 0.00579163 -0.02982605
v -0.01261356 0.00579163 -0.03024464
v -0.01153003 0.00579163 -0.03043869
v -0.01497123 0.00698226 -0.02233410
v -0.01508164 0.00672929 -0.02216495
v -0.01559454 0.00672830 -0.02295311
v -0.01528186 0.00622082 -0.02186555
v -0.01589872 0.00622083 -0.02279400
v -0.01527568 0.00623335 -0.02187044
v -0.01527063 0.00624572 -0.02187661
v -0.01486378 0.00721025 -0.02249929
v -0.01425923 0.00822092 -0.02344036
v -0.01429257 0.00817563 -0.02338792
v -0.01499484 0.00754577 -0.02326680
v -0.01462791 0.00765523 -0.02286392
v -0.01372348 0.00888370 -0.02575943
v -0.01319317 0.00915582 -0.02516547
v -0.01376811 0.00888370 -0.02517986
v -0.01358248 0.00892335 -0.02452377
v -0.01368316 0.00888370 -0.02460481
v -0.01360116 0.00890917 -0.02449335
v -0.01395946 0.00858137 -0.02391571
v -0.01286557 0.00888370 -0.02724436
v -0.01246072 0.00926913 -0.02641779
v -0.01326070 0.00888370 -0.02681801
v -0.01272910 0.00927745 -0.02595154
v -0.01355148 0.00888370 -0.02631469
v -0.01282138 0.00926681 -0.02579329
v -0.01292093 0.00924774 -0.02562370
v -0.01208228 0.00915338 -0.02709052
v -0.01223074 0.00921385 -0.02682456
v -0.01232989 0.00924329 -0.02664840
v -0.01157646 0.00878796 -0.02801634
v -0.01169854 0.00890020 -0.02779004
v -0.01184517 0.00888370 -0.02778617
v -0.01238577 0.00888370 -0.02757253
v -0.01207697 0.00830321 -0.02864165
v -0.01130707 0.00830321 -0.02876025
v -0.01133653 0.00851760 -0.02846669
v -0.01069867 0.00741122 -0.02969429
v -0.01099515 0.00800454 -0.02911863
v -0.01134122 0.00754577 -0.02959084
v -0.01100005 0.00801310 -0.02910919
v -0.01043241 0.00672839 -0.03021737
v -0.01043977 0.00674958 -0.03020282
v -0.01136903 0.00672830 -0.03026705
v -0.01046625 0.00682460 -0.03015056
v -0.01027027 0.00622083 -0.03053934
v -0.01138313 0.00622083 -0.03061004
v -0.01177640 0.00622083 -0.03057930
v -0.01247138 0.00672830 -0.03009724
v -0.01442930 0.00672830 -0.02905763
v -0.01366965 0.00622082 -0.02999048
v -0.01350867 0.00672830 -0.02968730
v -0.01336399 0.00622082 -0.03014051
v -0.01256116 0.00622083 -0.03042856
v -0.01578106 0.00622083 -0.02796058
v -0.01546368 0.00622083 -0.02844336
v -0.01518745 0.00672830 -0.02823956
v -0.01474253 0.00622083 -0.02923905
v -0.01465348 0.00622082 -0.02931759
v -0.01605994 0.00622083 -0.02741129
v -0.01574540 0.00672830 -0.02727379
v -0.01638089 0.00622083 -0.02642656
v -0.01607541 0.00672830 -0.02620837
v -0.01641259 0.00622083 -0.02627274
v -0.01616104 0.00672830 -0.02509631
v -0.01650411 0.00622083 -0.02508432
v -0.01648503 0.00622083 -0.02478275
v -0.01599805 0.00672830 -0.02399293
v -0.01632993 0.00622083 -0.02390519
v -0.01608361 0.00622083 -0.02318528
v -0.01425824 0.00830321 -0.02365209
v -0.01454005 0.00830321 -0.02437831
v -0.01465390 0.00830321 -0.02514893
v -0.01459408 0.00830321 -0.02592561
v -0.01436360 0.00830321 -0.02666971
v -0.01397392 0.00830321 -0.02734423
v -0.01344441 0.00830321 -0.02791558
v -0.01280144 0.00830321 -0.02835534
v -0.01534374 0.00754577 -0.02416587
v -0.01548467 0.00754577 -0.02511993
v -0.01541063 0.00754578 -0.02608147
v -0.01512528 0.00754577 -0.02700270
v -0.01464284 0.00754577 -0.02783776
v -0.01398731 0.00754578 -0.02854510
v -0.01319128 0.00754578 -0.02908955
v -0.01229438 0.00754577 -0.02944401
v -0.01023896 0.00620408 -0.03053394
v -0.01527362 0.00621260 -0.02185561
v -0.01526546 0.00620407 -0.02184581
v -0.01216224 -0.00606551 -0.02000768
v -0.01491383 -0.00606551 -0.02159630
v -0.01508906 -0.00608991 -0.02170122
v -0.00533283 0.00254721 -0.02095969
v -0.00533827 0.00253125 -0.02090986
v -0.00566318 0.00253125 -0.01906717
v -0.00500000 0.00253125 -0.01868428
v -0.00514578 -0.00168750 -0.01544400
v -0.00500000 -0.00168750 -0.01535983
v -0.00573773 -0.00168750 -0.01578576
v -0.00573187 -0.00168750 -0.01692670
v -0.00572600 -0.00168750 -0.01788530
v -0.00500000 0.00168750 -0.01535983
v -0.00514578 0.00168750 -0.01544400
v -0.00500000 0.00168750 -0.01757289
v -0.00573773 0.00168750 -0.01578576
v -0.00573187 0.00168750 -0.01692669
v -0.00572600 0.00168750 -0.01788530
v -0.00570891 0.00168750 -0.01798218
v -0.00571363 0.00172523 -0.01798491
v -0.00554931 0.00309375 -0.01789003
v -0.00500000 0.00309375 -0.01757289
v -0.00562854 0.00255865 -0.01793578
v -0.00571848 0.00176295 -0.01798769
v -0.00553676 0.00309375 -0.01839181
v -0.00500000 0.00309375 -0.01932150
v -0.00554324 0.00309375 -0.01813931
v -0.00544980 -0.00833740 -0.01854737
v -0.00544980 -0.00833740 -0.01306978
v -0.00499999 -0.00833740 -0.01828768
v -0.00529034 -0.00833740 -0.01283254
v -0.00527476 -0.00833740 -0.01280964
v -0.00510224 -0.00833740 -0.01255920
v -0.00505250 -0.00833740 -0.01248905
v -0.00500000 -0.00833740 -0.01241766
v -0.00679262 0.00728511 -0.01306978
v -0.00622574 0.00777466 -0.01816293
v -0.00544980 0.00833740 -0.01306978
v -0.00562510 0.00822016 -0.01845421
v -0.00544980 0.00833740 -0.01854737
v -0.00773375 0.00627708 -0.01306978
v -0.00773375 0.00627708 -0.01754926
v -0.00760962 0.00642708 -0.01759585
v -0.00692922 0.00715618 -0.01786277
v -0.00687265 0.00721043 -0.01788579
v -0.00527476 0.00833740 -0.01280964
v -0.00500000 0.00833740 -0.01828768
v -0.00500000 0.00833740 -0.01241766
v -0.00505264 0.00833740 -0.01248925
v -0.00510223 0.00833740 -0.01255921
v -0.00742082 0.00441869 -0.01077882
v -0.00736831 0.00471794 -0.01060961
v -0.00739324 0.00387934 -0.00932126
v -0.00720789 0.00523979 -0.01561919
v -0.00721244 0.00562500 -0.01675976
v -0.00738370 0.00562669 -0.01546327
v -0.00712320 0.00528301 -0.01028932
v -0.00688780 0.00468780 -0.00859471
v -0.00719887 0.00436039 -0.00899955
v -0.00696672 0.00420872 -0.00807231
v -0.00729843 0.00325617 -0.00778895
v -0.00706471 0.00359779 -0.00748932
v -0.00735344 0.00260442 -0.00723923
v -0.00663312 0.00628350 -0.01080649
v -0.00668038 0.00596239 -0.01030464
v -0.00673296 0.00562500 -0.00980825
v -0.00736390 0.00545408 -0.01194209
v -0.00724648 0.00578054 -0.01177792
v -0.00708222 0.00601466 -0.01150230
v -0.00697292 0.00609729 -0.01129492
v -0.00734793 0.00573734 -0.01233176
v -0.00724950 0.00585669 -0.01193005
v -0.00724651 0.00585997 -0.01192035
v -0.00720360 0.00590485 -0.01179209
v -0.00735314 0.00573034 -0.01235991
v -0.00740528 0.00565826 -0.01272856
v -0.00742324 0.00511565 -0.01211280
v -0.00741882 0.00564062 -0.01287225
v -0.00743823 0.00537255 -0.01364513
v -0.00745141 0.00562575 -0.01355683
v -0.00743634 0.00562522 -0.01313738
v -0.00742317 0.00562500 -0.01494838
v -0.00736258 0.00500191 -0.01381927
v -0.00722057 0.00464827 -0.01398697
v -0.00737388 0.00000000 -0.00596296
v -0.00746534 0.00000000 -0.00627692
v -0.00735135 0.00092422 -0.00606145
v -0.00746078 0.00049764 -0.00631256
v -0.00734269 0.00109138 -0.00609989
v -0.00744823 0.00097895 -0.00641257
v -0.00726706 0.00204461 -0.00644602
v -0.00740618 0.00185262 -0.00676288
v -0.00718497 0.00275638 -0.00684697
v -0.00713476 0.00312772 -0.00710688
v -0.00742447 0.00411564 -0.01094992
v -0.00751512 -0.00000000 -0.00660012
v -0.00752226 -0.00000000 -0.00692705
v -0.00751289 0.00043801 -0.00663575
v -0.00752080 0.00037731 -0.00696281
v -0.00750673 0.00086205 -0.00673573
v -0.00751676 0.00074288 -0.00706317
v -0.00748627 0.00163405 -0.00708597
v -0.00750325 0.00141003 -0.00741472
v -0.00746108 0.00230202 -0.00756215
v -0.00748650 0.00198988 -0.00789262
v -0.00743562 0.00288461 -0.00811158
v -0.00746947 0.00249822 -0.00844397
v -0.00744096 0.00337229 -0.00965764
v -0.00728817 0.00352207 -0.01128424
v -0.00737997 0.00381477 -0.01111952
v -0.00729563 0.00342478 -0.01107683
v -0.00733973 0.00286910 -0.00998880
v -0.00738246 0.00232836 -0.00908873
v -0.00739883 0.00211298 -0.00877234
v -0.00748666 -0.00000000 -0.00725213
v -0.00748442 0.00031663 -0.00728797
v -0.00747616 0.00069511 -0.00742112
v -0.00745679 0.00118616 -0.00774083
v -0.00744244 0.00145654 -0.00798500
v -0.00740462 0.00203443 -0.00866364
v -0.00726748 0.00380452 -0.01191248
v -0.00726187 0.00388587 -0.01209991
v -0.00736382 0.00443411 -0.01245796
v -0.00742283 0.00477291 -0.01228614
v -0.00490178 0.00207503 -0.00362865
v -0.00488048 0.00094396 -0.00357183
v -0.00518404 0.00187090 -0.00368091
v -0.00488053 0.00085677 -0.00357196
v -0.00542888 0.00094966 -0.00368091
v -0.00488107 -0.00000006 -0.00357322
v -0.00551132 0.00000000 -0.00368090
v -0.00488161 -0.00086138 -0.00357449
v -0.00542888 -0.00094966 -0.00368091
v -0.00488175 -0.00109212 -0.00357483
v -0.00518405 -0.00187090 -0.00368090
v -0.00490984 -0.00228452 -0.00365229
v -0.00491798 -0.00246457 -0.00367761
v -0.00498142 0.00357329 -0.00397807
v -0.00494190 0.00291008 -0.00376447
v -0.00500000 0.00357511 -0.00398887
v -0.00540712 0.00309249 -0.00404679
v -0.00544585 0.00359238 -0.00430099
v -0.00587612 0.00354704 -0.00472778
v -0.00589675 0.00337252 -0.00462193
v -0.00620928 0.00344044 -0.00520695
v -0.00638967 0.00230601 -0.00462194
v -0.00667718 0.00240977 -0.00520695
v -0.00669145 0.00117051 -0.00462193
v -0.00699253 0.00122318 -0.00520695
v -0.00679306 0.00000000 -0.00462193
v -0.00709871 0.00000000 -0.00520695
v -0.00526503 -0.00359139 -0.00416186
v -0.00571976 -0.00357119 -0.00455616
v -0.00589676 -0.00337252 -0.00462193
v -0.00608938 -0.00348901 -0.00501282
v -0.00638968 -0.00230601 -0.00462193
v -0.00706836 -0.00065578 -0.00520695
v -0.00669145 -0.00117051 -0.00462193
v -0.00699253 -0.00122318 -0.00520695
v -0.00667718 -0.00240977 -0.00520695
v -0.00620928 -0.00344044 -0.00520695
v -0.00540712 -0.00309249 -0.00404679
v -0.00500000 -0.00357511 -0.00398887
v -0.00498143 -0.00357330 -0.00397807
v -0.00494699 -0.00299726 -0.00378615
v -0.00585911 -0.00211453 -0.00404679
v -0.00613583 -0.00107332 -0.00404679
v -0.00622899 -0.00000000 -0.00404680
v -0.00613583 0.00107332 -0.00404680
v -0.00585910 0.00211453 -0.00404680
v -0.00500000 -0.00382695 -0.00425000
v -0.00499982 -0.00425246 -0.00470820
v -0.00520901 -0.00420215 -0.00478758
v -0.00555434 -0.00408709 -0.00496614
v -0.00586258 -0.00393127 -0.00517852
v -0.00612516 -0.00373821 -0.00541960
v -0.00495381 -0.00567738 -0.00649749
v -0.00487540 -0.00610924 -0.00717813
v -0.00493823 -0.00603016 -0.00711770
v -0.00500000 -0.00595003 -0.00705659
v -0.00542028 -0.00532781 -0.00658623
v -0.00498790 -0.00534286 -0.00603291
v -0.00499958 -0.00490768 -0.00547132
v -0.00500000 -0.00500000 -0.00558550
v -0.00525954 -0.00484239 -0.00561218
v -0.00554919 -0.00473476 -0.00581431
v -0.00572122 -0.00477032 -0.00617121
v -0.00612277 -0.00374602 -0.00542520
v -0.00500000 -0.00237644 -0.01550326
v -0.00500000 -0.00305325 -0.01569650
v -0.00500000 0.00305325 -0.01569649
v -0.00506417 0.00255232 -0.01558535
v -0.00500000 0.00237643 -0.01550326
v -0.00601412 -0.00056306 -0.01567491
v -0.00604854 -0.00112500 -0.01569477
v -0.00500000 -0.00112500 -0.01508939
v -0.00500000 0.00112500 -0.01508940
v -0.00604853 0.00112500 -0.01569478
v -0.00601412 0.00056305 -0.01567491
v -0.00600267 0.00000000 -0.01566829
v -0.00573670 -0.00112500 -0.01746328
v -0.00500000 -0.00112500 -0.01703796
v -0.00654576 0.00553247 -0.02810778
v -0.00841383 0.00555601 -0.02915857
v -0.00653130 0.00558114 -0.02803279
v -0.00846031 0.00560968 -0.02907806
v -0.00649475 0.00561169 -0.02793684
v -0.00643999 0.00562461 -0.02782357
v -0.00850609 0.00562500 -0.02899877
v -0.00642660 0.00562500 -0.02779816
v -0.00810020 -0.00562500 -0.02970180
v -0.00811638 -0.00567122 -0.02967376
v -0.00812770 -0.00572291 -0.02965416
v -0.00817357 -0.00588041 -0.02957472
v -0.00824984 -0.00572544 -0.02944262
v -0.00836982 -0.00563147 -0.02923479
v -0.00841071 -0.00562500 -0.02916398
v -0.00817357 0.00588041 -0.02957471
v -0.00826125 0.00571050 -0.02942284
v -0.00841071 0.00562500 -0.02916398
v -0.00838799 0.00562710 -0.02920333
v -0.00811639 0.00567122 -0.02967375
v -0.00810020 0.00562500 -0.02970180
v -0.00812770 0.00572292 -0.02965416
v -0.00767553 0.00361031 -0.03043733
v -0.00800085 0.00524713 -0.02987387
v -0.00741892 -0.00068433 -0.03088181
v -0.00755382 -0.00268301 -0.03064815
v -0.00784532 -0.00456076 -0.03014326
v -0.00745237 0.00147051 -0.03082388
v -0.00772207 0.00575919 -0.01307443
v -0.00755678 0.00564797 -0.01311106
v -0.00727713 0.00599669 -0.01190531
v -0.00726067 0.00614676 -0.01191325
v -0.00720181 0.00627185 -0.01194166
v -0.00774592 0.00626129 -0.01306847
v -0.00780541 0.00614287 -0.01305545
v -0.00781373 0.00611140 -0.01305365
v -0.00781059 0.00592546 -0.01305419
v -0.00778273 0.00584974 -0.01306032
v -0.00605691 0.00562500 -0.02379508
v -0.00597977 0.00562500 -0.02375055
v -0.00587611 0.00562500 -0.02433847
v -0.00579782 0.00562500 -0.02508341
v -0.00585008 0.00562500 -0.02604104
v -0.00607188 0.00562500 -0.02697410
v -0.00926764 0.00606551 -0.01833648
v -0.00920937 0.00595927 -0.01830674
v -0.00920355 0.00598757 -0.01835070
v -0.00918747 0.00592454 -0.01830262
v -0.00906745 0.00576866 -0.01832583
v -0.00894319 0.00566045 -0.01841856
v -0.00884355 0.00562500 -0.01855113
v -0.01216224 0.00606551 -0.02000768
v -0.01491382 0.00606551 -0.02159630
v -0.01516299 0.00612244 -0.02175170
v -0.00774566 0.00626165 -0.01754427
v -0.00781369 0.00611155 -0.01750561
v -0.00773992 0.00626928 -0.01306945
v -0.00775677 0.00624572 -0.01753847
v -0.00781546 0.00594682 -0.01750459
v -0.00781013 0.00592369 -0.01750767
v -0.00772118 0.00575819 -0.01755902
v -0.00756647 0.00565155 -0.01764834
v -0.00742317 0.00562500 -0.01765569
v -0.00742318 0.00562500 -0.01773108
v -0.00727671 -0.00582603 -0.01202326
v -0.00724973 -0.00585645 -0.01193076
v -0.00775176 -0.00579690 -0.01306748
v -0.00716299 -0.00594413 -0.01168535
v -0.00709517 -0.00600394 -0.01152959
v -0.00727731 -0.00600048 -0.01190520
v -0.00676767 -0.00622109 -0.01097971
v -0.00663313 -0.00628350 -0.01080648
v -0.00720181 -0.00627185 -0.01194163
v -0.00689760 -0.00614707 -0.01117026
v -0.00726277 -0.00613904 -0.01191221
v -0.00707928 -0.00601706 -0.01149621
v -0.00706796 -0.00602621 -0.01147301
v -0.00724808 -0.00585825 -0.01192543
v -0.00724648 -0.00586000 -0.01192026
v -0.00743634 -0.00562522 -0.01313738
v -0.00738752 -0.00568291 -0.01257937
v -0.00761653 -0.00567484 -0.01309805
v -0.00773099 -0.00576957 -0.01307232
v -0.00779683 -0.00616776 -0.01305731
v -0.00780543 -0.00614280 -0.01305545
v -0.00782061 -0.00597981 -0.01305207
v -0.00781543 -0.00594670 -0.01305316
v -0.00778277 -0.00584981 -0.01306031
v -0.00774592 -0.00626129 -0.01306847
v -0.00667178 -0.00739593 -0.01306978
v -0.00707751 -0.00700846 -0.01780190
v -0.00710087 -0.00698500 -0.01306978
v -0.00773375 -0.00627708 -0.01754925
v -0.00773375 -0.00627708 -0.01306978
v -0.00564548 -0.00820594 -0.01844328
v -0.00636264 -0.00766358 -0.01810221
v -0.00646613 -0.00757640 -0.01805668
v -0.01181141 -0.00898990 -0.02758239
v -0.01190804 -0.00874654 -0.02801818
v -0.01249850 -0.00874654 -0.02778483
v -0.01147317 -0.00867996 -0.02820932
v -0.01527571 -0.00623327 -0.02187041
v -0.01525165 -0.00722152 -0.02313247
v -0.01562394 -0.00722152 -0.02409181
v -0.01577432 -0.00722152 -0.02510980
v -0.01569531 -0.00722152 -0.02613582
v -0.01539085 -0.00722152 -0.02711879
v -0.01487606 -0.00722152 -0.02800983
v -0.01417658 -0.00722152 -0.02876459
v -0.01332720 -0.00722152 -0.02934553
v -0.01237018 -0.00722152 -0.02972374
v -0.01031104 -0.00635629 -0.03045808
v -0.01027227 -0.00622760 -0.03053536
v -0.01075691 -0.00754053 -0.02958028
v -0.01061875 -0.00722322 -0.02985054
v -0.01135312 -0.00722152 -0.02988042
v -0.01053857 -0.00702054 -0.03000801
v -0.01214755 -0.00808256 -0.02890209
v -0.01132536 -0.00850334 -0.02848776
v -0.01131816 -0.00808257 -0.02902986
v -0.01115370 -0.00826327 -0.02881410
v -0.01084067 -0.00771492 -0.02941729
v -0.01296479 -0.00918255 -0.02605820
v -0.01252649 -0.00927666 -0.02630262
v -0.01274545 -0.00918255 -0.02643787
v -0.01233027 -0.00924340 -0.02664761
v -0.01244741 -0.00918255 -0.02675946
v -0.01216779 -0.00919066 -0.02693688
v -0.01308653 -0.00919874 -0.02534404
v -0.01293426 -0.00924460 -0.02560112
v -0.01309452 -0.00918255 -0.02563937
v -0.01289196 -0.00925410 -0.02567298
v -0.01273239 -0.00927719 -0.02594592
v -0.01400833 -0.00874654 -0.02517147
v -0.01318623 -0.00915888 -0.02517707
v -0.01395958 -0.00874654 -0.02580449
v -0.01405406 -0.00847645 -0.02376488
v -0.01365941 -0.00886314 -0.02439870
v -0.01391555 -0.00874654 -0.02454338
v -0.01342294 -0.00903308 -0.02478489
v -0.01330169 -0.00910301 -0.02498504
v -0.01467269 -0.00757617 -0.02279447
v -0.01445650 -0.00793639 -0.02313093
v -0.01449733 -0.00808257 -0.02352703
v -0.01405746 -0.00847253 -0.02375948
v -0.01480094 -0.00808256 -0.02430935
v -0.01527062 -0.00624572 -0.02187660
v -0.01510828 -0.00666517 -0.02212419
v -0.01480823 -0.00732164 -0.02258493
v -0.01492357 -0.00808256 -0.02513951
v -0.01485914 -0.00808256 -0.02597620
v -0.01461085 -0.00808256 -0.02677780
v -0.01419105 -0.00808257 -0.02750443
v -0.01362064 -0.00808257 -0.02811992
v -0.01292798 -0.00808257 -0.02859367
v -0.01377173 -0.00874654 -0.02641098
v -0.01345412 -0.00874654 -0.02696072
v -0.01302256 -0.00874654 -0.02742639
v -0.01209809 -0.00916080 -0.02706196
v -0.00745101 -0.00562597 -0.01354678
v -0.00742318 -0.00562500 -0.01773107
v -0.00742317 -0.00562500 -0.01765569
v -0.00757264 -0.00565397 -0.01764478
v -0.00742317 -0.00562500 -0.01494838
v -0.00781013 -0.00592369 -0.01750766
v -0.00773109 -0.00576968 -0.01755330
v -0.00781546 -0.00594682 -0.01750459
v -0.00781369 -0.00611155 -0.01750561
v -0.00774566 -0.00626164 -0.01754426
v -0.00775677 -0.00624572 -0.01753848
v -0.00773991 -0.00626928 -0.01306945
v -0.00488263 0.00872690 -0.01899760
v -0.00491533 0.00870859 -0.01896791
v -0.00521736 0.00890612 -0.01964082
v -0.00554182 0.00920510 -0.02116145
v -0.00542916 0.00916253 -0.02119209
v -0.00522177 0.00901093 -0.02006489
v -0.00509385 0.00896894 -0.02012577
v -0.00481400 0.00876460 -0.01912783
v -0.00477631 0.00878561 -0.01942085
v -0.00566285 0.00921040 -0.02113375
v -0.00535941 0.00900056 -0.02001222
v -0.00499962 0.00471439 -0.00523676
v -0.00520901 0.00420216 -0.00478759
v -0.00555434 0.00408709 -0.00496614
v -0.00499982 0.00425034 -0.00470585
v -0.00500000 0.00500000 -0.00558550
v -0.00499957 0.00490577 -0.00546895
v -0.00525955 0.00484239 -0.00561217
v -0.00523877 0.00561459 -0.00680210
v -0.00500000 0.00595003 -0.00705659
v -0.00495478 0.00567096 -0.00648690
v -0.00493823 0.00603016 -0.00711770
v -0.00487540 0.00610924 -0.00717813
v -0.00498813 0.00534430 -0.00603313
v -0.00572122 0.00477032 -0.00617120
v -0.00538479 0.00538636 -0.00663018
v -0.00612516 0.00373822 -0.00541960
v -0.00586257 0.00393126 -0.00517852
v -0.00499989 0.00407202 -0.00451113
v -0.00500000 0.00382694 -0.00425000
v -0.00602165 0.00405165 -0.00564547
v -0.00500000 0.00831116 -0.01235288
v -0.00500000 0.00828422 -0.01228846
v -0.00500000 -0.00828422 -0.01228847
v -0.00500000 -0.00831116 -0.01235288
v -0.00605691 -0.00562500 -0.02379508
v -0.00607188 -0.00562500 -0.02697410
v -0.00585008 -0.00562500 -0.02604104
v -0.00579781 -0.00562500 -0.02508342
v -0.00587611 -0.00562500 -0.02433847
v -0.00597978 -0.00562500 -0.02375055
v -0.00642533 -0.00287500 -0.01715695
v -0.00610816 -0.00335968 -0.01770618
v -0.00645883 -0.00312500 -0.01709893
v -0.00645883 -0.00410931 -0.01709893
v -0.00633383 -0.00269199 -0.01731543
v -0.00620883 -0.00262500 -0.01753194
v -0.00584182 -0.00262500 -0.01816762
v -0.00500415 -0.00262500 -0.02291831
v -0.00763769 -0.00262500 -0.01835689
v -0.00746079 -0.00049778 -0.00631246
v -0.00743822 -0.00537127 -0.01364538
v -0.00736258 -0.00500076 -0.01381952
v -0.00736403 -0.00545559 -0.01194047
v -0.00724666 -0.00578220 -0.01177629
v -0.00712303 -0.00528220 -0.01028964
v -0.00726803 -0.00500707 -0.01044575
v -0.00693621 -0.00553743 -0.01014455
v -0.00671049 -0.00576750 -0.01001346
v -0.00664870 -0.00617697 -0.01063439
v -0.00722055 -0.00464729 -0.01398721
v -0.00727490 -0.00562473 -0.01637361
v -0.00721244 -0.00562500 -0.01675976
v -0.00742334 -0.00511703 -0.01211117
v -0.00736824 -0.00471730 -0.01060990
v -0.00728814 -0.00352163 -0.01128453
v -0.00736391 -0.00443524 -0.01245632
v -0.00724222 -0.00420136 -0.01284879
v -0.00723924 -0.00425384 -0.01297851
v -0.00752080 -0.00037741 -0.00696272
v -0.00751290 -0.00043813 -0.00663565
v -0.00751677 -0.00074307 -0.00706296
v -0.00750675 -0.00086229 -0.00673553
v -0.00750324 -0.00140986 -0.00741484
v -0.00748626 -0.00163384 -0.00708609
v -0.00748651 -0.00199008 -0.00789238
v -0.00746110 -0.00230226 -0.00756190
v -0.00746952 -0.00249924 -0.00844290
v -0.00743571 -0.00288585 -0.00811050
v -0.00744091 -0.00337087 -0.00965867
v -0.00739892 -0.00211382 -0.00877126
v -0.00744387 -0.00143108 -0.00796029
v -0.00745677 -0.00118602 -0.00774096
v -0.00747397 -0.00076607 -0.00745678
v -0.00748442 -0.00031671 -0.00728788
v -0.00748650 -0.00008414 -0.00725471
v -0.00716791 -0.00288763 -0.00693418
v -0.00735347 -0.00260470 -0.00723899
v -0.00724206 -0.00227915 -0.00656508
v -0.00740616 -0.00185236 -0.00676300
v -0.00736561 -0.00055534 -0.00599884
v -0.00736124 -0.00068939 -0.00601797
v -0.00744828 -0.00097923 -0.00641236
v -0.00733570 -0.00121121 -0.00613113
v -0.00726545 -0.00206000 -0.00645368
v -0.00719876 -0.00435837 -0.00900057
v -0.00739317 -0.00387764 -0.00932228
v -0.00724609 -0.00383590 -0.00838128
v -0.00729862 -0.00325767 -0.00778786
v -0.00706500 -0.00359955 -0.00748824
v -0.00707826 -0.00351346 -0.00741388
v -0.00696446 -0.00422461 -0.00808722
v -0.00695276 -0.00429547 -0.00816153
v -0.00687106 -0.00478516 -0.00871230
v -0.00687036 -0.00478937 -0.00871733
v -0.00742444 -0.00411514 -0.01095019
v -0.00742290 -0.00477416 -0.01228452
v -0.00732075 -0.00310280 -0.01043119
v -0.00733966 -0.00286795 -0.00998982
v -0.00739693 -0.00214040 -0.00880882
v -0.00708853 -0.00562500 -0.01746249
v -0.00867571 -0.00562500 -0.01837884
v -0.00788768 -0.00312500 -0.01792388
v -0.00665761 -0.00466213 -0.01721371
v -0.00648816 -0.00419685 -0.01711587
v -0.00894736 -0.00562500 -0.01878867
v -0.00887261 -0.00562500 -0.01856987
v -0.00893191 -0.00556834 -0.01881544
v -0.00605690 -0.00537248 -0.02379509
v -0.00887161 -0.00542229 -0.01891987
v -0.00883954 -0.00538498 -0.01897542
v -0.00880691 -0.00537248 -0.01903194
v -0.00804459 -0.00295399 -0.01859181
v -0.00529458 -0.00295399 -0.02335495
v -0.00811507 -0.00297690 -0.01834383
v -0.00811205 -0.00299061 -0.01827375
v -0.00810610 -0.00299952 -0.01823506
v -0.00803700 -0.00305227 -0.01806491
v -0.00805764 -0.00303950 -0.01809936
v -0.00808097 -0.00295644 -0.01851529
v -0.00786933 -0.00293693 -0.01795567
v -0.00785419 -0.00287500 -0.01798189
v -0.00781530 -0.00277312 -0.01804926
v -0.00773390 -0.00266351 -0.01819024
v -0.00776269 -0.00269199 -0.01814038
v -0.00500206 -0.00262502 -0.02293011
v -0.00781016 -0.00266638 -0.01845647
v -0.00500000 -0.00262507 -0.02294190
v -0.00500000 -0.00264211 -0.02318487
v -0.00505725 -0.00266493 -0.02321792
v -0.00795409 -0.00278366 -0.01853957
v -0.00520191 -0.00278099 -0.02330146
v -0.00807534 -0.00288478 -0.01832956
v -0.00797308 -0.00280223 -0.01817430
v -0.00802263 -0.00295249 -0.01808846
v -0.00789841 -0.00270170 -0.01830361
v -0.00801977 -0.00280995 -0.01842581
v -0.00708853 0.00562500 -0.01746249
v -0.00894737 0.00562500 -0.01878867
v -0.00890258 0.00548376 -0.01886624
v -0.00885568 0.00540057 -0.01894747
v -0.00605691 0.00537248 -0.02379508
v -0.00880690 0.00537248 -0.01903194
v -0.00883141 0.00537952 -0.01898950
v -0.00529458 0.00295399 -0.02335495
v -0.00804458 0.00295399 -0.01859182
v -0.00554882 0.00466206 -0.02350177
v -0.00505724 0.00266493 -0.02321793
v -0.00500000 0.00264211 -0.02318487
v -0.00500000 0.00281434 -0.02318487
v -0.00520450 0.00363660 -0.02330300
v -0.00539747 0.00424960 -0.02341440
v -0.00520192 0.00278099 -0.02330145
v -0.00883302 0.00562500 -0.01851361
v -0.00892832 0.00562500 -0.01869378
v -0.00867570 0.00562500 -0.01837884
v -0.00788769 0.00312500 -0.01792387
v -0.00645883 0.00410931 -0.01709893
v -0.00645883 0.00312500 -0.01709893
v -0.00674648 0.00488325 -0.01726502
v -0.00630450 0.00266306 -0.01736624
v -0.00638560 0.00277144 -0.01722576
v -0.00643980 0.00293366 -0.01713189
v -0.00610911 0.00336201 -0.01770459
v -0.00584182 0.00262500 -0.01816762
v -0.00620883 0.00262500 -0.01753194
v -0.00634631 0.00388767 -0.01729380
v -0.00763768 0.00262500 -0.01835689
v -0.00500414 0.00262500 -0.02291831
v -0.00773390 0.00266351 -0.01819023
v -0.00781529 0.00277312 -0.01804927
v -0.00786933 0.00293693 -0.01795567
v -0.00810218 0.00300408 -0.01821682
v -0.00810928 0.00296701 -0.01840822
v -0.00807916 0.00295617 -0.01851995
v -0.00802437 0.00305956 -0.01804674
v -0.00781016 0.00266638 -0.01845647
v -0.00500206 0.00262501 -0.02293011
v -0.00500000 0.00262507 -0.02294190
v -0.00795409 0.00278366 -0.01853957
v -0.00802264 0.00295249 -0.01808845
v -0.00801978 0.00280995 -0.01842580
v -0.00789841 0.00270170 -0.01830361
v -0.00807535 0.00288478 -0.01832956
v -0.00797307 0.00280223 -0.01817431
v -0.00412684 0.00841064 -0.02119209
v -0.00412685 0.00841064 -0.01144327
v -0.00444284 0.00859308 -0.01228159
v -0.00477632 0.00878561 -0.01317817
v -0.00408859 0.00845785 -0.02214552
v -0.00548395 0.00920676 -0.02158287
v -0.00544333 0.00922395 -0.02197626
v -0.00530608 0.00920654 -0.02235088
v -0.00508537 0.00915084 -0.02268403
v -0.00480148 0.00905957 -0.02296751
v -0.00396821 0.00859744 -0.02310066
v -0.00448001 0.00894034 -0.02320569
v -0.00388409 0.00868772 -0.02352479
v -0.00416297 0.00836333 -0.02460865
v -0.00389678 0.00867447 -0.02384723
v -0.00413736 0.00878609 -0.02372642
v -0.00500000 -0.00847289 -0.01853082
v -0.00495752 -0.00868464 -0.01893832
v -0.00491534 -0.00870859 -0.01896791
v -0.00535941 -0.00900056 -0.02001222
v -0.00500000 -0.00866025 -0.01890912
v -0.00540636 -0.00903211 -0.02014766
v -0.00566285 -0.00921041 -0.02113375
v -0.00568245 -0.00927654 -0.02183866
v -0.00507274 -0.00915522 -0.02303668
v -0.00567750 -0.00927791 -0.02187181
v -0.00559853 -0.00928014 -0.02218871
v -0.00545275 -0.00925858 -0.02252074
v -0.00502340 -0.00913901 -0.02308694
v -0.00448629 -0.00893718 -0.02351817
v -0.00500000 -0.00866025 -0.02451535
v -0.00500000 -0.00850335 -0.02483581
v -0.00500000 -0.00754053 -0.02625654
v -0.00500000 -0.00622126 -0.02749623
v -0.00500000 -0.00456076 -0.02850051
v -0.00500000 0.00524713 -0.02814132
v -0.00500000 0.00361031 -0.02889260
v -0.00500000 0.00147051 -0.02940801
v -0.00499999 -0.00068433 -0.02948525
v -0.00500000 -0.00268301 -0.02917369
v -0.00495857 0.00648041 -0.02726803
v -0.00489272 0.00682855 -0.02692907
v -0.00500000 0.00591608 -0.02771780
v -0.00483488 0.00704859 -0.02668761
v -0.00462744 0.00760230 -0.02596826
v -0.00441012 0.00800649 -0.02531398
v -0.00432843 0.00813433 -0.02507771
v -0.00448629 0.00893718 -0.02351817
v -0.00461373 0.00898923 -0.02342984
v -0.00526908 0.00921429 -0.02280543
v -0.00525135 0.00920936 -0.02282860
v -0.00495037 0.00911438 -0.02315524
v -0.00570047 0.00924776 -0.02144882
v -0.00549018 0.00926561 -0.02244636
v -0.00564567 0.00928065 -0.02201882
v -0.00570316 0.00925933 -0.02157295
v -0.00500000 0.00866025 -0.01890912
v -0.00495752 0.00868464 -0.01893832
v -0.00386860 0.00870356 -0.02368799
v -0.00453915 0.00898600 -0.02331767
v -0.00486963 0.00910499 -0.02306110
v -0.00516339 0.00919560 -0.02275575
v -0.00539404 0.00925009 -0.02239784
v -0.00558978 0.00924857 -0.02157673
v -0.00554080 0.00926626 -0.02199658
v -0.00494111 -0.00912845 -0.02299731
v -0.00445778 -0.00895161 -0.02341559
v -0.00554182 -0.00920510 -0.02116145
v -0.00557405 -0.00926331 -0.02182714
v -0.00549703 -0.00926495 -0.02215621
v -0.00535817 -0.00924318 -0.02246755
v -0.00477632 -0.00878560 -0.01942084
v -0.00509384 -0.00896894 -0.02012578
v -0.00522177 -0.00901092 -0.02006490
v -0.00478540 -0.00878069 -0.01926580
v -0.00480903 -0.00876735 -0.01914435
v -0.00485315 -0.00874318 -0.01903836
v -0.00559462 -0.00213779 -0.01902759
v -0.00566319 -0.00253125 -0.01906718
v -0.00500000 -0.00253125 -0.01868428
v -0.00557505 0.00201043 -0.01901629
v -0.00548614 0.00127296 -0.01896496
v -0.00542736 0.00000000 -0.01893102
v -0.00548615 -0.00127296 -0.01896496
v -0.00500000 -0.00253125 -0.02082048
v -0.00525275 -0.00213779 -0.02096641
v -0.00500000 -0.00502243 -0.01932150
v -0.00524642 -0.00432496 -0.01889469
v -0.00546306 -0.00346913 -0.01851946
v -0.00546306 0.00346913 -0.01851946
v -0.00524641 0.00432496 -0.01889469
v -0.00500000 0.00502243 -0.01932150
v -0.00572226 0.00172557 -0.01793629
v -0.00561647 0.00274366 -0.01712475
v -0.00542435 0.00385046 -0.01745753
v -0.00500000 0.00535848 -0.01819506
v -0.00517659 0.00482855 -0.01788666
v -0.00500000 0.00566824 -0.01706355
v -0.00510675 0.00533214 -0.01687863
v -0.00536301 0.00433683 -0.01643478
v -0.00559872 0.00300485 -0.01602653
v -0.00565612 0.00255232 -0.01592711
v -0.00500003 0.00497108 -0.01658048
v -0.00500000 0.00433793 -0.01622577
v -0.00500002 0.00404380 -0.01608376
v -0.00559871 -0.00300485 -0.01602653
v -0.00500002 -0.00360901 -0.01589739
v -0.00550512 -0.00360805 -0.01618863
v -0.00500002 -0.00399345 -0.01606078
v -0.00538563 -0.00423179 -0.01639560
v -0.00500003 -0.00486209 -0.01651426
v -0.00511964 -0.00528896 -0.01685632
v -0.00500000 -0.00566824 -0.01706354
v -0.00572226 -0.00172557 -0.01793628
v -0.00561648 -0.00274366 -0.01712475
v -0.00542435 -0.00385046 -0.01745753
v -0.00517658 -0.00482855 -0.01788666
v -0.00499997 -0.00535587 -0.01820453
v -0.00570228 0.00056297 -0.01744342
v -0.00573670 0.00112500 -0.01746329
v -0.00500000 0.00112500 -0.01703795
v -0.00570229 -0.00056297 -0.01744342
v -0.00569083 -0.00000000 -0.01743681
v -0.00568169 -0.00498769 -0.02357846
v -0.00539747 -0.00424962 -0.02341441
v -0.00529175 -0.00392824 -0.02335337
v -0.00500000 -0.00281434 -0.02318487
v -0.00525369 -0.00424909 -0.02422871
v -0.00500000 -0.00347610 -0.02418398
v -0.00500000 -0.00316272 -0.02368123
v -0.00499999 -0.00214460 -0.02240666
v -0.00500000 0.00000000 -0.02135471
v -0.00500000 -0.00044232 -0.02139888
v -0.00499999 -0.00099316 -0.02157791
v -0.00499999 -0.00147746 -0.02185038
v -0.00500000 -0.00201696 -0.02228368
v -0.00500000 0.00316336 -0.02368220
v -0.00500000 0.00347610 -0.02418399
v -0.00525368 0.00424909 -0.02422872
v -0.00500000 0.00051922 -0.02141559
v -0.00500000 0.00099316 -0.02157790
v -0.00499999 0.00152217 -0.02188105
v -0.00499999 0.00201309 -0.02228007
v -0.00499999 0.00206752 -0.02233145
v -0.00533342 -0.00159486 -0.02846860
v -0.00524632 -0.00016428 -0.02851637
v -0.00524539 0.00000000 -0.02851688
v -0.00557179 -0.00303971 -0.02833785
v -0.00595123 -0.00439570 -0.02812974
v -0.00647889 -0.00555499 -0.02797160
v -0.00522228 -0.00439569 -0.02506332
v -0.00500000 -0.00374295 -0.02486798
v -0.00500004 -0.00359061 -0.02440266
v -0.00500003 -0.00322142 -0.02671432
v -0.00500000 -0.00351248 -0.02629390
v -0.00528015 -0.00439570 -0.02612366
v -0.00500004 -0.00370221 -0.02583924
v -0.00500005 -0.00378281 -0.02533544
v -0.00552575 -0.00439569 -0.02715678
v -0.00511534 -0.00303971 -0.02729407
v -0.00500004 -0.00276176 -0.02715188
v -0.00500002 -0.00222392 -0.02749714
v -0.00500001 -0.00155637 -0.02777902
v -0.00500000 -0.00078752 -0.02796233
v -0.00500000 0.00000000 -0.02802258
v -0.00532507 0.00151783 -0.02847318
v -0.00594961 0.00439097 -0.02813062
v -0.00500004 0.00369060 -0.02466373
v -0.00556453 0.00300664 -0.02834184
v -0.00500004 0.00140359 -0.02782632
v -0.00500003 0.00067349 -0.02797869
v -0.00500002 0.00207027 -0.02757421
v -0.00500003 0.00258771 -0.02727849
v -0.00510748 0.00300664 -0.02729671
v -0.00500000 0.00304200 -0.02690719
v -0.00527833 0.00439097 -0.02612392
v -0.00500004 0.00361325 -0.02608775
v -0.00552400 0.00439097 -0.02715737
v -0.00500004 0.00336100 -0.02653486
v -0.00522044 0.00439097 -0.02506325
v -0.00500005 0.00378135 -0.02517033
v -0.00500000 0.00375319 -0.02561961
v -0.00500000 -0.00866025 -0.02675000
v -0.00500016 -0.00812465 -0.02861237
v -0.00500008 -0.00774124 -0.02912903
v -0.00500000 0.00331662 -0.03075000
v -0.00500000 -0.00331663 -0.03075000
v -0.00499998 -0.00865833 -0.02686575
v -0.00499962 -0.00858367 -0.02747605
v -0.00499979 -0.00838456 -0.02810888
v -0.00499983 0.00432984 -0.03070259
v -0.00499990 0.00513240 -0.03057652
v -0.00500000 0.00591608 -0.03034883
v -0.00499987 -0.00593680 -0.03034115
v -0.00500005 -0.00660171 -0.03003555
v -0.00500010 -0.00722783 -0.02961754
v -0.00499972 -0.00434076 -0.03070148
v -0.00499970 -0.00518616 -0.03056459
v -0.00203993 0.00329459 0.00000000
v -0.00071203 0.00380902 -0.00000000
v 0.00000000 -0.00000000 -0.00000000
v -0.00000000 0.00387500 0.00000000
v 0.00071203 0.00380902 -0.00000000
v -0.00385847 -0.00035754 -0.00000000
v -0.00372707 0.00106044 -0.00000000
v -0.00309232 0.00233521 0.00000000
v -0.00139981 -0.00361333 0.00000000
v -0.00261057 -0.00286366 0.00000000
v -0.00346876 -0.00172723 0.00000000
v 0.00261057 -0.00286366 -0.00000000
v 0.00139981 -0.00361333 0.00000000
v -0.00000000 -0.00387500 0.00000000
v 0.00372707 0.00106045 0.00000000
v 0.00385847 -0.00035754 -0.00000000
v 0.00346876 -0.00172724 -0.00000000
v 0.00203992 0.00329459 0.00000000
v 0.00309232 0.00233521 -0.00000000
v -0.00300000 0.00245268 -0.00225000
v -0.00372703 0.00106058 -0.00238560
v -0.00369462 0.00116852 -0.00237384
v -0.00345711 0.00175043 -0.00230379
v -0.00309447 0.00233234 -0.00225234
v -0.00387481 -0.00003778 -0.00245144
v -0.00383125 0.00058066 -0.00242837
v -0.00346880 -0.00172715 -0.00230664
v -0.00364636 -0.00131137 -0.00235719
v -0.00381476 -0.00068062 -0.00242086
v -0.00385844 -0.00035781 -0.00244189
v -0.00203992 0.00329459 -0.00225000
v -0.00071203 0.00380902 -0.00225000
v 0.00000000 0.00387500 -0.00225000
v 0.00071203 0.00380902 -0.00225000
v 0.00203993 0.00329459 -0.00225000
v 0.00309231 0.00233521 -0.00225000
v 0.00372708 0.00106044 -0.00225000
v 0.00385847 -0.00035754 -0.00225000
v 0.00346876 -0.00172724 -0.00225000
v 0.00261057 -0.00286366 -0.00225000
v 0.00139981 -0.00361333 -0.00225000
v 0.00000000 -0.00387500 -0.00225000
v -0.00139982 -0.00361333 -0.00225000
v -0.00261057 -0.00286366 -0.00225000
v -0.00300000 -0.00245268 -0.00225000
v -0.00337410 -0.00190555 -0.00228536
v -0.00500000 -0.00866025 -0.01317817
v -0.00500000 -0.00846966 -0.01272595
v -0.00500000 0.00866025 -0.01317817
v -0.00500000 0.00846966 -0.01272596
v 0.00375678 -0.00467832 -0.03075000
v 0.00446452 -0.00400851 -0.03075000
v -0.00487794 -0.00349366 -0.03075000
v 0.00505448 -0.00323298 -0.03075000
v 0.00551115 -0.00237217 -0.03075000
v -0.00487795 0.00349366 -0.03075000
v 0.00582245 -0.00144880 -0.03075000
v -0.00424810 0.00423718 -0.03075000
v -0.00350620 0.00486894 -0.03075000
v 0.00446452 0.00400851 -0.03075000
v 0.00015742 0.00599793 -0.03075000
v -0.00081554 0.00594432 -0.03075000
v -0.00267184 0.00537227 -0.03075000
v 0.00598018 -0.00048722 -0.03075000
v 0.00598018 0.00048722 -0.03075000
v 0.00375678 0.00467831 -0.03075000
v 0.00294995 0.00522473 -0.03075000
v -0.00176699 0.00573391 -0.03075000
v 0.00505448 0.00323298 -0.03075000
v -0.00424809 -0.00423718 -0.03075000
v -0.00350620 -0.00486894 -0.03075000
v -0.00081554 -0.00594432 -0.03075000
v -0.00267183 -0.00537227 -0.03075000
v -0.00176699 -0.00573391 -0.03075000
v 0.00015743 -0.00599794 -0.03075000
v 0.00112623 -0.00589335 -0.03075000
v 0.00582246 0.00144880 -0.03075000
v 0.00551115 0.00237217 -0.03075000
v 0.00206533 0.00563333 -0.03075000
v 0.00112622 0.00589335 -0.03075000
v 0.00206533 -0.00563333 -0.03075000
v 0.00294996 -0.00522473 -0.03075000
v -0.00500000 -0.00500000 -0.00436738
v -0.00496880 -0.00555400 -0.00446270
v -0.00482698 -0.00630140 -0.00463273
v -0.00440006 -0.00737475 -0.00929711
v -0.00452697 -0.00712286 -0.00889075
v -0.00436529 -0.00743755 -0.00499030
v -0.00469221 -0.00672718 -0.00823775
v -0.00454130 -0.00709169 -0.00486729
v -0.00402743 -0.00796174 -0.00520554
v -0.00363084 -0.00843580 -0.00543765
v -0.00402870 -0.00796134 -0.01021765
v -0.00353393 -0.00853535 -0.00549209
v -0.00358702 -0.00848328 -0.01100865
v -0.00258281 -0.00928125 -0.02119209
v -0.00238433 -0.00939488 -0.02828747
v -0.00258281 -0.00928125 -0.02842170
v -0.00337441 -0.00868792 -0.00558019
v -0.00258826 -0.00927734 -0.00599407
v -0.00311567 -0.00891057 -0.01163816
v -0.00238455 -0.00939436 -0.00609726
v -0.00360923 -0.00846027 -0.02156173
v -0.00178646 -0.00966969 -0.00639387
v -0.00135987 -0.00981152 -0.02761517
v 0.00000000 -0.01000000 -0.00725000
v 0.00000000 -0.01000000 -0.02675000
v -0.00090449 -0.00991704 -0.00681983
v -0.00133501 -0.00981804 -0.00661315
v -0.00500000 -0.00400000 -0.00425000
v -0.00500000 -0.00450369 -0.00427842
v -0.00445305 -0.00895379 -0.02675000
v -0.00372268 -0.00928125 -0.02675001
v -0.00283036 -0.00928176 -0.02826081
v -0.00321409 -0.00928156 -0.02792895
v -0.00347664 -0.00928165 -0.02758719
v -0.00366227 -0.00928129 -0.02717176
v -0.00477266 0.00724536 -0.02972311
v -0.00487301 0.00691597 -0.02990386
v -0.00376671 0.00757376 -0.02990511
v -0.00389774 -0.00541265 -0.03069348
v -0.00472248 -0.00471035 -0.03069348
v -0.00135924 0.00990720 -0.02675000
v -0.00135155 0.00985120 -0.02742003
v 0.00026089 0.00994006 -0.02742003
v -0.00166667 0.00986013 -0.02675000
v -0.00201555 0.00978502 -0.02702625
v -0.00262234 0.00957231 -0.02752089
v 0.00186644 0.00976674 -0.02742003
v 0.00053130 0.00998587 -0.02675001
v 0.00026237 0.00999656 -0.02675000
v 0.00342276 0.00933582 -0.02742002
v 0.00270351 0.00962762 -0.02675000
v 0.00187704 0.00982226 -0.02675000
v 0.00622591 0.00775312 -0.02742003
v 0.00491659 0.00870788 -0.02674999
v 0.00488880 0.00865866 -0.02742002
v 0.00474468 0.00880273 -0.02675000
v 0.00344222 0.00938888 -0.02675000
v 0.00739880 0.00664309 -0.02742003
v 0.00655589 0.00755118 -0.02675000
v 0.00626129 0.00779719 -0.02675000
v 0.00981236 0.00192810 -0.02675000
v 0.00970409 0.00241467 -0.02675000
v 0.00964925 0.00240102 -0.02742003
v 0.00918525 0.00395362 -0.02675000
v 0.00913334 0.00393128 -0.02742003
v 0.00842414 0.00538830 -0.02675000
v 0.00837654 0.00535784 -0.02742002
v 0.00804935 0.00593363 -0.02675000
v 0.00744085 0.00668085 -0.02675000
v 0.00996697 0.00081203 -0.02675000
v 0.00991064 0.00080744 -0.02742002
v 0.00999646 -0.00026574 -0.02675000
v 0.00991065 -0.00080744 -0.02742003
v 0.00996698 -0.00081203 -0.02675000
v 0.00964925 -0.00240103 -0.02742003
v 0.00970409 -0.00241467 -0.02675000
v 0.00913334 -0.00393128 -0.02742003
v 0.00918526 -0.00395362 -0.02675000
v 0.00622591 -0.00775312 -0.02742002
v 0.00744085 -0.00668085 -0.02675000
v 0.00739880 -0.00664309 -0.02742002
v 0.00772273 -0.00635291 -0.02675001
v 0.00837654 -0.00535785 -0.02742003
v 0.00842415 -0.00538830 -0.02675000
v 0.00892570 -0.00450908 -0.02675000
v 0.00427030 -0.00904238 -0.02675000
v 0.00491659 -0.00870787 -0.02675000
v 0.00488881 -0.00865866 -0.02742002
v 0.00614544 -0.00788882 -0.02675000
v 0.00626130 -0.00779719 -0.02675000
v 0.00344222 -0.00938889 -0.02675001
v 0.00342276 -0.00933582 -0.02742002
v 0.00218817 -0.00975766 -0.02675000
v 0.00186644 -0.00976674 -0.02742002
v 0.00187704 -0.00982226 -0.02675000
v 0.00026089 -0.00994006 -0.02742003
v 0.00026236 -0.00999656 -0.02675000
v -0.00131305 -0.00957059 -0.02836327
v 0.00025345 -0.00965692 -0.02836327
v -0.00284492 -0.00923183 -0.02836327
v -0.00269616 -0.00874910 -0.02920871
v -0.00124439 -0.00907015 -0.02920871
v -0.00442788 -0.00890318 -0.02742002
v -0.00430176 -0.00864957 -0.02836327
v -0.00407682 -0.00819729 -0.02920871
v -0.00376671 -0.00757375 -0.02990511
v -0.00494299 -0.00686416 -0.02990512
v -0.00444894 -0.00617809 -0.03041024
v -0.00196431 -0.00637422 -0.03069348
v -0.00090661 -0.00660812 -0.03069348
v 0.00017500 -0.00666773 -0.03069348
v 0.00125199 -0.00655147 -0.03069348
v 0.00229596 -0.00626241 -0.03069348
v 0.00327938 -0.00580817 -0.03069348
v 0.00417630 -0.00520075 -0.03069349
v 0.00496307 -0.00445614 -0.03069349
v 0.00561893 -0.00359401 -0.03069349
v 0.00612659 -0.00263708 -0.03069349
v 0.00647265 -0.00161059 -0.03069349
v 0.00664800 -0.00054162 -0.03069348
v 0.00664800 0.00054162 -0.03069349
v 0.00647265 0.00161059 -0.03069348
v 0.00612659 0.00263708 -0.03069348
v 0.00561892 0.00359401 -0.03069348
v 0.00496306 0.00445614 -0.03069348
v 0.00417630 0.00520075 -0.03069348
v 0.00327938 0.00580818 -0.03069348
v 0.00229596 0.00626241 -0.03069348
v 0.00125199 0.00655147 -0.03069348
v 0.00017500 0.00666773 -0.03069349
v -0.00090661 0.00660812 -0.03069349
v -0.00196431 0.00637422 -0.03069349
v -0.00297020 0.00597220 -0.03069348
v -0.00389774 0.00541265 -0.03069349
v -0.00472248 0.00471035 -0.03069349
v -0.00494522 0.00657582 -0.03007213
v -0.00444894 0.00617809 -0.03041024
v -0.00452982 0.00779768 -0.02937526
v -0.00339023 0.00681676 -0.03041024
v -0.00224209 0.00727564 -0.03041024
v -0.00103482 0.00754261 -0.03041024
v 0.00019975 0.00761065 -0.03041024
v 0.00142904 0.00747795 -0.03041024
v 0.00262065 0.00714801 -0.03041024
v 0.00374313 0.00662954 -0.03041024
v 0.00476689 0.00593621 -0.03041024
v 0.00566492 0.00508631 -0.03041024
v 0.00641353 0.00410225 -0.03041024
v 0.00699297 0.00301000 -0.03041024
v 0.00738798 0.00183835 -0.03041024
v 0.00758813 0.00061822 -0.03041024
v 0.00758813 -0.00061822 -0.03041025
v 0.00738798 -0.00183835 -0.03041024
v 0.00699298 -0.00301000 -0.03041024
v 0.00641354 -0.00410226 -0.03041025
v 0.00566492 -0.00508631 -0.03041024
v 0.00476689 -0.00593621 -0.03041024
v 0.00374314 -0.00662954 -0.03041024
v 0.00262065 -0.00714801 -0.03041025
v 0.00142905 -0.00747795 -0.03041025
v 0.00019975 -0.00761065 -0.03041024
v -0.00103482 -0.00754261 -0.03041025
v -0.00224209 -0.00727564 -0.03041024
v -0.00249107 0.00808359 -0.02990511
v -0.00114974 0.00838021 -0.02990511
v 0.00022193 0.00845580 -0.02990511
v 0.00158774 0.00830837 -0.02990511
v 0.00291167 0.00794179 -0.02990511
v 0.00415881 0.00736574 -0.02990511
v 0.00529625 0.00659542 -0.02990511
v 0.00629400 0.00565114 -0.02990511
v 0.00712575 0.00455780 -0.02990511
v 0.00776955 0.00334426 -0.02990511
v 0.00820841 0.00204250 -0.02990511
v 0.00843078 0.00068687 -0.02990511
v 0.00843078 -0.00068687 -0.02990511
v 0.00820841 -0.00204250 -0.02990511
v 0.00776954 -0.00334426 -0.02990511
v 0.00712575 -0.00455781 -0.02990511
v 0.00629400 -0.00565114 -0.02990511
v 0.00529625 -0.00659542 -0.02990511
v 0.00415881 -0.00736574 -0.02990511
v 0.00291167 -0.00794179 -0.02990511
v 0.00158774 -0.00830837 -0.02990511
v 0.00022193 -0.00845580 -0.02990512
v -0.00114974 -0.00838021 -0.02990511
v -0.00249107 -0.00808359 -0.02990511
v -0.00297020 -0.00597220 -0.03069349
v -0.00339023 -0.00681676 -0.03041024
v -0.00407681 0.00819729 -0.02920872
v -0.00269616 0.00874910 -0.02920872
v -0.00124439 0.00907014 -0.02920872
v 0.00024020 0.00915196 -0.02920871
v 0.00171846 0.00899238 -0.02920872
v 0.00315138 0.00859563 -0.02920871
v 0.00450119 0.00797216 -0.02920871
v 0.00573228 0.00713841 -0.02920871
v 0.00681219 0.00611639 -0.02920872
v 0.00771240 0.00493304 -0.02920872
v 0.00840920 0.00361958 -0.02920872
v 0.00888420 0.00221066 -0.02920871
v 0.00912487 0.00074342 -0.02920871
v 0.00912487 -0.00074342 -0.02920871
v 0.00888420 -0.00221066 -0.02920872
v 0.00840920 -0.00361959 -0.02920871
v 0.00771240 -0.00493304 -0.02920871
v 0.00681218 -0.00611639 -0.02920871
v 0.00573228 -0.00713841 -0.02920871
v 0.00450120 -0.00797216 -0.02920871
v 0.00315139 -0.00859563 -0.02920871
v 0.00171846 -0.00899238 -0.02920872
v 0.00024020 -0.00915196 -0.02920871
v 0.00181327 -0.00948853 -0.02836327
v 0.00332526 -0.00906989 -0.02836326
v 0.00474954 -0.00841202 -0.02836327
v 0.00604857 -0.00753228 -0.02836327
v 0.00718804 -0.00645386 -0.02836327
v 0.00813793 -0.00520522 -0.02836327
v 0.00887318 -0.00381930 -0.02836327
v 0.00937439 -0.00233263 -0.02836327
v 0.00962834 -0.00078444 -0.02836327
v 0.00962834 0.00078444 -0.02836327
v 0.00937439 0.00233263 -0.02836327
v 0.00887318 0.00381929 -0.02836327
v 0.00813793 0.00520522 -0.02836327
v 0.00718804 0.00645386 -0.02836327
v 0.00604856 0.00753228 -0.02836327
v 0.00474955 0.00841202 -0.02836327
v 0.00332526 0.00906989 -0.02836327
v 0.00181327 0.00948853 -0.02836327
v 0.00025345 0.00965692 -0.02836327
v -0.00131305 0.00957059 -0.02836327
v -0.00284492 0.00923183 -0.02836327
v -0.00372642 0.00884297 -0.02850153
v -0.00414466 0.00838814 -0.02892616
v -0.00321475 0.00924698 -0.02802938
v -0.00498796 0.00866720 -0.01317817
v -0.00065721 0.00997838 -0.01317817
v -0.00166666 0.00986013 -0.01317817
v 0.00000000 0.01000000 -0.01317817
v 0.00146787 -0.00989168 -0.00725000
v 0.00218817 -0.00975766 -0.00725000
v 0.00300754 -0.00953702 -0.00725000
v 0.00427030 -0.00904238 -0.00725000
v 0.00447213 -0.00894427 -0.00725000
v 0.00582509 -0.00812825 -0.00725000
v 0.00614544 -0.00788882 -0.00725000
v 0.00703262 -0.00710931 -0.00725000
v 0.00772272 -0.00635291 -0.00724999
v 0.00806460 -0.00591289 -0.00725000
v 0.00889525 -0.00456887 -0.00725001
v 0.00950384 -0.00311079 -0.00725000
v 0.00969607 -0.00244671 -0.00725000
v 0.00987518 -0.00157505 -0.00725000
v 0.00999647 -0.00026574 -0.00725000
v 0.01000000 -0.00000000 -0.00725000
v 0.00987518 0.00157506 -0.00725000
v 0.00981236 0.00192810 -0.00725000
v 0.00950384 0.00311079 -0.00725000
v 0.00915266 0.00402850 -0.00725000
v 0.00889525 0.00456887 -0.00725000
v 0.00806460 0.00591289 -0.00725000
v 0.00804935 0.00593363 -0.00725000
v 0.00703262 0.00710931 -0.00725000
v 0.00655590 0.00755118 -0.00725000
v 0.00582508 0.00812825 -0.00725000
v 0.00474468 0.00880273 -0.00725000
v 0.00447214 0.00894427 -0.00725000
v 0.00300754 0.00953702 -0.00725000
v 0.00270351 0.00962762 -0.00725000
v 0.00146787 0.00989168 -0.00725000
v 0.00053129 0.00998588 -0.00725000
v 0.00000000 0.01000000 -0.00725000
v -0.00432701 0.00750606 -0.00950738
v -0.00419154 0.00772681 -0.00985504
v -0.00383577 0.00820825 -0.01059629
v -0.00286841 0.00945289 -0.01284363
v -0.00277706 0.00915725 -0.01199423
v -0.00308375 0.00933046 -0.01270185
v -0.00288002 0.00908672 -0.01189294
v -0.00352132 0.00902139 -0.01231060
v -0.00362561 0.00893373 -0.01219285
v -0.00338612 0.00867917 -0.01129977
v -0.00390225 0.00866871 -0.01182238
v -0.00354019 0.00853144 -0.01108130
v -0.00453168 0.00711316 -0.00887574
v -0.00478747 0.00644229 -0.00775574
v -0.00439766 0.00737976 -0.00930617
v -0.00118374 0.00985721 -0.01298046
v -0.00176414 0.00967750 -0.01273027
v -0.00215471 0.00974579 -0.01312600
v -0.00262820 0.00956970 -0.01296874
v -0.00232921 0.00942340 -0.01237314
v -0.00238734 0.00939233 -0.01232917
v -0.00059401 0.00996436 -0.01312887
v -0.00500000 0.00500000 -0.00436738
v -0.00500001 0.00400000 -0.00425000
v -0.00500000 0.00450370 -0.00427841
v -0.00147655 0.00977669 -0.00654476
v -0.00090489 0.00991693 -0.00681965
v -0.00021687 0.00999524 -0.00714711
v -0.00178678 0.00966975 -0.00639374
v -0.00238451 0.00939464 -0.00609732
v -0.00264618 0.00924194 -0.00596451
v -0.00402668 0.00796324 -0.00520611
v -0.00438643 0.00739910 -0.00497602
v -0.00366273 0.00840329 -0.00541981
v -0.00337594 0.00868764 -0.00557953
v -0.00483749 0.00626215 -0.00462256
v -0.00454149 0.00709137 -0.00486718
v -0.00496877 0.00555424 -0.00446275
v 0.00941725 -0.00308245 -0.00629985
v -0.00067744 -0.00992483 -0.00653306
v -0.00105984 -0.00981368 -0.00612193
v -0.00010746 -0.00990831 -0.00629985
v -0.00194769 -0.00932261 -0.00512171
v -0.00239482 -0.00890337 -0.00456986
v -0.00155094 -0.00908916 -0.00456913
v -0.00334207 0.00597818 -0.00260459
v -0.00334594 0.00647186 -0.00280334
v -0.00309556 0.00586932 -0.00252510
v -0.00067776 0.00992472 -0.00653275
v -0.00010746 0.00990831 -0.00629984
v 0.00145450 0.00980156 -0.00629985
v -0.00010479 0.00966193 -0.00544413
v -0.00162529 0.00952482 -0.00544413
v -0.00104714 0.00981827 -0.00613576
v -0.00133299 0.00970079 -0.00582291
v -0.00155094 0.00908916 -0.00456913
v -0.00239521 0.00890384 -0.00456974
v -0.00200268 0.00927907 -0.00505641
v -0.00277192 0.00816787 -0.00380669
v -0.00282295 0.00831172 -0.00397529
v -0.00145084 0.00850252 -0.00380668
v -0.00273476 0.00845673 -0.00410639
v -0.00265199 0.00781447 -0.00345223
v -0.00312871 0.00763695 -0.00345323
v -0.00292900 0.00811432 -0.00380874
v -0.00316893 0.00751301 -0.00337047
v -0.00240361 0.00708261 -0.00290802
v -0.00321018 0.00736879 -0.00327863
v -0.00332975 0.00669982 -0.00290963
v -0.00213248 0.00628363 -0.00252509
v -0.00268488 0.00509065 -0.00230737
v -0.00315200 0.00473192 -0.00229735
v -0.00328502 0.00547502 -0.00244563
v -0.00334206 -0.00597797 -0.00260451
v -0.00328501 -0.00547503 -0.00244563
v -0.00309556 -0.00586932 -0.00252509
v -0.00315199 -0.00473192 -0.00229735
v -0.00312913 -0.00763610 -0.00345248
v -0.00313315 -0.00762429 -0.00344445
v -0.00240362 -0.00708261 -0.00290801
v -0.00321006 -0.00736908 -0.00327881
v -0.00333781 -0.00660489 -0.00286428
v -0.00282302 -0.00831038 -0.00397459
v -0.00292873 -0.00811437 -0.00380885
v -0.00277193 -0.00816787 -0.00380668
v -0.00268004 -0.00853788 -0.00418427
v -0.00145084 -0.00850251 -0.00380668
v -0.00133271 -0.00970075 -0.00582312
v -0.00162528 -0.00952482 -0.00544413
v 0.00145450 -0.00980156 -0.00629985
v 0.00443139 -0.00886278 -0.00629985
v 0.00298014 -0.00945013 -0.00629985
v 0.00696855 -0.00704453 -0.00629985
v 0.00577202 -0.00805419 -0.00629985
v 0.00799112 -0.00585902 -0.00629984
v 0.00881420 -0.00452724 -0.00629985
v 0.00978520 -0.00156070 -0.00629984
v 0.00990889 0.00000000 -0.00629985
v 0.00978521 0.00156071 -0.00629985
v 0.00941725 0.00308245 -0.00629985
v 0.00881420 0.00452724 -0.00629984
v 0.00799112 0.00585902 -0.00629985
v 0.00696855 0.00704453 -0.00629985
v 0.00443139 0.00886278 -0.00629985
v 0.00577202 0.00805419 -0.00629985
v 0.00298015 0.00945012 -0.00629985
v -0.00010478 -0.00966192 -0.00544413
v 0.00141833 -0.00955783 -0.00544413
v 0.00290604 -0.00921513 -0.00544413
v 0.00432120 -0.00864240 -0.00544413
v 0.00562848 -0.00785391 -0.00544413
v 0.00679526 -0.00686936 -0.00544413
v 0.00779241 -0.00571333 -0.00544413
v 0.00859503 -0.00441467 -0.00544413
v 0.00918308 -0.00300580 -0.00544413
v 0.00954189 -0.00152190 -0.00544413
v 0.00966249 -0.00000000 -0.00544413
v 0.00954189 0.00152190 -0.00544413
v 0.00918308 0.00300580 -0.00544413
v 0.00859503 0.00441467 -0.00544413
v 0.00779241 0.00571333 -0.00544413
v 0.00679526 0.00686936 -0.00544413
v 0.00562848 0.00785391 -0.00544413
v 0.00432119 0.00864240 -0.00544413
v 0.00290604 0.00921513 -0.00544413
v 0.00141833 0.00955783 -0.00544413
v -0.00009999 -0.00921999 -0.00456912
v 0.00135345 -0.00912066 -0.00456912
v 0.00277312 -0.00879364 -0.00456913
v 0.00412355 -0.00824710 -0.00456913
v 0.00537104 -0.00749468 -0.00456913
v 0.00648445 -0.00655516 -0.00456912
v 0.00743599 -0.00545200 -0.00456912
v 0.00820190 -0.00421274 -0.00456913
v 0.00876305 -0.00286832 -0.00456913
v 0.00910544 -0.00145228 -0.00456912
v 0.00922053 0.00000000 -0.00456913
v 0.00910545 0.00145228 -0.00456913
v 0.00876305 0.00286832 -0.00456912
v 0.00820190 0.00421274 -0.00456913
v 0.00743599 0.00545200 -0.00456912
v 0.00648446 0.00655516 -0.00456913
v 0.00537104 0.00749468 -0.00456912
v 0.00412355 0.00824710 -0.00456912
v 0.00277311 0.00879364 -0.00456912
v 0.00135346 0.00912066 -0.00456913
v -0.00010000 0.00921999 -0.00456912
v -0.00009354 -0.00862490 -0.00380669
v 0.00126610 -0.00853198 -0.00380669
v 0.00259413 -0.00822607 -0.00380669
v 0.00385740 -0.00771480 -0.00380669
v 0.00502437 -0.00701094 -0.00380668
v 0.00606592 -0.00613207 -0.00380669
v 0.00695604 -0.00510011 -0.00380669
v 0.00767251 -0.00394083 -0.00380668
v 0.00819745 -0.00268318 -0.00380668
v 0.00851775 -0.00135855 -0.00380669
v 0.00862541 -0.00000000 -0.00380669
v 0.00851774 0.00135855 -0.00380668
v 0.00819746 0.00268318 -0.00380669
v 0.00767251 0.00394084 -0.00380668
v 0.00695604 0.00510011 -0.00380668
v 0.00606593 0.00613207 -0.00380669
v 0.00502438 0.00701094 -0.00380669
v 0.00385741 0.00771480 -0.00380669
v 0.00259413 0.00822607 -0.00380668
v 0.00126609 0.00853198 -0.00380668
v -0.00009354 0.00862490 -0.00380669
v -0.00265199 -0.00781447 -0.00345222
v -0.00138807 -0.00813463 -0.00345222
v -0.00008949 -0.00825173 -0.00345222
v 0.00121132 -0.00816282 -0.00345222
v 0.00248189 -0.00787015 -0.00345222
v 0.00369050 -0.00738100 -0.00345222
v 0.00480699 -0.00670760 -0.00345222
v 0.00580347 -0.00586675 -0.00345222
v 0.00665508 -0.00487944 -0.00345222
v 0.00734055 -0.00377033 -0.00345222
v 0.00784277 -0.00256709 -0.00345222
v 0.00814921 -0.00129977 -0.00345222
v 0.00825221 0.00000000 -0.00345222
v 0.00814921 0.00129977 -0.00345222
v 0.00784277 0.00256709 -0.00345222
v 0.00734055 0.00377033 -0.00345222
v 0.00665507 0.00487944 -0.00345222
v 0.00580347 0.00586675 -0.00345222
v 0.00480698 0.00670760 -0.00345222
v 0.00369050 0.00738100 -0.00345222
v 0.00248189 0.00787015 -0.00345222
v 0.00121132 0.00816283 -0.00345222
v -0.00008949 0.00825173 -0.00345222
v -0.00138807 0.00813463 -0.00345222
v -0.00125806 -0.00737279 -0.00290802
v -0.00008111 -0.00747891 -0.00290802
v 0.00109788 -0.00739834 -0.00290802
v 0.00224945 -0.00713307 -0.00290802
v 0.00334487 -0.00668974 -0.00290802
v 0.00435679 -0.00607940 -0.00290802
v 0.00525995 -0.00531730 -0.00290802
v 0.00603180 -0.00442246 -0.00290802
v 0.00665307 -0.00341722 -0.00290802
v 0.00710826 -0.00232667 -0.00290802
v 0.00738599 -0.00117804 -0.00290801
v 0.00747935 0.00000000 -0.00290801
v 0.00738600 0.00117804 -0.00290802
v 0.00710826 0.00232667 -0.00290802
v 0.00665307 0.00341722 -0.00290802
v 0.00603180 0.00442246 -0.00290802
v 0.00525994 0.00531730 -0.00290802
v 0.00435679 0.00607940 -0.00290802
v 0.00334486 0.00668974 -0.00290801
v 0.00224944 0.00713307 -0.00290801
v 0.00109787 0.00739834 -0.00290801
v -0.00008111 0.00747892 -0.00290801
v -0.00125807 0.00737279 -0.00290801
v -0.00213247 -0.00628363 -0.00252509
v -0.00111615 -0.00654108 -0.00252509
v -0.00007196 -0.00663523 -0.00252509
v 0.00097402 -0.00656374 -0.00252509
v 0.00199570 -0.00632840 -0.00252510
v 0.00296754 -0.00593508 -0.00252509
v 0.00386531 -0.00539359 -0.00252509
v 0.00466658 -0.00471746 -0.00252509
v 0.00535136 -0.00392357 -0.00252509
v 0.00590255 -0.00303173 -0.00252509
v 0.00630639 -0.00206420 -0.00252510
v 0.00655280 -0.00104515 -0.00252510
v 0.00663562 0.00000000 -0.00252509
v 0.00655279 0.00104515 -0.00252509
v 0.00630639 0.00206420 -0.00252509
v 0.00590255 0.00303173 -0.00252509
v 0.00535136 0.00392357 -0.00252509
v 0.00466659 0.00471746 -0.00252510
v 0.00386531 0.00539360 -0.00252509
v 0.00296754 0.00593508 -0.00252510
v 0.00199569 0.00632840 -0.00252509
v 0.00097402 0.00656375 -0.00252509
v -0.00007196 0.00663523 -0.00252510
v -0.00111615 0.00654108 -0.00252509
v -0.00268488 -0.00509064 -0.00230737
v -0.00184955 -0.00544999 -0.00230738
v -0.00096807 -0.00567328 -0.00230737
v -0.00006241 -0.00575494 -0.00230738
v 0.00084480 -0.00569294 -0.00230737
v 0.00173093 -0.00548882 -0.00230738
v 0.00257384 -0.00514768 -0.00230738
v 0.00335250 -0.00467803 -0.00230737
v 0.00404747 -0.00409160 -0.00230737
v 0.00464140 -0.00340303 -0.00230738
v 0.00511947 -0.00262951 -0.00230738
v 0.00546972 -0.00179035 -0.00230737
v 0.00568345 -0.00090649 -0.00230738
v 0.00575528 0.00000000 -0.00230737
v 0.00568344 0.00090649 -0.00230737
v 0.00546972 0.00179035 -0.00230737
v 0.00511946 0.00262951 -0.00230737
v 0.00464140 0.00340303 -0.00230737
v 0.00404747 0.00409160 -0.00230737
v 0.00335250 0.00467803 -0.00230737
v 0.00257384 0.00514768 -0.00230737
v 0.00173093 0.00548882 -0.00230738
v 0.00084480 0.00569294 -0.00230737
v -0.00006242 0.00575494 -0.00230737
v -0.00096807 0.00567328 -0.00230738
v -0.00184956 0.00544999 -0.00230737
v -0.00300000 0.00400000 -0.00225000
v -0.00233253 0.00442259 -0.00225000
v -0.00160684 0.00473477 -0.00225000
v -0.00084103 0.00492876 -0.00225000
v -0.00005422 0.00499971 -0.00225000
v 0.00073394 0.00494584 -0.00225000
v 0.00150377 0.00476851 -0.00225000
v 0.00223607 0.00447214 -0.00225000
v 0.00291254 0.00406412 -0.00225000
v 0.00351631 0.00355465 -0.00225000
v 0.00403230 0.00295645 -0.00225000
v 0.00444762 0.00228444 -0.00225000
v 0.00475192 0.00155540 -0.00225000
v 0.00493759 0.00078753 -0.00225000
v 0.00500000 0.00000000 -0.00225000
v 0.00493759 -0.00078753 -0.00225000
v 0.00475192 -0.00155540 -0.00225000
v 0.00444763 -0.00228444 -0.00225000
v 0.00403230 -0.00295645 -0.00225000
v 0.00351631 -0.00355465 -0.00225000
v 0.00291254 -0.00406412 -0.00225000
v 0.00223606 -0.00447214 -0.00225000
v 0.00150377 -0.00476851 -0.00225000
v 0.00073394 -0.00494584 -0.00225000
v -0.00005422 -0.00499971 -0.00225000
v -0.00084102 -0.00492876 -0.00225000
v -0.00160684 -0.00473477 -0.00225000
v -0.00233253 -0.00442259 -0.00225000
v -0.00300000 -0.00400000 -0.00225000
v -0.00488139 -0.00400000 -0.00357149
v -0.00488139 0.00400000 -0.00357150
v -0.00369621 -0.00400000 -0.00237509
v -0.00442086 0.00400000 -0.00284247
v -0.00411204 0.00400000 -0.00258766
v -0.00376654 0.00400000 -0.00240273
v -0.00369622 0.00400000 -0.00237508
v -0.00442086 -0.00400000 -0.00284247
v -0.00411204 -0.00400000 -0.00258766
v -0.00376654 -0.00400000 -0.00240272
v -0.00466267 -0.00400000 -0.00313846
v -0.00466267 0.00400000 -0.00313845
v -0.00079236 0.00992916 -0.00667559
v -0.00496713 0.00508511 -0.00402305
v -0.00425587 0.00537361 -0.00285588
v -0.00451129 0.00531420 -0.00309625
v -0.00448737 0.00588854 -0.00327084
v -0.00156814 0.00971738 -0.00610349
v -0.00230580 0.00936267 -0.00553912
v -0.00363202 0.00545522 -0.00252572
v -0.00395924 0.00542103 -0.00266406
v -0.00397153 0.00596932 -0.00284636
v -0.00367867 0.00742778 -0.00355813
v -0.00327076 0.00822035 -0.00411627
v -0.00392430 0.00648982 -0.00306095
v -0.00145231 0.00971713 -0.00596143
v -0.00212789 0.00936321 -0.00532951
v -0.00298963 0.00885975 -0.00498284
v -0.00274451 0.00886358 -0.00470980
v -0.00358854 0.00820823 -0.00444601
v -0.00407474 0.00739875 -0.00393560
v -0.00440110 0.00643053 -0.00347351
v -0.00487163 0.00516748 -0.00368980
v -0.00483128 0.00574452 -0.00383154
v -0.00471812 0.00524467 -0.00337752
v -0.00472889 0.00629326 -0.00399811
v -0.00436884 0.00728354 -0.00438353
v -0.00384430 0.00812083 -0.00481606
v -0.00320196 0.00880031 -0.00527627
v -0.00351999 0.00472465 -0.00236045
v -0.00496382 0.00454617 -0.00390985
v -0.00485916 0.00458714 -0.00355423
v -0.00469155 0.00462526 -0.00322317
v -0.00446657 0.00465923 -0.00292824
v -0.00418986 0.00468771 -0.00268096
v -0.00387018 0.00470972 -0.00248997
v -0.00496382 -0.00454617 -0.00390985
v -0.00485915 -0.00458714 -0.00355424
v -0.00469155 -0.00462526 -0.00322316
v -0.00446658 -0.00465923 -0.00292823
v -0.00418986 -0.00468772 -0.00268096
v -0.00387017 -0.00470972 -0.00248998
v -0.00351998 -0.00472465 -0.00236046
v -0.00496713 -0.00508511 -0.00402306
v -0.00487162 -0.00516749 -0.00368977
v -0.00471812 -0.00524467 -0.00337752
v -0.00451129 -0.00531420 -0.00309626
v -0.00425586 -0.00537362 -0.00285589
v -0.00395924 -0.00542103 -0.00266407
v -0.00363203 -0.00545522 -0.00252572
v -0.00448716 -0.00588862 -0.00327105
v -0.00079202 -0.00992923 -0.00667583
v -0.00397123 -0.00596942 -0.00284649
v -0.00483135 -0.00574438 -0.00383162
v -0.00436917 -0.00728369 -0.00438349
v -0.00384566 -0.00811929 -0.00481514
v -0.00472909 -0.00629261 -0.00399800
v -0.00327105 -0.00821905 -0.00411523
v -0.00440094 -0.00643014 -0.00347352
v -0.00392399 -0.00648952 -0.00306089
v -0.00407468 -0.00739911 -0.00393571
v -0.00367838 -0.00742820 -0.00355821
v -0.00358927 -0.00820681 -0.00444511
v -0.00156791 -0.00971734 -0.00610361
v -0.00230586 -0.00936256 -0.00553905
v -0.00320110 -0.00880060 -0.00527685
v -0.00274300 -0.00886390 -0.00471072
v -0.00298833 -0.00886001 -0.00498369
f 1 2 3
f 1 3 4
f 4 3 5
f 4 5 6
f 7 8 9
f 5 10 11
f 11 10 12
f 13 14 5
f 13 5 11
f 14 13 15
f 15 13 16
f 15 16 17
f 17 16 18
f 17 18 19
f 19 18 20
f 19 20 21
f 21 20 22
f 21 22 23
f 9 8 23
f 8 24 23
f 23 24 25
f 23 25 21
f 21 25 26
f 21 26 27
f 28 29 30
f 30 29 31
f 30 31 32
f 32 31 33
f 32 33 34
f 34 33 35
f 34 35 9
f 9 35 36
f 9 36 7
f 10 1 12
f 12 1 4
f 10 5 1
f 1 5 3
f 1 3 2
f 4 6 12
f 12 6 37
f 12 37 38
f 39 40 41
f 41 40 42
f 41 42 43
f 43 42 44
f 40 39 45
f 45 39 46
f 45 46 47
f 47 46 48
f 48 46 49
f 48 49 50
f 51 52 53
f 53 52 54
f 53 54 55
f 56 57 58
f 58 57 59
f 60 61 57
f 57 61 62
f 57 62 59
f 63 64 60
f 60 64 65
f 60 65 61
f 56 58 66
f 66 58 67
f 66 67 68
f 53 55 69
f 69 55 70
f 70 71 69
f 69 71 72
f 69 72 73
f 74 75 76
f 76 75 77
f 76 77 78
f 79 80 81
f 81 80 82
f 81 82 83
f 83 82 84
f 83 84 85
f 85 84 86
f 85 86 87
f 87 86 88
f 87 88 89
f 89 88 90
f 89 90 91
f 91 90 92
f 91 92 93
f 93 92 94
f 93 94 95
f 95 94 96
f 95 96 97
f 97 96 98
f 97 98 99
f 99 98 100
f 99 100 101
f 101 100 102
f 101 102 79
f 79 102 80
f 103 104 105
f 105 104 106
f 105 106 107
f 107 106 108
f 107 108 109
f 109 108 110
f 109 110 111
f 111 110 112
f 111 112 113
f 113 112 114
f 113 114 115
f 115 114 116
f 115 116 117
f 117 116 118
f 117 118 119
f 119 118 120
f 119 120 121
f 121 120 122
f 121 122 123
f 123 122 124
f 123 124 125
f 125 124 126
f 125 126 103
f 103 126 104
f 127 98 128
f 128 98 96
f 128 96 129
f 129 96 94
f 129 94 130
f 130 94 92
f 130 92 131
f 131 92 90
f 131 90 132
f 132 90 88
f 132 88 133
f 133 88 86
f 133 86 134
f 134 86 84
f 134 84 135
f 135 84 82
f 135 82 136
f 136 82 80
f 136 80 137
f 137 80 102
f 137 102 138
f 138 102 100
f 138 100 127
f 127 100 98
f 139 122 140
f 140 122 120
f 140 120 141
f 141 120 118
f 141 118 142
f 142 118 116
f 142 116 143
f 143 116 114
f 143 114 144
f 144 114 112
f 144 112 145
f 145 112 110
f 145 110 146
f 146 110 108
f 146 108 147
f 147 108 106
f 147 106 148
f 148 106 104
f 148 104 149
f 149 104 126
f 149 126 150
f 150 126 124
f 150 124 139
f 139 124 122
f 151 152 153
f 151 153 154
f 154 153 155
f 154 155 156
f 157 158 155
f 155 158 159
f 155 159 156
f 158 157 160
f 160 157 161
f 160 161 162
f 163 164 165
f 162 161 166
f 162 166 167
f 167 166 168
f 167 168 169
f 164 170 165
f 165 170 171
f 165 171 168
f 168 171 172
f 168 172 169
f 163 165 173
f 173 165 174
f 173 174 175
f 175 174 176
f 177 178 176
f 176 178 179
f 176 179 175
f 180 181 182
f 182 183 180
f 180 183 184
f 180 184 177
f 177 184 185
f 177 185 178
f 181 180 186
f 186 180 187
f 186 187 188
f 188 187 189
f 189 187 190
f 189 190 191
f 192 193 194
f 194 193 195
f 194 195 196
f 196 195 197
f 196 197 198
f 197 199 198
f 198 199 200
f 198 200 201
f 201 200 202
f 201 202 203
f 204 205 206
f 207 208 209
f 206 205 210
f 210 205 211
f 210 211 212
f 212 211 213
f 212 213 214
f 214 213 215
f 214 215 209
f 209 215 216
f 209 216 207
f 217 218 219
f 220 221 222
f 222 221 223
f 197 217 199
f 199 217 219
f 199 219 200
f 200 219 222
f 200 222 202
f 202 222 223
f 202 223 203
f 224 63 60
f 57 56 225
f 215 213 225
f 225 213 211
f 225 211 57
f 57 211 205
f 57 205 60
f 224 60 226
f 226 60 205
f 226 205 204
f 227 228 136
f 136 228 229
f 136 229 135
f 227 136 230
f 230 136 137
f 230 137 231
f 231 137 232
f 232 137 138
f 232 138 233
f 233 138 234
f 234 138 127
f 234 127 235
f 129 236 128
f 128 236 237
f 128 237 127
f 127 237 238
f 127 238 235
f 130 239 129
f 129 239 240
f 129 240 236
f 131 241 130
f 130 241 242
f 130 242 239
f 132 243 131
f 131 243 244
f 131 244 241
f 133 245 132
f 132 245 246
f 246 247 132
f 132 247 248
f 132 248 243
f 229 249 135
f 135 249 250
f 135 250 134
f 134 250 251
f 134 251 133
f 133 251 252
f 133 252 245
f 141 142 253
f 254 255 143
f 143 255 256
f 143 256 142
f 142 256 257
f 142 257 253
f 254 143 258
f 258 143 144
f 258 144 259
f 259 144 260
f 260 144 145
f 260 145 261
f 147 262 146
f 146 262 263
f 146 263 145
f 145 263 264
f 145 264 261
f 148 265 147
f 147 265 266
f 147 266 262
f 149 267 148
f 148 267 268
f 148 268 265
f 269 270 149
f 149 270 271
f 149 271 267
f 269 149 272
f 272 149 150
f 272 150 273
f 273 150 139
f 273 139 274
f 253 275 141
f 141 275 276
f 141 276 140
f 140 276 277
f 140 277 139
f 139 277 278
f 139 278 274
f 279 280 281
f 208 282 283
f 208 283 284
f 279 281 285
f 286 287 288
f 288 287 289
f 285 281 290
f 290 281 291
f 290 291 292
f 292 291 293
f 292 293 294
f 294 293 295
f 294 295 296
f 296 295 297
f 296 297 298
f 298 297 299
f 298 299 300
f 300 299 301
f 300 301 302
f 302 301 303
f 302 303 304
f 304 303 305
f 304 305 286
f 286 305 306
f 286 306 287
f 283 307 284
f 284 307 308
f 284 308 309
f 309 308 310
f 309 310 311
f 311 310 312
f 311 312 313
f 313 312 314
f 313 314 315
f 315 314 316
f 315 316 317
f 317 316 318
f 317 318 289
f 289 318 319
f 289 319 288
f 293 291 320
f 320 291 281
f 320 281 321
f 321 281 280
f 321 280 322
f 293 320 295
f 295 320 323
f 295 323 297
f 297 323 324
f 297 324 299
f 299 324 325
f 299 325 301
f 315 317 326
f 326 317 289
f 326 289 327
f 327 289 287
f 327 287 328
f 328 287 306
f 328 306 329
f 329 306 305
f 329 305 325
f 325 305 303
f 325 303 301
f 315 326 313
f 313 326 330
f 313 330 311
f 311 330 331
f 311 331 309
f 309 331 332
f 309 332 284
f 284 332 209
f 284 209 208
f 333 212 214
f 334 206 210
f 335 204 206
f 336 337 338
f 338 337 339
f 206 334 335
f 335 334 340
f 335 340 341
f 341 340 342
f 341 342 343
f 343 342 344
f 343 344 345
f 345 344 346
f 345 346 347
f 347 346 348
f 347 348 349
f 349 348 350
f 349 350 351
f 351 350 352
f 351 352 353
f 353 352 354
f 353 354 355
f 355 354 356
f 355 356 357
f 357 356 358
f 357 358 359
f 359 358 360
f 359 360 361
f 361 360 338
f 361 338 362
f 362 338 339
f 362 339 363
f 364 365 336
f 322 366 365
f 365 364 322
f 322 364 367
f 322 367 321
f 321 367 368
f 321 368 320
f 320 368 369
f 320 369 323
f 323 369 370
f 323 370 324
f 324 370 371
f 324 371 325
f 325 371 372
f 325 372 329
f 329 372 373
f 329 373 328
f 328 373 374
f 328 374 327
f 327 374 375
f 327 375 326
f 326 375 376
f 326 376 330
f 330 376 377
f 330 377 331
f 331 377 333
f 331 333 332
f 332 333 214
f 332 214 209
f 336 338 364
f 364 338 360
f 364 360 367
f 367 360 358
f 367 358 368
f 368 358 356
f 368 356 369
f 369 356 354
f 369 354 370
f 370 354 352
f 370 352 371
f 371 352 350
f 371 350 372
f 372 350 348
f 372 348 373
f 373 348 346
f 373 346 374
f 374 346 344
f 374 344 375
f 375 344 342
f 375 342 376
f 376 342 340
f 376 340 377
f 377 340 334
f 377 334 333
f 333 334 210
f 333 210 212
f 378 379 380
f 380 379 381
f 380 381 382
f 382 381 383
f 384 385 386
f 384 386 387
f 387 386 388
f 387 388 389
f 390 391 392
f 392 391 393
f 394 395 390
f 390 392 394
f 394 392 396
f 394 396 397
f 397 396 398
f 397 398 399
f 399 398 400
f 399 400 401
f 401 400 402
f 401 402 403
f 403 402 404
f 403 404 405
f 405 404 406
f 405 406 407
f 407 406 408
f 407 408 409
f 409 408 410
f 409 410 411
f 411 410 412
f 411 412 413
f 413 412 414
f 413 414 415
f 415 414 416
f 415 416 417
f 417 416 418
f 417 418 419
f 196 198 420
f 420 198 201
f 421 194 196
f 422 192 194
f 194 421 422
f 422 421 423
f 422 423 424
f 424 423 425
f 425 423 426
f 425 426 427
f 427 426 428
f 428 426 429
f 428 429 430
f 430 429 431
f 430 431 432
f 432 431 433
f 432 433 434
f 435 436 437
f 437 436 438
f 437 438 439
f 439 438 440
f 439 440 441
f 441 440 442
f 441 442 433
f 433 442 443
f 433 443 434
f 435 437 444
f 444 437 445
f 444 445 446
f 446 445 447
f 446 447 448
f 448 447 449
f 448 449 450
f 450 449 451
f 450 451 452
f 453 454 455
f 455 454 456
f 455 456 457
f 196 420 421
f 421 420 458
f 421 458 423
f 423 458 459
f 423 459 426
f 426 459 460
f 426 460 429
f 429 460 461
f 429 461 431
f 431 461 462
f 431 462 433
f 433 462 463
f 433 463 441
f 441 463 464
f 441 464 439
f 439 464 465
f 439 465 437
f 437 465 466
f 437 466 445
f 445 466 467
f 445 467 447
f 447 467 457
f 447 457 449
f 449 457 456
f 449 456 451
f 203 419 201
f 201 419 418
f 201 418 420
f 420 418 416
f 420 416 458
f 458 416 414
f 458 414 459
f 459 414 412
f 459 412 460
f 460 412 410
f 460 410 461
f 461 410 408
f 461 408 462
f 462 408 406
f 462 406 463
f 463 406 404
f 463 404 464
f 464 404 402
f 464 402 465
f 465 402 400
f 465 400 466
f 466 400 398
f 466 398 467
f 467 398 396
f 467 396 457
f 457 396 392
f 457 392 455
f 455 392 393
f 455 393 453
f 468 469 470
f 471 472 473
f 473 472 474
f 468 470 475
f 476 477 478
f 478 477 479
f 478 479 475
f 480 481 482
f 482 481 483
f 482 483 484
f 484 483 485
f 484 485 486
f 487 488 489
f 489 488 490
f 489 490 491
f 491 490 492
f 491 492 480
f 480 492 493
f 480 493 481
f 494 495 487
f 487 495 496
f 487 496 488
f 497 498 499
f 499 498 494
f 499 494 500
f 500 494 487
f 501 502 503
f 504 505 506
f 506 505 507
f 508 509 510
f 510 509 511
f 512 508 513
f 513 508 510
f 513 510 514
f 514 510 515
f 516 517 518
f 518 517 519
f 518 519 515
f 515 519 520
f 515 520 514
f 521 522 523
f 523 522 524
f 523 524 516
f 516 524 525
f 516 525 517
f 521 523 526
f 526 523 527
f 526 527 528
f 528 527 529
f 528 529 530
f 530 529 531
f 530 531 532
f 532 531 533
f 533 531 534
f 533 534 535
f 535 534 536
f 536 534 470
f 536 470 472
f 472 470 469
f 472 469 474
f 476 537 486
f 486 537 538
f 486 538 484
f 484 538 539
f 484 539 482
f 482 539 540
f 482 540 480
f 480 540 541
f 480 541 491
f 491 541 542
f 491 542 489
f 489 542 543
f 489 543 487
f 487 543 544
f 487 544 500
f 500 544 501
f 500 501 499
f 499 501 503
f 499 503 497
f 476 478 537
f 537 478 545
f 537 545 538
f 538 545 546
f 538 546 539
f 539 546 547
f 539 547 540
f 540 547 548
f 540 548 541
f 541 548 549
f 541 549 542
f 542 549 550
f 542 550 543
f 543 550 551
f 543 551 544
f 544 551 552
f 544 552 501
f 501 552 506
f 501 506 502
f 502 506 507
f 502 507 503
f 475 470 478
f 478 470 534
f 478 534 545
f 545 534 531
f 545 531 546
f 546 531 529
f 546 529 547
f 547 529 527
f 547 527 548
f 548 527 523
f 548 523 549
f 549 523 516
f 549 516 550
f 550 516 518
f 550 518 551
f 551 518 515
f 551 515 552
f 552 515 510
f 552 510 506
f 506 510 511
f 506 511 504
f 450 452 553
f 553 512 450
f 450 512 513
f 450 513 448
f 448 513 514
f 448 514 446
f 446 514 444
f 444 514 520
f 444 520 435
f 435 520 519
f 435 519 436
f 436 519 517
f 436 517 438
f 438 517 525
f 438 525 440
f 440 525 524
f 440 524 442
f 442 524 522
f 442 522 443
f 443 522 521
f 443 521 434
f 434 521 526
f 434 526 432
f 526 528 432
f 432 528 530
f 432 530 430
f 430 530 532
f 430 532 428
f 428 532 533
f 428 533 427
f 427 533 535
f 427 535 425
f 425 535 536
f 425 536 424
f 424 536 472
f 424 472 422
f 422 472 471
f 422 471 192
f 192 471 554
f 192 554 555
f 66 68 556
f 56 66 225
f 225 66 556
f 225 556 215
f 215 556 557
f 215 557 216
f 216 557 558
f 216 558 207
f 207 558 282
f 207 282 208
f 559 43 44
f 43 559 560
f 561 562 560
f 560 562 41
f 560 41 43
f 563 564 69
f 565 563 566
f 566 563 69
f 566 69 567
f 567 69 73
f 568 569 570
f 570 569 571
f 571 572 570
f 570 572 573
f 570 573 574
f 570 574 575
f 576 577 578
f 578 577 570
f 578 570 579
f 579 570 575
f 580 581 582
f 582 581 577
f 582 577 576
f 583 584 585
f 585 584 586
f 585 586 587
f 587 588 585
f 585 588 589
f 585 589 590
f 591 592 593
f 593 592 594
f 593 594 595
f 596 597 591
f 591 597 598
f 598 599 591
f 591 599 600
f 591 600 592
f 593 595 601
f 601 595 602
f 603 604 602
f 602 604 605
f 602 605 601
f 606 607 608
f 609 610 611
f 612 613 614
f 614 613 615
f 614 615 616
f 616 615 617
f 616 617 618
f 619 620 612
f 612 620 621
f 612 621 613
f 622 623 612
f 623 624 612
f 612 624 625
f 612 625 619
f 623 626 627
f 627 628 623
f 623 628 629
f 623 629 624
f 626 623 630
f 630 623 622
f 630 622 631
f 631 622 632
f 631 632 633
f 634 635 636
f 635 634 637
f 637 634 638
f 637 638 611
f 611 638 639
f 611 639 609
f 640 641 642
f 642 641 643
f 642 643 644
f 644 643 645
f 644 645 646
f 646 645 647
f 646 647 648
f 648 647 618
f 648 618 649
f 649 618 617
f 606 608 650
f 651 652 653
f 653 652 654
f 653 654 655
f 655 654 656
f 655 656 657
f 657 656 658
f 657 658 659
f 659 658 660
f 659 660 661
f 661 660 662
f 661 662 608
f 608 662 663
f 608 663 650
f 664 665 666
f 666 665 650
f 666 650 667
f 667 650 663
f 667 663 668
f 668 663 662
f 668 662 669
f 652 670 654
f 654 670 671
f 654 671 656
f 656 671 672
f 656 672 658
f 658 672 673
f 658 673 660
f 660 673 674
f 660 674 662
f 662 674 675
f 662 675 669
f 676 677 678
f 641 651 643
f 643 651 653
f 643 653 645
f 645 653 655
f 645 655 647
f 647 655 657
f 647 657 618
f 618 657 659
f 618 659 616
f 616 659 661
f 616 661 614
f 614 661 608
f 614 608 612
f 612 608 607
f 612 607 622
f 622 607 606
f 622 606 632
f 632 606 650
f 632 650 679
f 679 650 665
f 679 665 678
f 678 665 664
f 678 664 676
f 633 632 636
f 636 632 679
f 636 679 634
f 634 679 678
f 634 678 638
f 638 678 677
f 638 677 639
f 680 681 682
f 682 681 683
f 682 683 684
f 684 683 685
f 684 685 686
f 686 685 687
f 686 687 688
f 688 687 689
f 688 689 690
f 690 689 691
f 690 691 692
f 693 694 695
f 695 694 696
f 695 696 697
f 698 699 700
f 700 699 701
f 700 701 702
f 702 701 703
f 702 703 704
f 704 703 705
f 704 705 706
f 707 708 709
f 709 708 710
f 709 710 711
f 706 705 712
f 712 705 713
f 712 713 714
f 714 713 711
f 714 711 715
f 715 711 710
f 715 710 716
f 717 718 707
f 719 718 720
f 720 718 717
f 720 717 692
f 692 717 721
f 692 721 690
f 690 721 722
f 690 722 688
f 688 722 723
f 688 723 686
f 686 723 724
f 686 724 684
f 684 724 725
f 684 725 682
f 682 725 696
f 682 696 680
f 680 696 694
f 707 709 717
f 717 709 711
f 717 711 721
f 721 711 713
f 721 713 722
f 722 713 705
f 722 705 723
f 723 705 703
f 723 703 724
f 724 703 701
f 724 701 725
f 725 701 699
f 725 699 696
f 696 699 698
f 696 698 697
f 726 727 728
f 719 726 718
f 718 726 707
f 726 728 707
f 707 728 729
f 707 729 708
f 708 729 730
f 708 730 710
f 710 730 731
f 710 731 716
f 732 733 734
f 734 735 732
f 732 735 736
f 732 736 737
f 738 739 740
f 740 739 737
f 740 737 741
f 737 736 741
f 741 736 742
f 741 742 743
f 727 738 728
f 728 738 740
f 728 740 729
f 729 740 741
f 729 741 730
f 730 741 743
f 730 743 731
f 744 563 745
f 563 744 564
f 746 747 748
f 748 747 569
f 748 569 568
f 749 750 751
f 752 753 754
f 752 754 751
f 751 754 755
f 751 755 749
f 750 756 751
f 751 756 757
f 191 190 758
f 758 190 759
f 758 759 760
f 760 759 761
f 760 761 762
f 762 761 763
f 763 761 764
f 763 764 765
f 383 766 767
f 768 378 380
f 382 383 380
f 380 383 767
f 380 767 768
f 366 769 365
f 365 769 770
f 771 772 363
f 363 339 771
f 771 339 337
f 771 337 770
f 770 337 336
f 770 336 365
f 773 454 453
f 773 453 774
f 395 775 390
f 390 775 776
f 390 776 391
f 391 776 774
f 391 774 393
f 393 774 453
f 385 384 387
f 777 778 385
f 385 387 777
f 777 387 389
f 777 389 779
f 779 773 774
f 774 780 781
f 781 778 774
f 774 778 777
f 774 777 779
f 767 770 768
f 768 770 769
f 764 761 775
f 775 761 759
f 775 759 776
f 776 759 774
f 782 174 783
f 783 174 165
f 783 165 784
f 784 165 168
f 759 190 774
f 774 190 187
f 774 187 780
f 780 187 180
f 780 180 785
f 785 180 177
f 785 177 782
f 782 177 176
f 782 176 174
f 168 166 784
f 784 166 770
f 784 770 766
f 766 770 767
f 166 161 770
f 770 161 157
f 770 157 771
f 771 157 155
f 771 155 772
f 772 155 153
f 772 153 152
f 786 631 787
f 787 631 633
f 787 633 636
f 629 628 788
f 788 628 627
f 629 788 624
f 624 788 789
f 624 789 625
f 625 789 790
f 625 790 619
f 791 790 792
f 792 790 789
f 792 789 793
f 793 789 788
f 793 788 794
f 794 788 627
f 794 627 795
f 795 627 626
f 795 626 786
f 786 626 630
f 786 630 631
f 97 99 395
f 99 796 395
f 395 796 764
f 395 764 775
f 796 797 764
f 764 797 798
f 764 798 799
f 403 93 401
f 401 93 95
f 87 419 85
f 85 419 203
f 85 203 83
f 83 203 223
f 83 223 81
f 81 223 221
f 81 221 79
f 79 221 796
f 79 796 101
f 101 796 99
f 395 394 97
f 97 394 397
f 97 397 95
f 95 397 399
f 95 399 401
f 799 800 764
f 764 800 801
f 764 801 765
f 411 89 91
f 403 405 93
f 93 405 407
f 93 407 91
f 91 407 409
f 91 409 411
f 411 413 89
f 89 413 415
f 89 415 87
f 87 415 417
f 87 417 419
f 802 803 804
f 804 803 805
f 804 805 218
f 218 805 806
f 218 806 219
f 219 806 807
f 219 807 222
f 222 807 808
f 222 808 220
f 804 218 217
f 802 804 809
f 809 804 217
f 809 217 810
f 810 217 197
f 810 197 195
f 810 195 811
f 195 193 811
f 811 193 192
f 811 192 555
f 812 597 596
f 813 814 791
f 814 813 596
f 596 813 815
f 596 815 812
f 791 792 813
f 813 792 793
f 813 793 816
f 793 794 816
f 816 794 795
f 816 795 817
f 817 795 786
f 817 786 818
f 818 786 787
f 818 787 819
f 636 635 787
f 787 635 637
f 787 637 819
f 819 637 820
f 819 820 821
f 805 818 806
f 806 818 819
f 806 819 807
f 807 819 821
f 807 821 808
f 813 816 805
f 805 816 817
f 805 817 818
f 805 803 813
f 813 803 802
f 813 802 809
f 554 471 473
f 555 813 811
f 811 813 809
f 811 809 810
f 474 815 473
f 473 815 813
f 473 813 554
f 554 813 555
f 822 823 824
f 825 826 827
f 828 829 830
f 828 830 831
f 827 826 832
f 832 826 833
f 832 833 834
f 823 835 827
f 827 835 836
f 827 836 825
f 837 838 839
f 839 838 822
f 839 822 840
f 840 822 824
f 841 842 832
f 832 842 843
f 832 843 827
f 827 843 844
f 827 844 823
f 823 844 845
f 823 845 824
f 846 841 830
f 830 841 832
f 830 832 831
f 831 832 834
f 847 848 849
f 849 848 850
f 849 850 851
f 583 852 584
f 584 852 853
f 584 853 847
f 847 853 854
f 847 854 848
f 855 856 857
f 856 855 858
f 308 307 859
f 308 860 310
f 310 860 861
f 310 861 312
f 312 861 314
f 314 861 862
f 314 862 316
f 316 862 863
f 316 863 318
f 318 863 319
f 319 863 864
f 319 864 288
f 288 864 286
f 286 864 865
f 286 865 304
f 304 865 302
f 302 865 866
f 302 866 300
f 300 866 867
f 300 867 298
f 298 867 296
f 296 867 868
f 296 868 294
f 869 870 290
f 290 870 285
f 871 872 873
f 873 872 874
f 294 868 292
f 292 868 873
f 292 873 290
f 290 873 874
f 290 874 869
f 875 876 877
f 877 876 878
f 877 878 879
f 880 881 882
f 882 881 883
f 882 883 884
f 884 883 885
f 886 887 888
f 888 887 889
f 888 889 880
f 880 889 890
f 880 890 881
f 891 892 893
f 893 892 886
f 894 895 896
f 896 895 897
f 896 897 891
f 891 897 898
f 891 898 892
f 899 900 901
f 901 900 902
f 901 902 903
f 903 902 894
f 859 904 308
f 308 904 905
f 308 905 860
f 860 905 906
f 860 906 899
f 899 901 860
f 860 901 903
f 860 903 861
f 861 903 907
f 861 907 862
f 862 907 908
f 862 908 863
f 863 908 909
f 863 909 864
f 864 909 910
f 864 910 865
f 865 910 911
f 865 911 866
f 866 911 912
f 866 912 867
f 867 912 875
f 867 875 868
f 868 875 877
f 868 877 873
f 873 877 879
f 873 879 871
f 894 896 903
f 903 896 891
f 903 891 907
f 907 891 893
f 907 893 908
f 908 893 913
f 908 913 909
f 909 913 914
f 909 914 910
f 910 914 915
f 910 915 911
f 911 915 857
f 911 857 912
f 912 857 856
f 912 856 875
f 875 856 858
f 875 858 876
f 886 888 893
f 893 888 880
f 893 880 913
f 913 880 882
f 913 882 914
f 914 882 884
f 914 884 915
f 915 884 885
f 915 885 857
f 857 885 916
f 857 916 855
f 917 837 839
f 918 919 920
f 920 919 921
f 922 923 840
f 840 923 920
f 840 920 839
f 839 920 921
f 839 921 917
f 922 840 924
f 924 840 824
f 924 824 845
f 845 844 924
f 924 844 843
f 924 843 925
f 925 843 842
f 925 842 841
f 850 926 851
f 851 926 927
f 851 927 928
f 928 927 925
f 928 925 846
f 846 925 841
f 927 904 925
f 925 904 859
f 859 307 283
f 859 283 925
f 925 283 282
f 925 282 558
f 558 557 556
f 558 556 925
f 925 556 68
f 925 68 924
f 924 68 67
f 924 67 922
f 922 67 58
f 922 58 923
f 58 59 923
f 923 59 62
f 923 62 920
f 64 918 65
f 65 918 920
f 65 920 61
f 61 920 62
f 929 930 931
f 932 933 934
f 934 933 935
f 934 935 936
f 936 935 937
f 938 932 939
f 939 932 934
f 939 934 931
f 931 934 936
f 931 936 929
f 940 941 942
f 941 940 943
f 944 945 946
f 947 948 949
f 949 948 950
f 949 950 951
f 944 946 952
f 952 946 953
f 952 953 949
f 949 953 954
f 949 954 947
f 955 956 700
f 700 956 698
f 956 942 698
f 698 942 941
f 698 941 697
f 697 941 943
f 943 957 697
f 697 957 958
f 697 958 695
f 695 958 693
f 945 940 946
f 946 940 942
f 946 942 953
f 953 942 956
f 953 956 959
f 959 956 955
f 603 960 604
f 604 960 961
f 604 961 605
f 588 962 589
f 589 962 963
f 589 963 590
f 123 125 964
f 964 125 103
f 105 107 152
f 152 107 109
f 152 109 772
f 772 109 363
f 964 224 123
f 123 224 226
f 123 226 121
f 121 226 204
f 121 204 119
f 105 152 103
f 103 152 151
f 103 151 965
f 353 355 113
f 113 355 357
f 113 357 111
f 965 966 103
f 103 966 967
f 103 967 964
f 964 967 968
f 964 968 969
f 357 359 111
f 111 359 361
f 111 361 109
f 109 361 362
f 109 362 363
f 353 113 351
f 351 113 115
f 351 115 349
f 349 115 347
f 347 115 117
f 347 117 345
f 204 335 119
f 119 335 341
f 119 341 117
f 117 341 343
f 117 343 345
f 970 971 972
f 972 971 973
f 970 974 971
f 971 974 975
f 971 975 976
f 976 975 977
f 977 975 978
f 979 641 640
f 917 921 980
f 980 921 981
f 823 822 982
f 982 822 838
f 982 838 837
f 826 825 983
f 983 825 836
f 983 836 835
f 831 834 984
f 984 834 833
f 984 833 985
f 986 987 828
f 828 987 988
f 828 988 829
f 981 921 989
f 989 921 990
f 989 990 991
f 833 826 985
f 985 826 983
f 985 983 982
f 982 983 835
f 982 835 823
f 917 980 837
f 837 980 992
f 837 992 982
f 982 992 993
f 982 993 985
f 994 995 996
f 996 995 997
f 652 651 998
f 998 651 999
f 998 999 1000
f 1000 999 1001
f 1000 1001 1002
f 1002 1001 1003
f 1002 1003 1004
f 1004 1003 1005
f 1004 1005 1006
f 1006 1005 1007
f 1006 1007 1008
f 1006 1009 1004
f 1004 1009 1010
f 1004 1010 1002
f 1002 1010 1011
f 1002 1011 1000
f 1000 1011 1012
f 1000 1012 998
f 998 1012 1013
f 998 1013 652
f 652 1013 1014
f 652 1014 670
f 1015 1016 1017
f 1017 1016 1018
f 640 1019 979
f 979 1019 1020
f 979 1020 1021
f 1021 1020 1022
f 1021 1022 1018
f 1018 1022 1023
f 1018 1023 1017
f 1024 1025 1026
f 1026 1025 1027
f 1026 1027 1028
f 1028 1027 1029
f 1028 1030 1026
f 1026 1030 1031
f 1026 1031 1024
f 1024 1031 1032
f 1024 1032 986
f 986 1032 1033
f 986 1033 987
f 651 641 999
f 999 641 979
f 999 979 1001
f 1001 979 1021
f 1001 1021 1003
f 1003 1021 1018
f 1003 1018 1005
f 1005 1018 1016
f 1005 1016 1007
f 1015 1029 1016
f 1016 1029 1027
f 1016 1027 1007
f 1007 1027 1025
f 1007 1025 1008
f 1008 1025 1034
f 1008 1034 994
f 994 1034 1035
f 994 1035 995
f 994 1036 1008
f 1008 1036 1037
f 1008 1037 1006
f 1006 1037 1038
f 1006 1038 1009
f 989 997 981
f 981 997 995
f 981 995 980
f 980 995 1035
f 980 1035 992
f 992 1035 1034
f 992 1034 993
f 993 1034 1025
f 993 1025 985
f 985 1025 1024
f 985 1024 984
f 984 1024 986
f 984 986 831
f 831 986 828
f 1039 991 919
f 919 991 990
f 919 990 921
f 919 1040 1041
f 1041 972 973
f 1039 919 1042
f 1042 919 1041
f 1042 1041 1043
f 1043 1041 973
f 224 1044 63
f 63 1044 1045
f 63 1045 64
f 64 1045 1040
f 64 1040 918
f 918 1040 919
f 1046 1044 224
f 224 964 1047
f 1048 1046 1049
f 1049 1046 224
f 1049 224 1050
f 1050 224 1047
f 1050 1047 1051
f 1051 1047 1052
f 1044 1046 1053
f 1053 1054 1044
f 1044 1054 1055
f 1044 1055 1045
f 1041 1040 1056
f 1056 1040 1045
f 1056 1045 1057
f 1057 1045 1055
f 1046 1048 1053
f 1053 1048 1049
f 1053 1049 1058
f 1058 1049 1050
f 1058 1050 1051
f 1041 1059 972
f 972 1059 970
f 1059 1060 970
f 970 1060 1061
f 970 1061 974
f 978 975 1062
f 1062 975 974
f 1062 974 1063
f 1063 974 1061
f 977 978 1064
f 1064 978 1065
f 1064 1065 1066
f 1066 1065 1067
f 1067 1065 1068
f 1068 1065 1069
f 1068 1069 1070
f 1070 1069 1051
f 1070 1051 1052
f 1055 1054 1071
f 1071 1054 1053
f 1071 1072 1055
f 1055 1072 1073
f 1055 1073 1057
f 1057 1073 1056
f 1041 1056 1059
f 1059 1056 1073
f 1059 1073 1060
f 1060 1073 1072
f 1060 1072 1061
f 1061 1072 1063
f 1062 1063 1074
f 1074 1063 1072
f 1074 1072 1075
f 1075 1072 1071
f 1075 1071 1058
f 1058 1071 1053
f 1058 1051 1075
f 1075 1051 1069
f 1075 1069 1074
f 1074 1069 1065
f 1074 1065 1062
f 1062 1065 978
f 637 611 820
f 820 611 610
f 820 610 1076
f 1077 1078 221
f 221 1078 1079
f 1080 796 1081
f 1081 796 221
f 1081 221 1082
f 1082 221 1079
f 1080 1081 1083
f 1083 1081 1084
f 1085 797 796
f 1086 1087 1088
f 1089 1090 1083
f 1083 1090 1085
f 1083 1085 1080
f 1080 1085 796
f 1089 1083 1088
f 1088 1083 1091
f 1088 1091 1086
f 1092 1093 808
f 1077 221 1093
f 1093 221 220
f 1093 220 808
f 1092 808 1094
f 1094 808 821
f 1094 821 820
f 1095 1094 820
f 1096 1097 1098
f 1098 1097 1095
f 1098 1095 1076
f 1076 1095 820
f 1099 1100 1101
f 1102 1103 1104
f 1104 1099 1102
f 1102 1099 1101
f 1102 1101 1105
f 1105 1101 1097
f 1105 1097 1096
f 1104 1103 1106
f 1106 1103 1107
f 1104 1106 1108
f 1104 1108 1099
f 1099 1108 1109
f 1099 1109 1100
f 1100 1109 1110
f 1100 1110 1101
f 1101 1110 1095
f 1101 1095 1097
f 1078 1077 1093
f 1111 1112 1078
f 1084 1081 1113
f 1113 1081 1082
f 1113 1082 1112
f 1112 1082 1079
f 1112 1079 1078
f 1078 1093 1111
f 1111 1093 1092
f 1111 1092 1114
f 1114 1092 1094
f 1114 1094 1095
f 1106 1107 1115
f 1115 1107 1116
f 1115 1116 1117
f 1083 1084 1118
f 1083 1118 1091
f 1091 1118 1115
f 1091 1115 1086
f 1086 1115 1117
f 1086 1117 1087
f 1111 1114 1119
f 1119 1114 1095
f 1119 1095 1110
f 1118 1120 1115
f 1115 1120 1121
f 1115 1121 1106
f 1106 1121 1108
f 1120 1122 1121
f 1121 1122 1123
f 1121 1123 1108
f 1108 1123 1109
f 1110 1109 1119
f 1119 1109 1123
f 1119 1123 1111
f 1111 1123 1122
f 1111 1122 1112
f 1112 1122 1120
f 1112 1120 1113
f 1113 1120 1118
f 1113 1118 1084
f 935 933 1124
f 1124 1125 1126
f 935 1124 937
f 937 1124 1126
f 937 1126 1127
f 1128 1124 933
f 933 1129 1128
f 1128 1129 1130
f 1128 1130 1131
f 1131 1132 1128
f 1128 1132 1133
f 1128 1133 1134
f 1134 1133 1135
f 1134 1135 1136
f 1137 1138 1139
f 583 585 1140
f 853 852 900
f 900 852 902
f 904 927 905
f 905 927 926
f 905 926 906
f 853 900 854
f 854 900 899
f 854 899 848
f 906 926 899
f 899 926 850
f 899 850 848
f 852 583 902
f 902 583 1140
f 902 1140 894
f 1141 1142 1143
f 1141 1143 1144
f 1143 1145 897
f 1140 1144 894
f 894 1144 1143
f 894 1143 895
f 895 1143 897
f 274 1145 273
f 273 1145 1146
f 273 1146 272
f 272 1146 1147
f 272 1147 269
f 275 253 897
f 274 278 1145
f 1145 278 277
f 1145 277 897
f 897 277 276
f 897 276 275
f 257 256 887
f 887 886 257
f 257 886 892
f 257 892 253
f 253 892 898
f 253 898 897
f 259 885 258
f 258 885 883
f 258 883 254
f 254 883 881
f 254 881 255
f 255 881 890
f 255 890 256
f 256 890 889
f 256 889 887
f 259 260 885
f 885 260 261
f 885 261 264
f 263 262 1148
f 1148 262 266
f 266 265 1148
f 1148 265 268
f 1148 268 267
f 269 1147 270
f 270 1147 1149
f 270 1149 271
f 271 1149 1150
f 271 1150 267
f 267 1150 1151
f 267 1151 1148
f 264 263 885
f 885 263 1148
f 885 1148 916
f 916 1148 1152
f 916 1152 855
f 1152 1153 855
f 855 1153 1154
f 855 1154 858
f 858 1154 1155
f 858 1155 876
f 876 1155 878
f 878 1155 879
f 879 1155 1156
f 879 1156 871
f 870 869 1157
f 1157 869 874
f 1157 874 1156
f 1156 874 872
f 1156 872 871
f 379 378 768
f 766 383 381
f 1158 768 1157
f 1157 768 769
f 366 322 280
f 366 280 769
f 769 280 279
f 769 279 1157
f 1157 279 285
f 1157 285 870
f 778 781 1159
f 1159 781 780
f 1159 780 1160
f 1160 780 785
f 1160 785 1161
f 1161 785 782
f 1161 782 1162
f 1162 782 783
f 1162 783 1163
f 1163 783 784
f 1163 784 1158
f 1158 784 766
f 1158 766 768
f 768 766 381
f 768 381 379
f 1164 1165 773
f 512 553 508
f 508 553 452
f 452 451 508
f 508 451 456
f 508 456 454
f 511 509 1165
f 1165 509 508
f 1165 508 773
f 773 508 454
f 386 385 778
f 389 388 779
f 779 388 386
f 386 778 779
f 779 778 1159
f 779 1159 773
f 773 1159 1166
f 773 1166 1164
f 511 1165 504
f 504 1165 1167
f 504 1167 505
f 505 1167 1168
f 505 1168 1169
f 1137 497 1170
f 1170 497 503
f 1170 503 1169
f 1169 503 507
f 1169 507 505
f 1137 1139 497
f 497 1139 1171
f 497 1171 1172
f 1173 495 1174
f 1174 495 494
f 1172 1175 497
f 497 1175 1174
f 497 1174 498
f 498 1174 494
f 229 228 1176
f 1176 228 227
f 1176 227 230
f 231 232 1173
f 1173 1177 231
f 231 1177 1178
f 231 1178 230
f 230 1178 1179
f 230 1179 1176
f 232 233 1173
f 1173 233 234
f 1173 234 235
f 235 238 1173
f 1173 238 237
f 1173 237 495
f 495 237 236
f 495 236 240
f 241 496 242
f 242 496 495
f 242 495 239
f 239 495 240
f 248 493 243
f 243 493 492
f 243 492 244
f 244 492 490
f 244 490 241
f 241 490 488
f 241 488 496
f 245 252 485
f 248 247 493
f 493 247 246
f 493 246 481
f 481 246 245
f 481 245 483
f 483 245 485
f 251 250 931
f 229 1176 249
f 249 1176 938
f 249 938 250
f 250 938 939
f 250 939 931
f 602 595 1180
f 1180 595 931
f 1180 931 1181
f 1181 931 930
f 598 597 475
f 475 597 812
f 475 812 468
f 252 251 485
f 485 251 931
f 485 931 486
f 486 931 595
f 486 595 476
f 476 595 594
f 476 594 477
f 477 594 592
f 477 592 479
f 479 592 600
f 479 600 475
f 475 600 599
f 475 599 598
f 468 812 469
f 469 812 815
f 469 815 474
f 1139 1138 1182
f 1182 1136 1135
f 1183 1172 1171
f 1139 1182 1171
f 1171 1182 1183
f 1183 1182 1135
f 1183 1135 1133
f 1175 1184 1174
f 1174 1184 1185
f 1174 1185 1173
f 1173 1185 1186
f 1187 932 938
f 938 1176 1187
f 1187 1176 1179
f 1187 1179 1188
f 1188 1179 1178
f 1188 1178 1186
f 1186 1178 1177
f 1186 1177 1173
f 933 932 1129
f 1129 932 1187
f 1129 1187 1130
f 1130 1187 1188
f 1130 1188 1131
f 1131 1188 1186
f 1131 1186 1132
f 1132 1186 1185
f 1132 1185 1133
f 1133 1185 1184
f 1133 1184 1183
f 1183 1184 1175
f 1183 1175 1172
f 1153 1189 1190
f 1190 1189 7
f 1190 7 36
f 1146 1191 1147
f 1147 1191 1192
f 1147 1192 1149
f 1149 1192 1193
f 1153 1152 1189
f 1189 1152 1148
f 1189 1148 1194
f 1194 1148 1151
f 1194 1151 1193
f 1193 1151 1150
f 1193 1150 1149
f 1191 27 1192
f 1192 27 26
f 1192 26 1193
f 1193 26 25
f 1193 25 1194
f 1194 25 24
f 1194 24 1189
f 1189 24 8
f 1189 8 7
f 1195 21 1196
f 1196 21 27
f 1145 1143 1197
f 1195 1196 1198
f 1198 1196 1197
f 1198 1197 1199
f 1199 1197 1200
f 1200 1197 1143
f 1200 1143 1142
f 1196 27 1191
f 1196 1191 1197
f 1197 1191 1146
f 1197 1146 1145
f 1201 1202 1203
f 562 561 1204
f 1204 1205 562
f 562 1205 1206
f 562 1206 1203
f 1203 1206 1207
f 1203 1207 1201
f 76 78 1208
f 76 1208 74
f 74 1208 1203
f 74 1203 1202
f 78 77 1209
f 50 49 1209
f 1209 49 1208
f 1209 1208 78
f 1210 1211 51
f 51 1211 1212
f 51 1212 52
f 580 1213 581
f 581 1213 1214
f 581 1214 1215
f 573 572 1216
f 1216 572 1217
f 1216 1217 579
f 580 582 1218
f 1218 582 576
f 1218 576 1217
f 1217 576 578
f 1217 578 579
f 1219 1215 1220
f 1220 1215 1214
f 1220 1214 1218
f 1218 1214 1213
f 1218 1213 580
f 1221 1219 1222
f 1222 1219 1220
f 1222 1220 1223
f 1223 1220 1218
f 1223 1218 1224
f 1224 1218 1217
f 1224 1217 1225
f 1225 1217 572
f 1225 572 571
f 1221 1222 1226
f 1226 1222 1223
f 1226 1223 1227
f 571 569 1225
f 1225 569 747
f 1225 747 1224
f 1224 747 746
f 1224 746 1223
f 1223 746 1228
f 1223 1228 1227
f 563 565 745
f 745 565 1229
f 745 1229 1230
f 1230 1229 1231
f 1230 1231 1232
f 1232 1231 1233
f 1232 1233 1234
f 1234 1233 1235
f 1234 1235 1236
f 1237 71 70
f 1238 566 567
f 567 1237 1238
f 1238 1237 70
f 1238 70 1239
f 1239 70 55
f 1239 55 54
f 1240 1241 1236
f 1210 1241 1211
f 1211 1241 1240
f 1211 1240 1212
f 1236 1235 1240
f 1240 1235 1239
f 1240 1239 1212
f 1212 1239 54
f 1212 54 52
f 565 566 1229
f 1229 566 1238
f 1229 1238 1231
f 1231 1238 1239
f 1231 1239 1233
f 1233 1239 1235
f 1242 1243 1244
f 757 756 1245
f 757 1245 1244
f 1244 1245 1246
f 1244 1246 1242
f 1243 753 1244
f 1244 753 752
f 964 969 1047
f 1047 969 1247
f 1047 1247 1052
f 1247 1248 1052
f 1052 1248 1249
f 1052 1249 1070
f 1070 1249 1250
f 1070 1250 1068
f 1068 1250 1067
f 969 968 1247
f 1247 968 1251
f 1247 1251 1248
f 1251 1252 1253
f 1248 1251 1249
f 1249 1251 1253
f 1249 1253 1250
f 1254 1209 77
f 74 1202 75
f 75 1202 976
f 75 976 77
f 77 976 977
f 77 977 1254
f 1254 977 1064
f 1254 1064 1066
f 973 1038 1037
f 1037 1036 973
f 973 1036 994
f 973 994 1043
f 1202 1201 976
f 976 1201 1038
f 976 1038 971
f 971 1038 973
f 991 1039 989
f 989 1039 1042
f 989 1042 997
f 997 1042 1043
f 997 1043 996
f 996 1043 994
f 1246 1245 1206
f 1206 1245 756
f 1206 756 1207
f 71 1237 750
f 750 1237 567
f 750 567 756
f 756 567 73
f 756 73 1207
f 1207 73 72
f 1207 72 1201
f 1201 72 71
f 1201 71 1038
f 1038 71 750
f 1038 750 1009
f 1009 750 749
f 1009 749 1010
f 1010 749 1011
f 670 1014 755
f 755 1014 1013
f 755 1013 749
f 749 1013 1012
f 749 1012 1011
f 1255 47 1256
f 1256 47 48
f 1256 48 1257
f 1257 48 50
f 1257 50 1258
f 1258 50 1209
f 1258 1209 1259
f 1259 1209 1254
f 1089 1088 1260
f 1260 1261 1089
f 1089 1261 1262
f 1089 1262 1090
f 1090 1262 1085
f 1085 1262 798
f 1085 798 797
f 47 1255 45
f 45 1255 1263
f 45 1263 40
f 40 1263 1264
f 40 1264 42
f 669 675 1103
f 1103 675 1204
f 1103 1204 561
f 1103 664 666
f 666 667 1103
f 1103 667 668
f 1103 668 669
f 1264 1265 42
f 42 1265 1266
f 42 1266 44
f 44 1266 1267
f 1117 1116 1267
f 1267 1116 1107
f 1267 1107 44
f 44 1107 1103
f 44 1103 559
f 559 1103 561
f 559 561 560
f 670 755 671
f 671 755 754
f 674 673 754
f 754 673 672
f 754 672 671
f 674 754 675
f 675 754 753
f 675 753 573
f 573 753 1243
f 573 1243 574
f 573 1216 675
f 675 1216 579
f 675 579 1204
f 1204 579 575
f 1204 575 1205
f 575 574 1205
f 1205 574 1243
f 1205 1243 1206
f 1206 1243 1242
f 1206 1242 1246
f 664 1103 676
f 676 1103 1102
f 676 1102 677
f 677 1102 1105
f 677 1105 1096
f 1076 610 1098
f 1098 610 609
f 1098 609 1096
f 1096 609 639
f 1096 639 677
f 164 163 1268
f 1268 163 173
f 1268 173 1269
f 1269 173 175
f 1269 175 1270
f 1271 171 1268
f 1268 171 170
f 1268 170 164
f 1272 169 1271
f 1271 169 172
f 1271 172 171
f 151 154 1273
f 1273 154 156
f 1273 156 159
f 159 158 1273
f 1273 158 160
f 1273 160 151
f 151 160 162
f 151 162 1272
f 1272 162 167
f 1272 167 169
f 1274 1275 1251
f 1251 1275 1276
f 1251 1276 1252
f 1277 1278 1279
f 1279 1278 1280
f 1279 1280 1274
f 1274 1280 1281
f 1274 1281 1275
f 1279 1282 1277
f 1277 1282 1283
f 1277 1283 1284
f 1284 1283 1285
f 1251 968 1274
f 1274 968 967
f 1274 967 1279
f 1279 967 966
f 1279 966 1282
f 1282 966 965
f 965 151 1282
f 1282 151 1272
f 1282 1272 1283
f 1283 1272 1271
f 1283 1271 1285
f 1285 1271 1268
f 1285 1268 1286
f 1286 1268 1269
f 1286 1269 1287
f 1287 1269 1270
f 1287 1270 1288
f 179 178 1289
f 181 186 1290
f 1262 1261 1291
f 758 760 191
f 191 760 762
f 191 762 189
f 189 762 763
f 189 763 188
f 1292 182 181
f 178 185 1289
f 1289 185 184
f 1289 184 1292
f 1292 184 183
f 1292 183 182
f 1270 175 179
f 1289 1293 1294
f 179 1289 1270
f 1270 1289 1294
f 1270 1294 1288
f 1293 1289 1295
f 1295 1289 1292
f 1295 1292 1296
f 1296 1292 1297
f 1296 1297 1298
f 1299 1300 1301
f 1301 1300 1302
f 1262 1291 1303
f 1303 1291 1304
f 1303 1304 1299
f 1299 1304 1305
f 1299 1305 1300
f 181 1290 1292
f 1292 1290 1301
f 1292 1301 1297
f 1297 1301 1302
f 1297 1302 1298
f 798 1262 799
f 799 1262 1303
f 799 1303 800
f 800 1303 1299
f 800 1299 801
f 801 1299 1301
f 801 1301 765
f 765 1301 1290
f 765 1290 763
f 763 1290 186
f 763 186 188
f 1155 1154 1306
f 1307 1308 1157
f 1160 1161 1309
f 1155 1306 1156
f 1309 1161 1310
f 1306 1311 1156
f 1156 1311 1312
f 1156 1312 1157
f 1157 1312 1313
f 1157 1313 1307
f 1309 1314 1160
f 1160 1314 1315
f 1160 1315 1159
f 1159 1315 1316
f 1159 1316 1166
f 1317 1158 1318
f 1318 1158 1157
f 1318 1157 1319
f 1319 1157 1308
f 1161 1162 1310
f 1310 1162 1163
f 1310 1163 1320
f 1320 1163 1158
f 1320 1158 1321
f 1321 1158 1317
f 1260 1088 1087
f 1267 1266 1293
f 1250 1293 1067
f 1067 1293 1254
f 1067 1254 1066
f 1250 1253 1293
f 1293 1253 1252
f 1293 1252 1294
f 1294 1252 1288
f 1260 1293 1261
f 1261 1293 1295
f 1261 1295 1296
f 1260 1087 1293
f 1293 1087 1117
f 1293 1117 1267
f 1257 1258 1293
f 1293 1258 1259
f 1293 1259 1254
f 1296 1298 1261
f 1261 1298 1302
f 1261 1302 1300
f 1284 1285 1276
f 1276 1285 1286
f 1276 1286 1252
f 1252 1286 1287
f 1252 1287 1288
f 1266 1265 1293
f 1293 1265 1264
f 1293 1264 1263
f 1300 1305 1261
f 1261 1305 1304
f 1261 1304 1291
f 1263 1255 1293
f 1293 1255 1256
f 1293 1256 1257
f 1281 1280 1275
f 1275 1280 1278
f 1275 1278 1276
f 1276 1278 1277
f 1276 1277 1284
f 1244 752 757
f 757 752 751
f 1232 1234 53
f 1210 51 1241
f 1241 51 53
f 1241 53 1236
f 1236 53 1234
f 564 744 69
f 69 744 745
f 69 745 53
f 53 745 1230
f 53 1230 1232
f 748 568 570
f 1221 1226 1219
f 1219 1226 577
f 1219 577 1215
f 1215 577 581
f 1226 1227 577
f 577 1227 1228
f 577 1228 570
f 570 1228 746
f 570 746 748
f 46 39 41
f 1208 49 1203
f 1203 49 46
f 1203 46 562
f 562 46 41
f 1322 1323 1324
f 1324 1323 1325
f 1324 1325 1326
f 1327 1328 1324
f 1324 1328 1329
f 1324 1329 1322
f 1330 1331 1324
f 1324 1331 1332
f 1324 1332 1327
f 1333 1334 1324
f 1324 1334 1335
f 1324 1335 1330
f 1336 1337 1324
f 1324 1337 1338
f 1324 1338 1333
f 1326 1339 1324
f 1324 1339 1340
f 1324 1340 1336
f 1322 1329 1341
f 1342 1343 1328
f 1328 1343 1344
f 1328 1344 1329
f 1329 1344 1345
f 1329 1345 1341
f 1327 1346 1328
f 1328 1346 1347
f 1328 1347 1342
f 1332 1348 1327
f 1327 1348 1349
f 1349 1350 1327
f 1327 1350 1351
f 1327 1351 1346
f 1341 1352 1322
f 1322 1352 1353
f 1322 1353 1323
f 1323 1353 1354
f 1323 1354 1325
f 1325 1354 1355
f 1325 1355 1326
f 1326 1355 1356
f 1326 1356 1339
f 1339 1356 1357
f 1339 1357 1340
f 1340 1357 1358
f 1340 1358 1336
f 1336 1358 1359
f 1336 1359 1337
f 1337 1359 1360
f 1337 1360 1338
f 1338 1360 1361
f 1338 1361 1333
f 1333 1361 1362
f 1333 1362 1334
f 1334 1362 1363
f 1334 1363 1335
f 1335 1363 1364
f 1335 1364 1330
f 1330 1364 1365
f 1330 1365 1331
f 1331 1365 1366
f 1331 1366 1332
f 1332 1366 1367
f 1332 1367 1348
f 1368 1144 1140
f 962 1369 963
f 963 1369 590
f 1368 1140 1369
f 1369 1140 585
f 1369 585 590
f 1180 1370 1371
f 602 1180 603
f 603 1180 1371
f 603 1371 960
f 960 1371 961
f 1195 1198 15
f 15 17 1195
f 1195 17 19
f 1195 19 21
f 1198 1199 15
f 15 1199 1200
f 15 1200 14
f 14 1200 1142
f 14 1142 5
f 5 1142 1141
f 1141 1144 5
f 5 1144 1368
f 5 1368 6
f 1372 1373 1374
f 1374 1373 1310
f 1375 1376 1377
f 1377 1376 1378
f 1377 1378 1379
f 1379 1378 1380
f 1375 1377 1373
f 1373 1377 1309
f 1373 1309 1310
f 1381 1382 1383
f 1380 1378 1384
f 1384 1378 1385
f 1384 1385 1386
f 1381 1387 1388
f 1383 1389 1381
f 1381 1389 1384
f 1381 1384 1390
f 1391 1392 1393
f 1393 1392 1394
f 1393 1394 1395
f 1391 1393 1374
f 1374 1393 1396
f 1374 1396 1397
f 1386 1398 1384
f 1384 1398 1399
f 1384 1399 1390
f 1388 1400 1381
f 1381 1400 1401
f 1381 1401 1382
f 1397 1402 1374
f 1374 1402 1403
f 1374 1403 1372
f 739 1404 737
f 737 1404 1405
f 737 1405 1406
f 1407 1408 1409
f 1409 1408 1410
f 1409 1410 1411
f 1411 1410 733
f 1411 733 1406
f 1406 733 732
f 1406 732 737
f 1409 1412 1407
f 1407 1412 1413
f 1407 1413 1414
f 1414 1413 1415
f 1414 1415 1416
f 1417 12 1418
f 16 13 1417
f 1417 13 11
f 1417 11 12
f 30 1417 28
f 28 1417 1418
f 28 1418 1419
f 1415 1420 1416
f 1416 1420 1421
f 1416 1421 1422
f 1422 1421 1423
f 1422 1423 38
f 38 1423 12
f 1424 34 9
f 9 23 1424
f 1424 23 22
f 1424 22 20
f 30 32 1417
f 1417 32 34
f 1417 34 16
f 16 34 1424
f 16 1424 18
f 18 1424 20
f 12 1423 1418
f 1418 1423 1425
f 1418 1425 1426
f 1427 1428 1429
f 1429 1428 1426
f 1429 1426 1430
f 1430 1426 1425
f 727 726 1431
f 739 738 1404
f 1404 738 727
f 1404 727 1432
f 1432 727 1431
f 1306 1154 1433
f 1433 1154 1153
f 1433 1153 1434
f 1434 1153 1190
f 1190 36 35
f 1190 35 1434
f 1434 35 33
f 1434 33 31
f 1419 1435 28
f 28 1435 1436
f 1436 1437 28
f 28 1437 1438
f 28 1438 29
f 29 1438 1434
f 29 1434 31
f 1439 1440 1441
f 1377 1314 1309
f 1442 1392 1391
f 1321 1443 1320
f 1444 1445 1446
f 1444 1447 1445
f 1445 1447 1448
f 1445 1448 1449
f 1450 1451 1446
f 1446 1451 1452
f 1446 1452 1444
f 1453 1454 1450
f 1450 1454 1455
f 1450 1455 1451
f 1456 1457 1458
f 1458 1457 1459
f 1458 1459 1453
f 1453 1459 1460
f 1453 1460 1454
f 1461 1462 1456
f 1456 1462 1463
f 1456 1463 1457
f 1464 1465 1466
f 1466 1465 1467
f 1466 1467 1468
f 1468 1467 1469
f 1468 1469 1470
f 1470 1469 1471
f 1470 1471 1461
f 1461 1471 1472
f 1461 1472 1462
f 1464 1466 1473
f 1473 1466 1474
f 1473 1474 1475
f 1475 1474 1476
f 1475 1476 1477
f 1477 1476 1478
f 1477 1478 1479
f 1479 1478 1480
f 1479 1480 1481
f 1482 1483 1484
f 1484 1483 1485
f 1484 1485 1486
f 1486 1485 1487
f 1486 1487 1480
f 1480 1487 1488
f 1480 1488 1481
f 1489 1490 1491
f 1491 1490 1492
f 1491 1492 1482
f 1482 1492 1493
f 1482 1493 1483
f 1489 1491 1494
f 1494 1491 1495
f 1494 1495 1496
f 1496 1495 1497
f 1496 1497 1498
f 1498 1497 1499
f 1498 1499 1500
f 1419 1418 1501
f 1501 1418 1426
f 1501 1426 1502
f 1436 1435 1503
f 1503 1435 1419
f 1503 1419 1504
f 1504 1419 1505
f 1433 1434 1506
f 1506 1434 1438
f 1506 1438 1437
f 1437 1507 1506
f 1506 1507 1312
f 1506 1312 1433
f 1433 1312 1311
f 1433 1311 1306
f 1508 1307 1507
f 1507 1307 1313
f 1507 1313 1312
f 1509 1319 1508
f 1508 1319 1308
f 1508 1308 1307
f 1510 1511 1318
f 1318 1511 1317
f 1317 1511 1321
f 1321 1511 1442
f 1321 1442 1443
f 1443 1442 1391
f 1443 1391 1320
f 1320 1391 1374
f 1320 1374 1310
f 1395 1512 1513
f 1395 1513 1393
f 1393 1513 1514
f 1393 1514 1396
f 1396 1514 1515
f 1396 1515 1397
f 1397 1515 1516
f 1397 1516 1402
f 1402 1516 1517
f 1402 1517 1403
f 1403 1517 1518
f 1403 1518 1372
f 1372 1518 1519
f 1372 1519 1373
f 1373 1519 1520
f 1373 1520 1375
f 1375 1520 1521
f 1375 1521 1376
f 1376 1521 1522
f 1376 1522 1378
f 1378 1522 1523
f 1378 1523 1385
f 1385 1523 1524
f 1385 1524 1386
f 1386 1524 1525
f 1386 1525 1398
f 1398 1525 1526
f 1398 1526 1399
f 1399 1526 1527
f 1399 1527 1390
f 1390 1527 1528
f 1390 1528 1381
f 1381 1528 1529
f 1381 1529 1387
f 1387 1529 1530
f 1387 1530 1388
f 1388 1530 1531
f 1388 1531 1400
f 1400 1531 1532
f 1400 1532 1401
f 1401 1532 1533
f 1401 1533 1382
f 1382 1533 1534
f 1382 1534 1383
f 1383 1534 1535
f 1383 1535 1389
f 1389 1535 1536
f 1389 1536 1384
f 1384 1536 1537
f 1384 1537 1380
f 1380 1537 1538
f 1380 1538 1379
f 1539 1316 1540
f 1540 1316 1315
f 1439 1441 1541
f 1377 1379 1314
f 1314 1379 1538
f 1314 1538 1315
f 1315 1538 1537
f 1315 1537 1540
f 1540 1537 1536
f 1540 1536 1542
f 1542 1536 1535
f 1542 1535 1543
f 1543 1535 1534
f 1543 1534 1544
f 1544 1534 1533
f 1544 1533 1545
f 1545 1533 1532
f 1545 1532 1546
f 1546 1532 1531
f 1546 1531 1547
f 1547 1531 1530
f 1547 1530 1548
f 1548 1530 1529
f 1548 1529 1549
f 1549 1529 1528
f 1549 1528 1550
f 1550 1528 1527
f 1550 1527 1551
f 1551 1527 1526
f 1551 1526 1552
f 1552 1526 1525
f 1552 1525 1553
f 1553 1525 1524
f 1553 1524 1554
f 1554 1524 1523
f 1554 1523 1555
f 1555 1523 1522
f 1555 1522 1556
f 1556 1522 1521
f 1556 1521 1557
f 1557 1521 1520
f 1557 1520 1558
f 1558 1520 1519
f 1558 1519 1559
f 1559 1519 1518
f 1559 1518 1560
f 1560 1518 1517
f 1560 1517 1561
f 1561 1517 1516
f 1561 1516 1562
f 1562 1516 1515
f 1562 1515 1563
f 1563 1515 1514
f 1563 1514 1564
f 1564 1514 1513
f 1564 1513 1565
f 1565 1513 1512
f 1565 1512 1566
f 1539 1540 1440
f 1440 1540 1542
f 1440 1542 1441
f 1441 1542 1543
f 1441 1543 1567
f 1567 1543 1544
f 1567 1544 1568
f 1568 1544 1545
f 1568 1545 1569
f 1569 1545 1546
f 1569 1546 1570
f 1570 1546 1547
f 1570 1547 1571
f 1571 1547 1548
f 1571 1548 1572
f 1572 1548 1549
f 1572 1549 1573
f 1573 1549 1550
f 1573 1550 1574
f 1574 1550 1551
f 1574 1551 1575
f 1575 1551 1552
f 1575 1552 1576
f 1576 1552 1553
f 1576 1553 1577
f 1577 1553 1554
f 1577 1554 1578
f 1578 1554 1555
f 1578 1555 1579
f 1579 1555 1556
f 1579 1556 1580
f 1580 1556 1557
f 1580 1557 1581
f 1581 1557 1558
f 1581 1558 1582
f 1582 1558 1559
f 1582 1559 1583
f 1583 1559 1560
f 1583 1560 1584
f 1584 1560 1561
f 1584 1561 1585
f 1585 1561 1562
f 1585 1562 1586
f 1586 1562 1563
f 1586 1563 1587
f 1587 1563 1564
f 1587 1564 1588
f 1588 1564 1565
f 1588 1565 1589
f 1589 1565 1566
f 1589 1566 1590
f 1394 1392 1591
f 1591 1392 1442
f 1591 1442 1592
f 1592 1442 1511
f 1592 1511 1509
f 1509 1511 1510
f 1509 1510 1319
f 1319 1510 1318
f 1541 1441 1593
f 1593 1441 1567
f 1593 1567 1594
f 1594 1567 1568
f 1594 1568 1595
f 1595 1568 1569
f 1595 1569 1596
f 1596 1569 1570
f 1596 1570 1597
f 1597 1570 1571
f 1597 1571 1598
f 1598 1571 1572
f 1598 1572 1599
f 1599 1572 1573
f 1599 1573 1600
f 1600 1573 1574
f 1600 1574 1601
f 1601 1574 1575
f 1601 1575 1602
f 1602 1575 1576
f 1602 1576 1603
f 1603 1576 1577
f 1603 1577 1604
f 1604 1577 1578
f 1604 1578 1605
f 1605 1578 1579
f 1605 1579 1606
f 1606 1579 1580
f 1606 1580 1607
f 1607 1580 1581
f 1607 1581 1608
f 1608 1581 1582
f 1608 1582 1609
f 1609 1582 1583
f 1609 1583 1610
f 1610 1583 1584
f 1610 1584 1611
f 1611 1584 1585
f 1611 1585 1612
f 1612 1585 1586
f 1612 1586 1613
f 1613 1586 1587
f 1613 1587 1614
f 1614 1587 1588
f 1614 1588 1615
f 1615 1588 1589
f 1615 1589 1505
f 1505 1589 1590
f 1505 1590 1504
f 1419 1501 1505
f 1505 1501 1502
f 1505 1502 1615
f 1615 1502 1616
f 1615 1616 1614
f 1614 1616 1617
f 1614 1617 1613
f 1613 1617 1618
f 1613 1618 1612
f 1612 1618 1619
f 1612 1619 1611
f 1611 1619 1620
f 1611 1620 1610
f 1610 1620 1621
f 1610 1621 1609
f 1609 1621 1622
f 1609 1622 1608
f 1608 1622 1623
f 1608 1623 1607
f 1607 1623 1624
f 1607 1624 1606
f 1606 1624 1625
f 1606 1625 1605
f 1605 1625 1626
f 1605 1626 1604
f 1604 1626 1627
f 1604 1627 1603
f 1603 1627 1628
f 1603 1628 1602
f 1602 1628 1629
f 1602 1629 1601
f 1601 1629 1630
f 1601 1630 1600
f 1600 1630 1631
f 1600 1631 1599
f 1599 1631 1632
f 1599 1632 1598
f 1598 1632 1633
f 1598 1633 1597
f 1597 1633 1634
f 1597 1634 1596
f 1596 1634 1635
f 1596 1635 1595
f 1595 1635 1636
f 1595 1636 1594
f 1594 1636 1637
f 1594 1637 1593
f 1593 1637 1638
f 1593 1638 1541
f 1395 1394 1512
f 1512 1394 1591
f 1512 1591 1566
f 1566 1591 1592
f 1566 1592 1590
f 1590 1592 1509
f 1590 1509 1504
f 1504 1509 1508
f 1504 1508 1503
f 1503 1508 1507
f 1503 1507 1436
f 1436 1507 1437
f 1428 1500 1426
f 1426 1500 1499
f 1426 1499 1502
f 1502 1499 1497
f 1502 1497 1616
f 1616 1497 1495
f 1616 1495 1617
f 1617 1495 1491
f 1617 1491 1618
f 1618 1491 1482
f 1618 1482 1619
f 1619 1482 1484
f 1619 1484 1620
f 1620 1484 1486
f 1620 1486 1621
f 1621 1486 1480
f 1621 1480 1622
f 1622 1480 1478
f 1622 1478 1623
f 1623 1478 1476
f 1623 1476 1624
f 1624 1476 1474
f 1624 1474 1625
f 1625 1474 1466
f 1625 1466 1626
f 1626 1466 1468
f 1626 1468 1627
f 1627 1468 1470
f 1627 1470 1628
f 1628 1470 1461
f 1628 1461 1629
f 1629 1461 1456
f 1629 1456 1630
f 1630 1456 1458
f 1630 1458 1631
f 1631 1458 1453
f 1631 1453 1632
f 1632 1453 1450
f 1632 1450 1633
f 1633 1450 1446
f 1633 1446 1634
f 1634 1446 1445
f 1634 1445 1635
f 1635 1445 1449
f 1635 1449 1636
f 1636 1449 1639
f 1636 1639 1637
f 936 937 1127
f 1181 930 1127
f 1127 930 929
f 1127 929 936
f 1181 1127 1180
f 1180 1127 1640
f 1180 1640 1370
f 1641 1642 1447
f 1451 1643 1452
f 1452 1643 1641
f 1452 1641 1444
f 1444 1641 1447
f 1428 1427 1500
f 1500 1427 1644
f 1500 1644 1498
f 1498 1644 1496
f 1496 1644 1645
f 1496 1645 1494
f 1494 1645 1646
f 1494 1646 1489
f 1646 1647 1489
f 1489 1647 1648
f 1489 1648 1490
f 1490 1648 1649
f 1490 1649 1492
f 1492 1649 1650
f 1492 1650 1493
f 1493 1650 1651
f 1493 1651 1483
f 1483 1651 1652
f 1483 1652 1485
f 1485 1652 1487
f 1487 1652 1653
f 1487 1653 1488
f 1488 1653 1654
f 1488 1654 1481
f 1481 1654 1655
f 1481 1655 1479
f 1479 1655 1656
f 1479 1656 1477
f 1477 1656 1657
f 1477 1657 1475
f 1657 1658 1475
f 1475 1658 1659
f 1475 1659 1473
f 1473 1659 1660
f 1473 1660 1464
f 1464 1660 1661
f 1464 1661 1465
f 1465 1661 1662
f 1465 1662 1467
f 1662 1663 1467
f 1467 1663 1664
f 1467 1664 1469
f 1469 1664 1665
f 1469 1665 1471
f 1471 1665 1666
f 1471 1666 1472
f 1472 1666 1667
f 1472 1667 1462
f 1462 1667 1668
f 1462 1668 1463
f 1463 1668 1669
f 1463 1669 1457
f 1457 1669 1670
f 1457 1670 1459
f 1459 1670 1671
f 1459 1671 1460
f 1460 1671 1672
f 1460 1672 1454
f 1454 1672 1673
f 1454 1673 1455
f 1455 1673 1674
f 1455 1674 1451
f 1451 1674 1675
f 1451 1675 1643
f 1643 1675 1676
f 1640 1127 1677
f 1677 1127 1126
f 1677 1126 1678
f 1678 1126 1125
f 1678 1125 1679
f 1680 1681 1682
f 1682 1681 1683
f 1682 1683 1684
f 1684 1683 1685
f 1685 1683 1686
f 1685 1686 1687
f 1687 1686 1125
f 1125 1686 1688
f 1125 1688 1679
f 948 947 591
f 593 601 591
f 591 601 605
f 605 961 591
f 591 961 1689
f 591 1689 1690
f 1690 951 591
f 591 951 950
f 591 950 948
f 1370 1640 1371
f 1371 1640 1677
f 1371 1677 961
f 961 1677 1691
f 961 1691 1689
f 621 947 613
f 613 947 954
f 621 620 947
f 947 620 619
f 947 619 591
f 591 619 790
f 791 814 790
f 790 814 596
f 790 596 591
f 700 702 955
f 955 702 648
f 955 648 959
f 959 648 649
f 959 649 617
f 954 953 613
f 613 953 959
f 613 959 615
f 615 959 617
f 704 644 702
f 702 644 646
f 702 646 648
f 712 1019 706
f 706 1019 640
f 706 640 704
f 704 640 642
f 704 642 644
f 1028 1029 743
f 743 1029 1015
f 743 1015 731
f 731 1015 716
f 716 1015 1017
f 716 1017 715
f 715 1017 1023
f 715 1023 714
f 714 1023 1022
f 714 1022 712
f 712 1022 1020
f 712 1020 1019
f 830 829 849
f 849 851 830
f 830 851 928
f 830 928 846
f 742 1031 743
f 743 1031 1030
f 743 1030 1028
f 988 987 736
f 736 987 1033
f 736 1033 742
f 742 1033 1032
f 742 1032 1031
f 734 733 1410
f 735 849 736
f 736 849 829
f 736 829 988
f 735 734 849
f 849 734 1410
f 849 1410 847
f 847 1410 1408
f 847 1408 584
f 1414 1416 962
f 6 1368 1369
f 962 1416 1369
f 1369 1416 1422
f 1369 1422 6
f 962 588 587
f 1414 962 1407
f 1407 962 587
f 1407 587 1408
f 1408 587 586
f 1408 586 584
f 6 1422 37
f 37 1422 38
f 1692 1693 1694
f 1694 1693 1695
f 1695 1693 1696
f 1695 1696 1680
f 1680 1696 1697
f 1680 1697 1681
f 1694 1642 1692
f 1692 1642 1641
f 1692 1641 1698
f 1698 1641 1643
f 1684 1685 1637
f 1316 1539 1166
f 1166 1539 1440
f 1166 1440 1164
f 1164 1440 1439
f 1164 1439 1165
f 1541 1168 1439
f 1439 1168 1167
f 1439 1167 1165
f 1637 1685 1182
f 1687 1125 1124
f 1124 1128 1134
f 1687 1124 1685
f 1124 1134 1685
f 1685 1134 1136
f 1685 1136 1182
f 1182 1138 1637
f 1637 1138 1137
f 1637 1137 1638
f 1638 1137 1170
f 1638 1170 1541
f 1541 1170 1169
f 1541 1169 1168
f 1447 1642 1448
f 1448 1642 1694
f 1448 1694 1449
f 1449 1694 1695
f 1449 1695 1639
f 1639 1695 1680
f 1639 1680 1637
f 1637 1680 1682
f 1637 1682 1684
f 943 940 1699
f 1699 940 945
f 1699 945 944
f 1700 958 957
f 943 1699 957
f 957 1699 1701
f 957 1701 1700
f 1702 1697 1703
f 1703 1697 1696
f 1643 1676 1698
f 1698 1676 1704
f 1698 1704 1692
f 1692 1704 1703
f 1692 1703 1693
f 1693 1703 1696
f 1702 1705 1697
f 1697 1705 1706
f 1697 1706 1681
f 1681 1706 1683
f 1707 1688 1706
f 1706 1688 1686
f 1706 1686 1683
f 1708 1709 1691
f 1708 1691 1710
f 1710 1691 1677
f 1710 1677 1678
f 1707 1711 1688
f 1688 1711 1710
f 1688 1710 1679
f 1679 1710 1678
f 1712 951 1713
f 1713 951 1690
f 1713 1690 1709
f 1709 1690 1689
f 1709 1689 1691
f 1699 944 1714
f 1714 944 952
f 1714 952 1712
f 1712 952 949
f 1712 949 951
f 1656 1655 1715
f 1716 1717 1718
f 1719 1720 1721
f 1722 1723 1724
f 1725 1676 1726
f 1726 1676 1675
f 1726 1675 1727
f 1728 1729 1730
f 1730 1729 1731
f 1732 1733 1734
f 1735 1736 1737
f 1737 1736 1738
f 1739 1740 1741
f 1742 1743 1744
f 1744 1743 1745
f 1724 1723 1746
f 1747 1748 1749
f 1750 1751 1752
f 1752 1751 1753
f 1754 1755 1756
f 1756 1755 1757
f 1756 1757 1758
f 1759 1760 1761
f 1761 1760 1754
f 1759 1761 1762
f 1762 1761 1763
f 1762 1763 1720
f 1764 1719 1765
f 1716 1718 1427
f 1427 1718 1766
f 1427 1766 1644
f 1767 1647 1768
f 1768 1647 1646
f 1768 1646 1766
f 1766 1646 1645
f 1766 1645 1644
f 1769 1650 1770
f 1770 1650 1649
f 1770 1649 1767
f 1767 1649 1648
f 1767 1648 1647
f 1771 1652 1769
f 1769 1652 1651
f 1769 1651 1650
f 1715 1655 1772
f 1772 1655 1654
f 1772 1654 1771
f 1771 1654 1653
f 1771 1653 1652
f 1656 1715 1657
f 1657 1715 1773
f 1657 1773 1658
f 1658 1773 1774
f 1658 1774 1659
f 1659 1774 1660
f 1660 1774 1775
f 1660 1775 1661
f 1661 1775 1776
f 1661 1776 1662
f 1662 1776 1663
f 1663 1776 1777
f 1663 1777 1664
f 1664 1777 1665
f 1665 1777 1778
f 1665 1778 1666
f 1666 1778 1779
f 1666 1779 1667
f 1780 1670 1781
f 1781 1670 1669
f 1781 1669 1779
f 1779 1669 1668
f 1779 1668 1667
f 1675 1674 1727
f 1727 1674 1673
f 1727 1673 1782
f 1782 1673 1672
f 1782 1672 1780
f 1780 1672 1671
f 1780 1671 1670
f 1764 1765 1717
f 1717 1765 1783
f 1717 1783 1718
f 1718 1783 1784
f 1718 1784 1766
f 1766 1784 1785
f 1766 1785 1768
f 1768 1785 1786
f 1768 1786 1767
f 1767 1786 1787
f 1767 1787 1770
f 1770 1787 1788
f 1770 1788 1769
f 1769 1788 1789
f 1769 1789 1771
f 1771 1789 1790
f 1771 1790 1772
f 1772 1790 1791
f 1772 1791 1715
f 1715 1791 1792
f 1715 1792 1773
f 1773 1792 1793
f 1773 1793 1774
f 1774 1793 1794
f 1774 1794 1775
f 1775 1794 1795
f 1775 1795 1776
f 1776 1795 1796
f 1776 1796 1777
f 1777 1796 1797
f 1777 1797 1778
f 1778 1797 1798
f 1778 1798 1779
f 1779 1798 1799
f 1779 1799 1781
f 1781 1799 1800
f 1781 1800 1780
f 1780 1800 1801
f 1780 1801 1782
f 1782 1801 1802
f 1782 1802 1727
f 1727 1802 1728
f 1727 1728 1726
f 1726 1728 1730
f 1726 1730 1725
f 1719 1721 1765
f 1765 1721 1803
f 1765 1803 1783
f 1783 1803 1804
f 1783 1804 1784
f 1784 1804 1805
f 1784 1805 1785
f 1785 1805 1806
f 1785 1806 1786
f 1786 1806 1807
f 1786 1807 1787
f 1787 1807 1808
f 1787 1808 1788
f 1788 1808 1809
f 1788 1809 1789
f 1789 1809 1810
f 1789 1810 1790
f 1790 1810 1811
f 1790 1811 1791
f 1791 1811 1812
f 1791 1812 1792
f 1792 1812 1813
f 1792 1813 1793
f 1793 1813 1814
f 1793 1814 1794
f 1794 1814 1815
f 1794 1815 1795
f 1795 1815 1816
f 1795 1816 1796
f 1796 1816 1817
f 1796 1817 1797
f 1797 1817 1818
f 1797 1818 1798
f 1798 1818 1819
f 1798 1819 1799
f 1799 1819 1820
f 1799 1820 1800
f 1800 1820 1821
f 1800 1821 1801
f 1801 1821 1822
f 1801 1822 1802
f 1802 1822 1823
f 1802 1823 1728
f 1728 1823 1732
f 1728 1732 1729
f 1729 1732 1734
f 1729 1734 1731
f 1720 1763 1721
f 1721 1763 1824
f 1721 1824 1803
f 1803 1824 1825
f 1803 1825 1804
f 1804 1825 1826
f 1804 1826 1805
f 1805 1826 1827
f 1805 1827 1806
f 1806 1827 1828
f 1806 1828 1807
f 1807 1828 1829
f 1807 1829 1808
f 1808 1829 1830
f 1808 1830 1809
f 1809 1830 1831
f 1809 1831 1810
f 1810 1831 1832
f 1810 1832 1811
f 1811 1832 1833
f 1811 1833 1812
f 1812 1833 1834
f 1812 1834 1813
f 1813 1834 1835
f 1813 1835 1814
f 1814 1835 1836
f 1814 1836 1815
f 1815 1836 1837
f 1815 1837 1816
f 1816 1837 1838
f 1816 1838 1817
f 1817 1838 1839
f 1817 1839 1818
f 1818 1839 1840
f 1818 1840 1819
f 1819 1840 1841
f 1819 1841 1820
f 1820 1841 1842
f 1820 1842 1821
f 1821 1842 1843
f 1821 1843 1822
f 1822 1843 1844
f 1822 1844 1823
f 1823 1844 1737
f 1823 1737 1732
f 1732 1737 1738
f 1732 1738 1733
f 1754 1845 1761
f 1761 1845 1846
f 1761 1846 1763
f 1763 1846 1847
f 1763 1847 1824
f 1824 1847 1848
f 1824 1848 1825
f 1825 1848 1849
f 1825 1849 1826
f 1826 1849 1850
f 1826 1850 1827
f 1827 1850 1851
f 1827 1851 1828
f 1828 1851 1852
f 1828 1852 1829
f 1829 1852 1853
f 1829 1853 1830
f 1830 1853 1854
f 1830 1854 1831
f 1831 1854 1855
f 1831 1855 1832
f 1832 1855 1856
f 1832 1856 1833
f 1833 1856 1857
f 1833 1857 1834
f 1834 1857 1858
f 1834 1858 1835
f 1835 1858 1859
f 1835 1859 1836
f 1836 1859 1860
f 1836 1860 1837
f 1837 1860 1861
f 1837 1861 1838
f 1838 1861 1862
f 1838 1862 1839
f 1839 1862 1863
f 1839 1863 1840
f 1840 1863 1864
f 1840 1864 1841
f 1841 1864 1865
f 1841 1865 1842
f 1842 1865 1866
f 1842 1866 1843
f 1843 1866 1867
f 1843 1867 1844
f 1844 1867 1868
f 1844 1868 1737
f 1737 1868 1739
f 1737 1739 1735
f 1735 1739 1741
f 1735 1741 1736
f 1754 1756 1845
f 1845 1756 1869
f 1845 1869 1846
f 1846 1869 1870
f 1846 1870 1847
f 1847 1870 1871
f 1847 1871 1848
f 1848 1871 1872
f 1848 1872 1849
f 1849 1872 1873
f 1849 1873 1850
f 1850 1873 1874
f 1850 1874 1851
f 1851 1874 1875
f 1851 1875 1852
f 1852 1875 1876
f 1852 1876 1853
f 1853 1876 1877
f 1853 1877 1854
f 1854 1877 1878
f 1854 1878 1855
f 1855 1878 1879
f 1855 1879 1856
f 1856 1879 1880
f 1856 1880 1857
f 1857 1880 1881
f 1857 1881 1858
f 1858 1881 1882
f 1858 1882 1859
f 1859 1882 1883
f 1859 1883 1860
f 1860 1883 1884
f 1860 1884 1861
f 1861 1884 1885
f 1861 1885 1862
f 1862 1885 1886
f 1862 1886 1863
f 1863 1886 1887
f 1863 1887 1864
f 1864 1887 1888
f 1864 1888 1865
f 1865 1888 1889
f 1865 1889 1866
f 1866 1889 1890
f 1866 1890 1867
f 1867 1890 1891
f 1867 1891 1868
f 1868 1891 1743
f 1868 1743 1739
f 1739 1743 1742
f 1739 1742 1740
f 1750 1752 1758
f 1758 1752 1892
f 1758 1892 1756
f 1756 1892 1893
f 1756 1893 1869
f 1869 1893 1894
f 1869 1894 1870
f 1870 1894 1895
f 1870 1895 1871
f 1871 1895 1896
f 1871 1896 1872
f 1872 1896 1897
f 1872 1897 1873
f 1873 1897 1898
f 1873 1898 1874
f 1874 1898 1899
f 1874 1899 1875
f 1875 1899 1900
f 1875 1900 1876
f 1876 1900 1901
f 1876 1901 1877
f 1877 1901 1902
f 1877 1902 1878
f 1878 1902 1903
f 1878 1903 1879
f 1879 1903 1904
f 1879 1904 1880
f 1880 1904 1905
f 1880 1905 1881
f 1881 1905 1906
f 1881 1906 1882
f 1882 1906 1907
f 1882 1907 1883
f 1883 1907 1908
f 1883 1908 1884
f 1884 1908 1909
f 1884 1909 1885
f 1885 1909 1910
f 1885 1910 1886
f 1886 1910 1911
f 1886 1911 1887
f 1887 1911 1912
f 1887 1912 1888
f 1888 1912 1913
f 1888 1913 1889
f 1889 1913 1914
f 1889 1914 1890
f 1890 1914 1915
f 1890 1915 1891
f 1891 1915 1746
f 1891 1746 1743
f 1743 1746 1723
f 1743 1723 1745
f 1753 1916 1752
f 1752 1916 1917
f 1752 1917 1892
f 1892 1917 1918
f 1892 1918 1893
f 1893 1918 1919
f 1893 1919 1894
f 1894 1919 1920
f 1894 1920 1895
f 1895 1920 1921
f 1895 1921 1896
f 1896 1921 1922
f 1896 1922 1897
f 1897 1922 1923
f 1897 1923 1898
f 1898 1923 1924
f 1898 1924 1899
f 1899 1924 1925
f 1899 1925 1900
f 1900 1925 1926
f 1900 1926 1901
f 1901 1926 1927
f 1901 1927 1902
f 1902 1927 1928
f 1902 1928 1903
f 1903 1928 1929
f 1903 1929 1904
f 1904 1929 1930
f 1904 1930 1905
f 1905 1930 1931
f 1905 1931 1906
f 1906 1931 1932
f 1906 1932 1907
f 1907 1932 1933
f 1907 1933 1908
f 1908 1933 1934
f 1908 1934 1909
f 1909 1934 1935
f 1909 1935 1910
f 1910 1935 1936
f 1910 1936 1911
f 1911 1936 1937
f 1911 1937 1912
f 1912 1937 1938
f 1912 1938 1913
f 1913 1938 1939
f 1913 1939 1914
f 1914 1939 1940
f 1914 1940 1915
f 1915 1940 1941
f 1915 1941 1746
f 1746 1941 1747
f 1746 1747 1724
f 1724 1747 1749
f 1724 1749 1722
f 1942 1748 1943
f 1943 1748 1747
f 1943 1747 1944
f 1944 1747 1941
f 1944 1941 1945
f 1945 1941 1940
f 1945 1940 1946
f 1946 1940 1939
f 1946 1939 1947
f 1947 1939 1938
f 1947 1938 1948
f 1948 1938 1937
f 1948 1937 1949
f 1949 1937 1936
f 1949 1936 1950
f 1950 1936 1935
f 1950 1935 1951
f 1951 1935 1934
f 1951 1934 1952
f 1952 1934 1933
f 1952 1933 1953
f 1953 1933 1932
f 1953 1932 1954
f 1954 1932 1931
f 1954 1931 1955
f 1955 1931 1930
f 1955 1930 1956
f 1956 1930 1929
f 1956 1929 1957
f 1957 1929 1928
f 1957 1928 1958
f 1958 1928 1927
f 1958 1927 1959
f 1959 1927 1926
f 1959 1926 1960
f 1960 1926 1925
f 1960 1925 1961
f 1961 1925 1924
f 1961 1924 1962
f 1962 1924 1923
f 1962 1923 1963
f 1963 1923 1922
f 1963 1922 1964
f 1964 1922 1921
f 1964 1921 1965
f 1965 1921 1920
f 1965 1920 1966
f 1966 1920 1919
f 1966 1919 1967
f 1967 1919 1918
f 1967 1918 1968
f 1968 1918 1917
f 1968 1917 1969
f 1969 1917 1916
f 1969 1916 1970
f 1970 1916 1753
f 1352 1341 1942
f 1357 1952 1953
f 1957 1958 1359
f 1359 1958 1360
f 1357 1953 1358
f 1952 1357 1951
f 1951 1357 1356
f 1951 1356 1950
f 1961 1361 1960
f 1960 1361 1360
f 1960 1360 1959
f 1959 1360 1958
f 1953 1954 1358
f 1358 1954 1955
f 1358 1955 1359
f 1359 1955 1956
f 1359 1956 1957
f 1364 1969 1365
f 1365 1969 1970
f 1365 1970 1366
f 1965 1363 1362
f 1961 1962 1361
f 1361 1962 1963
f 1361 1963 1362
f 1362 1963 1964
f 1362 1964 1965
f 1965 1966 1363
f 1363 1966 1967
f 1363 1967 1364
f 1364 1967 1968
f 1364 1968 1969
f 1950 1356 1949
f 1949 1356 1355
f 1949 1355 1948
f 1942 1943 1352
f 1352 1943 1944
f 1352 1944 1353
f 1353 1944 1945
f 1353 1945 1354
f 1354 1945 1946
f 1354 1946 1355
f 1355 1946 1947
f 1355 1947 1948
f 1431 726 1971
f 1971 726 719
f 1971 719 720
f 720 692 1971
f 1971 692 691
f 1971 691 689
f 681 680 1972
f 689 687 1971
f 1971 687 685
f 1971 685 683
f 958 1700 693
f 693 1700 1972
f 693 1972 694
f 694 1972 680
f 1366 1970 1367
f 1367 1970 1973
f 1342 1347 1974
f 1974 1975 1342
f 1342 1975 1976
f 1342 1976 1343
f 1343 1976 1977
f 1343 1977 1344
f 1346 1351 1978
f 1978 1351 1350
f 1978 1350 1979
f 1979 1350 1980
f 1980 1350 1349
f 1980 1349 1973
f 1973 1349 1348
f 1973 1348 1367
f 1942 1341 1977
f 1977 1341 1345
f 1977 1345 1344
f 683 681 1971
f 1971 681 1972
f 1971 1972 1981
f 1981 1972 1982
f 1981 1982 1978
f 1978 1982 1974
f 1978 1974 1346
f 1346 1974 1347
f 1983 1676 1725
f 1984 1699 1714
f 1985 1986 1987
f 1988 1989 1706
f 1990 1991 1992
f 1740 1993 1741
f 1741 1993 1994
f 1741 1994 1736
f 1740 1742 1993
f 1993 1742 1744
f 1993 1744 1995
f 1749 1990 1722
f 1722 1990 1992
f 1722 1992 1723
f 1723 1992 1995
f 1723 1995 1745
f 1745 1995 1744
f 1988 1996 1989
f 1989 1996 1997
f 1989 1997 1998
f 1998 1997 1999
f 1998 1999 2000
f 2000 1999 1994
f 2000 1994 2001
f 2001 1994 1993
f 2001 1993 2002
f 2002 1993 1995
f 2002 1995 1987
f 1987 1995 1992
f 1987 1992 1985
f 1985 1992 1991
f 2003 2004 2005
f 2003 1984 2004
f 2004 1984 1714
f 2004 1714 2006
f 2006 1714 1712
f 2006 1712 2007
f 1712 1713 2007
f 2007 1713 1709
f 2007 1709 2008
f 1709 1708 2008
f 2008 1708 1710
f 2008 1710 2009
f 2009 1710 1711
f 2009 1711 1707
f 1706 1705 1988
f 1988 1705 1702
f 1988 1702 1983
f 1983 1702 1703
f 1983 1703 1704
f 1983 1725 1988
f 1988 1725 1730
f 1988 1730 1996
f 1996 1730 1731
f 1996 1731 1997
f 1997 1731 1734
f 1997 1734 1999
f 1999 1734 1733
f 1999 1733 1994
f 1994 1733 1738
f 1994 1738 1736
f 1704 1676 1983
f 1986 2005 1987
f 1987 2005 2004
f 1987 2004 2002
f 2002 2004 2006
f 2002 2006 2001
f 2001 2006 2007
f 2001 2007 2000
f 2000 2007 2008
f 2000 2008 1998
f 1998 2008 2009
f 1998 2009 1989
f 1989 2009 1707
f 1989 1707 1706
f 1749 1748 2010
f 1972 1700 2011
f 2011 1700 1701
f 2011 1701 1984
f 1984 1701 1699
f 2012 2003 2005
f 2012 2005 2013
f 2013 2005 1986
f 2013 1986 2014
f 2014 1986 1985
f 2014 1985 2015
f 2015 1985 1991
f 2015 1991 2016
f 2016 1991 2010
f 2010 1991 1990
f 2010 1990 1749
f 1984 2003 2011
f 2011 2003 2012
f 2011 2012 1972
f 1972 2012 2013
f 1972 2013 1982
f 1982 2013 2014
f 1982 2014 1974
f 1974 2014 2015
f 1974 2015 1975
f 1975 2015 2016
f 1975 2016 1976
f 1976 2016 2010
f 1976 2010 1977
f 1977 2010 1748
f 1977 1748 1942
f 1432 1431 1971
f 1404 1432 2017
f 2017 1432 1971
f 2017 1971 2018
f 2018 1971 1981
f 2018 1981 2019
f 2019 1981 1978
f 2019 1978 2020
f 2020 1978 1979
f 2020 1979 2021
f 2021 1979 1980
f 2021 1980 2022
f 2022 1980 1973
f 2022 1973 2023
f 2023 1973 1970
f 2023 1970 1753
f 1404 2017 2024
f 2024 2017 2018
f 2024 2018 2025
f 2025 2018 2019
f 2025 2019 2026
f 2026 2019 2020
f 2026 2020 2027
f 2027 2020 2021
f 2027 2021 2028
f 2028 2021 2022
f 2028 2022 2029
f 2029 2022 2023
f 2029 2023 2030
f 2030 2023 1753
f 2030 1753 1751
f 2026 2027 2031
f 2030 1751 1750
f 2032 1427 1429
f 1717 1716 2032
f 2028 2029 2033
f 2024 2025 2034
f 2035 2036 1412
f 1404 2024 1405
f 1405 2024 2034
f 1405 2034 1406
f 1406 2034 2037
f 1406 2037 1411
f 1411 2037 2035
f 1411 2035 1409
f 1409 2035 1412
f 1754 1760 2038
f 2038 1760 1759
f 2027 2028 2031
f 2031 2028 2033
f 2031 2033 2039
f 2039 2033 2040
f 2039 2040 2041
f 2041 2040 2042
f 2041 2042 2043
f 1719 1764 2044
f 2044 1764 1717
f 1425 1423 2045
f 1717 2032 2044
f 2044 2032 1429
f 2044 1429 1430
f 1716 1427 2032
f 2029 2030 2033
f 2033 2030 1750
f 2033 1750 2040
f 2040 1750 1758
f 2040 1758 2042
f 2042 1758 1757
f 2042 1757 1755
f 2025 2026 2034
f 2034 2026 2031
f 2034 2031 2037
f 2037 2031 2039
f 2037 2039 2035
f 2035 2039 2041
f 2035 2041 2036
f 2036 2041 2043
f 2036 2043 2046
f 1759 1762 2038
f 2038 1762 2047
f 2038 2047 2048
f 2048 2047 2045
f 1430 1425 2044
f 2044 1425 2045
f 2044 2045 1719
f 1719 2045 2047
f 1719 2047 1720
f 1720 2047 1762
f 1421 1420 2046
f 2046 1420 1415
f 2046 1415 2036
f 2036 1415 1413
f 2036 1413 1412
f 1423 1421 2045
f 2045 1421 2046
f 2045 2046 2048
f 2048 2046 2043
f 2048 2043 2038
f 2038 2043 2042
f 2038 2042 1754
f 1754 2042 1755

