# https://github.com/mikedh/trimesh
mtllib mtl_tip_link
usemtl mtl_tip_link
v -0.02131013 0.00045948 -0.00699980
v -0.02130517 0.00003914 -0.00689129
v -0.02172672 0.00031405 -0.00641608
v -0.02135454 0.00089361 -0.00699802
v -0.02131486 0.00087890 -0.00703662
v -0.02246640 0.00100546 0.00331578
v -0.02246270 0.00072879 0.00279992
v -0.02237867 0.00004458 0.00325068
v -0.02106341 0.00123422 -0.00722372
v -0.02077415 0.00117370 -0.00743618
v -0.02076944 0.00071192 -0.00747497
v -0.02062676 0.00067643 -0.00756812
v -0.02212490 0.00467713 0.00160233
v -0.02212786 0.00477356 0.00105182
v -0.02233637 0.00445557 0.00094508
v -0.00787500 0.00454207 -0.00693073
v -0.00787500 0.00410501 -0.00743121
v -0.01019426 0.00427624 -0.00721766
v -0.01706476 0.00198897 -0.00838124
v -0.01706189 0.00140655 -0.00859387
v -0.01825038 0.00144936 -0.00834351
v -0.02008152 0.00006155 0.00770205
v -0.02007727 -0.00043870 0.00758272
v -0.01924148 -0.00064046 0.00792337
v -0.02007289 -0.00093330 0.00738727
v -0.02006843 -0.00141747 0.00711859
v -0.01923385 -0.00168424 0.00744237
v -0.02006395 -0.00188636 0.00677983
v -0.02005956 -0.00233503 0.00637540
v -0.01922622 -0.00265993 0.00667030
v -0.02005525 -0.00275850 0.00590999
v -0.02005114 -0.00315181 0.00538831
v -0.01921896 -0.00352589 0.00564257
v -0.02249942 0.00119064 0.00123407
v -0.02245682 0.00032158 0.00147263
v -0.02245944 0.00049762 0.00217654
v -0.02249997 0.00206220 -0.00339432
v -0.02249997 0.00210530 -0.00341298
v -0.02247605 0.00181057 -0.00413172
v -0.02250001 0.00256323 -0.00330462
v -0.02248185 0.00231173 -0.00406970
v -0.02247970 0.00214451 -0.00413172
v -0.02249999 0.00274889 -0.00308749
v -0.02249999 0.00287514 -0.00286894
v -0.02249193 0.00294957 -0.00344060
v -0.02247784 0.00197757 0.00402783
v -0.02247970 0.00214463 0.00400681
v -0.02249999 0.00234113 0.00330141
v -0.02248184 0.00231189 0.00394479
v -0.02250000 0.00249657 0.00323087
v -0.02248418 0.00247769 0.00384314
v -0.02249999 0.00264628 0.00309643
v -0.02248666 0.00264037 0.00370325
v -0.02249999 0.00268029 0.00305599
v -0.02250000 0.00281299 0.00285976
v -0.02249192 0.00294965 0.00331562
v -0.02249999 0.00287521 0.00274389
v -0.02249999 0.00297821 0.00251056
v -0.02249717 0.00322624 0.00279975
v -0.02249999 0.00304545 0.00232419
v -0.02250200 0.00345739 0.00217637
v -0.02250001 0.00313346 0.00202743
v -0.02250594 0.00363344 0.00147249
v -0.02250000 0.00326233 0.00141011
v -0.02250862 0.00374557 0.00071668
v -0.02249999 0.00334822 0.00067176
v -0.02250962 0.00378490 -0.00006252
v -0.02249999 0.00337467 -0.00014530
v -0.02250862 0.00374557 -0.00084174
v -0.02250001 0.00333341 -0.00097272
v -0.02250594 0.00363348 -0.00159759
v -0.02249999 0.00328941 -0.00135383
v -0.02250198 0.00345743 -0.00230148
v -0.02250000 0.00322545 -0.00174487
v -0.02249717 0.00322626 -0.00292482
v -0.02250001 0.00308373 -0.00232847
v -0.02250000 0.00292182 -0.00277025
v -0.02250001 0.00268020 -0.00318121
v -0.02248666 0.00264020 -0.00382815
v -0.02248418 0.00247751 -0.00396804
v -0.02249999 0.00224928 -0.00343938
v -0.02250001 0.00229583 -0.00343572
v -0.02250000 0.00234113 -0.00342641
v -0.02250000 0.00239158 -0.00341076
v -0.02247030 0.00131488 -0.00382814
v -0.02249988 0.00181160 -0.00318524
v -0.02249990 0.00190060 -0.00328053
v -0.02249974 0.00162027 -0.00288547
v -0.02246638 0.00100550 -0.00344059
v -0.02249970 0.00152918 -0.00269562
v -0.02246271 0.00072882 -0.00292481
v -0.02249950 0.00128219 -0.00188062
v -0.02249960 0.00143151 -0.00244239
v -0.02249962 0.00143737 -0.00245945
v -0.02245945 0.00049764 -0.00230147
v -0.02245681 0.00032159 -0.00159757
v -0.02249943 0.00119221 -0.00135884
v -0.02249938 0.00115035 -0.00102556
v -0.02245509 0.00020950 -0.00084170
v -0.02249937 0.00111421 -0.00054775
v -0.02245448 0.00017017 -0.00006246
v -0.02249935 0.00110341 -0.00006305
v -0.02245508 0.00020949 0.00071677
v -0.02249936 0.00112509 0.00059884
v -0.02249940 0.00115101 0.00090671
v -0.02249962 0.00143362 0.00231340
v -0.02249955 0.00136779 0.00209884
v -0.02249951 0.00130367 0.00184915
v -0.02249982 0.00174363 0.00297013
v -0.02249975 0.00162546 0.00277166
v -0.02249988 0.00181354 0.00306299
v -0.02247030 0.00131481 0.00370338
v -0.02249990 0.00190519 0.00315924
v -0.02247227 0.00147749 0.00384327
v -0.02249995 0.00202871 0.00325099
v -0.02250000 0.00230193 0.00330980
v -0.02249997 0.00212355 0.00329422
v -0.02247604 0.00181052 0.00400689
v -0.02247418 0.00164328 0.00394490
v -0.02007727 -0.00043845 -0.00770734
v -0.02008152 0.00006168 -0.00782675
v -0.01924514 -0.00010558 -0.00817147
v -0.01923385 -0.00168399 -0.00756689
v -0.01923002 -0.00218298 -0.00721522
v -0.02006395 -0.00188618 -0.00690442
v -0.01824113 -0.00025141 -0.00847032
v -0.01824398 0.00031641 -0.00851319
v -0.01767420 0.00026587 -0.00864584
v -0.01639056 0.00017798 -0.00887656
v -0.01705482 -0.00037554 -0.00872328
v -0.01662564 0.00019185 -0.00884014
v -0.01705702 0.00021973 -0.00876697
v -0.01225578 0.00003516 -0.00925146
v -0.01121721 0.00001929 -0.00929311
v -0.01019302 -0.00064964 -0.00927553
v -0.01019313 0.00000879 -0.00932068
v -0.00787500 -0.00000000 -0.00934375
v -0.01019264 -0.00256236 -0.00861421
v -0.00787499 -0.00295398 -0.00840610
v -0.01019250 -0.00315973 -0.00822555
v -0.00787499 -0.00318091 -0.00824708
v -0.01019238 -0.00372716 -0.00775848
v -0.00787499 -0.00385881 -0.00767769
v -0.01019224 -0.00425867 -0.00721763
v -0.00787499 -0.00066125 -0.00929856
v -0.00787501 -0.00100739 -0.00923878
v -0.01019290 -0.00130151 -0.00914141
v -0.00787501 -0.00131577 -0.00916430
v -0.01019278 -0.00194101 -0.00892031
v -0.00787500 -0.00199448 -0.00892746
v -0.00787501 -0.00258142 -0.00863638
v -0.02005954 -0.00233488 -0.00650005
v -0.01922620 -0.00265976 -0.00679492
v -0.02005525 -0.00275838 -0.00603472
v -0.01922251 -0.00310911 -0.00631072
v -0.02005113 -0.00315171 -0.00551310
v -0.01921896 -0.00352578 -0.00576735
v -0.02004726 -0.00351023 -0.00494025
v -0.01921563 -0.00390492 -0.00516996
v -0.02004371 -0.00383061 -0.00432266
v -0.01921257 -0.00424317 -0.00452527
v -0.02004052 -0.00410989 -0.00366721
v -0.01920981 -0.00453756 -0.00384040
v -0.02003776 -0.00434508 -0.00298077
v -0.01920744 -0.00478510 -0.00312247
v -0.02003550 -0.00453319 -0.00227020
v -0.01920550 -0.00498282 -0.00237858
v -0.02003384 -0.00467125 -0.00154237
v -0.01920407 -0.00512773 -0.00161586
v -0.02003277 -0.00475628 -0.00080416
v -0.01920315 -0.00521688 -0.00084144
v -0.02003239 -0.00478529 -0.00006242
v -0.01920283 -0.00524726 -0.00006242
v -0.02003278 -0.00475629 0.00067931
v -0.01920316 -0.00521689 0.00071660
v -0.02003382 -0.00467128 0.00141751
v -0.01920406 -0.00512776 0.00149102
v -0.02003553 -0.00453323 0.00214533
v -0.01920550 -0.00498286 0.00225372
v -0.02003778 -0.00434512 0.00285589
v -0.01920746 -0.00478515 0.00299759
v -0.02004051 -0.00410995 0.00354233
v -0.01920982 -0.00453762 0.00371553
v -0.02004371 -0.00383068 0.00419779
v -0.01921256 -0.00424325 0.00440041
v -0.02004726 -0.00351031 0.00481540
v -0.01921565 -0.00390501 0.00504514
v -0.01821706 -0.00424929 0.00524703
v -0.01821454 -0.00460266 0.00457888
v -0.01821230 -0.00490972 0.00386841
v -0.01821037 -0.00516755 0.00312296
v -0.01820878 -0.00537320 0.00234984
v -0.01820759 -0.00552374 0.00155636
v -0.01820687 -0.00561621 0.00074984
v -0.01820662 -0.00564768 -0.00006241
v -0.01820687 -0.00561619 -0.00087466
v -0.01820760 -0.00552370 -0.00168119
v -0.01820880 -0.00537315 -0.00247469
v -0.01821037 -0.00516749 -0.00324782
v -0.01821232 -0.00490965 -0.00399327
v -0.01821454 -0.00460257 -0.00470372
v -0.01821707 -0.00424919 -0.00537184
v -0.01821978 -0.00385246 -0.00599031
v -0.01822267 -0.00341573 -0.00655224
v -0.01822569 -0.00294404 -0.00705243
v -0.01822880 -0.00244284 -0.00748613
v -0.01823195 -0.00191759 -0.00784858
v -0.01823506 -0.00137372 -0.00813537
v -0.01703643 -0.00454249 0.00542022
v -0.01703454 -0.00490834 0.00473229
v -0.01703281 -0.00522580 0.00400013
v -0.01703135 -0.00549200 0.00323121
v -0.01703014 -0.00570405 0.00243302
v -0.01702921 -0.00585908 0.00161303
v -0.01702865 -0.00595420 0.00077873
v -0.01702846 -0.00598654 -0.00006240
v -0.01702867 -0.00595418 -0.00090354
v -0.01702921 -0.00585905 -0.00173786
v -0.01703014 -0.00570400 -0.00255786
v -0.01703134 -0.00549194 -0.00335606
v -0.01703280 -0.00522573 -0.00412498
v -0.01703453 -0.00490824 -0.00485713
v -0.01703646 -0.00454237 -0.00554502
v -0.01703852 -0.00413100 -0.00618118
v -0.01704073 -0.00367745 -0.00675857
v -0.01704305 -0.00318689 -0.00727198
v -0.01704540 -0.00266497 -0.00771666
v -0.01704782 -0.00211731 -0.00808787
v -0.01705021 -0.00154952 -0.00838123
v -0.01705255 -0.00096711 -0.00859386
v -0.01565872 -0.00478390 0.00556385
v -0.01565738 -0.00515972 0.00485978
v -0.01565618 -0.00548542 0.00410981
v -0.01565515 -0.00575818 0.00332154
v -0.01565431 -0.00597521 0.00250258
v -0.01565368 -0.00613370 0.00166053
v -0.01565326 -0.00623084 0.00080300
v -0.01565314 -0.00626384 -0.00006240
v -0.01565327 -0.00623082 -0.00092781
v -0.01565368 -0.00613366 -0.00178535
v -0.01565430 -0.00597516 -0.00262741
v -0.01565515 -0.00575811 -0.00344638
v -0.01565617 -0.00548534 -0.00423465
v -0.01565738 -0.00515962 -0.00498461
v -0.01565871 -0.00478378 -0.00568865
v -0.01566017 -0.00436061 -0.00633915
v -0.01566171 -0.00389342 -0.00692899
v -0.01566332 -0.00338746 -0.00745296
v -0.01566498 -0.00284854 -0.00790634
v -0.01566666 -0.00228239 -0.00828442
v -0.01566833 -0.00169479 -0.00858287
v -0.01566995 -0.00109136 -0.00879894
v -0.01567155 -0.00047768 -0.00893030
v -0.01922250 -0.00310924 0.00618601
v -0.01923770 -0.00116831 0.00772097
v -0.02008554 0.00056261 0.00774240
v -0.01924513 -0.00010574 0.00804680
v -0.01406878 -0.00497286 0.00567707
v -0.01406799 -0.00535624 0.00496047
v -0.01406724 -0.00568812 0.00419661
v -0.01406662 -0.00596577 0.00339317
v -0.01406611 -0.00618646 0.00255785
v -0.01406573 -0.00634747 0.00169836
v -0.01406547 -0.00644607 0.00082238
v -0.01406538 -0.00647954 -0.00006239
v -0.01406547 -0.00644605 -0.00094717
v -0.01406571 -0.00634743 -0.00182317
v -0.01406610 -0.00618641 -0.00268267
v -0.01406663 -0.00596570 -0.00351800
v -0.01406725 -0.00568803 -0.00432144
v -0.01406796 -0.00535614 -0.00508529
v -0.01406878 -0.00497273 -0.00580185
v -0.01406967 -0.00454055 -0.00646341
v -0.01407062 -0.00406283 -0.00706278
v -0.01407161 -0.00354493 -0.00759477
v -0.01407260 -0.00299273 -0.00805470
v -0.01407361 -0.00241210 -0.00843789
v -0.01407463 -0.00180889 -0.00874007
v -0.01407563 -0.00118882 -0.00895863
v -0.01407660 -0.00055760 -0.00909137
v -0.01490266 0.00010766 -0.00906113
v -0.01567308 0.00014063 -0.00897461
v -0.01567466 0.00075893 -0.00893031
v -0.01225157 -0.00510867 0.00575900
v -0.01225121 -0.00549732 0.00503348
v -0.01225085 -0.00583346 0.00425966
v -0.01225053 -0.00611445 0.00344531
v -0.01225030 -0.00633761 0.00259816
v -0.01225010 -0.00650031 0.00172599
v -0.01224999 -0.00659987 0.00083656
v -0.01224996 -0.00663363 -0.00006239
v -0.01224999 -0.00659984 -0.00096135
v -0.01225011 -0.00650026 -0.00185080
v -0.01225030 -0.00633755 -0.00272298
v -0.01225055 -0.00611437 -0.00357014
v -0.01225084 -0.00583337 -0.00438449
v -0.01225120 -0.00549721 -0.00515829
v -0.01225158 -0.00510854 -0.00588378
v -0.01225201 -0.00467002 -0.00655317
v -0.01225245 -0.00418485 -0.00715924
v -0.01225292 -0.00365844 -0.00769682
v -0.01225340 -0.00309673 -0.00816126
v -0.01225391 -0.00250567 -0.00854793
v -0.01225438 -0.00189117 -0.00885262
v -0.01225486 -0.00125903 -0.00907282
v -0.01225532 -0.00061501 -0.00920646
v -0.01019201 -0.00519066 0.00580879
v -0.01019190 -0.00558239 0.00507793
v -0.01019183 -0.00592099 0.00429813
v -0.01019174 -0.00620389 0.00347717
v -0.01019166 -0.00642846 0.00262285
v -0.01019162 -0.00659208 0.00174295
v -0.01019158 -0.00669217 0.00084528
v -0.01019157 -0.00672610 -0.00006239
v -0.01019160 -0.00669214 -0.00097006
v -0.01019162 -0.00659204 -0.00186775
v -0.01019166 -0.00642840 -0.00274766
v -0.01019175 -0.00620381 -0.00360199
v -0.01019182 -0.00592090 -0.00442295
v -0.01019190 -0.00558227 -0.00520274
v -0.01019201 -0.00519052 -0.00593356
v -0.01019213 -0.00474827 -0.00660761
v -0.01821977 -0.00385259 0.00586555
v -0.01822266 -0.00341589 0.00642756
v -0.01703853 -0.00413113 0.00605644
v -0.01704074 -0.00367761 0.00663391
v -0.01566017 -0.00436076 0.00621442
v -0.01566171 -0.00389360 0.00680435
v -0.01406966 -0.00454070 0.00633869
v -0.01407061 -0.00406302 0.00693816
v -0.01225200 -0.00467018 0.00642846
v -0.01225244 -0.00418505 0.00703463
v -0.01019211 -0.00474844 0.00648291
v -0.01019226 -0.00425887 0.00709303
v -0.00787499 -0.00477316 0.00650007
v -0.00787501 -0.00425000 0.00714806
v -0.01923002 -0.00218318 0.00709067
v -0.01822569 -0.00294423 0.00692784
v -0.01822879 -0.00244307 0.00736161
v -0.01704305 -0.00318709 0.00714742
v -0.01704540 -0.00266522 0.00759218
v -0.01566331 -0.00338769 0.00732842
v -0.01566498 -0.00284880 0.00778189
v -0.01407161 -0.00354516 0.00747026
v -0.01407262 -0.00299301 0.00793027
v -0.01225293 -0.00365868 0.00757231
v -0.01225342 -0.00309703 0.00803685
v -0.01019238 -0.00372741 0.00763399
v -0.01019251 -0.00316003 0.00810115
v -0.00787501 -0.00375051 0.00765469
v -0.00787499 -0.00335388 0.00799156
v -0.01823193 -0.00191787 0.00772410
v -0.01823508 -0.00137404 0.00801088
v -0.01704782 -0.00211761 0.00796342
v -0.01705021 -0.00154987 0.00825677
v -0.01566664 -0.00228272 0.00816001
v -0.01566833 -0.00169517 0.00845843
v -0.01407361 -0.00241245 0.00831350
v -0.01407465 -0.00180929 0.00861567
v -0.01225389 -0.00250603 0.00842357
v -0.01225440 -0.00189159 0.00872824
v -0.01019264 -0.00256273 0.00848986
v -0.01019276 -0.00194145 0.00879594
v -0.01823815 -0.00081687 0.00821895
v -0.01824113 -0.00025159 0.00834568
v -0.01705254 -0.00096745 0.00846934
v -0.01705482 -0.00037573 0.00859865
v -0.01566996 -0.00109172 0.00867444
v -0.01567155 -0.00047789 0.00880570
v -0.01407564 -0.00118921 0.00883415
v -0.01407662 -0.00055782 0.00896680
v -0.01225488 -0.00125944 0.00894836
v -0.01225534 -0.00061523 0.00908190
v -0.01019291 -0.00130192 0.00901697
v -0.01019301 -0.00064988 0.00915098
v -0.00787501 -0.00674296 0.00036119
v -0.00787499 -0.00671746 0.00084772
v -0.00787501 -0.00659198 0.00193398
v -0.00787500 -0.00645942 0.00263137
v -0.00787500 -0.00624747 0.00345159
v -0.00787500 -0.00595314 0.00431220
v -0.00787500 -0.00572555 0.00485311
v -0.00787501 -0.00521785 0.00582542
v -0.00787501 -0.00504938 0.00609686
v -0.00787501 -0.00425000 -0.00727306
v -0.00787499 -0.00456136 -0.00690393
v -0.00787500 -0.00477319 -0.00662504
v -0.00787499 -0.00532435 -0.00576730
v -0.00787500 -0.00561256 -0.00521860
v -0.00787499 -0.00595871 -0.00442286
v -0.00787499 -0.00623639 -0.00361362
v -0.00787501 -0.00642436 -0.00291045
v -0.00787499 -0.00662031 -0.00187313
v -0.00787499 -0.00669148 -0.00128199
v -0.00787500 -0.00675000 -0.00006217
v -0.01963576 0.00048637 -0.00806704
v -0.01968714 0.00049439 -0.00804599
v -0.01969110 0.00101338 -0.00800484
v -0.02008982 0.00106332 -0.00782675
v -0.02009466 0.00156345 -0.00770734
v -0.01924862 0.00043067 -0.00821326
v -0.01925229 0.00096691 -0.00817147
v -0.01925647 0.00150150 -0.00804796
v -0.01926104 0.00202933 -0.00784552
v -0.02009998 0.00205804 -0.00751185
v -0.01926595 0.00254531 -0.00756690
v -0.02010568 0.00254224 -0.00724316
v -0.01927105 0.00304429 -0.00721524
v -0.02011159 0.00301117 -0.00690444
v -0.01927626 0.00352108 -0.00679494
v -0.02011763 0.00345987 -0.00650007
v -0.01928144 0.00397042 -0.00631074
v -0.02012365 0.00388337 -0.00603474
v -0.01928651 0.00438709 -0.00576738
v -0.02012956 0.00427670 -0.00551313
v -0.01929141 0.00476623 -0.00516999
v -0.02013521 0.00463521 -0.00494028
v -0.01929597 0.00510448 -0.00452531
v -0.02014053 0.00495559 -0.00432269
v -0.01930011 0.00539886 -0.00384045
v -0.02014531 0.00523486 -0.00366725
v -0.01930371 0.00564639 -0.00312252
v -0.02014954 0.00547005 -0.00298082
v -0.01930671 0.00584410 -0.00237865
v -0.02015301 0.00565816 -0.00227026
v -0.01930897 0.00598902 -0.00161595
v -0.02015563 0.00579622 -0.00154245
v -0.01931042 0.00607816 -0.00084154
v -0.02015731 0.00588125 -0.00080425
v -0.01931093 0.00610856 -0.00006254
v -0.02015788 0.00591026 -0.00006254
v -0.01931043 0.00607818 0.00071645
v -0.02015732 0.00588126 0.00067916
v -0.01930897 0.00598901 0.00149082
v -0.02015565 0.00579621 0.00141733
v -0.01930670 0.00584404 0.00225348
v -0.02015299 0.00565810 0.00214511
v -0.01930371 0.00564627 0.00299732
v -0.02014953 0.00546994 0.00285564
v -0.01930010 0.00539869 0.00371523
v -0.02014532 0.00523472 0.00354205
v -0.01929595 0.00510429 0.00440008
v -0.02014052 0.00495543 0.00419748
v -0.01929138 0.00476607 0.00504478
v -0.02013522 0.00463508 0.00481508
v -0.01928652 0.00438703 0.00564222
v -0.02012956 0.00427665 0.00538798
v -0.01928143 0.00397053 0.00618568
v -0.02012368 0.00388347 0.00590969
v -0.01927626 0.00352139 0.00666999
v -0.02011763 0.00346014 0.00637512
v -0.01927106 0.00304480 0.00709039
v -0.02011161 0.00301161 0.00677957
v -0.01926594 0.00254595 0.00744211
v -0.02010570 0.00254281 0.00711835
v -0.01926104 0.00203002 0.00772072
v -0.02009998 0.00205865 0.00738705
v -0.01925648 0.00150213 0.00792315
v -0.02009466 0.00156400 0.00758252
v -0.01925229 0.00096735 0.00804665
v -0.02008981 0.00106370 0.00770191
v -0.01924861 0.00043079 0.00808849
v -0.01824398 0.00031655 0.00838844
v -0.01824698 0.00088472 0.00834552
v -0.01825040 0.00145006 0.00821871
v -0.01825413 0.00200729 0.00801061
v -0.01825814 0.00255111 0.00772382
v -0.01826229 0.00307620 0.00736131
v -0.01826652 0.00357718 0.00692751
v -0.01827078 0.00404865 0.00642720
v -0.01827493 0.00448520 0.00586518
v -0.01827889 0.00488182 0.00524665
v -0.01828261 0.00523515 0.00457852
v -0.01828599 0.00554224 0.00386809
v -0.01828896 0.00580013 0.00312267
v -0.01829140 0.00600585 0.00234959
v -0.01829325 0.00615645 0.00155615
v -0.01829443 0.00624898 0.00074967
v -0.01829483 0.00628046 -0.00006255
v -0.01829442 0.00624896 -0.00087477
v -0.01829325 0.00615647 -0.00168129
v -0.01829142 0.00600592 -0.00247476
v -0.01828895 0.00580026 -0.00324789
v -0.01828602 0.00554243 -0.00399332
v -0.01828261 0.00523536 -0.00470377
v -0.01827890 0.00488199 -0.00537187
v -0.01827491 0.00448526 -0.00599034
v -0.01827076 0.00404853 -0.00655226
v -0.01826654 0.00357685 -0.00705245
v -0.01826228 0.00307564 -0.00748615
v -0.01825814 0.00255040 -0.00784859
v -0.01825412 0.00200652 -0.00813538
v -0.01705701 0.00021988 0.00864224
v -0.01705930 0.00081553 0.00859849
v -0.01706190 0.00140732 0.00846908
v -0.01706477 0.00198981 0.00825648
v -0.01706781 0.00255753 0.00796313
v -0.01707101 0.00310502 0.00759185
v -0.01707423 0.00362671 0.00714706
v -0.01707746 0.00411701 0.00663352
v -0.01708066 0.00457037 0.00605604
v -0.01708370 0.00498163 0.00541982
v -0.01708654 0.00534745 0.00473191
v -0.01708912 0.00566494 0.00399978
v -0.01709136 0.00593120 0.00323090
v -0.01709325 0.00614333 0.00243275
v -0.01709465 0.00629843 0.00161281
v -0.01709554 0.00639361 0.00077855
v -0.01709586 0.00642596 -0.00006255
v -0.01709556 0.00639359 -0.00090366
v -0.01709466 0.00629845 -0.00173795
v -0.01709322 0.00614340 -0.00255794
v -0.01709137 0.00593135 -0.00335612
v -0.01708912 0.00566514 -0.00412503
v -0.01708654 0.00534767 -0.00485717
v -0.01708370 0.00498181 -0.00554506
v -0.01708065 0.00457044 -0.00618121
v -0.01707746 0.00411688 -0.00675859
v -0.01707423 0.00362633 -0.00727200
v -0.01707100 0.00310441 -0.00771668
v -0.01706782 0.00255675 -0.00808789
v -0.01705929 0.00081498 -0.00872328
v -0.01639251 0.00078532 -0.00883253
v -0.01567649 0.00137260 -0.00879895
v -0.01567848 0.00197603 -0.00858288
v -0.01568061 0.00256363 -0.00828444
v -0.01834792 0.00032659 -0.00848644
v -0.01824697 0.00088422 -0.00847032
v -0.01767684 0.00084794 -0.00860254
v -0.01877150 0.00092387 -0.00832663
v -0.01876818 0.00037134 -0.00836899
v -0.01924146 -0.00064018 -0.00804796
v -0.02007288 -0.00093305 -0.00751185
v -0.01567308 0.00014079 0.00884989
v -0.01567467 0.00075951 0.00880553
v -0.01567649 0.00137342 0.00867417
v -0.01567850 0.00197694 0.00845814
v -0.01568063 0.00256448 0.00815970
v -0.01568285 0.00313043 0.00778155
v -0.01568511 0.00366911 0.00732805
v -0.01568736 0.00417479 0.00680394
v -0.01568959 0.00464177 0.00621400
v -0.01569169 0.00506481 0.00556343
v -0.01569370 0.00544061 0.00485938
v -0.01569548 0.00576633 0.00410944
v -0.01569707 0.00603916 0.00332121
v -0.01569835 0.00625627 0.00250230
v -0.01569935 0.00641484 0.00166030
v -0.01569999 0.00651204 0.00080282
v -0.01570021 0.00654505 -0.00006255
v -0.01569997 0.00651202 -0.00092793
v -0.01569935 0.00641485 -0.00178545
v -0.01569835 0.00625635 -0.00262749
v -0.01569706 0.00603931 -0.00344645
v -0.01569550 0.00576655 -0.00423470
v -0.01569369 0.00544085 -0.00498465
v -0.01569171 0.00506501 -0.00568868
v -0.01568959 0.00464185 -0.00633918
v -0.01568737 0.00417465 -0.00692901
v -0.01568509 0.00366870 -0.00745298
v -0.01568285 0.00312977 -0.00790636
v -0.00787501 0.00168038 0.00892545
v -0.01019356 0.00195961 0.00879561
v -0.01019340 0.00132002 0.00901667
v -0.01019314 0.00000898 0.00919599
v -0.00787500 0.00000019 0.00921907
v -0.01019326 0.00066788 0.00915078
v -0.00787501 0.00068534 0.00917055
v -0.00787499 0.00131671 0.00903956
v -0.01019443 0.00476574 0.00648245
v -0.00787500 0.00490691 0.00631280
v -0.01019459 0.00520785 0.00580832
v -0.00787499 0.00521775 0.00582510
v -0.01019473 0.00559954 0.00507748
v -0.00787501 0.00558767 0.00513931
v -0.01019490 0.00593819 0.00429772
v -0.00787500 0.00581328 0.00464618
v -0.01019502 0.00622116 0.00347681
v -0.00787500 0.00195879 0.00881822
v -0.00787500 0.00227308 0.00867557
v -0.01019372 0.00258088 0.00848951
v -0.00787501 0.00258238 0.00851169
v -0.01019390 0.00317804 0.00810077
v -0.00787500 0.00322103 0.00809317
v -0.01019408 0.00374519 0.00763358
v -0.00787500 0.00375071 0.00765427
v -0.01019424 0.00427639 0.00709259
v -0.00787500 0.00410574 0.00730569
v -0.00787499 0.00477441 0.00650077
v -0.01407753 0.00007928 0.00901141
v -0.01407851 0.00071641 0.00896660
v -0.01407962 0.00134789 0.00883387
v -0.01408085 0.00196804 0.00861535
v -0.01408213 0.00257118 0.00831317
v -0.01408348 0.00315161 0.00792991
v -0.01408487 0.00370355 0.00746986
v -0.01408623 0.00422116 0.00693774
v -0.01408760 0.00469865 0.00633825
v -0.01408888 0.00513070 0.00567662
v -0.01409011 0.00551406 0.00496005
v -0.01409118 0.00584596 0.00419622
v -0.01409216 0.00612369 0.00339282
v -0.01409294 0.00634447 0.00255756
v -0.01409355 0.00650556 0.00169811
v -0.01409393 0.00660422 0.00082218
v -0.01409407 0.00663770 -0.00006255
v -0.01409393 0.00660420 -0.00094730
v -0.01409355 0.00650558 -0.00182327
v -0.01409296 0.00634455 -0.00268276
v -0.01409217 0.00612385 -0.00351807
v -0.01409119 0.00584619 -0.00432150
v -0.01409010 0.00551431 -0.00508534
v -0.01408888 0.00513091 -0.00580189
v -0.01408760 0.00469873 -0.00646344
v -0.01408625 0.00422102 -0.00706281
v -0.01408488 0.00370312 -0.00759479
v -0.01225927 0.00372874 -0.00769684
v -0.01225863 0.00316703 -0.00816128
v -0.01408348 0.00315091 -0.00805473
v -0.01407753 0.00007910 -0.00913611
v -0.01431742 0.00008676 -0.00911600
v -0.01407853 0.00071580 -0.00909137
v -0.01490393 0.00073576 -0.00901659
v -0.01407962 0.00134702 -0.00895863
v -0.01408084 0.00196708 -0.00874008
v -0.01408215 0.00257029 -0.00843791
v -0.01225578 0.00003534 0.00912678
v -0.01225623 0.00068596 0.00908170
v -0.01225677 0.00133025 0.00894807
v -0.01225735 0.00196248 0.00872791
v -0.01225796 0.00257690 0.00842323
v -0.01225861 0.00316775 0.00803648
v -0.01225927 0.00372919 0.00757191
v -0.01225993 0.00425530 0.00703419
v -0.01226058 0.00474023 0.00642800
v -0.01226120 0.00517860 0.00575854
v -0.01226177 0.00556722 0.00503304
v -0.01226230 0.00590340 0.00425926
v -0.01226276 0.00618446 0.00344495
v -0.01226314 0.00640772 0.00259786
v -0.01226343 0.00657050 0.00172575
v -0.01226363 0.00667012 0.00083636
v -0.01226369 0.00670390 -0.00006255
v -0.01226363 0.00667010 -0.00096148
v -0.01226343 0.00657051 -0.00185091
v -0.01226314 0.00640781 -0.00272307
v -0.01226276 0.00618463 -0.00357021
v -0.01226231 0.00590364 -0.00438455
v -0.01226178 0.00556749 -0.00515834
v -0.01226119 0.00517883 -0.00588381
v -0.01226058 0.00474031 -0.00655320
v -0.01225995 0.00425515 -0.00715927
v -0.01019512 0.00644582 0.00262254
v -0.01019519 0.00660954 0.00174270
v -0.01019523 0.00670969 0.00084507
v -0.01019526 0.00674364 -0.00006255
v -0.01019523 0.00670966 -0.00097020
v -0.01019518 0.00660955 -0.00186786
v -0.01019512 0.00644591 -0.00274775
v -0.01019501 0.00622133 -0.00360207
v -0.01019489 0.00593844 -0.00442301
v -0.01019476 0.00559982 -0.00520279
v -0.01019458 0.00520808 -0.00593360
v -0.01019441 0.00476582 -0.00660765
v -0.01019326 0.00066722 -0.00927553
v -0.01225625 0.00068532 -0.00920646
v -0.01019341 0.00131908 -0.00914142
v -0.01225677 0.00132934 -0.00907283
v -0.01019356 0.00195858 -0.00892032
v -0.01225736 0.00196148 -0.00885263
v -0.01019373 0.00257992 -0.00861423
v -0.01225798 0.00257597 -0.00854795
v -0.01019389 0.00317729 -0.00822557
v -0.01019407 0.00374473 -0.00775851
v -0.00787499 0.00375024 -0.00777920
v -0.00787501 0.00318688 -0.00824271
v -0.00787501 0.00477451 -0.00662597
v -0.00787500 0.00532492 -0.00576536
v -0.00787501 0.00561072 -0.00521780
v -0.00787499 0.00596546 -0.00439629
v -0.00787500 0.00623364 -0.00361286
v -0.00787502 0.00642661 -0.00289550
v -0.00787500 0.00662259 -0.00187363
v -0.00787499 0.00669068 -0.00133386
v -0.00787501 0.00675658 0.00002394
v -0.00787499 0.00672288 0.00084804
v -0.00787501 0.00663701 0.00164852
v -0.00787499 0.00645856 0.00263091
v -0.00787500 0.00631415 0.00320889
v -0.00787501 0.00623347 0.00348760
v -0.02006843 -0.00141725 -0.00724315
v -0.01923771 -0.00116801 -0.00784550
v -0.01823814 -0.00081656 -0.00834350
v -0.02242958 0.00302546 0.00385512
v -0.02242497 0.00282099 0.00410345
v -0.02229277 0.00284767 0.00464367
v -0.02232140 0.00396113 0.00285272
v -0.02231055 0.00356826 0.00367558
v -0.02210489 0.00397215 0.00363508
v -0.02229872 0.00310171 0.00436148
v -0.02230470 0.00334288 0.00403762
v -0.02243871 0.00340067 0.00325049
v -0.02244710 0.00371626 0.00252355
v -0.02245402 0.00395808 0.00170651
v -0.02233031 0.00426248 0.00192968
v -0.02245868 0.00411287 0.00083319
v -0.02212098 0.00454635 0.00214125
v -0.02211626 0.00438363 0.00266326
v -0.02211084 0.00419142 0.00316298
v -0.02233802 0.00450628 0.00044174
v -0.02212973 0.00483319 0.00049508
v -0.02233859 0.00452365 -0.00006253
v -0.02246040 0.00416741 -0.00006252
v -0.02245868 0.00411288 -0.00095826
v -0.02213039 0.00485361 -0.00006252
v -0.02212973 0.00483319 -0.00062015
v -0.02233802 0.00450628 -0.00056679
v -0.02233032 0.00426253 -0.00205480
v -0.02212099 0.00454640 -0.00226638
v -0.02232139 0.00396119 -0.00297785
v -0.02211624 0.00438370 -0.00278839
v -0.02233637 0.00445558 -0.00107015
v -0.02212786 0.00477356 -0.00117690
v -0.02212490 0.00467716 -0.00172743
v -0.02245401 0.00395811 -0.00183161
v -0.02244710 0.00371631 -0.00264868
v -0.02243873 0.00340069 -0.00337557
v -0.02242960 0.00302537 -0.00398009
v -0.02229872 0.00310160 -0.00448645
v -0.02229276 0.00284748 -0.00476858
v -0.02242497 0.00282083 -0.00422837
v -0.02231054 0.00356828 -0.00380067
v -0.02230469 0.00334284 -0.00416266
v -0.02242044 0.00260817 -0.00443669
v -0.02228690 0.00258340 -0.00500558
v -0.02241609 0.00238971 -0.00460225
v -0.02228126 0.00231227 -0.00519416
v -0.02241199 0.00216777 -0.00472291
v -0.02227599 0.00203697 -0.00533178
v -0.02240829 0.00194466 -0.00479674
v -0.02227117 0.00176037 -0.00541608
v -0.02240504 0.00172266 -0.00482178
v -0.02242444 0.00177252 -0.00469088
v -0.02174729 0.00181289 -0.00641608
v -0.02154530 0.00136608 -0.00676445
v -0.02174157 0.00143748 -0.00651764
v -0.02154025 0.00096899 -0.00680014
v -0.02173652 0.00106347 -0.00655212
v -0.02179520 0.00415735 0.00396754
v -0.02137308 0.00433004 0.00427560
v -0.02180147 0.00440657 0.00345346
v -0.02137929 0.00460600 0.00372330
v -0.02180716 0.00462479 0.00290916
v -0.02138493 0.00484733 0.00313816
v -0.02181211 0.00480934 0.00234042
v -0.02138983 0.00505115 0.00252640
v -0.02181622 0.00495755 0.00175307
v -0.02139393 0.00521465 0.00189423
v -0.02181933 0.00506672 0.00115292
v -0.02139700 0.00533496 0.00124788
v -0.02182132 0.00513419 0.00054579
v -0.02139897 0.00540923 0.00059355
v -0.02182201 0.00515726 -0.00006253
v -0.02139965 0.00543460 -0.00006253
v -0.02182130 0.00513418 -0.00067085
v -0.02139897 0.00540921 -0.00071862
v -0.02181934 0.00506673 -0.00127801
v -0.02139699 0.00533496 -0.00137298
v -0.02181623 0.00495758 -0.00187818
v -0.02139392 0.00521469 -0.00201936
v -0.02181211 0.00480941 -0.00246556
v -0.02138984 0.00505123 -0.00265155
v -0.02180715 0.00462488 -0.00303431
v -0.02138491 0.00484743 -0.00326333
v -0.02180147 0.00440667 -0.00357862
v -0.02137929 0.00460612 -0.00384847
v -0.02179522 0.00415744 -0.00409268
v -0.02137308 0.00433013 -0.00440076
v -0.02178852 0.00387986 -0.00457067
v -0.02136645 0.00402232 -0.00491396
v -0.02178156 0.00357682 -0.00500704
v -0.02135953 0.00368575 -0.00538217
v -0.02177444 0.00325200 -0.00539734
v -0.02135246 0.00332449 -0.00580066
v -0.02176730 0.00290931 -0.00573739
v -0.02134538 0.00294286 -0.00616504
v -0.02176030 0.00255264 -0.00602301
v -0.02133847 0.00254516 -0.00647087
v -0.02175360 0.00218589 -0.00625026
v -0.02133180 0.00213568 -0.00671401
v -0.02132556 0.00171867 -0.00689130
v -0.02077951 0.00163568 -0.00732175
v -0.02078541 0.00209328 -0.00713462
v -0.02079171 0.00254194 -0.00687770
v -0.02079827 0.00297708 -0.00655421
v -0.02080495 0.00339406 -0.00616844
v -0.02081162 0.00378821 -0.00572498
v -0.02081816 0.00415485 -0.00522839
v -0.02082443 0.00448962 -0.00468358
v -0.02083031 0.00478929 -0.00409679
v -0.02083563 0.00505091 -0.00347459
v -0.02084028 0.00527155 -0.00282356
v -0.02084412 0.00544828 -0.00215027
v -0.02084704 0.00557816 -0.00146129
v -0.02084888 0.00565825 -0.00076319
v -0.02084955 0.00568561 -0.00006253
v -0.02084890 0.00565826 0.00063811
v -0.02084703 0.00557815 0.00133618
v -0.02084413 0.00544824 0.00202514
v -0.02084029 0.00527147 0.00269840
v -0.02083563 0.00505078 0.00334941
v -0.02083031 0.00478915 0.00397160
v -0.02082443 0.00448950 0.00455840
v -0.02247784 0.00197754 -0.00415271
v -0.02240194 0.00150066 -0.00479673
v -0.02203968 0.00061241 -0.00589620
v -0.02225443 0.00065843 -0.00519416
v -0.02225876 0.00093373 -0.00533178
v -0.02239532 0.00105560 -0.00460224
v -0.02239869 0.00127754 -0.00472291
v -0.02247226 0.00147757 -0.00396803
v -0.02247418 0.00164335 -0.00406969
v -0.02249996 0.00202848 -0.00337634
v -0.02225000 0.00038730 -0.00500558
v -0.02224558 0.00012322 -0.00476857
v -0.02238850 0.00062448 -0.00422836
v -0.02238511 0.00041994 -0.00398008
v -0.02239191 0.00083714 -0.00443669
v -0.02226698 0.00148535 -0.00544470
v -0.02226296 0.00121033 -0.00541608
v -0.02222171 0.00143012 -0.00558968
v -0.02204445 0.00093984 -0.00598972
v -0.02224120 -0.00013090 -0.00448644
v -0.02223695 -0.00037214 -0.00416264
v -0.02237869 0.00004462 -0.00337556
v -0.02223287 -0.00059759 -0.00380066
v -0.02237299 -0.00027101 -0.00264865
v -0.02236844 -0.00051281 -0.00183158
v -0.02222552 -0.00099050 -0.00297783
v -0.02201029 -0.00119702 -0.00419929
v -0.02200593 -0.00144097 -0.00376019
v -0.02200193 -0.00166026 -0.00328810
v -0.02199833 -0.00185247 -0.00278837
v -0.02221965 -0.00129183 -0.00205477
v -0.02236541 -0.00066758 -0.00095822
v -0.02221576 -0.00148489 -0.00107010
v -0.02221469 -0.00153559 -0.00056674
v -0.02236432 -0.00072211 -0.00006246
v -0.02201491 -0.00093100 -0.00460028
v -0.02201974 -0.00064618 -0.00495905
v -0.02202471 -0.00034600 -0.00527174
v -0.02202975 -0.00003389 -0.00553446
v -0.02203476 0.00028671 -0.00574357
v -0.02237299 -0.00027103 0.00252373
v -0.02236843 -0.00051283 0.00170664
v -0.02236543 -0.00066759 0.00083329
v -0.02199836 -0.00185249 0.00266345
v -0.02222553 -0.00099053 0.00285291
v -0.02221965 -0.00129185 0.00192984
v -0.02168005 -0.00268250 0.00234061
v -0.02199525 -0.00201519 0.00214142
v -0.02199272 -0.00214594 0.00160247
v -0.02221575 -0.00148490 0.00094519
v -0.02223288 -0.00059763 0.00367578
v -0.02221468 -0.00153560 0.00044182
v -0.02221433 -0.00155296 -0.00006245
v -0.02228690 0.00258364 0.00488070
v -0.02242043 0.00260836 0.00431180
v -0.02228128 0.00231253 0.00506929
v -0.02241607 0.00238992 0.00447736
v -0.02227598 0.00203720 0.00520689
v -0.02241201 0.00216797 0.00459801
v -0.02227119 0.00176054 0.00529118
v -0.02240828 0.00194479 0.00467183
v -0.02226697 0.00148540 0.00531984
v -0.02240502 0.00172269 0.00469690
v -0.02226297 0.00121027 0.00529127
v -0.02240193 0.00150061 0.00467191
v -0.02225877 0.00093363 0.00520702
v -0.02239868 0.00127745 0.00459812
v -0.02225443 0.00065833 0.00506943
v -0.02239532 0.00105551 0.00447749
v -0.02225001 0.00038721 0.00488085
v -0.02239191 0.00083706 0.00431194
v -0.02224559 0.00012314 0.00464383
v -0.02238850 0.00062442 0.00410360
v -0.02224121 -0.00013096 0.00436165
v -0.02238512 0.00041989 0.00385528
v -0.02223695 -0.00037219 0.00403781
v -0.02199526 -0.00201516 -0.00226634
v -0.02199273 -0.00214593 -0.00172738
v -0.02199083 -0.00224233 -0.00117684
v -0.02198962 -0.00230195 -0.00062008
v -0.02198920 -0.00232237 -0.00006245
v -0.02198962 -0.00230196 0.00049518
v -0.02199082 -0.00224234 0.00105194
v -0.02211085 0.00419150 -0.00328812
v -0.02210490 0.00397222 -0.00376021
v -0.02209853 0.00372827 -0.00419930
v -0.02209188 0.00346224 -0.00460029
v -0.02208509 0.00317742 -0.00495906
v -0.02207831 0.00287724 -0.00527174
v -0.02207165 0.00256514 -0.00553447
v -0.02206527 0.00224454 -0.00574357
v -0.02205925 0.00191883 -0.00589621
v -0.02205381 0.00159141 -0.00598972
v -0.02204902 0.00126563 -0.00602148
v -0.02184807 0.00112648 -0.00638675
v -0.02173173 0.00068947 -0.00651764
v -0.02131986 0.00129833 -0.00699980
v -0.02105856 0.00079322 -0.00726156
v -0.02076497 0.00025013 -0.00743618
v -0.02167740 -0.00283067 0.00175323
v -0.02167541 -0.00293981 0.00115306
v -0.02167415 -0.00300725 0.00054589
v -0.02167371 -0.00303033 -0.00006244
v -0.02167416 -0.00300724 -0.00067078
v -0.02167540 -0.00293980 -0.00127795
v -0.02167739 -0.00283065 -0.00187814
v -0.02168005 -0.00268247 -0.00246552
v -0.02168329 -0.00249795 -0.00303428
v -0.02168707 -0.00227973 -0.00357860
v -0.02169129 -0.00203049 -0.00409266
v -0.02169585 -0.00175292 -0.00457065
v -0.02170072 -0.00144987 -0.00500702
v -0.02170579 -0.00112505 -0.00539732
v -0.02171102 -0.00078236 -0.00573738
v -0.02171629 -0.00042570 -0.00602300
v -0.02172156 -0.00005894 -0.00625025
v -0.02130004 -0.00037787 -0.00671400
v -0.02129481 -0.00078735 -0.00647086
v -0.02128957 -0.00118506 -0.00616502
v -0.02128440 -0.00156669 -0.00580065
v -0.02127936 -0.00192794 -0.00538215
v -0.02127455 -0.00226451 -0.00491394
v -0.02127001 -0.00257233 -0.00440074
v -0.02126585 -0.00284832 -0.00384844
v -0.02126209 -0.00308964 -0.00326329
v -0.02125886 -0.00329345 -0.00265151
v -0.02125624 -0.00345690 -0.00201930
v -0.02125426 -0.00357718 -0.00137291
v -0.02125301 -0.00365143 -0.00071855
v -0.02125260 -0.00367681 -0.00006244
v -0.02125301 -0.00365144 0.00059367
v -0.02125426 -0.00357720 0.00124802
v -0.02125623 -0.00345693 0.00189441
v -0.02178853 0.00387983 0.00444557
v -0.02209853 0.00372824 0.00407421
v -0.02178154 0.00357688 0.00488200
v -0.02209189 0.00346229 0.00447526
v -0.02177443 0.00325217 0.00527237
v -0.02208509 0.00317756 0.00483409
v -0.02176731 0.00290958 0.00561249
v -0.02207832 0.00287747 0.00514684
v -0.02176029 0.00255299 0.00589816
v -0.02207165 0.00256543 0.00540960
v -0.02175358 0.00218627 0.00612540
v -0.02206527 0.00224485 0.00561871
v -0.02174731 0.00181324 0.00629121
v -0.02205926 0.00191912 0.00577132
v -0.02174155 0.00143772 0.00639276
v -0.02205380 0.00159160 0.00586484
v -0.02173652 0.00106354 0.00642729
v -0.02204901 0.00126568 0.00589663
v -0.02173176 0.00068939 0.00639287
v -0.02204445 0.00093977 0.00586493
v -0.02172674 0.00031391 0.00629136
v -0.02203968 0.00061228 0.00577146
v -0.02172156 -0.00005910 0.00612558
v -0.02203476 0.00028658 0.00561886
v -0.02171629 -0.00042583 0.00589834
v -0.02202975 -0.00003400 0.00540976
v -0.02171102 -0.00078247 0.00561269
v -0.02202470 -0.00034609 0.00514701
v -0.02170580 -0.00112514 0.00527259
v -0.02201975 -0.00064625 0.00483429
v -0.02170072 -0.00144994 0.00488223
v -0.02201491 -0.00093106 0.00447547
v -0.02169584 -0.00175298 0.00444581
v -0.02201030 -0.00119707 0.00407443
v -0.02169128 -0.00203054 0.00396778
v -0.02200595 -0.00144101 0.00363530
v -0.02168707 -0.00227977 0.00345370
v -0.02200192 -0.00166030 0.00316319
v -0.02168331 -0.00249798 0.00290937
v -0.02076025 -0.00021185 -0.00732175
v -0.02075541 -0.00066946 -0.00713461
v -0.02075046 -0.00111812 -0.00687769
v -0.02074550 -0.00155327 -0.00655420
v -0.02074062 -0.00197024 -0.00616843
v -0.02073589 -0.00236438 -0.00572496
v -0.02073132 -0.00273103 -0.00522836
v -0.02072702 -0.00306581 -0.00468355
v -0.02072309 -0.00336547 -0.00409676
v -0.02071956 -0.00362710 -0.00347455
v -0.02071651 -0.00384775 -0.00282351
v -0.02071403 -0.00402448 -0.00215021
v -0.02071215 -0.00415436 -0.00146122
v -0.02071097 -0.00423445 -0.00076310
v -0.02071057 -0.00426180 -0.00006243
v -0.02071097 -0.00423446 0.00063823
v -0.02071213 -0.00415439 0.00133634
v -0.02081816 0.00415481 0.00510326
v -0.02136645 0.00402228 0.00478885
v -0.02081164 0.00378829 0.00559993
v -0.02135954 0.00368582 0.00525713
v -0.02080495 0.00339430 0.00604349
v -0.02135247 0.00332469 0.00567571
v -0.02079827 0.00297747 0.00642934
v -0.02134540 0.00294319 0.00604015
v -0.02079173 0.00254243 0.00675288
v -0.02133847 0.00254558 0.00634603
v -0.02078544 0.00209381 0.00700979
v -0.02133180 0.00213613 0.00658917
v -0.02077952 0.00163616 0.00719691
v -0.02132556 0.00171908 0.00676644
v -0.02077415 0.00117404 0.00731134
v -0.02131985 0.00129862 0.00687494
v -0.02076943 0.00071201 0.00735018
v -0.02131488 0.00087899 0.00691180
v -0.02076495 0.00025000 0.00731146
v -0.02131015 0.00045938 0.00687506
v -0.02076025 -0.00021206 0.00719710
v -0.02130515 0.00003896 0.00676661
v -0.02075539 -0.00066968 0.00701000
v -0.02130003 -0.00037806 0.00658936
v -0.02075046 -0.00111831 0.00675309
v -0.02129479 -0.00078752 0.00634623
v -0.02074551 -0.00155342 0.00642957
v -0.02128956 -0.00118519 0.00604036
v -0.02074063 -0.00197037 0.00604374
v -0.02128439 -0.00156680 0.00567594
v -0.02073587 -0.00236449 0.00560021
v -0.02127937 -0.00192803 0.00525738
v -0.02073130 -0.00273112 0.00510355
v -0.02127455 -0.00226458 0.00478912
v -0.02072704 -0.00306587 0.00455869
v -0.02127001 -0.00257239 0.00427587
v -0.02072308 -0.00336553 0.00397188
v -0.02126583 -0.00284837 0.00372355
v -0.02071956 -0.00362715 0.00334967
v -0.02126211 -0.00308968 0.00313839
v -0.02071649 -0.00384779 0.00269862
v -0.02125888 -0.00329348 0.00252660
v -0.02071402 -0.00402452 0.00202533
v -0.00787501 0.00258141 -0.00863640
v -0.00787499 0.00219794 -0.00883603
v -0.00787499 0.00195775 -0.00894294
v -0.00787501 0.00117987 -0.00919962
v -0.00787500 0.00066125 -0.00929856
v -0.00787499 0.00022448 -0.00933854
v -0.00787500 -0.00258180 0.00851203
v -0.00787500 -0.00237436 0.00862457
v -0.00787500 -0.00195820 0.00881855
v -0.00787499 -0.00136138 0.00902725
v -0.00787500 -0.00066149 0.00917401
v -0.00787500 -0.00033393 0.00920761
v -0.02044570 0.00063501 -0.00767685
v -0.02008555 0.00056250 -0.00786719
v -0.02045022 0.00111674 -0.00763719
v -0.02249999 0.00134135 0.00184073
v -0.02250000 0.00128512 0.00156280
v -0.02250000 0.00119307 0.00089536
v -0.02250001 0.00115204 0.00024547
v -0.02250001 0.00114758 -0.00006304
v -0.02250000 0.00119004 -0.00099086
v -0.02250000 0.00134060 -0.00196852
v -0.02249999 0.00136516 -0.00207695
v -0.02250001 0.00164483 -0.00287338
v -0.02250001 0.00152819 0.00248043
v -0.02249999 0.00164460 0.00274916
v -0.02250001 0.00179581 0.00300679
v -0.02250000 0.00146434 -0.00243173
v -0.02250000 0.00210842 -0.00340520
v -0.02249999 0.00212465 -0.00341154
v -0.02250001 0.00230538 -0.00343262
v -0.02249999 0.00191195 -0.00326918
v -0.02249999 0.00176271 -0.00308189
v -0.02250000 0.00195692 0.00318469
v -0.02249999 0.00210853 0.00328000
v -0.02250000 0.00216702 0.00329953
v -0.00787500 -0.00573554 0.00106250
v -0.00787500 -0.00573554 -0.00118750
v -0.00787499 -0.00425000 0.00106250
v -0.00787499 -0.00425000 -0.00118750
v -0.00765699 -0.00456136 -0.00690393
v -0.00712274 -0.00532435 -0.00576730
v -0.00623514 -0.00659198 0.00193398
v -0.00683482 -0.00573554 0.00106250
v -0.00647637 -0.00624747 0.00345159
v -0.00731526 -0.00504938 0.00609686
v -0.00684182 -0.00572555 0.00485312
v -0.00612940 -0.00674297 0.00036119
v -0.00616546 -0.00669148 -0.00128199
v -0.00683482 -0.00573554 -0.00118750
v -0.00635251 -0.00642436 -0.00291045
v -0.00667855 -0.00595871 -0.00442285
v -0.00488861 -0.00079286 0.00769752
v -0.00484300 -0.00059447 0.00774814
v -0.00484748 -0.00364846 0.00774615
v -0.00621281 -0.00524726 0.00577579
v -0.00621284 -0.00270339 0.00577579
v -0.00586509 -0.00485640 0.00638359
v -0.00584483 -0.00483334 0.00641626
v -0.00563103 -0.00458797 0.00674521
v -0.00599531 -0.00255881 0.00616779
v -0.00593054 -0.00250597 0.00627714
v -0.00554405 -0.00209980 0.00687103
v -0.00546059 -0.00198958 0.00698768
v -0.00533290 -0.00180144 0.00715920
v -0.00515448 -0.00148851 0.00738574
v -0.00563012 -0.00220423 0.00674672
v -0.00515918 -0.00403087 0.00738216
v -0.00516639 -0.00403957 0.00737324
v -0.00577133 -0.00235764 0.00653326
v -0.00552403 -0.00446348 0.00689992
v -0.00505607 -0.00127834 0.00750459
v -0.00499684 -0.00113142 0.00757410
v -0.00443059 -0.00311329 0.00817259
v -0.00447403 -0.00317119 0.00813070
v -0.00480895 -0.00360033 0.00778827
v -0.00482207 -0.00047613 0.00777110
v -0.00398498 0.00000000 0.00856096
v -0.00481664 -0.00044022 0.00777702
v -0.00478694 -0.00011261 0.00780928
v -0.00453663 0.00000000 0.00806254
v -0.00478594 -0.00000000 0.00781250
v -0.00346049 -0.00158600 0.00895891
v -0.00371156 -0.00204772 0.00878136
v -0.00387652 0.00000000 0.00864840
v -0.00384563 -0.00226766 0.00867932
v -0.00398598 -0.00248494 0.00856693
v -0.00404652 -0.00257528 0.00851671
v -0.00308372 -0.00045555 0.00919759
v -0.00319907 -0.00000000 0.00912476
v -0.00306880 -0.00035060 0.00920623
v -0.00304710 -0.00000000 0.00921875
v -0.00314726 -0.00075779 0.00916008
v -0.00327759 -0.00116630 0.00907915
v -0.00335091 -0.00134805 0.00903178
v -0.00621281 -0.00277788 0.00543997
v -0.00621283 -0.00564449 0.00502728
v -0.00621281 -0.00574605 0.00480769
v -0.00621283 -0.00566067 0.00492332
v -0.00621282 -0.00281250 0.00500000
v -0.00621282 -0.00536908 0.00500000
v -0.00621284 -0.00551280 0.00499875
v -0.00621282 -0.00270339 -0.00590079
v -0.00621284 -0.00277787 -0.00556497
v -0.00621282 -0.00524726 -0.00590079
v -0.00621281 -0.00281250 -0.00512500
v -0.00621281 -0.00536908 -0.00512500
v -0.00621284 -0.00551280 -0.00512375
v -0.00621282 -0.00568129 -0.00507426
v -0.00621281 -0.00566067 -0.00504832
v -0.00621282 -0.00574605 -0.00493269
v -0.00348765 -0.00164134 -0.00906518
v -0.00347233 -0.00161071 -0.00907564
v -0.00369767 0.00000000 -0.00891585
v -0.00329854 -0.00121986 -0.00919093
v -0.00315682 -0.00079250 -0.00927956
v -0.00312275 -0.00065521 -0.00929993
v -0.00307447 -0.00039266 -0.00932803
v -0.00304711 0.00000000 -0.00934375
v -0.00376532 -0.00213730 -0.00886620
v -0.00370120 -0.00000000 -0.00891324
v -0.00403753 -0.00256122 -0.00864967
v -0.00432965 -0.00000000 -0.00839252
v -0.00408100 -0.00262527 -0.00861302
v -0.00481672 -0.00044058 -0.00790194
v -0.00486310 -0.00068897 -0.00785091
v -0.00463953 -0.00338619 -0.00809140
v -0.00464157 0.00000000 -0.00808869
v -0.00478596 0.00000000 -0.00793750
v -0.00480621 -0.00036088 -0.00791339
v -0.00443807 -0.00312282 -0.00829076
v -0.00496170 -0.00103390 -0.00773969
v -0.00505587 -0.00127790 -0.00762980
v -0.00509368 -0.00136290 -0.00758463
v -0.00526824 -0.00169586 -0.00736799
v -0.00546031 -0.00198924 -0.00711311
v -0.00469741 -0.00346027 -0.00803145
v -0.00546466 -0.00199525 -0.00710709
v -0.00481365 -0.00360714 -0.00790736
v -0.00548979 -0.00202926 -0.00707230
v -0.00519375 -0.00407287 -0.00746381
v -0.00568499 -0.00226635 -0.00679021
v -0.00548989 -0.00442354 -0.00707294
v -0.00537756 -0.00429149 -0.00722645
v -0.00591168 -0.00248986 -0.00643338
v -0.00593049 -0.00250600 -0.00640224
v -0.00558405 -0.00453338 -0.00693901
v -0.00613372 -0.00265680 -0.00604806
v -0.00596006 -0.00496385 -0.00635194
v -0.00603416 -0.00504727 -0.00622514
v -0.00242896 -0.00550894 0.00499961
v -0.00211972 -0.00544490 0.00500706
v -0.00171624 -0.00536907 0.00500000
v -0.00319010 -0.00574604 0.00480769
v -0.00318241 -0.00573235 0.00483489
v -0.00313988 -0.00570602 0.00487484
v -0.00297449 -0.00564570 0.00493571
v -0.00266714 -0.00556346 0.00498297
v -0.00301173 -0.00565737 -0.00505118
v -0.00308232 -0.00568183 -0.00502805
v -0.00319011 -0.00574604 -0.00493269
v -0.00318808 -0.00573930 -0.00494684
v -0.00317053 -0.00572294 -0.00497563
v -0.00287512 -0.00561686 -0.00508088
v -0.00239818 -0.00550247 -0.00512593
v -0.00171623 -0.00536908 -0.00512500
v -0.00675001 -0.00342839 0.00303125
v -0.00674999 -0.00020978 0.00303125
v -0.00679261 -0.00350655 0.00303125
v -0.00680558 -0.00020978 0.00303125
v -0.00683531 -0.00358478 0.00303125
v -0.00687500 -0.00358478 0.00303125
v -0.00674999 -0.00018956 0.00303125
v -0.00675000 0.00037295 0.00303125
v -0.00687500 0.00032745 0.00303125
v -0.00000001 -0.00070312 0.00516875
v -0.00000001 -0.00070312 -0.00529375
v -0.00035156 -0.00060892 0.00516875
v -0.00035155 -0.00060893 -0.00529375
v -0.00060891 -0.00035156 0.00516875
v -0.00060891 -0.00035156 -0.00529375
v -0.00070312 -0.00000000 0.00516875
v -0.00070311 -0.00000000 -0.00529375
v -0.00060892 0.00035156 0.00516875
v -0.00060892 0.00035156 -0.00529375
v -0.00035155 0.00060892 0.00516875
v -0.00035155 0.00060892 -0.00529375
v -0.00000000 0.00070313 0.00516875
v -0.00000000 0.00070313 -0.00529375
v 0.00035157 0.00060892 0.00516875
v 0.00035157 0.00060892 -0.00529375
v 0.00060893 0.00035156 0.00516875
v 0.00060893 0.00035156 -0.00529375
v 0.00070313 -0.00000000 0.00516875
v 0.00070313 -0.00000000 -0.00529375
v 0.00060894 -0.00035156 0.00516875
v 0.00060891 -0.00035156 -0.00529375
v 0.00035156 -0.00060892 0.00516875
v 0.00035157 -0.00060892 -0.00529375
v -0.00675001 -0.00020978 -0.00315625
v -0.00680557 -0.00020978 -0.00315625
v -0.00674999 0.00037295 -0.00315625
v -0.00687500 0.00032745 -0.00315625
v -0.00319010 -0.00662685 0.00170227
v -0.00528646 -0.00662668 0.00170351
v -0.00524102 -0.00663197 0.00162404
v -0.00519553 -0.00662534 0.00153750
v -0.00319009 -0.00662668 0.00153750
v 0.00000000 -0.00503095 -0.00512500
v 0.00000001 -0.00541308 -0.00426366
v -0.00006515 -0.00593095 -0.00259375
v -0.00009014 -0.00607406 -0.00183100
v -0.00319008 -0.00662668 -0.00182851
v -0.00319010 -0.00653075 -0.00240879
v -0.00319010 -0.00645647 -0.00276970
v -0.00319010 -0.00590622 -0.00455582
v -0.00310093 -0.00570176 -0.00499217
v -0.00319011 -0.00618171 -0.00378998
v -0.00000000 -0.00567124 -0.00351468
v -0.00000001 -0.00572338 -0.00333799
v 0.00001254 -0.00591918 -0.00259375
v -0.00319010 -0.00662668 -0.00166250
v -0.00519555 -0.00662534 -0.00166250
v -0.00524104 -0.00663196 -0.00174904
v -0.00528647 -0.00662668 -0.00182851
v -0.00009081 -0.00608013 -0.00175000
v -0.00009577 -0.00607406 -0.00166250
v -0.00164301 -0.00634976 -0.00166250
v -0.00506480 -0.00662660 -0.00063019
v -0.00505270 -0.00662672 -0.00006250
v -0.00505479 -0.00666065 -0.00006250
v -0.00509305 -0.00662646 0.00091864
v -0.00509181 -0.00665563 0.00080114
v -0.00505658 -0.00662666 0.00026553
v -0.00519729 -0.00662668 0.00153750
v -0.00516009 -0.00671283 0.00082676
v -0.00518981 -0.00662649 0.00151086
v -0.00512459 -0.00669328 0.00082788
v -0.00515854 -0.00662631 0.00138036
v -0.00510136 -0.00666779 0.00082773
v -0.00508493 -0.00662661 -0.00095132
v -0.00510134 -0.00666779 -0.00095273
v -0.00511977 -0.00662629 -0.00127559
v -0.00512457 -0.00669328 -0.00095288
v -0.00518828 -0.00662649 -0.00163026
v -0.00516008 -0.00671283 -0.00095176
v -0.00519730 -0.00662668 -0.00166250
v -0.00519666 -0.00671730 -0.00097163
v -0.00519516 -0.00671884 -0.00094974
v -0.00516469 -0.00674956 -0.00006250
v -0.00519516 -0.00671884 0.00082474
v -0.00517977 -0.00673436 0.00056191
v -0.00512952 -0.00674369 -0.00006250
v -0.00509392 -0.00672422 -0.00006250
v -0.00507062 -0.00669874 -0.00006250
v -0.00508340 -0.00662662 -0.00093275
v -0.00319010 -0.00645647 0.00264470
v -0.00319010 -0.00655776 0.00213678
v -0.00009015 -0.00607405 0.00170599
v -0.00085788 -0.00520030 0.00500000
v -0.00319011 -0.00590622 0.00443083
v -0.00006515 -0.00593094 0.00246875
v -0.00000001 -0.00591919 0.00246875
v -0.00000000 -0.00565429 0.00346371
v -0.00000001 -0.00503095 0.00500000
v 0.00000001 -0.00530756 0.00440474
v -0.00319010 -0.00618608 0.00365124
v 0.00000024 -0.00598891 0.00162500
v 0.00000110 -0.00598399 0.00168980
v -0.00000992 -0.00601603 0.00169498
v -0.00001075 -0.00602129 0.00162500
v -0.00003009 -0.00604333 0.00169969
v -0.00003094 -0.00604884 0.00162500
v -0.00005768 -0.00606327 0.00170347
v -0.00005850 -0.00606902 0.00162500
v -0.00009081 -0.00608013 0.00162500
v -0.00005845 -0.00606908 -0.00175000
v -0.00006798 -0.00606523 -0.00166252
v -0.00003094 -0.00604884 -0.00175000
v -0.00002730 -0.00603255 -0.00166254
v -0.00001080 -0.00602124 -0.00175000
v 0.00000025 -0.00598891 -0.00175000
v -0.00000586 -0.00598395 -0.00166250
v 0.00000111 -0.00598399 -0.00181480
v -0.00000992 -0.00601603 -0.00181998
v -0.00003008 -0.00604333 -0.00182469
v -0.00005768 -0.00606327 -0.00182848
v -0.00000094 -0.00589472 -0.00259375
v 0.00000441 -0.00588832 -0.00259375
v 0.00000001 -0.00591919 -0.00244361
v -0.00002636 -0.00591608 -0.00259375
v -0.00001033 -0.00590415 -0.00259375
v 0.00001254 -0.00591918 -0.00219584
v -0.00675000 -0.00379212 -0.00175000
v -0.00675001 -0.00358478 -0.00175000
v -0.00675001 -0.00368541 -0.00227155
v -0.00675000 -0.00358478 -0.00266072
v -0.00675001 -0.00018955 -0.00315625
v -0.00675001 -0.00329316 0.00339059
v -0.00675000 -0.00238240 0.00500000
v -0.00675000 0.00238240 0.00500000
v -0.00675001 -0.00264207 0.00463934
v -0.00675000 -0.00288756 0.00423777
v -0.00675000 -0.00279492 -0.00452220
v -0.00675000 -0.00302899 -0.00409799
v -0.00675000 -0.00319643 -0.00374445
v -0.00675001 -0.00342839 -0.00315625
v -0.00675000 0.00390569 0.00073194
v -0.00675001 0.00393537 0.00014330
v -0.00675001 0.00393726 -0.00013111
v -0.00675001 0.00391582 -0.00071877
v -0.00675001 0.00385985 -0.00130030
v -0.00675001 0.00361391 0.00243024
v -0.00675000 0.00374368 0.00188080
v -0.00675000 0.00384139 0.00131322
v -0.00675000 0.00377054 -0.00186879
v -0.00675000 0.00364910 -0.00242047
v -0.00675001 0.00349769 -0.00294946
v -0.00674999 0.00305679 0.00391755
v -0.00674999 0.00326759 0.00345311
v -0.00675000 0.00345444 0.00295561
v -0.00675000 0.00331849 -0.00345209
v -0.00675001 0.00311393 -0.00392470
v -0.00675001 0.00288756 -0.00436278
v -0.00675000 0.00282515 0.00434629
v -0.00675001 0.00264207 -0.00476435
v -0.00674999 0.00238240 -0.00512500
v -0.00674999 -0.00238240 -0.00512500
v -0.00675001 -0.00254428 -0.00490709
v -0.00675000 -0.00379212 0.00162500
v -0.00675000 -0.00373459 0.00192486
v -0.00675001 -0.00358478 0.00162500
v -0.00674999 -0.00360302 0.00247026
v -0.00675001 -0.00358478 0.00253573
v 0.00001252 -0.00591918 0.00162500
v 0.00001253 -0.00591918 0.00207084
v 0.00539406 -0.00115954 0.00246875
v 0.00539405 0.00000000 0.00246875
v 0.00524143 -0.00114478 0.00301359
v 0.00525160 0.00000000 0.00298093
v 0.00505432 -0.00112174 0.00356314
v 0.00492327 0.00000000 0.00389848
v 0.00483787 -0.00108759 0.00409961
v 0.00459344 -0.00000000 0.00462031
v 0.00459342 -0.00103911 0.00462032
v 0.00449702 -0.00099479 0.00481163
v 0.00440210 0.00000000 0.00500000
v 0.00440211 -0.00093682 0.00500000
v 0.00539406 0.00000000 -0.00259375
v 0.00539407 -0.00115954 -0.00259375
v 0.00531586 0.00000000 -0.00288730
v 0.00524270 -0.00114492 -0.00313449
v 0.00499698 -0.00000000 -0.00383947
v 0.00459344 -0.00103912 -0.00474531
v 0.00459343 0.00000000 -0.00474531
v 0.00483842 -0.00108769 -0.00422331
v 0.00505529 -0.00112188 -0.00368547
v 0.00440212 -0.00093682 -0.00512500
v 0.00440211 -0.00000000 -0.00512500
v 0.00449702 -0.00099479 -0.00493663
v 0.00000001 0.00440210 -0.00512500
v 0.00000001 0.00459343 -0.00474531
v 0.00097957 0.00429173 -0.00512500
v 0.00065372 0.00454668 -0.00474531
v 0.00102214 0.00447826 -0.00474531
v 0.00129411 0.00440737 -0.00474531
v 0.00191000 0.00396616 -0.00512500
v 0.00190817 0.00417833 -0.00474531
v 0.00274467 0.00344171 -0.00512500
v 0.00248341 0.00386424 -0.00474531
v 0.00347148 0.00300806 -0.00474531
v 0.00344171 0.00274467 -0.00512500
v 0.00300805 0.00347149 -0.00474531
v 0.00286396 0.00359129 -0.00474531
v 0.00359128 0.00286396 -0.00474531
v 0.00386424 0.00248340 -0.00474531
v 0.00396617 0.00191000 -0.00512500
v 0.00417834 0.00190818 -0.00474531
v 0.00429175 0.00097956 -0.00512500
v 0.00440738 0.00129412 -0.00474531
v 0.00454668 0.00065371 -0.00474531
v 0.00447827 0.00102213 -0.00474531
v 0.00429174 0.00097956 0.00500000
v 0.00454668 0.00065371 0.00462031
v 0.00447827 0.00102213 0.00462031
v 0.00440736 0.00129412 0.00462031
v 0.00396616 0.00191000 0.00500000
v 0.00417832 0.00190818 0.00462031
v 0.00344170 0.00274467 0.00500000
v 0.00386424 0.00248340 0.00462031
v 0.00300806 0.00347148 0.00462031
v 0.00274466 0.00344171 0.00500000
v 0.00347149 0.00300806 0.00462031
v 0.00359129 0.00286396 0.00462031
v 0.00286397 0.00359129 0.00462031
v 0.00248339 0.00386424 0.00462031
v 0.00191000 0.00396616 0.00500000
v 0.00190818 0.00417833 0.00462031
v 0.00097956 0.00429174 0.00500000
v 0.00129412 0.00440736 0.00462031
v -0.00000001 0.00459343 0.00462031
v 0.00000000 0.00440211 0.00500000
v 0.00065370 0.00454668 0.00462031
v 0.00102215 0.00447826 0.00462031
v 0.00487317 0.00070065 0.00389848
v 0.00519817 0.00074738 0.00298092
v 0.00503887 0.00147955 0.00298093
v 0.00526176 0.00075653 -0.00288730
v 0.00479455 0.00140781 -0.00383947
v 0.00071113 0.00494612 -0.00383947
v 0.00556496 0.00125961 -0.00019764
v 0.00542852 0.00170630 -0.00064376
v 0.00556589 0.00125944 -0.00006250
v 0.00547465 0.00160750 0.00006928
v 0.00556495 0.00125961 0.00007264
v 0.00552554 0.00141031 0.00022321
v 0.00537763 0.00183569 0.00064810
v 0.00519015 0.00237026 0.00006928
v 0.00517811 0.00224947 0.00106250
v 0.00513590 0.00234549 0.00105772
v 0.00513777 0.00224947 0.00136210
v 0.00526975 0.00115126 0.00246875
v 0.00517557 0.00151968 0.00246875
v 0.00490661 0.00224077 0.00246875
v 0.00533916 0.00076765 0.00246875
v 0.00490262 0.00224947 -0.00259375
v 0.00490661 0.00224077 -0.00259375
v 0.00483547 0.00220829 -0.00288730
v 0.00517555 0.00151968 -0.00259375
v 0.00510053 0.00149765 -0.00288730
v 0.00526976 0.00115126 -0.00259375
v 0.00533917 0.00076765 -0.00259375
v 0.00447199 0.00287397 -0.00288730
v 0.00466129 0.00299562 -0.00191231
v 0.00500400 0.00224947 -0.00219217
v 0.00508750 0.00224947 -0.00178750
v 0.00504016 0.00230176 -0.00191231
v 0.00513775 0.00224947 -0.00148710
v 0.00515845 0.00235578 -0.00092374
v 0.00517811 0.00224947 -0.00118750
v 0.00523293 0.00214700 -0.00108491
v -0.00000000 0.00499698 -0.00383947
v 0.00140781 0.00479457 -0.00383947
v 0.00327231 0.00377647 -0.00383947
v 0.00377645 0.00327233 -0.00383947
v 0.00454540 0.00207582 -0.00383947
v 0.00420373 0.00270157 -0.00383947
v 0.00494610 0.00071115 -0.00383947
v -0.00000001 0.00531587 -0.00288730
v 0.00075652 0.00526176 -0.00288730
v -0.00000001 0.00554088 -0.00191231
v 0.00078856 0.00548447 -0.00191231
v 0.00000001 0.00567090 -0.00092374
v 0.00080705 0.00561318 -0.00092374
v 0.00000001 0.00570577 0.00006928
v 0.00081201 0.00564769 0.00006928
v 0.00149766 0.00510054 -0.00288730
v 0.00156106 0.00531643 -0.00191231
v 0.00159768 0.00544119 -0.00092374
v 0.00160749 0.00547465 0.00006928
v 0.00159069 0.00541743 0.00105772
v 0.00207582 0.00454541 -0.00383947
v 0.00220830 0.00483548 -0.00288730
v 0.00230176 0.00504016 -0.00191231
v 0.00235577 0.00515844 -0.00092374
v 0.00237026 0.00519015 0.00006928
v 0.00234549 0.00513590 0.00105772
v 0.00228220 0.00499731 0.00203135
v 0.00270156 0.00420373 -0.00383947
v 0.00287397 0.00447199 -0.00288730
v 0.00299562 0.00466128 -0.00191231
v 0.00306593 0.00477067 -0.00092374
v 0.00308478 0.00480000 0.00006928
v 0.00305253 0.00474983 0.00105772
v 0.00297017 0.00462166 0.00203135
v 0.00283922 0.00441794 0.00298093
v 0.00477067 0.00306592 -0.00092374
v 0.00480000 0.00308477 0.00006928
v 0.00474983 0.00305253 0.00105772
v 0.00499732 0.00228220 0.00203135
v 0.00462165 0.00297016 0.00203135
v 0.00348117 0.00401746 -0.00288730
v 0.00362851 0.00418751 -0.00191231
v 0.00371366 0.00428578 -0.00092374
v 0.00373648 0.00431213 0.00006928
v 0.00369744 0.00426706 0.00105772
v 0.00359765 0.00415192 0.00203135
v 0.00343907 0.00396891 0.00298093
v 0.00322407 0.00372076 0.00389848
v 0.00401745 0.00348116 -0.00288730
v 0.00418751 0.00362850 -0.00191231
v 0.00428578 0.00371365 -0.00092374
v 0.00431212 0.00373649 0.00006928
v 0.00426707 0.00369743 0.00105772
v 0.00415193 0.00359766 0.00203135
v 0.00441793 0.00283924 0.00298093
v 0.00396890 0.00343908 0.00298093
v -0.00000001 0.00525162 0.00298093
v -0.00000000 0.00492328 0.00389848
v 0.00074737 0.00519816 0.00298093
v 0.00070067 0.00487316 0.00389848
v 0.00138704 0.00472385 0.00389848
v 0.00472385 0.00138705 0.00389848
v 0.00477703 0.00218160 0.00298093
v 0.00447837 0.00204520 0.00389849
v 0.00414172 0.00266172 0.00389848
v 0.00372077 0.00322406 0.00389848
v 0.00000001 0.00549377 0.00203135
v 0.00078184 0.00543786 0.00203135
v 0.00147956 0.00503889 0.00298092
v 0.00204522 0.00447837 0.00389848
v -0.00000000 0.00564613 0.00105772
v 0.00080352 0.00558866 0.00105772
v 0.00154776 0.00527124 0.00203135
v 0.00218159 0.00477704 0.00298092
v 0.00266172 0.00414172 0.00389848
v 0.00508751 0.00224947 0.00166250
v 0.00500400 0.00224947 0.00206717
v 0.00490262 0.00224947 0.00246875
v 0.00490261 0.00224947 -0.00178750
v 0.00220692 -0.00482697 0.00440474
v 0.00149678 -0.00509214 0.00440474
v 0.00159457 -0.00542479 0.00346371
v 0.00141876 -0.00482666 0.00499995
v 0.00192777 -0.00464695 0.00500000
v 0.00226279 -0.00467851 0.00465665
v 0.00372408 -0.00452088 0.00274581
v 0.00342011 -0.00458255 0.00326930
v 0.00305968 -0.00475493 0.00346371
v 0.00304448 -0.00463735 0.00379353
v 0.00235108 -0.00514230 0.00346371
v 0.00258691 -0.00467654 0.00431886
v 0.00071669 -0.00497954 0.00499995
v 0.00075612 -0.00525343 0.00440474
v 0.00080549 -0.00559662 0.00346371
v 0.00001254 -0.00591918 0.00246875
v 0.00084320 -0.00585882 0.00246875
v 0.00106223 -0.00582310 0.00246875
v 0.00166926 -0.00567894 0.00246875
v 0.00207846 -0.00554228 0.00246875
v 0.00385923 -0.00448812 0.00246875
v 0.00320304 -0.00497768 0.00246875
v 0.00303084 -0.00508437 0.00246875
v 0.00246126 -0.00538322 0.00246875
v 0.00436865 -0.00146869 0.00499933
v 0.00211604 -0.00456337 0.00499986
v 0.00258163 -0.00430477 0.00499896
v 0.00268967 -0.00435428 0.00480481
v 0.00309525 -0.00397830 0.00490801
v 0.00300322 -0.00399288 0.00499861
v 0.00337534 -0.00363385 0.00499931
v 0.00345997 -0.00355600 0.00497817
v 0.00368600 -0.00324494 0.00500001
v 0.00428188 -0.00193295 0.00499865
v 0.00414217 -0.00238098 0.00499868
v 0.00421108 -0.00260415 0.00473297
v 0.00405203 -0.00259942 0.00499897
v 0.00397621 -0.00309071 0.00470955
v 0.00439393 -0.00209510 0.00472580
v 0.00452224 -0.00157097 0.00468819
v 0.00299182 -0.00434599 0.00445842
v 0.00336198 -0.00396776 0.00457115
v 0.00369189 -0.00354745 0.00465538
v 0.00395103 -0.00280812 0.00499937
v 0.00405613 -0.00418716 0.00282848
v 0.00539042 -0.00133813 0.00246875
v 0.00520903 -0.00162124 0.00303193
v 0.00536942 -0.00162258 0.00246875
v 0.00512850 -0.00209232 0.00303507
v 0.00527130 -0.00218745 0.00246875
v 0.00500116 -0.00255281 0.00302313
v 0.00517351 -0.00252947 0.00246875
v 0.00482841 -0.00299751 0.00299623
v 0.00496651 -0.00304373 0.00246875
v 0.00461164 -0.00342123 0.00295448
v 0.00478581 -0.00338262 0.00246875
v 0.00435311 -0.00381920 0.00289830
v 0.00448844 -0.00382300 0.00246875
v 0.00421198 -0.00414945 0.00246875
v 0.00478529 -0.00159911 0.00414518
v 0.00341970 -0.00430307 0.00391223
v 0.00375937 -0.00392660 0.00400982
v 0.00405896 -0.00351298 0.00408498
v 0.00431400 -0.00306733 0.00413644
v 0.00452141 -0.00259547 0.00416361
v 0.00467915 -0.00210390 0.00416652
v 0.00377127 -0.00424758 0.00336923
v 0.00408695 -0.00387486 0.00345262
v 0.00436321 -0.00346897 0.00351844
v 0.00459627 -0.00303455 0.00356568
v 0.00478353 -0.00257685 0.00359384
v 0.00492333 -0.00210163 0.00360285
v 0.00501412 -0.00161467 0.00359264
v 0.00071664 -0.00497933 -0.00512484
v 0.00077114 -0.00535787 -0.00426366
v 0.00237982 -0.00520515 -0.00333799
v 0.00161406 -0.00549109 -0.00333799
v 0.00152653 -0.00519337 -0.00426366
v 0.00106224 -0.00582310 -0.00259375
v 0.00084277 -0.00585889 -0.00259375
v 0.00081535 -0.00566501 -0.00333799
v 0.00166911 -0.00567898 -0.00259375
v 0.00207846 -0.00554228 -0.00259375
v 0.00246140 -0.00538315 -0.00259375
v 0.00303085 -0.00508438 -0.00259375
v 0.00309708 -0.00481304 -0.00333799
v 0.00320342 -0.00497744 -0.00259375
v 0.00372613 -0.00452044 -0.00286694
v 0.00385923 -0.00448812 -0.00259375
v 0.00192778 -0.00464695 -0.00512500
v 0.00226277 -0.00467851 -0.00478165
v 0.00225081 -0.00492294 -0.00426366
v 0.00258690 -0.00467654 -0.00444386
v 0.00304553 -0.00463724 -0.00391723
v 0.00141868 -0.00482645 -0.00512484
v 0.00342178 -0.00458227 -0.00339171
v 0.00342066 -0.00430295 -0.00403589
v 0.00405802 -0.00418673 -0.00294948
v 0.00421198 -0.00414948 -0.00259375
v 0.00435488 -0.00381881 -0.00301921
v 0.00448842 -0.00382299 -0.00259375
v 0.00461330 -0.00342089 -0.00307531
v 0.00478581 -0.00338263 -0.00259375
v 0.00482998 -0.00299725 -0.00311702
v 0.00496652 -0.00304373 -0.00259375
v 0.00500261 -0.00255263 -0.00314391
v 0.00517352 -0.00252946 -0.00259375
v 0.00527131 -0.00218745 -0.00259375
v 0.00512988 -0.00209224 -0.00315586
v 0.00529585 -0.00208029 -0.00259375
v 0.00521034 -0.00162127 -0.00315276
v 0.00539039 -0.00133812 -0.00259375
v 0.00377285 -0.00424730 -0.00349156
v 0.00408840 -0.00387460 -0.00357488
v 0.00436458 -0.00346875 -0.00364065
v 0.00459753 -0.00303438 -0.00368787
v 0.00478468 -0.00257675 -0.00371603
v 0.00492444 -0.00210161 -0.00372506
v 0.00501516 -0.00161472 -0.00371490
v 0.00376025 -0.00392648 -0.00413344
v 0.00405979 -0.00351289 -0.00420858
v 0.00431477 -0.00306726 -0.00426002
v 0.00452210 -0.00259544 -0.00428721
v 0.00467982 -0.00210391 -0.00429014
v 0.00478588 -0.00159916 -0.00426883
v 0.00452223 -0.00157097 -0.00481320
v 0.00439392 -0.00209510 -0.00485080
v 0.00421107 -0.00260415 -0.00485797
v 0.00397620 -0.00309071 -0.00483455
v 0.00369189 -0.00354745 -0.00478039
v 0.00336198 -0.00396776 -0.00469615
v 0.00299183 -0.00434599 -0.00458342
v 0.00378644 -0.00309404 -0.00512490
v 0.00401689 -0.00267566 -0.00512410
v 0.00418745 -0.00225487 -0.00512358
v 0.00430885 -0.00181705 -0.00512376
v 0.00436126 -0.00152383 -0.00512422
v 0.00438021 -0.00136820 -0.00512450
v 0.00348797 -0.00350430 -0.00512466
v 0.00345997 -0.00355600 -0.00510318
v 0.00315902 -0.00385388 -0.00512381
v 0.00309524 -0.00397830 -0.00503302
v 0.00302194 -0.00397693 -0.00512364
v 0.00278868 -0.00416220 -0.00512367
v 0.00268967 -0.00435428 -0.00492981
v 0.00238199 -0.00442535 -0.00512438
v -0.00404570 0.00566439 -0.00511030
v -0.00382346 0.00574884 -0.00509522
v -0.00256573 0.00565828 -0.00512323
v 0.00000000 0.00566711 -0.00512500
v -0.00171444 0.00563878 -0.00512500
v -0.00000001 0.00588930 -0.00509522
v -0.00172178 0.00586084 -0.00509522
v -0.00000000 0.00613805 -0.00498134
v -0.00173000 0.00610946 -0.00498134
v 0.00000001 0.00633730 -0.00479386
v -0.00173659 0.00630860 -0.00479386
v -0.00176117 0.00641918 -0.00459929
v -0.00000001 0.00644863 -0.00459929
v -0.00764368 0.00586562 -0.00465529
v -0.00766013 0.00588863 -0.00459929
v -0.00757646 0.00583655 -0.00472479
v -0.00605392 0.00609955 -0.00459929
v -0.00738948 0.00579745 -0.00481612
v -0.00596979 0.00599717 -0.00479385
v -0.00704677 0.00575745 -0.00490716
v -0.00647090 0.00571882 -0.00499290
v -0.00594715 0.00579921 -0.00498134
v -0.00554182 0.00568600 -0.00506416
v -0.00384170 0.00599692 -0.00498134
v -0.00391081 0.00630324 -0.00459929
v -0.00385632 0.00619563 -0.00479386
v -0.00263208 0.00562773 -0.00512455
v -0.00269684 0.00559698 -0.00512500
v 0.00000001 0.00644863 0.00447429
v -0.00000001 0.00672975 0.00371048
v -0.00000001 0.00706551 0.00247673
v 0.00000000 0.00726848 0.00121432
v -0.00000001 0.00733640 -0.00006250
v -0.00000001 0.00726849 -0.00133932
v -0.00000001 0.00706551 -0.00260173
v 0.00000001 0.00672975 -0.00383548
v -0.00000000 0.00633730 0.00466886
v -0.00000001 0.00613805 0.00485634
v -0.00000000 0.00588930 0.00497022
v -0.00000000 0.00566711 0.00500000
v -0.00767931 0.00606174 -0.00414553
v -0.00770580 0.00619954 -0.00373359
v -0.00608623 0.00637881 -0.00383548
v -0.00787499 0.00674810 -0.00044614
v -0.00615597 0.00698144 -0.00006250
v -0.00787499 0.00668878 -0.00130971
v -0.00614816 0.00691398 -0.00133932
v -0.00782378 0.00656980 -0.00219275
v -0.00612483 0.00671234 -0.00260173
v -0.00777674 0.00644516 -0.00282018
v -0.00776841 0.00642072 -0.00292595
v -0.00766561 0.00595497 -0.00443250
v -0.00176114 0.00641917 0.00447429
v -0.00177057 0.00670014 0.00371048
v -0.00178179 0.00703571 0.00247673
v -0.00178858 0.00723858 0.00121432
v -0.00179083 0.00730645 -0.00006250
v -0.00178857 0.00723857 -0.00133932
v -0.00178178 0.00703571 -0.00260173
v -0.00177055 0.00670014 -0.00383548
v -0.00608625 0.00637881 0.00371048
v -0.00769756 0.00616178 0.00372685
v -0.00605392 0.00609955 0.00447429
v -0.00766014 0.00588863 0.00447429
v -0.00612484 0.00671234 0.00247673
v -0.00775976 0.00639489 0.00290825
v -0.00773017 0.00629591 0.00328413
v -0.00614817 0.00691398 0.00121432
v -0.00782462 0.00657203 0.00205469
v -0.00779351 0.00649247 0.00247671
v -0.00787499 0.00675428 -0.00006250
v -0.00787498 0.00674452 0.00041954
v -0.00787501 0.00668878 0.00118471
v -0.00391081 0.00630324 0.00447429
v -0.00393168 0.00658358 0.00371048
v -0.00395661 0.00691841 0.00247673
v -0.00397168 0.00712083 0.00121432
v -0.00397672 0.00718856 -0.00006250
v -0.00397169 0.00712083 -0.00133932
v -0.00395661 0.00691841 -0.00260173
v -0.00393169 0.00658358 -0.00383548
v -0.00410595 0.00566470 0.00498473
v -0.00382340 0.00574884 0.00497022
v -0.00384165 0.00599693 0.00485634
v -0.00172178 0.00586085 0.00497022
v -0.00256573 0.00565828 0.00499823
v -0.00171442 0.00563878 0.00500000
v -0.00263168 0.00562791 0.00499955
v -0.00269685 0.00559698 0.00500000
v -0.00557429 0.00568661 0.00493780
v -0.00594707 0.00579923 0.00485634
v -0.00596967 0.00599717 0.00466886
v -0.00649393 0.00571994 0.00486539
v -0.00705528 0.00575821 0.00478043
v -0.00764372 0.00586578 0.00452986
v -0.00759419 0.00584239 0.00458582
v -0.00757278 0.00583551 0.00460212
v -0.00738512 0.00579676 0.00469269
v -0.00172998 0.00610946 0.00485634
v -0.00173656 0.00630860 0.00466886
v -0.00385626 0.00619564 0.00466886
v -0.00137552 -0.00029238 -0.00529375
v 0.00094097 -0.00104505 -0.00529375
v 0.00043456 -0.00133742 -0.00529375
v -0.00014699 -0.00139855 -0.00529375
v -0.00070312 -0.00121785 -0.00529375
v -0.00113767 -0.00082657 -0.00529375
v 0.00043455 0.00133742 -0.00529375
v 0.00094098 0.00104505 -0.00529375
v 0.00128466 0.00057198 -0.00529375
v 0.00140625 -0.00000000 -0.00529375
v 0.00128469 -0.00057198 -0.00529375
v -0.00140626 0.00000000 -0.00529375
v -0.00137551 0.00029237 -0.00529375
v -0.00113767 0.00082657 -0.00529375
v -0.00070314 0.00121785 -0.00529375
v -0.00014698 0.00139855 -0.00529375
v -0.00137551 0.00029237 0.00516875
v 0.00043455 0.00133742 0.00516875
v -0.00014699 0.00139855 0.00516875
v -0.00070314 0.00121785 0.00516875
v -0.00113768 0.00082657 0.00516875
v 0.00094097 -0.00104505 0.00516875
v 0.00128468 -0.00057198 0.00516875
v 0.00140625 0.00000000 0.00516875
v 0.00128466 0.00057198 0.00516875
v 0.00094097 0.00104505 0.00516875
v -0.00140624 -0.00000000 0.00516875
v -0.00137552 -0.00029238 0.00516875
v -0.00113768 -0.00082657 0.00516875
v -0.00070312 -0.00121785 0.00516875
v -0.00014699 -0.00139855 0.00516875
v 0.00043456 -0.00133742 0.00516875
v 0.00157499 0.00000000 0.00500000
v 0.00143884 -0.00064061 0.00500000
v 0.00105389 -0.00117045 0.00500000
v 0.00048670 -0.00149791 0.00500000
v -0.00016463 -0.00156637 0.00500000
v -0.00078751 -0.00136399 0.00500000
v -0.00127420 -0.00092576 0.00500000
v -0.00154060 -0.00032746 0.00500000
v -0.00157501 0.00000000 0.00500000
v -0.00154059 0.00032746 0.00500000
v -0.00127419 0.00092576 0.00500000
v -0.00078750 0.00136399 0.00500000
v -0.00016463 0.00156637 0.00500000
v 0.00048669 0.00149792 0.00500000
v 0.00105387 0.00117046 0.00500000
v 0.00143884 0.00064061 0.00500000
v -0.00687499 -0.00281250 -0.00512500
v -0.00687499 -0.00265407 -0.00512500
v -0.00681203 -0.00251796 -0.00512500
v 0.00048671 -0.00149792 -0.00512500
v 0.00105387 -0.00117045 -0.00512500
v -0.00687499 0.00265407 -0.00512500
v -0.00687499 0.00281250 -0.00512500
v -0.00681204 0.00251796 -0.00512500
v -0.00553978 0.00281250 -0.00512500
v -0.00511275 0.00352974 -0.00512500
v 0.00105388 0.00117045 -0.00512500
v -0.00340362 0.00519756 -0.00512500
v -0.00433906 0.00444654 -0.00512500
v 0.00143882 -0.00064061 -0.00512500
v 0.00143884 0.00064061 -0.00512500
v 0.00048670 0.00149791 -0.00512500
v -0.00016462 0.00156637 -0.00512500
v -0.00078749 0.00136399 -0.00512500
v -0.00127421 0.00092576 -0.00512500
v -0.00154059 0.00032746 -0.00512500
v 0.00157500 -0.00000000 -0.00512500
v -0.00016462 -0.00156637 -0.00512500
v -0.00078750 -0.00136399 -0.00512500
v -0.00127419 -0.00092576 -0.00512500
v -0.00154059 -0.00032746 -0.00512500
v -0.00157501 0.00000000 -0.00512500
v -0.00511270 0.00352971 -0.00590076
v -0.00520297 0.00339525 -0.00590076
v -0.00502856 0.00328144 -0.00627676
v -0.00433902 0.00444650 -0.00590077
v -0.00465966 0.00410928 -0.00590076
v -0.00450347 0.00397154 -0.00627676
v -0.00304826 0.00029551 -0.00933485
v -0.00305099 0.00054980 -0.00931291
v -0.00365910 0.00053261 -0.00891585
v -0.00401915 0.00473761 -0.00590077
v -0.00388443 0.00457880 -0.00627676
v -0.00332647 0.00524726 -0.00590079
v -0.00329205 0.00487805 -0.00647760
v -0.00355212 0.00418707 -0.00707130
v -0.00320090 0.00378396 -0.00774826
v -0.00321444 0.00395990 -0.00757882
v -0.00322150 0.00404949 -0.00748802
v -0.00325815 0.00449324 -0.00698864
v -0.00328114 0.00475693 -0.00664731
v -0.00310008 0.00215578 -0.00885767
v -0.00312472 0.00263976 -0.00860458
v -0.00324729 0.00286374 -0.00839251
v -0.00315088 0.00307552 -0.00832437
v -0.00369662 0.00326000 -0.00777843
v -0.00315399 0.00312304 -0.00829060
v -0.00479311 0.00036424 -0.00791382
v -0.00428449 0.00062364 -0.00839252
v -0.00479682 0.00044015 -0.00790289
v -0.00482214 0.00077024 -0.00782965
v -0.00503639 0.00185227 -0.00724088
v -0.00494224 0.00151772 -0.00749247
v -0.00472422 0.00140507 -0.00777843
v -0.00489216 0.00127723 -0.00763052
v -0.00498263 0.00230706 -0.00707130
v -0.00537557 0.00250633 -0.00640098
v -0.00527553 0.00236943 -0.00663973
v -0.00514842 0.00213704 -0.00695307
v -0.00508560 0.00198920 -0.00711287
v -0.00447257 0.00207090 -0.00777843
v -0.00306138 0.00107840 -0.00922453
v -0.00354423 0.00105412 -0.00891586
v -0.00414999 0.00123428 -0.00839251
v -0.00487135 0.00115513 -0.00768901
v -0.00306529 0.00122380 -0.00918993
v -0.00335543 0.00155364 -0.00891585
v -0.00392894 0.00181918 -0.00839251
v -0.00307757 0.00160716 -0.00907683
v -0.00309906 0.00213353 -0.00886793
v -0.00362591 0.00236613 -0.00839252
v -0.00412763 0.00269354 -0.00777843
v -0.00459835 0.00300070 -0.00707130
v -0.00542404 0.00256098 -0.00628756
v -0.00559383 0.00270339 -0.00590079
v -0.00411819 0.00363176 -0.00707130
v -0.00318815 0.00361301 -0.00790225
v -0.00555406 0.00278416 -0.00552343
v -0.00256757 0.00565745 -0.00512500
v -0.00293039 0.00547838 -0.00548459
v -0.00311476 0.00537568 -0.00567556
v -0.00679261 -0.00350655 -0.00315625
v -0.00687500 -0.00272110 -0.00503204
v -0.00687500 -0.00339447 -0.00383195
v -0.00687501 -0.00374858 -0.00287194
v -0.00683531 -0.00358478 -0.00315625
v -0.00679087 -0.00358478 -0.00290885
v -0.00687500 -0.00401184 -0.00175000
v -0.00687501 -0.00389618 -0.00232105
v -0.00687499 -0.00322211 -0.00419588
v -0.00687499 -0.00298057 -0.00463361
v -0.00555296 0.00278638 0.00538259
v -0.00553976 0.00281250 0.00500000
v -0.00511273 0.00352974 0.00500000
v -0.00340362 0.00519756 0.00500000
v -0.00278947 0.00555144 0.00521723
v -0.00256758 0.00565745 0.00500000
v -0.00331478 0.00525465 0.00576320
v -0.00332649 0.00524726 0.00577579
v -0.00433907 0.00444654 0.00500000
v -0.00401908 0.00473752 0.00577571
v -0.00433894 0.00444643 0.00577571
v -0.00465959 0.00410921 0.00577571
v -0.00511263 0.00352965 0.00577571
v -0.00520286 0.00339519 0.00577571
v -0.00559382 0.00270339 0.00577579
v -0.00488938 0.00127724 0.00750259
v -0.00492880 0.00147046 0.00739433
v -0.00434839 0.00129329 0.00806254
v -0.00316572 0.00046080 0.00912476
v -0.00305744 0.00091361 0.00913334
v -0.00305114 0.00056103 0.00918664
v -0.00305035 0.00050192 0.00919306
v -0.00311362 0.00243462 0.00859401
v -0.00310763 0.00231593 0.00865537
v -0.00324643 0.00211850 0.00864840
v -0.00310288 0.00221781 0.00870347
v -0.00351773 0.00162879 0.00864840
v -0.00307922 0.00165571 0.00893521
v -0.00316779 0.00333498 0.00800681
v -0.00316162 0.00324125 0.00807871
v -0.00340250 0.00300063 0.00806254
v -0.00313182 0.00276503 0.00840432
v -0.00379926 0.00247924 0.00806254
v -0.00322861 0.00417867 0.00722645
v -0.00322805 0.00417171 0.00723399
v -0.00333433 0.00393037 0.00738124
v -0.00319296 0.00370103 0.00769923
v -0.00386570 0.00340910 0.00738124
v -0.00330546 0.00504708 0.00610042
v -0.00326605 0.00462880 0.00669275
v -0.00369822 0.00435931 0.00661451
v -0.00544193 0.00258106 0.00611879
v -0.00478749 0.00312414 0.00661451
v -0.00537418 0.00250797 0.00627530
v -0.00518757 0.00240196 0.00661451
v -0.00528318 0.00238699 0.00649008
v -0.00494638 0.00154512 0.00734687
v -0.00503723 0.00186124 0.00710591
v -0.00467714 0.00216562 0.00738124
v -0.00508348 0.00199039 0.00698567
v -0.00514627 0.00213967 0.00682575
v -0.00411675 0.00190614 0.00806255
v -0.00448930 0.00065346 0.00806254
v -0.00479198 0.00041076 0.00777924
v -0.00479347 0.00043975 0.00777481
v -0.00482312 0.00081049 0.00768970
v -0.00487359 0.00118664 0.00754665
v -0.00428756 0.00378115 0.00661451
v -0.00431644 0.00281674 0.00738124
v -0.00383610 0.00055838 0.00864840
v -0.00371566 0.00110511 0.00864840
v -0.00306142 0.00108300 0.00909851
v -0.00307327 0.00148601 0.00899105
v -0.00687500 -0.00250595 -0.00640185
v -0.00687500 -0.00127685 -0.00763096
v -0.00687501 -0.00043997 -0.00790287
v -0.00687499 0.00127685 -0.00763096
v -0.00687500 0.00277787 -0.00556497
v -0.00687500 0.00250596 -0.00640185
v -0.00687499 0.00198874 -0.00711374
v -0.00687500 0.00043997 -0.00790287
v -0.00687500 -0.00198874 -0.00711374
v -0.00687499 -0.00277787 -0.00556497
v -0.00687499 -0.00358478 -0.00315625
v -0.00687501 -0.00358478 -0.00175000
v -0.00737566 -0.00496312 0.00622802
v -0.00689856 -0.00564449 0.00502728
v -0.00787499 -0.00134597 0.00903236
v -0.00787501 0.00525448 0.00576350
v -0.00787500 0.00629589 0.00328421
v -0.00787499 0.00659710 0.00190173
v -0.00787500 0.00584347 0.00458336
v -0.00787501 0.00454402 0.00680072
v -0.00787501 0.00417171 0.00723399
v -0.00787499 0.00333498 0.00800682
v -0.00787501 0.00243459 0.00859402
v -0.00787500 0.00148598 0.00899105
v -0.00787501 0.00050192 0.00919306
v -0.00787499 -0.00045457 0.00919768
v -0.00787499 -0.00226568 0.00868030
v -0.00787499 -0.00403959 0.00737321
v -0.00787499 -0.00317088 0.00813094
v -0.00746723 -0.00483235 0.00641766
v -0.00651933 -0.00618608 0.00365123
v -0.00625909 -0.00655776 0.00213678
v -0.00613519 -0.00673472 0.00056170
v -0.00614721 -0.00671754 -0.00097157
v -0.00627800 -0.00653075 -0.00240880
v -0.00652241 -0.00618171 -0.00378998
v -0.00687281 -0.00568129 -0.00507426
v -0.00731652 -0.00504761 -0.00622460
v -0.00784589 -0.00429156 -0.00722637
v -0.00787502 -0.00345996 -0.00803171
v -0.00787499 -0.00256053 -0.00865006
v -0.00787502 -0.00161015 -0.00907582
v -0.00787500 -0.00065405 -0.00930008
v -0.00787499 0.00029550 -0.00933485
v -0.00787499 0.00122379 -0.00918994
v -0.00787500 0.00215578 -0.00885768
v -0.00787500 0.00307551 -0.00832438
v -0.00787502 0.00395990 -0.00757883
v -0.00787501 0.00475694 -0.00664731
v -0.00787501 0.00547653 -0.00548811
v -0.00787500 0.00606169 -0.00414568
v -0.00787500 0.00644517 -0.00282016
v -0.00787499 -0.00425000 -0.00166250
v -0.00787499 -0.00573554 -0.00166250
v -0.00787501 -0.00573554 0.00153750
v -0.00787500 -0.00425000 0.00153750
v -0.00679087 -0.00358478 0.00278385
v -0.00687500 -0.00381180 0.00252758
v -0.00687501 -0.00364650 0.00306312
v -0.00687501 -0.00349391 0.00347167
v -0.00687499 -0.00282243 0.00475911
v -0.00687500 -0.00265407 0.00500000
v -0.00681204 -0.00251796 0.00500000
v -0.00687501 -0.00394651 0.00196913
v -0.00687500 -0.00401184 0.00162500
v -0.00687501 -0.00307625 0.00434394
v -0.00681222 0.00251836 0.00500000
v -0.00687500 0.00265407 0.00500000
v -0.00687501 0.00301181 0.00445600
v -0.00687499 0.00325074 0.00401376
v -0.00687500 0.00346763 0.00353593
v -0.00687501 0.00365949 0.00302510
v -0.00687500 0.00382296 0.00248657
v -0.00687499 0.00395582 0.00192404
v -0.00687501 0.00405577 0.00134349
v -0.00687501 0.00412150 0.00074929
v -0.00687500 0.00415183 0.00014778
v -0.00687500 0.00415376 -0.00013260
v -0.00687501 0.00413186 -0.00073308
v -0.00687499 0.00407464 -0.00132749
v -0.00687501 0.00398331 -0.00190885
v -0.00687500 0.00385900 -0.00247354
v -0.00687499 0.00370385 -0.00301560
v -0.00687499 0.00351993 -0.00353144
v -0.00687500 0.00330958 -0.00401741
v -0.00687499 0.00307625 -0.00446895
v -0.00687501 0.00282243 -0.00488411
v -0.00687500 0.00281250 0.00500000
v -0.00687500 -0.00281250 0.00500000
v -0.00687499 -0.00277787 0.00543997
v -0.00687499 -0.00250596 0.00627685
v -0.00687500 -0.00198874 0.00698874
v -0.00687501 -0.00127685 0.00750596
v -0.00687500 -0.00043997 0.00777787
v -0.00687499 0.00043997 0.00777787
v -0.00687499 0.00127685 0.00750595
v -0.00687499 0.00198874 0.00698874
v -0.00687499 0.00250595 0.00627685
v -0.00687500 0.00277787 0.00543997
v -0.00687501 -0.00358478 0.00162500
v 0.00508752 0.00224947 -0.00118750
v 0.00508751 0.00199947 -0.00178750
v 0.00500978 0.00199947 -0.00178750
v 0.00508751 0.00179250 -0.00158053
v 0.00508752 0.00224947 0.00106250
v 0.00508753 0.00199947 0.00166250
v 0.00500980 0.00199947 0.00166250
v 0.00490263 0.00224947 0.00166250
v 0.00508752 0.00179250 -0.00118750
v 0.00490263 0.00224947 -0.00118750
v 0.00523040 0.00131860 -0.00025663
v 0.00523041 0.00131860 0.00013162
v 0.00490263 0.00224947 0.00106250
v 0.00508751 0.00179250 0.00106250
v 0.00508752 0.00179249 0.00145553
v 0.00001253 -0.00591918 -0.00175000
v -0.00002640 -0.00591611 0.00246875
v -0.00001034 -0.00590418 0.00246875
v -0.00000095 -0.00589474 0.00246875
v 0.00000441 -0.00588832 0.00246875
v -0.00000001 -0.00591919 0.00231861
v 0.00001254 -0.00591918 0.00107600
v 0.00001253 -0.00591918 0.00050675
v 0.00001252 -0.00591918 -0.00006250
v 0.00001252 -0.00591917 -0.00063175
v 0.00001254 -0.00591918 -0.00120100
v 0.00000558 -0.00591919 -0.00166250
v 0.00000557 -0.00591918 0.00153750
v 0.00000984 -0.00591918 0.00153750
v 0.00000982 -0.00591918 -0.00166250
v 0.00000983 -0.00591918 -0.00120100
v 0.00000984 -0.00591918 -0.00063175
v 0.00000984 -0.00591918 -0.00006250
v 0.00000982 -0.00591918 0.00050675
v 0.00000983 -0.00591918 0.00107600
v -0.00000584 -0.00598395 0.00153750
v -0.00001463 -0.00601177 0.00153752
v -0.00004721 -0.00605250 0.00153754
v -0.00009579 -0.00607406 0.00153750
v -0.00164300 -0.00634977 0.00153750
v -0.00650442 -0.00620738 0.00153750
v -0.00650443 -0.00620738 -0.00166250
v 0.00000024 -0.00598891 0.00153750
v 0.00000022 -0.00598890 -0.00166250
v -0.00009082 -0.00608012 0.00153750
v -0.00009080 -0.00608013 -0.00166250
v -0.00004863 -0.00606329 -0.00166250
v -0.00004861 -0.00606329 0.00153750
v -0.00001654 -0.00603113 -0.00166250
v -0.00001652 -0.00603113 0.00153750
v -0.01231970 -0.00486745 0.00669811
v -0.01153719 -0.00504088 0.00653906
v -0.01152600 -0.00420138 0.00707668
v -0.01941368 -0.00223682 -0.00717633
v -0.02008821 -0.00123459 -0.00734287
v -0.01986337 -0.00137987 -0.00740265
v -0.01028293 -0.00528992 -0.00639231
v -0.01000124 -0.00449063 -0.00695026
v -0.00936525 -0.00459873 -0.00683699
v -0.01051135 -0.00439856 -0.00703812
v -0.02222832 -0.00159870 -0.00212109
v -0.02231494 -0.00084810 -0.00190349
v -0.02229496 -0.00083877 -0.00239588
v -0.01317224 -0.00635700 -0.00618087
v -0.01335831 -0.00621446 -0.00627601
v -0.01283683 -0.00637439 -0.00608609
v -0.01878983 -0.00474776 -0.00643803
v -0.01910350 -0.00467456 -0.00626670
v -0.01965075 -0.00377803 -0.00623206
v -0.01224435 -0.00682588 0.00561824
v -0.01203832 -0.00659513 0.00567227
v -0.01252983 -0.00645850 0.00587761
v -0.01157845 -0.00721572 0.00515345
v -0.01156514 -0.00713943 0.00519521
v -0.01181699 -0.00707075 0.00533550
v -0.01089545 -0.00767911 0.00448433
v -0.01083780 -0.00771212 0.00442396
v -0.00997560 -0.00620107 0.00552498
v -0.00922996 -0.00694264 0.00412590
v -0.01042449 -0.00796842 0.00375443
v -0.01037628 -0.00798595 0.00366604
v -0.01033596 -0.00799627 0.00359684
v -0.01032555 -0.00799745 0.00358152
v -0.01030623 -0.00799491 0.00356237
v -0.01052178 -0.00791604 0.00394326
v -0.00931534 -0.00679361 0.00447125
v -0.01056772 -0.00788558 0.00403176
v -0.00941546 -0.00661753 0.00482527
v -0.01062190 -0.00784576 0.00413531
v -0.00951589 -0.00644439 0.00513454
v -0.01063837 -0.00783290 0.00416678
v -0.00958817 -0.00636639 0.00526247
v -0.01067949 -0.00780374 0.00423467
v -0.00969417 -0.00629724 0.00537255
v -0.01072795 -0.00777343 0.00430077
v -0.00982596 -0.00624084 0.00546123
v -0.01078156 -0.00774265 0.00436413
v -0.01081264 -0.00772562 0.00439784
v -0.01118124 -0.00724008 0.00497900
v -0.01142762 -0.00731148 0.00502673
v -0.01098487 -0.00761806 0.00458411
v -0.01155955 -0.00671970 0.00546400
v -0.01191058 -0.00701568 0.00540170
v -0.01354790 -0.00614535 0.00626396
v -0.01323781 -0.00630066 0.00613401
v -0.01303393 -0.00630945 0.00607613
v -0.01293934 -0.00645364 0.00599611
v -0.01241866 -0.00673005 0.00572122
v -0.01406408 -0.00521184 0.00667183
v -0.01468633 -0.00501372 0.00680280
v -0.01415902 -0.00584811 0.00647304
v -0.01401231 -0.00592018 0.00641905
v -0.01355415 -0.00614525 0.00625044
v -0.01546667 -0.00524767 0.00681654
v -0.01511203 -0.00540155 0.00674579
v -0.01530326 -0.00480326 0.00691264
v -0.01476695 -0.00555781 0.00666344
v -0.01438838 -0.00573543 0.00655746
v -0.01709354 -0.00410052 0.00707965
v -0.01631312 -0.00491649 0.00692689
v -0.01651156 -0.00434540 0.00705423
v -0.01591273 -0.00458053 0.00699772
v -0.01691054 -0.00474659 0.00694216
v -0.01664804 -0.00480814 0.00694397
v -0.01641479 -0.00488088 0.00693405
v -0.01913863 -0.00310278 0.00684946
v -0.01804774 -0.00479184 0.00669487
v -0.01866710 -0.00335459 0.00695946
v -0.01795171 -0.00478080 0.00673150
v -0.01936683 -0.00297551 0.00678052
v -0.01843291 -0.00482901 0.00652070
v -0.01816065 -0.00480227 0.00664882
v -0.01911331 -0.00473475 0.00616216
v -0.02003966 -0.00266949 0.00644726
v -0.01914334 -0.00472798 0.00614451
v -0.02025007 -0.00261537 0.00628820
v -0.01937591 -0.00467205 0.00600112
v -0.01991073 -0.00364667 0.00604835
v -0.01940046 -0.00466620 0.00598509
v -0.02034682 -0.00354361 0.00567685
v -0.02075151 -0.00344080 0.00525450
v -0.02038779 -0.00437233 0.00520524
v -0.02006163 -0.00448168 0.00549470
v -0.01993599 -0.00452073 0.00559726
v -0.01989886 -0.00453189 0.00562665
v -0.02130618 -0.00398307 0.00413906
v -0.02118953 -0.00404152 0.00430189
v -0.02112151 -0.00334233 0.00478009
v -0.02084784 -0.00419606 0.00472723
v -0.02064609 -0.00427721 0.00494852
v -0.02145314 -0.00325091 0.00425427
v -0.02174280 -0.00316885 0.00367824
v -0.02164698 -0.00379107 0.00359216
v -0.02198672 -0.00309847 0.00305329
v -0.02193652 -0.00359090 0.00299429
v -0.02177956 -0.00370510 0.00333954
v -0.02232654 -0.00321775 0.00165178
v -0.02224534 -0.00330660 0.00203333
v -0.02218138 -0.00304151 0.00238486
v -0.02212719 -0.00342562 0.00246415
v -0.02200353 -0.00353650 0.00282505
v -0.02238426 -0.00226665 0.00110841
v -0.02238766 -0.00314442 0.00126271
v -0.02231772 -0.00228070 0.00180160
v -0.02233928 -0.00320309 0.00158093
v -0.02244734 -0.00305300 0.00051454
v -0.02244059 -0.00306717 0.00067550
v -0.02242143 -0.00309841 0.00095112
v -0.02241150 -0.00226250 0.00041669
v -0.02240018 -0.00226874 -0.00027555
v -0.02244022 -0.00302572 -0.00023310
v -0.02238336 -0.00305673 -0.00095208
v -0.02235091 -0.00228574 -0.00096973
v -0.02235151 -0.00308170 -0.00120819
v -0.02227303 -0.00314682 -0.00168476
v -0.02223048 -0.00304122 -0.00187227
v -0.02216637 -0.00323454 -0.00216056
v -0.02205515 -0.00309990 -0.00255648
v -0.02209612 -0.00329034 -0.00241560
v -0.02183150 -0.00317286 -0.00321713
v -0.02156179 -0.00325784 -0.00385235
v -0.02148829 -0.00370915 -0.00385677
v -0.02183527 -0.00348280 -0.00314984
v -0.02124923 -0.00335250 -0.00444345
v -0.02135741 -0.00378748 -0.00407784
v -0.02142397 -0.00374809 -0.00396782
v -0.02089769 -0.00345444 -0.00497916
v -0.02075525 -0.00410441 -0.00490200
v -0.02103385 -0.00396636 -0.00455393
v -0.02009450 -0.00367021 -0.00587362
v -0.02010921 -0.00437199 -0.00554775
v -0.02051137 -0.00356122 -0.00545652
v -0.02047845 -0.00422770 -0.00520313
v -0.02058268 -0.00418285 -0.00509446
v -0.01931506 -0.00462225 -0.00613707
v -0.01946726 -0.00458030 -0.00603690
v -0.01960762 -0.00453871 -0.00593933
v -0.01849014 -0.00480878 -0.00658150
v -0.01860435 -0.00478814 -0.00652857
v -0.01918133 -0.00388687 -0.00653374
v -0.01670431 -0.00475316 -0.00703421
v -0.01686567 -0.00471188 -0.00703529
v -0.01751288 -0.00389305 -0.00716366
v -0.01714265 -0.00466778 -0.00702207
v -0.01803147 -0.00364123 -0.00713629
v -0.01727189 -0.00466155 -0.00700790
v -0.01852604 -0.00338603 -0.00707525
v -0.01751501 -0.00467500 -0.00696506
v -0.01779545 -0.00473204 -0.00688425
v -0.01639872 -0.00438357 -0.00712423
v -0.01632990 -0.00487863 -0.00701279
v -0.01696918 -0.00414077 -0.00715912
v -0.01389828 -0.00526730 -0.00671882
v -0.01390411 -0.00599126 -0.00646984
v -0.01454305 -0.00506485 -0.00685482
v -0.01470015 -0.00560762 -0.00671523
v -0.01517816 -0.00484895 -0.00696980
v -0.01498105 -0.00547631 -0.00678585
v -0.01579995 -0.00462056 -0.00706044
v -0.01549146 -0.00523795 -0.00689467
v -0.01601947 -0.00500302 -0.00697899
v -0.01128151 -0.00741204 -0.00501240
v -0.01138433 -0.00734661 -0.00510140
v -0.01132505 -0.00677878 -0.00547829
v -0.01172792 -0.00713789 -0.00536894
v -0.01181995 -0.00665626 -0.00568355
v -0.01197257 -0.00699671 -0.00553691
v -0.01232395 -0.00652156 -0.00588738
v -0.01243486 -0.00674196 -0.00581554
v -0.01284188 -0.00652695 -0.00602757
v -0.01083920 -0.00688929 -0.00527539
v -0.01106993 -0.00755154 -0.00481320
v -0.01107789 -0.00754619 -0.00482110
v -0.01094199 -0.00763650 -0.00468300
v -0.01022011 -0.00615433 -0.00573555
v -0.01004921 -0.00618536 -0.00568648
v -0.01089309 -0.00766657 -0.00463341
v -0.00988184 -0.00622239 -0.00562819
v -0.01081831 -0.00770894 -0.00455847
v -0.00973302 -0.00628015 -0.00553945
v -0.01076011 -0.00774430 -0.00449227
v -0.01073609 -0.00776021 -0.00446111
v -0.00961383 -0.00635435 -0.00542374
v -0.01071179 -0.00777742 -0.00442624
v -0.00953503 -0.00643979 -0.00528574
v -0.01067311 -0.00780836 -0.00436003
v -0.00948175 -0.00653312 -0.00512535
v -0.01063838 -0.00783881 -0.00429011
v -0.01057775 -0.00788680 -0.00416745
v -0.00937174 -0.00672978 -0.00475025
v -0.01056457 -0.00789626 -0.00414072
v -0.00927361 -0.00690506 -0.00436361
v -0.01052022 -0.00792546 -0.00405026
v -0.00920304 -0.00702643 -0.00404402
v -0.01039914 -0.00797618 -0.00382206
v -0.01036162 -0.00797090 -0.00378597
v -0.01037365 -0.00797546 -0.00379231
v -0.01109361 -0.00683260 0.00525668
v -0.01064010 -0.00693387 0.00505434
v -0.01343798 -0.00539738 0.00652320
v -0.01280925 -0.00557043 0.00636003
v -0.01217901 -0.00573129 0.00618519
v -0.01154835 -0.00588029 0.00600153
v -0.01091836 -0.00601773 0.00581194
v -0.01028952 -0.00614314 0.00562027
v -0.02221157 -0.00230371 0.00248753
v -0.02206579 -0.00233422 0.00314394
v -0.02188203 -0.00237127 0.00375523
v -0.02166209 -0.00241348 0.00431747
v -0.02140730 -0.00245874 0.00483233
v -0.02111887 -0.00250496 0.00530162
v -0.02079776 -0.00254955 0.00572734
v -0.02044381 -0.00258821 0.00611216
v -0.02226451 -0.00231293 -0.00166038
v -0.02214173 -0.00234930 -0.00233878
v -0.02198295 -0.00239342 -0.00300335
v -0.02178792 -0.00244301 -0.00365601
v -0.02155761 -0.00249585 -0.00427084
v -0.02129340 -0.00254983 -0.00483289
v -0.02099692 -0.00260290 -0.00534002
v -0.02066960 -0.00265276 -0.00579132
v -0.02031206 -0.00269584 -0.00618990
v -0.01324439 -0.00545684 -0.00656541
v -0.01258245 -0.00563372 -0.00639753
v -0.01191376 -0.00579810 -0.00621779
v -0.02233258 -0.00085637 -0.00123673
v -0.02234168 -0.00086059 -0.00057122
v -0.02234337 -0.00086136 -0.00027570
v -0.02213440 -0.00161398 -0.00278957
v -0.02224020 -0.00081336 -0.00326325
v -0.02201405 -0.00162818 -0.00345968
v -0.02218177 -0.00078603 -0.00386313
v -0.02186599 -0.00163920 -0.00409822
v -0.02208488 -0.00074062 -0.00454025
v -0.02168915 -0.00164521 -0.00468662
v -0.02196805 -0.00068630 -0.00510686
v -0.02148248 -0.00164458 -0.00522352
v -0.02181984 -0.00061784 -0.00562672
v -0.02124469 -0.00163532 -0.00570903
v -0.02171058 -0.00056703 -0.00592598
v -0.02097340 -0.00161365 -0.00614774
v -0.02106275 -0.00051854 -0.00691505
v -0.01946996 -0.00287719 -0.00681474
v -0.02128650 -0.00044340 -0.00669619
v -0.01970115 -0.00279236 -0.00668876
v -0.02139981 -0.00043921 -0.00654902
v -0.01992083 -0.00273764 -0.00653883
v -0.02149551 -0.00046526 -0.00639146
v -0.02101704 -0.00054266 -0.00695077
v -0.01923479 -0.00299006 -0.00691115
v -0.02087670 -0.00063441 -0.00704309
v -0.01984674 -0.00195566 -0.00705371
v -0.02072577 -0.00075962 -0.00711545
v -0.02030126 -0.00108765 -0.00727741
v -0.02163474 -0.00053143 -0.00610555
v -0.02012212 -0.00271361 -0.00637072
v -0.01813321 -0.00483609 -0.00673733
v -0.01797803 -0.00479335 -0.00680441
v -0.01728390 -0.00332085 -0.00738633
v -0.01816910 -0.00225811 -0.00764845
v -0.01799223 -0.00233405 -0.00765935
v -0.01662964 -0.00358534 -0.00737030
v -0.01936577 -0.00167240 -0.00750733
v -0.01915572 -0.00178585 -0.00754207
v -0.01880288 -0.00196530 -0.00758999
v -0.01281184 -0.00392463 -0.00738207
v -0.01365195 -0.00453929 -0.00704475
v -0.01405948 -0.00362171 -0.00752411
v -0.01443822 -0.00432014 -0.00716163
v -0.01491771 -0.00339008 -0.00759987
v -0.01519788 -0.00408823 -0.00725645
v -0.01585264 -0.00311159 -0.00765809
v -0.01593000 -0.00384286 -0.00732669
v -0.01658256 -0.00287123 -0.00768202
v -0.01745936 -0.00255009 -0.00768016
v -0.01106881 -0.00429262 -0.00713009
v -0.01115424 -0.00512144 -0.00657941
v -0.01056107 -0.00608960 -0.00583385
v -0.00867987 -0.00477643 -0.00661577
v -0.00867772 -0.00477752 -0.00661428
v -0.00860653 -0.00481711 -0.00656016
v -0.00849305 -0.00489888 -0.00644501
v -0.00891781 -0.00468348 -0.00673771
v -0.00918722 -0.00462764 -0.00680472
v -0.00827656 -0.00525682 -0.00588264
v -0.00814821 -0.00553196 -0.00537735
v -0.00800747 -0.00583300 -0.00473818
v -0.00840988 -0.00498736 -0.00631557
v -0.00837555 -0.00504319 -0.00623127
v -0.00830355 -0.00519875 -0.00598151
v -0.01123963 -0.00595011 -0.00602885
v -0.01200757 -0.00493994 -0.00675202
v -0.01284093 -0.00474589 -0.00690768
v -0.01900134 -0.00312373 -0.00697736
v -0.00799858 -0.00585213 0.00456766
v -0.00787500 -0.00611792 0.00385892
v -0.00787926 -0.00610878 0.00388327
v -0.00788690 -0.00609233 0.00392716
v -0.00789191 -0.00608155 0.00395590
v -0.00789469 -0.00607555 0.00397190
v -0.00789768 -0.00606916 0.00398893
v -0.00789921 -0.00606583 0.00399783
v -0.00790082 -0.00606240 0.00400697
v -0.00790247 -0.00605887 0.00401637
v -0.00790414 -0.00605526 0.00402601
v -0.00790585 -0.00605155 0.00403589
v -0.00790762 -0.00604776 0.00404601
v -0.00791129 -0.00603990 0.00406695
v -0.00798832 -0.00587419 0.00450884
v -0.00842174 -0.00497205 0.00621308
v -0.00837836 -0.00503790 0.00611405
v -0.00824423 -0.00532683 0.00563449
v -0.00810526 -0.00562409 0.00506842
v -0.00810451 -0.00562571 0.00506511
v -0.00848374 -0.00490704 0.00630809
v -0.00854218 -0.00485977 0.00637548
v -0.00864667 -0.00479373 0.00646718
v -0.00884621 -0.00470604 0.00658392
v -0.00909147 -0.00464292 0.00666232
v -0.00922643 -0.00462115 0.00668706
v -0.01065867 -0.00437085 0.00693785
v -0.01074308 -0.00520287 0.00636720
v -0.00993894 -0.00535241 0.00618620
v -0.01384200 -0.00448533 0.00697026
v -0.01308866 -0.00468235 0.00684245
v -0.01294068 -0.00389506 0.00727349
v -0.01337251 -0.00379317 0.00732542
v -0.01424613 -0.00357323 0.00741737
v -0.01457774 -0.00427610 0.00707973
v -0.01460898 -0.00347587 0.00744995
v -0.01740491 -0.00257171 0.00755678
v -0.01598840 -0.00382138 0.00723553
v -0.01633083 -0.00295620 0.00755090
v -0.01529386 -0.00405468 0.00716887
v -0.01590142 -0.00309565 0.00753499
v -0.01509145 -0.00334035 0.00748767
v -0.01740777 -0.00257061 0.00755672
v -0.01730139 -0.00331849 0.00729128
v -0.01665873 -0.00357615 0.00727724
v -0.02020139 -0.00115916 0.00718494
v -0.02057638 -0.00088103 0.00705241
v -0.02098285 -0.00056281 0.00685053
v -0.01981846 -0.00274900 0.00658499
v -0.02091607 -0.00060617 0.00689465
v -0.01959240 -0.00285202 0.00669708
v -0.02069699 -0.00078339 0.00700250
v -0.02108500 -0.00050805 0.00677159
v -0.02127862 -0.00044451 0.00658049
v -0.02169973 -0.00056163 0.00582803
v -0.02180401 -0.00061027 0.00554786
v -0.02148623 -0.00156913 0.00534874
v -0.02124870 -0.00155550 0.00577784
v -0.02097689 -0.00152976 0.00617598
v -0.02150347 -0.00046827 0.00625213
v -0.02139155 -0.00043792 0.00643631
v -0.01855410 -0.00482678 0.00646087
v -0.01889850 -0.00477946 0.00628306
v -0.02185365 -0.00063331 0.00539573
v -0.02198309 -0.00069344 0.00491918
v -0.02169309 -0.00157515 0.00488458
v -0.02207996 -0.00073860 0.00444387
v -0.02187104 -0.00157605 0.00438068
v -0.02216644 -0.00077896 0.00386167
v -0.02202123 -0.00157370 0.00383222
v -0.02222396 -0.00080575 0.00332518
v -0.02214487 -0.00156997 0.00323458
v -0.02227199 -0.00082810 0.00269286
v -0.02224177 -0.00156591 0.00259019
v -0.02229912 -0.00084074 0.00217686
v -0.01790875 -0.00305171 0.00727668
v -0.01764850 -0.00385222 0.00707309
v -0.01817180 -0.00360393 0.00703351
v -0.01732222 -0.00471242 0.00690232
v -0.01772793 -0.00475249 0.00680641
v -0.01772810 -0.00244375 0.00754705
v -0.01872380 -0.00200294 0.00747371
v -0.01901659 -0.00185786 0.00743752
v -0.01928679 -0.00171622 0.00739667
v -0.01977562 -0.00143616 0.00730004
v -0.01996830 -0.00131524 0.00725205
v -0.00790329 -0.00605705 -0.00414506
v -0.00790237 -0.00605905 -0.00413976
v -0.00790520 -0.00605296 -0.00415588
v -0.00791774 -0.00602603 -0.00422718
v -0.00790915 -0.00604445 -0.00417841
v -0.00790146 -0.00606102 -0.00413454
v -0.00790055 -0.00606297 -0.00412939
v -0.00789965 -0.00606488 -0.00412433
v -0.00789877 -0.00606677 -0.00411933
v -0.00789791 -0.00606862 -0.00411442
v -0.00789460 -0.00607575 -0.00409556
v -0.00788866 -0.00608852 -0.00406176
v -0.00787972 -0.00610777 -0.00401080
v -0.00787499 -0.00611792 -0.00398392
v -0.02230525 -0.00084361 0.00203238
v -0.02232687 -0.00085369 0.00137575
v -0.02233917 -0.00085941 0.00073061
v -0.02234367 -0.00086151 0.00008519
v -0.00793379 -0.00599147 -0.00431136
v -0.00788934 -0.00608689 0.00395103
v -0.00788856 -0.00608855 0.00394617
v -0.00789294 -0.00607916 0.00397347
v -0.00789337 -0.00607821 0.00397618
v -0.00789247 -0.00608024 0.00397033
v -0.00787585 -0.00611605 0.00386466
v -0.00787553 -0.00611676 0.00386249
v -0.00789521 -0.00607433 -0.00411249
v -0.00789597 -0.00607265 -0.00411733
v -0.00789444 -0.00607599 -0.00410774
v -0.00791851 -0.00614215 -0.00378455
v -0.00802221 -0.00603735 -0.00399083
v -0.00808361 -0.00604073 -0.00395181
v -0.00785150 -0.00618991 0.00358018
v -0.00781963 -0.00623669 0.00348193
v -0.00781535 -0.00624586 0.00345283
v -0.00797880 -0.00590230 0.00422532
v -0.00799249 -0.00588976 0.00423759
v -0.00815777 -0.00555911 0.00493449
v -0.00787287 -0.00612247 0.00384446
v -0.00787075 -0.00612703 0.00383001
v -0.00786651 -0.00613614 0.00380108
v -0.00785800 -0.00615438 0.00374318
v -0.00787600 -0.00611573 -0.00399060
v -0.00787560 -0.00611663 -0.00398791
v -0.00789677 -0.00607094 -0.00412224
v -0.00810793 -0.00561787 -0.00498802
v -0.00864429 -0.00540874 -0.00522855
v -0.00850809 -0.00542702 -0.00521793
v -0.01430270 -0.00361343 -0.00442083
v -0.01421154 -0.00368607 -0.00449522
v -0.01439459 -0.00355931 -0.00432552
v -0.01496823 -0.00374911 -0.00205079
v -0.01493699 -0.00372955 -0.00244677
v -0.00789657 -0.00607136 0.00399588
v -0.00788069 -0.00610560 0.00389605
v -0.00788788 -0.00609003 0.00394197
v -0.00788701 -0.00609197 0.00393624
v -0.00789168 -0.00608191 0.00396553
v -0.00789516 -0.00607442 0.00398712
v -0.00797767 -0.00589752 0.00438240
v -0.00804339 -0.00575694 0.00463880
v -0.00810711 -0.00561976 0.00485250
v -0.00812830 -0.00558865 0.00489537
v -0.00845766 -0.00543932 0.00506929
v -0.00966474 -0.00525888 0.00513054
v -0.01057867 -0.00508342 0.00513751
v -0.01143211 -0.00488362 0.00510137
v -0.01183300 -0.00477458 0.00506536
v -0.01221680 -0.00465756 0.00501624
v -0.01258159 -0.00453270 0.00495375
v -0.01292237 -0.00440252 0.00487842
v -0.01323395 -0.00426970 0.00479082
v -0.01396439 -0.00387370 0.00446131
v -0.01375315 -0.00400520 0.00458135
v -0.01351122 -0.00413688 0.00469153
v -0.01431715 -0.00361082 0.00419152
v -0.01423499 -0.00367425 0.00426520
v -0.01448021 -0.00353995 0.00398939
v -0.01455157 -0.00353667 0.00386776
v -0.01477799 -0.00365022 0.00318829
v -0.01483869 -0.00368400 0.00289427
v -0.01488742 -0.00371135 0.00258334
v -0.01495735 -0.00375160 0.00189432
v -0.01499636 -0.00377430 0.00111825
v -0.01501298 -0.00378355 0.00033699
v -0.01501471 -0.00378287 -0.00044535
v -0.01500299 -0.00377283 -0.00124061
v -0.01489407 -0.00370375 -0.00281889
v -0.01483769 -0.00367111 -0.00316672
v -0.01476581 -0.00363076 -0.00349074
v -0.01467562 -0.00358071 -0.00379400
v -0.01462274 -0.00355130 -0.00393901
v -0.01456061 -0.00352705 -0.00407930
v -0.01448267 -0.00352990 -0.00420992
v -0.01355886 -0.00410323 -0.00487029
v -0.01327930 -0.00423941 -0.00497231
v -0.01296249 -0.00437627 -0.00506220
v -0.01138227 -0.00488571 -0.00528188
v -0.01092535 -0.00499702 -0.00530046
v -0.01044891 -0.00510144 -0.00530560
v -0.00891402 -0.00537065 -0.00524787
v -0.00995413 -0.00519870 -0.00529807
v -0.00837438 -0.00545088 -0.00519847
v -0.00825662 -0.00549329 -0.00515150
v -0.00813125 -0.00558319 -0.00503632
v -0.00799939 -0.00585114 -0.00459993
v -0.00789221 -0.00608077 -0.00409393
v -0.00789146 -0.00608238 -0.00408928
v -0.00788967 -0.00608627 -0.00407800
v -0.00788146 -0.00610398 -0.00402595
v -0.00788004 -0.00610703 -0.00401692
v -0.00790987 -0.00605511 0.00388920
v -0.00790404 -0.00605915 0.00389036
v -0.00790031 -0.00606358 0.00389056
v -0.00796926 -0.00591563 0.00421117
v -0.00794161 -0.00597521 0.00413339
v -0.00786582 -0.00613756 0.00373027
v -0.00786664 -0.00613759 0.00372289
v -0.00786852 -0.00613780 0.00371504
v -0.00787490 -0.00613901 0.00369768
v -0.00792678 -0.00604863 0.00388367
v -0.00803048 -0.00586791 0.00425571
v -0.00823781 -0.00550654 0.00499995
v -0.00807961 -0.00585179 0.00426406
v -0.00834015 -0.00546546 0.00504588
v -0.00870369 -0.00540689 0.00508585
v -0.00813631 -0.00584310 0.00426119
v -0.00797558 -0.00604502 0.00385719
v -0.00782387 -0.00622753 0.00351100
v -0.00784897 -0.00618420 0.00360470
v -0.00782815 -0.00621837 0.00354007
v -0.00784784 -0.00617915 0.00362796
v -0.00783243 -0.00620922 0.00356913
v -0.00784097 -0.00619092 0.00362720
v -0.00792292 -0.00601471 0.00413085
v -0.00825521 -0.00583550 0.00424031
v -0.00803099 -0.00604985 0.00381750
v -0.00780679 -0.00626421 0.00339458
v -0.00788410 -0.00614160 0.00367786
v -0.00789522 -0.00614599 0.00365522
v -0.00769655 -0.00650060 0.00243637
v -0.00772083 -0.00644857 0.00267934
v -0.00774724 -0.00639187 0.00291990
v -0.00777595 -0.00633036 0.00315852
v -0.01058288 -0.00536354 0.00331868
v -0.01080103 -0.00525031 0.00307952
v -0.01415011 -0.00374121 0.00433253
v -0.01440040 -0.00356519 0.00409865
v -0.00762218 -0.00666006 0.00144864
v -0.01460957 -0.00355663 0.00373778
v -0.01470252 -0.00360833 0.00346845
v -0.01110951 -0.00512204 0.00246824
v -0.01118845 -0.00518007 0.00206785
v -0.00761548 -0.00667443 0.00132402
v -0.00762952 -0.00664437 0.00157366
v -0.00763739 -0.00662749 0.00169804
v -0.00765483 -0.00659009 0.00194546
v -0.00767457 -0.00654772 0.00219203
v -0.00760995 -0.00668634 -0.00132365
v -0.00759937 -0.00670899 -0.00107254
v -0.00762278 -0.00665878 -0.00157377
v -0.00762636 -0.00665112 -0.00163615
v -0.01072894 -0.00527867 -0.00341369
v -0.01380295 -0.00396753 -0.00475670
v -0.01092443 -0.00515670 -0.00315908
v -0.01401822 -0.00382947 -0.00463165
v -0.00763007 -0.00664315 -0.00169846
v -0.00761608 -0.00667317 -0.00144886
v -0.00758520 -0.00673944 -0.00056815
v -0.00759113 -0.00672669 -0.00082071
v -0.01222875 -0.00464271 -0.00520157
v -0.01181791 -0.00476765 -0.00524916
v -0.00769691 -0.00649983 -0.00256136
v -0.00772109 -0.00644802 -0.00280418
v -0.01261131 -0.00451150 -0.00513895
v -0.01047712 -0.00539361 -0.00364475
v -0.00822957 -0.00582778 -0.00440341
v -0.00836045 -0.00581731 -0.00438389
v -0.00809870 -0.00584013 -0.00441745
v -0.00804190 -0.00585687 -0.00440854
v -0.00788084 -0.00612959 -0.00385151
v -0.00785400 -0.00617505 -0.00375870
v -0.00785218 -0.00617021 -0.00378154
v -0.00785747 -0.00618074 -0.00373429
v -0.00789192 -0.00613208 -0.00383186
v -0.00796084 -0.00603477 -0.00402703
v -0.00816461 -0.00555048 -0.00508001
v -0.00799801 -0.00588095 -0.00438739
v -0.00798239 -0.00589506 -0.00437283
v -0.00791471 -0.00604622 -0.00404115
v -0.00790793 -0.00605102 -0.00404116
v -0.00787302 -0.00612888 -0.00386807
v -0.00787071 -0.00612902 -0.00387535
v -0.00797177 -0.00591016 -0.00435596
v -0.00790370 -0.00605632 -0.00403999
v -0.00786962 -0.00612941 -0.00388204
v -0.00782721 -0.00622042 -0.00366586
v -0.00783138 -0.00621147 -0.00369499
v -0.00783559 -0.00620244 -0.00372408
v -0.00782306 -0.00622930 -0.00363668
v -0.00789820 -0.00606819 -0.00403364
v -0.00795659 -0.00594297 -0.00431419
v -0.00807337 -0.00569249 -0.00487543
v -0.00774744 -0.00639146 -0.00304489
v -0.00777603 -0.00633014 -0.00328344
v -0.00780683 -0.00626409 -0.00351957
v -0.00781487 -0.00624684 -0.00357821
v -0.00767500 -0.00654681 -0.00231683
v -0.00765533 -0.00658900 -0.00207044
v -0.00763792 -0.00662631 -0.00182284
v -0.00789346 -0.00607805 -0.00410177
v -0.00789288 -0.00607935 -0.00409806
v -0.00789070 -0.00608399 -0.00408462
v -0.00788997 -0.00608559 -0.00407995
v -0.00788847 -0.00608879 -0.00407058
v -0.00788756 -0.00609079 -0.00406480
v -0.00788881 -0.00608811 -0.00407264
v -0.00788529 -0.00609567 -0.00405054
v -0.00788637 -0.00609332 -0.00405745
v -0.00788700 -0.00609196 -0.00406117
v -0.00788422 -0.00609797 -0.00404378
v -0.00788315 -0.00610026 -0.00403698
v -0.00788105 -0.00610480 -0.00402331
v -0.00787764 -0.00611218 -0.00400140
v -0.00787874 -0.00610983 -0.00400852
v -0.00788011 -0.00610684 0.00389223
v -0.00788200 -0.00610271 0.00390467
v -0.00787932 -0.00610859 0.00388710
v -0.00788276 -0.00610109 0.00390945
v -0.00788395 -0.00609854 0.00391702
v -0.00788469 -0.00609693 0.00392174
v -0.00788898 -0.00608768 0.00394880
v -0.00789000 -0.00608549 0.00395516
v -0.00789090 -0.00608358 0.00396071
v -0.00789210 -0.00608094 0.00396832
v -0.00788655 -0.00609290 0.00393352
v -0.00788561 -0.00609496 0.00392752
v -0.00788522 -0.00609576 0.00392504
v -0.00788826 -0.00608922 0.00394428
v -0.00788754 -0.00609076 0.00393974
v -0.00787809 -0.00611121 0.00387923
v -0.00787726 -0.00611299 0.00387393
v -0.00787655 -0.00611452 0.00386933
v -0.00788355 -0.00609939 0.00391444
v -0.00789128 -0.00608271 0.00396317
v -0.00787843 -0.00611048 -0.00400647
v -0.00787682 -0.00611399 -0.00399593
v -0.00783982 -0.00619334 -0.00375313
v -0.00785715 -0.00615621 -0.00386888
v -0.00758029 -0.00674990 -0.00006248
v -0.00758139 -0.00674758 0.00019051
v -0.00758484 -0.00674020 0.00044320
v -0.00759064 -0.00672772 0.00069579
v -0.00759881 -0.00671020 0.00094740
v -0.00760937 -0.00668759 0.00119880
v -0.01438567 -0.00905205 0.00218973
v -0.01439985 -0.00895941 0.00256956
v -0.01480249 -0.00890034 0.00261383
v -0.01379648 -0.00926649 -0.00126531
v -0.01404668 -0.00917542 -0.00181823
v -0.01333050 -0.00922014 -0.00165974
v -0.01480249 -0.00890033 -0.00273883
v -0.01439984 -0.00895941 -0.00269456
v -0.01438567 -0.00905205 -0.00231472
v -0.01199875 -0.00885859 -0.00287870
v -0.01226204 -0.00894314 -0.00269032
v -0.01239135 -0.00871570 -0.00348730
v -0.01168589 -0.00897246 0.00209483
v -0.01226204 -0.00894314 0.00256532
v -0.01226203 -0.00915792 0.00152516
v -0.01865253 -0.00643682 -0.00507518
v -0.01846579 -0.00664131 -0.00495139
v -0.01926087 -0.00621540 -0.00472041
v -0.01411240 -0.00830693 -0.00455338
v -0.01359728 -0.00841901 -0.00436380
v -0.01333051 -0.00868276 -0.00372524
v -0.01292234 -0.00852243 -0.00410121
v -0.01285667 -0.00854634 -0.00403479
v -0.01439977 -0.00823213 -0.00465462
v -0.01439985 -0.00863951 -0.00370914
v -0.01462461 -0.00816751 -0.00473139
v -0.01545891 -0.00849447 -0.00365515
v -0.01750251 -0.00751625 -0.00433981
v -0.01659217 -0.00737267 -0.00529376
v -0.01649672 -0.00784457 -0.00450172
v -0.01562781 -0.00781403 -0.00504494
v -0.01545893 -0.00807935 -0.00461750
v -0.01750251 -0.00703662 -0.00519920
v -0.01752373 -0.00684766 -0.00547290
v -0.01706222 -0.00712028 -0.00539256
v -0.01800519 -0.00667242 -0.00534049
v -0.02100340 -0.00608839 -0.00043167
v -0.02155547 -0.00538023 -0.00116322
v -0.02100340 -0.00601335 -0.00116617
v -0.02137219 -0.00544694 -0.00187520
v -0.02100342 -0.00586404 -0.00188924
v -0.02110141 -0.00554550 -0.00255483
v -0.02100341 -0.00564202 -0.00259339
v -0.02074789 -0.00567417 -0.00318998
v -0.02074789 -0.00567417 0.00306498
v -0.02110140 -0.00554550 0.00242983
v -0.02100341 -0.00564203 0.00246840
v -0.02137221 -0.00544694 0.00175020
v -0.02100340 -0.00586404 0.00176424
v -0.02155546 -0.00538023 0.00103822
v -0.02100340 -0.00601335 0.00104116
v -0.02164792 -0.00534658 0.00030660
v -0.02100341 -0.00608838 0.00030666
v -0.02165952 -0.00534236 -0.00006250
v -0.02164792 -0.00534658 -0.00043161
v -0.01846578 -0.00709781 0.00400846
v -0.01926088 -0.00621540 0.00459541
v -0.01937656 -0.00659358 0.00375980
v -0.01981932 -0.00601214 0.00415752
v -0.02022539 -0.00600882 0.00347143
v -0.02031797 -0.00583065 0.00364432
v -0.01750252 -0.00703661 0.00507420
v -0.01658162 -0.00732439 0.00525375
v -0.01683115 -0.00719313 0.00530709
v -0.01865252 -0.00643682 0.00495018
v -0.01846579 -0.00664131 0.00482639
v -0.01800521 -0.00667242 0.00521549
v -0.01733042 -0.00691803 0.00538663
v -0.01729572 -0.00693066 0.00539273
v -0.01545894 -0.00783360 0.00495776
v -0.01619969 -0.00751243 0.00516291
v -0.01545891 -0.00807936 0.00449250
v -0.01649672 -0.00784457 0.00437672
v -0.01390055 -0.00832469 0.00442001
v -0.01439821 -0.00819506 0.00460581
v -0.01439983 -0.00821816 0.00456095
v -0.01506789 -0.00798031 0.00483545
v -0.01539512 -0.00785862 0.00493843
v -0.01333050 -0.00868276 0.00360024
v -0.01239135 -0.00871570 0.00336230
v -0.01285666 -0.00854634 0.00390979
v -0.01226204 -0.00926586 0.00046855
v -0.01132019 -0.00910557 0.00067406
v -0.01145835 -0.00905528 0.00139747
v -0.01226203 -0.00926587 -0.00059355
v -0.01127384 -0.00912244 -0.00006250
v -0.01129724 -0.00911392 0.00046146
v -0.01148844 -0.00904433 -0.00163463
v -0.01145837 -0.00905528 -0.00152247
v -0.01226204 -0.00915791 -0.00165016
v -0.01132017 -0.00910557 -0.00079906
v -0.01129725 -0.00911392 -0.00058646
v -0.01168590 -0.00897246 -0.00221983
v -0.01333052 -0.00900407 -0.00270617
v -0.02022539 -0.00673982 -0.00127798
v -0.01970624 -0.00711552 -0.00154775
v -0.01990888 -0.00704176 -0.00097319
v -0.02022540 -0.00682246 -0.00046906
v -0.01846579 -0.00746881 -0.00327337
v -0.01858015 -0.00752538 -0.00291937
v -0.01937656 -0.00694192 -0.00307725
v -0.01903103 -0.00736127 -0.00253674
v -0.01937657 -0.00720639 -0.00223848
v -0.01941045 -0.00722318 -0.00207458
v -0.01649672 -0.00824914 -0.00356383
v -0.01695240 -0.00811783 -0.00348221
v -0.01750251 -0.00790606 -0.00343613
v -0.01752385 -0.00790984 -0.00339983
v -0.01807234 -0.00771021 -0.00321019
v -0.01581406 -0.00853215 -0.00331811
v -0.01637630 -0.00832752 -0.00345467
v -0.01364307 -0.00932233 -0.00067373
v -0.01333051 -0.00932874 -0.00059676
v -0.01359137 -0.00934115 -0.00006250
v -0.01333050 -0.00932874 0.00047175
v -0.01364307 -0.00932233 0.00054873
v -0.01379648 -0.00926649 0.00114031
v -0.01333050 -0.00922014 0.00153474
v -0.01404670 -0.00917542 0.00169323
v -0.01333052 -0.00900406 0.00258118
v -0.01439984 -0.00863951 0.00358414
v -0.01545890 -0.00849447 0.00353015
v -0.01528379 -0.00872516 0.00295192
v -0.01750251 -0.00790606 0.00331113
v -0.01695239 -0.00811784 0.00335720
v -0.01649672 -0.00824914 0.00343883
v -0.01637629 -0.00832752 0.00332967
v -0.01581408 -0.00853215 0.00319311
v -0.01846578 -0.00746881 0.00314837
v -0.01807233 -0.00771021 0.00308519
v -0.01752385 -0.00790984 0.00327483
v -0.01937657 -0.00694192 0.00295225
v -0.01903104 -0.00736127 0.00241174
v -0.01858015 -0.00752538 0.00279437
v -0.02022538 -0.00673982 0.00115298
v -0.01970623 -0.00711552 0.00142275
v -0.02022539 -0.00657539 0.00194931
v -0.01941045 -0.00722317 0.00194958
v -0.01937656 -0.00720639 0.00211348
v -0.02001184 -0.00700429 -0.00036935
v -0.02002478 -0.00699957 -0.00006250
v -0.02022539 -0.00682246 0.00034406
v -0.02001184 -0.00700429 0.00024435
v -0.01990886 -0.00704177 0.00084818
v -0.01528378 -0.00872516 -0.00307692
v -0.01199877 -0.00885859 0.00275369
v -0.01846580 -0.00709780 -0.00413346
v -0.01937656 -0.00659358 -0.00388480
v -0.01937917 -0.00617234 -0.00463759
v -0.01649685 -0.00736747 0.00523452
v -0.01750250 -0.00751625 0.00421481
v -0.02022538 -0.00657539 -0.00207431
v -0.02022538 -0.00633088 -0.00284980
v -0.02022538 -0.00600882 -0.00359643
v -0.01981934 -0.00601213 -0.00428252
v -0.02022539 -0.00633088 0.00272481
v -0.01333061 -0.00844130 0.00419280
v -0.01300488 -0.00849239 0.00405649
v -0.02031797 -0.00583065 -0.00376933
v -0.01013056 -0.00804550 -0.00336855
v -0.01012620 -0.00804687 -0.00336002
v -0.00989125 -0.00811797 -0.00285529
v -0.00974782 -0.00815889 -0.00248784
v -0.00959438 -0.00820047 -0.00201163
v -0.00955633 -0.00821043 -0.00187298
v -0.00939327 -0.00825180 -0.00107235
v -0.00936473 -0.00825907 -0.00084915
v -0.00932221 -0.00827194 -0.00011795
v -0.00932693 -0.00827226 0.00018031
v -0.00938342 -0.00826139 0.00084884
v -0.00938186 -0.00826173 0.00083706
v -0.00943972 -0.00824838 0.00120635
v -0.00956842 -0.00821582 0.00177834
v -0.00957319 -0.00821456 0.00179609
v -0.00970128 -0.00817966 0.00221933
v -0.00970802 -0.00817777 0.00223936
v -0.00971410 -0.00817606 0.00225721
v -0.00988408 -0.00812688 0.00270659
v -0.00987787 -0.00812872 0.00269156
v -0.01008195 -0.00806659 0.00314233
v -0.01007743 -0.00806800 0.00313316
v -0.01010634 -0.00805896 0.00319130
v -0.01841600 -0.00591674 -0.00594630
v -0.01842098 -0.00592679 -0.00593570
v -0.01845104 -0.00591518 -0.00592217
v -0.01842266 -0.00568249 -0.00614585
v -0.01834148 -0.00541376 -0.00637726
v -0.01822641 -0.00553307 -0.00635067
v -0.01797482 -0.00505505 -0.00671877
v -0.01800288 -0.00510659 -0.00668719
v -0.01826195 -0.00517926 -0.00654380
v -0.01809851 -0.00528487 -0.00656599
v -0.01833890 -0.00540584 -0.00638339
v -0.01818817 -0.00545597 -0.00643066
v -0.01819141 -0.00546226 -0.00642531
v -0.01790170 -0.00492203 -0.00679352
v -0.01848030 -0.00590635 -0.00591246
v -0.01830387 -0.00568984 -0.00618544
v -0.01834026 -0.00576343 -0.00610787
v -0.01823187 -0.00554415 -0.00633900
v -0.01826430 -0.00560976 -0.00626984
v -0.01845385 -0.00579864 -0.00602994
v -0.01845643 -0.00580879 -0.00601929
v -0.01114712 -0.00813168 -0.00419978
v -0.01104436 -0.00817396 -0.00407525
v -0.01121469 -0.00835114 -0.00386110
v -0.01076562 -0.00806694 -0.00405234
v -0.01069599 -0.00811293 -0.00390859
v -0.01085456 -0.00828659 -0.00371833
v -0.01138491 -0.00850127 -0.00363656
v -0.01141508 -0.00849017 -0.00368211
v -0.01123104 -0.00808319 -0.00431282
v -0.01122056 -0.00805487 -0.00434606
v -0.01102051 -0.00790943 -0.00443246
v -0.01114812 -0.00783008 -0.00458132
v -0.01132540 -0.00830235 -0.00401939
v -0.01139445 -0.00842855 -0.00381078
v -0.01143006 -0.00848434 -0.00370482
v -0.01088042 -0.00797733 -0.00427299
v -0.01095926 -0.00823442 -0.00391351
v -0.01116079 -0.00838379 -0.00376205
v -0.01134650 -0.00851587 -0.00357717
v -0.01078581 -0.00830193 -0.00361880
v -0.01101620 -0.00843942 -0.00351873
v -0.01124703 -0.00855160 -0.00341288
v -0.01080753 -0.00851701 -0.00312723
v -0.01111244 -0.00859959 -0.00317441
v -0.01062611 -0.00858511 -0.00272213
v -0.01086835 -0.00868786 -0.00266183
v -0.01047200 -0.00864349 -0.00230533
v -0.01067530 -0.00875831 -0.00214322
v -0.01034520 -0.00869189 -0.00187877
v -0.01052230 -0.00881375 -0.00159583
v -0.01024573 -0.00873009 -0.00144436
v -0.01017367 -0.00875783 -0.00100403
v -0.01042018 -0.00885070 -0.00106302
v -0.01012899 -0.00877487 -0.00055970
v -0.01035872 -0.00887260 -0.00048548
v -0.01011172 -0.00878107 -0.00011329
v -0.01034614 -0.00887663 0.00003668
v -0.01012188 -0.00877654 0.00033331
v -0.01037579 -0.00886511 0.00058289
v -0.01015949 -0.00876142 0.00077820
v -0.01022451 -0.00873589 0.00121949
v -0.01044841 -0.00883851 0.00111710
v -0.01031699 -0.00870008 0.00165530
v -0.01056524 -0.00879763 0.00164204
v -0.01073531 -0.00873754 0.00218823
v -0.01052100 -0.00839845 0.00299360
v -0.01094476 -0.00866171 0.00270583
v -0.01073308 -0.00832305 0.00340088
v -0.01119722 -0.00856991 0.00320193
v -0.00982986 -0.00838764 -0.00197309
v -0.00971818 -0.00842122 -0.00151575
v -0.00963703 -0.00844528 -0.00105265
v -0.00958701 -0.00846037 -0.00058566
v -0.00956854 -0.00846683 -0.00011666
v -0.01010081 -0.00830647 0.00263642
v -0.01033692 -0.00846337 0.00257335
v -0.00993745 -0.00835868 0.00219405
v -0.01018108 -0.00851789 0.00214202
v -0.01029318 -0.00824323 0.00306790
v -0.01051415 -0.00816860 0.00348665
v -0.00962499 -0.00845273 0.00082002
v -0.00969913 -0.00843147 0.00128401
v -0.00980341 -0.00840023 0.00174263
v -0.01005368 -0.00856208 0.00170150
v -0.00995490 -0.00859601 0.00125364
v -0.00988499 -0.00861977 0.00080035
v -0.00958133 -0.00846441 0.00035252
v -0.00984413 -0.00863342 0.00034347
v -0.00983255 -0.00863703 -0.00011510
v -0.00985045 -0.00863068 -0.00057348
v -0.00989797 -0.00861443 -0.00102981
v -0.00997488 -0.00858821 -0.00148217
v -0.01008087 -0.00855189 -0.00192867
v -0.01021555 -0.00850537 -0.00236739
v -0.01037854 -0.00844854 -0.00279643
v -0.01056952 -0.00838126 -0.00321388
v -0.01362114 -0.00825620 -0.00468320
v -0.01350092 -0.00831989 -0.00456604
v -0.01400946 -0.00820264 -0.00476530
v -0.01321904 -0.00841155 -0.00437412
v -0.01407754 -0.00807905 -0.00496497
v -0.01451678 -0.00805917 -0.00495096
v -0.01452294 -0.00790905 -0.00518109
v -0.01501300 -0.00772772 -0.00536025
v -0.01551527 -0.00770089 -0.00527352
v -0.01541169 -0.00758393 -0.00546626
v -0.01702844 -0.00702320 -0.00555568
v -0.01652361 -0.00719678 -0.00558629
v -0.01648133 -0.00725869 -0.00552298
v -0.01601879 -0.00737039 -0.00556372
v -0.01551584 -0.00754681 -0.00548846
v -0.01880158 -0.00773392 0.00140698
v -0.01840129 -0.00797058 0.00136888
v -0.01852448 -0.00783478 0.00174451
v -0.01924081 -0.00757406 -0.00028660
v -0.01916560 -0.00760143 -0.00072760
v -0.01840128 -0.00806971 -0.00054134
v -0.01924080 -0.00757406 0.00016160
v -0.01925026 -0.00757062 -0.00006250
v -0.01840130 -0.00806971 0.00041634
v -0.01901762 -0.00765529 0.00102222
v -0.01916561 -0.00760143 0.00060260
v -0.01921085 -0.00758496 0.00039348
v -0.01819522 -0.00795463 0.00202396
v -0.01747996 -0.00840621 0.00143720
v -0.01782431 -0.00808962 0.00223634
v -0.01617504 -0.00868991 0.00231517
v -0.01658565 -0.00854046 0.00241490
v -0.01652013 -0.00875134 0.00149132
v -0.01700641 -0.00838731 0.00243501
v -0.01742378 -0.00823541 0.00237485
v -0.01488429 -0.00915970 0.00121976
v -0.01513183 -0.00906960 0.00158236
v -0.01553091 -0.00900270 0.00153074
v -0.01543627 -0.00895880 0.00189210
v -0.01578777 -0.00883086 0.00213902
v -0.01455176 -0.00928074 -0.00006250
v -0.01458951 -0.00926699 0.00038390
v -0.01553089 -0.00911305 0.00047048
v -0.01470155 -0.00922621 0.00081595
v -0.01513185 -0.00906960 -0.00170737
v -0.01488428 -0.00915970 -0.00134476
v -0.01553090 -0.00911304 -0.00059549
v -0.01470154 -0.00922622 -0.00094095
v -0.01458949 -0.00926700 -0.00050890
v -0.01543627 -0.00895880 -0.00201710
v -0.01553090 -0.00900270 -0.00165574
v -0.01578777 -0.00883086 -0.00226401
v -0.01652011 -0.00875134 -0.00161632
v -0.01617506 -0.00868990 -0.00244017
v -0.01782433 -0.00808962 -0.00236134
v -0.01742377 -0.00823541 -0.00249985
v -0.01747995 -0.00840621 -0.00156220
v -0.01700640 -0.00838732 -0.00256001
v -0.01658565 -0.00854046 -0.00253990
v -0.01901761 -0.00765530 -0.00114722
v -0.01880160 -0.00773392 -0.00153198
v -0.01840130 -0.00797058 -0.00149388
v -0.01852448 -0.00783478 -0.00186951
v -0.01819520 -0.00795463 -0.00214896
v -0.01652012 -0.00885895 -0.00058230
v -0.01747994 -0.00851008 -0.00056420
v -0.01652012 -0.00885895 0.00045730
v -0.01747994 -0.00851008 0.00043920
v -0.01083213 -0.00829582 0.00356034
v -0.01132451 -0.00852424 0.00341751
v -0.01125993 -0.00854731 0.00331038
v -0.01078161 -0.00831763 0.00346152
v -0.01095230 -0.00795472 0.00420835
v -0.01106970 -0.00788423 0.00435376
v -0.01117030 -0.00812904 0.00408905
v -0.01091693 -0.00825637 0.00371461
v -0.01099171 -0.00820689 0.00385860
v -0.01117340 -0.00837237 0.00366843
v -0.01133271 -0.00841741 0.00367437
v -0.01139279 -0.00849863 0.00352405
v -0.01081775 -0.00802136 0.00403569
v -0.01121957 -0.00822852 0.00396181
v -0.01127492 -0.00832726 0.00382043
v -0.01699107 -0.00495939 -0.00696657
v -0.01764764 -0.00488028 -0.00687929
v -0.01700567 -0.00584578 -0.00659724
v -0.01614465 -0.00628839 -0.00648727
v -0.01630364 -0.00651571 -0.00631269
v -0.01330334 -0.00770939 -0.00536578
v -0.01370051 -0.00755648 -0.00556796
v -0.01361159 -0.00739174 -0.00569908
v -0.01613537 -0.00667845 -0.00622214
v -0.01640019 -0.00658868 -0.00623791
v -0.01818934 -0.00600307 -0.00601627
v -0.01822661 -0.00598992 -0.00600522
v -0.01824709 -0.00597364 -0.00600751
v -0.01644655 -0.00657311 -0.00623951
v -0.01666893 -0.00649893 -0.00624221
v -0.01716416 -0.00605687 -0.00642599
v -0.01555883 -0.00687686 -0.00615096
v -0.01529573 -0.00669725 -0.00629644
v -0.01380689 -0.00751618 -0.00561671
v -0.01417943 -0.00737678 -0.00577120
v -0.01445058 -0.00706556 -0.00603306
v -0.01435074 -0.00731329 -0.00583442
v -0.01455234 -0.00723885 -0.00590303
v -0.01497363 -0.00708500 -0.00602596
v -0.01281532 -0.00790365 -0.00506675
v -0.01278650 -0.00767195 -0.00529756
v -0.01241906 -0.00806760 -0.00477166
v -0.01198768 -0.00790355 -0.00483259
v -0.01212938 -0.00819110 -0.00451680
v -0.01205308 -0.00822387 -0.00444316
v -0.01172633 -0.00836322 -0.00409110
v -0.01327358 -0.00663537 -0.00609852
v -0.01251400 -0.00699329 -0.00571625
v -0.01178536 -0.00734550 -0.00525560
v -0.01148961 -0.00769004 -0.00486398
v -0.01184808 -0.00754294 -0.00512784
v -0.01259948 -0.00723308 -0.00559599
v -0.01802993 -0.00565063 -0.00638046
v -0.01790914 -0.00547118 -0.00654170
v -0.01787565 -0.00570275 -0.00641280
v -0.01814287 -0.00581854 -0.00620205
v -0.01800234 -0.00587723 -0.00622868
v -0.01775954 -0.00600145 -0.00624614
v -0.01811191 -0.00602943 -0.00603884
v -0.01784792 -0.00611521 -0.00610799
v -0.01776889 -0.00614081 -0.00612560
v -0.01789797 -0.00527125 -0.00665039
v -0.01723975 -0.00631172 -0.00621030
v -0.01731543 -0.00625164 -0.00623073
v -0.01761917 -0.00581827 -0.00643591
v -0.01774095 -0.00551549 -0.00657771
v -0.01778137 -0.00528143 -0.00668472
v -0.01777552 -0.00507941 -0.00677408
v -0.01764743 -0.00508265 -0.00680850
v -0.01759924 -0.00531691 -0.00672227
v -0.01747086 -0.00562077 -0.00660416
v -0.01729906 -0.00489160 -0.00694561
v -0.01715554 -0.00518963 -0.00687080
v -0.01667319 -0.00538272 -0.00686184
v -0.01684153 -0.00562039 -0.00674301
v -0.01598236 -0.00604459 -0.00663437
v -0.01650213 -0.00513480 -0.00695226
v -0.01623682 -0.00558476 -0.00681816
v -0.01750820 -0.00487611 -0.00691198
v -0.01745161 -0.00510846 -0.00684529
v -0.01731591 -0.00541066 -0.00674956
v -0.01484494 -0.00589814 -0.00665728
v -0.01565413 -0.00551700 -0.00683968
v -0.01191566 -0.00772927 -0.00498654
v -0.01269055 -0.00745981 -0.00545601
v -0.01338128 -0.00690196 -0.00598978
v -0.01405190 -0.00627027 -0.00641074
v -0.01349428 -0.00715476 -0.00585614
v -0.01431445 -0.00681568 -0.00618650
v -0.01418113 -0.00654980 -0.00631294
v -0.01514426 -0.00644542 -0.00644623
v -0.01499351 -0.00617823 -0.00656706
v -0.01581830 -0.00578667 -0.00675238
v -0.01606729 -0.00532429 -0.00690604
v -0.01670482 -0.00714136 0.00545638
v -0.01626746 -0.00734179 0.00539080
v -0.01618818 -0.00732201 0.00545211
v -0.01717641 -0.00697385 0.00541167
v -0.01339361 -0.00834738 0.00439152
v -0.01378809 -0.00819686 0.00466991
v -0.01380511 -0.00824298 0.00458755
v -0.01422582 -0.00803023 0.00491932
v -0.01430807 -0.00810740 0.00478413
v -0.01468802 -0.00785737 0.00512478
v -0.01480587 -0.00794845 0.00496339
v -0.01517635 -0.00767921 0.00528511
v -0.01530134 -0.00776611 0.00512566
v -0.01567578 -0.00750135 0.00539435
v -0.01154700 -0.00767068 0.00478673
v -0.01865193 -0.00573467 -0.00594252
v -0.02177734 -0.00400164 0.00317296
v -0.02158717 -0.00410410 0.00353578
v -0.02237303 -0.00356591 -0.00093072
v -0.02243052 -0.00353447 -0.00019894
v -0.01303812 -0.00672513 0.00590988
v -0.01314359 -0.00698469 0.00579871
v -0.01259437 -0.00722066 0.00550481
v -0.01325473 -0.00723044 0.00566401
v -0.01337053 -0.00746049 0.00550721
v -0.01279335 -0.00765848 0.00520938
v -0.01647989 -0.00516833 0.00686234
v -0.01746229 -0.00492076 0.00681816
v -0.01783779 -0.00493872 0.00671505
v -0.01794282 -0.00511940 0.00660822
v -0.01867647 -0.00525684 0.00617881
v -0.01864008 -0.00511729 0.00628038
v -0.01905027 -0.00502738 0.00606153
v -0.01837216 -0.00527983 0.00634047
v -0.01870835 -0.00539208 0.00607012
v -0.02207958 -0.00458354 0.00109203
v -0.02204641 -0.00459774 0.00128301
v -0.02208957 -0.00450680 0.00128437
v -0.01156359 -0.00843146 0.00376146
v -0.01185920 -0.00831098 0.00411346
v -0.01183663 -0.00826368 0.00418278
v -0.01219911 -0.00816795 0.00445602
v -0.01417333 -0.00738481 0.00566823
v -0.01395636 -0.00724163 0.00576823
v -0.01454201 -0.00724997 0.00579926
v -0.01454731 -0.00700211 0.00599306
v -0.01516509 -0.00702508 0.00597240
v -0.01514120 -0.00674258 0.00618162
v -0.01711858 -0.00607384 0.00633150
v -0.01683289 -0.00645418 0.00613288
v -0.01650350 -0.00639265 0.00626715
v -0.01630668 -0.00662939 0.00613094
v -0.01589541 -0.00669412 0.00615606
v -0.01574820 -0.00681993 0.00607939
v -0.01529118 -0.00697489 0.00600436
v -0.01789805 -0.00592206 0.00613949
v -0.01788360 -0.00610913 0.00598640
v -0.01757235 -0.00609372 0.00615182
v -0.01737957 -0.00627540 0.00608257
v -0.01726428 -0.00626518 0.00613770
v -0.01808183 -0.00584040 0.00611088
v -0.01810400 -0.00603319 0.00592943
v -0.01800464 -0.00606744 0.00595653
v -0.01819158 -0.00600366 0.00590274
v -0.01818400 -0.00599162 0.00591910
v -0.01828096 -0.00597506 0.00587171
v -0.01837907 -0.00590990 0.00586789
v -0.01839374 -0.00594156 0.00582650
v -0.01862236 -0.00586702 0.00572892
v -0.01877597 -0.00576798 0.00570463
v -0.01866343 -0.00584719 0.00571650
v -0.01940172 -0.00551388 0.00538621
v -0.01922691 -0.00564608 0.00542030
v -0.01876188 -0.00581391 0.00566918
v -0.02009818 -0.00533071 0.00477680
v -0.01994648 -0.00538597 0.00490756
v -0.01997153 -0.00529238 0.00498466
v -0.01967991 -0.00548265 0.00511706
v -0.01939378 -0.00558597 0.00531585
v -0.02046606 -0.00519620 0.00442021
v -0.02048413 -0.00510515 0.00450636
v -0.02080528 -0.00507249 0.00402804
v -0.02093543 -0.00495353 0.00395503
v -0.02089544 -0.00503955 0.00391120
v -0.02114345 -0.00494797 0.00355737
v -0.02138500 -0.00469919 0.00338454
v -0.02128989 -0.00489349 0.00332062
v -0.02193726 -0.00453849 0.00199949
v -0.02187265 -0.00466934 0.00198896
v -0.02182907 -0.00468692 0.00212590
v -0.02170408 -0.00460110 0.00270669
v -0.02164691 -0.00475874 0.00261040
v -0.02161912 -0.00476941 0.00267508
v -0.02141481 -0.00484681 0.00309736
v -0.02196889 -0.00463016 0.00163978
v -0.02214522 -0.00455423 0.00052538
v -0.02216681 -0.00450100 0.00056753
v -0.02216498 -0.00454378 -0.00006250
v -0.02217470 -0.00451612 -0.00014839
v -0.02215343 -0.00454574 -0.00039290
v -0.02211859 -0.00454723 -0.00086122
v -0.02209900 -0.00456497 -0.00097180
v -0.02199852 -0.00459247 -0.00157012
v -0.02199976 -0.00460272 -0.00153696
v -0.02185620 -0.00465869 -0.00208619
v -0.02181092 -0.00465438 -0.00226885
v -0.02179896 -0.00468111 -0.00226420
v -0.02166887 -0.00473196 -0.00261671
v -0.02155233 -0.00473582 -0.00295022
v -0.02152955 -0.00478612 -0.00293821
v -0.02143873 -0.00482123 -0.00312521
v -0.02121931 -0.00483964 -0.00360709
v -0.02117624 -0.00492175 -0.00359365
v -0.02080957 -0.00496913 -0.00422925
v -0.02076487 -0.00507745 -0.00417981
v -0.02088082 -0.00503408 -0.00402851
v -0.02115360 -0.00493049 -0.00362980
v -0.02054705 -0.00515877 -0.00443911
v -0.02032548 -0.00512896 -0.00479608
v -0.02028210 -0.00525679 -0.00471770
v -0.02005662 -0.00522171 -0.00505174
v -0.02019688 -0.00528821 -0.00479972
v -0.01977119 -0.00532278 -0.00528709
v -0.01981810 -0.00542679 -0.00512671
v -0.01882446 -0.00567065 -0.00586504
v -0.01893129 -0.00574642 -0.00570316
v -0.01915239 -0.00554690 -0.00569793
v -0.01939384 -0.00558057 -0.00543219
v -0.01947055 -0.00543120 -0.00550227
v -0.01830525 -0.00576966 0.00604099
v -0.01875817 -0.00564803 0.00583271
v -0.01940994 -0.00540385 0.00548723
v -0.01999583 -0.00518497 0.00506770
v -0.02052147 -0.00499401 0.00457649
v -0.02098671 -0.00483152 0.00401332
v -0.01743287 -0.00591033 0.00634188
v -0.01777256 -0.00574981 0.00632274
v -0.01797136 -0.00567670 0.00628721
v -0.01175872 -0.00813286 0.00434749
v -0.01232073 -0.00800748 0.00470662
v -0.01258081 -0.00800739 0.00477985
v -0.01289963 -0.00785378 0.00503514
v -0.01300689 -0.00783265 0.00508078
v -0.01574005 -0.00646504 0.00633173
v -0.01634666 -0.00617182 0.00644077
v -0.01696594 -0.00586657 0.00650228
v -0.01728591 -0.00571230 0.00651048
v -0.01763939 -0.00556479 0.00648722
v -0.02114240 -0.00431419 0.00421802
v -0.02107460 -0.00457821 0.00412156
v -0.02063002 -0.00452186 0.00482799
v -0.02058401 -0.00476303 0.00470826
v -0.02005513 -0.00472594 0.00536684
v -0.02003311 -0.00496092 0.00522414
v -0.01940312 -0.00492795 0.00584866
v -0.01830654 -0.00512547 0.00645382
v -0.01908231 -0.00528296 0.00587397
v -0.01941446 -0.00517255 0.00567685
v -0.01823597 -0.00496609 0.00655676
v -0.01681248 -0.00504758 0.00687436
v -0.01720362 -0.00494735 0.00685652
v -0.01735388 -0.00516215 0.00675525
v -0.01759803 -0.00512254 0.00671357
v -0.01772866 -0.00531658 0.00658956
v -0.01804253 -0.00529367 0.00648666
v -0.01813651 -0.00546070 0.00635112
v -0.01843262 -0.00542861 0.00621721
v -0.01848767 -0.00557126 0.00608453
v -0.01873561 -0.00552260 0.00595464
v -0.01697445 -0.00527922 0.00677803
v -0.01749947 -0.00536844 0.00663177
v -0.01785336 -0.00550170 0.00644711
v -0.01822422 -0.00561965 0.00620231
v -0.01859926 -0.00497381 0.00637451
v -0.01382761 -0.00699925 0.00592331
v -0.01440685 -0.00675311 0.00614575
v -0.01499077 -0.00649230 0.00633198
v -0.01558243 -0.00621886 0.00648016
v -0.01618581 -0.00593519 0.00658790
v -0.01680765 -0.00564528 0.00664862
v -0.01713269 -0.00550136 0.00665630
v -0.01469462 -0.00594758 0.00654545
v -0.01526687 -0.00568473 0.00668882
v -0.01585830 -0.00542343 0.00679649
v -0.01358278 -0.00646841 0.00615683
v -0.01413506 -0.00620946 0.00636785
v -0.01370268 -0.00674079 0.00605336
v -0.01426898 -0.00648811 0.00627122
v -0.01484143 -0.00622649 0.00645381
v -0.01542420 -0.00595796 0.00659974
v -0.01602253 -0.00568499 0.00670700
v -0.01664519 -0.00541190 0.00676912
v -0.01205897 -0.00744937 0.00516888
v -0.01168425 -0.00798995 0.00450353
v -0.01222899 -0.00783525 0.00487445
v -0.01914676 -0.00527532 -0.00591983
v -0.01912040 -0.00498579 -0.00611606
v -0.01879301 -0.00539140 -0.00610706
v -0.01874039 -0.00509176 -0.00631918
v -0.01860300 -0.00544945 -0.00619696
v -0.01853246 -0.00514208 -0.00641839
v -0.01981126 -0.00505246 -0.00547145
v -0.02040109 -0.00484213 -0.00495121
v -0.02015128 -0.00465443 -0.00537089
v -0.02091592 -0.00464914 -0.00435723
v -0.02073246 -0.00442643 -0.00478469
v -0.02045228 -0.00454068 -0.00508741
v -0.02184208 -0.00425924 0.00275906
v -0.02149950 -0.00440778 0.00346632
v -0.02194244 -0.00390284 0.00279872
v -0.02209202 -0.00414245 0.00202277
v -0.02219543 -0.00372950 0.00203414
v -0.02225309 -0.00406813 0.00128602
v -0.01983013 -0.00476697 -0.00563522
v -0.01948909 -0.00487813 -0.00588253
v -0.02099106 -0.00431353 -0.00446594
v -0.02144042 -0.00409951 -0.00379438
v -0.02206465 -0.00375846 -0.00238467
v -0.02179634 -0.00391242 -0.00309752
v -0.02235335 -0.00361093 0.00127879
v -0.02233319 -0.00403415 0.00055378
v -0.02242769 -0.00354780 0.00053599
v -0.02234077 -0.00403531 -0.00017466
v -0.02228373 -0.00406675 -0.00090015
v -0.02216152 -0.00412717 -0.00162220
v -0.02225402 -0.00364162 -0.00166077
v -0.02196871 -0.00421625 -0.00233535
v -0.02170006 -0.00433344 -0.00303353
v -0.02135018 -0.00447819 -0.00371069
v -0.01347798 -0.00764674 0.00535412
v -0.01399386 -0.00745126 0.00559607
v -0.01941420 -0.00528999 0.00558417
v -0.02001636 -0.00507442 0.00514757
v -0.02055477 -0.00487990 0.00464382
v -0.02103312 -0.00470633 0.00406886
v -0.01372980 -0.00912833 -0.00064689
v -0.01387649 -0.00907494 -0.00121251
v -0.01411573 -0.00898787 -0.00174115
v -0.01443981 -0.00886991 -0.00221584
v -0.01483835 -0.00872486 -0.00262133
v -0.01529849 -0.00855738 -0.00294457
v -0.01580550 -0.00837284 -0.00317518
v -0.01634305 -0.00817719 -0.00330575
v -0.01689384 -0.00797671 -0.00333207
v -0.01744024 -0.00777784 -0.00325331
v -0.01796462 -0.00758698 -0.00307199
v -0.01845014 -0.00741027 -0.00279395
v -0.01888124 -0.00725336 -0.00242811
v -0.01924399 -0.00712133 -0.00198624
v -0.01952681 -0.00701840 -0.00148254
v -0.01972054 -0.00694788 -0.00093320
v -0.01981898 -0.00691205 -0.00035588
v -0.01983136 -0.00690755 -0.00006250
v -0.01981897 -0.00691205 0.00023088
v -0.01972053 -0.00694789 0.00080820
v -0.01952680 -0.00701840 0.00135754
v -0.01924399 -0.00712133 0.00186124
v -0.01888124 -0.00725336 0.00230311
v -0.01845015 -0.00741027 0.00266895
v -0.01796463 -0.00758698 0.00294699
v -0.01744022 -0.00777785 0.00312831
v -0.01689384 -0.00797671 0.00320707
v -0.01634304 -0.00817719 0.00318075
v -0.01580550 -0.00837284 0.00305018
v -0.01529849 -0.00855737 0.00281957
v -0.01483834 -0.00872486 0.00249633
v -0.01443980 -0.00886991 0.00209085
v -0.01411573 -0.00898787 0.00161615
v -0.01387650 -0.00907494 0.00108750
v -0.01372983 -0.00912833 0.00052189
v -0.01368040 -0.00914632 -0.00006250
v -0.01388915 -0.00898973 -0.00061112
v -0.01402688 -0.00893961 -0.00114210
v -0.01425145 -0.00885787 -0.00163838
v -0.01455571 -0.00874713 -0.00208402
v -0.01492983 -0.00861096 -0.00246468
v -0.01536182 -0.00845373 -0.00276813
v -0.01583777 -0.00828050 -0.00298462
v -0.01634240 -0.00809682 -0.00310719
v -0.01685951 -0.00790862 -0.00313190
v -0.01737243 -0.00772193 -0.00305796
v -0.01786471 -0.00754275 -0.00288775
v -0.01832051 -0.00737685 -0.00262673
v -0.01872521 -0.00722956 -0.00228329
v -0.01906577 -0.00710560 -0.00186847
v -0.01933125 -0.00700897 -0.00139561
v -0.01951313 -0.00694278 -0.00087990
v -0.01960557 -0.00690914 -0.00033791
v -0.01961717 -0.00690491 -0.00006250
v -0.01960555 -0.00690914 0.00021291
v -0.01951313 -0.00694278 0.00075490
v -0.01933125 -0.00700897 0.00127061
v -0.01906577 -0.00710560 0.00174347
v -0.01872521 -0.00722955 0.00215829
v -0.01832053 -0.00737685 0.00250173
v -0.01786471 -0.00754275 0.00276275
v -0.01737244 -0.00772192 0.00293296
v -0.01685950 -0.00790862 0.00300690
v -0.01634242 -0.00809682 0.00298219
v -0.01583779 -0.00828049 0.00285962
v -0.01536183 -0.00845373 0.00264313
v -0.01492982 -0.00861096 0.00233968
v -0.01455570 -0.00874713 0.00195902
v -0.01425145 -0.00885787 0.00151338
v -0.01402686 -0.00893961 0.00101710
v -0.01388915 -0.00898973 0.00048611
v -0.01384276 -0.00900662 -0.00006250
v -0.01409187 -0.00893198 -0.00057296
v -0.01422002 -0.00888534 -0.00106702
v -0.01442897 -0.00880929 -0.00152879
v -0.01471205 -0.00870625 -0.00194343
v -0.01506017 -0.00857955 -0.00229762
v -0.01546212 -0.00843325 -0.00257996
v -0.01590498 -0.00827206 -0.00278140
v -0.01637453 -0.00810116 -0.00289545
v -0.01685565 -0.00792605 -0.00291845
v -0.01733291 -0.00775234 -0.00284965
v -0.01779094 -0.00758563 -0.00269127
v -0.01821506 -0.00743126 -0.00244840
v -0.01859160 -0.00729421 -0.00212884
v -0.01890848 -0.00717888 -0.00174288
v -0.01915549 -0.00708897 -0.00130290
v -0.01932472 -0.00702738 -0.00082305
v -0.01941073 -0.00699608 -0.00031876
v -0.01942155 -0.00699214 -0.00006250
v -0.01941071 -0.00699608 0.00019376
v -0.01932472 -0.00702738 0.00069805
v -0.01915551 -0.00708897 0.00117790
v -0.01890847 -0.00717888 0.00161787
v -0.01859161 -0.00729421 0.00200384
v -0.01821507 -0.00743126 0.00232340
v -0.01779094 -0.00758563 0.00256627
v -0.01733292 -0.00775234 0.00272465
v -0.01685566 -0.00792605 0.00279345
v -0.01637450 -0.00810117 0.00277045
v -0.01590497 -0.00827206 0.00265640
v -0.01546213 -0.00843325 0.00245497
v -0.01506017 -0.00857955 0.00217262
v -0.01471205 -0.00870625 0.00181843
v -0.01442897 -0.00880929 0.00140379
v -0.01422002 -0.00888534 0.00094202
v -0.01409189 -0.00893198 0.00044796
v -0.01404872 -0.00894769 -0.00006250
v -0.01430076 -0.00896566 -0.00053944
v -0.01442045 -0.00892210 -0.00100104
v -0.01461569 -0.00885103 -0.00143249
v -0.01488019 -0.00875477 -0.00181990
v -0.01520544 -0.00863639 -0.00215082
v -0.01558098 -0.00849970 -0.00241462
v -0.01599476 -0.00834910 -0.00260283
v -0.01643347 -0.00818942 -0.00270939
v -0.01688301 -0.00802580 -0.00273087
v -0.01732889 -0.00786351 -0.00266659
v -0.01775687 -0.00770774 -0.00251861
v -0.01815312 -0.00756352 -0.00229169
v -0.01850494 -0.00743547 -0.00199313
v -0.01880099 -0.00732771 -0.00163251
v -0.01903180 -0.00724370 -0.00122143
v -0.01918991 -0.00718616 -0.00077310
v -0.01927027 -0.00715691 -0.00030193
v -0.01928035 -0.00715324 -0.00006250
v -0.01927024 -0.00715692 0.00017693
v -0.01918992 -0.00718616 0.00064810
v -0.01903178 -0.00724371 0.00109643
v -0.01880101 -0.00732771 0.00150751
v -0.01850493 -0.00743547 0.00186813
v -0.01815312 -0.00756352 0.00216670
v -0.01775685 -0.00770774 0.00239361
v -0.01732891 -0.00786350 0.00254159
v -0.01688300 -0.00802580 0.00260587
v -0.01643347 -0.00818942 0.00258439
v -0.01599475 -0.00834910 0.00247783
v -0.01558099 -0.00849970 0.00228962
v -0.01520545 -0.00863638 0.00202582
v -0.01488021 -0.00875476 0.00169489
v -0.01461569 -0.00885104 0.00130748
v -0.01442045 -0.00892210 0.00087604
v -0.01430074 -0.00896567 0.00041444
v -0.01426040 -0.00898035 -0.00006250
v -0.01447742 -0.00908462 -0.00051669
v -0.01459143 -0.00904312 -0.00095628
v -0.01477736 -0.00897545 -0.00136715
v -0.01502924 -0.00888377 -0.00173608
v -0.01533899 -0.00877104 -0.00205122
v -0.01569661 -0.00864087 -0.00230244
v -0.01609065 -0.00849745 -0.00248167
v -0.01650843 -0.00834539 -0.00258315
v -0.01693652 -0.00818958 -0.00260361
v -0.01736116 -0.00803502 -0.00254240
v -0.01776870 -0.00788669 -0.00240148
v -0.01814608 -0.00774934 -0.00218538
v -0.01848110 -0.00762740 -0.00190105
v -0.01876306 -0.00752478 -0.00155763
v -0.01898285 -0.00744478 -0.00116616
v -0.01913340 -0.00738998 -0.00073921
v -0.01920993 -0.00736213 -0.00029051
v -0.01921954 -0.00735863 -0.00006250
v -0.01920993 -0.00736213 0.00016551
v -0.01913340 -0.00738998 0.00061421
v -0.01898285 -0.00744478 0.00104116
v -0.01876306 -0.00752478 0.00143263
v -0.01848111 -0.00762740 0.00177605
v -0.01814607 -0.00774934 0.00206038
v -0.01776871 -0.00788669 0.00227647
v -0.01736117 -0.00803502 0.00241739
v -0.01693651 -0.00818958 0.00247861
v -0.01650842 -0.00834540 0.00245815
v -0.01609064 -0.00849745 0.00235667
v -0.01569662 -0.00864087 0.00217744
v -0.01533898 -0.00877104 0.00192622
v -0.01502925 -0.00888377 0.00161108
v -0.01477736 -0.00897545 0.00124215
v -0.01459143 -0.00904312 0.00083128
v -0.01447743 -0.00908462 0.00039169
v -0.01443902 -0.00909860 -0.00006250
v -0.01049876 -0.00873762 -0.00088594
v -0.01065324 -0.00868140 -0.00169469
v -0.01355836 -0.00759264 0.00514931
v -0.01292954 -0.00782151 0.00472212
v -0.01937611 -0.00550653 0.00514485
v -0.01334242 -0.00818761 0.00436549
v -0.01392436 -0.00797580 0.00476084
v -0.01142341 -0.00888607 -0.00151561
v -0.01128591 -0.00893612 -0.00079559
v -0.01658093 -0.00700889 -0.00555956
v -0.01589087 -0.00726005 -0.00553501
v -0.01918927 -0.00605954 -0.00469852
v -0.01858378 -0.00627991 -0.00505162
v -0.02143375 -0.00475761 -0.00284882
v -0.02055793 -0.00507639 -0.00420658
v -0.01721794 -0.00629204 -0.00615440
v -0.01494761 -0.00708699 -0.00584371
v -0.01568326 -0.00681924 -0.00597576
v -0.01280872 -0.00789687 -0.00503619
v -0.01125738 -0.00846151 -0.00321089
v -0.01169629 -0.00830176 -0.00389129
v -0.01221648 -0.00811243 -0.00450336
v -0.01355836 -0.00759264 -0.00527431
v -0.01423507 -0.00734633 -0.00560850
v -0.01642887 -0.00654786 -0.00600229
v -0.01797234 -0.00601747 -0.00596308
v -0.01869603 -0.00575406 -0.00566647
v -0.01937611 -0.00550653 -0.00526985
v -0.02000046 -0.00527929 -0.00478031
v -0.02103854 -0.00490146 -0.00355890
v -0.02194138 -0.00457285 -0.00129306
v -0.02173650 -0.00464742 -0.00208902
v -0.01793949 -0.00651442 -0.00531569
v -0.01726789 -0.00675886 -0.00548602
v -0.01521007 -0.00750785 -0.00541280
v -0.01392436 -0.00797580 -0.00488584
v -0.01455065 -0.00774786 -0.00519512
v -0.01334242 -0.00818762 -0.00449049
v -0.01281516 -0.00837952 -0.00401613
v -0.01164989 -0.00880364 -0.00220969
v -0.01196129 -0.00869031 -0.00286546
v -0.01235205 -0.00854808 -0.00347121
v -0.01128590 -0.00893613 0.00067059
v -0.01123980 -0.00895291 -0.00006250
v -0.01281516 -0.00837952 0.00389112
v -0.01235202 -0.00854809 0.00334620
v -0.01196130 -0.00869030 0.00274046
v -0.01164991 -0.00880364 0.00208470
v -0.01142343 -0.00888607 0.00139061
v -0.01455065 -0.00774786 0.00507012
v -0.01521008 -0.00750784 0.00528780
v -0.01589087 -0.00726005 0.00541001
v -0.01658094 -0.00700889 0.00543456
v -0.01726789 -0.00675886 0.00536102
v -0.01974511 -0.00585723 -0.00426269
v -0.02024140 -0.00567659 -0.00375190
v -0.02066928 -0.00552085 -0.00317528
v -0.02102115 -0.00539279 -0.00254311
v -0.02129069 -0.00529468 -0.00186668
v -0.02147308 -0.00522829 -0.00115805
v -0.02156511 -0.00519480 -0.00042987
v -0.02157664 -0.00519060 -0.00006250
v -0.02156512 -0.00519480 0.00030487
v -0.02147308 -0.00522829 0.00103305
v -0.02129068 -0.00529468 0.00174168
v -0.02102115 -0.00539279 0.00241812
v -0.02066928 -0.00552085 0.00305028
v -0.02024141 -0.00567659 0.00362691
v -0.01974510 -0.00585723 0.00413769
v -0.01918926 -0.00605954 0.00457352
v -0.01858378 -0.00627991 0.00492662
v -0.01793950 -0.00651441 0.00519069
v -0.02204476 -0.00453523 -0.00047514
v -0.02205773 -0.00453051 -0.00006250
v -0.02204477 -0.00453522 0.00035014
v -0.02194139 -0.00457285 0.00116806
v -0.02173650 -0.00464742 0.00196402
v -0.02143374 -0.00475762 0.00272382
v -0.02103855 -0.00490146 0.00343390
v -0.02055792 -0.00507639 0.00408158
v -0.02000045 -0.00527929 0.00465531
v -0.01721796 -0.00629204 0.00602940
v -0.01797235 -0.00601746 0.00583808
v -0.01869603 -0.00575406 0.00554147
v -0.01644634 -0.00657288 0.00611201
v -0.01494760 -0.00708699 0.00571871
v -0.01423509 -0.00734633 0.00548350
v -0.01221648 -0.00811242 0.00437836
v -0.01280872 -0.00789687 0.00491119
v -0.01169627 -0.00830176 0.00376629
v -0.01125738 -0.00846151 0.00308589
v -0.01090763 -0.00858881 0.00234931
v -0.01065325 -0.00868140 0.00156969
v -0.01049876 -0.00873763 0.00076094
v -0.01044697 -0.00875648 -0.00006250
v -0.01090763 -0.00858881 -0.00247431
v -0.01717116 -0.00627769 -0.00592282
v -0.01789687 -0.00601355 -0.00573878
v -0.01859304 -0.00576016 -0.00545344
v -0.01924728 -0.00552204 -0.00507190
v -0.01984790 -0.00530343 -0.00460097
v -0.02038417 -0.00510825 -0.00404905
v -0.02084650 -0.00493997 -0.00342599
v -0.02122670 -0.00480159 -0.00274290
v -0.02151795 -0.00469558 -0.00201199
v -0.02171503 -0.00462385 -0.00124629
v -0.02181449 -0.00458765 -0.00045945
v -0.02182696 -0.00458311 -0.00006250
v -0.02181450 -0.00458765 0.00033446
v -0.02171503 -0.00462385 0.00112128
v -0.02151795 -0.00469558 0.00188699
v -0.02122671 -0.00480159 0.00261790
v -0.02084653 -0.00493996 0.00330099
v -0.02038416 -0.00510825 0.00392405
v -0.01984790 -0.00530343 0.00447597
v -0.01924729 -0.00552204 0.00494690
v -0.01859305 -0.00576016 0.00532844
v -0.01789686 -0.00601355 0.00561378
v -0.01717114 -0.00627769 0.00579782
v -0.01642886 -0.00654786 0.00587729
v -0.01568326 -0.00681924 0.00585076
v -0.01235982 -0.00802887 0.00420955
v -0.01185939 -0.00821101 0.00362074
v -0.01143718 -0.00836468 0.00296621
v -0.01110071 -0.00848715 0.00225763
v -0.01085598 -0.00857622 0.00150764
v -0.01070740 -0.00863030 0.00072964
v -0.01065757 -0.00864844 -0.00006250
v -0.01070739 -0.00863030 -0.00085464
v -0.01085599 -0.00857622 -0.00163264
v -0.01110072 -0.00848715 -0.00238262
v -0.01143718 -0.00836468 -0.00309121
v -0.01185938 -0.00821101 -0.00374575
v -0.01235982 -0.00802887 -0.00433455
v -0.01292954 -0.00782151 -0.00484712
v -0.01094220 -0.00863191 -0.00082504
v -0.01108527 -0.00857984 -0.00157397
v -0.01132084 -0.00849410 -0.00229592
v -0.01164473 -0.00837622 -0.00297802
v -0.01205118 -0.00822828 -0.00360810
v -0.01253288 -0.00805295 -0.00417490
v -0.01308130 -0.00785334 -0.00466832
v -0.01368663 -0.00763302 -0.00507954
v -0.01433807 -0.00739592 -0.00540124
v -0.01502398 -0.00714627 -0.00562767
v -0.01573213 -0.00688852 -0.00575478
v -0.01644988 -0.00662728 -0.00578032
v -0.01716443 -0.00636721 -0.00570382
v -0.01786302 -0.00611294 -0.00552665
v -0.01853320 -0.00586902 -0.00525198
v -0.01916297 -0.00563980 -0.00488470
v -0.01974114 -0.00542936 -0.00443136
v -0.02025737 -0.00524147 -0.00390007
v -0.02070243 -0.00507948 -0.00330029
v -0.02106843 -0.00494627 -0.00264273
v -0.02134877 -0.00484423 -0.00193914
v -0.02153850 -0.00477517 -0.00120205
v -0.02163424 -0.00474033 -0.00044462
v -0.02164625 -0.00473596 -0.00006250
v -0.02163423 -0.00474033 0.00031962
v -0.02153850 -0.00477517 0.00107704
v -0.02134878 -0.00484423 0.00181414
v -0.02106841 -0.00494628 0.00251773
v -0.02070243 -0.00507948 0.00317529
v -0.02025735 -0.00524148 0.00377507
v -0.01974114 -0.00542937 0.00430637
v -0.01916296 -0.00563980 0.00475970
v -0.01853320 -0.00586902 0.00512698
v -0.01786302 -0.00611294 0.00540166
v -0.01716442 -0.00636721 0.00557882
v -0.01644987 -0.00662728 0.00565532
v -0.01573214 -0.00688852 0.00562978
v -0.01502397 -0.00714627 0.00550266
v -0.01433808 -0.00739592 0.00527624
v -0.01368663 -0.00763302 0.00495454
v -0.01308131 -0.00785334 0.00454332
v -0.01253289 -0.00805295 0.00404990
v -0.01205117 -0.00822829 0.00348310
v -0.01164473 -0.00837621 0.00285302
v -0.01132084 -0.00849410 0.00217093
v -0.01108527 -0.00857984 0.00144897
v -0.01094222 -0.00863191 0.00070004
v -0.01089424 -0.00864937 -0.00006250
v -0.01115062 -0.00874208 -0.00080377
v -0.01128967 -0.00869147 -0.00153180
v -0.01151868 -0.00860812 -0.00223363
v -0.01183355 -0.00849352 -0.00289670
v -0.01222864 -0.00834971 -0.00350920
v -0.01269693 -0.00817927 -0.00406019
v -0.01323004 -0.00798523 -0.00453984
v -0.01381849 -0.00777105 -0.00493960
v -0.01445175 -0.00754057 -0.00525232
v -0.01511854 -0.00729788 -0.00547243
v -0.01580694 -0.00704732 -0.00559600
v -0.01650465 -0.00679337 -0.00562083
v -0.01719927 -0.00654055 -0.00554647
v -0.01787837 -0.00629338 -0.00537424
v -0.01852984 -0.00605626 -0.00510723
v -0.01914207 -0.00583343 -0.00475019
v -0.01970410 -0.00562887 -0.00430950
v -0.02020594 -0.00544621 -0.00379303
v -0.02063860 -0.00528874 -0.00320998
v -0.02099436 -0.00515925 -0.00257076
v -0.02126690 -0.00506005 -0.00188679
v -0.02145135 -0.00499292 -0.00117026
v -0.02154441 -0.00495905 -0.00043396
v -0.02155605 -0.00495481 -0.00006250
v -0.02154439 -0.00495905 0.00030896
v -0.02145136 -0.00499292 0.00104526
v -0.02126691 -0.00506005 0.00176179
v -0.02099436 -0.00515925 0.00244576
v -0.02063859 -0.00528874 0.00308498
v -0.02020594 -0.00544621 0.00366802
v -0.01970412 -0.00562886 0.00418450
v -0.01914207 -0.00583343 0.00462519
v -0.01852985 -0.00605626 0.00498223
v -0.01787837 -0.00629338 0.00524924
v -0.01719927 -0.00654055 0.00542147
v -0.01650467 -0.00679337 0.00549583
v -0.01580693 -0.00704732 0.00547101
v -0.01511853 -0.00729788 0.00534743
v -0.01445175 -0.00754056 0.00512732
v -0.01381849 -0.00777105 0.00481460
v -0.01323005 -0.00798523 0.00441484
v -0.01269693 -0.00817927 0.00393519
v -0.01222863 -0.00834971 0.00338420
v -0.01183353 -0.00849352 0.00277170
v -0.01151869 -0.00860811 0.00210862
v -0.01128967 -0.00869147 0.00140680
v -0.01115062 -0.00874208 0.00067877
v -0.01110400 -0.00875905 -0.00006250
f 1 2 3
f 4 5 1
f 6 7 8
f 9 10 11
f 11 10 12
f 13 14 15
f 16 17 18
f 19 20 21
f 22 23 24
f 25 26 27
f 28 29 30
f 31 32 33
f 34 35 36
f 37 38 39
f 40 41 42
f 43 44 45
f 46 47 48
f 48 47 49
f 48 49 50
f 50 49 51
f 50 51 52
f 52 51 53
f 52 53 54
f 54 53 55
f 55 53 56
f 55 56 57
f 57 56 58
f 58 56 59
f 58 59 60
f 60 59 61
f 60 61 62
f 62 61 63
f 62 63 64
f 64 63 65
f 64 65 66
f 66 65 67
f 66 67 68
f 68 67 69
f 68 69 70
f 70 69 71
f 70 71 72
f 72 71 73
f 72 73 74
f 74 73 75
f 74 75 76
f 45 44 75
f 75 44 77
f 75 77 76
f 43 45 78
f 78 45 79
f 78 79 40
f 40 79 80
f 40 80 41
f 81 82 42
f 82 83 42
f 42 83 84
f 42 84 40
f 85 86 87
f 88 89 90
f 90 89 91
f 92 93 91
f 91 93 94
f 91 94 90
f 91 95 92
f 92 95 96
f 92 96 97
f 97 96 98
f 98 96 99
f 98 99 100
f 100 99 101
f 100 101 102
f 102 101 103
f 102 103 104
f 35 34 103
f 103 34 105
f 103 105 104
f 106 107 36
f 36 107 108
f 36 108 34
f 109 110 6
f 6 110 106
f 6 106 7
f 7 106 36
f 109 6 111
f 111 6 112
f 111 112 113
f 113 112 114
f 113 114 115
f 48 116 46
f 46 116 117
f 46 117 118
f 118 117 115
f 118 115 119
f 119 115 114
f 120 121 122
f 123 124 125
f 126 127 128
f 129 130 131
f 131 130 132
f 133 134 135
f 135 134 136
f 135 136 137
f 138 139 140
f 140 139 141
f 140 141 142
f 142 141 143
f 142 143 144
f 137 145 135
f 135 145 146
f 135 146 147
f 147 146 148
f 147 148 149
f 149 148 150
f 149 150 138
f 138 150 151
f 138 151 139
f 125 124 152
f 152 124 153
f 152 153 154
f 154 153 155
f 154 155 156
f 156 155 157
f 156 157 158
f 158 157 159
f 158 159 160
f 160 159 161
f 160 161 162
f 162 161 163
f 162 163 164
f 164 163 165
f 164 165 166
f 166 165 167
f 166 167 168
f 168 167 169
f 168 169 170
f 170 169 171
f 170 171 172
f 172 171 173
f 172 173 174
f 174 173 175
f 174 175 176
f 176 175 177
f 176 177 178
f 178 177 179
f 178 179 180
f 180 179 181
f 180 181 182
f 182 181 183
f 182 183 184
f 184 183 185
f 184 185 186
f 186 185 187
f 186 187 32
f 188 187 189
f 189 187 185
f 189 185 190
f 190 185 183
f 190 183 191
f 191 183 181
f 191 181 192
f 192 181 179
f 192 179 193
f 193 179 177
f 193 177 194
f 194 177 175
f 194 175 195
f 195 175 173
f 195 173 196
f 196 173 171
f 196 171 197
f 197 171 169
f 197 169 198
f 198 169 167
f 198 167 199
f 199 167 165
f 199 165 200
f 200 165 163
f 200 163 201
f 201 163 161
f 201 161 202
f 202 161 159
f 202 159 203
f 203 159 157
f 203 157 204
f 204 157 155
f 204 155 205
f 205 155 153
f 205 153 206
f 206 153 124
f 206 124 207
f 207 124 123
f 207 123 208
f 209 188 210
f 210 188 189
f 210 189 211
f 211 189 190
f 211 190 212
f 212 190 191
f 212 191 213
f 213 191 192
f 213 192 214
f 214 192 193
f 214 193 215
f 215 193 194
f 215 194 216
f 216 194 195
f 216 195 217
f 217 195 196
f 217 196 218
f 218 196 197
f 218 197 219
f 219 197 198
f 219 198 220
f 220 198 199
f 220 199 221
f 221 199 200
f 221 200 222
f 222 200 201
f 222 201 223
f 223 201 202
f 223 202 224
f 224 202 203
f 224 203 225
f 225 203 204
f 225 204 226
f 226 204 205
f 226 205 227
f 227 205 206
f 227 206 228
f 228 206 207
f 228 207 229
f 229 207 208
f 229 208 230
f 231 209 232
f 232 209 210
f 232 210 233
f 233 210 211
f 233 211 234
f 234 211 212
f 234 212 235
f 235 212 213
f 235 213 236
f 236 213 214
f 236 214 237
f 237 214 215
f 237 215 238
f 238 215 216
f 238 216 239
f 239 216 217
f 239 217 240
f 240 217 218
f 240 218 241
f 241 218 219
f 241 219 242
f 242 219 220
f 242 220 243
f 243 220 221
f 243 221 244
f 244 221 222
f 244 222 245
f 245 222 223
f 245 223 246
f 246 223 224
f 246 224 247
f 247 224 225
f 247 225 248
f 248 225 226
f 248 226 249
f 249 226 227
f 249 227 250
f 250 227 228
f 250 228 251
f 251 228 229
f 251 229 252
f 252 229 230
f 252 230 253
f 29 31 254
f 23 25 255
f 256 22 257
f 258 231 259
f 259 231 232
f 259 232 260
f 260 232 233
f 260 233 261
f 261 233 234
f 261 234 262
f 262 234 235
f 262 235 263
f 263 235 236
f 263 236 264
f 264 236 237
f 264 237 265
f 265 237 238
f 265 238 266
f 266 238 239
f 266 239 267
f 267 239 240
f 267 240 268
f 268 240 241
f 268 241 269
f 269 241 242
f 269 242 270
f 270 242 243
f 270 243 271
f 271 243 244
f 271 244 272
f 272 244 245
f 272 245 273
f 273 245 246
f 273 246 274
f 274 246 247
f 274 247 275
f 275 247 248
f 275 248 276
f 276 248 249
f 276 249 277
f 277 249 250
f 277 250 278
f 278 250 251
f 278 251 279
f 279 251 252
f 279 252 280
f 280 252 253
f 280 253 281
f 281 253 282
f 281 282 283
f 284 258 285
f 285 258 259
f 285 259 286
f 286 259 260
f 286 260 287
f 287 260 261
f 287 261 288
f 288 261 262
f 288 262 289
f 289 262 263
f 289 263 290
f 290 263 264
f 290 264 291
f 291 264 265
f 291 265 292
f 292 265 266
f 292 266 293
f 293 266 267
f 293 267 294
f 294 267 268
f 294 268 295
f 295 268 269
f 295 269 296
f 296 269 270
f 296 270 297
f 297 270 271
f 297 271 298
f 298 271 272
f 298 272 299
f 299 272 273
f 299 273 300
f 300 273 274
f 300 274 301
f 301 274 275
f 301 275 302
f 302 275 276
f 302 276 303
f 303 276 277
f 303 277 304
f 304 277 278
f 304 278 305
f 305 278 279
f 305 279 306
f 306 279 280
f 307 284 308
f 308 284 285
f 308 285 309
f 309 285 286
f 309 286 310
f 310 286 287
f 310 287 311
f 311 287 288
f 311 288 312
f 312 288 289
f 312 289 313
f 313 289 290
f 313 290 314
f 314 290 291
f 314 291 315
f 315 291 292
f 315 292 316
f 316 292 293
f 316 293 317
f 317 293 294
f 317 294 318
f 318 294 295
f 318 295 319
f 319 295 296
f 319 296 320
f 320 296 297
f 320 297 321
f 321 297 298
f 321 298 322
f 322 298 299
f 322 299 144
f 144 299 300
f 144 300 142
f 142 300 301
f 142 301 140
f 140 301 302
f 140 302 138
f 138 302 303
f 138 303 149
f 149 303 304
f 149 304 147
f 147 304 305
f 147 305 135
f 135 305 306
f 135 306 133
f 133 306 280
f 31 33 254
f 254 33 323
f 254 323 324
f 324 323 325
f 324 325 326
f 326 325 327
f 326 327 328
f 328 327 329
f 328 329 330
f 330 329 331
f 330 331 332
f 332 331 333
f 332 333 334
f 334 333 335
f 334 335 336
f 28 30 337
f 337 30 338
f 337 338 339
f 339 338 340
f 339 340 341
f 341 340 342
f 341 342 343
f 343 342 344
f 343 344 345
f 345 344 346
f 345 346 347
f 347 346 348
f 347 348 349
f 349 348 350
f 349 350 351
f 29 254 30
f 30 254 324
f 30 324 338
f 338 324 326
f 338 326 340
f 340 326 328
f 340 328 342
f 342 328 330
f 342 330 344
f 344 330 332
f 344 332 346
f 346 332 334
f 346 334 348
f 348 334 336
f 348 336 350
f 25 27 255
f 255 27 352
f 255 352 353
f 353 352 354
f 353 354 355
f 355 354 356
f 355 356 357
f 357 356 358
f 357 358 359
f 359 358 360
f 359 360 361
f 361 360 362
f 361 362 363
f 22 24 257
f 257 24 364
f 257 364 365
f 365 364 366
f 365 366 367
f 367 366 368
f 367 368 369
f 369 368 370
f 369 370 371
f 371 370 372
f 371 372 373
f 373 372 374
f 373 374 375
f 23 255 24
f 24 255 353
f 24 353 364
f 364 353 355
f 364 355 366
f 366 355 357
f 366 357 368
f 368 357 359
f 368 359 370
f 370 359 361
f 370 361 372
f 372 361 363
f 372 363 374
f 351 362 349
f 349 362 360
f 349 360 347
f 347 360 358
f 347 358 345
f 345 358 356
f 345 356 343
f 343 356 354
f 343 354 341
f 341 354 352
f 341 352 339
f 339 352 27
f 339 27 337
f 337 27 26
f 337 26 28
f 314 376 313
f 313 376 377
f 313 377 312
f 312 377 378
f 312 378 311
f 311 378 379
f 311 379 310
f 310 379 380
f 310 380 309
f 309 380 381
f 309 381 308
f 308 381 382
f 308 382 307
f 307 382 383
f 307 383 384
f 32 187 33
f 33 187 188
f 33 188 323
f 323 188 209
f 323 209 325
f 325 209 231
f 325 231 327
f 327 231 258
f 327 258 329
f 329 258 284
f 329 284 331
f 331 284 307
f 331 307 333
f 333 307 384
f 333 384 335
f 143 385 144
f 144 385 386
f 144 386 322
f 322 386 387
f 322 387 321
f 321 387 388
f 321 388 320
f 320 388 389
f 320 389 319
f 319 389 390
f 319 390 318
f 318 390 391
f 318 391 317
f 317 391 392
f 317 392 316
f 316 392 393
f 316 393 315
f 315 393 394
f 315 394 314
f 314 394 395
f 314 395 376
f 396 397 398
f 398 397 399
f 398 399 400
f 401 396 402
f 402 396 398
f 402 398 403
f 403 398 400
f 403 400 404
f 404 400 405
f 404 405 406
f 406 405 407
f 406 407 408
f 408 407 409
f 408 409 410
f 410 409 411
f 410 411 412
f 412 411 413
f 412 413 414
f 414 413 415
f 414 415 416
f 416 415 417
f 416 417 418
f 418 417 419
f 418 419 420
f 420 419 421
f 420 421 422
f 422 421 423
f 422 423 424
f 424 423 425
f 424 425 426
f 426 425 427
f 426 427 428
f 428 427 429
f 428 429 430
f 430 429 431
f 430 431 432
f 432 431 433
f 432 433 434
f 434 433 435
f 434 435 436
f 436 435 437
f 436 437 438
f 438 437 439
f 438 439 440
f 440 439 441
f 440 441 442
f 442 441 443
f 442 443 444
f 444 443 445
f 444 445 446
f 446 445 447
f 446 447 448
f 448 447 449
f 448 449 450
f 450 449 451
f 450 451 452
f 452 451 453
f 452 453 454
f 454 453 455
f 454 455 456
f 456 455 457
f 456 457 458
f 458 457 459
f 458 459 460
f 460 459 461
f 460 461 462
f 462 461 256
f 462 463 460
f 460 463 464
f 460 464 458
f 458 464 465
f 458 465 456
f 456 465 466
f 456 466 454
f 454 466 467
f 454 467 452
f 452 467 468
f 452 468 450
f 450 468 469
f 450 469 448
f 448 469 470
f 448 470 446
f 446 470 471
f 446 471 444
f 444 471 472
f 444 472 442
f 442 472 473
f 442 473 440
f 440 473 474
f 440 474 438
f 438 474 475
f 438 475 436
f 436 475 476
f 436 476 434
f 434 476 477
f 434 477 432
f 432 477 478
f 432 478 430
f 430 478 479
f 430 479 428
f 428 479 480
f 428 480 426
f 426 480 481
f 426 481 424
f 424 481 482
f 424 482 422
f 422 482 483
f 422 483 420
f 420 483 484
f 420 484 418
f 418 484 485
f 418 485 416
f 416 485 486
f 416 486 414
f 414 486 487
f 414 487 412
f 412 487 488
f 412 488 410
f 410 488 489
f 410 489 408
f 408 489 490
f 408 490 406
f 406 490 491
f 406 491 404
f 404 491 492
f 404 492 403
f 463 493 464
f 464 493 494
f 464 494 465
f 465 494 495
f 465 495 466
f 466 495 496
f 466 496 467
f 467 496 497
f 467 497 468
f 468 497 498
f 468 498 469
f 469 498 499
f 469 499 470
f 470 499 500
f 470 500 471
f 471 500 501
f 471 501 472
f 472 501 502
f 472 502 473
f 473 502 503
f 473 503 474
f 474 503 504
f 474 504 475
f 475 504 505
f 475 505 476
f 476 505 506
f 476 506 477
f 477 506 507
f 477 507 478
f 478 507 508
f 478 508 479
f 479 508 509
f 479 509 480
f 480 509 510
f 480 510 481
f 481 510 511
f 481 511 482
f 482 511 512
f 482 512 483
f 483 512 513
f 483 513 484
f 484 513 514
f 484 514 485
f 485 514 515
f 485 515 486
f 486 515 516
f 486 516 487
f 487 516 517
f 487 517 488
f 488 517 518
f 488 518 489
f 489 518 519
f 489 519 490
f 490 519 520
f 490 520 491
f 491 520 521
f 491 521 492
f 132 522 131
f 131 522 523
f 131 523 129
f 524 20 525
f 525 20 19
f 525 19 526
f 126 527 127
f 127 527 528
f 127 528 128
f 128 528 529
f 20 529 21
f 21 529 528
f 21 528 530
f 530 528 527
f 530 527 531
f 531 527 126
f 531 126 122
f 122 126 532
f 122 532 120
f 120 532 533
f 493 534 494
f 494 534 535
f 494 535 495
f 495 535 536
f 495 536 496
f 496 536 537
f 496 537 497
f 497 537 538
f 497 538 498
f 498 538 539
f 498 539 499
f 499 539 540
f 499 540 500
f 500 540 541
f 500 541 501
f 501 541 542
f 501 542 502
f 502 542 543
f 502 543 503
f 503 543 544
f 503 544 504
f 504 544 545
f 504 545 505
f 505 545 546
f 505 546 506
f 506 546 547
f 506 547 507
f 507 547 548
f 507 548 508
f 508 548 549
f 508 549 509
f 509 549 550
f 509 550 510
f 510 550 551
f 510 551 511
f 511 551 552
f 511 552 512
f 512 552 553
f 512 553 513
f 513 553 554
f 513 554 514
f 514 554 555
f 514 555 515
f 515 555 556
f 515 556 516
f 516 556 557
f 516 557 517
f 517 557 558
f 517 558 518
f 518 558 559
f 518 559 519
f 519 559 560
f 519 560 520
f 520 560 561
f 520 561 521
f 562 563 564
f 565 566 567
f 567 566 568
f 567 568 564
f 564 568 569
f 564 569 562
f 570 571 572
f 572 571 573
f 572 573 574
f 574 573 575
f 574 575 576
f 576 575 577
f 576 577 578
f 562 579 563
f 563 579 580
f 563 580 581
f 581 580 582
f 581 582 583
f 583 582 584
f 583 584 585
f 585 584 586
f 585 586 587
f 587 586 588
f 587 588 570
f 570 588 589
f 570 589 571
f 534 590 535
f 535 590 591
f 535 591 536
f 536 591 592
f 536 592 537
f 537 592 593
f 537 593 538
f 538 593 594
f 538 594 539
f 539 594 595
f 539 595 540
f 540 595 596
f 540 596 541
f 541 596 597
f 541 597 542
f 542 597 598
f 542 598 543
f 543 598 599
f 543 599 544
f 544 599 600
f 544 600 545
f 545 600 601
f 545 601 546
f 546 601 602
f 546 602 547
f 547 602 603
f 547 603 548
f 548 603 604
f 548 604 549
f 549 604 605
f 549 605 550
f 550 605 606
f 550 606 551
f 551 606 607
f 551 607 552
f 552 607 608
f 552 608 553
f 553 608 609
f 553 609 554
f 554 609 610
f 554 610 555
f 555 610 611
f 555 611 556
f 556 611 612
f 556 612 557
f 557 612 613
f 557 613 558
f 558 613 614
f 558 614 559
f 559 614 615
f 559 615 560
f 560 615 616
f 560 616 561
f 617 618 619
f 620 621 622
f 622 621 623
f 622 623 624
f 624 623 524
f 624 524 625
f 625 524 525
f 625 525 626
f 626 525 526
f 626 526 619
f 590 627 591
f 591 627 628
f 591 628 592
f 592 628 629
f 592 629 593
f 593 629 630
f 593 630 594
f 594 630 631
f 594 631 595
f 595 631 632
f 595 632 596
f 596 632 633
f 596 633 597
f 597 633 634
f 597 634 598
f 598 634 635
f 598 635 599
f 599 635 636
f 599 636 600
f 600 636 637
f 600 637 601
f 601 637 638
f 601 638 602
f 602 638 639
f 602 639 603
f 603 639 640
f 603 640 604
f 604 640 641
f 604 641 605
f 605 641 642
f 605 642 606
f 606 642 643
f 606 643 607
f 607 643 644
f 607 644 608
f 608 644 645
f 608 645 609
f 609 645 646
f 609 646 610
f 610 646 647
f 610 647 611
f 611 647 648
f 611 648 612
f 612 648 649
f 612 649 613
f 613 649 650
f 613 650 614
f 614 650 651
f 614 651 615
f 615 651 652
f 615 652 616
f 627 565 628
f 628 565 567
f 628 567 629
f 629 567 564
f 629 564 630
f 630 564 563
f 630 563 631
f 631 563 581
f 631 581 632
f 632 581 583
f 632 583 633
f 633 583 585
f 633 585 634
f 634 585 587
f 634 587 635
f 635 587 570
f 635 570 636
f 636 570 572
f 636 572 637
f 637 572 574
f 637 574 638
f 638 574 576
f 638 576 639
f 639 576 578
f 639 578 640
f 640 578 653
f 640 653 641
f 641 653 654
f 641 654 642
f 642 654 655
f 642 655 643
f 643 655 656
f 643 656 644
f 644 656 657
f 644 657 645
f 645 657 658
f 645 658 646
f 646 658 659
f 646 659 647
f 647 659 660
f 647 660 648
f 648 660 661
f 648 661 649
f 649 661 662
f 649 662 650
f 650 662 663
f 650 663 651
f 651 663 664
f 651 664 652
f 665 666 667
f 667 666 668
f 667 668 669
f 669 668 670
f 669 670 671
f 671 670 672
f 671 672 673
f 673 672 618
f 673 618 674
f 674 618 617
f 674 617 18
f 18 17 674
f 674 17 675
f 674 675 673
f 673 675 676
f 673 676 671
f 619 618 626
f 626 618 672
f 626 672 625
f 625 672 670
f 625 670 624
f 624 670 668
f 624 668 622
f 622 668 666
f 622 666 620
f 677 664 678
f 678 664 663
f 678 663 679
f 679 663 662
f 679 662 680
f 680 662 661
f 680 661 681
f 681 661 660
f 681 660 682
f 682 660 659
f 682 659 683
f 683 659 658
f 683 658 684
f 684 658 657
f 684 657 685
f 685 657 656
f 685 656 686
f 686 656 655
f 686 655 687
f 687 655 654
f 687 654 688
f 688 654 653
f 688 653 689
f 689 653 578
f 689 578 690
f 690 578 577
f 125 691 123
f 123 691 692
f 123 692 208
f 208 692 693
f 208 693 230
f 230 693 130
f 230 130 253
f 253 130 129
f 253 129 282
f 282 129 523
f 282 523 283
f 694 695 696
f 697 698 699
f 696 700 694
f 694 700 701
f 694 701 702
f 702 701 698
f 702 698 703
f 703 698 697
f 703 697 704
f 704 697 705
f 704 705 706
f 707 705 708
f 708 705 697
f 708 697 709
f 709 697 699
f 15 14 710
f 710 14 711
f 710 711 712
f 707 13 705
f 705 13 15
f 705 15 706
f 706 15 710
f 706 710 713
f 713 710 712
f 713 712 714
f 715 716 717
f 718 719 720
f 720 719 721
f 717 716 722
f 722 716 723
f 722 723 718
f 718 723 724
f 718 724 719
f 53 695 56
f 56 695 694
f 56 694 59
f 59 694 702
f 59 702 61
f 61 702 703
f 61 703 63
f 63 703 704
f 63 704 65
f 65 704 706
f 65 706 67
f 67 706 713
f 67 713 69
f 69 713 714
f 69 714 71
f 71 714 725
f 71 725 73
f 73 725 726
f 73 726 75
f 75 726 727
f 75 727 45
f 45 727 728
f 45 728 79
f 729 730 731
f 711 715 712
f 712 715 717
f 712 717 714
f 714 717 722
f 714 722 725
f 725 722 718
f 725 718 726
f 726 718 720
f 726 720 727
f 727 720 732
f 727 732 728
f 728 732 733
f 731 730 734
f 734 730 735
f 734 735 736
f 736 735 737
f 736 737 738
f 738 737 739
f 738 739 740
f 740 739 741
f 740 741 742
f 742 743 740
f 740 743 42
f 740 42 738
f 738 42 41
f 738 41 736
f 736 41 80
f 736 80 734
f 734 80 79
f 734 79 731
f 731 79 728
f 731 728 729
f 729 728 733
f 744 745 746
f 746 745 747
f 746 747 748
f 749 750 751
f 751 750 752
f 751 752 753
f 753 752 754
f 753 754 755
f 755 754 756
f 755 756 757
f 757 756 758
f 757 758 759
f 759 758 760
f 759 760 761
f 761 760 762
f 761 762 763
f 763 762 764
f 763 764 765
f 765 764 766
f 765 766 767
f 767 766 768
f 767 768 769
f 769 768 770
f 769 770 771
f 771 770 772
f 771 772 773
f 773 772 774
f 773 774 775
f 775 774 776
f 775 776 777
f 777 776 778
f 777 778 779
f 779 778 780
f 779 780 781
f 781 780 782
f 781 782 783
f 783 782 784
f 783 784 785
f 785 784 786
f 785 786 787
f 787 786 788
f 787 788 789
f 789 788 790
f 789 790 744
f 744 790 791
f 744 791 745
f 792 791 793
f 793 791 790
f 793 790 794
f 794 790 788
f 794 788 795
f 795 788 786
f 795 786 796
f 796 786 784
f 796 784 797
f 797 784 782
f 797 782 798
f 798 782 780
f 798 780 799
f 799 780 778
f 799 778 800
f 800 778 776
f 800 776 801
f 801 776 774
f 801 774 802
f 802 774 772
f 802 772 803
f 803 772 770
f 803 770 804
f 804 770 768
f 804 768 805
f 805 768 766
f 805 766 806
f 806 766 764
f 806 764 807
f 807 764 762
f 807 762 808
f 808 762 760
f 808 760 809
f 809 760 758
f 809 758 810
f 810 758 756
f 810 756 811
f 811 756 754
f 811 754 812
f 812 754 752
f 812 752 813
f 813 752 750
f 38 81 39
f 39 81 814
f 39 814 815
f 816 817 818
f 818 817 819
f 818 819 820
f 820 819 821
f 820 821 822
f 822 821 823
f 822 823 37
f 824 825 826
f 826 825 827
f 817 828 819
f 819 828 85
f 819 85 821
f 821 85 87
f 821 87 823
f 815 829 830
f 830 829 831
f 830 831 832
f 37 39 822
f 822 39 815
f 822 815 820
f 820 815 830
f 820 830 818
f 818 830 832
f 818 832 816
f 825 833 827
f 827 833 834
f 827 834 835
f 835 834 836
f 835 836 837
f 838 837 839
f 836 840 841
f 837 836 839
f 839 836 841
f 839 841 842
f 842 843 839
f 839 843 844
f 839 844 838
f 838 844 845
f 844 846 845
f 845 846 847
f 845 847 848
f 840 836 849
f 849 836 834
f 849 834 850
f 850 834 833
f 850 833 851
f 851 833 825
f 851 825 852
f 852 825 824
f 852 824 853
f 8 7 854
f 854 7 36
f 854 36 855
f 855 36 35
f 855 35 856
f 856 35 103
f 856 103 848
f 848 103 101
f 848 101 845
f 845 101 99
f 845 99 838
f 838 99 96
f 838 96 837
f 837 96 95
f 837 95 835
f 835 95 91
f 835 91 827
f 827 91 89
f 827 89 826
f 857 858 859
f 860 857 861
f 861 857 859
f 861 859 862
f 862 859 863
f 864 8 858
f 858 8 854
f 858 854 859
f 859 854 855
f 859 855 863
f 863 855 856
f 863 856 865
f 865 856 848
f 865 848 866
f 866 848 847
f 867 868 869
f 869 868 870
f 869 870 871
f 871 870 872
f 871 872 873
f 873 872 874
f 873 874 875
f 875 874 876
f 875 876 877
f 877 876 878
f 877 878 879
f 879 878 880
f 879 880 881
f 881 880 882
f 881 882 883
f 883 882 884
f 883 884 885
f 885 884 886
f 885 886 887
f 887 886 888
f 887 888 889
f 864 889 8
f 8 889 888
f 8 888 6
f 6 888 886
f 6 886 112
f 112 886 884
f 112 884 114
f 114 884 882
f 114 882 119
f 119 882 880
f 119 880 118
f 118 880 878
f 118 878 46
f 46 878 876
f 46 876 47
f 47 876 874
f 47 874 49
f 49 874 872
f 49 872 51
f 51 872 870
f 51 870 53
f 53 870 868
f 53 868 695
f 695 868 867
f 695 867 696
f 843 890 844
f 844 890 891
f 844 891 846
f 846 891 892
f 846 892 847
f 847 892 893
f 847 893 866
f 866 893 894
f 866 894 865
f 865 894 895
f 865 895 863
f 863 895 896
f 863 896 862
f 721 897 720
f 720 897 898
f 720 898 732
f 732 898 899
f 732 899 733
f 733 899 900
f 733 900 729
f 729 900 901
f 729 901 730
f 730 901 902
f 730 902 735
f 735 902 903
f 735 903 737
f 737 903 904
f 737 904 739
f 739 904 905
f 739 905 741
f 741 905 906
f 741 906 907
f 907 906 908
f 907 908 909
f 81 42 814
f 814 42 743
f 814 743 815
f 815 743 742
f 815 742 829
f 829 742 741
f 829 741 831
f 831 741 907
f 831 907 832
f 832 907 909
f 832 909 816
f 699 749 709
f 709 749 751
f 709 751 708
f 708 751 753
f 708 753 707
f 707 753 755
f 707 755 13
f 13 755 757
f 13 757 14
f 14 757 759
f 14 759 711
f 711 759 761
f 711 761 715
f 715 761 763
f 715 763 716
f 716 763 765
f 716 765 723
f 723 765 767
f 723 767 724
f 724 767 769
f 724 769 719
f 719 769 771
f 719 771 721
f 721 771 773
f 721 773 897
f 897 773 775
f 897 775 898
f 898 775 777
f 898 777 899
f 899 777 779
f 899 779 900
f 900 779 781
f 900 781 901
f 901 781 783
f 901 783 902
f 902 783 785
f 902 785 903
f 903 785 787
f 903 787 904
f 904 787 789
f 904 789 905
f 905 789 744
f 905 744 906
f 906 744 746
f 906 746 908
f 908 746 748
f 908 748 909
f 909 748 747
f 910 9 911
f 911 9 11
f 911 11 912
f 912 11 12
f 860 861 913
f 913 861 862
f 913 862 914
f 914 862 896
f 914 896 915
f 915 896 895
f 915 895 916
f 916 895 894
f 916 894 917
f 917 894 893
f 917 893 918
f 918 893 892
f 918 892 919
f 919 892 891
f 919 891 920
f 920 891 890
f 920 890 921
f 921 890 843
f 921 843 922
f 922 843 842
f 922 842 923
f 923 842 841
f 923 841 924
f 924 841 840
f 924 840 925
f 925 840 849
f 925 849 926
f 926 849 850
f 926 850 927
f 927 850 851
f 927 851 928
f 928 851 852
f 928 852 929
f 929 852 853
f 929 853 3
f 3 2 929
f 929 2 930
f 929 930 928
f 928 930 931
f 928 931 927
f 927 931 932
f 927 932 926
f 926 932 933
f 926 933 925
f 925 933 934
f 925 934 924
f 924 934 935
f 924 935 923
f 923 935 936
f 923 936 922
f 922 936 937
f 922 937 921
f 921 937 938
f 921 938 920
f 920 938 939
f 920 939 919
f 919 939 940
f 919 940 918
f 918 940 941
f 918 941 917
f 917 941 942
f 917 942 916
f 916 942 943
f 916 943 915
f 915 943 944
f 915 944 914
f 914 944 945
f 914 945 913
f 913 945 946
f 913 946 860
f 947 948 949
f 949 948 950
f 949 950 951
f 951 950 952
f 951 952 953
f 953 952 954
f 953 954 955
f 955 954 956
f 955 956 957
f 957 956 958
f 957 958 959
f 959 958 960
f 959 960 961
f 961 960 962
f 961 962 963
f 963 962 964
f 963 964 965
f 965 964 966
f 965 966 967
f 967 966 968
f 967 968 969
f 969 968 970
f 969 970 971
f 971 970 972
f 971 972 973
f 973 972 974
f 973 974 975
f 975 974 976
f 975 976 977
f 977 976 978
f 977 978 979
f 979 978 980
f 979 980 981
f 981 980 982
f 981 982 983
f 983 982 984
f 983 984 985
f 4 910 5
f 5 910 911
f 5 911 1
f 1 911 912
f 1 912 2
f 2 912 986
f 2 986 930
f 930 986 987
f 930 987 931
f 931 987 988
f 931 988 932
f 932 988 989
f 932 989 933
f 933 989 990
f 933 990 934
f 934 990 991
f 934 991 935
f 935 991 992
f 935 992 936
f 936 992 993
f 936 993 937
f 937 993 994
f 937 994 938
f 938 994 995
f 938 995 939
f 939 995 996
f 939 996 940
f 940 996 997
f 940 997 941
f 941 997 998
f 941 998 942
f 942 998 999
f 942 999 943
f 943 999 1000
f 943 1000 944
f 944 1000 1001
f 944 1001 945
f 945 1001 1002
f 945 1002 946
f 1003 1004 1005
f 1005 1004 1006
f 1005 1006 1007
f 1007 1006 1008
f 1007 1008 1009
f 1009 1008 1010
f 1009 1010 1011
f 1011 1010 1012
f 1011 1012 1013
f 1013 1012 1014
f 1013 1014 1015
f 1015 1014 1016
f 1015 1016 1017
f 1017 1016 1018
f 1017 1018 1019
f 1019 1018 1020
f 1019 1020 1021
f 1021 1020 1022
f 1021 1022 1023
f 1023 1022 1024
f 1023 1024 1025
f 1025 1024 1026
f 1025 1026 1027
f 1027 1026 1028
f 1027 1028 1029
f 1029 1028 1030
f 1029 1030 1031
f 1031 1030 1032
f 1031 1032 1033
f 1033 1032 1034
f 1033 1034 1035
f 1035 1034 1036
f 1035 1036 1037
f 1037 1036 1038
f 1037 1038 1039
f 1039 1038 1040
f 1039 1040 1041
f 1041 1040 1042
f 1041 1042 1043
f 1043 1042 1044
f 1043 1044 1045
f 1004 947 1006
f 1006 947 949
f 1006 949 1008
f 1008 949 951
f 1008 951 1010
f 1010 951 953
f 1010 953 1012
f 1012 953 955
f 1012 955 1014
f 1014 955 957
f 1014 957 1016
f 1016 957 959
f 1016 959 1018
f 1018 959 961
f 1018 961 1020
f 1020 961 963
f 1020 963 1022
f 1022 963 965
f 1022 965 1024
f 1024 965 967
f 1024 967 1026
f 1026 967 969
f 1026 969 1028
f 1028 969 971
f 1028 971 1030
f 1030 971 973
f 1030 973 1032
f 1032 973 975
f 1032 975 1034
f 1034 975 977
f 1034 977 1036
f 1036 977 979
f 1036 979 1038
f 1038 979 981
f 1038 981 1040
f 1040 981 983
f 1040 983 1042
f 1042 983 985
f 1042 985 1044
f 1002 1045 946
f 946 1045 1044
f 946 1044 860
f 860 1044 985
f 860 985 857
f 857 985 984
f 857 984 858
f 858 984 982
f 858 982 864
f 864 982 980
f 864 980 889
f 889 980 978
f 889 978 887
f 887 978 976
f 887 976 885
f 885 976 974
f 885 974 883
f 883 974 972
f 883 972 881
f 881 972 970
f 881 970 879
f 879 970 968
f 879 968 877
f 877 968 966
f 877 966 875
f 875 966 964
f 875 964 873
f 873 964 962
f 873 962 871
f 871 962 960
f 871 960 869
f 869 960 958
f 869 958 867
f 867 958 956
f 867 956 696
f 696 956 954
f 696 954 700
f 700 954 952
f 700 952 701
f 701 952 950
f 701 950 698
f 698 950 948
f 698 948 699
f 699 948 947
f 699 947 749
f 749 947 1004
f 749 1004 750
f 750 1004 1003
f 750 1003 813
f 676 1046 671
f 671 1046 1047
f 671 1047 669
f 669 1047 1048
f 669 1048 667
f 667 1048 1049
f 667 1049 665
f 665 1049 1050
f 665 1050 1051
f 691 533 692
f 692 533 532
f 692 532 693
f 693 532 126
f 693 126 130
f 130 126 128
f 130 128 132
f 132 128 529
f 132 529 522
f 522 529 20
f 522 20 523
f 523 20 524
f 523 524 283
f 283 524 623
f 283 623 281
f 281 623 621
f 281 621 280
f 280 621 620
f 280 620 133
f 133 620 666
f 133 666 134
f 134 666 665
f 134 665 136
f 136 665 1051
f 136 1051 137
f 351 1052 362
f 362 1052 1053
f 362 1053 363
f 363 1053 1054
f 363 1054 374
f 374 1054 1055
f 374 1055 375
f 375 1055 1056
f 375 1056 1057
f 256 257 462
f 462 257 365
f 462 365 463
f 463 365 367
f 463 367 493
f 493 367 369
f 493 369 534
f 534 369 371
f 534 371 590
f 590 371 373
f 590 373 627
f 627 373 375
f 627 375 565
f 565 375 1057
f 565 1057 566
f 121 1058 1059
f 1059 1058 1060
f 677 16 664
f 664 16 18
f 664 18 652
f 652 18 617
f 652 617 616
f 616 617 619
f 616 619 561
f 561 619 526
f 561 526 521
f 521 526 19
f 521 19 492
f 492 19 21
f 492 21 403
f 403 21 530
f 403 530 402
f 402 530 531
f 402 531 401
f 401 531 122
f 401 122 396
f 396 122 121
f 396 121 397
f 397 121 1059
f 397 1059 399
f 399 1059 1060
f 399 1060 400
f 400 1060 792
f 400 792 405
f 405 792 793
f 405 793 407
f 407 793 794
f 407 794 409
f 409 794 795
f 409 795 411
f 411 795 796
f 411 796 413
f 413 796 797
f 413 797 415
f 415 797 798
f 415 798 417
f 417 798 799
f 417 799 419
f 419 799 800
f 419 800 421
f 421 800 801
f 421 801 423
f 423 801 802
f 423 802 425
f 425 802 803
f 425 803 427
f 427 803 804
f 427 804 429
f 429 804 805
f 429 805 431
f 431 805 806
f 431 806 433
f 433 806 807
f 433 807 435
f 435 807 808
f 435 808 437
f 437 808 809
f 437 809 439
f 439 809 810
f 439 810 441
f 441 810 811
f 441 811 443
f 443 811 812
f 443 812 445
f 445 812 813
f 445 813 447
f 447 813 1003
f 447 1003 449
f 449 1003 1005
f 449 1005 451
f 451 1005 1007
f 451 1007 453
f 453 1007 1009
f 453 1009 455
f 455 1009 1011
f 455 1011 457
f 457 1011 1013
f 457 1013 459
f 459 1013 1015
f 459 1015 461
f 461 1015 1017
f 461 1017 256
f 256 1017 1019
f 256 1019 22
f 22 1019 1021
f 22 1021 23
f 23 1021 1023
f 23 1023 25
f 25 1023 1025
f 25 1025 26
f 26 1025 1027
f 26 1027 28
f 28 1027 1029
f 28 1029 29
f 29 1029 1031
f 29 1031 31
f 31 1031 1033
f 31 1033 32
f 32 1033 1035
f 32 1035 186
f 186 1035 1037
f 186 1037 184
f 184 1037 1039
f 184 1039 182
f 182 1039 1041
f 182 1041 180
f 180 1041 1043
f 180 1043 178
f 178 1043 1045
f 178 1045 176
f 176 1045 1002
f 176 1002 174
f 174 1002 1001
f 174 1001 172
f 172 1001 1000
f 172 1000 170
f 170 1000 999
f 170 999 168
f 168 999 998
f 168 998 166
f 166 998 997
f 166 997 164
f 164 997 996
f 164 996 162
f 162 996 995
f 162 995 160
f 160 995 994
f 160 994 158
f 158 994 993
f 158 993 156
f 156 993 992
f 156 992 154
f 154 992 991
f 154 991 152
f 152 991 990
f 152 990 125
f 125 990 989
f 125 989 691
f 691 989 988
f 691 988 533
f 533 988 987
f 533 987 120
f 120 987 986
f 120 986 121
f 121 986 912
f 121 912 1058
f 1058 912 12
f 1058 12 1060
f 1060 12 10
f 1060 10 792
f 792 10 9
f 792 9 791
f 791 9 910
f 791 910 745
f 745 910 4
f 745 4 747
f 747 4 1
f 747 1 909
f 909 1 3
f 909 3 816
f 816 3 853
f 816 853 817
f 817 853 824
f 817 824 828
f 828 824 826
f 828 826 85
f 85 826 89
f 85 89 86
f 86 89 88
f 54 55 1061
f 1061 55 57
f 1061 57 58
f 58 60 1061
f 1061 60 62
f 1061 62 1062
f 1062 62 64
f 1062 64 1063
f 1063 64 66
f 1063 66 1064
f 1064 66 68
f 1064 68 1065
f 1065 68 70
f 1065 70 1066
f 1066 70 72
f 1066 72 1067
f 1067 72 74
f 1067 74 1068
f 1068 74 76
f 1068 76 77
f 84 83 1069
f 1061 1070 54
f 54 1070 1071
f 54 1071 52
f 52 1071 1072
f 77 44 1068
f 1068 44 43
f 1068 43 1073
f 1073 43 78
f 1073 78 1069
f 1069 78 40
f 1069 40 84
f 1074 83 1075
f 1075 83 1076
f 1074 1077 83
f 83 1077 1078
f 83 1078 1069
f 1072 1079 52
f 52 1079 1080
f 52 1080 50
f 50 1080 1081
f 50 1081 48
f 1076 83 82
f 1072 109 111
f 1072 111 1079
f 109 1072 110
f 110 1072 1071
f 110 1071 1070
f 1063 34 1062
f 1062 34 108
f 1062 108 1061
f 1061 108 107
f 1061 107 1070
f 1070 107 106
f 1070 106 110
f 1076 82 1075
f 82 81 1075
f 1075 81 38
f 1075 38 1074
f 1074 38 37
f 1074 37 1077
f 1077 37 823
f 823 87 1077
f 1077 87 86
f 1077 86 1078
f 1078 86 88
f 1078 88 1069
f 1069 88 90
f 1069 90 1073
f 90 94 1073
f 1073 94 93
f 1073 93 1068
f 1068 93 92
f 1068 92 1067
f 1067 92 97
f 1067 97 1066
f 111 113 1079
f 1079 113 115
f 1079 115 1080
f 1080 115 117
f 1080 117 1081
f 1081 117 116
f 1081 116 48
f 97 98 1066
f 1066 98 100
f 1066 100 1065
f 1065 100 102
f 1065 102 1064
f 1064 102 104
f 1064 104 1063
f 1063 104 105
f 1063 105 34
f 688 689 1047
f 1082 1083 1084
f 1084 1083 1085
f 582 580 1084
f 577 575 1085
f 1085 575 573
f 1085 573 571
f 385 143 689
f 143 141 689
f 689 141 139
f 689 139 151
f 688 1047 687
f 385 689 1085
f 1085 689 690
f 1085 690 577
f 582 1084 584
f 1084 1053 1052
f 689 1051 1050
f 571 589 1085
f 1085 589 588
f 1085 588 1084
f 1084 588 586
f 1084 586 584
f 580 579 1084
f 1084 579 562
f 1084 562 569
f 1052 351 1084
f 1084 351 350
f 1084 350 336
f 151 150 689
f 689 150 148
f 689 148 146
f 146 145 689
f 689 145 137
f 689 137 1051
f 676 675 683
f 677 678 679
f 675 17 683
f 683 17 16
f 683 16 682
f 682 16 681
f 1084 1057 1056
f 1050 1049 689
f 689 1049 1048
f 689 1048 1047
f 677 679 16
f 16 679 680
f 16 680 681
f 684 685 1047
f 1047 685 686
f 1047 686 687
f 569 568 1084
f 1084 568 566
f 1084 566 1057
f 1056 1055 1084
f 1084 1055 1054
f 1084 1054 1053
f 684 1047 683
f 683 1047 1046
f 683 1046 676
f 1086 385 1085
f 1086 1085 1087
f 1088 1089 1090
f 1090 1089 1084
f 336 1091 1084
f 1084 1091 1092
f 1084 1092 1090
f 1088 1093 1089
f 1089 1093 1094
f 1089 1094 1095
f 1095 1094 1096
f 1095 1096 1085
f 1085 1096 1097
f 1085 1097 1087
f 1091 336 335
f 335 384 1091
f 1091 384 383
f 1091 383 1092
f 383 382 1092
f 1092 382 381
f 1092 381 1090
f 381 380 1090
f 1090 380 379
f 1090 379 1088
f 379 378 1088
f 1088 378 377
f 1088 377 1093
f 377 376 1093
f 1093 376 395
f 1093 395 1094
f 395 394 1094
f 1094 394 393
f 1094 393 1096
f 393 392 1096
f 1096 392 391
f 1096 391 1097
f 391 390 1097
f 1097 390 389
f 1097 389 1087
f 389 388 1087
f 1087 388 387
f 1087 387 1086
f 1086 387 386
f 1086 386 385
f 1085 1083 1095
f 1083 1082 1095
f 1095 1082 1089
f 1089 1082 1084
f 1098 1099 1100
f 1101 1102 1103
f 1103 1102 1104
f 1104 1102 1105
f 1105 1102 1106
f 1105 1106 1107
f 1108 1109 1100
f 1100 1109 1110
f 1100 1110 1111
f 1108 1100 1112
f 1112 1100 1113
f 1112 1113 1114
f 1107 1115 1105
f 1105 1115 1112
f 1105 1112 1116
f 1116 1112 1114
f 1111 1117 1100
f 1100 1117 1118
f 1100 1118 1098
f 1119 1120 1099
f 1099 1120 1121
f 1099 1121 1100
f 1099 1122 1123
f 1122 1124 1123
f 1123 1124 1125
f 1123 1125 1126
f 1126 1125 1127
f 1128 1129 1130
f 1130 1129 1131
f 1130 1131 1123
f 1123 1131 1132
f 1123 1132 1099
f 1099 1132 1133
f 1099 1133 1119
f 1134 1135 1136
f 1136 1135 1137
f 1134 1138 1135
f 1135 1138 1139
f 1135 1139 1130
f 1130 1139 1140
f 1130 1140 1128
f 1141 1102 1101
f 1142 1143 1144
f 1142 1144 1101
f 1145 1141 1146
f 1146 1141 1101
f 1146 1101 1147
f 1147 1101 1144
f 1148 1149 1150
f 1150 1149 1151
f 1151 1152 1150
f 1150 1152 1153
f 1150 1153 1154
f 1154 1153 1155
f 1154 1155 1156
f 1157 1158 1159
f 1159 1158 1160
f 1159 1160 1161
f 1161 1162 1159
f 1159 1162 1163
f 1159 1163 1164
f 1157 1159 1165
f 1165 1159 1166
f 1165 1166 1167
f 1167 1166 1168
f 1167 1168 1169
f 1170 1171 1172
f 1173 1174 1175
f 1175 1170 1173
f 1173 1170 1172
f 1173 1172 1168
f 1168 1172 1176
f 1168 1176 1169
f 1171 1177 1172
f 1172 1177 1178
f 1172 1178 1179
f 1179 1180 1172
f 1172 1180 1181
f 1172 1181 1182
f 1182 1181 1183
f 1182 1183 1184
f 1184 1183 1185
f 1184 1185 1186
f 1187 1188 1185
f 1185 1188 1189
f 1185 1189 1186
f 1187 1190 1188
f 1188 1190 1191
f 1188 1191 1192
f 1192 1191 1193
f 1192 1193 1194
f 1194 1193 1195
f 1195 1193 1148
f 1195 1148 1150
f 1147 1196 1146
f 1146 1196 1197
f 1146 1197 1198
f 1143 1199 1144
f 1144 1199 1200
f 1200 1201 1144
f 1144 1201 1202
f 1144 1202 1147
f 1147 1202 1203
f 1147 1203 1196
f 1155 1204 1205
f 1206 1156 1207
f 1207 1156 1155
f 1207 1155 1208
f 1208 1155 1205
f 1204 1155 1209
f 1209 1155 1153
f 1209 1153 1210
f 1210 1153 1152
f 1210 1152 1211
f 1212 1213 1214
f 1214 1213 1215
f 1214 1215 1216
f 1216 1215 1217
f 1218 1219 1215
f 1215 1219 1220
f 1215 1220 1217
f 1221 1222 1223
f 1223 1222 1224
f 1223 1224 1225
f 1225 1224 1226
f 1225 1226 1227
f 1227 1226 1228
f 1227 1228 1229
f 1229 1228 1230
f 1229 1230 1231
f 1231 1230 1232
f 1231 1232 1233
f 1233 1232 1234
f 1233 1234 1235
f 1235 1234 1236
f 1235 1236 1237
f 1237 1236 1238
f 1237 1238 1239
f 1239 1238 1240
f 1239 1240 1241
f 1241 1240 1242
f 1241 1242 1243
f 1243 1242 1244
f 1243 1244 1221
f 1221 1244 1222
f 1213 1245 1215
f 1215 1245 1246
f 1219 1247 1220
f 1220 1247 1248
f 1249 1250 1251
f 1249 1251 1252
f 1249 1252 1253
f 1211 1254 1255
f 1256 1257 1258
f 1256 1258 1259
f 1256 1259 1260
f 1211 1255 1210
f 1261 1206 1262
f 1262 1206 1207
f 1209 1261 1204
f 1204 1261 1262
f 1204 1262 1205
f 1205 1262 1207
f 1205 1207 1208
f 1209 1210 1261
f 1261 1210 1255
f 1261 1255 1263
f 1255 1264 1263
f 1263 1264 1265
f 1263 1265 1260
f 1260 1265 1266
f 1260 1266 1256
f 1267 1268 1258
f 1258 1268 1269
f 1258 1269 1270
f 1271 1272 1273
f 1267 1258 1273
f 1273 1258 1257
f 1273 1257 1271
f 1274 1275 1276
f 1277 1278 1279
f 1280 1252 1251
f 1280 1281 1282
f 1282 1281 1283
f 1282 1283 1284
f 1284 1283 1285
f 1286 1287 1288
f 1288 1287 1289
f 1288 1289 1290
f 1290 1289 1291
f 1290 1291 1292
f 1292 1291 1269
f 1292 1269 1268
f 1270 1269 1293
f 1293 1269 1291
f 1293 1291 1294
f 1294 1291 1295
f 1280 1251 1281
f 1281 1251 1250
f 1281 1250 1296
f 1275 1279 1276
f 1276 1279 1278
f 1276 1278 1285
f 1285 1278 1277
f 1285 1277 1284
f 1296 1297 1281
f 1281 1297 1298
f 1281 1298 1283
f 1283 1298 1299
f 1283 1299 1285
f 1285 1299 1300
f 1285 1300 1276
f 1276 1300 1301
f 1276 1301 1274
f 1297 1295 1298
f 1298 1295 1291
f 1298 1291 1299
f 1299 1291 1289
f 1299 1289 1300
f 1300 1289 1287
f 1300 1287 1301
f 1301 1287 1286
f 1302 1303 1304
f 1304 1303 1249
f 1305 1198 1306
f 1306 1198 1197
f 1306 1197 1196
f 1202 1201 1200
f 1196 1203 1306
f 1306 1203 1202
f 1306 1202 1199
f 1199 1202 1200
f 1304 1307 1302
f 1302 1307 1308
f 1302 1308 1309
f 1310 1305 1311
f 1311 1305 1306
f 1311 1306 1309
f 1309 1306 1312
f 1309 1312 1302
f 1313 1314 1315
f 1313 1315 1316
f 1316 1315 1317
f 1316 1317 1318
f 1318 1317 1319
f 1318 1319 1320
f 1320 1319 1304
f 1320 1304 1321
f 1272 1271 1322
f 1272 1322 1323
f 1323 1322 1324
f 1323 1324 1325
f 1324 1326 1325
f 1325 1326 1327
f 1325 1327 1328
f 1329 1327 1326
f 1329 1326 1330
f 1330 1326 1324
f 1330 1324 1331
f 1331 1324 1322
f 1331 1322 1332
f 1332 1322 1271
f 1332 1271 1257
f 1333 1334 1335
f 1336 1337 1331
f 1331 1332 1336
f 1336 1332 1257
f 1336 1257 1256
f 1337 1333 1331
f 1331 1333 1335
f 1331 1335 1330
f 1330 1335 1338
f 1330 1338 1329
f 1339 1340 1341
f 1341 1340 1342
f 1218 1343 1245
f 1213 1212 1344
f 1345 1346 1347
f 1347 1346 1213
f 1347 1213 1348
f 1348 1213 1344
f 1349 1350 1245
f 1245 1350 1351
f 1245 1351 1352
f 1353 1354 1219
f 1219 1354 1355
f 1219 1355 1247
f 1247 1355 1356
f 1247 1356 1357
f 1358 1359 1219
f 1219 1359 1360
f 1219 1360 1353
f 1357 1361 1247
f 1247 1361 1362
f 1247 1362 1363
f 1364 1365 1219
f 1219 1365 1366
f 1219 1366 1358
f 1363 1367 1247
f 1247 1367 1368
f 1247 1368 1369
f 1245 1213 1218
f 1218 1213 1346
f 1218 1346 1219
f 1219 1346 1370
f 1219 1370 1364
f 1369 1371 1247
f 1247 1371 1372
f 1247 1372 1343
f 1343 1372 1373
f 1343 1373 1245
f 1245 1373 1374
f 1245 1374 1349
f 1375 1376 1377
f 1377 1376 1378
f 1377 1378 1379
f 1313 1380 1314
f 1314 1380 1381
f 1382 1383 1384
f 1384 1383 1385
f 1384 1385 1386
f 1386 1385 1387
f 1386 1387 1388
f 1388 1387 1389
f 1388 1389 1390
f 1390 1389 1391
f 1391 1389 1392
f 1391 1392 1393
f 1394 1395 1396
f 1396 1395 1397
f 1396 1397 1398
f 1399 1400 1401
f 1401 1400 1398
f 1401 1398 1402
f 1402 1398 1397
f 1403 1404 1405
f 1405 1404 1400
f 1405 1400 1399
f 1406 1407 1408
f 1408 1407 1409
f 1409 1410 1408
f 1408 1410 1411
f 1408 1411 1412
f 1412 1411 1413
f 1412 1413 1414
f 1414 1413 1415
f 1416 1417 1418
f 1418 1417 1414
f 1418 1414 1419
f 1419 1414 1415
f 1416 1420 1417
f 1417 1420 1421
f 1417 1421 1422
f 1422 1421 1423
f 1422 1423 1424
f 1424 1423 1425
f 1400 1404 1426
f 1426 1404 1424
f 1426 1424 1427
f 1427 1424 1425
f 1392 1389 1428
f 1428 1389 1429
f 1429 1430 1428
f 1428 1430 1431
f 1428 1431 1432
f 1432 1431 1433
f 1432 1433 1434
f 1434 1433 1435
f 1436 1437 1438
f 1438 1437 1434
f 1438 1434 1439
f 1439 1434 1435
f 1436 1440 1437
f 1437 1440 1441
f 1437 1441 1442
f 1442 1441 1443
f 1442 1443 1444
f 1444 1443 1445
f 1446 1447 1448
f 1448 1447 1444
f 1448 1444 1449
f 1449 1444 1445
f 1450 1451 1452
f 1453 1396 1398
f 1427 1425 1454
f 1410 1409 1455
f 1396 1453 1394
f 1456 1457 1458
f 1458 1457 1459
f 1458 1459 1460
f 1460 1459 1461
f 1462 1463 1464
f 1464 1463 1465
f 1464 1465 1466
f 1467 1468 1452
f 1452 1468 1469
f 1385 1383 1470
f 1471 1472 1473
f 1473 1472 1474
f 1473 1474 1475
f 1475 1474 1476
f 1475 1476 1453
f 1453 1476 1477
f 1453 1477 1394
f 1478 1479 1480
f 1481 1482 1483
f 1483 1482 1484
f 1483 1484 1485
f 1485 1484 1486
f 1486 1484 1457
f 1457 1484 1463
f 1457 1463 1459
f 1459 1463 1462
f 1459 1462 1461
f 1409 1407 1487
f 1413 1411 1488
f 1416 1418 1489
f 1421 1420 1490
f 1454 1425 1491
f 1491 1425 1423
f 1491 1423 1492
f 1427 1454 1426
f 1426 1454 1493
f 1426 1493 1400
f 1480 1471 1478
f 1478 1471 1473
f 1478 1473 1492
f 1492 1473 1491
f 1491 1473 1475
f 1491 1475 1454
f 1454 1475 1453
f 1454 1453 1493
f 1493 1453 1398
f 1493 1398 1400
f 1409 1487 1455
f 1455 1487 1494
f 1455 1494 1495
f 1495 1494 1496
f 1495 1496 1497
f 1497 1496 1498
f 1497 1498 1499
f 1499 1498 1500
f 1499 1500 1501
f 1411 1410 1488
f 1488 1410 1455
f 1488 1455 1502
f 1502 1455 1495
f 1502 1495 1503
f 1503 1495 1497
f 1503 1497 1504
f 1504 1497 1499
f 1504 1499 1505
f 1505 1499 1501
f 1505 1501 1506
f 1415 1413 1507
f 1507 1413 1488
f 1507 1488 1508
f 1508 1488 1502
f 1508 1502 1509
f 1509 1502 1503
f 1509 1503 1510
f 1510 1503 1504
f 1510 1504 1511
f 1511 1504 1505
f 1511 1505 1512
f 1512 1505 1506
f 1512 1506 1513
f 1419 1415 1514
f 1514 1415 1507
f 1514 1507 1515
f 1515 1507 1508
f 1515 1508 1516
f 1516 1508 1509
f 1516 1509 1517
f 1517 1509 1510
f 1517 1510 1518
f 1518 1510 1511
f 1518 1511 1519
f 1519 1511 1512
f 1519 1512 1520
f 1520 1512 1513
f 1520 1513 1521
f 1481 1480 1482
f 1482 1480 1479
f 1482 1479 1484
f 1484 1479 1522
f 1484 1522 1463
f 1463 1522 1523
f 1463 1523 1465
f 1465 1523 1524
f 1465 1524 1525
f 1525 1524 1526
f 1418 1419 1489
f 1489 1419 1514
f 1489 1514 1527
f 1527 1514 1515
f 1527 1515 1528
f 1528 1515 1516
f 1528 1516 1529
f 1529 1516 1517
f 1529 1517 1530
f 1530 1517 1518
f 1530 1518 1531
f 1531 1518 1519
f 1531 1519 1532
f 1532 1519 1520
f 1532 1520 1533
f 1533 1520 1521
f 1533 1521 1534
f 1423 1421 1492
f 1492 1421 1490
f 1492 1490 1478
f 1478 1490 1535
f 1478 1535 1479
f 1479 1535 1536
f 1479 1536 1522
f 1522 1536 1537
f 1522 1537 1523
f 1523 1537 1538
f 1523 1538 1524
f 1524 1538 1539
f 1524 1539 1526
f 1526 1539 1540
f 1526 1540 1541
f 1541 1540 1542
f 1543 1544 1545
f 1545 1544 1546
f 1545 1546 1547
f 1548 1549 1550
f 1550 1549 1541
f 1550 1541 1551
f 1551 1541 1542
f 1551 1542 1552
f 1544 1446 1546
f 1546 1446 1448
f 1546 1448 1547
f 1547 1448 1449
f 1547 1449 1445
f 1553 1543 1554
f 1554 1543 1545
f 1554 1545 1555
f 1555 1545 1547
f 1555 1547 1556
f 1556 1547 1445
f 1556 1445 1443
f 1557 1553 1558
f 1558 1553 1554
f 1558 1554 1559
f 1559 1554 1555
f 1559 1555 1560
f 1560 1555 1556
f 1560 1556 1561
f 1561 1556 1443
f 1561 1443 1441
f 1500 1557 1501
f 1501 1557 1558
f 1501 1558 1506
f 1506 1558 1559
f 1506 1559 1513
f 1513 1559 1560
f 1513 1560 1521
f 1521 1560 1561
f 1521 1561 1534
f 1534 1561 1441
f 1534 1441 1440
f 1440 1436 1534
f 1534 1436 1552
f 1534 1552 1533
f 1533 1552 1542
f 1533 1542 1532
f 1532 1542 1540
f 1532 1540 1531
f 1531 1540 1539
f 1531 1539 1530
f 1530 1539 1538
f 1530 1538 1529
f 1529 1538 1537
f 1529 1537 1528
f 1528 1537 1536
f 1528 1536 1527
f 1527 1536 1535
f 1527 1535 1489
f 1489 1535 1490
f 1489 1490 1416
f 1416 1490 1420
f 1436 1438 1552
f 1552 1438 1439
f 1552 1439 1551
f 1551 1439 1435
f 1551 1435 1550
f 1550 1435 1433
f 1550 1433 1548
f 1548 1433 1431
f 1548 1431 1430
f 1466 1465 1562
f 1562 1465 1525
f 1562 1525 1563
f 1563 1525 1526
f 1563 1526 1564
f 1564 1526 1541
f 1564 1541 1469
f 1469 1541 1549
f 1469 1549 1452
f 1452 1549 1548
f 1452 1548 1450
f 1450 1548 1430
f 1450 1430 1429
f 1467 1452 1470
f 1470 1452 1451
f 1470 1451 1385
f 1385 1451 1450
f 1385 1450 1387
f 1387 1450 1429
f 1387 1429 1389
f 1481 1565 1480
f 1480 1565 1471
f 1566 1567 1568
f 1569 1567 1570
f 1570 1567 1566
f 1570 1566 1571
f 1572 1573 1574
f 1574 1573 1575
f 1574 1575 1576
f 1576 1575 1577
f 1578 1310 1311
f 1569 1578 1579
f 1578 1311 1579
f 1579 1311 1309
f 1579 1309 1580
f 1309 1308 1581
f 1309 1581 1580
f 1580 1581 1582
f 1580 1582 1583
f 1569 1579 1567
f 1567 1579 1580
f 1567 1580 1568
f 1568 1580 1583
f 1568 1583 1584
f 1584 1585 1568
f 1568 1585 1576
f 1568 1576 1566
f 1566 1576 1577
f 1566 1577 1571
f 1586 1572 1587
f 1587 1572 1574
f 1587 1574 1588
f 1588 1574 1576
f 1588 1576 1589
f 1589 1576 1585
f 1391 1393 1590
f 1591 1570 1571
f 1591 1571 1592
f 1571 1593 1592
f 1592 1593 1594
f 1592 1594 1595
f 1595 1594 1596
f 1596 1594 1597
f 1596 1597 1598
f 1599 1600 1601
f 1601 1600 1602
f 1601 1602 1603
f 1601 1604 1599
f 1599 1604 1605
f 1599 1605 1590
f 1590 1605 1390
f 1590 1390 1391
f 1571 1577 1593
f 1593 1577 1606
f 1593 1606 1594
f 1594 1606 1607
f 1594 1607 1597
f 1597 1607 1608
f 1597 1608 1598
f 1598 1608 1603
f 1598 1603 1609
f 1609 1603 1602
f 1573 1572 1610
f 1611 1612 1613
f 1613 1612 1614
f 1613 1614 1615
f 1615 1614 1616
f 1615 1616 1617
f 1617 1616 1618
f 1617 1618 1619
f 1619 1618 1620
f 1619 1620 1621
f 1621 1620 1622
f 1621 1622 1623
f 1623 1622 1610
f 1623 1610 1624
f 1624 1610 1572
f 1624 1572 1586
f 1386 1388 1625
f 1577 1626 1606
f 1606 1626 1627
f 1606 1627 1607
f 1607 1627 1628
f 1607 1628 1608
f 1608 1628 1629
f 1608 1629 1603
f 1603 1629 1630
f 1603 1630 1601
f 1601 1630 1631
f 1601 1631 1604
f 1604 1631 1625
f 1604 1625 1605
f 1605 1625 1388
f 1605 1388 1390
f 1577 1575 1626
f 1626 1575 1632
f 1626 1632 1627
f 1627 1632 1633
f 1627 1633 1628
f 1628 1633 1634
f 1628 1634 1629
f 1629 1634 1635
f 1629 1635 1630
f 1630 1635 1636
f 1630 1636 1631
f 1631 1636 1637
f 1631 1637 1625
f 1625 1637 1638
f 1625 1638 1386
f 1386 1638 1384
f 1575 1573 1632
f 1632 1573 1610
f 1632 1610 1633
f 1633 1610 1622
f 1633 1622 1634
f 1634 1622 1620
f 1634 1620 1635
f 1635 1620 1618
f 1635 1618 1636
f 1636 1618 1616
f 1636 1616 1637
f 1637 1616 1614
f 1637 1614 1638
f 1638 1614 1612
f 1638 1612 1384
f 1384 1612 1611
f 1384 1611 1382
f 1254 1639 1640
f 1641 1642 1643
f 1644 1645 1646
f 1645 1266 1265
f 1642 1647 1644
f 1647 1642 1648
f 1648 1642 1641
f 1648 1641 1649
f 1649 1641 1650
f 1650 1641 1651
f 1650 1651 1652
f 1652 1651 1653
f 1652 1653 1654
f 1655 1656 1657
f 1657 1656 1658
f 1657 1658 1659
f 1660 1655 1643
f 1643 1655 1657
f 1643 1657 1641
f 1641 1657 1659
f 1641 1659 1651
f 1651 1659 1661
f 1651 1661 1653
f 1645 1265 1646
f 1646 1265 1264
f 1646 1264 1640
f 1640 1264 1255
f 1640 1255 1254
f 1644 1646 1642
f 1642 1646 1640
f 1642 1640 1643
f 1643 1640 1639
f 1643 1639 1660
f 1661 1659 1662
f 1654 1663 1664
f 1664 1663 1665
f 1664 1665 1666
f 1666 1665 1667
f 1666 1667 1668
f 1668 1667 1669
f 1668 1669 1670
f 1670 1669 1671
f 1670 1671 1672
f 1672 1671 1673
f 1673 1671 1674
f 1673 1674 1675
f 1675 1674 1676
f 1675 1676 1677
f 1395 1677 1397
f 1397 1677 1676
f 1397 1676 1402
f 1654 1653 1663
f 1663 1653 1678
f 1663 1678 1665
f 1665 1678 1679
f 1665 1679 1667
f 1667 1679 1680
f 1667 1680 1669
f 1669 1680 1681
f 1669 1681 1671
f 1671 1681 1682
f 1671 1682 1674
f 1674 1682 1683
f 1674 1683 1676
f 1676 1683 1684
f 1676 1684 1402
f 1402 1684 1401
f 1653 1661 1678
f 1678 1661 1662
f 1678 1662 1679
f 1679 1662 1685
f 1679 1685 1680
f 1680 1685 1686
f 1680 1686 1681
f 1681 1686 1687
f 1681 1687 1682
f 1682 1687 1688
f 1682 1688 1683
f 1683 1688 1689
f 1683 1689 1684
f 1684 1689 1690
f 1684 1690 1401
f 1401 1690 1399
f 1399 1690 1691
f 1691 1690 1689
f 1691 1689 1692
f 1692 1689 1688
f 1692 1688 1693
f 1693 1688 1687
f 1693 1687 1694
f 1694 1687 1686
f 1694 1686 1695
f 1695 1686 1685
f 1695 1685 1696
f 1696 1685 1662
f 1696 1662 1697
f 1697 1662 1659
f 1697 1659 1658
f 1405 1399 1691
f 1695 1698 1694
f 1694 1698 1699
f 1694 1699 1693
f 1693 1699 1700
f 1693 1700 1692
f 1692 1700 1701
f 1692 1701 1691
f 1691 1701 1702
f 1691 1702 1405
f 1405 1702 1703
f 1405 1703 1403
f 1704 1705 1706
f 1706 1705 1707
f 1706 1707 1708
f 1708 1707 1709
f 1709 1707 1710
f 1709 1710 1711
f 1711 1710 1656
f 1711 1656 1655
f 1658 1656 1697
f 1697 1656 1710
f 1697 1710 1696
f 1696 1710 1707
f 1696 1707 1695
f 1695 1707 1705
f 1695 1705 1698
f 1698 1705 1704
f 1712 1713 1714
f 1715 1716 1717
f 1717 1716 1718
f 1717 1718 1719
f 1719 1718 1720
f 1719 1720 1721
f 1720 1722 1721
f 1721 1722 1723
f 1721 1723 1724
f 1725 1726 1727
f 1727 1726 1728
f 1727 1728 1729
f 1729 1728 1730
f 1729 1730 1731
f 1731 1730 1732
f 1732 1730 1733
f 1732 1733 1734
f 1713 1712 1735
f 1728 1736 1730
f 1730 1736 1737
f 1730 1737 1733
f 1733 1737 1735
f 1733 1735 1734
f 1734 1735 1712
f 1736 1723 1737
f 1737 1723 1722
f 1737 1722 1735
f 1735 1722 1720
f 1735 1720 1713
f 1713 1720 1718
f 1713 1718 1714
f 1714 1718 1716
f 1714 1716 1738
f 1738 1716 1739
f 1717 1487 1715
f 1715 1487 1407
f 1715 1407 1406
f 1740 1544 1741
f 1741 1544 1543
f 1741 1543 1742
f 1742 1543 1553
f 1742 1553 1743
f 1743 1553 1557
f 1743 1557 1744
f 1744 1557 1500
f 1744 1500 1745
f 1745 1500 1498
f 1745 1498 1746
f 1746 1498 1496
f 1746 1496 1747
f 1747 1496 1494
f 1747 1494 1724
f 1724 1494 1487
f 1724 1487 1721
f 1721 1487 1717
f 1721 1717 1719
f 1748 1749 1750
f 1740 1748 1544
f 1544 1748 1750
f 1544 1750 1446
f 1446 1750 1751
f 1446 1751 1447
f 1752 1753 1754
f 1755 1756 1757
f 1757 1756 1758
f 1757 1758 1759
f 1759 1758 1760
f 1759 1760 1761
f 1754 1753 1760
f 1760 1753 1762
f 1760 1762 1761
f 1752 1754 1763
f 1763 1754 1728
f 1763 1728 1726
f 1764 1740 1765
f 1765 1740 1741
f 1765 1741 1766
f 1766 1741 1742
f 1766 1742 1767
f 1767 1742 1743
f 1767 1743 1768
f 1768 1743 1744
f 1768 1744 1769
f 1769 1744 1745
f 1769 1745 1770
f 1770 1745 1746
f 1770 1746 1771
f 1771 1746 1747
f 1771 1747 1723
f 1723 1747 1724
f 1772 1773 1774
f 1774 1773 1775
f 1776 1777 1772
f 1772 1777 1778
f 1772 1778 1773
f 1779 1780 1776
f 1776 1780 1781
f 1776 1781 1777
f 1755 1782 1756
f 1756 1782 1783
f 1756 1783 1779
f 1779 1783 1784
f 1779 1784 1780
f 1774 1785 1772
f 1772 1785 1786
f 1772 1786 1776
f 1776 1786 1787
f 1776 1787 1779
f 1779 1787 1788
f 1779 1788 1756
f 1756 1788 1789
f 1756 1789 1758
f 1758 1789 1790
f 1758 1790 1760
f 1760 1790 1791
f 1760 1791 1754
f 1754 1791 1792
f 1754 1792 1728
f 1728 1792 1736
f 1785 1764 1786
f 1786 1764 1765
f 1786 1765 1787
f 1787 1765 1766
f 1787 1766 1788
f 1788 1766 1767
f 1788 1767 1789
f 1789 1767 1768
f 1789 1768 1790
f 1790 1768 1769
f 1790 1769 1791
f 1791 1769 1770
f 1791 1770 1792
f 1792 1770 1771
f 1792 1771 1736
f 1736 1771 1723
f 1793 1794 1795
f 1796 1797 1798
f 1798 1797 1799
f 1798 1799 1800
f 1793 1795 1801
f 1802 1803 1804
f 1804 1803 1805
f 1774 1775 1806
f 1806 1807 1774
f 1774 1807 1808
f 1774 1808 1803
f 1803 1808 1809
f 1803 1809 1805
f 1798 1751 1796
f 1796 1751 1750
f 1796 1750 1810
f 1810 1750 1749
f 1810 1749 1811
f 1811 1749 1748
f 1811 1748 1764
f 1764 1748 1740
f 1804 1801 1802
f 1802 1801 1795
f 1802 1795 1803
f 1803 1795 1812
f 1803 1812 1774
f 1774 1812 1785
f 1793 1797 1794
f 1794 1797 1796
f 1794 1796 1795
f 1795 1796 1810
f 1795 1810 1812
f 1812 1810 1811
f 1812 1811 1785
f 1785 1811 1764
f 1813 1228 1226
f 1242 1814 1244
f 1244 1814 1815
f 1244 1815 1222
f 1222 1815 1816
f 1222 1816 1224
f 1224 1816 1817
f 1224 1817 1226
f 1226 1817 1818
f 1226 1818 1813
f 1234 1819 1236
f 1236 1819 1820
f 1236 1820 1238
f 1238 1820 1821
f 1238 1821 1240
f 1240 1821 1822
f 1240 1822 1242
f 1242 1822 1823
f 1242 1823 1814
f 1813 1824 1228
f 1228 1824 1825
f 1228 1825 1230
f 1230 1825 1826
f 1230 1826 1232
f 1232 1826 1827
f 1232 1827 1234
f 1234 1827 1828
f 1234 1828 1819
f 1829 1227 1229
f 1235 1830 1233
f 1233 1830 1831
f 1233 1831 1231
f 1231 1831 1832
f 1231 1832 1229
f 1229 1832 1833
f 1229 1833 1829
f 1243 1834 1241
f 1241 1834 1835
f 1241 1835 1239
f 1239 1835 1836
f 1239 1836 1237
f 1237 1836 1837
f 1237 1837 1235
f 1235 1837 1838
f 1235 1838 1830
f 1829 1839 1227
f 1227 1839 1840
f 1227 1840 1225
f 1225 1840 1841
f 1225 1841 1223
f 1223 1841 1842
f 1223 1842 1221
f 1221 1842 1843
f 1221 1843 1243
f 1243 1843 1844
f 1243 1844 1834
f 1845 1835 1846
f 1846 1835 1834
f 1846 1834 1847
f 1847 1834 1844
f 1847 1844 1848
f 1848 1844 1843
f 1848 1843 1849
f 1849 1843 1842
f 1849 1842 1850
f 1850 1842 1841
f 1850 1841 1851
f 1851 1841 1840
f 1851 1840 1852
f 1852 1840 1839
f 1852 1839 1853
f 1853 1839 1829
f 1853 1829 1854
f 1854 1829 1833
f 1854 1833 1855
f 1855 1833 1832
f 1855 1832 1856
f 1856 1832 1831
f 1856 1831 1857
f 1857 1831 1830
f 1857 1830 1858
f 1858 1830 1838
f 1858 1838 1859
f 1859 1838 1837
f 1859 1837 1860
f 1860 1837 1836
f 1860 1836 1845
f 1845 1836 1835
f 1716 1715 1406
f 1861 1862 1151
f 1151 1862 1863
f 1151 1863 1373
f 1864 1865 1708
f 1866 1867 1868
f 1868 1867 1869
f 1870 1373 1869
f 1869 1373 1372
f 1869 1372 1868
f 1708 1709 1864
f 1864 1709 1711
f 1864 1711 1655
f 1871 1414 1417
f 1739 1716 1872
f 1872 1716 1373
f 1872 1373 1873
f 1873 1373 1870
f 1703 1702 1874
f 1874 1702 1701
f 1874 1701 1865
f 1871 1417 1875
f 1414 1871 1412
f 1412 1871 1876
f 1412 1876 1408
f 1876 1877 1408
f 1408 1877 1878
f 1408 1878 1879
f 1716 1406 1373
f 1373 1406 1408
f 1373 1408 1151
f 1151 1408 1879
f 1151 1879 1880
f 1701 1700 1865
f 1865 1700 1699
f 1865 1699 1698
f 1417 1422 1875
f 1875 1422 1424
f 1875 1424 1881
f 1881 1424 1404
f 1881 1404 1874
f 1874 1404 1403
f 1874 1403 1703
f 1655 1660 1864
f 1864 1660 1639
f 1864 1639 1882
f 1882 1639 1254
f 1882 1254 1883
f 1883 1254 1211
f 1883 1211 1884
f 1884 1211 1152
f 1884 1152 1885
f 1885 1152 1151
f 1885 1151 1886
f 1886 1151 1880
f 1698 1704 1865
f 1865 1704 1706
f 1865 1706 1708
f 1881 1821 1875
f 1875 1821 1820
f 1875 1820 1871
f 1871 1820 1819
f 1871 1819 1876
f 1876 1819 1828
f 1876 1828 1877
f 1877 1828 1827
f 1877 1827 1878
f 1878 1827 1826
f 1878 1826 1879
f 1879 1826 1825
f 1879 1825 1880
f 1880 1825 1824
f 1880 1824 1886
f 1886 1824 1813
f 1886 1813 1885
f 1885 1813 1818
f 1885 1818 1884
f 1884 1818 1817
f 1884 1817 1883
f 1883 1817 1816
f 1883 1816 1882
f 1882 1816 1815
f 1882 1815 1864
f 1864 1815 1814
f 1864 1814 1865
f 1865 1814 1823
f 1865 1823 1874
f 1874 1823 1822
f 1874 1822 1881
f 1881 1822 1821
f 1887 1888 1889
f 1890 1891 1892
f 1893 1894 1895
f 1896 1897 1898
f 1898 1897 1899
f 1900 1901 1902
f 1902 1903 1900
f 1900 1903 1904
f 1900 1904 1897
f 1897 1904 1905
f 1897 1905 1899
f 1906 1907 1908
f 1908 1907 1909
f 1908 1909 1910
f 1910 1909 1911
f 1174 1173 1912
f 1912 1173 1913
f 1912 1913 1914
f 1914 1913 1915
f 1916 1917 1918
f 1918 1917 1919
f 1920 1921 1922
f 1922 1923 1920
f 1920 1923 1924
f 1920 1924 1925
f 1894 1926 1895
f 1895 1926 1927
f 1895 1927 1913
f 1913 1927 1928
f 1913 1928 1915
f 1915 1928 1918
f 1915 1918 1929
f 1929 1918 1919
f 1164 1893 1159
f 1159 1893 1895
f 1159 1895 1166
f 1166 1895 1913
f 1166 1913 1168
f 1168 1913 1173
f 1926 1930 1927
f 1927 1930 1931
f 1927 1931 1928
f 1928 1931 1932
f 1928 1932 1918
f 1918 1932 1925
f 1918 1925 1916
f 1916 1925 1924
f 1930 1933 1931
f 1931 1933 1934
f 1931 1934 1932
f 1932 1934 1935
f 1932 1935 1925
f 1925 1935 1936
f 1925 1936 1920
f 1920 1936 1937
f 1920 1937 1921
f 1921 1937 1889
f 1921 1889 1938
f 1938 1889 1888
f 1938 1888 1939
f 1896 1890 1897
f 1897 1890 1892
f 1897 1892 1900
f 1900 1892 1940
f 1900 1940 1901
f 1901 1940 1910
f 1901 1910 1941
f 1941 1910 1911
f 1891 1887 1892
f 1892 1887 1889
f 1892 1889 1940
f 1940 1889 1937
f 1940 1937 1910
f 1910 1937 1936
f 1910 1936 1908
f 1908 1936 1935
f 1908 1935 1906
f 1906 1935 1934
f 1939 1888 1942
f 1942 1888 1887
f 1942 1887 1869
f 1891 1873 1887
f 1887 1873 1870
f 1887 1870 1869
f 1898 1872 1896
f 1896 1872 1873
f 1896 1873 1890
f 1890 1873 1891
f 1714 1738 1943
f 1943 1738 1944
f 1898 1945 1872
f 1872 1945 1944
f 1872 1944 1739
f 1739 1944 1738
f 1946 1352 1351
f 1863 1862 1947
f 1948 1949 1950
f 1950 1949 1951
f 1952 1339 1953
f 1953 1339 1341
f 1953 1341 1949
f 1949 1341 1342
f 1949 1342 1951
f 1950 1946 1948
f 1948 1946 1351
f 1948 1351 1954
f 1954 1351 1350
f 1954 1350 1955
f 1955 1350 1349
f 1955 1349 1947
f 1947 1349 1374
f 1947 1374 1863
f 1863 1374 1373
f 1956 1957 1958
f 1959 1800 1960
f 1960 1800 1799
f 1960 1799 1961
f 1961 1799 1797
f 1960 1962 1959
f 1959 1962 1963
f 1959 1963 1964
f 1964 1963 1965
f 1965 1966 1964
f 1964 1966 1967
f 1964 1967 1958
f 1958 1967 1968
f 1958 1968 1956
f 1956 1968 1969
f 1956 1969 1970
f 1971 1972 1973
f 1137 1135 1974
f 1975 1976 1974
f 1974 1976 1977
f 1974 1977 1137
f 1978 1979 1980
f 1980 1979 1981
f 1980 1981 1982
f 1982 1981 1983
f 1984 1985 1986
f 1986 1985 1987
f 1986 1987 1988
f 1988 1987 1978
f 1989 1990 1991
f 1991 1990 1992
f 1991 1992 1993
f 1993 1992 1984
f 1994 1995 1996
f 1996 1995 1989
f 1997 1998 1999
f 1999 1998 2000
f 1999 2000 2001
f 2002 2003 2004
f 2004 2003 2005
f 2004 2005 2006
f 1973 1972 2007
f 1126 1127 2008
f 2008 1127 2009
f 2009 2010 2008
f 2008 2010 2011
f 2008 2011 1973
f 1973 2011 2012
f 1973 2012 1971
f 1963 1994 1965
f 1965 1994 1996
f 1965 1996 1966
f 1966 1996 2013
f 1966 2013 1967
f 1967 2013 1968
f 1968 2013 1998
f 1968 1998 1969
f 1969 1998 1997
f 1969 1997 1970
f 1989 1991 1996
f 1996 1991 1993
f 1996 1993 2013
f 2013 1993 2014
f 2013 2014 1998
f 1998 2014 2004
f 1998 2004 2000
f 2000 2004 2006
f 2000 2006 2001
f 1984 1986 1993
f 1993 1986 1988
f 1993 1988 2014
f 2014 1988 2007
f 2014 2007 2004
f 2004 2007 1972
f 2004 1972 2002
f 2015 1130 1123
f 1978 1980 1988
f 1988 1980 1982
f 1988 1982 2007
f 2007 1982 2016
f 2007 2016 1973
f 1973 2016 2015
f 1973 2015 2008
f 2008 2015 1123
f 2008 1123 1126
f 1135 1130 1974
f 1974 1130 2015
f 1974 2015 1975
f 1975 2015 2016
f 1975 2016 2017
f 2017 2016 1982
f 2017 1982 2018
f 2018 1982 1983
f 1193 1191 2019
f 1179 1178 2020
f 1171 1170 2021
f 1929 1919 2022
f 1869 1867 1942
f 1942 1867 2023
f 1942 2023 1939
f 1939 2023 1938
f 1938 2023 2024
f 1938 2024 1921
f 1921 2024 1922
f 1922 2024 2025
f 1922 2025 1923
f 1919 1917 2022
f 2022 1917 1916
f 2022 1916 2025
f 2025 1916 1924
f 2025 1924 1923
f 1929 2022 1915
f 1915 2022 2026
f 1915 2026 1914
f 1170 1175 2021
f 2021 1175 1174
f 2021 1174 2026
f 2026 1174 1912
f 2026 1912 1914
f 2020 1178 2021
f 2021 1178 1177
f 2021 1177 1171
f 1179 2020 1180
f 1180 2020 2027
f 1180 2027 1181
f 1187 1185 2027
f 2027 1185 1183
f 2027 1183 1181
f 2019 1191 2027
f 2027 1191 1190
f 2027 1190 1187
f 1861 1151 2028
f 2028 1151 1149
f 2028 1149 2019
f 2019 1149 1148
f 2019 1148 1193
f 1245 1352 1246
f 1246 1352 1946
f 1247 1343 1248
f 1248 1343 1246
f 1248 1246 2029
f 2029 1246 1946
f 2029 1946 1950
f 2029 1950 1951
f 2029 1951 2030
f 2030 1951 1342
f 2030 1342 1340
f 1340 1339 2030
f 2030 1339 1952
f 1336 1256 1266
f 1334 1333 1266
f 1266 1333 1337
f 1266 1337 1336
f 1101 2031 2032
f 1128 1140 2033
f 1963 1962 2034
f 1778 1777 2035
f 2035 1777 1781
f 2035 1781 2036
f 2036 1781 1780
f 2036 1780 1784
f 2037 1806 1775
f 2037 1775 2035
f 2035 1775 1773
f 2035 1773 1778
f 1961 1797 1793
f 1793 1801 2034
f 2034 1801 1804
f 2034 1804 1805
f 2034 1962 1793
f 1793 1962 1960
f 1793 1960 1961
f 1805 1809 2034
f 2034 1809 1808
f 2034 1808 2037
f 2037 1808 1807
f 2037 1807 1806
f 1963 2034 1994
f 1994 2034 2038
f 1994 2038 1995
f 1995 2038 1989
f 1989 2038 2039
f 1989 2039 1990
f 1990 2039 1992
f 1992 2039 2040
f 1992 2040 1984
f 1979 1978 2041
f 2041 1978 1987
f 2041 1987 2040
f 2040 1987 1985
f 2040 1985 1984
f 2042 1983 2041
f 2041 1983 1981
f 2041 1981 1979
f 2043 1977 1976
f 1976 1975 2043
f 2043 1975 2017
f 2043 2017 2042
f 2042 2017 2018
f 2042 2018 1983
f 1138 1134 2044
f 2044 1134 1136
f 2044 1136 2043
f 2043 1136 1137
f 2043 1137 1977
f 2033 1140 2044
f 2044 1140 1139
f 2044 1139 1138
f 1133 1132 2045
f 2045 1132 1131
f 2045 1131 2033
f 2033 1131 1129
f 2033 1129 1128
f 2046 1114 2047
f 2047 1114 1113
f 2047 1113 1100
f 1100 1121 2047
f 2047 1121 1120
f 2047 1120 2045
f 2045 1120 1119
f 2045 1119 1133
f 2031 1101 2048
f 1101 1103 2048
f 2048 1103 1104
f 2048 1104 336
f 336 1104 1105
f 336 1105 2046
f 2046 1105 1116
f 2046 1116 1114
f 1306 1199 1143
f 1312 1306 2049
f 2049 1306 1143
f 2049 1143 2032
f 2032 1143 1142
f 2032 1142 1101
f 1250 2050 1296
f 1296 2050 2051
f 1296 2051 1297
f 1312 2049 1302
f 1302 2049 2050
f 1302 2050 1303
f 1303 2050 1250
f 1303 1250 1249
f 2052 1294 2051
f 2051 1294 1295
f 2051 1295 1297
f 1259 1258 2053
f 2053 1258 1270
f 2053 1270 2052
f 2052 1270 1293
f 2052 1293 1294
f 1259 2053 1260
f 1260 2053 2054
f 1260 2054 1263
f 2054 2055 1156
f 1156 2055 1154
f 1263 2054 1261
f 1261 2054 1156
f 1261 1156 1206
f 1154 2055 1150
f 1150 2055 2056
f 1150 2056 1195
f 1195 2056 1194
f 1194 2056 2057
f 1194 2057 1192
f 1184 1186 2058
f 2058 1186 385
f 385 1186 1189
f 385 1189 2057
f 2057 1189 1188
f 2057 1188 1192
f 2059 1167 1169
f 1169 1176 2059
f 2059 1176 1172
f 2059 1172 2058
f 2058 1172 1182
f 2058 1182 1184
f 1167 2059 1165
f 1165 2059 2060
f 1165 2060 1157
f 1162 1161 2061
f 2061 1161 1160
f 2061 1160 2060
f 2060 1160 1158
f 2060 1158 1157
f 1162 2061 1163
f 1163 2061 2062
f 1163 2062 1164
f 1930 1926 2063
f 2063 1926 1894
f 2063 1894 2062
f 2062 1894 1893
f 2062 1893 1164
f 1930 2063 1933
f 1933 2063 2064
f 1933 2064 1934
f 2065 1907 2064
f 2064 1907 1906
f 2064 1906 1934
f 2066 1901 2065
f 2065 1901 1941
f 1941 1911 2065
f 2065 1911 1909
f 2065 1909 1907
f 2067 1905 2066
f 2066 1905 1904
f 1904 1903 2066
f 2066 1903 1902
f 2066 1902 1901
f 1944 1945 2068
f 2068 1945 1898
f 2068 1898 2067
f 2067 1898 1899
f 2067 1899 1905
f 1752 1763 2069
f 2069 1763 1726
f 2069 1726 2068
f 2068 1726 1725
f 1725 1727 2068
f 2068 1727 1729
f 2068 1729 1731
f 1731 1732 2068
f 2068 1732 1734
f 2068 1734 1944
f 1944 1734 1712
f 1944 1712 1943
f 1943 1712 1714
f 2070 1762 2069
f 2069 1762 1753
f 2069 1753 1752
f 1757 1759 2070
f 2070 1759 1761
f 2070 1761 1762
f 2058 385 2071
f 1784 1783 2071
f 2072 2073 2071
f 2071 2073 2074
f 1783 1782 2071
f 2071 1782 1755
f 2071 1755 1757
f 2074 336 2038
f 2038 336 2046
f 2038 2046 2039
f 2037 2035 2071
f 2071 2035 2036
f 2071 2036 1784
f 2041 2040 2045
f 1757 2070 2071
f 2071 2070 2069
f 2071 2069 2068
f 2074 2038 2071
f 2071 2038 2034
f 2071 2034 2037
f 2039 2046 2040
f 2040 2046 2047
f 2040 2047 2045
f 2058 2071 2059
f 2068 2067 2071
f 2071 2067 2066
f 2071 2066 2065
f 2045 2033 2041
f 2041 2033 2044
f 2041 2044 2042
f 2042 2044 2043
f 2065 2064 2071
f 2071 2064 2063
f 2071 2063 2062
f 2062 2061 2071
f 2071 2061 2060
f 2071 2060 2059
f 2075 1379 1378
f 2076 2077 1216
f 1216 2077 1214
f 1214 2077 2078
f 1214 2078 1212
f 2079 2080 1347
f 1347 2080 2081
f 1347 2081 1345
f 1216 2075 2076
f 2076 2075 1378
f 2076 1378 2082
f 2082 1378 1376
f 2082 1376 2083
f 2083 1376 1375
f 2079 1347 2084
f 2084 1347 1348
f 2084 1348 2078
f 2078 1348 1344
f 2078 1344 1212
f 1868 1372 1371
f 2085 2086 2087
f 1868 1371 1866
f 1346 2085 1370
f 1370 2085 2087
f 1370 2087 1364
f 1364 2087 2088
f 1364 2088 1365
f 1365 2088 2089
f 1365 2089 1366
f 1366 2089 2090
f 1366 2090 1358
f 1358 2090 2091
f 1358 2091 1359
f 1359 2091 2092
f 1359 2092 1360
f 1360 2092 2093
f 1360 2093 1353
f 1353 2093 2094
f 1353 2094 1354
f 1354 2094 2095
f 1354 2095 1355
f 1355 2095 2096
f 1355 2096 1356
f 1356 2096 2097
f 1356 2097 1357
f 1357 2097 2098
f 1357 2098 1361
f 1361 2098 2099
f 1361 2099 1362
f 1362 2099 2100
f 1362 2100 1363
f 1363 2100 2101
f 1363 2101 1367
f 1367 2101 2102
f 1367 2102 1368
f 1368 2102 2103
f 1368 2103 1369
f 1369 2103 2104
f 1369 2104 1371
f 1371 2104 2105
f 1371 2105 1866
f 1346 1345 1957
f 1345 1447 1751
f 1859 1437 1442
f 1848 1570 1591
f 1305 1310 1848
f 1848 1849 1145
f 1145 1849 1850
f 1859 1442 1858
f 1858 1442 1444
f 1858 1444 1857
f 1857 1444 1447
f 1857 1447 1856
f 1751 1798 1345
f 1345 1798 1800
f 1345 1800 1959
f 2106 2086 1957
f 1957 2086 2085
f 1957 2085 1346
f 1437 1859 1434
f 1434 1859 1860
f 1434 1860 1432
f 1432 1860 1428
f 1428 1860 1845
f 1428 1845 1392
f 1305 1848 1198
f 1198 1848 1145
f 1198 1145 1146
f 1310 1578 1848
f 1848 1578 1569
f 1848 1569 1570
f 1856 1447 1855
f 1855 1447 1345
f 1855 1345 1854
f 1959 1964 1345
f 1345 1964 1958
f 1345 1958 1957
f 1392 1845 1393
f 1393 1845 1846
f 1393 1846 1590
f 1598 1609 1847
f 2080 2107 2081
f 2081 2107 1145
f 2081 1145 1345
f 1591 1592 1848
f 1848 1592 1595
f 1848 1595 1847
f 1847 1595 1596
f 1847 1596 1598
f 1609 1602 1847
f 1847 1602 1600
f 1847 1600 1846
f 1846 1600 1599
f 1846 1599 1590
f 1850 1851 1145
f 1145 1851 1852
f 1145 1852 1345
f 1345 1852 1853
f 1345 1853 1854
f 1145 2107 1141
f 1141 2107 2108
f 1141 2108 1102
f 1102 2108 2109
f 1102 2109 1106
f 2110 1109 1108
f 1108 1112 2110
f 2110 1112 1115
f 2110 1115 2109
f 2109 1115 1107
f 2109 1107 1106
f 1109 2110 1110
f 1110 2110 2111
f 1110 2111 1111
f 1125 1124 2112
f 2112 1124 1122
f 2112 1122 1099
f 1099 1098 2112
f 2112 1098 1118
f 2112 1118 2111
f 2111 1118 1117
f 2111 1117 1111
f 2113 2010 2009
f 2113 2009 2112
f 2112 2009 1127
f 2112 1127 1125
f 2010 2113 2011
f 2011 2113 2114
f 2011 2114 2012
f 2002 1972 2114
f 2114 1972 1971
f 2114 1971 2012
f 2002 2114 2003
f 2003 2114 2115
f 2003 2115 2005
f 1997 1999 2116
f 2116 1999 2001
f 2116 2001 2115
f 2115 2001 2006
f 2115 2006 2005
f 1997 2116 1970
f 1970 2116 2117
f 1970 2117 1956
f 1956 2117 2106
f 1956 2106 1957
f 1375 1377 2083
f 2083 1377 2118
f 1216 1217 2075
f 2075 1217 2118
f 2075 2118 1379
f 1379 2118 1377
f 1867 1866 2023
f 2023 1866 2024
f 2028 2021 2026
f 2107 2080 2108
f 2108 2080 2115
f 1947 1862 1866
f 1866 1862 2025
f 1866 2025 2024
f 2021 2028 2020
f 2020 2028 2019
f 2020 2019 2027
f 1862 1861 2025
f 2025 1861 2028
f 2025 2028 2022
f 2022 2028 2026
f 2116 2086 2117
f 2117 2086 2106
f 2115 2114 2108
f 2108 2114 2113
f 2108 2113 2112
f 1955 1947 1248
f 2112 2111 2108
f 2108 2111 2110
f 2108 2110 2109
f 2082 2083 2118
f 2098 2097 1248
f 1952 1953 2030
f 2030 1953 1949
f 2030 1949 2029
f 2029 1949 1948
f 2029 1948 1248
f 1248 1948 1954
f 1248 1954 1955
f 2080 2079 1220
f 1248 2097 1220
f 2097 2096 1220
f 1220 2096 2095
f 1220 2095 2094
f 2079 2084 1220
f 1220 2084 2078
f 1220 2078 1217
f 1217 2078 2077
f 1217 2077 2118
f 2118 2077 2076
f 2118 2076 2082
f 2101 2100 1248
f 1248 2100 2099
f 1248 2099 2098
f 2094 2093 1220
f 1220 2093 2092
f 1220 2092 2091
f 2104 2103 1248
f 1248 2103 2102
f 1248 2102 2101
f 2091 2090 1220
f 1220 2090 2089
f 1220 2089 2088
f 1947 1866 1248
f 1248 1866 2105
f 1248 2105 2104
f 2088 2087 1220
f 1220 2087 2086
f 1220 2086 2080
f 2080 2086 2116
f 2080 2116 2115
f 1485 2119 1483
f 1483 2119 1481
f 1481 2120 1565
f 1565 2120 2121
f 2121 2120 2122
f 1562 2123 1466
f 1466 2123 1464
f 2124 1562 2125
f 2125 1562 2126
f 2120 1481 2122
f 2122 1481 2119
f 2122 2119 2127
f 2127 2119 2128
f 2129 2128 2119
f 2119 1485 1486
f 2119 1486 2129
f 2129 1486 1457
f 2129 1457 1456
f 1460 2130 1458
f 1458 2130 2129
f 1458 2129 1456
f 2123 2131 2130
f 1464 2123 1462
f 1462 2123 2130
f 1462 2130 1461
f 1461 2130 1460
f 2131 2123 2132
f 2133 2132 2124
f 2124 2132 2123
f 2124 2123 1562
f 1343 1218 1246
f 1246 1218 1215
f 2133 2124 2125
f 1564 2126 1563
f 1563 2126 1562
f 1338 2134 1329
f 1329 2134 1327
f 1308 1307 2135
f 2135 2136 1308
f 1308 2136 2137
f 1308 2137 2138
f 2139 2138 2137
f 1307 1304 1319
f 1317 2136 1319
f 1319 2136 2135
f 1319 2135 1307
f 1314 1381 1315
f 1315 1381 2139
f 1315 2139 1317
f 1317 2139 2137
f 1317 2137 2136
f 1615 1675 1613
f 1613 1675 1677
f 1613 1677 1611
f 1611 1677 1395
f 1611 1395 1382
f 1586 1654 1624
f 1624 1654 1664
f 1624 1664 1623
f 1623 1664 1666
f 1623 1666 1621
f 1621 1666 1668
f 1621 1668 1619
f 1619 1668 1670
f 1619 1670 1617
f 1617 1670 1672
f 1617 1672 1615
f 1615 1672 1673
f 1615 1673 1675
f 1395 1394 1382
f 1382 1394 1383
f 1472 1471 1565
f 1472 1565 1474
f 1474 1565 2121
f 1474 2121 1476
f 2128 2129 2127
f 2127 2129 1476
f 2127 1476 2122
f 2122 1476 2121
f 2131 2132 2130
f 2130 2132 2133
f 2130 2133 1467
f 1467 2133 1468
f 1468 2133 2125
f 1468 2125 1469
f 1469 2125 2126
f 1469 2126 1564
f 1383 1394 1470
f 1470 1394 1477
f 1470 1477 1467
f 1467 1477 1476
f 1467 1476 2130
f 2130 1476 2129
f 2139 1308 2138
f 1381 1581 2139
f 2139 1581 1308
f 1654 1586 1652
f 1652 1586 1587
f 1652 1587 1650
f 1650 1587 1588
f 1650 1588 1649
f 1649 1588 1589
f 1649 1589 1648
f 1648 1589 1585
f 1648 1585 1647
f 1647 1585 1584
f 1647 1584 1644
f 1644 1584 1583
f 1581 1381 1582
f 1582 1381 1380
f 1582 1380 1583
f 1583 1380 2140
f 2140 2141 1583
f 1583 2141 2142
f 1583 2142 1644
f 1644 2142 2143
f 1644 2143 2144
f 2144 2134 1644
f 1644 2134 1338
f 1644 1338 1645
f 1645 1338 1266
f 1334 1266 1335
f 1335 1266 1338
f 1328 1327 2145
f 2145 1327 2134
f 1380 2146 2147
f 1380 2147 2140
f 2145 2134 2148
f 2148 2134 2144
f 2148 2144 2149
f 2149 2144 2143
f 2149 2143 2150
f 2150 2143 2142
f 2150 2142 2151
f 2151 2142 2141
f 2151 2141 2152
f 2152 2141 2140
f 2152 2140 2153
f 2153 2140 2147
f 2146 1380 2154
f 2154 1380 1313
f 2154 1313 1316
f 2154 1316 2155
f 2155 1316 1318
f 2155 1318 2156
f 1318 1320 2156
f 2156 1320 1321
f 2156 1321 2157
f 1249 1253 2158
f 2157 1321 2158
f 2158 1321 1304
f 2158 1304 1249
f 2032 2031 2074
f 2074 2031 2048
f 2074 2048 336
f 2071 385 2057
f 2159 2160 2052
f 2052 2051 2159
f 2159 2051 2050
f 2159 2050 2074
f 2074 2050 2049
f 2074 2049 2032
f 2071 2054 2160
f 2160 2054 2053
f 2160 2053 2052
f 2057 2056 2071
f 2071 2056 2055
f 2071 2055 2054
f 2160 2072 2071
f 2153 2147 2161
f 2162 2148 2149
f 2149 2150 2162
f 2162 2150 2151
f 2162 2151 2161
f 2161 2151 2152
f 2161 2152 2153
f 2163 2164 2165
f 2163 2165 2166
f 2166 2165 2167
f 2166 2167 2168
f 2168 2167 2162
f 2168 2162 2161
f 2164 2163 1267
f 1267 2163 1253
f 2073 2072 2159
f 2159 2072 2160
f 1267 1292 1268
f 2145 2148 1328
f 1328 2148 2162
f 1328 2162 1325
f 1325 2162 2167
f 1325 2167 1323
f 1323 2167 2165
f 1323 2165 2164
f 1267 1273 2164
f 2164 1273 1272
f 2164 1272 1323
f 1284 1253 1282
f 1282 1253 1280
f 1292 1267 1290
f 1290 1267 1288
f 1284 1277 1253
f 1253 1277 1279
f 1253 1279 1267
f 1267 1279 1275
f 1267 1275 1274
f 1274 1301 1267
f 1267 1301 1286
f 1267 1286 1288
f 2074 2073 2159
f 2155 2156 2166
f 2166 2156 2163
f 2161 2147 2146
f 2146 2154 2161
f 2161 2154 2155
f 2161 2155 2168
f 2168 2155 2166
f 1252 1280 1253
f 2158 1253 2163
f 2158 2163 2157
f 2157 2163 2156
f 2169 2170 2171
f 2172 2173 2174
f 2175 2176 2177
f 2176 2175 2178
f 2179 2180 2181
f 2182 2183 2184
f 2185 2186 2187
f 2188 2189 2190
f 2191 2192 2193
f 2194 2195 2196
f 2197 2198 2199
f 2199 2200 2197
f 2197 2200 2201
f 2197 2201 2202
f 2203 2204 2205
f 2205 2204 2206
f 2205 2206 2207
f 2207 2206 2208
f 2207 2208 2209
f 2209 2208 2210
f 2209 2210 2211
f 2211 2210 2212
f 2211 2212 2213
f 2213 2212 2214
f 2213 2214 2215
f 2196 2195 2214
f 2214 2195 2216
f 2214 2216 2215
f 2192 2191 2217
f 2217 2191 2218
f 2217 2218 2219
f 2189 2188 2220
f 2220 2188 2221
f 2220 2221 2193
f 2222 2223 2224
f 2224 2223 2225
f 2224 2225 2190
f 2190 2225 2226
f 2190 2226 2188
f 2227 2228 2229
f 2230 2231 2222
f 2222 2231 2223
f 2232 2233 2234
f 2234 2233 2235
f 2234 2235 2228
f 2228 2235 2236
f 2228 2236 2229
f 2237 2238 2239
f 2239 2238 2232
f 2239 2232 2240
f 2240 2232 2234
f 2241 2242 2237
f 2237 2242 2243
f 2237 2243 2238
f 2244 2245 2246
f 2246 2245 2247
f 2248 2249 2244
f 2244 2249 2250
f 2244 2250 2245
f 2251 2252 2253
f 2253 2252 2254
f 2253 2254 2255
f 2255 2254 2256
f 2255 2256 2257
f 2257 2256 2258
f 2259 2260 2258
f 2258 2260 2261
f 2261 2262 2258
f 2258 2262 2263
f 2258 2263 2257
f 2264 2265 2266
f 2266 2265 2267
f 2266 2267 2259
f 2259 2267 2268
f 2259 2268 2260
f 2266 2269 2264
f 2264 2269 2270
f 2264 2270 2271
f 2272 2273 2270
f 2270 2273 2274
f 2270 2274 2271
f 2275 2276 2277
f 2277 2276 2278
f 2277 2278 2272
f 2272 2278 2279
f 2272 2279 2273
f 2280 2281 2282
f 2282 2281 2283
f 2284 2285 2280
f 2280 2285 2286
f 2280 2286 2281
f 2280 2287 2284
f 2284 2287 2288
f 2284 2288 2289
f 2289 2288 2290
f 2290 2288 2291
f 2290 2291 2292
f 2293 2294 2295
f 2295 2294 2296
f 2295 2296 2297
f 2297 2296 2298
f 2299 2300 2298
f 2298 2300 2301
f 2298 2301 2297
f 2302 2303 2299
f 2299 2303 2304
f 2299 2304 2300
f 2305 2306 2302
f 2302 2306 2307
f 2302 2307 2303
f 2308 2309 2310
f 2310 2309 2311
f 2310 2311 2305
f 2305 2311 2312
f 2305 2312 2306
f 2186 2313 2187
f 2187 2313 2314
f 2187 2314 2308
f 2308 2314 2315
f 2308 2315 2309
f 2316 2317 2318
f 2319 2320 2321
f 2321 2320 2322
f 2321 2322 2323
f 2323 2322 2324
f 2323 2324 2325
f 2325 2324 2326
f 2325 2326 2327
f 2328 2329 2330
f 2330 2329 2319
f 2331 2332 2333
f 2333 2332 2334
f 2333 2334 2335
f 2335 2334 2336
f 2335 2336 2337
f 2337 2336 2338
f 2337 2338 2328
f 2328 2338 2339
f 2328 2339 2329
f 2340 2341 2342
f 2342 2341 2343
f 2342 2343 2344
f 2344 2343 2345
f 2344 2345 2346
f 2346 2345 2347
f 2346 2347 2184
f 2184 2347 2348
f 2184 2348 2182
f 2349 2350 2351
f 2352 2353 2354
f 2352 2354 2355
f 2355 2354 2356
f 2355 2356 2357
f 2357 2356 2358
f 2357 2358 2359
f 2359 2358 2360
f 2360 2358 2361
f 2360 2361 2362
f 2362 2361 2363
f 2362 2363 2364
f 2364 2363 2365
f 2364 2365 2366
f 2366 2365 2367
f 2367 2365 2368
f 2367 2368 2369
f 2369 2368 2370
f 2369 2370 2371
f 2371 2370 2372
f 2371 2372 2373
f 2373 2372 2374
f 2373 2374 2375
f 2193 2192 2220
f 2220 2192 2217
f 2220 2217 2376
f 2376 2217 2219
f 2376 2219 2377
f 2229 2230 2227
f 2227 2230 2222
f 2227 2222 2378
f 2378 2222 2224
f 2378 2224 2379
f 2379 2224 2190
f 2379 2190 2380
f 2380 2190 2189
f 2380 2189 2381
f 2381 2189 2220
f 2381 2220 2382
f 2382 2220 2376
f 2382 2376 2383
f 2383 2376 2377
f 2283 2275 2282
f 2282 2275 2277
f 2282 2277 2384
f 2384 2277 2272
f 2384 2272 2385
f 2385 2272 2270
f 2385 2270 2386
f 2386 2270 2269
f 2386 2269 2387
f 2387 2269 2266
f 2387 2266 2388
f 2388 2266 2259
f 2388 2259 2389
f 2389 2259 2258
f 2389 2258 2390
f 2390 2258 2256
f 2390 2256 2391
f 2391 2256 2254
f 2292 2291 2293
f 2293 2291 2392
f 2293 2392 2294
f 2294 2392 2393
f 2294 2393 2296
f 2296 2393 2394
f 2296 2394 2298
f 2298 2394 2395
f 2298 2395 2299
f 2299 2395 2396
f 2299 2396 2302
f 2302 2396 2397
f 2302 2397 2305
f 2305 2397 2398
f 2305 2398 2310
f 2310 2398 2399
f 2310 2399 2308
f 2308 2399 2400
f 2308 2400 2187
f 2182 2332 2183
f 2183 2332 2331
f 2183 2331 2184
f 2184 2331 2401
f 2184 2401 2346
f 2346 2401 2402
f 2346 2402 2344
f 2344 2402 2403
f 2344 2403 2342
f 2404 2392 2405
f 2405 2392 2291
f 2405 2291 2406
f 2406 2291 2288
f 2179 2181 2407
f 2407 2181 2408
f 2407 2408 2409
f 2409 2408 2410
f 2409 2410 2411
f 2411 2410 2412
f 2411 2412 2413
f 2413 2412 2414
f 2413 2414 2415
f 2415 2414 2416
f 2415 2416 2417
f 2417 2416 2418
f 2417 2418 2419
f 2420 2421 2422
f 2422 2421 2423
f 2422 2423 2424
f 2424 2423 2425
f 2424 2425 2426
f 2421 2420 2427
f 2421 2427 2428
f 2428 2427 2429
f 2428 2429 2430
f 2430 2429 2431
f 2430 2431 2432
f 2418 2433 2419
f 2419 2433 2426
f 2419 2426 2434
f 2434 2426 2425
f 2434 2425 2318
f 2318 2425 2423
f 2318 2423 2316
f 2316 2423 2421
f 2316 2421 2435
f 2435 2421 2428
f 2435 2428 2436
f 2404 2180 2392
f 2392 2180 2179
f 2392 2179 2393
f 2393 2179 2407
f 2393 2407 2394
f 2394 2407 2409
f 2394 2409 2395
f 2395 2409 2411
f 2395 2411 2396
f 2396 2411 2413
f 2396 2413 2397
f 2397 2413 2415
f 2397 2415 2398
f 2398 2415 2417
f 2398 2417 2399
f 2399 2417 2419
f 2399 2419 2400
f 2400 2419 2434
f 2400 2434 2187
f 2187 2434 2318
f 2187 2318 2185
f 2185 2318 2317
f 2437 2438 2439
f 2437 2439 2440
f 2321 2441 2442
f 2319 2321 2330
f 2330 2321 2442
f 2330 2442 2443
f 2444 2445 2446
f 2446 2445 2447
f 2446 2447 2448
f 2448 2447 2449
f 2448 2449 2450
f 2450 2449 2451
f 2450 2451 2452
f 2452 2451 2440
f 2452 2440 2453
f 2453 2440 2439
f 2444 2454 2455
f 2454 2178 2455
f 2455 2178 2175
f 2455 2175 2456
f 2456 2175 2177
f 2457 2458 2358
f 2358 2458 2459
f 2358 2459 2361
f 2361 2459 2460
f 2361 2460 2363
f 2457 2358 2461
f 2461 2358 2356
f 2461 2356 2462
f 2462 2356 2354
f 2462 2354 2177
f 2177 2354 2353
f 2177 2353 2456
f 2365 2463 2368
f 2368 2463 2464
f 2368 2464 2370
f 2370 2464 2465
f 2370 2465 2372
f 2460 2466 2363
f 2363 2466 2467
f 2363 2467 2365
f 2365 2467 2468
f 2365 2468 2463
f 2352 2350 2353
f 2353 2350 2349
f 2353 2349 2456
f 2456 2349 2469
f 2456 2469 2455
f 2455 2469 2470
f 2455 2470 2444
f 2444 2470 2471
f 2444 2471 2445
f 2443 2438 2330
f 2330 2438 2437
f 2330 2437 2328
f 2328 2437 2440
f 2328 2440 2337
f 2337 2440 2451
f 2337 2451 2335
f 2335 2451 2449
f 2335 2449 2333
f 2333 2449 2447
f 2333 2447 2331
f 2331 2447 2445
f 2331 2445 2401
f 2401 2445 2471
f 2401 2471 2402
f 2402 2471 2470
f 2402 2470 2403
f 2403 2470 2469
f 2403 2469 2342
f 2342 2469 2349
f 2342 2349 2340
f 2340 2349 2351
f 2436 2428 2472
f 2472 2428 2430
f 2472 2430 2172
f 2172 2430 2432
f 2172 2432 2173
f 2441 2321 2174
f 2174 2321 2323
f 2174 2323 2172
f 2172 2323 2325
f 2172 2325 2472
f 2472 2325 2327
f 2472 2327 2436
f 2473 2204 2197
f 2197 2204 2203
f 2197 2203 2198
f 2202 2474 2197
f 2197 2474 2475
f 2197 2475 2476
f 2476 2477 2197
f 2197 2477 2478
f 2197 2478 2479
f 2479 2480 2197
f 2197 2480 2481
f 2197 2481 2482
f 2482 2483 2197
f 2197 2483 2484
f 2197 2484 2485
f 2485 2486 2197
f 2197 2486 2487
f 2197 2487 2473
f 2488 2210 2489
f 2489 2210 2208
f 2489 2208 2490
f 2490 2208 2206
f 2490 2206 2491
f 2491 2206 2204
f 2491 2204 2492
f 2492 2204 2473
f 2488 2493 2210
f 2210 2493 2494
f 2210 2494 2212
f 2212 2494 2495
f 2212 2495 2214
f 2214 2495 2496
f 2214 2496 2196
f 2196 2496 2497
f 2196 2497 2498
f 2171 2170 2499
f 2499 2170 2500
f 2499 2500 2498
f 2498 2500 2501
f 2498 2501 2196
f 2502 2503 2504
f 2504 2505 2502
f 2502 2505 2506
f 2502 2506 2507
f 2507 2506 2508
f 2509 2510 2511
f 2511 2510 2512
f 2511 2512 2513
f 2513 2512 2507
f 2513 2507 2514
f 2514 2507 2508
f 2515 2516 2509
f 2509 2516 2517
f 2509 2517 2510
f 2219 2194 2377
f 2377 2194 2196
f 2377 2196 2383
f 2383 2196 2501
f 2383 2501 2382
f 2382 2501 2500
f 2382 2500 2381
f 2381 2500 2170
f 2381 2170 2380
f 2380 2170 2169
f 2380 2169 2379
f 2246 2518 2244
f 2244 2518 2519
f 2244 2519 2248
f 2520 2521 2522
f 2522 2521 2523
f 2522 2523 2524
f 2520 2525 2521
f 2521 2525 2252
f 2252 2525 2526
f 2252 2526 2254
f 2527 2528 2529
f 2529 2530 2527
f 2527 2530 2531
f 2527 2531 2532
f 2532 2531 2533
f 2519 2524 2248
f 2248 2524 2523
f 2248 2523 2249
f 2249 2523 2521
f 2249 2521 2534
f 2534 2521 2252
f 2534 2252 2535
f 2535 2252 2251
f 2528 2536 2529
f 2529 2536 2537
f 2529 2537 2538
f 2538 2537 2539
f 2538 2539 2540
f 2540 2539 2541
f 2540 2541 2542
f 2542 2541 2543
f 2542 2543 2544
f 2544 2543 2545
f 2544 2545 2546
f 2546 2545 2547
f 2171 2504 2169
f 2169 2504 2503
f 2169 2503 2379
f 2379 2503 2502
f 2379 2502 2378
f 2378 2502 2507
f 2378 2507 2227
f 2227 2507 2512
f 2227 2512 2228
f 2228 2512 2510
f 2228 2510 2234
f 2234 2510 2517
f 2234 2517 2240
f 2240 2517 2516
f 2240 2516 2239
f 2239 2516 2548
f 2239 2548 2237
f 2237 2548 2549
f 2237 2549 2241
f 2241 2549 2550
f 2241 2550 2551
f 2551 2550 2246
f 2551 2246 2552
f 2552 2246 2247
f 2515 2553 2516
f 2516 2553 2554
f 2516 2554 2548
f 2548 2554 2555
f 2548 2555 2549
f 2549 2555 2556
f 2549 2556 2550
f 2550 2556 2557
f 2550 2557 2246
f 2246 2557 2558
f 2246 2558 2518
f 2559 2560 2374
f 2559 2374 2561
f 2465 2562 2372
f 2372 2562 2374
f 2374 2562 2563
f 2374 2563 2561
f 2560 2564 2374
f 2374 2564 2565
f 2374 2565 2566
f 2566 2567 2374
f 2374 2567 2568
f 2374 2568 2569
f 2569 2570 2374
f 2374 2570 2571
f 2374 2571 2572
f 2526 2533 2254
f 2254 2533 2531
f 2254 2531 2391
f 2391 2531 2530
f 2391 2530 2390
f 2390 2530 2529
f 2390 2529 2389
f 2389 2529 2538
f 2389 2538 2388
f 2388 2538 2540
f 2388 2540 2387
f 2387 2540 2542
f 2387 2542 2386
f 2386 2542 2544
f 2386 2544 2385
f 2385 2544 2546
f 2385 2546 2384
f 2384 2546 2547
f 2384 2547 2282
f 2282 2547 2573
f 2282 2573 2280
f 2280 2573 2574
f 2280 2574 2287
f 2287 2574 2575
f 2287 2575 2288
f 2288 2575 2576
f 2288 2576 2406
f 2562 2577 2572
f 2578 2579 2486
f 2580 2581 2582
f 2583 2474 2584
f 2565 2585 2586
f 2585 2565 2587
f 2588 2589 2590
f 2591 2592 2593
f 2594 2595 2596
f 2597 2598 2486
f 2486 2598 2599
f 2486 2599 2600
f 2601 2572 2571
f 2602 2572 2601
f 2567 2566 2603
f 2468 2467 2604
f 2177 2605 2606
f 2429 2607 2608
f 2427 2420 2609
f 2408 2610 2611
f 2480 2612 2481
f 2474 2583 2475
f 2476 2475 2613
f 2477 2476 2614
f 2614 2476 2615
f 2616 2478 2477
f 2480 2479 2612
f 2612 2479 2617
f 2612 2617 2481
f 2473 2487 2618
f 2473 2618 2492
f 2492 2618 2619
f 2492 2619 2491
f 2491 2619 2490
f 2490 2619 2620
f 2490 2620 2489
f 2489 2620 2621
f 2489 2621 2488
f 2498 2497 2622
f 2622 2497 2496
f 2171 2623 2504
f 2504 2623 2624
f 2625 2506 2624
f 2624 2506 2505
f 2624 2505 2504
f 2626 2514 2625
f 2625 2514 2508
f 2625 2508 2506
f 2627 2511 2513
f 2511 2627 2509
f 2509 2627 2628
f 2509 2628 2515
f 2515 2628 2629
f 2515 2629 2553
f 2553 2629 2630
f 2553 2630 2554
f 2518 2558 2631
f 2631 2558 2557
f 2631 2557 2632
f 2632 2557 2556
f 2632 2556 2633
f 2633 2556 2555
f 2520 2522 2634
f 2634 2522 2524
f 2634 2524 2635
f 2636 2637 2526
f 2526 2637 2533
f 2638 2528 2527
f 2528 2638 2536
f 2536 2638 2639
f 2536 2639 2537
f 2539 2640 2541
f 2541 2640 2641
f 2573 2547 2642
f 2642 2547 2545
f 2642 2545 2641
f 2641 2545 2543
f 2641 2543 2541
f 2573 2642 2574
f 2574 2642 2643
f 2574 2643 2575
f 2575 2643 2576
f 2576 2643 2644
f 2576 2644 2406
f 2181 2180 2645
f 2645 2180 2404
f 2645 2404 2644
f 2644 2404 2405
f 2644 2405 2406
f 2408 2611 2410
f 2410 2611 2646
f 2410 2646 2412
f 2647 2648 2414
f 2414 2648 2416
f 2418 2649 2433
f 2433 2649 2650
f 2433 2650 2426
f 2426 2650 2651
f 2426 2651 2424
f 2609 2420 2652
f 2652 2420 2422
f 2173 2432 2608
f 2608 2432 2431
f 2608 2431 2429
f 2653 2654 2442
f 2442 2654 2443
f 2655 2439 2654
f 2654 2439 2438
f 2654 2438 2443
f 2450 2656 2448
f 2448 2656 2657
f 2448 2657 2446
f 2446 2657 2658
f 2446 2658 2444
f 2659 2176 2660
f 2660 2176 2178
f 2660 2178 2454
f 2661 2461 2462
f 2460 2459 2662
f 2662 2459 2458
f 2662 2458 2661
f 2661 2458 2457
f 2661 2457 2461
f 2467 2466 2663
f 2663 2466 2460
f 2464 2664 2465
f 2465 2664 2577
f 2465 2577 2562
f 2569 2665 2666
f 2570 2569 2667
f 2668 2669 2571
f 2668 2571 2570
f 2670 2595 2671
f 2671 2595 2594
f 2671 2594 2672
f 2672 2594 2673
f 2673 2674 2672
f 2672 2674 2675
f 2672 2675 2671
f 2671 2675 2676
f 2671 2676 2670
f 2670 2676 2677
f 2670 2677 2678
f 2678 2679 2670
f 2670 2679 2680
f 2670 2680 2595
f 2595 2680 2681
f 2595 2681 2596
f 2596 2681 2494
f 2596 2494 2493
f 2682 2622 2683
f 2683 2622 2496
f 2683 2496 2495
f 2499 2498 2684
f 2684 2498 2622
f 2684 2622 2685
f 2685 2622 2682
f 2685 2682 2686
f 2592 2591 2687
f 2687 2591 2688
f 2687 2688 2689
f 2689 2688 2690
f 2689 2690 2691
f 2591 2678 2688
f 2688 2678 2677
f 2688 2677 2690
f 2690 2677 2676
f 2690 2676 2691
f 2691 2676 2675
f 2691 2675 2692
f 2692 2675 2674
f 2692 2674 2600
f 2600 2674 2693
f 2600 2693 2486
f 2493 2488 2596
f 2596 2488 2621
f 2596 2621 2594
f 2594 2621 2620
f 2594 2620 2673
f 2673 2620 2619
f 2673 2619 2674
f 2674 2619 2618
f 2674 2618 2693
f 2693 2618 2487
f 2693 2487 2486
f 2694 2695 2623
f 2623 2695 2696
f 2697 2698 2686
f 2686 2698 2695
f 2686 2695 2685
f 2685 2695 2694
f 2685 2694 2684
f 2684 2694 2623
f 2684 2623 2499
f 2499 2623 2171
f 2696 2695 2593
f 2593 2695 2698
f 2593 2698 2591
f 2591 2698 2697
f 2591 2697 2678
f 2678 2697 2686
f 2678 2686 2679
f 2679 2686 2682
f 2679 2682 2680
f 2680 2682 2683
f 2680 2683 2681
f 2681 2683 2495
f 2681 2495 2494
f 2699 2626 2700
f 2700 2626 2625
f 2700 2625 2701
f 2701 2625 2624
f 2701 2624 2702
f 2702 2624 2623
f 2702 2623 2696
f 2633 2703 2632
f 2632 2703 2704
f 2632 2704 2631
f 2631 2704 2705
f 2631 2705 2518
f 2518 2705 2519
f 2526 2525 2636
f 2636 2525 2706
f 2636 2706 2707
f 2532 2708 2709
f 2709 2708 2710
f 2709 2710 2711
f 2707 2712 2636
f 2636 2712 2710
f 2636 2710 2637
f 2637 2710 2708
f 2637 2708 2533
f 2533 2708 2532
f 2525 2520 2706
f 2706 2520 2634
f 2706 2634 2707
f 2707 2634 2635
f 2707 2635 2713
f 2539 2537 2640
f 2640 2537 2639
f 2640 2639 2711
f 2711 2639 2638
f 2711 2638 2709
f 2709 2638 2527
f 2709 2527 2532
f 2524 2519 2635
f 2635 2519 2705
f 2635 2705 2713
f 2713 2705 2704
f 2713 2704 2714
f 2714 2704 2703
f 2714 2703 2715
f 2715 2703 2716
f 2555 2554 2633
f 2633 2554 2630
f 2633 2630 2703
f 2703 2630 2629
f 2703 2629 2716
f 2716 2629 2628
f 2716 2628 2699
f 2699 2628 2627
f 2699 2627 2626
f 2626 2627 2513
f 2626 2513 2514
f 2418 2416 2649
f 2649 2416 2648
f 2649 2648 2717
f 2717 2648 2647
f 2717 2647 2718
f 2719 2720 2652
f 2721 2722 2723
f 2723 2722 2724
f 2652 2720 2609
f 2609 2720 2725
f 2609 2725 2723
f 2441 2174 2722
f 2722 2174 2173
f 2722 2173 2724
f 2724 2173 2608
f 2724 2608 2723
f 2723 2608 2607
f 2723 2607 2609
f 2609 2607 2429
f 2609 2429 2427
f 2717 2726 2649
f 2649 2726 2719
f 2649 2719 2650
f 2650 2719 2651
f 2651 2719 2652
f 2651 2652 2424
f 2424 2652 2422
f 2727 2728 2610
f 2610 2728 2718
f 2610 2718 2611
f 2611 2718 2646
f 2646 2718 2647
f 2646 2647 2412
f 2412 2647 2414
f 2452 2729 2730
f 2730 2729 2731
f 2730 2731 2732
f 2453 2439 2733
f 2733 2439 2655
f 2733 2655 2734
f 2734 2655 2654
f 2734 2654 2721
f 2721 2654 2653
f 2721 2653 2722
f 2722 2653 2442
f 2722 2442 2441
f 2606 2605 2735
f 2735 2605 2736
f 2735 2736 2590
f 2590 2589 2735
f 2735 2589 2737
f 2735 2737 2606
f 2738 2662 2737
f 2737 2662 2661
f 2737 2661 2606
f 2606 2661 2462
f 2606 2462 2177
f 2739 2740 2741
f 2742 2740 2743
f 2743 2740 2739
f 2743 2739 2744
f 2460 2745 2663
f 2663 2745 2746
f 2663 2746 2747
f 2747 2746 2748
f 2747 2748 2749
f 2749 2748 2750
f 2749 2750 2751
f 2467 2663 2604
f 2604 2663 2747
f 2604 2747 2752
f 2752 2747 2749
f 2752 2749 2753
f 2753 2749 2751
f 2753 2751 2754
f 2742 2755 2740
f 2740 2755 2756
f 2740 2756 2741
f 2741 2756 2757
f 2738 2737 2744
f 2744 2737 2589
f 2744 2589 2743
f 2743 2589 2588
f 2743 2588 2742
f 2742 2588 2758
f 2742 2758 2755
f 2759 2577 2760
f 2760 2577 2664
f 2760 2664 2761
f 2761 2664 2464
f 2761 2464 2463
f 2754 2759 2753
f 2753 2759 2760
f 2753 2760 2752
f 2752 2760 2761
f 2752 2761 2604
f 2604 2761 2463
f 2604 2463 2468
f 2762 2763 2660
f 2660 2763 2764
f 2177 2176 2605
f 2605 2176 2659
f 2605 2659 2736
f 2736 2659 2660
f 2736 2660 2590
f 2590 2660 2764
f 2590 2764 2588
f 2588 2764 2765
f 2588 2765 2758
f 2454 2444 2660
f 2660 2444 2658
f 2660 2658 2762
f 2762 2658 2657
f 2762 2657 2732
f 2732 2657 2656
f 2732 2656 2730
f 2730 2656 2450
f 2730 2450 2452
f 2452 2453 2729
f 2729 2453 2733
f 2729 2733 2731
f 2731 2733 2734
f 2731 2734 2766
f 2766 2734 2721
f 2766 2721 2767
f 2767 2721 2723
f 2767 2723 2768
f 2768 2723 2725
f 2769 2587 2770
f 2770 2587 2565
f 2770 2565 2665
f 2770 2560 2559
f 2560 2770 2564
f 2564 2770 2769
f 2564 2769 2565
f 2569 2666 2667
f 2667 2666 2771
f 2667 2771 2772
f 2566 2565 2603
f 2603 2565 2586
f 2603 2586 2567
f 2567 2586 2585
f 2567 2585 2568
f 2568 2585 2587
f 2568 2587 2569
f 2569 2587 2769
f 2569 2769 2665
f 2665 2769 2770
f 2665 2770 2666
f 2666 2770 2665
f 2666 2665 2771
f 2771 2665 2666
f 2771 2666 2772
f 2773 2774 2775
f 2559 2561 2770
f 2770 2561 2563
f 2770 2563 2773
f 2776 2777 2778
f 2563 2562 2773
f 2773 2562 2778
f 2773 2778 2774
f 2774 2778 2777
f 2776 2779 2780
f 2781 2669 2780
f 2780 2669 2668
f 2780 2668 2776
f 2776 2668 2570
f 2776 2570 2777
f 2782 2783 2562
f 2784 2785 2786
f 2786 2785 2613
f 2786 2613 2475
f 2785 2787 2613
f 2613 2787 2788
f 2613 2788 2476
f 2476 2788 2789
f 2476 2789 2615
f 2614 2790 2477
f 2477 2790 2791
f 2477 2791 2616
f 2616 2791 2792
f 2616 2792 2793
f 2581 2478 2582
f 2582 2478 2616
f 2582 2616 2580
f 2580 2616 2793
f 2580 2793 2581
f 2794 2795 2796
f 2796 2795 2789
f 2578 2797 2579
f 2579 2797 2798
f 2579 2798 2486
f 2486 2485 2582
f 2582 2485 2484
f 2484 2483 2582
f 2582 2483 2482
f 2582 2482 2481
f 2799 2800 2486
f 2474 2597 2584
f 2584 2597 2486
f 2584 2486 2801
f 2801 2486 2800
f 2802 2787 2486
f 2789 2802 2796
f 2796 2802 2486
f 2796 2486 2794
f 2794 2486 2798
f 2794 2798 2614
f 2614 2798 2797
f 2614 2797 2790
f 2790 2797 2578
f 2790 2578 2791
f 2791 2578 2486
f 2791 2486 2803
f 2803 2486 2582
f 2584 2801 2583
f 2583 2801 2800
f 2583 2800 2475
f 2475 2800 2799
f 2475 2799 2786
f 2786 2799 2784
f 2784 2799 2486
f 2784 2486 2785
f 2785 2486 2787
f 2787 2802 2788
f 2788 2802 2789
f 2789 2795 2615
f 2615 2795 2794
f 2615 2794 2614
f 2792 2791 2803
f 2792 2803 2793
f 2793 2803 2582
f 2793 2582 2581
f 2581 2582 2481
f 2581 2481 2580
f 2580 2481 2617
f 2580 2617 2581
f 2581 2617 2479
f 2581 2479 2478
f 2804 2783 2782
f 2805 2782 2562
f 2805 2562 2601
f 2601 2562 2572
f 2460 2662 2745
f 2745 2662 2738
f 2745 2738 2746
f 2746 2738 2744
f 2746 2744 2748
f 2748 2744 2739
f 2748 2739 2750
f 2750 2739 2741
f 2750 2741 2751
f 2751 2741 2757
f 2751 2757 2754
f 2754 2757 2806
f 2754 2806 2759
f 2759 2806 2807
f 2759 2807 2577
f 2577 2807 2572
f 2408 2181 2610
f 2610 2181 2645
f 2610 2645 2727
f 2727 2645 2644
f 2727 2644 2808
f 2808 2644 2643
f 2808 2643 2809
f 2809 2643 2642
f 2809 2642 2810
f 2810 2642 2641
f 2810 2641 2811
f 2811 2641 2640
f 2811 2640 2812
f 2812 2640 2711
f 2812 2711 2710
f 2812 2710 2813
f 2813 2710 2712
f 2565 2769 2665
f 2665 2769 2770
f 2665 2770 2666
f 2666 2770 2773
f 2666 2773 2772
f 2772 2773 2775
f 2772 2775 2667
f 2667 2775 2570
f 2570 2775 2774
f 2570 2774 2777
f 2779 2776 2778
f 2779 2778 2780
f 2780 2778 2562
f 2780 2562 2781
f 2781 2562 2783
f 2781 2783 2669
f 2669 2783 2804
f 2669 2804 2571
f 2571 2804 2782
f 2571 2782 2601
f 2601 2782 2805
f 2601 2805 2602
f 2602 2805 2601
f 2602 2601 2572
f 2814 2815 2816
f 2817 2818 2819
f 2820 2821 2822
f 2823 2824 2825
f 2826 2827 2828
f 2829 2830 2831
f 2832 2833 2834
f 2833 2835 2834
f 2834 2835 2836
f 2834 2836 2825
f 2837 2838 2839
f 2839 2838 2840
f 2841 2842 2843
f 2843 2842 2844
f 2843 2844 2845
f 2846 2847 2848
f 2830 2829 2846
f 2846 2829 2849
f 2846 2849 2847
f 2850 2851 2852
f 2852 2851 2853
f 2852 2853 2854
f 2854 2853 2855
f 2854 2855 2856
f 2856 2855 2857
f 2858 2859 2860
f 2860 2859 2861
f 2860 2861 2862
f 2862 2861 2863
f 2862 2863 2864
f 2864 2863 2865
f 2864 2865 2866
f 2866 2865 2867
f 2866 2867 2850
f 2850 2867 2868
f 2850 2868 2851
f 2869 2870 2871
f 2871 2870 2872
f 2871 2872 2873
f 2873 2872 2874
f 2875 2876 2877
f 2878 2879 2880
f 2880 2879 2875
f 2880 2875 2881
f 2881 2875 2877
f 2881 2877 2882
f 2883 2884 2885
f 2885 2884 2886
f 2887 2888 2889
f 2889 2888 2890
f 2889 2890 2885
f 2885 2890 2891
f 2885 2891 2883
f 2892 2893 2894
f 2895 2896 2828
f 2828 2896 2897
f 2828 2897 2826
f 2898 2899 2895
f 2895 2899 2900
f 2895 2900 2896
f 2901 2902 2903
f 2903 2902 2904
f 2903 2904 2898
f 2898 2904 2905
f 2898 2905 2899
f 2824 2823 2903
f 2903 2823 2906
f 2903 2906 2901
f 2837 2832 2838
f 2838 2832 2834
f 2838 2834 2907
f 2907 2834 2825
f 2908 2909 2910
f 2908 2910 2911
f 2912 2913 2914
f 2914 2913 2915
f 2914 2915 2916
f 2916 2915 2917
f 2918 2919 2920
f 2920 2919 2921
f 2920 2921 2912
f 2912 2921 2922
f 2912 2922 2913
f 2840 2923 2918
f 2918 2923 2924
f 2918 2924 2919
f 2819 2818 2907
f 2817 2819 2925
f 2925 2819 2926
f 2925 2926 2927
f 2927 2926 2928
f 2927 2928 2929
f 2929 2928 2930
f 2930 2928 2931
f 2930 2931 2932
f 2932 2931 2814
f 2814 2931 2933
f 2814 2933 2815
f 2934 2935 2936
f 2937 2938 2939
f 2939 2938 2940
f 2939 2940 2935
f 2935 2940 2941
f 2935 2941 2936
f 2942 2943 2937
f 2937 2943 2944
f 2937 2944 2938
f 2945 2946 2942
f 2942 2946 2947
f 2942 2947 2943
f 2948 2949 2950
f 2950 2949 2951
f 2950 2951 2952
f 2910 2953 2911
f 2911 2953 2954
f 2911 2954 2955
f 2955 2954 2956
f 2955 2956 2948
f 2948 2956 2957
f 2948 2957 2949
f 2825 2824 2907
f 2907 2824 2903
f 2907 2903 2819
f 2819 2903 2898
f 2819 2898 2926
f 2926 2898 2895
f 2926 2895 2928
f 2928 2895 2828
f 2928 2828 2931
f 2931 2828 2827
f 2931 2827 2933
f 2818 2822 2907
f 2907 2822 2821
f 2907 2821 2838
f 2838 2821 2820
f 2838 2820 2840
f 2840 2820 2958
f 2840 2958 2923
f 2826 2959 2827
f 2827 2959 2893
f 2827 2893 2933
f 2933 2893 2892
f 2933 2892 2815
f 2815 2892 2934
f 2815 2934 2816
f 2816 2934 2936
f 2848 2842 2846
f 2846 2842 2841
f 2846 2841 2830
f 2830 2841 2960
f 2830 2960 2831
f 2831 2960 2961
f 2831 2961 2962
f 2884 2963 2886
f 2886 2963 2876
f 2886 2876 2964
f 2964 2876 2875
f 2964 2875 2869
f 2869 2875 2879
f 2869 2879 2870
f 2870 2879 2878
f 2844 2839 2845
f 2845 2839 2840
f 2845 2840 2843
f 2843 2840 2918
f 2843 2918 2841
f 2841 2918 2920
f 2841 2920 2960
f 2960 2920 2912
f 2960 2912 2961
f 2961 2912 2914
f 2909 2908 2917
f 2917 2908 2965
f 2917 2965 2916
f 2916 2965 2966
f 2916 2966 2914
f 2914 2966 2967
f 2914 2967 2961
f 2961 2967 2968
f 2961 2968 2962
f 2951 2946 2952
f 2952 2946 2945
f 2952 2945 2950
f 2950 2945 2969
f 2874 2858 2873
f 2873 2858 2969
f 2873 2969 2871
f 2871 2969 2945
f 2871 2945 2869
f 2869 2945 2942
f 2869 2942 2964
f 2964 2942 2937
f 2964 2937 2886
f 2886 2937 2939
f 2886 2939 2885
f 2885 2939 2935
f 2885 2935 2889
f 2889 2935 2934
f 2889 2934 2887
f 2887 2934 2892
f 2887 2892 2970
f 2970 2892 2894
f 2970 2894 2971
f 2858 2860 2969
f 2969 2860 2862
f 2969 2862 2950
f 2950 2862 2864
f 2950 2864 2948
f 2948 2864 2866
f 2948 2866 2955
f 2955 2866 2850
f 2955 2850 2911
f 2911 2850 2852
f 2911 2852 2908
f 2908 2852 2854
f 2908 2854 2965
f 2965 2854 2856
f 2965 2856 2966
f 2966 2856 2857
f 2966 2857 2967
f 2967 2857 2972
f 2967 2972 2968
f 2572 2807 2374
f 2374 2807 2806
f 2806 2757 2374
f 2374 2757 2756
f 2374 2756 2755
f 2755 2758 2374
f 2374 2758 2765
f 2374 2765 2973
f 2973 2765 2764
f 2973 2764 2974
f 2974 2764 2763
f 2974 2763 2975
f 2763 2762 2975
f 2975 2762 2732
f 2975 2732 2976
f 2732 2731 2976
f 2976 2731 2766
f 2976 2766 2977
f 2977 2766 2767
f 2977 2767 2978
f 2978 2767 2768
f 2768 2725 2978
f 2978 2725 2720
f 2978 2720 2719
f 2717 2979 2726
f 2726 2979 2978
f 2726 2978 2719
f 2717 2718 2979
f 2979 2718 2980
f 2718 2728 2980
f 2980 2728 2727
f 2980 2727 2981
f 2981 2727 2808
f 2981 2808 2982
f 2812 2983 2984
f 2808 2809 2982
f 2982 2809 2810
f 2982 2810 2984
f 2984 2810 2811
f 2984 2811 2812
f 2983 2812 2985
f 2985 2812 2813
f 2713 2714 2986
f 2986 2714 2715
f 2986 2715 2987
f 2813 2712 2985
f 2985 2712 2707
f 2985 2707 2986
f 2986 2707 2713
f 2988 2699 2989
f 2989 2699 2990
f 2987 2715 2988
f 2988 2715 2716
f 2988 2716 2699
f 2701 2991 2992
f 2990 2699 2992
f 2992 2699 2700
f 2992 2700 2701
f 2702 2993 2701
f 2701 2993 2994
f 2701 2994 2991
f 2702 2696 2993
f 2993 2696 2995
f 2696 2593 2995
f 2995 2593 2592
f 2995 2592 2687
f 2687 2689 2995
f 2995 2689 2691
f 2995 2691 2692
f 2692 2600 2995
f 2995 2600 2599
f 2995 2599 2598
f 2598 2597 2995
f 2995 2597 2474
f 2995 2474 2202
f 2996 2997 2998
f 2999 3000 3001
f 3002 3003 3004
f 3004 3003 3005
f 3004 3005 3006
f 3006 3005 3007
f 3006 3007 3000
f 3000 3007 3008
f 3000 3008 3001
f 3004 2435 3002
f 3002 2435 2436
f 3002 2436 3009
f 3009 2436 2327
f 3010 3011 2998
f 2998 3011 3012
f 2998 3012 2996
f 3001 3013 2999
f 2999 3013 3014
f 2999 3014 3015
f 3015 3014 3011
f 3015 3011 3016
f 3016 3011 3010
f 3017 3018 3019
f 3020 3021 3022
f 3019 3023 3024
f 3017 3025 3026
f 3022 3021 2373
f 2366 2367 3020
f 3020 2367 2369
f 3020 2369 3021
f 3021 2369 2371
f 3021 2371 2373
f 2355 3027 2352
f 2352 3027 3028
f 2352 3028 2350
f 2350 3028 2351
f 3025 3017 3029
f 3029 3017 3019
f 3029 3019 3030
f 3030 3019 3024
f 3030 3024 3031
f 2362 2364 3032
f 2355 2357 3027
f 3027 2357 2359
f 3027 2359 3032
f 3032 2359 2360
f 3032 2360 2362
f 2364 2366 3032
f 3032 2366 3020
f 3032 3020 3033
f 3033 3020 3022
f 3033 3022 3034
f 3034 3022 3035
f 3035 3023 3034
f 3034 3023 3019
f 3034 3019 3033
f 3033 3019 3018
f 3033 3018 3032
f 3032 3018 3017
f 3032 3017 3027
f 3027 3017 3026
f 3027 3026 3028
f 3022 3036 3035
f 3035 3036 3037
f 3035 3037 3038
f 3022 2373 3036
f 3036 2373 2375
f 3036 2375 2374
f 3038 3037 3039
f 3038 3039 3040
f 3040 3039 3041
f 3040 3041 3042
f 3042 3041 3043
f 3042 3043 3044
f 3044 3043 3045
f 3044 3045 3046
f 3045 3047 3046
f 3046 3047 3048
f 3046 3048 3049
f 3049 3048 3050
f 3049 3050 3051
f 3051 3050 3052
f 3051 3052 3053
f 3053 3052 3054
f 3053 3054 3055
f 3054 3056 3055
f 3055 3056 3057
f 3055 3057 3058
f 3058 3057 3059
f 3058 3059 3060
f 3060 3059 3061
f 3062 3063 3061
f 3064 3065 3063
f 2975 2976 3066
f 3066 2976 2977
f 3066 2977 3067
f 3067 2977 2978
f 3067 2978 3068
f 3068 2978 2979
f 3068 2979 3069
f 3069 2979 2980
f 3069 2980 3070
f 3071 3072 3073
f 3073 3072 3074
f 2994 2993 3075
f 3075 2993 2995
f 3063 3062 3064
f 3064 3062 3075
f 3064 3075 3076
f 3076 3075 2995
f 3076 2995 2202
f 2988 2989 3073
f 3073 2989 2990
f 3073 2990 3071
f 3071 2990 2992
f 3071 2992 2991
f 3059 3074 3061
f 3061 3074 3072
f 3061 3072 3062
f 3062 3072 3071
f 3062 3071 3075
f 3075 3071 2991
f 3075 2991 2994
f 3077 2983 3078
f 3078 2983 2985
f 3078 2985 3079
f 3079 2985 2986
f 3079 2986 2987
f 3079 3080 3078
f 3078 3080 3081
f 3078 3081 3077
f 3077 3081 3082
f 3077 3082 3083
f 3083 3082 3084
f 3083 3084 3070
f 3070 3084 3085
f 3070 3085 3069
f 3069 3085 3086
f 3069 3086 3068
f 3068 3086 3087
f 3068 3087 3067
f 3067 3087 3088
f 3067 3088 3066
f 3088 3089 3066
f 3066 3089 3090
f 3066 3090 2975
f 2975 3090 3091
f 2975 3091 2974
f 2974 3091 3092
f 2974 3092 2973
f 2973 3092 3036
f 2973 3036 2374
f 2980 2981 3070
f 3070 2981 3083
f 3083 2981 2982
f 3083 2982 3077
f 3077 2982 2984
f 3077 2984 2983
f 3037 3036 3039
f 3039 3036 3092
f 3039 3092 3041
f 3041 3092 3091
f 3041 3091 3043
f 3043 3091 3090
f 3043 3090 3045
f 3045 3090 3089
f 3045 3089 3047
f 3047 3089 3088
f 3047 3088 3048
f 3048 3088 3087
f 3048 3087 3050
f 3050 3087 3086
f 3050 3086 3052
f 3052 3086 3085
f 3052 3085 3054
f 3054 3085 3084
f 3054 3084 3056
f 3056 3084 3082
f 3056 3082 3057
f 3057 3082 3081
f 3057 3081 3059
f 3059 3081 3080
f 3059 3080 3074
f 3074 3080 3079
f 3074 3079 3073
f 3073 3079 2987
f 3073 2987 2988
f 3093 3094 3095
f 3096 2835 2833
f 3093 3095 3097
f 3097 3095 3098
f 3097 3098 3099
f 3099 3098 3100
f 3100 3098 3101
f 3100 3101 3102
f 2847 3103 2848
f 2848 3103 3104
f 2848 3104 3105
f 3105 3104 3106
f 3105 3106 3101
f 3101 3106 3107
f 3101 3107 3102
f 3093 3096 3094
f 3094 3096 2833
f 3094 2833 3095
f 3095 2833 2832
f 3095 2832 3098
f 2832 2837 3098
f 3098 2837 2839
f 3098 2839 3101
f 3101 2839 2844
f 3101 2844 3105
f 3105 2844 2842
f 3105 2842 2848
f 3108 3109 3110
f 3111 3112 3113
f 3114 3115 3116
f 3117 3118 3116
f 3116 3118 3119
f 3116 3119 3114
f 3110 3109 3120
f 3120 3109 3121
f 3120 3121 3122
f 3123 3124 3125
f 3125 3124 3126
f 3125 3126 3121
f 3121 3126 3127
f 3121 3127 3122
f 3128 3129 3130
f 3130 3129 3131
f 3130 3131 3125
f 3125 3131 3132
f 3125 3132 3123
f 3133 3134 3135
f 3135 3134 3136
f 3137 3138 3139
f 3139 3138 3140
f 3139 3140 3141
f 3142 3143 3144
f 3144 3143 3145
f 3144 3145 3146
f 3147 3148 3149
f 3149 3148 3150
f 3149 3150 3145
f 3145 3150 3151
f 3145 3151 3146
f 3152 3153 3154
f 3154 3153 3155
f 3154 3155 3149
f 3149 3155 3156
f 3149 3156 3147
f 3142 3137 3143
f 3143 3137 3139
f 3143 3139 3145
f 3145 3139 3157
f 3145 3157 3149
f 3149 3157 3158
f 3149 3158 3154
f 3154 3158 3113
f 3154 3113 3152
f 3152 3113 3112
f 3141 3133 3139
f 3139 3133 3135
f 3139 3135 3157
f 3157 3135 3159
f 3157 3159 3158
f 3158 3159 3160
f 3158 3160 3113
f 3113 3160 3116
f 3113 3116 3111
f 3111 3116 3115
f 3136 3128 3135
f 3135 3128 3130
f 3135 3130 3159
f 3159 3130 3125
f 3159 3125 3160
f 3160 3125 3121
f 3160 3121 3116
f 3116 3121 3109
f 3116 3109 3117
f 3117 3109 3108
f 3161 3162 3163
f 3161 3163 3164
f 3163 3065 3164
f 3164 3065 3064
f 3164 3064 3076
f 2199 3161 2200
f 2200 3161 3164
f 2200 3164 2201
f 2201 3164 3076
f 2201 3076 2202
f 3165 3166 3167
f 2194 2219 3166
f 3168 3169 3170
f 3168 3170 3161
f 3161 3170 3162
f 3162 3170 3171
f 3162 3171 3172
f 2211 2213 3165
f 3173 2209 2211
f 2213 2215 3165
f 3165 2215 2216
f 3165 2216 3166
f 3166 2216 2195
f 3166 2195 2194
f 3161 2199 2198
f 2211 3165 3173
f 3173 3165 3167
f 3173 3167 3169
f 3169 3167 3174
f 3169 3174 3170
f 3170 3174 3175
f 3170 3175 3171
f 3161 2198 3168
f 3168 2198 2203
f 3168 2203 3169
f 3169 2203 2205
f 3169 2205 3173
f 3173 2205 2207
f 3173 2207 2209
f 2322 2320 3176
f 3002 3009 3177
f 3177 3009 2327
f 3178 3179 3180
f 3181 3182 3183
f 3184 3185 3180
f 3186 3187 3188
f 3188 3187 2997
f 3188 2997 2996
f 3189 3190 3191
f 3184 3180 3192
f 3192 3180 3179
f 3192 3179 3193
f 3194 3195 3196
f 3195 3197 3196
f 3196 3197 3198
f 3196 3198 3193
f 3193 3198 3199
f 3193 3199 3192
f 3200 3201 3202
f 3202 3201 3203
f 3202 3203 3204
f 3204 3203 3205
f 3203 3025 3205
f 3205 3025 3029
f 3205 3029 3206
f 3206 3029 3030
f 3206 3030 3031
f 2332 2182 3207
f 2348 2347 3208
f 3208 2347 2345
f 3208 2345 3209
f 3209 2345 2343
f 3209 2343 2341
f 2351 3028 2340
f 2340 3028 3210
f 2340 3210 2341
f 2341 3210 3211
f 2341 3211 3209
f 3209 3211 3212
f 3209 3212 3208
f 3208 3212 3207
f 3208 3207 2348
f 2348 3207 2182
f 3011 3014 3213
f 3213 3014 3013
f 3213 3013 3001
f 3001 3008 3213
f 3213 3008 3214
f 3213 3214 3215
f 3012 3011 3216
f 3216 3011 3213
f 3216 3213 3217
f 3217 3213 3215
f 3217 3215 3218
f 2996 3012 3188
f 3188 3012 3216
f 3188 3216 3186
f 3186 3216 3217
f 3186 3217 3219
f 3219 3217 3218
f 3219 3218 3220
f 3220 3218 3221
f 3003 3222 3005
f 3005 3222 3214
f 3005 3214 3007
f 3007 3214 3008
f 3223 3221 3224
f 3224 3221 3218
f 3224 3218 3225
f 3225 3218 3215
f 3225 3215 3226
f 3226 3215 3214
f 3226 3214 3227
f 3227 3214 3222
f 3227 3222 3228
f 3228 3222 3003
f 3228 3003 3002
f 3002 3177 3228
f 3228 3177 3229
f 3228 3229 3227
f 3227 3229 3230
f 3227 3230 3226
f 3226 3230 3231
f 3226 3231 3225
f 3225 3231 3191
f 3225 3191 3224
f 3224 3191 3190
f 3224 3190 3223
f 2324 2322 3232
f 3232 2322 3176
f 3232 3176 3233
f 3233 3176 3234
f 3233 3234 3235
f 3235 3234 3236
f 2320 2319 3176
f 3176 2319 3237
f 3176 3237 3234
f 3234 3237 3238
f 3234 3238 3236
f 2327 2326 3177
f 3177 2326 3239
f 3177 3239 3229
f 3229 3239 3240
f 3229 3240 3230
f 3230 3240 3241
f 3230 3241 3231
f 3231 3241 3178
f 3231 3178 3191
f 3191 3178 3180
f 3191 3180 3189
f 3189 3180 3185
f 2336 3242 2338
f 2338 3242 3243
f 2338 3243 2339
f 3028 3026 3210
f 3210 3026 3244
f 3210 3244 3211
f 3211 3244 3245
f 3211 3245 3212
f 3212 3245 3246
f 3212 3246 3207
f 3207 3246 3247
f 3207 3247 2332
f 2332 3247 3242
f 2332 3242 2334
f 2334 3242 2336
f 3200 3181 3201
f 3201 3181 3183
f 3201 3183 3248
f 3248 3183 3249
f 3248 3249 3250
f 3250 3249 3251
f 3250 3251 3252
f 3252 3251 3236
f 3252 3236 3253
f 3253 3236 3238
f 3253 3238 3254
f 3254 3238 3237
f 3254 3237 2329
f 2329 3237 2319
f 2329 2339 3254
f 3254 2339 3243
f 3254 3243 3253
f 3253 3243 3242
f 3253 3242 3252
f 3252 3242 3247
f 3252 3247 3250
f 3250 3247 3246
f 3250 3246 3248
f 3248 3246 3245
f 3248 3245 3201
f 3201 3245 3244
f 3201 3244 3203
f 3203 3244 3026
f 3203 3026 3025
f 2326 2324 3239
f 3239 2324 3232
f 3239 3232 3240
f 3240 3232 3233
f 3240 3233 3241
f 3241 3233 3235
f 3241 3235 3178
f 3178 3235 3236
f 3178 3236 3179
f 3179 3236 3251
f 3179 3251 3193
f 3193 3251 3249
f 3193 3249 3196
f 3196 3249 3183
f 3196 3183 3194
f 3194 3183 3182
f 3255 3256 3257
f 2882 2877 3258
f 3258 2877 3255
f 3255 2877 3256
f 3256 2877 2876
f 3256 2876 2963
f 3259 3260 3261
f 3261 3260 3262
f 3261 3262 3263
f 3263 3262 3264
f 3263 3264 3265
f 3265 3264 3266
f 3265 3266 3267
f 3267 3266 3268
f 2963 2884 3256
f 3256 2884 3267
f 3256 3267 3257
f 3257 3267 3268
f 2884 2883 3267
f 3267 2883 2891
f 3267 2891 3265
f 3265 2891 2890
f 3265 2890 3263
f 3263 2890 2888
f 3263 2888 3261
f 3261 2888 2887
f 3261 2887 3259
f 3259 2887 2970
f 3259 2970 2971
f 3269 3166 2219
f 2999 3015 3270
f 3271 3272 2271
f 3273 3274 2289
f 3275 3276 3277
f 3278 3279 3280
f 2232 2238 3281
f 3282 3283 3284
f 3285 3286 3287
f 3288 3285 3289
f 3290 3291 3292
f 3172 3171 3293
f 3293 3171 3175
f 3293 3175 3294
f 3294 3175 3295
f 3294 3295 3296
f 3297 3298 3299
f 3299 3298 3300
f 3299 3300 3301
f 3301 3300 3302
f 3303 3304 3305
f 3305 3304 3306
f 3305 3306 3307
f 3307 3306 3308
f 3307 3308 3309
f 3310 3311 3312
f 3312 3311 3313
f 3312 3313 3314
f 3315 3316 3310
f 3310 3316 3317
f 3310 3317 3311
f 3318 3319 3320
f 3320 3319 3321
f 3320 3321 3322
f 3322 3321 3323
f 3323 3321 3324
f 3323 3324 3325
f 3326 3327 3324
f 3324 3327 3328
f 3324 3328 3325
f 3329 3330 3331
f 3331 3330 3332
f 3331 3332 3326
f 3326 3332 3333
f 3326 3333 3327
f 3329 3331 3334
f 3334 3331 3335
f 3334 3335 3336
f 3336 3335 3337
f 3336 3337 3338
f 3338 3337 3339
f 3339 3337 3340
f 3339 3340 3341
f 3342 3343 3344
f 3342 3344 3345
f 3344 3346 3345
f 3345 3346 3347
f 3345 3347 3340
f 3340 3347 3348
f 3340 3348 3341
f 3292 3291 3342
f 3342 3291 3349
f 3342 3349 3343
f 3290 3292 3350
f 3350 3292 3351
f 3350 3351 3352
f 3352 3351 3353
f 3352 3353 3354
f 3354 3353 3355
f 3354 3355 3356
f 3356 3355 3357
f 3356 3357 3358
f 3358 3357 3359
f 3359 3357 3360
f 3359 3360 3361
f 3361 3360 3362
f 3362 3360 3363
f 3362 3363 3364
f 3364 3363 3365
f 3365 3363 3366
f 3365 3366 3367
f 3368 3369 3370
f 3368 3370 3366
f 3366 3370 3371
f 3366 3371 3367
f 3369 3368 3372
f 3372 3368 3373
f 3372 3373 3374
f 3374 3373 3375
f 3374 3375 3376
f 3376 3375 3377
f 3376 3377 3378
f 3015 3016 3270
f 3270 3016 3010
f 3270 3010 3379
f 3379 3010 3380
f 3379 3380 3381
f 3381 3380 3382
f 3381 3382 3383
f 3318 3316 3319
f 3319 3316 3315
f 3319 3315 3321
f 3321 3315 3384
f 3321 3384 3324
f 3324 3384 3385
f 3324 3385 3326
f 3326 3385 3386
f 3326 3386 3331
f 3331 3386 3387
f 3331 3387 3335
f 3335 3387 3388
f 3335 3388 3337
f 3337 3388 3389
f 3337 3389 3340
f 3313 3304 3314
f 3314 3304 3303
f 3314 3303 3312
f 3312 3303 3390
f 3312 3390 3310
f 3310 3390 3391
f 3310 3391 3315
f 3315 3391 3392
f 3315 3392 3384
f 3175 3174 3295
f 3295 3174 3393
f 3295 3393 3296
f 3296 3393 3394
f 3296 3394 3395
f 3395 3394 3396
f 3395 3396 3397
f 3308 3301 3309
f 3309 3301 3302
f 3309 3302 3307
f 3307 3302 3398
f 3307 3398 3305
f 3305 3398 3399
f 3305 3399 3303
f 3303 3399 3400
f 3303 3400 3390
f 3390 3400 3401
f 3390 3401 3391
f 3391 3401 3402
f 3391 3402 3392
f 3403 3404 3405
f 3405 3404 3406
f 3405 3406 3407
f 3407 3406 3408
f 3407 3408 3409
f 3286 3285 3410
f 3410 3285 3288
f 3410 3288 3284
f 3289 3285 3411
f 3411 3285 3287
f 3411 3287 3412
f 2251 2253 3287
f 3287 2253 3409
f 3287 3409 3412
f 3412 3409 3408
f 2253 2255 3409
f 3409 2255 2257
f 3409 2257 3407
f 3407 2257 2263
f 2263 2262 3407
f 3407 2262 2261
f 3407 2261 3405
f 3405 2261 2260
f 2552 2247 3283
f 3283 2247 2245
f 3283 2245 3413
f 2243 2242 3414
f 3414 2242 3415
f 3414 3415 3416
f 3416 3415 3417
f 3416 3417 3418
f 3418 3417 3419
f 3418 3419 3420
f 3420 3419 3421
f 3420 3421 3422
f 3422 3421 3423
f 2552 3283 2551
f 2551 3283 3282
f 2551 3282 2241
f 2238 2243 3281
f 3281 2243 3414
f 3281 3414 3424
f 3424 3414 3416
f 3424 3416 3425
f 3425 3416 3418
f 3425 3418 3426
f 3426 3418 3420
f 3426 3420 3427
f 3427 3420 3422
f 2245 2250 3413
f 3413 2250 2249
f 3413 2249 3428
f 3428 2249 2534
f 3428 2534 2535
f 3284 3283 3410
f 3410 3283 3413
f 3410 3413 3286
f 3286 3413 3428
f 3286 3428 3287
f 3287 3428 2535
f 3287 2535 2251
f 3279 3278 3298
f 3298 3278 3429
f 3298 3429 3300
f 3300 3429 3430
f 3300 3430 3302
f 3302 3430 3431
f 3302 3431 3398
f 3398 3431 3432
f 3398 3432 3399
f 3399 3432 3433
f 3399 3433 3400
f 3400 3433 3434
f 3400 3434 3401
f 3401 3434 3435
f 3401 3435 3402
f 3436 2235 3437
f 3437 2235 2233
f 3437 2233 3438
f 3439 2231 3440
f 2231 2230 3440
f 3440 2230 2229
f 3440 2229 3436
f 3436 2229 2236
f 3436 2236 2235
f 3276 3275 3441
f 3441 3275 3439
f 3441 3439 3442
f 3442 3439 3440
f 3442 3440 3443
f 3443 3440 3436
f 3443 3436 3444
f 3444 3436 3437
f 3444 3437 3445
f 3445 3437 3438
f 3445 3438 3446
f 3447 2221 2188
f 3447 2188 3277
f 3277 2188 2226
f 3277 2226 3275
f 3275 2226 2225
f 3275 2225 3439
f 3439 2225 2223
f 3439 2223 2231
f 3167 3166 3448
f 3448 3166 3269
f 3448 3269 3449
f 3449 3269 3447
f 3449 3447 3280
f 3280 3447 3277
f 3280 3277 3278
f 3278 3277 3276
f 3278 3276 3429
f 3429 3276 3441
f 3429 3441 3430
f 3430 3441 3442
f 3430 3442 3431
f 3431 3442 3443
f 3431 3443 3432
f 3432 3443 3444
f 3432 3444 3433
f 3433 3444 3445
f 3433 3445 3434
f 3434 3445 3446
f 3434 3446 3435
f 3450 3451 3452
f 3452 3451 3453
f 3452 3453 3454
f 3454 3453 3455
f 3456 3457 3458
f 3459 3460 3457
f 3457 3460 3461
f 3457 3461 3458
f 3462 3463 3272
f 3272 3271 3462
f 3462 3271 3464
f 3462 3464 3465
f 3465 3464 3466
f 3465 3466 3467
f 3456 3468 3450
f 3450 3468 3469
f 3450 3469 3451
f 3451 3469 2314
f 2314 2313 3451
f 3451 2313 2186
f 3451 2186 3453
f 3453 2186 2185
f 3453 2185 3455
f 3455 2185 2317
f 3455 2317 2316
f 2309 3458 2311
f 2311 3458 3461
f 2311 3461 2312
f 2312 3461 3460
f 2312 3460 2306
f 3456 3458 3468
f 3468 3458 2309
f 3468 2309 3469
f 3469 2309 2315
f 3469 2315 2314
f 2307 3470 2303
f 2303 3470 3471
f 2303 3471 2304
f 3472 2297 3473
f 3473 2297 2301
f 3473 2301 3471
f 3471 2301 2300
f 3471 2300 2304
f 3467 3474 3475
f 3475 3474 3476
f 3475 3476 3477
f 3477 3476 3274
f 3477 3274 3478
f 3478 3274 3273
f 3478 3273 3479
f 3479 3273 3480
f 3479 3480 3481
f 3481 3480 3472
f 3481 3472 3482
f 3482 3472 3473
f 3482 3473 3483
f 3483 3473 3471
f 3483 3471 3459
f 3459 3471 3470
f 3459 3470 3460
f 3460 3470 2307
f 3460 2307 2306
f 2289 3274 2284
f 2284 3274 3476
f 2284 3476 2285
f 3467 3466 3474
f 3474 3466 2276
f 3474 2276 2275
f 2271 2274 3271
f 3271 2274 2273
f 3271 2273 3464
f 3464 2273 2279
f 3464 2279 3466
f 3466 2279 2278
f 3466 2278 2276
f 2275 2283 3474
f 3474 2283 2281
f 3474 2281 3476
f 3476 2281 2286
f 3476 2286 2285
f 2289 2290 3273
f 3273 2290 2292
f 3273 2292 3480
f 3480 2292 2293
f 3480 2293 3472
f 3472 2293 2295
f 3472 2295 2297
f 3000 3454 3006
f 3006 3454 3455
f 3006 3455 3004
f 3004 3455 2316
f 3004 2316 2435
f 3000 2999 3454
f 3454 2999 3270
f 3454 3270 3452
f 3452 3270 3379
f 3452 3379 3450
f 3450 3379 3381
f 3450 3381 3456
f 3456 3381 3383
f 2219 2218 3269
f 3269 2218 2191
f 3269 2191 3447
f 3447 2191 2193
f 3447 2193 2221
f 3174 3167 3393
f 3393 3167 3448
f 3393 3448 3394
f 3394 3448 3449
f 3394 3449 3396
f 3396 3449 3280
f 3396 3280 3397
f 3397 3280 3279
f 3397 3279 3484
f 3484 3279 3298
f 3484 3298 3485
f 3485 3298 3297
f 2260 2268 3405
f 3405 2268 2267
f 3405 2267 3403
f 3403 2267 2265
f 3403 2265 2264
f 2242 2241 3415
f 3415 2241 3282
f 3415 3282 3417
f 3417 3282 3284
f 3417 3284 3419
f 3419 3284 3288
f 3419 3288 3421
f 3421 3288 3289
f 3421 3289 3423
f 3423 3289 3411
f 3423 3411 3486
f 3486 3411 3412
f 3486 3412 3487
f 3487 3412 3408
f 3487 3408 3488
f 3488 3408 3406
f 3488 3406 3489
f 3489 3406 3404
f 3489 3404 3463
f 3463 3404 3403
f 3463 3403 3272
f 3272 3403 2264
f 3272 2264 2271
f 2233 2232 3438
f 3438 2232 3281
f 3438 3281 3446
f 3446 3281 3424
f 3446 3424 3435
f 3435 3424 3425
f 3435 3425 3402
f 3402 3425 3426
f 3402 3426 3392
f 3392 3426 3427
f 3392 3427 3384
f 3384 3427 3422
f 3384 3422 3385
f 3385 3422 3423
f 3385 3423 3386
f 3386 3423 3486
f 3386 3486 3387
f 3387 3486 3487
f 3387 3487 3388
f 3388 3487 3488
f 3388 3488 3389
f 3389 3488 3489
f 3389 3489 3340
f 3340 3489 3463
f 3340 3463 3345
f 3345 3463 3462
f 3345 3462 3342
f 3342 3462 3465
f 3342 3465 3292
f 3292 3465 3467
f 3292 3467 3351
f 3351 3467 3475
f 3351 3475 3353
f 3353 3475 3477
f 3353 3477 3355
f 3355 3477 3478
f 3355 3478 3357
f 3357 3478 3479
f 3357 3479 3360
f 3360 3479 3481
f 3360 3481 3363
f 3363 3481 3482
f 3363 3482 3366
f 3366 3482 3483
f 3366 3483 3368
f 3368 3483 3459
f 3368 3459 3373
f 3373 3459 3457
f 3373 3457 3375
f 3375 3457 3456
f 3375 3456 3377
f 3377 3456 3383
f 3377 3383 3378
f 3378 3383 3382
f 2925 3490 2817
f 2817 3490 3491
f 2817 3491 2818
f 2818 3491 3492
f 2818 3492 2822
f 2822 3492 3493
f 2822 3493 2820
f 2820 3493 3494
f 2820 3494 2958
f 2958 3494 3495
f 2958 3495 2923
f 2923 3495 3496
f 2923 3496 2924
f 2924 3496 3497
f 2924 3497 2919
f 2919 3497 3498
f 2919 3498 2921
f 2921 3498 3499
f 2921 3499 2922
f 2922 3499 3500
f 2922 3500 2913
f 2913 3500 3501
f 2913 3501 2915
f 2915 3501 3502
f 2915 3502 2917
f 2917 3502 3503
f 2917 3503 2909
f 2909 3503 3504
f 2909 3504 2910
f 2910 3504 3505
f 2910 3505 2953
f 2953 3505 3506
f 2953 3506 2954
f 2954 3506 3507
f 2954 3507 2956
f 2956 3507 3508
f 2956 3508 2957
f 2957 3508 3509
f 2957 3509 2949
f 2949 3509 3510
f 2949 3510 2951
f 2951 3510 3511
f 2951 3511 2946
f 2946 3511 3512
f 2946 3512 2947
f 2947 3512 3513
f 2947 3513 2943
f 2943 3513 3514
f 2943 3514 2944
f 2944 3514 3515
f 2944 3515 2938
f 2938 3515 3516
f 2938 3516 2940
f 2940 3516 3517
f 2940 3517 2941
f 2941 3517 3518
f 2941 3518 2936
f 2936 3518 3519
f 2936 3519 2816
f 2816 3519 3520
f 2816 3520 2814
f 2814 3520 3521
f 2814 3521 2932
f 2932 3521 3522
f 2932 3522 2930
f 2930 3522 3523
f 2930 3523 2929
f 2929 3523 3524
f 2929 3524 2927
f 2927 3524 3525
f 2927 3525 2925
f 2925 3525 3490
f 3490 3526 3491
f 3491 3526 3527
f 3491 3527 3492
f 3492 3527 3528
f 3492 3528 3493
f 3493 3528 3529
f 3493 3529 3494
f 3494 3529 3530
f 3494 3530 3495
f 3495 3530 3531
f 3495 3531 3496
f 3496 3531 3532
f 3496 3532 3497
f 3497 3532 3533
f 3497 3533 3498
f 3498 3533 3534
f 3498 3534 3499
f 3499 3534 3535
f 3499 3535 3500
f 3500 3535 3536
f 3500 3536 3501
f 3501 3536 3537
f 3501 3537 3502
f 3502 3537 3538
f 3502 3538 3503
f 3503 3538 3539
f 3503 3539 3504
f 3504 3539 3540
f 3504 3540 3505
f 3505 3540 3541
f 3505 3541 3506
f 3506 3541 3542
f 3506 3542 3507
f 3507 3542 3543
f 3507 3543 3508
f 3508 3543 3544
f 3508 3544 3509
f 3509 3544 3545
f 3509 3545 3510
f 3510 3545 3546
f 3510 3546 3511
f 3511 3546 3547
f 3511 3547 3512
f 3512 3547 3548
f 3512 3548 3513
f 3513 3548 3549
f 3513 3549 3514
f 3514 3549 3550
f 3514 3550 3515
f 3515 3550 3551
f 3515 3551 3516
f 3516 3551 3552
f 3516 3552 3517
f 3517 3552 3553
f 3517 3553 3518
f 3518 3553 3554
f 3518 3554 3519
f 3519 3554 3555
f 3519 3555 3520
f 3520 3555 3556
f 3520 3556 3521
f 3521 3556 3557
f 3521 3557 3522
f 3522 3557 3558
f 3522 3558 3523
f 3523 3558 3559
f 3523 3559 3524
f 3524 3559 3560
f 3524 3560 3525
f 3525 3560 3561
f 3525 3561 3490
f 3490 3561 3526
f 3526 3562 3527
f 3527 3562 3563
f 3527 3563 3528
f 3528 3563 3564
f 3528 3564 3529
f 3529 3564 3565
f 3529 3565 3530
f 3530 3565 3566
f 3530 3566 3531
f 3531 3566 3567
f 3531 3567 3532
f 3532 3567 3568
f 3532 3568 3533
f 3533 3568 3569
f 3533 3569 3534
f 3534 3569 3570
f 3534 3570 3535
f 3535 3570 3571
f 3535 3571 3536
f 3536 3571 3572
f 3536 3572 3537
f 3537 3572 3573
f 3537 3573 3538
f 3538 3573 3574
f 3538 3574 3539
f 3539 3574 3575
f 3539 3575 3540
f 3540 3575 3576
f 3540 3576 3541
f 3541 3576 3577
f 3541 3577 3542
f 3542 3577 3578
f 3542 3578 3543
f 3543 3578 3579
f 3543 3579 3544
f 3544 3579 3580
f 3544 3580 3545
f 3545 3580 3581
f 3545 3581 3546
f 3546 3581 3582
f 3546 3582 3547
f 3547 3582 3583
f 3547 3583 3548
f 3548 3583 3584
f 3548 3584 3549
f 3549 3584 3585
f 3549 3585 3550
f 3550 3585 3586
f 3550 3586 3551
f 3551 3586 3587
f 3551 3587 3552
f 3552 3587 3588
f 3552 3588 3553
f 3553 3588 3589
f 3553 3589 3554
f 3554 3589 3590
f 3554 3590 3555
f 3555 3590 3591
f 3555 3591 3556
f 3556 3591 3592
f 3556 3592 3557
f 3557 3592 3593
f 3557 3593 3558
f 3558 3593 3594
f 3558 3594 3559
f 3559 3594 3595
f 3559 3595 3560
f 3560 3595 3596
f 3560 3596 3561
f 3561 3596 3597
f 3561 3597 3526
f 3526 3597 3562
f 3562 3598 3563
f 3563 3598 3599
f 3563 3599 3564
f 3564 3599 3600
f 3564 3600 3565
f 3565 3600 3601
f 3565 3601 3566
f 3566 3601 3602
f 3566 3602 3567
f 3567 3602 3603
f 3567 3603 3568
f 3568 3603 3604
f 3568 3604 3569
f 3569 3604 3605
f 3569 3605 3570
f 3570 3605 3606
f 3570 3606 3571
f 3571 3606 3607
f 3571 3607 3572
f 3572 3607 3608
f 3572 3608 3573
f 3573 3608 3609
f 3573 3609 3574
f 3574 3609 3610
f 3574 3610 3575
f 3575 3610 3611
f 3575 3611 3576
f 3576 3611 3612
f 3576 3612 3577
f 3577 3612 3613
f 3577 3613 3578
f 3578 3613 3614
f 3578 3614 3579
f 3579 3614 3615
f 3579 3615 3580
f 3580 3615 3616
f 3580 3616 3581
f 3581 3616 3617
f 3581 3617 3582
f 3582 3617 3618
f 3582 3618 3583
f 3583 3618 3619
f 3583 3619 3584
f 3584 3619 3620
f 3584 3620 3585
f 3585 3620 3621
f 3585 3621 3586
f 3586 3621 3622
f 3586 3622 3587
f 3587 3622 3623
f 3587 3623 3588
f 3588 3623 3624
f 3588 3624 3589
f 3589 3624 3625
f 3589 3625 3590
f 3590 3625 3626
f 3590 3626 3591
f 3591 3626 3627
f 3591 3627 3592
f 3592 3627 3628
f 3592 3628 3593
f 3593 3628 3629
f 3593 3629 3594
f 3594 3629 3630
f 3594 3630 3595
f 3595 3630 3631
f 3595 3631 3596
f 3596 3631 3632
f 3596 3632 3597
f 3597 3632 3633
f 3597 3633 3562
f 3562 3633 3598
f 3598 3634 3599
f 3599 3634 3635
f 3599 3635 3600
f 3600 3635 3636
f 3600 3636 3601
f 3601 3636 3637
f 3601 3637 3602
f 3602 3637 3638
f 3602 3638 3603
f 3603 3638 3639
f 3603 3639 3604
f 3604 3639 3640
f 3604 3640 3605
f 3605 3640 3641
f 3605 3641 3606
f 3606 3641 3642
f 3606 3642 3607
f 3607 3642 3643
f 3607 3643 3608
f 3608 3643 3644
f 3608 3644 3609
f 3609 3644 3645
f 3609 3645 3610
f 3610 3645 3646
f 3610 3646 3611
f 3611 3646 3647
f 3611 3647 3612
f 3612 3647 3648
f 3612 3648 3613
f 3613 3648 3649
f 3613 3649 3614
f 3614 3649 3650
f 3614 3650 3615
f 3615 3650 3651
f 3615 3651 3616
f 3616 3651 3652
f 3616 3652 3617
f 3617 3652 3653
f 3617 3653 3618
f 3618 3653 3654
f 3618 3654 3619
f 3619 3654 3655
f 3619 3655 3620
f 3620 3655 3656
f 3620 3656 3621
f 3621 3656 3657
f 3621 3657 3622
f 3622 3657 3658
f 3622 3658 3623
f 3623 3658 3659
f 3623 3659 3624
f 3624 3659 3660
f 3624 3660 3625
f 3625 3660 3661
f 3625 3661 3626
f 3626 3661 3662
f 3626 3662 3627
f 3627 3662 3663
f 3627 3663 3628
f 3628 3663 3664
f 3628 3664 3629
f 3629 3664 3665
f 3629 3665 3630
f 3630 3665 3666
f 3630 3666 3631
f 3631 3666 3667
f 3631 3667 3632
f 3632 3667 3668
f 3632 3668 3633
f 3633 3668 3669
f 3633 3669 3598
f 3598 3669 3634
f 3114 3119 3653
f 3653 3119 3118
f 3653 3118 3654
f 3654 3118 3117
f 3654 3117 3655
f 3655 3117 3108
f 3655 3108 3656
f 3656 3108 3110
f 3656 3110 3657
f 3657 3110 3120
f 3657 3120 3658
f 3658 3120 3122
f 3658 3122 3659
f 3659 3122 3127
f 3659 3127 3660
f 3660 3127 3126
f 3660 3126 3661
f 3661 3126 3124
f 3661 3124 3662
f 3662 3124 3123
f 3662 3123 3663
f 3663 3123 3132
f 3663 3132 3664
f 3664 3132 3131
f 3664 3131 3665
f 3665 3131 3129
f 3665 3129 3666
f 3666 3129 3128
f 3666 3128 3667
f 3667 3128 3136
f 3667 3136 3668
f 3668 3136 3134
f 3668 3134 3669
f 3669 3134 3133
f 3669 3133 3634
f 3634 3133 3141
f 3634 3141 3635
f 3635 3141 3140
f 3635 3140 3636
f 3636 3140 3138
f 3636 3138 3637
f 3637 3138 3137
f 3637 3137 3638
f 3638 3137 3142
f 3638 3142 3639
f 3639 3142 3144
f 3639 3144 3640
f 3640 3144 3146
f 3640 3146 3641
f 3641 3146 3151
f 3641 3151 3642
f 3642 3151 3150
f 3642 3150 3643
f 3643 3150 3148
f 3643 3148 3644
f 3644 3148 3147
f 3644 3147 3645
f 3645 3147 3156
f 3645 3156 3646
f 3646 3156 3155
f 3646 3155 3647
f 3647 3155 3153
f 3647 3153 3648
f 3648 3153 3152
f 3648 3152 3649
f 3649 3152 3112
f 3649 3112 3650
f 3650 3112 3111
f 3650 3111 3651
f 3651 3111 3115
f 3651 3115 3652
f 3652 3115 3114
f 3652 3114 3653
f 3049 3670 3671
f 3484 3672 3673
f 3333 3332 3674
f 3259 3675 3676
f 3677 3678 2904
f 3104 3679 3680
f 3681 3682 2829
f 3364 3365 3683
f 3369 3372 3684
f 3190 3189 3685
f 3199 3686 3687
f 3200 3688 3181
f 3689 3690 3024
f 3024 3023 3689
f 3689 3023 3035
f 3689 3035 3038
f 3204 3205 3691
f 3691 3205 3206
f 3691 3206 3690
f 3690 3206 3031
f 3690 3031 3024
f 3688 3200 3691
f 3691 3200 3202
f 3691 3202 3204
f 3194 3692 3195
f 3195 3692 3693
f 3195 3693 3197
f 3686 3199 3693
f 3693 3199 3198
f 3693 3198 3197
f 3189 3185 3694
f 3694 3185 3184
f 3694 3184 3687
f 3687 3184 3192
f 3687 3192 3199
f 3695 3186 3219
f 3219 3220 3695
f 3695 3220 3221
f 3695 3221 3685
f 3685 3221 3223
f 3685 3223 3190
f 3010 2998 3696
f 3696 2998 2997
f 3696 2997 3695
f 3695 2997 3187
f 3695 3187 3186
f 3010 3696 3380
f 3380 3696 3697
f 3380 3697 3382
f 3382 3697 3378
f 3378 3697 3698
f 3378 3698 3376
f 3684 3372 3698
f 3698 3372 3374
f 3698 3374 3376
f 3683 3365 3699
f 3365 3367 3699
f 3699 3367 3371
f 3699 3371 3684
f 3684 3371 3370
f 3684 3370 3369
f 3700 3359 3701
f 3701 3359 3361
f 3701 3361 3683
f 3683 3361 3362
f 3683 3362 3364
f 3354 3356 3700
f 3700 3356 3358
f 3700 3358 3359
f 2829 3682 2849
f 3682 3702 2849
f 2849 3702 3703
f 2849 3703 2847
f 3679 3104 3703
f 3703 3104 3103
f 3703 3103 2847
f 3704 3107 3680
f 3680 3107 3106
f 3680 3106 3104
f 3705 3099 3706
f 3706 3099 3100
f 3706 3100 3704
f 3704 3100 3102
f 3704 3102 3107
f 3707 3093 3705
f 3705 3093 3097
f 3705 3097 3099
f 3708 2835 3707
f 3707 2835 3096
f 3707 3096 3093
f 2904 2902 3677
f 3677 2902 2901
f 3677 2901 3709
f 3709 2901 2906
f 3709 2906 3710
f 3710 2906 2823
f 3710 2823 3711
f 3711 2823 2825
f 3711 2825 3708
f 3708 2825 2836
f 3708 2836 2835
f 3712 2900 3713
f 3713 2900 2899
f 3713 2899 3678
f 3678 2899 2905
f 3678 2905 2904
f 3675 3259 3714
f 3259 2971 3714
f 3714 2971 2894
f 3714 2894 3715
f 3715 2894 2893
f 3715 2893 3716
f 3716 2893 2959
f 3716 2959 3717
f 3717 2959 2826
f 3717 2826 3718
f 3718 2826 2897
f 3718 2897 3712
f 3712 2897 2896
f 3712 2896 2900
f 3264 3262 3676
f 3676 3262 3260
f 3676 3260 3259
f 3676 3719 3264
f 3264 3719 3720
f 3264 3720 3266
f 3266 3720 3268
f 3268 3720 3721
f 3268 3721 3257
f 3257 3721 3722
f 3257 3722 3255
f 3255 3722 3258
f 3258 3722 3723
f 3258 3723 2882
f 2829 2831 3681
f 3681 2831 2962
f 3681 2962 3724
f 3724 2962 2968
f 3724 2968 3725
f 3725 2968 2972
f 3725 2972 3726
f 3726 2972 2857
f 3726 2857 3727
f 3727 2857 2855
f 3727 2855 3728
f 3728 2855 2853
f 3728 2853 3729
f 3729 2853 2851
f 3729 2851 3730
f 3730 2851 2868
f 3730 2868 3731
f 3731 2868 2867
f 3731 2867 3732
f 3732 2867 2865
f 3732 2865 3733
f 3733 2865 2863
f 3733 2863 3734
f 3734 2863 2861
f 3734 2861 3735
f 3735 2861 2859
f 3735 2859 3736
f 3736 2859 2858
f 3736 2858 3737
f 3737 2858 2874
f 3737 2874 3738
f 3738 2874 2872
f 3738 2872 3739
f 3739 2872 2870
f 3739 2870 3740
f 3740 2870 2878
f 3740 2878 3741
f 3741 2878 2880
f 3741 2880 3723
f 3723 2880 2881
f 3723 2881 2882
f 3700 3742 3354
f 3354 3742 3743
f 3354 3743 3352
f 3352 3743 3350
f 3743 3744 3350
f 3350 3744 3745
f 3350 3745 3290
f 3746 3349 3745
f 3745 3349 3291
f 3745 3291 3290
f 3347 3346 3747
f 3747 3346 3344
f 3747 3344 3746
f 3746 3344 3343
f 3746 3343 3349
f 3748 3339 3341
f 3748 3341 3747
f 3747 3341 3348
f 3747 3348 3347
f 3339 3748 3338
f 3338 3748 3749
f 3338 3749 3336
f 3674 3332 3750
f 3332 3330 3750
f 3750 3330 3329
f 3750 3329 3749
f 3749 3329 3334
f 3749 3334 3336
f 3751 3311 3752
f 3752 3311 3317
f 3752 3317 3316
f 3316 3318 3752
f 3752 3318 3320
f 3752 3320 3753
f 3753 3320 3322
f 3753 3322 3323
f 3323 3325 3753
f 3753 3325 3328
f 3753 3328 3674
f 3674 3328 3327
f 3674 3327 3333
f 3308 3306 3754
f 3754 3306 3304
f 3754 3304 3751
f 3751 3304 3313
f 3751 3313 3311
f 3755 3301 3308
f 3301 3755 3299
f 3299 3755 3756
f 3299 3756 3297
f 3672 3484 3756
f 3756 3484 3485
f 3756 3485 3297
f 3757 3395 3758
f 3758 3395 3397
f 3759 3294 3757
f 3757 3294 3296
f 3757 3296 3395
f 3760 3065 3163
f 3163 3162 3760
f 3760 3162 3172
f 3760 3172 3759
f 3759 3172 3293
f 3759 3293 3294
f 3065 3760 3063
f 3063 3760 3761
f 3063 3761 3061
f 3061 3761 3762
f 3061 3762 3060
f 3060 3762 3058
f 3058 3762 3763
f 3058 3763 3055
f 3055 3763 3764
f 3055 3764 3053
f 3670 3049 3764
f 3764 3049 3051
f 3764 3051 3053
f 3038 3040 3689
f 3689 3040 3042
f 3689 3042 3765
f 3765 3042 3044
f 3765 3044 3671
f 3671 3044 3046
f 3671 3046 3049
f 3189 3694 3685
f 3685 3694 3766
f 3685 3766 3695
f 3695 3766 3767
f 3695 3767 3696
f 3696 3767 3768
f 3696 3768 3697
f 3697 3768 3769
f 3697 3769 3698
f 3698 3769 3770
f 3698 3770 3684
f 3684 3770 3771
f 3684 3771 3699
f 3699 3771 3772
f 3699 3772 3683
f 3683 3772 3773
f 3683 3773 3701
f 3701 3773 3774
f 3701 3774 3700
f 3700 3774 3775
f 3700 3775 3742
f 3742 3775 3776
f 3742 3776 3743
f 3743 3776 3777
f 3743 3777 3744
f 3744 3777 3778
f 3744 3778 3745
f 3745 3778 3779
f 3745 3779 3746
f 3746 3779 3780
f 3746 3780 3747
f 3747 3780 3781
f 3747 3781 3748
f 3748 3781 3782
f 3748 3782 3749
f 3749 3782 3783
f 3749 3783 3750
f 3750 3783 3784
f 3750 3784 3674
f 3674 3784 3785
f 3674 3785 3753
f 3753 3785 3786
f 3753 3786 3752
f 3752 3786 3787
f 3752 3787 3751
f 3751 3787 3788
f 3751 3788 3754
f 3754 3788 3789
f 3754 3789 3308
f 3308 3789 3790
f 3308 3790 3755
f 3397 3484 3758
f 3758 3484 3673
f 3758 3673 3757
f 3757 3673 3791
f 3757 3791 3759
f 3759 3791 3792
f 3759 3792 3760
f 3760 3792 3793
f 3760 3793 3761
f 3761 3793 3794
f 3761 3794 3762
f 3762 3794 3795
f 3762 3795 3763
f 3763 3795 3796
f 3763 3796 3764
f 3764 3796 3797
f 3764 3797 3670
f 3670 3797 3798
f 3670 3798 3671
f 3671 3798 3799
f 3671 3799 3765
f 3765 3799 3800
f 3765 3800 3689
f 3689 3800 3801
f 3689 3801 3690
f 3690 3801 3802
f 3690 3802 3691
f 3691 3802 3803
f 3691 3803 3688
f 3688 3803 3804
f 3688 3804 3181
f 3181 3804 3692
f 3181 3692 3182
f 3182 3692 3194
f 3798 3805 3799
f 3799 3805 3806
f 3799 3806 3800
f 3800 3806 3807
f 3800 3807 3801
f 3801 3807 3808
f 3801 3808 3802
f 3802 3808 3809
f 3802 3809 3803
f 3803 3809 3810
f 3803 3810 3804
f 3804 3810 3811
f 3804 3811 3692
f 3692 3811 3812
f 3692 3812 3693
f 3693 3812 3813
f 3693 3813 3686
f 3686 3813 3814
f 3686 3814 3687
f 3687 3814 3815
f 3687 3815 3694
f 3694 3815 3816
f 3694 3816 3766
f 3766 3816 3817
f 3766 3817 3767
f 3767 3817 3818
f 3767 3818 3768
f 3768 3818 3819
f 3768 3819 3769
f 3769 3819 3820
f 3769 3820 3770
f 3770 3820 3821
f 3770 3821 3771
f 3771 3821 3822
f 3771 3822 3772
f 3772 3822 3823
f 3772 3823 3773
f 3773 3823 3824
f 3773 3824 3774
f 3774 3824 3825
f 3774 3825 3775
f 3775 3825 3826
f 3775 3826 3776
f 3776 3826 3827
f 3776 3827 3777
f 3777 3827 3828
f 3777 3828 3778
f 3778 3828 3829
f 3778 3829 3779
f 3779 3829 3830
f 3779 3830 3780
f 3780 3830 3831
f 3780 3831 3781
f 3781 3831 3832
f 3781 3832 3782
f 3782 3832 3833
f 3782 3833 3783
f 3783 3833 3834
f 3783 3834 3784
f 3784 3834 3835
f 3784 3835 3785
f 3785 3835 3836
f 3785 3836 3786
f 3786 3836 3837
f 3786 3837 3787
f 3787 3837 3838
f 3787 3838 3788
f 3788 3838 3839
f 3788 3839 3789
f 3789 3839 3840
f 3789 3840 3790
f 3790 3840 3841
f 3790 3841 3755
f 3755 3841 3842
f 3755 3842 3756
f 3756 3842 3843
f 3756 3843 3672
f 3672 3843 3844
f 3672 3844 3673
f 3673 3844 3845
f 3673 3845 3791
f 3791 3845 3846
f 3791 3846 3792
f 3792 3846 3847
f 3792 3847 3793
f 3793 3847 3848
f 3793 3848 3794
f 3794 3848 3849
f 3794 3849 3795
f 3795 3849 3850
f 3795 3850 3796
f 3796 3850 3851
f 3796 3851 3797
f 3797 3851 3852
f 3797 3852 3798
f 3798 3852 3805
f 3805 3853 3806
f 3806 3853 3854
f 3806 3854 3807
f 3807 3854 3855
f 3807 3855 3808
f 3808 3855 3856
f 3808 3856 3809
f 3809 3856 3857
f 3809 3857 3810
f 3810 3857 3858
f 3810 3858 3811
f 3811 3858 3859
f 3811 3859 3812
f 3812 3859 3860
f 3812 3860 3813
f 3813 3860 3861
f 3813 3861 3814
f 3814 3861 3862
f 3814 3862 3815
f 3815 3862 3863
f 3815 3863 3816
f 3816 3863 3864
f 3816 3864 3817
f 3817 3864 3865
f 3817 3865 3818
f 3818 3865 3866
f 3818 3866 3819
f 3819 3866 3867
f 3819 3867 3820
f 3820 3867 3868
f 3820 3868 3821
f 3821 3868 3869
f 3821 3869 3822
f 3822 3869 3870
f 3822 3870 3823
f 3823 3870 3871
f 3823 3871 3824
f 3824 3871 3872
f 3824 3872 3825
f 3825 3872 3873
f 3825 3873 3826
f 3826 3873 3874
f 3826 3874 3827
f 3827 3874 3875
f 3827 3875 3828
f 3828 3875 3876
f 3828 3876 3829
f 3829 3876 3877
f 3829 3877 3830
f 3830 3877 3878
f 3830 3878 3831
f 3831 3878 3879
f 3831 3879 3832
f 3832 3879 3880
f 3832 3880 3833
f 3833 3880 3881
f 3833 3881 3834
f 3834 3881 3882
f 3834 3882 3835
f 3835 3882 3883
f 3835 3883 3836
f 3836 3883 3884
f 3836 3884 3837
f 3837 3884 3885
f 3837 3885 3838
f 3838 3885 3886
f 3838 3886 3839
f 3839 3886 3887
f 3839 3887 3840
f 3840 3887 3888
f 3840 3888 3841
f 3841 3888 3889
f 3841 3889 3842
f 3842 3889 3890
f 3842 3890 3843
f 3843 3890 3891
f 3843 3891 3844
f 3844 3891 3892
f 3844 3892 3845
f 3845 3892 3893
f 3845 3893 3846
f 3846 3893 3894
f 3846 3894 3847
f 3847 3894 3895
f 3847 3895 3848
f 3848 3895 3896
f 3848 3896 3849
f 3849 3896 3897
f 3849 3897 3850
f 3850 3897 3898
f 3850 3898 3851
f 3851 3898 3899
f 3851 3899 3852
f 3852 3899 3900
f 3852 3900 3805
f 3805 3900 3853
f 3853 3678 3854
f 3854 3678 3677
f 3854 3677 3855
f 3855 3677 3709
f 3855 3709 3856
f 3856 3709 3710
f 3856 3710 3857
f 3857 3710 3711
f 3857 3711 3858
f 3858 3711 3708
f 3858 3708 3859
f 3859 3708 3707
f 3859 3707 3860
f 3860 3707 3705
f 3860 3705 3861
f 3861 3705 3706
f 3861 3706 3862
f 3862 3706 3704
f 3862 3704 3863
f 3863 3704 3680
f 3863 3680 3864
f 3864 3680 3679
f 3864 3679 3865
f 3865 3679 3703
f 3865 3703 3866
f 3866 3703 3702
f 3866 3702 3867
f 3867 3702 3682
f 3867 3682 3868
f 3868 3682 3681
f 3868 3681 3869
f 3869 3681 3724
f 3869 3724 3870
f 3870 3724 3725
f 3870 3725 3871
f 3871 3725 3726
f 3871 3726 3872
f 3872 3726 3727
f 3872 3727 3873
f 3873 3727 3728
f 3873 3728 3874
f 3874 3728 3729
f 3874 3729 3875
f 3875 3729 3730
f 3875 3730 3876
f 3876 3730 3731
f 3876 3731 3877
f 3877 3731 3732
f 3877 3732 3878
f 3878 3732 3733
f 3878 3733 3879
f 3879 3733 3734
f 3879 3734 3880
f 3880 3734 3735
f 3880 3735 3881
f 3881 3735 3736
f 3881 3736 3882
f 3882 3736 3737
f 3882 3737 3883
f 3883 3737 3738
f 3883 3738 3884
f 3884 3738 3739
f 3884 3739 3885
f 3885 3739 3740
f 3885 3740 3886
f 3886 3740 3741
f 3886 3741 3887
f 3887 3741 3723
f 3887 3723 3888
f 3888 3723 3722
f 3888 3722 3889
f 3889 3722 3721
f 3889 3721 3890
f 3890 3721 3720
f 3890 3720 3891
f 3891 3720 3719
f 3891 3719 3892
f 3892 3719 3676
f 3892 3676 3893
f 3893 3676 3675
f 3893 3675 3894
f 3894 3675 3714
f 3894 3714 3895
f 3895 3714 3715
f 3895 3715 3896
f 3896 3715 3716
f 3896 3716 3897
f 3897 3716 3717
f 3897 3717 3898
f 3898 3717 3718
f 3898 3718 3899
f 3899 3718 3712
f 3899 3712 3900
f 3900 3712 3713
f 3900 3713 3853
f 3853 3713 3678

