mtllib material.mtl
usemtl mtl_foot-ft
v -0.03623592 0.00414505 -0.02751221
v -0.03573332 0.00379305 -0.02689860
v -0.03692249 0.00462589 -0.02606040
v -0.03554935 0.00366421 -0.02606040
v -0.03573332 0.00379305 -0.02522220
v -0.03811165 0.00545873 -0.02689860
v -0.03760905 0.00510673 -0.02751221
v -0.03692249 0.00462589 -0.02773680
v -0.03760905 0.00510673 -0.02460860
v -0.03811165 0.00545873 -0.02522220
v -0.03829562 0.00558757 -0.02606040
v -0.03623592 0.00414505 -0.02460860
v -0.03692249 0.00462589 -0.02438400
v -0.03570746 0.00889156 -0.02689860
v -0.03520486 0.00853956 -0.02751221
v -0.03451829 0.00805872 -0.02773680
v -0.03383173 0.00757788 -0.02751221
v -0.03332913 0.00722588 -0.02689860
v -0.03314516 0.00709704 -0.02606040
v -0.03332913 0.00722588 -0.02522220
v -0.03383173 0.00757788 -0.02460860
v -0.03451829 0.00805872 -0.02438400
v -0.03520486 0.00853956 -0.02460860
v -0.03570746 0.00889156 -0.02522220
v -0.03589142 0.00902040 -0.02606040
v -0.02711119 0.01745885 -0.02759504
v -0.02701856 0.01735245 -0.02752725
v -0.02739591 0.01694902 -0.02756760
v -0.02691739 0.01717362 -0.02740807
v -0.02688614 0.01697028 -0.02729017
v -0.02725770 0.01643975 -0.02729017
v -0.02745975 0.01639960 -0.02740824
v -0.02711804 0.01652633 -0.02722688
v -0.02700063 0.01665508 -0.02720340
v -0.02691958 0.01680996 -0.02722703
v -0.02875251 0.01827739 -0.02729017
v -0.02855014 0.01831754 -0.02740843
v -0.02889219 0.01819079 -0.02722687
v -0.02861694 0.01777053 -0.02756587
v -0.02900958 0.01806206 -0.02720340
v -0.02890343 0.01726283 -0.02759230
v -0.02899165 0.01736469 -0.02752725
v -0.02909281 0.01754349 -0.02740809
v -0.02912407 0.01774687 -0.02729017
v -0.02909052 0.01790750 -0.02722694
v -0.02768155 0.01643983 -0.02753788
v -0.02779377 0.01648423 -0.02759504
v -0.02837361 0.01683832 -0.02773680
v -0.02764216 0.01788272 -0.02773680
v -0.02822221 0.01823550 -0.02759230
v -0.02832961 0.01827763 -0.02753736
v -0.02986509 0.01352670 -0.02759504
v -0.02977246 0.01342030 -0.02752725
v -0.03014981 0.01301687 -0.02756760
v -0.02967129 0.01324147 -0.02740807
v -0.02964004 0.01303813 -0.02729017
v -0.03001160 0.01250760 -0.02729017
v -0.03021364 0.01246745 -0.02740824
v -0.02987194 0.01259418 -0.02722688
v -0.02975453 0.01272293 -0.02720340
v -0.02967347 0.01287781 -0.02722703
v -0.03150641 0.01434524 -0.02729017
v -0.03130404 0.01438539 -0.02740843
v -0.03164609 0.01425864 -0.02722687
v -0.03137084 0.01383837 -0.02756587
v -0.03176348 0.01412991 -0.02720340
v -0.03165732 0.01333068 -0.02759230
v -0.03174555 0.01343254 -0.02752725
v -0.03184671 0.01361134 -0.02740809
v -0.03187796 0.01381471 -0.02729017
v -0.03184441 0.01397534 -0.02722694
v -0.03043545 0.01250768 -0.02753788
v -0.03054767 0.01255208 -0.02759504
v -0.03112751 0.01290617 -0.02773680
v -0.03039606 0.01395057 -0.02773680
v -0.03097611 0.01430335 -0.02759230
v -0.03108351 0.01434548 -0.02753736
v -0.03261898 0.00959455 -0.02759504
v -0.03252636 0.00948815 -0.02752725
v -0.03290371 0.00908472 -0.02756760
v -0.03242518 0.00930932 -0.02740807
v -0.03239394 0.00910597 -0.02729017
v -0.03276550 0.00857545 -0.02729017
v -0.03296754 0.00853530 -0.02740824
v -0.03262583 0.00866203 -0.02722688
v -0.03250843 0.00879078 -0.02720340
v -0.03242737 0.00894566 -0.02722703
v -0.03426030 0.01041309 -0.02729017
v -0.03405794 0.01045324 -0.02740843
v -0.03439999 0.01032649 -0.02722687
v -0.03412473 0.00990622 -0.02756587
v -0.03451738 0.01019776 -0.02720340
v -0.03441122 0.00939853 -0.02759230
v -0.03449944 0.00950039 -0.02752725
v -0.03460061 0.00967919 -0.02740809
v -0.03463186 0.00988256 -0.02729017
v -0.03459831 0.01004319 -0.02722694
v -0.03318935 0.00857553 -0.02753788
v -0.03330157 0.00861993 -0.02759504
v -0.03388141 0.00897402 -0.02773680
v -0.03314995 0.01001842 -0.02773680
v -0.03373001 0.01037120 -0.02759230
v -0.03383741 0.01041333 -0.02753736
v -0.02779377 0.01648423 -0.02452576
v -0.02766212 0.01643355 -0.02459355
v -0.02741198 0.01692608 -0.02455319
v -0.02745948 0.01639960 -0.02471272
v -0.02725770 0.01643975 -0.02483062
v -0.02688614 0.01697028 -0.02483062
v -0.02691748 0.01717388 -0.02471256
v -0.02691977 0.01680943 -0.02489392
v -0.02700063 0.01665508 -0.02491740
v -0.02711847 0.01652597 -0.02489377
v -0.02912407 0.01774687 -0.02483062
v -0.02909262 0.01754297 -0.02471237
v -0.02909043 0.01790774 -0.02489393
v -0.02860139 0.01779273 -0.02455493
v -0.02900958 0.01806206 -0.02491740
v -0.02822221 0.01823550 -0.02452850
v -0.02834809 0.01828359 -0.02459355
v -0.02855070 0.01831754 -0.02471271
v -0.02875251 0.01827739 -0.02483062
v -0.02889200 0.01819096 -0.02489386
v -0.02703111 0.01736856 -0.02458292
v -0.02711119 0.01745885 -0.02452576
v -0.02764216 0.01788272 -0.02438400
v -0.02837361 0.01683832 -0.02438400
v -0.02890343 0.01726283 -0.02452850
v -0.02897973 0.01734936 -0.02458344
v -0.03054767 0.01255208 -0.02452576
v -0.03041602 0.01250140 -0.02459355
v -0.03016588 0.01299393 -0.02455319
v -0.03021338 0.01246745 -0.02471272
v -0.03001160 0.01250760 -0.02483062
v -0.02964004 0.01303813 -0.02483062
v -0.02967138 0.01324173 -0.02471256
v -0.02967367 0.01287728 -0.02489392
v -0.02975453 0.01272293 -0.02491740
v -0.02987237 0.01259382 -0.02489377
v -0.03187796 0.01381471 -0.02483062
v -0.03184652 0.01361081 -0.02471237
v -0.03184433 0.01397559 -0.02489393
v -0.03135529 0.01386057 -0.02455493
v -0.03176348 0.01412991 -0.02491740
v -0.03097611 0.01430335 -0.02452850
v -0.03110199 0.01435144 -0.02459355
v -0.03130460 0.01438539 -0.02471271
v -0.03150641 0.01434524 -0.02483062
v -0.03164589 0.01425881 -0.02489386
v -0.02978500 0.01343641 -0.02458292
v -0.02986509 0.01352670 -0.02452576
v -0.03039606 0.01395057 -0.02438400
v -0.03112751 0.01290617 -0.02438400
v -0.03165732 0.01333068 -0.02452850
v -0.03173363 0.01341721 -0.02458344
v -0.03330157 0.00861993 -0.02452576
v -0.03316991 0.00856925 -0.02459355
v -0.03291978 0.00906178 -0.02455319
v -0.03296727 0.00853530 -0.02471272
v -0.03276550 0.00857545 -0.02483062
v -0.03239394 0.00910597 -0.02483062
v -0.03242528 0.00930957 -0.02471256
v -0.03242756 0.00894513 -0.02489392
v -0.03250843 0.00879078 -0.02491740
v -0.03262627 0.00866167 -0.02489377
v -0.03463186 0.00988256 -0.02483062
v -0.03460041 0.00967866 -0.02471237
v -0.03459822 0.01004344 -0.02489393
v -0.03410919 0.00992842 -0.02455493
v -0.03451738 0.01019776 -0.02491740
v -0.03373001 0.01037120 -0.02452850
v -0.03385589 0.01041929 -0.02459355
v -0.03405850 0.01045324 -0.02471271
v -0.03426030 0.01041309 -0.02483062
v -0.03439979 0.01032665 -0.02489386
v -0.03253890 0.00950426 -0.02458292
v -0.03261898 0.00959455 -0.02452576
v -0.03314995 0.01001842 -0.02438400
v -0.03388141 0.00897402 -0.02438400
v -0.03441122 0.00939853 -0.02452850
v -0.03448753 0.00948506 -0.02458344
v -0.02505171 0.01890039 -0.02538572
v -0.02512674 0.01891142 -0.02524882
v -0.02540744 0.01844029 -0.02532647
v -0.02527509 0.01890735 -0.02506336
v -0.02545693 0.01885323 -0.02492112
v -0.02582849 0.01832271 -0.02492112
v -0.02581714 0.01813310 -0.02506358
v -0.02579369 0.01848273 -0.02485639
v -0.02571379 0.01863775 -0.02483408
v -0.02559498 0.01876619 -0.02485654
v -0.02545693 0.01885323 -0.02719968
v -0.02527461 0.01890742 -0.02705696
v -0.02559544 0.01876581 -0.02726442
v -0.02542466 0.01841871 -0.02679787
v -0.02571379 0.01863775 -0.02728672
v -0.02573585 0.01792832 -0.02674129
v -0.02577030 0.01799252 -0.02687198
v -0.02581718 0.01813330 -0.02705742
v -0.02582849 0.01832271 -0.02719968
v -0.02579377 0.01848251 -0.02726435
v -0.02576504 0.01798150 -0.02526833
v -0.02573428 0.01792577 -0.02538572
v -0.02564261 0.01780956 -0.02606380
v -0.02491116 0.01885396 -0.02606380
v -0.02505464 0.01890099 -0.02674129
v -0.02511518 0.01891030 -0.02685343
v -0.02780560 0.01496824 -0.02538572
v -0.02788064 0.01497927 -0.02524882
v -0.02816133 0.01450814 -0.02532647
v -0.02802899 0.01497520 -0.02506336
v -0.02821083 0.01492108 -0.02492112
v -0.02858238 0.01439055 -0.02492112
v -0.02857104 0.01420095 -0.02506358
v -0.02854759 0.01455058 -0.02485639
v -0.02846768 0.01470560 -0.02483408
v -0.02834888 0.01483404 -0.02485654
v -0.02821083 0.01492108 -0.02719968
v -0.02802850 0.01497527 -0.02705696
v -0.02834934 0.01483366 -0.02726442
v -0.02817856 0.01448656 -0.02679787
v -0.02846768 0.01470560 -0.02728672
v -0.02848975 0.01399617 -0.02674129
v -0.02852420 0.01406037 -0.02687198
v -0.02857108 0.01420115 -0.02705742
v -0.02858238 0.01439055 -0.02719968
v -0.02854766 0.01455036 -0.02726435
v -0.02851894 0.01404935 -0.02526833
v -0.02848818 0.01399362 -0.02538572
v -0.02839651 0.01387741 -0.02606380
v -0.02766506 0.01492181 -0.02606380
v -0.02780853 0.01496884 -0.02674129
v -0.02786908 0.01497815 -0.02685343
v -0.03055950 0.01103609 -0.02538572
v -0.03063454 0.01104712 -0.02524882
v -0.03091523 0.01057599 -0.02532647
v -0.03078289 0.01104305 -0.02506336
v -0.03096472 0.01098893 -0.02492112
v -0.03133628 0.01045840 -0.02492112
v -0.03132493 0.01026880 -0.02506358
v -0.03130148 0.01061843 -0.02485639
v -0.03122158 0.01077345 -0.02483408
v -0.03110278 0.01090189 -0.02485654
v -0.03096472 0.01098893 -0.02719968
v -0.03078240 0.01104312 -0.02705696
v -0.03110324 0.01090151 -0.02726442
v -0.03093245 0.01055441 -0.02679787
v -0.03122158 0.01077345 -0.02728672
v -0.03124364 0.01006402 -0.02674129
v -0.03127810 0.01012822 -0.02687198
v -0.03132498 0.01026900 -0.02705742
v -0.03133628 0.01045840 -0.02719968
v -0.03130156 0.01061821 -0.02726435
v -0.03127283 0.01011720 -0.02526833
v -0.03124208 0.01006147 -0.02538572
v -0.03115040 0.00994526 -0.02606380
v -0.03041895 0.01098966 -0.02606380
v -0.03056243 0.01103669 -0.02674129
v -0.03062297 0.01104600 -0.02685343
v -0.03375400 0.01182175 -0.02673957
v -0.03389667 0.01186861 -0.02606012
v -0.03316521 0.01291302 -0.02606040
v -0.03372914 0.01181718 -0.02533156
v -0.03307228 0.01279476 -0.02538073
v -0.03334186 0.01230469 -0.02525841
v -0.03300905 0.01265802 -0.02514163
v -0.03302466 0.01221220 -0.02484942
v -0.03298424 0.01235893 -0.02490045
v -0.03297812 0.01249667 -0.02498296
v -0.03360346 0.01180903 -0.02514140
v -0.03344144 0.01183511 -0.02498296
v -0.03331405 0.01188797 -0.02490043
v -0.03319002 0.01197609 -0.02484942
v -0.03309407 0.01208478 -0.02483408
v -0.03305961 0.01277316 -0.02678924
v -0.03338549 0.01224256 -0.02686220
v -0.03360343 0.01180903 -0.02697943
v -0.03319002 0.01197609 -0.02727138
v -0.03331406 0.01188796 -0.02722036
v -0.03344144 0.01183511 -0.02713784
v -0.03300896 0.01265776 -0.02697950
v -0.03297812 0.01249667 -0.02713784
v -0.03298428 0.01235864 -0.02722048
v -0.03302466 0.01221220 -0.02727138
v -0.03309396 0.01208493 -0.02728672
v -0.03062958 0.01623639 -0.02679689
v -0.03093890 0.01574444 -0.02685317
v -0.03100010 0.01575390 -0.02673957
v -0.03022544 0.01633202 -0.02492112
v -0.03023676 0.01652149 -0.02506345
v -0.03026024 0.01617197 -0.02485638
v -0.03064515 0.01621394 -0.02532364
v -0.03034014 0.01601698 -0.02483408
v -0.03099987 0.01575385 -0.02538073
v -0.03092718 0.01574331 -0.02524882
v -0.03077878 0.01574739 -0.02506331
v -0.03059699 0.01580149 -0.02492112
v -0.03045854 0.01588887 -0.02485640
v -0.03041132 0.01684517 -0.02606040
v -0.03031838 0.01672691 -0.02538073
v -0.03028869 0.01667281 -0.02526759
v -0.03034014 0.01601698 -0.02728672
v -0.03045848 0.01588891 -0.02726442
v -0.03077931 0.01574731 -0.02705696
v -0.03059699 0.01580149 -0.02719968
v -0.03028362 0.01666221 -0.02687198
v -0.03023675 0.01652143 -0.02705741
v -0.03022544 0.01633202 -0.02719968
v -0.03026015 0.01617223 -0.02726435
v -0.03031851 0.01672712 -0.02673957
v -0.03114277 0.01580076 -0.02606012
v -0.02824621 0.01968605 -0.02673957
v -0.02838887 0.01973291 -0.02606012
v -0.02765742 0.02077732 -0.02606040
v -0.02822134 0.01968148 -0.02533156
v -0.02756448 0.02065906 -0.02538073
v -0.02783407 0.02016899 -0.02525841
v -0.02750126 0.02052232 -0.02514163
v -0.02751686 0.02007650 -0.02484942
v -0.02747644 0.02022323 -0.02490045
v -0.02747032 0.02036097 -0.02498296
v -0.02809567 0.01967333 -0.02514140
v -0.02793365 0.01969941 -0.02498296
v -0.02780626 0.01975227 -0.02490043
v -0.02768222 0.01984039 -0.02484942
v -0.02758627 0.01994908 -0.02483408
v -0.02755182 0.02063746 -0.02678924
v -0.02787770 0.02010687 -0.02686220
v -0.02809564 0.01967333 -0.02697943
v -0.02768222 0.01984039 -0.02727138
v -0.02780627 0.01975226 -0.02722036
v -0.02793365 0.01969941 -0.02713784
v -0.02750117 0.02052206 -0.02697950
v -0.02747032 0.02036097 -0.02713784
v -0.02747649 0.02022294 -0.02722048
v -0.02751686 0.02007650 -0.02727138
v -0.02758617 0.01994923 -0.02728672
v -0.03374441 0.00751673 -0.02769683
v -0.03606605 0.00914270 -0.02606040
v -0.03601331 0.00910576 -0.02557134
v -0.03585869 0.00899747 -0.02511560
v -0.03529217 0.00860071 -0.02769683
v -0.03561272 0.00882521 -0.02472426
v -0.03529217 0.00860071 -0.02442397
v -0.03491888 0.00833928 -0.02423519
v -0.03451829 0.00805872 -0.02417081
v -0.03411770 0.00777817 -0.02423519
v -0.03374441 0.00751673 -0.02442397
v -0.03342386 0.00729223 -0.02472426
v -0.03317789 0.00711997 -0.02511560
v -0.03302328 0.00701168 -0.02557134
v -0.03297054 0.00697475 -0.02606040
v -0.03342386 0.00729223 -0.02739654
v -0.03317789 0.00711997 -0.02700520
v -0.03302328 0.00701168 -0.02654946
v -0.03491888 0.00833928 -0.02788560
v -0.03451829 0.00805872 -0.02794999
v -0.03411770 0.00777817 -0.02788560
v -0.03601331 0.00910576 -0.02654946
v -0.03585869 0.00899747 -0.02700520
v -0.03561272 0.00882521 -0.02739654
v -0.02763355 0.01788910 -0.02864485
v -0.02657509 0.01714781 -0.02829860
v -0.02869200 0.01863039 -0.02829860
v -0.02610713 0.01682007 -0.02785110
v -0.02915996 0.01895813 -0.02785110
v -0.02662421 0.01570664 -0.02752725
v -0.02642111 0.01577095 -0.02733530
v -0.02636031 0.01580970 -0.02729091
v -0.02623793 0.01591406 -0.02722596
v -0.02985364 0.01786245 -0.02785110
v -0.02689969 0.01579364 -0.02785110
v -0.03002956 0.01809160 -0.02752725
v -0.03003856 0.01830444 -0.02733530
v -0.03002256 0.01837613 -0.02729017
v -0.02996677 0.01852533 -0.02722601
v -0.02942336 0.01903666 -0.02752725
v -0.02959829 0.01897335 -0.02734864
v -0.02967008 0.01892167 -0.02729096
v -0.02978314 0.01880981 -0.02722576
v -0.02988400 0.01867446 -0.02720340
v -0.02594330 0.01659938 -0.02752725
v -0.02594299 0.01641335 -0.02734864
v -0.02596749 0.01632689 -0.02729017
v -0.02603339 0.01618391 -0.02722582
v -0.02612621 0.01604268 -0.02720340
v -0.02837666 0.01682804 -0.02860167
v -0.02941743 0.01755695 -0.02826121
v -0.02733589 0.01609913 -0.02826121
v -0.03038745 0.01395695 -0.02848483
v -0.02939453 0.01326155 -0.02816002
v -0.03138037 0.01465234 -0.02816002
v -0.02904872 0.01301937 -0.02785110
v -0.03172617 0.01489453 -0.02785110
v -0.02954130 0.01188879 -0.02752725
v -0.02940418 0.01191309 -0.02739752
v -0.02926423 0.01198418 -0.02729017
v -0.02920932 0.01202471 -0.02725750
v -0.02902778 0.01221395 -0.02720340
v -0.02984488 0.01199546 -0.02785110
v -0.03241624 0.01379632 -0.02785110
v -0.03262027 0.01404515 -0.02752725
v -0.03264431 0.01418274 -0.02739717
v -0.03262581 0.01433623 -0.02729124
v -0.03260601 0.01440360 -0.02725750
v -0.03201538 0.01499114 -0.02752725
v -0.03214446 0.01496093 -0.02739729
v -0.03227436 0.01488308 -0.02729017
v -0.03231014 0.01485312 -0.02726647
v -0.03249022 0.01463889 -0.02720340
v -0.02888801 0.01245642 -0.02726647
v -0.02887171 0.01250146 -0.02729086
v -0.02884335 0.01264868 -0.02739703
v -0.02885907 0.01278060 -0.02752725
v -0.03113056 0.01289589 -0.02844165
v -0.03210580 0.01357890 -0.02812262
v -0.03015533 0.01221288 -0.02812262
v -0.03406873 0.01067429 -0.02802144
v -0.03314134 0.01002480 -0.02832481
v -0.03427659 0.01081988 -0.02785110
v -0.03221396 0.00937530 -0.02802144
v -0.03200609 0.00922972 -0.02785110
v -0.03246528 0.00807575 -0.02752725
v -0.03232012 0.00809330 -0.02739846
v -0.03217296 0.00816046 -0.02729017
v -0.03204649 0.00825958 -0.02722614
v -0.03193228 0.00838728 -0.02720340
v -0.03280796 0.00820981 -0.02785110
v -0.03496096 0.00971767 -0.02785110
v -0.03520408 0.00999388 -0.02752725
v -0.03523724 0.01013672 -0.02739812
v -0.03522439 0.01029755 -0.02729017
v -0.03517457 0.01045009 -0.02722619
v -0.03460102 0.01094115 -0.02752725
v -0.03473753 0.01091720 -0.02739817
v -0.03487398 0.01084288 -0.02729017
v -0.03499079 0.01073591 -0.02722589
v -0.03509352 0.01060126 -0.02720340
v -0.03184080 0.00852995 -0.02722593
v -0.03178026 0.00867618 -0.02729017
v -0.03175706 0.00882980 -0.02739815
v -0.03178123 0.00896629 -0.02752725
v -0.03388446 0.00896374 -0.02828163
v -0.03479416 0.00960085 -0.02798404
v -0.03297476 0.00832663 -0.02798404
v -0.02941743 0.01755695 -0.02385960
v -0.02837666 0.01682804 -0.02351913
v -0.02985364 0.01786245 -0.02426970
v -0.02733589 0.01609913 -0.02385960
v -0.02689969 0.01579364 -0.02426970
v -0.02594330 0.01659938 -0.02459355
v -0.02594299 0.01641335 -0.02477216
v -0.02596702 0.01632821 -0.02482984
v -0.02603349 0.01618373 -0.02489504
v -0.02915996 0.01895813 -0.02426970
v -0.02610713 0.01682007 -0.02426970
v -0.02942336 0.01903666 -0.02459355
v -0.02959829 0.01897335 -0.02477216
v -0.02967116 0.01892078 -0.02483062
v -0.02978301 0.01880997 -0.02489498
v -0.03002956 0.01809160 -0.02459355
v -0.03003856 0.01830444 -0.02478550
v -0.03002292 0.01837483 -0.02482989
v -0.02996668 0.01852550 -0.02489484
v -0.02988400 0.01867446 -0.02491740
v -0.02662421 0.01570664 -0.02459355
v -0.02642111 0.01577095 -0.02478550
v -0.02635920 0.01581048 -0.02483062
v -0.02623807 0.01591392 -0.02489479
v -0.02612621 0.01604268 -0.02491740
v -0.02763355 0.01788910 -0.02347595
v -0.02869200 0.01863039 -0.02382220
v -0.02657509 0.01714781 -0.02382220
v -0.03210580 0.01357890 -0.02399818
v -0.03113056 0.01289589 -0.02367915
v -0.03241624 0.01379632 -0.02426970
v -0.03015533 0.01221288 -0.02399818
v -0.02984488 0.01199546 -0.02426970
v -0.02885907 0.01278060 -0.02459355
v -0.02884333 0.01264897 -0.02472351
v -0.02887209 0.01250029 -0.02483062
v -0.02888801 0.01245642 -0.02485433
v -0.02902778 0.01221395 -0.02491740
v -0.02904872 0.01301937 -0.02426970
v -0.03172617 0.01489453 -0.02426970
v -0.03201538 0.01499114 -0.02459355
v -0.03214474 0.01496082 -0.02472377
v -0.03227339 0.01488384 -0.02482994
v -0.03231014 0.01485312 -0.02485433
v -0.03262027 0.01404515 -0.02459355
v -0.03264430 0.01418231 -0.02472328
v -0.03262533 0.01433814 -0.02483062
v -0.03260601 0.01440360 -0.02486330
v -0.03249022 0.01463889 -0.02491740
v -0.02920932 0.01202471 -0.02486330
v -0.02926587 0.01198308 -0.02482956
v -0.02940378 0.01191323 -0.02472363
v -0.02954130 0.01188879 -0.02459355
v -0.02939453 0.01326155 -0.02396078
v -0.03038745 0.01395695 -0.02363597
v -0.03138037 0.01465234 -0.02396078
v -0.03479416 0.00960085 -0.02413676
v -0.03388446 0.00896374 -0.02383917
v -0.03496096 0.00971767 -0.02426970
v -0.03297476 0.00832663 -0.02413676
v -0.03280796 0.00820981 -0.02426970
v -0.03178123 0.00896629 -0.02459355
v -0.03175706 0.00882982 -0.02472263
v -0.03178026 0.00867618 -0.02483062
v -0.03184086 0.00852984 -0.02489490
v -0.03193228 0.00838728 -0.02491740
v -0.03200609 0.00922972 -0.02426970
v -0.03427659 0.01081988 -0.02426970
v -0.03460102 0.01094115 -0.02459355
v -0.03473755 0.01091719 -0.02472265
v -0.03487398 0.01084288 -0.02483062
v -0.03499071 0.01073600 -0.02489487
v -0.03520408 0.00999388 -0.02459355
v -0.03523721 0.01013629 -0.02472234
v -0.03522439 0.01029755 -0.02483062
v -0.03517449 0.01045028 -0.02489466
v -0.03509352 0.01060126 -0.02491740
v -0.03204663 0.00825944 -0.02489461
v -0.03217296 0.00816046 -0.02483062
v -0.03231971 0.00809342 -0.02472268
v -0.03246528 0.00807575 -0.02459355
v -0.03221396 0.00937530 -0.02409936
v -0.03314134 0.01002480 -0.02379599
v -0.03406873 0.01067429 -0.02409936
v -0.02409705 0.01829621 -0.02606040
v -0.02438930 0.01850089 -0.02472880
v -0.02438930 0.01850089 -0.02739199
v -0.02481170 0.01879672 -0.02408911
v -0.02481170 0.01879672 -0.02803169
v -0.02577030 0.01799252 -0.02388601
v -0.02582536 0.01818122 -0.02378535
v -0.02582871 0.01832010 -0.02373550
v -0.02579247 0.01848613 -0.02369612
v -0.02571379 0.01863775 -0.02367889
v -0.02555482 0.01773566 -0.02797295
v -0.02555482 0.01773566 -0.02414785
v -0.02577030 0.01799252 -0.02823479
v -0.02582536 0.01818122 -0.02833545
v -0.02582849 0.01832271 -0.02838608
v -0.02579253 0.01848598 -0.02842465
v -0.02512674 0.01891142 -0.02827976
v -0.02530175 0.01890296 -0.02836119
v -0.02545693 0.01885323 -0.02841048
v -0.02559874 0.01876307 -0.02843732
v -0.02571379 0.01863775 -0.02844191
v -0.02559861 0.01876318 -0.02368349
v -0.02545693 0.01885323 -0.02371033
v -0.02530175 0.01890296 -0.02375961
v -0.02512674 0.01891142 -0.02384105
v -0.02516305 0.01746128 -0.02475039
v -0.02487553 0.01725992 -0.02606040
v -0.02516305 0.01746128 -0.02737040
v -0.02698202 0.01445585 -0.02606040
v -0.02725671 0.01464824 -0.02480881
v -0.02725671 0.01464824 -0.02731198
v -0.02756560 0.01486457 -0.02431133
v -0.02756560 0.01486457 -0.02780947
v -0.02854646 0.01455373 -0.02387600
v -0.02858324 0.01437982 -0.02392090
v -0.02857306 0.01421101 -0.02399043
v -0.02852420 0.01406037 -0.02408198
v -0.02830871 0.01380351 -0.02437370
v -0.02830871 0.01380351 -0.02774710
v -0.02852420 0.01406037 -0.02803882
v -0.02857317 0.01421154 -0.02813063
v -0.02858238 0.01439055 -0.02820340
v -0.02854654 0.01455350 -0.02824476
v -0.02788064 0.01497927 -0.02808518
v -0.02818117 0.01493402 -0.02821966
v -0.02821042 0.01492127 -0.02822814
v -0.02835250 0.01483104 -0.02825769
v -0.02846768 0.01470560 -0.02826308
v -0.02788064 0.01497927 -0.02403562
v -0.02818117 0.01493402 -0.02390114
v -0.02821083 0.01492108 -0.02389255
v -0.02835230 0.01483120 -0.02386314
v -0.02846768 0.01470560 -0.02385772
v -0.02803046 0.01360863 -0.02483040
v -0.02776050 0.01341957 -0.02606040
v -0.02803046 0.01360863 -0.02729039
v -0.03012412 0.01079558 -0.02723197
v -0.02986699 0.01061550 -0.02606040
v -0.03031950 0.01093242 -0.02757161
v -0.03012412 0.01079558 -0.02488882
v -0.03031950 0.01093242 -0.02454919
v -0.03127810 0.01012822 -0.02428515
v -0.03132769 0.01028272 -0.02418181
v -0.03133628 0.01045840 -0.02410406
v -0.03128957 0.01064945 -0.02405393
v -0.03122158 0.01077345 -0.02403971
v -0.03106261 0.00987136 -0.02461705
v -0.03106261 0.00987136 -0.02750375
v -0.03127810 0.01012822 -0.02783565
v -0.03132771 0.01028279 -0.02793903
v -0.03133628 0.01045840 -0.02801675
v -0.03128957 0.01064945 -0.02806687
v -0.03063454 0.01104712 -0.02788390
v -0.03079712 0.01104085 -0.02797695
v -0.03096472 0.01098893 -0.02804220
v -0.03111213 0.01089403 -0.02807559
v -0.03122158 0.01077345 -0.02808109
v -0.03111213 0.01089403 -0.02404521
v -0.03096472 0.01098893 -0.02407860
v -0.03079741 0.01104080 -0.02414371
v -0.03063454 0.01104712 -0.02423690
v -0.03089786 0.00975598 -0.02491041
v -0.03064547 0.00957922 -0.02606040
v -0.03089786 0.00975598 -0.02721038
v -0.03416087 0.01204124 -0.02721038
v -0.03441326 0.01221800 -0.02606040
v -0.03399612 0.01192586 -0.02750375
v -0.03416087 0.01204124 -0.02491041
v -0.03399612 0.01192586 -0.02461705
v -0.03370551 0.01330383 -0.02606040
v -0.03344838 0.01312375 -0.02723197
v -0.03344838 0.01312375 -0.02488882
v -0.03325301 0.01298691 -0.02757161
v -0.03325301 0.01298691 -0.02454919
v -0.03305961 0.01277316 -0.02784960
v -0.03297812 0.01249667 -0.02801050
v -0.03302466 0.01221220 -0.02807736
v -0.03344144 0.01183511 -0.02797818
v -0.03319002 0.01197609 -0.02806627
v -0.03372914 0.01181718 -0.02432242
v -0.03372914 0.01181718 -0.02779838
v -0.03344144 0.01183511 -0.02414262
v -0.03318731 0.01197854 -0.02405393
v -0.03297812 0.01249667 -0.02411030
v -0.03302466 0.01221220 -0.02404344
v -0.03305961 0.01277316 -0.02427120
v -0.03152048 0.01605289 -0.02729039
v -0.03179044 0.01624195 -0.02606040
v -0.03124222 0.01585801 -0.02774710
v -0.03152048 0.01605289 -0.02483040
v -0.03124222 0.01585801 -0.02437370
v -0.03080800 0.01713539 -0.02480881
v -0.03108269 0.01732778 -0.02606040
v -0.03049911 0.01691906 -0.02431133
v -0.03080800 0.01713539 -0.02731198
v -0.03049911 0.01691906 -0.02780947
v -0.03028362 0.01666221 -0.02403562
v -0.03028362 0.01666221 -0.02808518
v -0.03022342 0.01636431 -0.02821966
v -0.03022544 0.01633202 -0.02822825
v -0.03026154 0.01616834 -0.02825766
v -0.03034014 0.01601698 -0.02826308
v -0.03045592 0.01589104 -0.02824480
v -0.03060679 0.01579702 -0.02819989
v -0.03076890 0.01574888 -0.02813037
v -0.03092718 0.01574331 -0.02803882
v -0.03092718 0.01574331 -0.02408198
v -0.03076837 0.01574896 -0.02399017
v -0.03059699 0.01580149 -0.02391740
v -0.03045611 0.01589088 -0.02387604
v -0.03022342 0.01636431 -0.02390114
v -0.03022540 0.01633247 -0.02389266
v -0.03026163 0.01616810 -0.02386311
v -0.03034014 0.01601698 -0.02385772
v -0.02888010 0.02006453 -0.02737040
v -0.02916761 0.02026590 -0.02606040
v -0.02848832 0.01979016 -0.02797295
v -0.02888010 0.02006453 -0.02475039
v -0.02848832 0.01979016 -0.02414785
v -0.02816761 0.02114704 -0.02472880
v -0.02845986 0.02135172 -0.02606040
v -0.02774521 0.02085121 -0.02408911
v -0.02816761 0.02114704 -0.02739199
v -0.02774521 0.02085121 -0.02803169
v -0.02755182 0.02063746 -0.02825177
v -0.02747032 0.02036097 -0.02838417
v -0.02751686 0.02007650 -0.02843940
v -0.02793365 0.01969941 -0.02835336
v -0.02768222 0.01984039 -0.02842870
v -0.02822134 0.01968148 -0.02391644
v -0.02793365 0.01969941 -0.02376744
v -0.02822134 0.01968148 -0.02820436
v -0.02751686 0.02007650 -0.02368140
v -0.02768222 0.01984039 -0.02369210
v -0.02747032 0.02036097 -0.02373663
v -0.02755182 0.02063746 -0.02386903
v -0.03610909 0.00922065 -0.02658815
v -0.03594224 0.00910380 -0.02707992
v -0.03567682 0.00891791 -0.02750223
v -0.03533091 0.00867565 -0.02782627
v -0.03492810 0.00839354 -0.02802997
v -0.03449583 0.00809080 -0.02809945
v -0.03406356 0.00778805 -0.02802997
v -0.03366074 0.00750594 -0.02782627
v -0.03331484 0.00726368 -0.02750223
v -0.03304941 0.00707779 -0.02707992
v -0.03288256 0.00696094 -0.02658815
v -0.03282565 0.00692108 -0.02606040
v -0.03288256 0.00696094 -0.02553266
v -0.03304941 0.00707779 -0.02504087
v -0.03331484 0.00726368 -0.02461857
v -0.03366074 0.00750594 -0.02429453
v -0.03406356 0.00778805 -0.02409083
v -0.03449583 0.00809080 -0.02402135
v -0.03492810 0.00839354 -0.02409083
v -0.03533091 0.00867565 -0.02429453
v -0.03567682 0.00891791 -0.02461857
v -0.03594224 0.00910380 -0.02504087
v -0.03610909 0.00922065 -0.02553266
v -0.03616600 0.00926051 -0.02606040
v -0.03613534 0.00937018 -0.02661689
v -0.03595940 0.00924696 -0.02713545
v -0.03567952 0.00905094 -0.02758075
v -0.03531478 0.00879549 -0.02792245
v -0.03489003 0.00849801 -0.02813724
v -0.03443421 0.00817878 -0.02821051
v -0.03397839 0.00785955 -0.02813724
v -0.03355364 0.00756207 -0.02792245
v -0.03318889 0.00730662 -0.02758075
v -0.03290901 0.00711061 -0.02713545
v -0.03273308 0.00698739 -0.02661689
v -0.03267306 0.00694536 -0.02606040
v -0.03273308 0.00698739 -0.02550391
v -0.03290901 0.00711061 -0.02498535
v -0.03318889 0.00730662 -0.02454005
v -0.03355364 0.00756207 -0.02419836
v -0.03397839 0.00785955 -0.02398356
v -0.03443421 0.00817878 -0.02391030
v -0.03489003 0.00849801 -0.02398356
v -0.03531478 0.00879549 -0.02419836
v -0.03567952 0.00905094 -0.02454005
v -0.03595940 0.00924696 -0.02498535
v -0.03613534 0.00937018 -0.02550391
v -0.03619535 0.00941220 -0.02606040
v -0.03608530 0.00951590 -0.02662831
v -0.03590575 0.00939016 -0.02715751
v -0.03562013 0.00919012 -0.02761195
v -0.03524790 0.00892943 -0.02796065
v -0.03481444 0.00862585 -0.02817986
v -0.03434927 0.00830007 -0.02825462
v -0.03388410 0.00797428 -0.02817986
v -0.03345063 0.00767070 -0.02796065
v -0.03307840 0.00741001 -0.02761195
v -0.03279278 0.00720997 -0.02715751
v -0.03261323 0.00708422 -0.02662831
v -0.03255199 0.00704133 -0.02606040
v -0.03261323 0.00708422 -0.02549249
v -0.03279278 0.00720997 -0.02496329
v -0.03307840 0.00741001 -0.02450885
v -0.03345063 0.00767070 -0.02416015
v -0.03388410 0.00797428 -0.02394095
v -0.03434927 0.00830007 -0.02386618
v -0.03481444 0.00862585 -0.02394095
v -0.03524790 0.00892943 -0.02416015
v -0.03562013 0.00919012 -0.02450885
v -0.03590575 0.00939016 -0.02496329
v -0.03608530 0.00951590 -0.02549249
v -0.03614654 0.00955880 -0.02606040
v -0.00574906 -0.02241670 -0.02670525
v -0.00574906 -0.02010730 -0.02670525
v -0.00374906 -0.02357140 -0.02670525
v -0.00374906 -0.01895260 -0.02670525
v -0.00174906 -0.02241670 -0.02670525
v -0.00174906 -0.02010730 -0.02670525
v -0.01653890 -0.01156838 -0.02670525
v -0.01453890 -0.01272308 -0.02670525
v -0.01853890 -0.01272308 -0.02670525
v -0.01453890 -0.01503249 -0.02670525
v -0.01853890 -0.01503249 -0.02670525
v -0.01653890 -0.01618719 -0.02670525
v 0.02028796 0.00507481 -0.02670525
v 0.01828796 0.00622951 -0.02670525
v 0.02228796 0.00622951 -0.02670525
v 0.01828796 0.00853892 -0.02670525
v 0.02228796 0.00853892 -0.02670525
v 0.02028796 0.00969362 -0.02670525
v 0.02028796 -0.00507481 -0.02670525
v 0.02228796 -0.00622951 -0.02670525
v 0.01828796 -0.00622951 -0.02670525
v 0.02228796 -0.00853892 -0.02670525
v 0.01828796 -0.00853892 -0.02670525
v 0.02028796 -0.00969362 -0.02670525
v -0.01453890 0.01503249 -0.02670525
v -0.01453890 0.01272308 -0.02670525
v -0.01653890 0.01618719 -0.02670525
v -0.01653890 0.01156838 -0.02670525
v -0.01853890 0.01503249 -0.02670525
v -0.01853890 0.01272308 -0.02670525
v -0.00174906 0.02241670 -0.02670525
v -0.00174906 0.02010730 -0.02670525
v -0.00374906 0.02357140 -0.02670525
v -0.00374906 0.01895260 -0.02670525
v -0.00574906 0.02241670 -0.02670525
v -0.00574906 0.02010730 -0.02670525
v -0.01750328 0.02451539 -0.02843730
v -0.01825328 0.02408238 -0.02843730
v -0.01750328 0.02538142 -0.02843730
v -0.01900329 0.02451539 -0.02843730
v -0.01825328 0.02581443 -0.02843730
v -0.01900329 0.02538142 -0.02843730
v -0.01098917 0.02894605 -0.02843730
v -0.01173917 0.02851304 -0.02843730
v -0.01098917 0.02981208 -0.02843730
v -0.01248917 0.02894605 -0.02843730
v -0.01173917 0.03024509 -0.02843730
v -0.01248917 0.02981208 -0.02843730
v -0.02730515 0.02068256 -0.02837009
v -0.02621289 0.01991759 -0.02872740
v -0.02512062 0.01915262 -0.02837009
v -0.03028108 0.01410883 -0.02849101
v -0.03200525 0.01531636 -0.02727571
v -0.03227198 0.01550316 -0.02606040
v -0.02928562 0.01341166 -0.02816537
v -0.03127653 0.01480600 -0.02816537
v -0.02855690 0.01290130 -0.02727571
v -0.02829017 0.01271449 -0.02606040
v -0.03028108 0.01410883 -0.02362979
v -0.02621289 0.01991759 -0.02339340
v -0.02512062 0.01915262 -0.02375071
v -0.02730515 0.02068256 -0.02375071
v -0.03200525 0.01531636 -0.02484510
v -0.03127653 0.01480600 -0.02395543
v -0.02855690 0.01290130 -0.02484510
v -0.02928562 0.01341166 -0.02395543
v -0.02432103 0.01859262 -0.02472690
v -0.02402836 0.01838765 -0.02606040
v -0.02432103 0.01859262 -0.02739390
v -0.02810474 0.02124256 -0.02739390
v -0.02839741 0.02144753 -0.02606040
v -0.02810474 0.02124256 -0.02472690
v -0.01230520 0.02905227 -0.02059200
v -0.01206597 0.02881304 -0.02059200
v -0.01173917 0.02937907 -0.02059200
v -0.01173917 0.02872548 -0.02059200
v -0.01141238 0.02881304 -0.02059200
v -0.01206597 0.02994509 -0.02059200
v -0.01230520 0.02970586 -0.02059200
v -0.01239276 0.02937907 -0.02059200
v -0.01117315 0.02970586 -0.02059200
v -0.01141238 0.02994509 -0.02059200
v -0.01173917 0.03003266 -0.02059200
v -0.01117315 0.02905227 -0.02059200
v -0.01108558 0.02937907 -0.02059200
v -0.01881931 0.02462161 -0.02059200
v -0.01858008 0.02438238 -0.02059200
v -0.01825328 0.02494841 -0.02059200
v -0.01825328 0.02429482 -0.02059200
v -0.01792649 0.02438238 -0.02059200
v -0.01858008 0.02551443 -0.02059200
v -0.01881931 0.02527520 -0.02059200
v -0.01890687 0.02494841 -0.02059200
v -0.01768726 0.02527520 -0.02059200
v -0.01792649 0.02551443 -0.02059200
v -0.01825328 0.02560199 -0.02059200
v -0.01768726 0.02462161 -0.02059200
v -0.01759969 0.02494841 -0.02059200
v -0.00574906 -0.02010730 -0.02959200
v -0.00374906 -0.01895260 -0.02959200
v -0.00174906 -0.02010730 -0.02959200
v -0.00174906 -0.02241670 -0.02959200
v -0.00374906 -0.02357140 -0.02959200
v -0.00574906 -0.02241670 -0.02959200
v -0.01653890 -0.01156838 -0.02959200
v -0.01453890 -0.01272308 -0.02959200
v -0.01453890 -0.01503249 -0.02959200
v -0.01653890 -0.01618719 -0.02959200
v -0.01853890 -0.01503249 -0.02959200
v -0.01853890 -0.01272308 -0.02959200
v 0.02028796 0.00507481 -0.02959200
v 0.01828796 0.00622951 -0.02959200
v 0.01828796 0.00853892 -0.02959200
v 0.02028796 0.00969362 -0.02959200
v 0.02228796 0.00853892 -0.02959200
v 0.02228796 0.00622951 -0.02959200
v 0.01828796 -0.00853892 -0.02959200
v 0.01828796 -0.00622951 -0.02959200
v 0.02028796 -0.00507481 -0.02959200
v 0.02228796 -0.00622951 -0.02959200
v 0.02228796 -0.00853892 -0.02959200
v 0.02028796 -0.00969362 -0.02959200
v -0.01453890 0.01503249 -0.02959200
v -0.01453890 0.01272308 -0.02959200
v -0.01653890 0.01156838 -0.02959200
v -0.01853890 0.01272308 -0.02959200
v -0.01853890 0.01503249 -0.02959200
v -0.01653890 0.01618719 -0.02959200
v -0.00174906 0.02010730 -0.02959200
v -0.00374906 0.01895260 -0.02959200
v -0.00574906 0.02010730 -0.02959200
v -0.00574906 0.02241670 -0.02959200
v -0.00374906 0.02357140 -0.02959200
v -0.00174906 0.02241670 -0.02959200
v -0.01750328 0.02451539 -0.02959200
v -0.01750328 0.02538142 -0.02959200
v -0.01825328 0.02408238 -0.02959200
v -0.01900329 0.02451539 -0.02959200
v -0.01900329 0.02538142 -0.02959200
v -0.01825328 0.02581443 -0.02959200
v -0.01098917 0.02894605 -0.02959200
v -0.01098917 0.02981208 -0.02959200
v -0.01173917 0.02851304 -0.02959200
v -0.01248917 0.02894605 -0.02959200
v -0.01248917 0.02981208 -0.02959200
v -0.01173917 0.03024509 -0.02959200
v -0.02225071 0.02092586 -0.02606040
v -0.02254338 0.02113083 -0.02739390
v -0.02334297 0.02169083 -0.02837009
v -0.02443524 0.02245580 -0.02872740
v -0.02552750 0.02322078 -0.02837009
v -0.02632710 0.02378077 -0.02739390
v -0.02661977 0.02398575 -0.02606040
v -0.02632710 0.02378077 -0.02472690
v -0.02552750 0.02322078 -0.02375071
v -0.02443524 0.02245580 -0.02339340
v -0.02334297 0.02169083 -0.02375071
v -0.02254338 0.02113083 -0.02472690
v -0.01173917 0.02837907 -0.02079200
v -0.01223917 0.02851304 -0.02079200
v -0.01260520 0.02887907 -0.02079200
v -0.01273917 0.02937907 -0.02079200
v -0.01260520 0.02987907 -0.02079200
v -0.01223917 0.03024509 -0.02079200
v -0.01173917 0.03037907 -0.02079200
v -0.01123917 0.03024509 -0.02079200
v -0.01087315 0.02987907 -0.02079200
v -0.01073917 0.02937907 -0.02079200
v -0.01087315 0.02887907 -0.02079200
v -0.01123917 0.02851304 -0.02079200
v -0.01825328 0.02394840 -0.02079200
v -0.01875328 0.02408238 -0.02079200
v -0.01911931 0.02444840 -0.02079200
v -0.01925328 0.02494841 -0.02079200
v -0.01911931 0.02544840 -0.02079200
v -0.01875328 0.02581443 -0.02079200
v -0.01825328 0.02594841 -0.02079200
v -0.01775328 0.02581443 -0.02079200
v -0.01738726 0.02544840 -0.02079200
v -0.01725329 0.02494841 -0.02079200
v -0.01738726 0.02444840 -0.02079200
v -0.01775328 0.02408238 -0.02079200
v -0.00249635 -0.02532318 -0.02959200
v -0.00438249 -0.02546453 -0.02959200
v -0.00614317 -0.02477351 -0.02959200
v -0.00085833 -0.02437747 -0.02959200
v 0.00020715 -0.02281470 -0.02959200
v -0.00742967 -0.02338700 -0.02959200
v -0.00798718 -0.02157960 -0.02959200
v 0.00048905 -0.02094440 -0.02959200
v -0.00006846 -0.01913700 -0.02959200
v -0.00135495 -0.01775048 -0.02959200
v -0.00311563 -0.01705947 -0.02959200
v -0.00770528 -0.01970930 -0.02959200
v -0.00663980 -0.01814653 -0.02959200
v -0.00500177 -0.01720081 -0.02959200
v -0.01258269 -0.01232508 -0.02959200
v -0.01230078 -0.01419539 -0.02959200
v -0.02049511 -0.01543048 -0.02959200
v -0.02077702 -0.01356018 -0.02959200
v -0.01285829 -0.01600279 -0.02959200
v -0.01414479 -0.01738930 -0.02959200
v -0.01364817 -0.01076231 -0.02959200
v -0.01528619 -0.00981660 -0.02959200
v -0.02021951 -0.01175278 -0.02959200
v -0.01893301 -0.01036627 -0.02959200
v -0.01717233 -0.00967525 -0.02959200
v -0.01590547 -0.01808031 -0.02959200
v -0.01779161 -0.01793897 -0.02959200
v -0.01942963 -0.01699325 -0.02959200
v 0.02452608 0.00706661 -0.02959200
v 0.01965453 0.01158675 -0.02959200
v 0.02154067 0.01144540 -0.02959200
v 0.02317870 0.01049969 -0.02959200
v 0.02424418 0.00893691 -0.02959200
v 0.01789385 0.01089573 -0.02959200
v 0.01660736 0.00950922 -0.02959200
v 0.01604985 0.00770182 -0.02959200
v 0.01633175 0.00583152 -0.02959200
v 0.02396857 0.00525921 -0.02959200
v 0.02268207 0.00387270 -0.02959200
v 0.02092139 0.00318168 -0.02959200
v 0.01903525 0.00332303 -0.02959200
v 0.01739723 0.00426874 -0.02959200
v 0.02213197 -0.01121333 -0.02959200
v 0.02361075 -0.00473438 -0.02959200
v 0.02213197 -0.00355510 -0.02959200
v 0.02028796 -0.00313421 -0.02959200
v 0.01844396 -0.00355510 -0.02959200
v 0.01696518 -0.00473438 -0.02959200
v 0.02028796 -0.01163421 -0.02959200
v 0.01844396 -0.01121333 -0.02959200
v 0.02443141 -0.00643850 -0.02959200
v 0.02443141 -0.00832993 -0.02959200
v 0.02361075 -0.01003405 -0.02959200
v 0.01696518 -0.01003405 -0.02959200
v 0.01614452 -0.00832993 -0.02959200
v 0.01614452 -0.00643850 -0.02959200
v -0.01321612 0.01122795 -0.02959200
v -0.01469489 0.01004867 -0.02959200
v -0.02068234 0.01293207 -0.02959200
v -0.02068234 0.01482350 -0.02959200
v -0.01653890 0.00962778 -0.02959200
v -0.01838291 0.01004867 -0.02959200
v -0.01986168 0.01122795 -0.02959200
v -0.01239546 0.01293207 -0.02959200
v -0.01239546 0.01482350 -0.02959200
v -0.01986168 0.01652762 -0.02959200
v -0.01838291 0.01770690 -0.02959200
v -0.01653890 0.01812778 -0.02959200
v -0.01469489 0.01770690 -0.02959200
v -0.01321612 0.01652762 -0.02959200
v -0.00614317 0.01775048 -0.02959200
v 0.00020715 0.01970930 -0.02959200
v -0.00085833 0.01814653 -0.02959200
v -0.00249635 0.01720081 -0.02959200
v -0.00438249 0.01705947 -0.02959200
v 0.00048905 0.02157960 -0.02959200
v -0.00006846 0.02338700 -0.02959200
v -0.00135495 0.02477351 -0.02959200
v -0.00311563 0.02546453 -0.02959200
v -0.00500177 0.02532318 -0.02959200
v -0.00663980 0.02437747 -0.02959200
v -0.00742967 0.01913700 -0.02959200
v -0.00798718 0.02094440 -0.02959200
v -0.00770528 0.02281470 -0.02959200
v -0.01660784 0.02399841 -0.02959200
v -0.01730328 0.02330296 -0.02959200
v -0.01825328 0.02684841 -0.02959200
v -0.01730328 0.02659385 -0.02959200
v -0.01660784 0.02589840 -0.02959200
v -0.01635328 0.02494841 -0.02959200
v -0.02015328 0.02494841 -0.02959200
v -0.01989873 0.02589840 -0.02959200
v -0.01920328 0.02659385 -0.02959200
v -0.01825328 0.02304840 -0.02959200
v -0.01920328 0.02330296 -0.02959200
v -0.01989873 0.02399841 -0.02959200
v -0.01009373 0.03032907 -0.02959200
v -0.00983917 0.02937907 -0.02959200
v -0.01338462 0.02842907 -0.02959200
v -0.01173917 0.03127907 -0.02959200
v -0.01078917 0.03102452 -0.02959200
v -0.01363917 0.02937907 -0.02959200
v -0.01338462 0.03032907 -0.02959200
v -0.01268917 0.03102452 -0.02959200
v -0.01009373 0.02842907 -0.02959200
v -0.01078917 0.02773362 -0.02959200
v -0.01173917 0.02747907 -0.02959200
v -0.01268917 0.02773362 -0.02959200
v -0.02570208 0.02334304 -0.02777811
v -0.02502029 0.02286555 -0.02825867
v -0.02423734 0.02231720 -0.02835914
v -0.02348861 0.02179283 -0.02806213
v -0.02502029 0.02286555 -0.02386213
v -0.02570208 0.02334304 -0.02434270
v -0.02616482 0.02366712 -0.02512027
v -0.02632850 0.02378175 -0.02606040
v -0.02616482 0.02366712 -0.02700053
v -0.02290356 0.02138309 -0.02741901
v -0.02258335 0.02115883 -0.02654097
v -0.02258335 0.02115883 -0.02557983
v -0.02290356 0.02138309 -0.02470179
v -0.02348861 0.02179283 -0.02405867
v -0.02423734 0.02231720 -0.02376166
v -0.01173917 0.02837907 -0.02082800
v -0.01223917 0.02851304 -0.02082800
v -0.01260520 0.02887907 -0.02082800
v -0.01273917 0.02937907 -0.02082800
v -0.01260520 0.02987907 -0.02082800
v -0.01223917 0.03024509 -0.02082800
v -0.01173917 0.03037907 -0.02082800
v -0.01123917 0.03024509 -0.02082800
v -0.01087315 0.02987907 -0.02082800
v -0.01073917 0.02937907 -0.02082800
v -0.01087315 0.02887907 -0.02082800
v -0.01123917 0.02851304 -0.02082800
v -0.01825328 0.02394840 -0.02082800
v -0.01875328 0.02408238 -0.02082800
v -0.01911931 0.02444840 -0.02082800
v -0.01925328 0.02494841 -0.02082800
v -0.01911931 0.02544840 -0.02082800
v -0.01875328 0.02581443 -0.02082800
v -0.01825328 0.02594841 -0.02082800
v -0.01775328 0.02581443 -0.02082800
v -0.01738726 0.02544840 -0.02082800
v -0.01725329 0.02494841 -0.02082800
v -0.01738726 0.02444840 -0.02082800
v -0.01775328 0.02408238 -0.02082800
v -0.00374906 -0.01701200 -0.02459200
v -0.00311563 -0.01705947 -0.02459200
v -0.00135495 -0.01775048 -0.02459200
v -0.00006846 -0.01913700 -0.02459200
v 0.00048905 -0.02094440 -0.02459200
v 0.00020715 -0.02281470 -0.02459200
v -0.00085833 -0.02437747 -0.02459200
v -0.00249635 -0.02532318 -0.02459200
v -0.00438249 -0.02546453 -0.02459200
v -0.00614317 -0.02477351 -0.02459200
v -0.00742967 -0.02338700 -0.02459200
v -0.00798718 -0.02157960 -0.02459200
v -0.00770528 -0.01970930 -0.02459200
v -0.00663980 -0.01814653 -0.02459200
v -0.00500177 -0.01720081 -0.02459200
v -0.01653890 -0.00962778 -0.02459200
v -0.01528619 -0.00981660 -0.02459200
v -0.01364817 -0.01076231 -0.02459200
v -0.01258269 -0.01232508 -0.02459200
v -0.01230078 -0.01419539 -0.02459200
v -0.01285829 -0.01600279 -0.02459200
v -0.01414479 -0.01738930 -0.02459200
v -0.01590547 -0.01808031 -0.02459200
v -0.01779161 -0.01793897 -0.02459200
v -0.01942963 -0.01699325 -0.02459200
v -0.02049511 -0.01543048 -0.02459200
v -0.02077702 -0.01356018 -0.02459200
v -0.02021951 -0.01175278 -0.02459200
v -0.01893301 -0.01036627 -0.02459200
v -0.01717233 -0.00967525 -0.02459200
v 0.02028796 0.01163421 -0.02459200
v 0.02154067 0.01144540 -0.02459200
v 0.02317870 0.01049969 -0.02459200
v 0.02424418 0.00893691 -0.02459200
v 0.02452608 0.00706661 -0.02459200
v 0.02396857 0.00525921 -0.02459200
v 0.02268207 0.00387270 -0.02459200
v 0.02092139 0.00318168 -0.02459200
v 0.01903525 0.00332303 -0.02459200
v 0.01739723 0.00426874 -0.02459200
v 0.01633175 0.00583152 -0.02459200
v 0.01604985 0.00770182 -0.02459200
v 0.01660736 0.00950922 -0.02459200
v 0.01789385 0.01089573 -0.02459200
v 0.01965453 0.01158675 -0.02459200
v 0.02028796 -0.01163421 -0.02459200
v 0.02213197 -0.01121333 -0.02459200
v 0.02361075 -0.01003405 -0.02459200
v 0.02443141 -0.00832993 -0.02459200
v 0.02443141 -0.00643850 -0.02459200
v 0.02361075 -0.00473438 -0.02459200
v 0.02213197 -0.00355510 -0.02459200
v 0.02028796 -0.00313421 -0.02459200
v 0.01844396 -0.00355510 -0.02459200
v 0.01696518 -0.00473438 -0.02459200
v 0.01614452 -0.00643850 -0.02459200
v 0.01614452 -0.00832993 -0.02459200
v 0.01696518 -0.01003405 -0.02459200
v 0.01844396 -0.01121333 -0.02459200
v -0.01653890 0.01812778 -0.02459200
v -0.01838291 0.01770690 -0.02459200
v -0.01986168 0.01652762 -0.02459200
v -0.02068234 0.01482350 -0.02459200
v -0.02068234 0.01293207 -0.02459200
v -0.01986168 0.01122795 -0.02459200
v -0.01838291 0.01004867 -0.02459200
v -0.01653890 0.00962778 -0.02459200
v -0.01469489 0.01004867 -0.02459200
v -0.01321612 0.01122795 -0.02459200
v -0.01239546 0.01293207 -0.02459200
v -0.01239546 0.01482350 -0.02459200
v -0.01321612 0.01652762 -0.02459200
v -0.01469489 0.01770690 -0.02459200
v -0.00374906 0.02551200 -0.02459200
v -0.00311563 0.02546453 -0.02459200
v -0.00135495 0.02477351 -0.02459200
v -0.00006846 0.02338700 -0.02459200
v 0.00048905 0.02157960 -0.02459200
v 0.00020715 0.01970930 -0.02459200
v -0.00085833 0.01814653 -0.02459200
v -0.00249635 0.01720081 -0.02459200
v -0.00438249 0.01705947 -0.02459200
v -0.00614317 0.01775048 -0.02459200
v -0.00742967 0.01913700 -0.02459200
v -0.00798718 0.02094440 -0.02459200
v -0.00770528 0.02281470 -0.02459200
v -0.00663980 0.02437747 -0.02459200
v -0.00500177 0.02532318 -0.02459200
v -0.01825328 0.02684841 -0.02759200
v -0.01920328 0.02659385 -0.02759200
v -0.01989873 0.02589840 -0.02759200
v -0.02015328 0.02494841 -0.02759200
v -0.01989873 0.02399841 -0.02759200
v -0.01920328 0.02330296 -0.02759200
v -0.01825328 0.02304840 -0.02759200
v -0.01730328 0.02330296 -0.02759200
v -0.01660784 0.02399841 -0.02759200
v -0.01635328 0.02494841 -0.02759200
v -0.01660784 0.02589840 -0.02759200
v -0.01730328 0.02659385 -0.02759200
v -0.01173917 0.03127907 -0.02759200
v -0.01268917 0.03102452 -0.02759200
v -0.01338462 0.03032907 -0.02759200
v -0.01363917 0.02937907 -0.02759200
v -0.01338462 0.02842907 -0.02759200
v -0.01268917 0.02773362 -0.02759200
v -0.01173917 0.02747907 -0.02759200
v -0.01078917 0.02773362 -0.02759200
v -0.01009373 0.02842907 -0.02759200
v -0.00983917 0.02937907 -0.02759200
v -0.01009373 0.03032907 -0.02759200
v -0.01078917 0.03102452 -0.02759200
v -0.02423595 0.02232804 -0.02831080
v -0.02500244 0.02286485 -0.02821245
v -0.02497622 0.02288009 -0.02817326
v -0.02293022 0.02141356 -0.02473036
v -0.02261675 0.02119402 -0.02558994
v -0.02263396 0.02123969 -0.02559850
v -0.02612290 0.02364957 -0.02514004
v -0.02566989 0.02333230 -0.02437881
v -0.02563152 0.02333903 -0.02440943
v -0.02612290 0.02364957 -0.02698076
v -0.02628314 0.02376179 -0.02606040
v -0.02494561 0.02290896 -0.02397372
v -0.02497622 0.02288009 -0.02394754
v -0.02500244 0.02286485 -0.02390835
v -0.02350405 0.02184905 -0.02413644
v -0.02422369 0.02235306 -0.02385097
v -0.02423595 0.02232804 -0.02381000
v -0.02263239 0.02128888 -0.02651657
v -0.02263396 0.02123969 -0.02652230
v -0.02261675 0.02119402 -0.02653086
v -0.02350405 0.02184905 -0.02798436
v -0.02294173 0.02145523 -0.02736622
v -0.02293022 0.02141356 -0.02739044
v -0.02559279 0.02336222 -0.02769091
v -0.02563152 0.02333903 -0.02771137
v -0.02566989 0.02333230 -0.02774199
v -0.02607628 0.02365053 -0.02696401
v -0.02623360 0.02376071 -0.02606040
v -0.02607628 0.02365053 -0.02515679
v -0.02420241 0.02238846 -0.02387835
v -0.02349169 0.02189070 -0.02416028
v -0.02293634 0.02150176 -0.02477076
v -0.02350297 0.02181469 -0.02410076
v -0.02294173 0.02145523 -0.02475458
v -0.02263239 0.02128888 -0.02560423
v -0.02293634 0.02150176 -0.02735004
v -0.02349169 0.02189070 -0.02796052
v -0.02420241 0.02238846 -0.02824245
v -0.02350297 0.02181469 -0.02802004
v -0.02422369 0.02235306 -0.02826983
v -0.02494561 0.02290896 -0.02814708
v -0.02603204 0.02366985 -0.02695281
v -0.02618742 0.02377866 -0.02606040
v -0.02603204 0.02366985 -0.02516799
v -0.02559279 0.02336222 -0.02442989
v -0.02525700 0.02318638 -0.02416865
v -0.02491529 0.02294706 -0.02398291
v -0.02436239 0.02255983 -0.02387600
v -0.02257315 0.02130673 -0.02606040
v -0.02261225 0.02133412 -0.02560624
v -0.02281286 0.02147461 -0.02496820
v -0.02291486 0.02154605 -0.02477644
v -0.02346777 0.02193328 -0.02416865
v -0.02417536 0.02242884 -0.02388797
v -0.02261225 0.02133412 -0.02651456
v -0.02281286 0.02147461 -0.02715260
v -0.02525700 0.02318638 -0.02795215
v -0.02491529 0.02294706 -0.02813789
v -0.02436239 0.02255983 -0.02824480
v -0.02417536 0.02242884 -0.02823283
v -0.02346777 0.02193328 -0.02795215
v -0.02291486 0.02154605 -0.02734436
v -0.02555962 0.02339831 -0.02768373
v -0.02591190 0.02364504 -0.02715260
v -0.02555962 0.02339831 -0.02443707
v -0.02591190 0.02364504 -0.02496820
v -0.02599693 0.02370459 -0.02517192
v -0.02615162 0.02381293 -0.02606040
v -0.02599693 0.02370459 -0.02694887
v -0.02136778 0.03145095 -0.02082800
v -0.01140509 0.03252787 -0.02082800
v -0.02089841 0.02028887 -0.02082800
v -0.02672248 0.02436778 -0.02082800
v -0.02697599 0.02466996 -0.02082800
v -0.02704445 0.02505842 -0.02082800
v -0.02264191 0.03102770 -0.02082800
v -0.02362720 0.03011570 -0.02082800
v -0.02690950 0.02542906 -0.02082800
v -0.01378025 0.02566100 -0.02082800
v -0.01027331 0.03244627 -0.02082800
v -0.00924251 0.03197189 -0.02082800
v -0.00525165 0.02917688 -0.02082800
v -0.01754615 0.02324897 -0.02082800
v -0.00968949 0.02746809 -0.02082800
v -0.00537030 0.02862764 -0.02082800
v -0.00512177 0.02893385 -0.02082800
v -0.00515768 0.02907088 -0.02082800
v -0.00515169 0.02879539 -0.02082800
v -0.00524096 0.02868540 -0.02082800
v -0.00476263 -0.01649353 -0.02459200
v -0.00661452 -0.01731804 -0.02459200
v -0.00797094 -0.01882450 -0.02459200
v -0.00859736 -0.02075242 -0.02459200
v -0.00838546 -0.02276846 -0.02459200
v -0.00737190 -0.02452401 -0.02459200
v -0.00573191 -0.02571553 -0.02459200
v -0.00374906 -0.02613700 -0.02459200
v -0.00176622 -0.02571553 -0.02459200
v -0.00012623 -0.02452401 -0.02459200
v 0.00088734 -0.02276846 -0.02459200
v 0.00109923 -0.02075242 -0.02459200
v 0.00047281 -0.01882450 -0.02459200
v -0.00088361 -0.01731804 -0.02459200
v -0.00273549 -0.01649353 -0.02459200
v -0.01169061 -0.01336821 -0.02459200
v -0.01231703 -0.01144028 -0.02459200
v -0.01367345 -0.00993383 -0.02459200
v -0.01552533 -0.00910931 -0.02459200
v -0.01190250 -0.01538424 -0.02459200
v -0.01291607 -0.01713980 -0.02459200
v -0.01455606 -0.01833132 -0.02459200
v -0.01653890 -0.01875279 -0.02459200
v -0.01852174 -0.01833132 -0.02459200
v -0.02016173 -0.01713980 -0.02459200
v -0.02117530 -0.01538424 -0.02459200
v -0.02138719 -0.01336821 -0.02459200
v -0.02076077 -0.01144028 -0.02459200
v -0.01940435 -0.00993383 -0.02459200
v -0.01755247 -0.00910931 -0.02459200
v 0.02513626 0.00789379 -0.02459200
v 0.02450984 0.00982171 -0.02459200
v 0.02315342 0.01132817 -0.02459200
v 0.02130153 0.01215268 -0.02459200
v 0.02492436 0.00587776 -0.02459200
v 0.02391079 0.00412220 -0.02459200
v 0.02227080 0.00293068 -0.02459200
v 0.02028796 0.00250921 -0.02459200
v 0.01830512 0.00293068 -0.02459200
v 0.01666513 0.00412220 -0.02459200
v 0.01565156 0.00587776 -0.02459200
v 0.01543967 0.00789379 -0.02459200
v 0.01606609 0.00982171 -0.02459200
v 0.01742251 0.01132817 -0.02459200
v 0.01927439 0.01215268 -0.02459200
v 0.01742251 -0.00344026 -0.02459200
v 0.01927439 -0.00261575 -0.02459200
v 0.02130153 -0.00261575 -0.02459200
v 0.02315342 -0.00344026 -0.02459200
v 0.02450984 -0.00494671 -0.02459200
v 0.02513626 -0.00687464 -0.02459200
v 0.02492436 -0.00889067 -0.02459200
v 0.02391079 -0.01064623 -0.02459200
v 0.02227080 -0.01183775 -0.02459200
v 0.02028796 -0.01225922 -0.02459200
v 0.01830512 -0.01183775 -0.02459200
v 0.01666513 -0.01064623 -0.02459200
v 0.01565156 -0.00889067 -0.02459200
v 0.01543967 -0.00687464 -0.02459200
v 0.01606609 -0.00494671 -0.02459200
v -0.01940435 0.01782174 -0.02459200
v -0.01755247 0.01864625 -0.02459200
v -0.01552533 0.01864625 -0.02459200
v -0.01367345 0.01782174 -0.02459200
v -0.01231703 0.01631529 -0.02459200
v -0.01169061 0.01438736 -0.02459200
v -0.01190250 0.01237133 -0.02459200
v -0.01291607 0.01061577 -0.02459200
v -0.01455606 0.00942425 -0.02459200
v -0.01653890 0.00900278 -0.02459200
v -0.01852174 0.00942425 -0.02459200
v -0.02016173 0.01061577 -0.02459200
v -0.02117530 0.01237133 -0.02459200
v -0.02138719 0.01438736 -0.02459200
v -0.02076077 0.01631529 -0.02459200
v -0.00476263 0.02603047 -0.02459200
v -0.00661452 0.02520596 -0.02459200
v -0.00797094 0.02369950 -0.02459200
v -0.00859736 0.02177158 -0.02459200
v -0.00838546 0.01975554 -0.02459200
v -0.00737190 0.01799999 -0.02459200
v -0.00573191 0.01680847 -0.02459200
v -0.00374906 0.01638700 -0.02459200
v -0.00176622 0.01680847 -0.02459200
v -0.00012623 0.01799999 -0.02459200
v 0.00088734 0.01975554 -0.02459200
v 0.00109923 0.02177158 -0.02459200
v 0.00047281 0.02369950 -0.02459200
v -0.00088361 0.02520596 -0.02459200
v -0.00273549 0.02603047 -0.02459200
v -0.00949937 -0.01944552 -0.02971800
v -0.01004697 -0.01999312 -0.02971800
v -0.01079500 -0.01869749 -0.02971800
v -0.01079500 -0.02019355 -0.02971800
v -0.01154303 -0.01999312 -0.02971800
v -0.01004697 -0.01740186 -0.02971800
v -0.00949937 -0.01794946 -0.02971800
v -0.00929894 -0.01869749 -0.02971800
v -0.01209063 -0.01794946 -0.02971800
v -0.01154303 -0.01740186 -0.02971800
v -0.01079500 -0.01720143 -0.02971800
v -0.01209063 -0.01944552 -0.02971800
v -0.01229106 -0.01869749 -0.02971800
v 0.02288563 -0.00074803 -0.02971800
v 0.02233803 -0.00129563 -0.02971800
v 0.02159000 -0.00000000 -0.02971800
v 0.02159000 -0.00149606 -0.02971800
v 0.02084197 -0.00129563 -0.02971800
v 0.02233803 0.00129563 -0.02971800
v 0.02288563 0.00074803 -0.02971800
v 0.02308606 -0.00000000 -0.02971800
v 0.02029437 0.00074803 -0.02971800
v 0.02084197 0.00129563 -0.02971800
v 0.02159000 0.00149606 -0.02971800
v 0.02029437 -0.00074803 -0.02971800
v 0.02009394 -0.00000000 -0.02971800
v 0.01150000 0.01991859 -0.02494639
v 0.01048844 0.01816652 -0.02616200
v 0.00974794 0.01890703 -0.02616200
v 0.01150000 0.01789548 -0.02616200
v 0.00974794 0.02093014 -0.02616200
v 0.01048844 0.02167065 -0.02616200
v 0.00947689 0.01991859 -0.02616200
v 0.01251156 0.02167065 -0.02616200
v 0.01325206 0.02093014 -0.02616200
v 0.01150000 0.02194169 -0.02616200
v 0.01325206 0.01890703 -0.02616200
v 0.01251156 0.01816652 -0.02616200
v 0.01352311 0.01991859 -0.02616200
v -0.02300000 0.00000000 -0.02494639
v -0.02401155 -0.00175206 -0.02616200
v -0.02475207 -0.00101155 -0.02616200
v -0.02300000 -0.00202311 -0.02616200
v -0.02475207 0.00101155 -0.02616200
v -0.02401155 0.00175206 -0.02616200
v -0.02502311 0.00000000 -0.02616200
v -0.02198845 0.00175206 -0.02616200
v -0.02124793 0.00101155 -0.02616200
v -0.02300000 0.00202311 -0.02616200
v -0.02124793 -0.00101155 -0.02616200
v -0.02198845 -0.00175206 -0.02616200
v -0.02097689 0.00000000 -0.02616200
v -0.01935328 0.02304315 -0.02759200
v -0.02015854 0.02384841 -0.02759200
v -0.02045328 0.02494841 -0.02759200
v -0.02015854 0.02604841 -0.02759200
v -0.01935328 0.02685366 -0.02759200
v -0.01825328 0.02714841 -0.02759200
v -0.01715328 0.02685366 -0.02759200
v -0.01634803 0.02604841 -0.02759200
v -0.01605328 0.02494841 -0.02759200
v -0.01634803 0.02384841 -0.02759200
v -0.01715328 0.02304315 -0.02759200
v -0.01825328 0.02274841 -0.02759200
v -0.01364443 0.02827907 -0.02759200
v -0.01393917 0.02937907 -0.02759200
v -0.01364443 0.03047907 -0.02759200
v -0.01283917 0.03128432 -0.02759200
v -0.01173917 0.03157907 -0.02759200
v -0.01063917 0.03128432 -0.02759200
v -0.00983392 0.03047907 -0.02759200
v -0.00953917 0.02937907 -0.02759200
v -0.00983392 0.02827907 -0.02759200
v -0.01063917 0.02747381 -0.02759200
v -0.01173917 0.02717907 -0.02759200
v -0.01283917 0.02747381 -0.02759200
v -0.02428953 0.02266385 -0.02387600
v -0.02518415 0.02329040 -0.02416865
v -0.02583905 0.02374907 -0.02496820
v -0.02607876 0.02391695 -0.02606040
v -0.02583905 0.02374907 -0.02715260
v -0.02518415 0.02329040 -0.02795215
v -0.02428953 0.02266385 -0.02824480
v -0.02339491 0.02203730 -0.02416865
v -0.02296536 0.02173647 -0.02459135
v -0.02274923 0.02156547 -0.02496820
v -0.02259117 0.02141081 -0.02549493
v -0.02254002 0.02135404 -0.02606040
v -0.02259119 0.02141084 -0.02662602
v -0.02274923 0.02156547 -0.02715260
v -0.02296536 0.02173647 -0.02752946
v -0.02339491 0.02203730 -0.02795215
v -0.02089841 0.02028887 -0.02324100
v -0.01754615 0.02324897 -0.02324100
v -0.01378025 0.02566100 -0.02324100
v -0.00968949 0.02746809 -0.02324100
v -0.00537030 0.02862764 -0.02324100
v -0.00524096 0.02868540 -0.02324100
v -0.00515169 0.02879539 -0.02324100
v -0.00512177 0.02893385 -0.02324100
v -0.00515768 0.02907088 -0.02324100
v -0.00525165 0.02917688 -0.02324100
v -0.02672248 0.02436778 -0.02997200
v -0.02697599 0.02466996 -0.02997200
v -0.02704445 0.02505842 -0.02997200
v -0.02690950 0.02542906 -0.02997200
v -0.02296536 0.02173647 -0.02324100
v -0.02296536 0.02173647 -0.02997200
v -0.00551542 0.02936161 -0.02997200
v -0.00924251 0.03197189 -0.02997200
v -0.00551542 0.02936161 -0.02324100
v -0.01140509 0.03252787 -0.02997200
v -0.01027331 0.03244627 -0.02997200
v -0.01311512 0.03234303 -0.02997200
v -0.01499239 0.03214010 -0.02997200
v -0.02136778 0.03145095 -0.02997200
v -0.02122975 0.03146587 -0.02997200
v -0.01570876 0.03206266 -0.02997200
v -0.02362720 0.03011570 -0.02997200
v -0.02264191 0.03102770 -0.02997200
v -0.00374906 -0.02613700 -0.02997200
v -0.00573191 -0.02571553 -0.02997200
v -0.00737190 -0.02452401 -0.02997200
v -0.00838546 -0.02276846 -0.02997200
v -0.00859736 -0.02075242 -0.02997200
v -0.00797094 -0.01882450 -0.02997200
v -0.00661452 -0.01731804 -0.02997200
v -0.00476263 -0.01649353 -0.02997200
v -0.00273549 -0.01649353 -0.02997200
v -0.00088361 -0.01731804 -0.02997200
v 0.00047281 -0.01882450 -0.02997200
v 0.00109923 -0.02075242 -0.02997200
v 0.00088734 -0.02276846 -0.02997200
v -0.00012623 -0.02452401 -0.02997200
v -0.00176622 -0.02571553 -0.02997200
v -0.02035295 -0.01691401 -0.02997200
v -0.02062901 -0.01653044 -0.02997200
v -0.02092052 -0.01601485 -0.02997200
v -0.02117530 -0.01538424 -0.02997200
v -0.02138719 -0.01336821 -0.02997200
v -0.02076077 -0.01144028 -0.02997200
v -0.01940435 -0.00993383 -0.02997200
v -0.01755247 -0.00910931 -0.02997200
v -0.01552533 -0.00910931 -0.02997200
v -0.01367345 -0.00993383 -0.02997200
v -0.01231703 -0.01144028 -0.02997200
v -0.01169061 -0.01336821 -0.02997200
v -0.01190250 -0.01538424 -0.02997200
v -0.01215728 -0.01601485 -0.02997200
v -0.01244878 -0.01653044 -0.02997200
v -0.01272485 -0.01691401 -0.02997200
v -0.01291607 -0.01713980 -0.02997200
v -0.01455606 -0.01833132 -0.02997200
v -0.01653890 -0.01875279 -0.02997200
v -0.01852174 -0.01833132 -0.02997200
v -0.02016173 -0.01713980 -0.02997200
v 0.02028796 0.00250921 -0.02997200
v 0.01830512 0.00293068 -0.02997200
v 0.01666513 0.00412220 -0.02997200
v 0.01565156 0.00587776 -0.02997200
v 0.01543967 0.00789379 -0.02997200
v 0.01606609 0.00982171 -0.02997200
v 0.01742251 0.01132817 -0.02997200
v 0.01927439 0.01215268 -0.02997200
v 0.02130153 0.01215268 -0.02997200
v 0.02315342 0.01132817 -0.02997200
v 0.02450984 0.00982171 -0.02997200
v 0.02513626 0.00789379 -0.02997200
v 0.02492436 0.00587776 -0.02997200
v 0.02391079 0.00412220 -0.02997200
v 0.02227080 0.00293068 -0.02997200
v 0.02028796 -0.01225922 -0.02997200
v 0.01830512 -0.01183775 -0.02997200
v 0.01666513 -0.01064623 -0.02997200
v 0.01565156 -0.00889067 -0.02997200
v 0.01543967 -0.00687464 -0.02997200
v 0.01606609 -0.00494671 -0.02997200
v 0.01742251 -0.00344026 -0.02997200
v 0.01927439 -0.00261575 -0.02997200
v 0.02130153 -0.00261575 -0.02997200
v 0.02315342 -0.00344026 -0.02997200
v 0.02450984 -0.00494671 -0.02997200
v 0.02513626 -0.00687464 -0.02997200
v 0.02492436 -0.00889067 -0.02997200
v 0.02391079 -0.01064623 -0.02997200
v 0.02227080 -0.01183775 -0.02997200
v -0.01653890 0.00900278 -0.02997200
v -0.01852174 0.00942425 -0.02997200
v -0.02016173 0.01061577 -0.02997200
v -0.02117530 0.01237133 -0.02997200
v -0.02138719 0.01438736 -0.02997200
v -0.02076077 0.01631529 -0.02997200
v -0.01940435 0.01782174 -0.02997200
v -0.01755247 0.01864625 -0.02997200
v -0.01552533 0.01864625 -0.02997200
v -0.01367345 0.01782174 -0.02997200
v -0.01231703 0.01631529 -0.02997200
v -0.01169061 0.01438736 -0.02997200
v -0.01190250 0.01237133 -0.02997200
v -0.01291607 0.01061577 -0.02997200
v -0.01455606 0.00942425 -0.02997200
v -0.00374906 0.01638700 -0.02997200
v -0.00573191 0.01680847 -0.02997200
v -0.00737190 0.01799999 -0.02997200
v -0.00838546 0.01975554 -0.02997200
v -0.00859736 0.02177158 -0.02997200
v -0.00797094 0.02369950 -0.02997200
v -0.00661452 0.02520596 -0.02997200
v -0.00476263 0.02603047 -0.02997200
v -0.00273549 0.02603047 -0.02997200
v -0.00088361 0.02520596 -0.02997200
v 0.00047281 0.02369950 -0.02997200
v 0.00109923 0.02177158 -0.02997200
v 0.00088734 0.01975554 -0.02997200
v -0.00012623 0.01799999 -0.02997200
v -0.00176622 0.01680847 -0.02997200
v -0.01079500 -0.02019355 -0.02997200
v -0.01154303 -0.01999312 -0.02997200
v -0.01209063 -0.01944552 -0.02997200
v -0.01229106 -0.01869749 -0.02997200
v -0.01209063 -0.01794946 -0.02997200
v -0.01154303 -0.01740186 -0.02997200
v -0.01079500 -0.01720143 -0.02997200
v -0.01004697 -0.01740186 -0.02997200
v -0.00949937 -0.01794946 -0.02997200
v -0.00929894 -0.01869749 -0.02997200
v -0.00949937 -0.01944552 -0.02997200
v -0.01004697 -0.01999312 -0.02997200
v 0.02159000 -0.00149606 -0.02997200
v 0.02084197 -0.00129563 -0.02997200
v 0.02029437 -0.00074803 -0.02997200
v 0.02009394 -0.00000000 -0.02997200
v 0.02029437 0.00074803 -0.02997200
v 0.02084197 0.00129563 -0.02997200
v 0.02159000 0.00149606 -0.02997200
v 0.02233803 0.00129563 -0.02997200
v 0.02288563 0.00074803 -0.02997200
v 0.02308606 -0.00000000 -0.02997200
v 0.02288563 -0.00074803 -0.02997200
v 0.02233803 -0.00129563 -0.02997200
v 0.01150000 0.01789548 -0.02997200
v 0.01048844 0.01816652 -0.02997200
v 0.00974794 0.01890703 -0.02997200
v 0.00947689 0.01991859 -0.02997200
v 0.00974794 0.02093014 -0.02997200
v 0.01048844 0.02167065 -0.02997200
v 0.01150000 0.02194169 -0.02997200
v 0.01251156 0.02167065 -0.02997200
v 0.01325206 0.02093014 -0.02997200
v 0.01352311 0.01991859 -0.02997200
v 0.01325206 0.01890703 -0.02997200
v 0.01251156 0.01816652 -0.02997200
v -0.02300000 -0.00202311 -0.02997200
v -0.02401155 -0.00175206 -0.02997200
v -0.02475207 -0.00101155 -0.02997200
v -0.02502311 0.00000000 -0.02997200
v -0.02475207 0.00101155 -0.02997200
v -0.02401155 0.00175206 -0.02997200
v -0.02300000 0.00202311 -0.02997200
v -0.02198845 0.00175206 -0.02997200
v -0.02124793 0.00101155 -0.02997200
v -0.02097689 0.00000000 -0.02997200
v -0.02124793 -0.00101155 -0.02997200
v -0.02198845 -0.00175206 -0.02997200
v 0.00390641 -0.00390641 -0.02997200
v 0.00211413 -0.00510397 -0.02997200
v 0.00193708 -0.00435076 -0.02921000
v 0.00336760 -0.00336760 -0.02921000
v 0.00353923 -0.00318673 -0.02921000
v 0.00510397 -0.00211413 -0.02997200
v 0.00439998 -0.00182253 -0.02921000
v 0.00452941 -0.00147169 -0.02921000
v 0.00552450 -0.00000000 -0.02997200
v 0.00476250 -0.00000000 -0.02921000
v 0.00473641 0.00049782 -0.02921000
v 0.00510397 0.00211413 -0.02997200
v 0.00439998 0.00182253 -0.02921000
v 0.00412445 0.00238125 -0.02921000
v 0.00390641 0.00390641 -0.02997200
v 0.00336760 0.00336760 -0.02921000
v 0.00279933 0.00385294 -0.02921000
v 0.00211413 0.00510397 -0.02997200
v 0.00182253 0.00439998 -0.02921000
v 0.00099018 0.00465843 -0.02921000
v 0.00000000 0.00552450 -0.02997200
v 0.00000000 0.00476250 -0.02921000
v -0.00211413 0.00510397 -0.02997200
v -0.00099018 0.00465843 -0.02921000
v -0.00182253 0.00439998 -0.02921000
v -0.00390641 0.00390641 -0.02997200
v -0.00279933 0.00385294 -0.02921000
v -0.00336760 0.00336760 -0.02921000
v -0.00510397 0.00211413 -0.02997200
v -0.00412445 0.00238125 -0.02921000
v -0.00439998 0.00182253 -0.02921000
v -0.00552450 0.00000000 -0.02997200
v -0.00473641 0.00049782 -0.02921000
v -0.00476250 0.00000000 -0.02921000
v -0.00510397 -0.00211413 -0.02997200
v -0.00452941 -0.00147169 -0.02921000
v -0.00439998 -0.00182253 -0.02921000
v -0.00390641 -0.00390641 -0.02997200
v -0.00353923 -0.00318673 -0.02921000
v -0.00336760 -0.00336760 -0.02921000
v -0.00211413 -0.00510397 -0.02997200
v -0.00193708 -0.00435076 -0.02921000
v -0.00182253 -0.00439998 -0.02921000
v -0.00000000 -0.00552450 -0.02997200
v -0.00000000 -0.00476250 -0.02921000
v 0.00182253 -0.00439998 -0.02921000
v -0.01825328 0.02274841 -0.02997200
v -0.01935328 0.02304315 -0.02997200
v -0.02015854 0.02384841 -0.02997200
v -0.02045328 0.02494841 -0.02997200
v -0.02015854 0.02604841 -0.02997200
v -0.01935328 0.02685366 -0.02997200
v -0.01825328 0.02714841 -0.02997200
v -0.01715328 0.02685366 -0.02997200
v -0.01634803 0.02604841 -0.02997200
v -0.01605328 0.02494841 -0.02997200
v -0.01634803 0.02384841 -0.02997200
v -0.01715328 0.02304315 -0.02997200
v -0.01173917 0.02717907 -0.02997200
v -0.01283917 0.02747381 -0.02997200
v -0.01364443 0.02827907 -0.02997200
v -0.01393917 0.02937907 -0.02997200
v -0.01364443 0.03047907 -0.02997200
v -0.01283917 0.03128432 -0.02997200
v -0.01173917 0.03157907 -0.02997200
v -0.01063917 0.03128432 -0.02997200
v -0.00983392 0.03047907 -0.02997200
v -0.00953917 0.02937907 -0.02997200
v -0.00983392 0.02827907 -0.02997200
v -0.01063917 0.02747381 -0.02997200
v -0.00447325 0.02888433 -0.02997200
v -0.00447325 0.02888433 -0.02324100
v -0.00332953 0.02880823 -0.02997200
v -0.00332953 0.02880823 -0.02324100
v -0.00707428 -0.00226616 -0.02997200
v 0.01324132 0.01521311 -0.02997200
v 0.01232626 0.01429805 -0.02997200
v 0.01073411 0.01390363 -0.02997200
v -0.01311512 0.00876431 -0.02997200
v -0.01499239 0.00876431 -0.02997200
v -0.01060154 0.01390363 -0.02997200
v 0.01854263 0.01390363 -0.02997200
v -0.00707428 -0.01688765 -0.02997200
v 0.01446933 0.02513242 -0.02997200
v 0.01446804 0.02234505 -0.02997200
v 0.01073411 0.02234505 -0.02997200
v 0.02725109 0.00991858 -0.02997200
v 0.02412451 0.01390363 -0.02997200
v 0.02511474 0.01450000 -0.02997200
v 0.02900000 -0.00000000 -0.02997200
v 0.02412451 -0.00226616 -0.02997200
v 0.02412451 0.00175958 -0.02997200
v 0.02725109 -0.00991858 -0.02997200
v 0.02763738 -0.00878494 -0.02997200
v -0.02230543 0.02103436 -0.02997200
v -0.02122975 0.02175779 -0.02997200
v -0.02122975 0.02234505 -0.02997200
v -0.02122975 0.02716374 -0.02997200
v -0.02198079 0.02012713 -0.02997200
v -0.02511474 0.01450000 -0.02997200
v -0.02248864 0.01831014 -0.02997200
v -0.02122975 0.01596752 -0.02997200
v -0.02204544 0.01916573 -0.02997200
v -0.02122975 0.02016333 -0.02997200
v -0.02122975 0.00226616 -0.02997200
v -0.02855942 0.00503580 -0.02997200
v -0.02725109 0.00991858 -0.02997200
v -0.02891057 -0.00227568 -0.02997200
v -0.02900000 0.00000000 -0.02997200
v -0.02894604 0.00176833 -0.02997200
v -0.02122975 -0.00226616 -0.02997200
v -0.02221529 -0.01864084 -0.02997200
v -0.02353116 -0.01694947 -0.02997200
v -0.02122975 -0.01688765 -0.02997200
v -0.02381825 -0.01654362 -0.02997200
v -0.01450000 -0.02511474 -0.02997200
v -0.01864084 -0.02221529 -0.02997200
v -0.02122975 -0.01648044 -0.02997200
v -0.02416991 -0.01602546 -0.02997200
v -0.00991858 -0.02725109 -0.02997200
v -0.00897952 -0.02757478 -0.02997200
v -0.00896150 -0.01688765 -0.02997200
v -0.01060154 -0.01688765 -0.02997200
v -0.00710207 -0.02811691 -0.02997200
v -0.00503580 -0.02855942 -0.02997200
v -0.00000000 -0.02900000 -0.02997200
v 0.00134762 -0.02896867 -0.02997200
v 0.00155428 -0.01907388 -0.02997200
v 0.00134011 -0.01688765 -0.02997200
v 0.00188921 -0.02032388 -0.02997200
v 0.00280428 -0.02123894 -0.02997200
v 0.00503580 -0.02855942 -0.02997200
v 0.00405428 -0.02157388 -0.02997200
v 0.00991858 -0.02725109 -0.02997200
v 0.00530428 -0.02123894 -0.02997200
v 0.00621934 -0.02032388 -0.02997200
v 0.00801558 -0.01688765 -0.02997200
v 0.00655428 -0.01907388 -0.02997200
v 0.00621934 -0.01782388 -0.02997200
v 0.01854263 -0.01688765 -0.02997200
v 0.01450000 -0.02511474 -0.02997200
v 0.01446804 -0.01688765 -0.02997200
v 0.01073411 -0.01688765 -0.02997200
v 0.02353116 -0.01694947 -0.02997200
v 0.02221529 -0.01864084 -0.02997200
v 0.01864084 -0.02221529 -0.02997200
v 0.02412451 0.00226616 -0.02997200
v 0.02855942 0.00503580 -0.02997200
v 0.02221529 0.01864084 -0.02997200
v 0.01450000 0.02511474 -0.02997200
v 0.01864084 0.02221529 -0.02997200
v 0.01854263 0.02175779 -0.02997200
v 0.01913322 0.02179266 -0.02997200
v 0.00000000 0.02900000 -0.02997200
v 0.00503580 0.02855942 -0.02997200
v 0.00801558 0.02716374 -0.02997200
v 0.00991858 0.02725109 -0.02997200
v 0.01011323 0.02717945 -0.02997200
v -0.00707428 0.02716374 -0.02997200
v 0.00134011 0.02716374 -0.02997200
v -0.00896150 0.02716374 -0.02997200
v -0.01060154 0.03206266 -0.02997200
v -0.01311512 0.03206266 -0.02997200
v -0.01499239 0.03206266 -0.02997200
v 0.00134011 -0.01648044 -0.02997200
v -0.00707428 -0.01648044 -0.02997200
v -0.02122975 -0.01596752 -0.02997200
v -0.02122975 -0.00977542 -0.02997200
v -0.02511474 -0.01450000 -0.02997200
v -0.01499239 -0.00876431 -0.02997200
v -0.02122975 -0.00876431 -0.02997200
v -0.01060154 -0.01596752 -0.02997200
v -0.01311512 -0.00977542 -0.02997200
v -0.01060154 -0.00977542 -0.02997200
v 0.01854263 0.00226616 -0.02997200
v 0.01446804 0.00226616 -0.02997200
v 0.02511474 -0.01450000 -0.02997200
v 0.02420584 -0.01597114 -0.02997200
v 0.02416991 -0.01602546 -0.02997200
v 0.01854263 -0.01596752 -0.02997200
v 0.01665639 -0.01429805 -0.02997200
v 0.01699132 -0.01304805 -0.02997200
v 0.01665639 -0.01179805 -0.02997200
v 0.01574132 -0.01088298 -0.02997200
v 0.01446804 -0.00301752 -0.02997200
v 0.02884161 -0.00302676 -0.02997200
v 0.02412451 -0.00301752 -0.02997200
v 0.02855942 -0.00503580 -0.02997200
v -0.02122975 0.00876431 -0.02997200
v -0.01499239 0.02016333 -0.02997200
v -0.01311512 0.02016333 -0.02997200
v -0.01060154 0.02016333 -0.02997200
v -0.01060154 0.01596752 -0.02997200
v -0.01060154 0.00876431 -0.02997200
v 0.00134011 0.01596752 -0.02997200
v -0.00707428 0.01596752 -0.02997200
v -0.00896150 0.01596752 -0.02997200
v 0.00801558 0.02234505 -0.02997200
v 0.00134011 0.02234505 -0.02997200
v 0.01199132 -0.01304805 -0.02997200
v 0.01232626 -0.01429805 -0.02997200
v 0.01073411 -0.01596752 -0.02997200
v 0.01324132 -0.01521311 -0.02997200
v 0.01446804 -0.01596752 -0.02997200
v 0.01449132 -0.01554805 -0.02997200
v 0.01574132 -0.01521311 -0.02997200
v 0.01446804 -0.00977542 -0.02997200
v 0.01449132 -0.01054805 -0.02997200
v 0.01073411 -0.00977542 -0.02997200
v 0.01324132 -0.01088298 -0.02997200
v 0.01232626 -0.01179805 -0.02997200
v 0.00530428 -0.01690882 -0.02997200
v 0.00405428 -0.01657388 -0.02997200
v 0.00801558 -0.01648044 -0.02997200
v 0.00280428 -0.01690882 -0.02997200
v 0.00188921 -0.01782388 -0.02997200
v 0.00801558 0.02016333 -0.02997200
v 0.00801558 0.01596752 -0.02997200
v 0.00621934 0.01782388 -0.02997200
v 0.00188921 0.01782388 -0.02997200
v 0.00155428 0.01907388 -0.02997200
v 0.00134011 0.02016333 -0.02997200
v 0.00280428 0.01690882 -0.02997200
v 0.00405428 0.01657388 -0.02997200
v 0.00530428 0.01690882 -0.02997200
v 0.00655428 0.01907388 -0.02997200
v 0.00621934 0.02032388 -0.02997200
v 0.00801558 0.02175779 -0.02997200
v 0.00530428 0.02123894 -0.02997200
v 0.00405428 0.02157388 -0.02997200
v 0.00134011 0.02175779 -0.02997200
v 0.00280428 0.02123894 -0.02997200
v 0.00188921 0.02032388 -0.02997200
v 0.01199132 0.01304805 -0.02997200
v 0.01232626 0.01179805 -0.02997200
v 0.01073411 0.00876431 -0.02997200
v 0.01324132 0.01088298 -0.02997200
v 0.01446804 0.00876431 -0.02997200
v 0.01449132 0.01054805 -0.02997200
v 0.01574132 0.01088298 -0.02997200
v 0.01665639 0.01179805 -0.02997200
v 0.01699132 0.01304805 -0.02997200
v 0.01665639 0.01429805 -0.02997200
v 0.01854263 0.01596752 -0.02997200
v 0.01574132 0.01521311 -0.02997200
v 0.01073411 0.01596752 -0.02997200
v 0.01446804 0.01596752 -0.02997200
v 0.01449132 0.01554805 -0.02997200
v 0.01073411 0.02175779 -0.02997200
v 0.01446804 0.02016333 -0.02997200
v 0.01446804 0.02175779 -0.02997200
v -0.01499239 0.00175958 -0.02997200
v -0.02122975 0.00175958 -0.02997200
v -0.00707428 -0.00876431 -0.02997200
v 0.00134011 -0.00876431 -0.02997200
v -0.00707428 0.00876431 -0.02997200
v 0.00134011 0.00876431 -0.02997200
v 0.00801558 0.00876431 -0.02997200
v 0.00801558 0.00175958 -0.02997200
v -0.01311512 0.02716374 -0.02997200
v -0.01060154 0.02716374 -0.02997200
v -0.01499239 0.02716374 -0.02997200
v -0.01604560 -0.00602583 -0.02997200
v -0.01638054 -0.00477583 -0.02997200
v -0.01499239 -0.00301752 -0.02997200
v -0.02104560 -0.00602583 -0.02997200
v -0.02071067 -0.00727583 -0.02997200
v -0.01979560 -0.00819089 -0.02997200
v -0.01854560 -0.00852583 -0.02997200
v -0.01729560 -0.00819089 -0.02997200
v -0.01638054 -0.00727583 -0.02997200
v -0.01729560 -0.00386077 -0.02997200
v -0.01854560 -0.00352583 -0.02997200
v -0.02122975 -0.00301752 -0.02997200
v -0.01979560 -0.00386077 -0.02997200
v -0.02071067 -0.00477583 -0.02997200
v -0.02725109 -0.00991858 -0.02997200
v -0.02855942 -0.00503580 -0.02997200
v -0.01604560 0.00602583 -0.02997200
v -0.01638054 0.00727583 -0.02997200
v -0.02071067 0.00477583 -0.02997200
v -0.01979560 0.00386077 -0.02997200
v -0.01854560 0.00352583 -0.02997200
v -0.01499239 0.00226616 -0.02997200
v -0.01729560 0.00386077 -0.02997200
v -0.01638054 0.00477583 -0.02997200
v -0.02071067 0.00727583 -0.02997200
v -0.02104560 0.00602583 -0.02997200
v -0.01729560 0.00819089 -0.02997200
v -0.01854560 0.00852583 -0.02997200
v -0.01979560 0.00819089 -0.02997200
v -0.01499239 0.02234505 -0.02997200
v -0.00896150 0.02016333 -0.02997200
v -0.01499239 0.02175779 -0.02997200
v -0.01311512 0.02175779 -0.02997200
v -0.01060154 0.02175779 -0.02997200
v -0.00896150 0.02175779 -0.02997200
v -0.01311512 0.02234505 -0.02997200
v -0.01060154 0.02234505 -0.02997200
v -0.00896150 0.02234505 -0.02997200
v -0.01060154 -0.01648044 -0.02997200
v -0.00896150 -0.01648044 -0.02997200
v -0.01311512 -0.00876431 -0.02997200
v -0.01311512 -0.00301752 -0.02997200
v -0.01060154 -0.00876431 -0.02997200
v -0.01060154 -0.00301752 -0.02997200
v -0.00896150 -0.00876431 -0.02997200
v -0.00896150 -0.00301752 -0.02997200
v -0.00707428 -0.00301752 -0.02997200
v -0.01499239 -0.00226616 -0.02997200
v -0.01311512 -0.00226616 -0.02997200
v -0.01060154 -0.00226616 -0.02997200
v -0.00896150 -0.00226616 -0.02997200
v -0.01311512 0.00175958 -0.02997200
v -0.01060154 0.00175958 -0.02997200
v -0.00896150 0.00175958 -0.02997200
v -0.00707428 0.00175958 -0.02997200
v -0.01311512 0.00226616 -0.02997200
v -0.01060154 0.00226616 -0.02997200
v -0.00896150 0.00226616 -0.02997200
v -0.00707428 0.00226616 -0.02997200
v -0.00896150 0.00876431 -0.02997200
v 0.01076142 0.02692938 -0.02997200
v -0.00896150 -0.01596752 -0.02997200
v -0.00896150 -0.00977542 -0.02997200
v -0.00707428 -0.01596752 -0.02997200
v -0.00707428 -0.00977542 -0.02997200
v 0.00134011 -0.01596752 -0.02997200
v 0.00134011 -0.00977542 -0.02997200
v 0.00801558 -0.01596752 -0.02997200
v 0.00801558 -0.00977542 -0.02997200
v -0.00896150 0.01390363 -0.02997200
v -0.00707428 0.01390363 -0.02997200
v 0.00134011 0.01390363 -0.02997200
v 0.00801558 0.01390363 -0.02997200
v 0.01446804 -0.00876431 -0.02997200
v 0.01073411 -0.00876431 -0.02997200
v 0.00801558 -0.00876431 -0.02997200
v 0.00801558 -0.00301752 -0.02997200
v 0.01073411 -0.00301752 -0.02997200
v 0.00801558 -0.00226616 -0.02997200
v 0.01073411 -0.00226616 -0.02997200
v 0.01446804 -0.00226616 -0.02997200
v 0.01854263 -0.00226616 -0.02997200
v 0.01073411 0.00226616 -0.02997200
v 0.00801558 0.00226616 -0.02997200
v 0.01073411 -0.01648044 -0.02997200
v 0.01446804 -0.01648044 -0.02997200
v 0.01854263 -0.01648044 -0.02997200
v 0.02381825 -0.01654362 -0.02997200
v 0.01854263 0.02016333 -0.02997200
v 0.01854263 0.00175958 -0.02997200
v 0.01446804 0.00175958 -0.02997200
v 0.01073411 0.00175958 -0.02997200
v 0.01616211 0.01118835 -0.02070100
v 0.01665639 0.01179805 -0.02070100
v 0.01699132 0.01304805 -0.02070100
v 0.01665639 0.01429805 -0.02070100
v 0.01574132 0.01521311 -0.02070100
v 0.01449132 0.01554805 -0.02070100
v 0.01324132 0.01521311 -0.02070100
v 0.01281646 0.01490407 -0.02070100
v 0.01232626 0.01429805 -0.02070100
v 0.01199132 0.01304805 -0.02070100
v 0.01232626 0.01179805 -0.02070100
v 0.01324132 0.01088298 -0.02070100
v 0.01449132 0.01054805 -0.02070100
v 0.01574132 0.01088298 -0.02070100
v 0.00649907 0.01855141 -0.02070100
v 0.00655428 0.01907388 -0.02070100
v 0.00621934 0.02032388 -0.02070100
v 0.00530428 0.02123894 -0.02070100
v 0.00405428 0.02157388 -0.02070100
v 0.00280428 0.02123894 -0.02070100
v 0.00188921 0.02032388 -0.02070100
v 0.00160834 0.01959097 -0.02070100
v 0.00155428 0.01907388 -0.02070100
v 0.00188921 0.01782388 -0.02070100
v 0.00280428 0.01690882 -0.02070100
v 0.00405428 0.01657388 -0.02070100
v 0.00530428 0.01690882 -0.02070100
v 0.00621934 0.01782388 -0.02070100
v 0.01616211 -0.01118835 -0.02070100
v 0.01574132 -0.01088298 -0.02070100
v 0.01449132 -0.01054805 -0.02070100
v 0.01324132 -0.01088298 -0.02070100
v 0.01232626 -0.01179805 -0.02070100
v 0.01199132 -0.01304805 -0.02070100
v 0.01232626 -0.01429805 -0.02070100
v 0.01281646 -0.01490407 -0.02070100
v 0.01324132 -0.01521311 -0.02070100
v 0.01449132 -0.01554805 -0.02070100
v 0.01574132 -0.01521311 -0.02070100
v 0.01665639 -0.01429805 -0.02070100
v 0.01699132 -0.01304805 -0.02070100
v 0.01665639 -0.01179805 -0.02070100
v 0.00649907 -0.01855141 -0.02070100
v 0.00621934 -0.01782388 -0.02070100
v 0.00530428 -0.01690882 -0.02070100
v 0.00405428 -0.01657388 -0.02070100
v 0.00280428 -0.01690882 -0.02070100
v 0.00188921 -0.01782388 -0.02070100
v 0.00155428 -0.01907388 -0.02070100
v 0.00160834 -0.01959097 -0.02070100
v 0.00188921 -0.02032388 -0.02070100
v 0.00280428 -0.02123894 -0.02070100
v 0.00405428 -0.02157388 -0.02070100
v 0.00530428 -0.02123894 -0.02070100
v 0.00621934 -0.02032388 -0.02070100
v 0.00655428 -0.01907388 -0.02070100
v -0.01931553 -0.00364734 -0.02070100
v -0.01979560 -0.00386077 -0.02070100
v -0.02071067 -0.00477583 -0.02070100
v -0.02104560 -0.00602583 -0.02070100
v -0.02071067 -0.00727583 -0.02070100
v -0.01979560 -0.00819089 -0.02070100
v -0.01854560 -0.00852583 -0.02070100
v -0.01777044 -0.00840262 -0.02070100
v -0.01729560 -0.00819089 -0.02070100
v -0.01638054 -0.00727583 -0.02070100
v -0.01604560 -0.00602583 -0.02070100
v -0.01638054 -0.00477583 -0.02070100
v -0.01729560 -0.00386077 -0.02070100
v -0.01854560 -0.00352583 -0.02070100
v -0.01777044 0.00840262 -0.02070100
v -0.01854560 0.00852583 -0.02070100
v -0.01979560 0.00819089 -0.02070100
v -0.02071067 0.00727583 -0.02070100
v -0.02104560 0.00602583 -0.02070100
v -0.02071067 0.00477583 -0.02070100
v -0.01979560 0.00386077 -0.02070100
v -0.01931553 0.00364734 -0.02070100
v -0.01854560 0.00352583 -0.02070100
v -0.01729560 0.00386077 -0.02070100
v -0.01638054 0.00477583 -0.02070100
v -0.01604560 0.00602583 -0.02070100
v -0.01638054 0.00727583 -0.02070100
v -0.01729560 0.00819089 -0.02070100
v -0.02230543 0.02103436 -0.02324100
v -0.02248864 0.01831014 -0.02324100
v -0.02204544 0.01916573 -0.02324100
v -0.02198079 0.02012713 -0.02324100
v -0.00503580 0.02855942 -0.02324100
v -0.00991858 0.02725109 -0.02324100
v -0.01450000 0.02511474 -0.02324100
v -0.01864084 0.02221529 -0.02324100
v -0.02221529 0.01864084 -0.02324100
v -0.01450000 0.02511474 -0.00800100
v -0.01864084 0.02221529 -0.00800100
v -0.01890219 0.01916625 -0.00800100
v -0.01150415 -0.01219369 -0.00800100
v -0.01400612 -0.00921197 -0.00800100
v -0.01890219 -0.00953425 -0.00800100
v -0.01854037 -0.00852413 -0.00800100
v -0.01729037 -0.00818920 -0.00800100
v -0.01637531 -0.00727413 -0.00800100
v -0.01979037 -0.00385907 -0.00800100
v -0.01854037 -0.00352413 -0.00800100
v -0.01890219 -0.00000000 -0.00800100
v -0.01729037 -0.00385907 -0.00800100
v -0.01637531 -0.00477413 -0.00800100
v -0.00480797 -0.01605974 -0.00800100
v -0.00838200 -0.01451805 -0.00800100
v 0.00155313 -0.01906850 -0.00800100
v 0.00291104 -0.01650932 -0.00800100
v 0.00405313 -0.01656850 -0.00800100
v 0.00663988 -0.01539297 -0.00800100
v 0.00530313 -0.01690344 -0.00800100
v 0.00930909 -0.01394175 -0.00800100
v 0.00621820 -0.01781850 -0.00800100
v 0.00655313 -0.01906850 -0.00800100
v 0.00991858 -0.02725109 -0.00800100
v 0.00188807 -0.02031850 -0.00800100
v -0.00097474 -0.01673564 -0.00800100
v 0.00188807 -0.01781850 -0.00800100
v 0.00280313 -0.01690344 -0.00800100
v 0.01448724 -0.01054437 -0.00800100
v 0.01573724 -0.01087930 -0.00800100
v 0.01687562 -0.00953425 -0.00800100
v 0.01665230 -0.01179437 -0.00800100
v 0.01698724 -0.01304437 -0.00800100
v 0.01001077 -0.01344679 -0.00800100
v 0.01232217 -0.01179437 -0.00800100
v 0.01284197 -0.01077569 -0.00800100
v 0.01323724 -0.01087930 -0.00800100
v 0.01498086 -0.00752367 -0.00800100
v 0.01864084 -0.02221529 -0.00800100
v 0.01573724 -0.01520943 -0.00800100
v 0.01450000 -0.02511474 -0.00800100
v 0.01448724 -0.01554437 -0.00800100
v 0.01323724 -0.01520943 -0.00800100
v 0.01232217 -0.01429437 -0.00800100
v 0.01198724 -0.01304437 -0.00800100
v 0.01631212 -0.00386604 -0.00800100
v 0.01687562 -0.00000000 -0.00800100
v 0.01676400 -0.00000000 -0.00800100
v 0.01631212 0.00386604 -0.00800100
v 0.01687562 0.00953425 -0.00800100
v 0.01498086 0.00752367 -0.00800100
v 0.01448724 0.01554437 -0.00800100
v 0.01573724 0.01520943 -0.00800100
v 0.01687562 0.01605643 -0.00800100
v 0.01665230 0.01429437 -0.00800100
v 0.01698724 0.01304437 -0.00800100
v 0.00927019 0.01605643 -0.00800100
v 0.01232217 0.01429437 -0.00800100
v 0.01323724 0.01520943 -0.00800100
v 0.01198724 0.01304437 -0.00800100
v 0.01001077 0.01344679 -0.00800100
v 0.01232217 0.01179437 -0.00800100
v 0.01284197 0.01077569 -0.00800100
v 0.00663988 0.01539297 -0.00800100
v 0.00291104 0.01650932 -0.00800100
v 0.01665230 0.01179437 -0.00800100
v 0.01573724 0.01087930 -0.00800100
v 0.01448724 0.01054437 -0.00800100
v 0.01323724 0.01087930 -0.00800100
v 0.00621820 0.01781850 -0.00800100
v 0.00655313 0.01906850 -0.00800100
v 0.00927019 0.01916625 -0.00800100
v 0.00621820 0.02031850 -0.00800100
v -0.00097474 0.01673564 -0.00800100
v -0.00724362 0.01916625 -0.00800100
v -0.00480797 0.01605974 -0.00800100
v -0.00724362 0.01605643 -0.00800100
v -0.00838200 0.01451805 -0.00800100
v 0.00530313 0.01690344 -0.00800100
v 0.00405313 0.01656850 -0.00800100
v 0.00280313 0.01690344 -0.00800100
v -0.01150415 0.01219369 -0.00800100
v -0.01890219 0.01605643 -0.00800100
v -0.01400612 0.00921197 -0.00800100
v -0.01890219 0.00953425 -0.00800100
v -0.01854037 0.00852413 -0.00800100
v -0.01637531 0.00477413 -0.00800100
v -0.01665065 0.00194618 -0.00800100
v -0.01575301 0.00573363 -0.00800100
v -0.01729037 0.00818920 -0.00800100
v -0.01637531 0.00727413 -0.00800100
v -0.01604037 0.00602413 -0.00800100
v -0.01604037 -0.00602413 -0.00800100
v -0.01575301 -0.00573363 -0.00800100
v -0.01665065 -0.00194618 -0.00800100
v -0.01676400 0.00000000 -0.00800100
v 0.00530313 0.02123356 -0.00800100
v 0.00991858 0.02725109 -0.00800100
v 0.00405313 0.02156850 -0.00800100
v 0.00503580 0.02855942 -0.00800100
v 0.00280313 0.02123356 -0.00800100
v 0.00000000 0.02900000 -0.00800100
v 0.00188807 0.02031850 -0.00800100
v -0.00503580 0.02855942 -0.00800100
v 0.00155313 0.01906850 -0.00800100
v 0.02221529 -0.01864084 -0.00800100
v 0.01665230 -0.01429437 -0.00800100
v -0.02070544 -0.00477413 -0.00800100
v -0.02900000 0.00000000 -0.00800100
v -0.02104037 -0.00602413 -0.00800100
v -0.02855942 -0.00503580 -0.00800100
v -0.02070544 -0.00727413 -0.00800100
v -0.02725109 -0.00991858 -0.00800100
v -0.01979037 -0.00818920 -0.00800100
v -0.01729037 0.00385907 -0.00800100
v -0.01854037 0.00352413 -0.00800100
v -0.01979037 0.00385907 -0.00800100
v -0.02070544 0.00477413 -0.00800100
v -0.02855942 0.00503580 -0.00800100
v -0.02104037 0.00602413 -0.00800100
v -0.02725109 0.00991858 -0.00800100
v -0.02070544 0.00727413 -0.00800100
v -0.01979037 0.00818920 -0.00800100
v -0.02511474 -0.01450000 -0.00800100
v 0.00621820 -0.02031850 -0.00800100
v 0.00530313 -0.02123356 -0.00800100
v 0.00503580 -0.02855942 -0.00800100
v 0.00405313 -0.02156850 -0.00800100
v -0.00000000 -0.02900000 -0.00800100
v 0.00280313 -0.02123356 -0.00800100
v -0.00503580 -0.02855942 -0.00800100
v -0.00991858 -0.02725109 -0.00800100
v -0.01450000 -0.02511474 -0.00800100
v -0.01864084 -0.02221529 -0.00800100
v -0.02221529 -0.01864084 -0.00800100
v -0.02221529 0.01864084 -0.00800100
v -0.02511474 0.01450000 -0.00800100
v 0.00188807 0.01781850 -0.00800100
v -0.00991858 0.02725109 -0.00800100
v 0.01450000 0.02511474 -0.00800100
v 0.01864084 0.02221529 -0.00800100
v 0.02855942 0.00503580 -0.00800100
v 0.02725109 0.00991858 -0.00800100
v 0.02511474 0.01450000 -0.00800100
v 0.02221529 0.01864084 -0.00800100
v 0.01687562 0.01916625 -0.00800100
v 0.02511474 -0.01450000 -0.00800100
v 0.02725109 -0.00991858 -0.00800100
v 0.02855942 -0.00503580 -0.00800100
v 0.02900000 -0.00000000 -0.00800100
v 0.00182253 -0.00439998 -0.00076200
v -0.00000000 -0.00476250 -0.00076200
v -0.00182253 -0.00439998 -0.00076200
v -0.00193708 -0.00435076 -0.00076200
v -0.00336760 -0.00336760 -0.00076200
v -0.00353923 -0.00318673 -0.00076200
v -0.00439998 -0.00182253 -0.00076200
v -0.00452941 -0.00147169 -0.00076200
v -0.00476250 0.00000000 -0.00076200
v -0.00473641 0.00049782 -0.00076200
v -0.00439998 0.00182253 -0.00076200
v -0.00412445 0.00238125 -0.00076200
v -0.00336760 0.00336760 -0.00076200
v -0.00279933 0.00385294 -0.00076200
v -0.00182253 0.00439998 -0.00076200
v -0.00099018 0.00465843 -0.00076200
v 0.00000000 0.00476250 -0.00076200
v 0.00099018 0.00465843 -0.00076200
v 0.00182253 0.00439998 -0.00076200
v 0.00279933 0.00385294 -0.00076200
v 0.00336760 0.00336760 -0.00076200
v 0.00412445 0.00238125 -0.00076200
v 0.00439998 0.00182253 -0.00076200
v 0.00473641 0.00049782 -0.00076200
v 0.00476250 -0.00000000 -0.00076200
v 0.00452941 -0.00147169 -0.00076200
v 0.00439998 -0.00182253 -0.00076200
v 0.00353923 -0.00318673 -0.00076200
v 0.00336760 -0.00336760 -0.00076200
v 0.00193708 -0.00435076 -0.00076200
v -0.00176750 0.01488581 -0.00326675
v -0.00376750 0.01373111 -0.00326675
v 0.00023250 0.01373111 -0.00326675
v -0.00376750 0.01142170 -0.00326675
v 0.00023250 0.01142170 -0.00326675
v -0.00176750 0.01026700 -0.00326675
v -0.01000774 0.01012830 -0.00326675
v -0.01200774 0.00897360 -0.00326675
v -0.00800774 0.00897360 -0.00326675
v -0.01200774 0.00666420 -0.00326675
v -0.00800774 0.00666420 -0.00326675
v -0.01000774 0.00550950 -0.00326675
v 0.01377524 0.00360280 -0.00326675
v 0.01377524 0.00591220 -0.00326675
v 0.01177523 0.00244810 -0.00326675
v 0.01177523 0.00706691 -0.00326675
v 0.00977524 0.00360280 -0.00326675
v 0.00977524 0.00591220 -0.00326675
v 0.00977524 -0.00360280 -0.00326675
v 0.00977524 -0.00591220 -0.00326675
v 0.01177523 -0.00244810 -0.00326675
v 0.01177523 -0.00706691 -0.00326675
v 0.01377524 -0.00360280 -0.00326675
v 0.01377524 -0.00591220 -0.00326675
v -0.01200774 -0.00666420 -0.00326675
v -0.01200774 -0.00897360 -0.00326675
v -0.01000774 -0.00550950 -0.00326675
v -0.01000774 -0.01012830 -0.00326675
v -0.00800774 -0.00666420 -0.00326675
v -0.00800774 -0.00897360 -0.00326675
v -0.00176750 -0.01026700 -0.00326675
v -0.00376750 -0.01142170 -0.00326675
v 0.00023250 -0.01142170 -0.00326675
v -0.00376750 -0.01373111 -0.00326675
v 0.00023250 -0.01373111 -0.00326675
v -0.00176750 -0.01488581 -0.00326675
v -0.00176750 0.01488581 -0.00038000
v -0.00376750 0.01373111 -0.00038000
v -0.00376750 0.01142170 -0.00038000
v -0.00176750 0.01026700 -0.00038000
v 0.00023250 0.01142170 -0.00038000
v 0.00023250 0.01373111 -0.00038000
v -0.00800774 0.00666420 -0.00038000
v -0.00800774 0.00897360 -0.00038000
v -0.01000774 0.01012830 -0.00038000
v -0.01200774 0.00897360 -0.00038000
v -0.01200774 0.00666420 -0.00038000
v -0.01000774 0.00550950 -0.00038000
v 0.00977524 0.00360280 -0.00038000
v 0.01177523 0.00244810 -0.00038000
v 0.01377524 0.00360280 -0.00038000
v 0.01377524 0.00591220 -0.00038000
v 0.01177523 0.00706691 -0.00038000
v 0.00977524 0.00591220 -0.00038000
v 0.01377524 -0.00591220 -0.00038000
v 0.01377524 -0.00360280 -0.00038000
v 0.01177523 -0.00244810 -0.00038000
v 0.00977524 -0.00360280 -0.00038000
v 0.00977524 -0.00591220 -0.00038000
v 0.01177523 -0.00706691 -0.00038000
v -0.01200774 -0.00897360 -0.00038000
v -0.01000774 -0.01012830 -0.00038000
v -0.00800774 -0.00897360 -0.00038000
v -0.00800774 -0.00666420 -0.00038000
v -0.01000774 -0.00550950 -0.00038000
v -0.01200774 -0.00666420 -0.00038000
v -0.00176750 -0.01026700 -0.00038000
v -0.00376750 -0.01142170 -0.00038000
v -0.00376750 -0.01373111 -0.00038000
v -0.00176750 -0.01488581 -0.00038000
v 0.00023250 -0.01373111 -0.00038000
v 0.00023250 -0.01142170 -0.00038000
v -0.00416161 0.00906489 -0.00038000
v -0.00600561 0.01225880 -0.00038000
v -0.00544811 0.01045140 -0.00038000
v -0.00113407 0.01677893 -0.00038000
v -0.00302021 0.01663759 -0.00038000
v -0.00465823 0.01569187 -0.00038000
v -0.00572371 0.01412910 -0.00038000
v 0.00062661 0.01608792 -0.00038000
v 0.00191311 0.01470140 -0.00038000
v 0.00247062 0.01289401 -0.00038000
v 0.00218872 0.01102370 -0.00038000
v -0.00240093 0.00837387 -0.00038000
v -0.00051479 0.00851522 -0.00038000
v 0.00112324 0.00946093 -0.00038000
v -0.01333052 0.01046873 -0.00038000
v -0.01185174 0.01164802 -0.00038000
v -0.01000774 0.01206890 -0.00038000
v -0.00816373 0.01164802 -0.00038000
v -0.00668495 0.01046873 -0.00038000
v -0.00586429 0.00876461 -0.00038000
v -0.00586429 0.00687319 -0.00038000
v -0.00816373 0.00398978 -0.00038000
v -0.00668495 0.00516907 -0.00038000
v -0.01185174 0.00398978 -0.00038000
v -0.01000774 0.00356890 -0.00038000
v -0.01415118 0.00876461 -0.00038000
v -0.01415118 0.00687319 -0.00038000
v -0.01333052 0.00516907 -0.00038000
v 0.01114180 0.00896003 -0.00038000
v 0.00938112 0.00826902 -0.00038000
v 0.01302794 0.00881869 -0.00038000
v 0.01466597 0.00787297 -0.00038000
v 0.01601335 0.00443990 -0.00038000
v 0.01573145 0.00631020 -0.00038000
v 0.01416935 0.00124599 -0.00038000
v 0.01545584 0.00263250 -0.00038000
v 0.00781902 0.00320480 -0.00038000
v 0.00753712 0.00507511 -0.00038000
v 0.00809463 0.00688250 -0.00038000
v 0.00888450 0.00164203 -0.00038000
v 0.01052253 0.00069632 -0.00038000
v 0.01240866 0.00055497 -0.00038000
v 0.01509802 -0.00210767 -0.00038000
v 0.01361924 -0.00092839 -0.00038000
v 0.00763179 -0.00381179 -0.00038000
v 0.00763179 -0.00570322 -0.00038000
v 0.01177523 -0.00050750 -0.00038000
v 0.00993123 -0.00092839 -0.00038000
v 0.00845245 -0.00210767 -0.00038000
v 0.01591868 -0.00381179 -0.00038000
v 0.01591868 -0.00570322 -0.00038000
v 0.00845245 -0.00740734 -0.00038000
v 0.00993123 -0.00858662 -0.00038000
v 0.01177523 -0.00900750 -0.00038000
v 0.01361924 -0.00858662 -0.00038000
v 0.01509802 -0.00740734 -0.00038000
v -0.01064117 -0.00361637 -0.00038000
v -0.01240185 -0.00430739 -0.00038000
v -0.00875503 -0.00375772 -0.00038000
v -0.00711700 -0.00470343 -0.00038000
v -0.00937431 -0.01202143 -0.00038000
v -0.00761363 -0.01133042 -0.00038000
v -0.00632713 -0.00994390 -0.00038000
v -0.00576962 -0.00813650 -0.00038000
v -0.00605152 -0.00626620 -0.00038000
v -0.01368834 -0.00569390 -0.00038000
v -0.01424585 -0.00750130 -0.00038000
v -0.01396395 -0.00937160 -0.00038000
v -0.01289847 -0.01093437 -0.00038000
v -0.01126045 -0.01188008 -0.00038000
v -0.00240093 -0.01677893 -0.00038000
v -0.00416161 -0.01608792 -0.00038000
v -0.00544811 -0.01470140 -0.00038000
v -0.00600561 -0.01289401 -0.00038000
v -0.00572371 -0.01102370 -0.00038000
v 0.00062661 -0.00906489 -0.00038000
v 0.00247062 -0.01225880 -0.00038000
v 0.00191311 -0.01045140 -0.00038000
v -0.00113407 -0.00837387 -0.00038000
v -0.00302021 -0.00851522 -0.00038000
v -0.00465823 -0.00946093 -0.00038000
v -0.00051479 -0.01663759 -0.00038000
v 0.00112324 -0.01569187 -0.00038000
v 0.00218872 -0.01412910 -0.00038000
v -0.00176750 0.00832640 -0.00538000
v -0.00051479 0.00851522 -0.00538000
v 0.00112324 0.00946093 -0.00538000
v 0.00218872 0.01102370 -0.00538000
v 0.00247062 0.01289401 -0.00538000
v 0.00191311 0.01470140 -0.00538000
v 0.00062661 0.01608792 -0.00538000
v -0.00113407 0.01677893 -0.00538000
v -0.00302021 0.01663759 -0.00538000
v -0.00465823 0.01569187 -0.00538000
v -0.00572371 0.01412910 -0.00538000
v -0.00600561 0.01225880 -0.00538000
v -0.00544811 0.01045140 -0.00538000
v -0.00416161 0.00906489 -0.00538000
v -0.00240093 0.00837387 -0.00538000
v -0.01000774 0.00356890 -0.00538000
v -0.01185174 0.00398978 -0.00538000
v -0.01333052 0.00516907 -0.00538000
v -0.01415118 0.00687319 -0.00538000
v -0.01415118 0.00876461 -0.00538000
v -0.01333052 0.01046873 -0.00538000
v -0.01185174 0.01164802 -0.00538000
v -0.01000774 0.01206890 -0.00538000
v -0.00816373 0.01164802 -0.00538000
v -0.00668495 0.01046873 -0.00538000
v -0.00586429 0.00876461 -0.00538000
v -0.00586429 0.00687319 -0.00538000
v -0.00668495 0.00516907 -0.00538000
v -0.00816373 0.00398978 -0.00538000
v 0.01177523 0.00050750 -0.00538000
v 0.01240866 0.00055497 -0.00538000
v 0.01416935 0.00124599 -0.00538000
v 0.01545584 0.00263250 -0.00538000
v 0.01601335 0.00443990 -0.00538000
v 0.01573145 0.00631020 -0.00538000
v 0.01466597 0.00787297 -0.00538000
v 0.01302794 0.00881869 -0.00538000
v 0.01114180 0.00896003 -0.00538000
v 0.00938112 0.00826902 -0.00538000
v 0.00809463 0.00688250 -0.00538000
v 0.00753712 0.00507511 -0.00538000
v 0.00781902 0.00320480 -0.00538000
v 0.00888450 0.00164203 -0.00538000
v 0.01052253 0.00069632 -0.00538000
v 0.01177523 -0.00900750 -0.00538000
v 0.00993123 -0.00858662 -0.00538000
v 0.00845245 -0.00740734 -0.00538000
v 0.00763179 -0.00570322 -0.00538000
v 0.00763179 -0.00381179 -0.00538000
v 0.00845245 -0.00210767 -0.00538000
v 0.00993123 -0.00092839 -0.00538000
v 0.01177523 -0.00050750 -0.00538000
v 0.01361924 -0.00092839 -0.00538000
v 0.01509802 -0.00210767 -0.00538000
v 0.01591868 -0.00381179 -0.00538000
v 0.01591868 -0.00570322 -0.00538000
v 0.01509802 -0.00740734 -0.00538000
v 0.01361924 -0.00858662 -0.00538000
v -0.01000774 -0.01206890 -0.00538000
v -0.00937431 -0.01202143 -0.00538000
v -0.00761363 -0.01133042 -0.00538000
v -0.00632713 -0.00994390 -0.00538000
v -0.00576962 -0.00813650 -0.00538000
v -0.00605152 -0.00626620 -0.00538000
v -0.00711700 -0.00470343 -0.00538000
v -0.00875503 -0.00375772 -0.00538000
v -0.01064117 -0.00361637 -0.00538000
v -0.01240185 -0.00430739 -0.00538000
v -0.01368834 -0.00569390 -0.00538000
v -0.01424585 -0.00750130 -0.00538000
v -0.01396395 -0.00937160 -0.00538000
v -0.01289847 -0.01093437 -0.00538000
v -0.01126045 -0.01188008 -0.00538000
v -0.00176750 -0.01682640 -0.00538000
v -0.00051479 -0.01663759 -0.00538000
v 0.00112324 -0.01569187 -0.00538000
v 0.00218872 -0.01412910 -0.00538000
v 0.00247062 -0.01225880 -0.00538000
v 0.00191311 -0.01045140 -0.00538000
v 0.00062661 -0.00906489 -0.00538000
v -0.00113407 -0.00837387 -0.00538000
v -0.00302021 -0.00851522 -0.00538000
v -0.00465823 -0.00946093 -0.00538000
v -0.00572371 -0.01102370 -0.00538000
v -0.00600561 -0.01289401 -0.00538000
v -0.00544811 -0.01470140 -0.00538000
v -0.00416161 -0.01608792 -0.00538000
v -0.00240093 -0.01677893 -0.00538000
v 0.02873178 0.00090407 -0.00401751
v 0.02869266 0.00175045 -0.00401751
v 0.02873178 0.00090407 -0.00365116
v 0.02869266 0.00175045 -0.00365116
v 0.02859353 0.00295675 -0.00401751
v 0.02859353 0.00295675 -0.00365116
v 0.02866825 0.00211277 -0.00401751
v 0.02866825 0.00211277 -0.00365116
v 0.02866825 0.00211277 -0.00279635
v 0.02869266 0.00175045 -0.00279635
v 0.02866825 0.00211277 -0.00487231
v 0.02869266 0.00175045 -0.00487231
v 0.02874196 0.00048179 -0.00222648
v 0.02874595 -0.00005280 -0.00222648
v 0.02874130 -0.00051994 -0.00369314
v 0.02873970 -0.00060188 -0.00303041
v 0.02873757 -0.00069626 -0.00317586
v 0.02873614 -0.00075272 -0.00328046
v 0.02873582 -0.00076488 -0.00332404
v 0.02873582 -0.00076512 -0.00333315
v 0.02870593 -0.00151726 -0.00222648
v 0.02867221 -0.00205838 -0.00222648
v 0.02872961 -0.00097055 -0.00303104
v 0.02872652 -0.00105813 -0.00369822
v 0.02873707 -0.00071657 -0.00419949
v 0.02873793 -0.00068118 -0.00425152
v 0.02866020 -0.00221933 -0.00540148
v 0.02869655 -0.00168533 -0.00540148
v 0.02873127 -0.00092014 -0.00427954
v 0.02873512 -0.00079096 -0.00409065
v 0.02873880 0.00064316 -0.00540148
v 0.02874582 0.00010165 -0.00540148
v 0.02873881 -0.00064285 -0.00430880
v -0.02873458 -0.00081034 -0.00385397
v -0.02867780 -0.00197899 -0.00385397
v -0.02873458 -0.00081034 -0.00348763
v -0.02867780 -0.00197899 -0.00348763
v -0.02873852 0.00065591 -0.00364409
v -0.02873762 0.00069425 -0.00370137
v -0.02873546 0.00077818 -0.00461974
v -0.02873674 0.00072963 -0.00375340
v -0.02869578 0.00169837 -0.00255141
v -0.02865919 0.00223236 -0.00255141
v -0.02873085 0.00093320 -0.00367334
v -0.02872603 0.00107119 -0.00425467
v -0.02873475 0.00080402 -0.00386224
v -0.02867127 0.00207142 -0.00572641
v -0.02870524 0.00153031 -0.00572641
v -0.02872917 0.00098361 -0.00492185
v -0.02873580 0.00076578 -0.00467243
v -0.02874106 0.00053300 -0.00425975
v -0.02873547 0.00077794 -0.00462884
v -0.02874593 0.00006587 -0.00572641
v -0.02874218 -0.00046873 -0.00572641
v -0.02873942 0.00061495 -0.00492248
v -0.02873725 0.00070933 -0.00477703
v -0.02874586 -0.00008859 -0.00255141
v -0.02873909 -0.00063009 -0.00255141
v -0.00175276 0.02869251 -0.00489039
v -0.00175276 0.02869251 -0.00403558
v -0.00139017 0.02871237 -0.00489039
v -0.00139017 0.02871237 -0.00403558
v -0.00139017 0.02871237 -0.00281442
v -0.00139017 0.02871237 -0.00366923
v -0.00175276 0.02869251 -0.00281442
v -0.00175276 0.02869251 -0.00366923
v -0.00054336 0.02874086 -0.00366923
v -0.00054336 0.02874086 -0.00403558
v -0.00259762 0.02862839 -0.00366923
v -0.00259762 0.02862839 -0.00403558
v 0.00135690 0.02871396 -0.00363044
v 0.00256445 0.02863138 -0.00546026
v 0.00204099 0.02867345 -0.00546026
v 0.00022828 0.02874509 -0.00546026
v -0.00029688 0.02874447 -0.00546026
v 0.00083843 0.02873377 -0.00448969
v 0.00091342 0.02873148 -0.00363044
v 0.00113583 0.02872355 -0.00401713
v 0.00145577 0.02870912 -0.00452595
v 0.00135690 0.02871396 -0.00228526
v 0.00091342 0.02873148 -0.00228526
v -0.00127635 -0.02871765 -0.00287503
v -0.00127635 -0.02871765 -0.00422021
v -0.00105399 -0.02872667 -0.00460691
v -0.00248413 -0.02863846 -0.00605003
v -0.00196054 -0.02867907 -0.00605003
v -0.00135129 -0.02871422 -0.00507947
v -0.00014764 -0.02874562 -0.00605003
v 0.00037751 -0.02874352 -0.00605003
v -0.00073387 -0.02873663 -0.00511572
v -0.00083282 -0.02873393 -0.00422021
v -0.00083282 -0.02873393 -0.00287503
v 0.00049413 -0.02874175 -0.00417760
v 0.00166334 -0.02869784 -0.00417760
v 0.00049413 -0.02874175 -0.00381125
v 0.00166334 -0.02869784 -0.00381125
v -0.00349333 0.00801711 -0.00538000
v -0.00153596 0.00770691 -0.00538000
v -0.00457793 0.00792921 -0.00538000
v -0.00404552 0.00809521 -0.00538000
v -0.00678734 0.01284417 -0.00538000
v -0.00657888 0.01336143 -0.00538000
v -0.00586884 0.01521167 -0.00538000
v -0.00719730 0.01246609 -0.00538000
v -0.00772971 0.01230009 -0.00538000
v -0.00828190 0.01237819 -0.00538000
v -0.01023928 0.01268840 -0.00538000
v -0.01215839 0.01219387 -0.00538000
v -0.01372208 0.01097632 -0.00538000
v -0.01467193 0.00923698 -0.00538000
v -0.01485097 0.00726328 -0.00538000
v -0.01422961 0.00538140 -0.00538000
v -0.01291054 0.00390235 -0.00538000
v -0.01111174 0.00307055 -0.00538000
v -0.00913050 0.00302348 -0.00538000
v -0.00729423 0.00376890 -0.00538000
v -0.00590640 0.00518363 -0.00538000
v -0.00519636 0.00703387 -0.00538000
v -0.00498790 0.00755113 -0.00538000
v -0.00448101 0.01662640 -0.00538000
v -0.00264473 0.01737183 -0.00538000
v -0.00066349 0.01732475 -0.00538000
v 0.00113530 0.01649296 -0.00538000
v 0.00245438 0.01501390 -0.00538000
v 0.00307573 0.01313203 -0.00538000
v 0.00289669 0.01115833 -0.00538000
v 0.00194684 0.00941898 -0.00538000
v 0.00038315 0.00820144 -0.00538000
v 0.01439460 -0.00000000 -0.00538000
v 0.01451705 0.00054408 -0.00538000
v 0.01486078 0.00098324 -0.00538000
v 0.01610811 0.00252327 -0.00538000
v 0.01663939 0.00443254 -0.00538000
v 0.01636681 0.00639551 -0.00538000
v 0.01533542 0.00808778 -0.00538000
v 0.01371567 0.00922968 -0.00538000
v 0.01177523 0.00963250 -0.00538000
v 0.00903342 -0.00054408 -0.00538000
v 0.00915587 -0.00000000 -0.00538000
v 0.01486078 -0.00098324 -0.00538000
v 0.01451705 -0.00054408 -0.00538000
v 0.00903342 0.00054408 -0.00538000
v 0.00868969 0.00098324 -0.00538000
v 0.00868969 -0.00098324 -0.00538000
v 0.00744236 -0.00252327 -0.00538000
v 0.00691108 -0.00443254 -0.00538000
v 0.00718366 -0.00639551 -0.00538000
v 0.00821505 -0.00808778 -0.00538000
v 0.00983480 -0.00922968 -0.00538000
v 0.01177523 -0.00963250 -0.00538000
v 0.01371567 -0.00922968 -0.00538000
v 0.01533542 -0.00808778 -0.00538000
v 0.01636681 -0.00639551 -0.00538000
v 0.01663939 -0.00443254 -0.00538000
v 0.01610811 -0.00252327 -0.00538000
v 0.00983480 0.00922968 -0.00538000
v 0.00821505 0.00808778 -0.00538000
v 0.00718366 0.00639551 -0.00538000
v 0.00691108 0.00443254 -0.00538000
v 0.00744236 0.00252327 -0.00538000
v -0.00153596 -0.00770691 -0.00538000
v -0.00498790 -0.00755113 -0.00538000
v 0.00038315 -0.00820144 -0.00538000
v 0.00194684 -0.00941898 -0.00538000
v 0.00289669 -0.01115833 -0.00538000
v 0.00307573 -0.01313203 -0.00538000
v -0.00349333 -0.00801711 -0.00538000
v -0.00404552 -0.00809521 -0.00538000
v -0.00457793 -0.00792921 -0.00538000
v 0.00245438 -0.01501390 -0.00538000
v 0.00113530 -0.01649296 -0.00538000
v -0.00066349 -0.01732475 -0.00538000
v -0.00264473 -0.01737183 -0.00538000
v -0.00719730 -0.01246609 -0.00538000
v -0.00678734 -0.01284417 -0.00538000
v -0.00448101 -0.01662640 -0.00538000
v -0.00586884 -0.01521167 -0.00538000
v -0.00657888 -0.01336143 -0.00538000
v -0.00519636 -0.00703387 -0.00538000
v -0.00590640 -0.00518363 -0.00538000
v -0.00729423 -0.00376890 -0.00538000
v -0.00913050 -0.00302348 -0.00538000
v -0.01111174 -0.00307055 -0.00538000
v -0.01291054 -0.00390235 -0.00538000
v -0.01422961 -0.00538140 -0.00538000
v -0.01485097 -0.00726328 -0.00538000
v -0.01467193 -0.00923698 -0.00538000
v -0.01372208 -0.01097632 -0.00538000
v -0.01215839 -0.01219387 -0.00538000
v -0.01023928 -0.01268840 -0.00538000
v -0.00828190 -0.01237819 -0.00538000
v -0.00772971 -0.01230009 -0.00538000
v 0.00574063 -0.00695094 -0.00025400
v 0.00519303 -0.00640334 -0.00025400
v 0.00444500 -0.00769897 -0.00025400
v 0.00444500 -0.00620291 -0.00025400
v 0.00369697 -0.00640334 -0.00025400
v 0.00519303 -0.00899459 -0.00025400
v 0.00574063 -0.00844700 -0.00025400
v 0.00594106 -0.00769897 -0.00025400
v 0.00314937 -0.00844700 -0.00025400
v 0.00369697 -0.00899459 -0.00025400
v 0.00444500 -0.00919503 -0.00025400
v 0.00314937 -0.00695094 -0.00025400
v 0.00294894 -0.00769897 -0.00025400
v -0.00759437 0.00074803 -0.00025400
v -0.00814197 0.00129563 -0.00025400
v -0.00889000 0.00000000 -0.00025400
v -0.00889000 0.00149606 -0.00025400
v -0.00963803 0.00129563 -0.00025400
v -0.00814197 -0.00129563 -0.00025400
v -0.00759437 -0.00074803 -0.00025400
v -0.00739394 0.00000000 -0.00025400
v -0.01018563 -0.00074803 -0.00025400
v -0.00963803 -0.00129563 -0.00025400
v -0.00889000 -0.00149606 -0.00025400
v -0.01018563 0.00074803 -0.00025400
v -0.01038606 0.00000000 -0.00025400
v -0.00984250 0.01704771 -0.00502561
v -0.01085406 0.01879977 -0.00381000
v -0.01159456 0.01805926 -0.00381000
v -0.00984250 0.01907082 -0.00381000
v -0.01159456 0.01603615 -0.00381000
v -0.01085406 0.01529565 -0.00381000
v -0.01186561 0.01704771 -0.00381000
v -0.00883095 0.01529565 -0.00381000
v -0.00809044 0.01603615 -0.00381000
v -0.00984250 0.01502460 -0.00381000
v -0.00809044 0.01805926 -0.00381000
v -0.00883095 0.01879977 -0.00381000
v -0.00781939 0.01704771 -0.00381000
v 0.01968500 -0.00000000 -0.00502561
v 0.01867344 0.00175206 -0.00381000
v 0.01793293 0.00101155 -0.00381000
v 0.01968500 0.00202311 -0.00381000
v 0.01793293 -0.00101155 -0.00381000
v 0.01867344 -0.00175206 -0.00381000
v 0.01766189 -0.00000000 -0.00381000
v 0.02069655 -0.00175206 -0.00381000
v 0.02143706 -0.00101155 -0.00381000
v 0.01968500 -0.00202311 -0.00381000
v 0.02143706 0.00101155 -0.00381000
v 0.02069655 0.00175206 -0.00381000
v 0.02170811 -0.00000000 -0.00381000
v 0.02894618 0.00176592 -0.00487231
v 0.02892157 0.00213143 -0.00487231
v 0.02892157 0.00213143 -0.00401751
v 0.02884619 0.00298288 -0.00401751
v 0.02884619 0.00298288 -0.00365116
v 0.02892157 0.00213143 -0.00365116
v 0.02892157 0.00213143 -0.00279635
v 0.02894618 0.00176592 -0.00279635
v 0.02894618 0.00176592 -0.00365116
v 0.02898565 0.00091205 -0.00365116
v 0.02898565 0.00091205 -0.00401751
v 0.02894618 0.00176592 -0.00401751
v 0.02899982 0.00010255 -0.00540148
v 0.02899274 0.00064884 -0.00540148
v 0.02899526 -0.00052453 -0.00369314
v 0.02900000 -0.00000000 -0.00445681
v 0.02899593 0.00048605 -0.00222648
v 0.02900000 -0.00000000 -0.00293188
v 0.02899995 -0.00005327 -0.00222648
v 0.02900000 -0.00000000 -0.00222648
v 0.02899364 -0.00060720 -0.00303041
v 0.02899149 -0.00070242 -0.00317586
v 0.02899006 -0.00075937 -0.00328046
v 0.02898973 -0.00077164 -0.00332404
v 0.02898973 -0.00077188 -0.00333315
v 0.02898347 -0.00097913 -0.00303104
v 0.02895958 -0.00153066 -0.00222648
v 0.02892556 -0.00207657 -0.00222648
v 0.02898035 -0.00106748 -0.00369822
v 0.02891344 -0.00223894 -0.00540148
v 0.02895012 -0.00170022 -0.00540148
v 0.02898514 -0.00092827 -0.00427954
v 0.02898902 -0.00079795 -0.00409065
v 0.02899099 -0.00072290 -0.00419949
v 0.02899186 -0.00068720 -0.00425152
v 0.02899275 -0.00064853 -0.00430880
v 0.02900000 -0.00000000 -0.00525229
v -0.02898847 -0.00081750 -0.00348763
v -0.02893119 -0.00199648 -0.00348763
v -0.02898847 -0.00081750 -0.00385397
v -0.02893119 -0.00199648 -0.00385397
v -0.02894934 0.00171338 -0.00255141
v -0.02898471 0.00094145 -0.00367334
v -0.02891242 0.00225209 -0.00255141
v -0.02897986 0.00108065 -0.00425467
v -0.02892461 0.00208972 -0.00572641
v -0.02895888 0.00154383 -0.00572641
v -0.02898302 0.00099230 -0.00492185
v -0.02898937 0.00078506 -0.00461974
v -0.02899336 0.00062038 -0.00492248
v -0.02899117 0.00071560 -0.00477703
v -0.02898971 0.00077255 -0.00467243
v -0.02898938 0.00078482 -0.00462884
v -0.02899992 0.00006645 -0.00572641
v -0.02899615 -0.00047287 -0.00572641
v -0.02900000 0.00000000 -0.00572641
v -0.02899501 0.00053771 -0.00425975
v -0.02900000 0.00000000 -0.00504014
v -0.02899303 -0.00063566 -0.00255141
v -0.02900000 0.00000000 -0.00347689
v -0.02899986 -0.00008937 -0.00255141
v -0.02899245 0.00066171 -0.00364409
v -0.02900000 0.00000000 -0.00268142
v -0.02898865 0.00081113 -0.00386224
v -0.02899066 0.00073608 -0.00375340
v -0.02899154 0.00070038 -0.00370137
v -0.00140245 0.02896607 -0.00403558
v -0.00054816 0.02899482 -0.00403558
v -0.00140245 0.02896607 -0.00489039
v -0.00176825 0.02894604 -0.00489039
v -0.00176825 0.02894604 -0.00403558
v -0.00262057 0.02888135 -0.00403558
v -0.00262057 0.02888135 -0.00366923
v -0.00176825 0.02894604 -0.00366923
v -0.00176825 0.02894604 -0.00281442
v -0.00140245 0.02896607 -0.00281442
v -0.00140245 0.02896607 -0.00366923
v -0.00054816 0.02899482 -0.00366923
v 0.00146863 0.02896279 -0.00452595
v 0.00205902 0.02892681 -0.00546026
v 0.00114586 0.02897735 -0.00401713
v 0.00084584 0.02898766 -0.00448969
v 0.00023029 0.02899909 -0.00546026
v -0.00029950 0.02899845 -0.00546026
v 0.00000000 0.02900000 -0.00546026
v 0.00092149 0.02898536 -0.00363044
v 0.00000000 0.02900000 -0.00501146
v 0.00092149 0.02898536 -0.00228526
v 0.00136889 0.02896767 -0.00228526
v 0.00136889 0.02896767 -0.00363044
v 0.00258711 0.02888437 -0.00546026
v -0.00197787 -0.02893247 -0.00605003
v -0.00136323 -0.02896794 -0.00507947
v -0.00106330 -0.02898050 -0.00460691
v -0.00074036 -0.02899055 -0.00511572
v -0.00014894 -0.02899962 -0.00605003
v 0.00038085 -0.02899750 -0.00605003
v -0.00000000 -0.02900000 -0.00605003
v -0.00084018 -0.02898783 -0.00422021
v -0.00000000 -0.02900000 -0.00547934
v -0.00084018 -0.02898783 -0.00287503
v -0.00128763 -0.02897140 -0.00287503
v -0.00128763 -0.02897140 -0.00422021
v -0.00250608 -0.02889151 -0.00605003
v 0.00049850 -0.02899572 -0.00381125
v 0.00167803 -0.02895141 -0.00381125
v 0.00049850 -0.02899572 -0.00417760
v 0.00167803 -0.02895141 -0.00417760
v -0.00519636 0.00703387 0.00000000
v -0.00498790 0.00755113 0.00000000
v -0.00457793 0.00792921 0.00000000
v -0.00404552 0.00809521 0.00000000
v -0.00349333 0.00801711 0.00000000
v -0.00153596 0.00770691 0.00000000
v 0.00038315 0.00820144 0.00000000
v 0.00194684 0.00941898 0.00000000
v 0.00289669 0.01115833 0.00000000
v 0.00307573 0.01313203 0.00000000
v 0.00245438 0.01501390 0.00000000
v 0.00113530 0.01649296 0.00000000
v -0.00066349 0.01732475 0.00000000
v -0.00264473 0.01737183 0.00000000
v -0.00448101 0.01662640 0.00000000
v -0.00586884 0.01521167 0.00000000
v -0.00657888 0.01336143 0.00000000
v -0.00828190 0.01237819 0.00000000
v -0.00772971 0.01230009 0.00000000
v -0.00719730 0.01246609 0.00000000
v -0.00678734 0.01284417 0.00000000
v -0.01023928 0.01268840 0.00000000
v -0.01215839 0.01219387 0.00000000
v -0.01372208 0.01097632 0.00000000
v -0.01467193 0.00923698 0.00000000
v -0.01485097 0.00726328 0.00000000
v -0.01422961 0.00538140 0.00000000
v -0.01291054 0.00390235 0.00000000
v -0.01111174 0.00307055 0.00000000
v -0.00913050 0.00302348 0.00000000
v -0.00729423 0.00376890 0.00000000
v -0.00590640 0.00518363 0.00000000
v 0.01486078 0.00098324 0.00000000
v 0.01451705 0.00054408 0.00000000
v 0.01439460 -0.00000000 0.00000000
v 0.01451705 -0.00054408 0.00000000
v 0.01486078 -0.00098324 0.00000000
v 0.01610811 0.00252327 0.00000000
v 0.01663939 0.00443254 0.00000000
v 0.01636681 0.00639551 0.00000000
v 0.01533542 0.00808778 0.00000000
v 0.01371567 0.00922968 0.00000000
v 0.01177523 0.00963250 0.00000000
v 0.00983480 0.00922968 0.00000000
v 0.00821505 0.00808778 0.00000000
v 0.00718366 0.00639551 0.00000000
v 0.00691108 0.00443254 0.00000000
v 0.00744236 0.00252327 0.00000000
v 0.00868969 0.00098324 0.00000000
v 0.00903342 0.00054408 0.00000000
v 0.00915587 -0.00000000 0.00000000
v 0.00903342 -0.00054408 0.00000000
v 0.00868969 -0.00098324 0.00000000
v 0.00744236 -0.00252327 0.00000000
v 0.00691108 -0.00443254 0.00000000
v 0.00718366 -0.00639551 0.00000000
v 0.00821505 -0.00808778 0.00000000
v 0.00983480 -0.00922968 0.00000000
v 0.01177523 -0.00963250 0.00000000
v 0.01371567 -0.00922968 0.00000000
v 0.01533542 -0.00808778 0.00000000
v 0.01636681 -0.00639551 0.00000000
v 0.01663939 -0.00443254 0.00000000
v 0.01610811 -0.00252327 0.00000000
v -0.00349333 -0.00801711 0.00000000
v -0.00404552 -0.00809521 0.00000000
v -0.00457793 -0.00792921 0.00000000
v -0.00498790 -0.00755113 0.00000000
v -0.00519636 -0.00703387 0.00000000
v -0.00590640 -0.00518363 0.00000000
v -0.00729423 -0.00376890 0.00000000
v -0.00913050 -0.00302348 0.00000000
v -0.01111174 -0.00307055 0.00000000
v -0.01291054 -0.00390235 0.00000000
v -0.01422961 -0.00538140 0.00000000
v -0.01485097 -0.00726328 0.00000000
v -0.01467193 -0.00923698 0.00000000
v -0.01372208 -0.01097632 0.00000000
v -0.01215839 -0.01219387 0.00000000
v -0.01023928 -0.01268840 0.00000000
v -0.00828190 -0.01237819 0.00000000
v -0.00657888 -0.01336143 0.00000000
v -0.00678734 -0.01284417 0.00000000
v -0.00719730 -0.01246609 0.00000000
v -0.00772971 -0.01230009 0.00000000
v -0.00586884 -0.01521167 0.00000000
v -0.00448101 -0.01662640 0.00000000
v -0.00264473 -0.01737183 0.00000000
v -0.00066349 -0.01732475 0.00000000
v 0.00113530 -0.01649296 0.00000000
v 0.00245438 -0.01501390 0.00000000
v 0.00307573 -0.01313203 0.00000000
v 0.00289669 -0.01115833 0.00000000
v 0.00194684 -0.00941898 0.00000000
v 0.00038315 -0.00820144 0.00000000
v -0.00153596 -0.00770691 0.00000000
v 0.00294894 -0.00769897 0.00000000
v 0.00314937 -0.00695094 0.00000000
v 0.00369697 -0.00640334 0.00000000
v 0.00444500 -0.00620291 0.00000000
v 0.00519303 -0.00640334 0.00000000
v 0.00574063 -0.00695094 0.00000000
v 0.00594106 -0.00769897 0.00000000
v 0.00574063 -0.00844700 0.00000000
v 0.00519303 -0.00899459 0.00000000
v 0.00444500 -0.00919503 0.00000000
v 0.00369697 -0.00899459 0.00000000
v 0.00314937 -0.00844700 0.00000000
v -0.01038606 0.00000000 0.00000000
v -0.01018563 0.00074803 0.00000000
v -0.00963803 0.00129563 0.00000000
v -0.00889000 0.00149606 0.00000000
v -0.00814197 0.00129563 0.00000000
v -0.00759437 0.00074803 0.00000000
v -0.00739394 0.00000000 0.00000000
v -0.00759437 -0.00074803 0.00000000
v -0.00814197 -0.00129563 0.00000000
v -0.00889000 -0.00149606 0.00000000
v -0.00963803 -0.00129563 0.00000000
v -0.01018563 -0.00074803 0.00000000
v -0.02900000 0.00000000 -0.00749300
v 0.02900000 -0.00000000 0.00000000
v 0.02889263 0.00249312 0.00000000
v 0.02855942 0.00503580 0.00000000
v 0.02900000 -0.00000000 -0.00749300
v 0.02855942 0.00503580 -0.00749300
v 0.02855942 -0.00503580 -0.00749300
v -0.02855942 0.00503580 -0.00749300
v -0.02900000 0.00000000 0.00000000
v -0.02889263 -0.00249312 0.00000000
v -0.02855942 -0.00503580 -0.00749300
v -0.02855942 -0.00503580 0.00000000
v 0.00503580 0.02855942 -0.00749300
v 0.00000000 0.02900000 -0.00749300
v 0.00000000 0.02900000 0.00000000
v 0.00503580 0.02855942 0.00000000
v -0.00503580 0.02855942 0.00000000
v -0.00503580 0.02855942 -0.00749300
v -0.00000000 -0.02900000 -0.00749300
v -0.00503580 -0.02855942 -0.00749300
v -0.00000000 -0.02900000 0.00000000
v -0.00503580 -0.02855942 0.00000000
v 0.00503580 -0.02855942 0.00000000
v 0.00503580 -0.02855942 -0.00749300
v 0.02855942 -0.00503580 0.00000000
v 0.02725109 -0.00991858 0.00000000
v 0.02725109 -0.00991858 -0.00749300
v 0.02511474 -0.01450000 0.00000000
v 0.02511474 -0.01450000 -0.00749300
v 0.02221529 -0.01864084 0.00000000
v 0.02221529 -0.01864084 -0.00749300
v 0.01864084 -0.02221529 0.00000000
v 0.01864084 -0.02221529 -0.00749300
v 0.01450000 -0.02511474 0.00000000
v 0.01450000 -0.02511474 -0.00749300
v 0.00991858 -0.02725109 0.00000000
v 0.00991858 -0.02725109 -0.00749300
v 0.00928593 0.02747311 -0.00749300
v 0.00991858 0.02725109 0.00000000
v 0.00991858 0.02725109 -0.00749300
v 0.01450000 0.02511474 0.00000000
v 0.01450000 0.02511474 -0.00749300
v 0.01864084 0.02221529 0.00000000
v 0.01864084 0.02221529 -0.00749300
v 0.02221529 0.01864084 0.00000000
v 0.02221529 0.01864084 -0.00749300
v 0.02511474 0.01450000 0.00000000
v 0.02511474 0.01450000 -0.00749300
v 0.02725109 0.00991858 0.00000000
v 0.02725109 0.00991858 -0.00749300
v -0.02881802 0.00324371 0.00000000
v -0.02855942 0.00503580 0.00000000
v -0.02725109 0.00991858 0.00000000
v -0.02725109 0.00991858 -0.00749300
v -0.02511474 0.01450000 0.00000000
v -0.02511474 0.01450000 -0.00749300
v -0.02221529 0.01864084 0.00000000
v -0.02221529 0.01864084 -0.00749300
v -0.01864084 0.02221529 0.00000000
v -0.01864084 0.02221529 -0.00749300
v -0.01450000 0.02511474 0.00000000
v -0.01450000 0.02511474 -0.00749300
v -0.00991858 0.02725109 0.00000000
v -0.00991858 0.02725109 -0.00749300
v -0.00763515 0.02797686 0.00000000
v -0.00991858 -0.02725109 0.00000000
v -0.00991858 -0.02725109 -0.00749300
v -0.01450000 -0.02511474 0.00000000
v -0.01450000 -0.02511474 -0.00749300
v -0.01864084 -0.02221529 0.00000000
v -0.01864084 -0.02221529 -0.00749300
v -0.02221529 -0.01864084 0.00000000
v -0.02221529 -0.01864084 -0.00749300
v -0.02511474 -0.01450000 0.00000000
v -0.02511474 -0.01450000 -0.00749300
v -0.02725109 -0.00991858 0.00000000
v -0.02725109 -0.00991858 -0.00749300
v -0.02760704 -0.00887983 0.00000000
v -0.01854560 0.00852583 -0.00749300
v -0.01854560 0.00852583 0.00000000
v -0.01979560 0.00819089 -0.00749300
v -0.01979560 0.00819089 0.00000000
v -0.02071067 0.00727583 -0.00749300
v -0.02071067 0.00727583 0.00000000
v -0.02104560 0.00602583 -0.00749300
v -0.02104560 0.00602583 0.00000000
v -0.02071067 0.00477583 -0.00749300
v -0.02071067 0.00477583 0.00000000
v -0.01979560 0.00386077 -0.00749300
v -0.01979560 0.00386077 0.00000000
v -0.01854560 0.00352583 -0.00749300
v -0.01854560 0.00352583 0.00000000
v -0.01729560 0.00386077 -0.00749300
v -0.01729560 0.00386077 0.00000000
v -0.01638054 0.00477583 -0.00749300
v -0.01638054 0.00477583 0.00000000
v -0.01604560 0.00602583 -0.00749300
v -0.01604560 0.00602583 0.00000000
v -0.01638054 0.00727583 -0.00749300
v -0.01638054 0.00727583 0.00000000
v -0.01729560 0.00819089 -0.00749300
v -0.01729560 0.00819089 0.00000000
v -0.01854560 -0.00352583 -0.00749300
v -0.01854560 -0.00352583 0.00000000
v -0.01979560 -0.00386077 -0.00749300
v -0.01979560 -0.00386077 0.00000000
v -0.02071067 -0.00477583 -0.00749300
v -0.02071067 -0.00477583 0.00000000
v -0.02104560 -0.00602583 -0.00749300
v -0.02104560 -0.00602583 0.00000000
v -0.02071067 -0.00727583 -0.00749300
v -0.02071067 -0.00727583 0.00000000
v -0.01979560 -0.00819089 -0.00749300
v -0.01979560 -0.00819089 0.00000000
v -0.01854560 -0.00852583 -0.00749300
v -0.01854560 -0.00852583 0.00000000
v -0.01729560 -0.00819089 -0.00749300
v -0.01729560 -0.00819089 0.00000000
v -0.01638054 -0.00727583 -0.00749300
v -0.01638054 -0.00727583 0.00000000
v -0.01604560 -0.00602583 -0.00749300
v -0.01604560 -0.00602583 0.00000000
v -0.01638054 -0.00477583 -0.00749300
v -0.01638054 -0.00477583 0.00000000
v -0.01729560 -0.00386077 -0.00749300
v -0.01729560 -0.00386077 0.00000000
v 0.01449132 0.01554805 -0.00749300
v 0.01449132 0.01554805 0.00000000
v 0.01324132 0.01521311 -0.00749300
v 0.01324132 0.01521311 0.00000000
v 0.01232626 0.01429805 -0.00749300
v 0.01232626 0.01429805 0.00000000
v 0.01199132 0.01304805 -0.00749300
v 0.01199132 0.01304805 0.00000000
v 0.01232626 0.01179805 -0.00749300
v 0.01232626 0.01179805 0.00000000
v 0.01324132 0.01088298 -0.00749300
v 0.01324132 0.01088298 0.00000000
v 0.01449132 0.01054805 -0.00749300
v 0.01449132 0.01054805 0.00000000
v 0.01574132 0.01088298 -0.00749300
v 0.01574132 0.01088298 0.00000000
v 0.01665639 0.01179805 -0.00749300
v 0.01665639 0.01179805 0.00000000
v 0.01699132 0.01304805 -0.00749300
v 0.01699132 0.01304805 0.00000000
v 0.01665639 0.01429805 -0.00749300
v 0.01665639 0.01429805 0.00000000
v 0.01574132 0.01521311 -0.00749300
v 0.01574132 0.01521311 0.00000000
v 0.00405428 0.02157388 -0.00749300
v 0.00405428 0.02157388 0.00000000
v 0.00280428 0.02123894 -0.00749300
v 0.00280428 0.02123894 0.00000000
v 0.00188921 0.02032388 -0.00749300
v 0.00188921 0.02032388 0.00000000
v 0.00155428 0.01907388 -0.00749300
v 0.00155428 0.01907388 0.00000000
v 0.00188921 0.01782388 -0.00749300
v 0.00188921 0.01782388 0.00000000
v 0.00280428 0.01690882 -0.00749300
v 0.00280428 0.01690882 0.00000000
v 0.00405428 0.01657388 -0.00749300
v 0.00405428 0.01657388 0.00000000
v 0.00530428 0.01690882 -0.00749300
v 0.00530428 0.01690882 0.00000000
v 0.00621934 0.01782388 -0.00749300
v 0.00621934 0.01782388 0.00000000
v 0.00655428 0.01907388 -0.00749300
v 0.00655428 0.01907388 0.00000000
v 0.00621934 0.02032388 -0.00749300
v 0.00621934 0.02032388 0.00000000
v 0.00530428 0.02123894 -0.00749300
v 0.00530428 0.02123894 0.00000000
v 0.00405428 -0.01657388 -0.00749300
v 0.00405428 -0.01657388 0.00000000
v 0.00280428 -0.01690882 -0.00749300
v 0.00280428 -0.01690882 0.00000000
v 0.00188921 -0.01782388 -0.00749300
v 0.00188921 -0.01782388 0.00000000
v 0.00155428 -0.01907388 -0.00749300
v 0.00155428 -0.01907388 0.00000000
v 0.00188921 -0.02032388 -0.00749300
v 0.00188921 -0.02032388 0.00000000
v 0.00280428 -0.02123894 -0.00749300
v 0.00280428 -0.02123894 0.00000000
v 0.00405428 -0.02157388 -0.00749300
v 0.00405428 -0.02157388 0.00000000
v 0.00530428 -0.02123894 -0.00749300
v 0.00530428 -0.02123894 0.00000000
v 0.00621934 -0.02032388 -0.00749300
v 0.00621934 -0.02032388 0.00000000
v 0.00655428 -0.01907388 -0.00749300
v 0.00655428 -0.01907388 0.00000000
v 0.00621934 -0.01782388 -0.00749300
v 0.00621934 -0.01782388 0.00000000
v 0.00530428 -0.01690882 -0.00749300
v 0.00530428 -0.01690882 0.00000000
v 0.01449132 -0.01054805 -0.00749300
v 0.01449132 -0.01054805 0.00000000
v 0.01324132 -0.01088298 -0.00749300
v 0.01324132 -0.01088298 0.00000000
v 0.01232626 -0.01179805 -0.00749300
v 0.01232626 -0.01179805 0.00000000
v 0.01199132 -0.01304805 -0.00749300
v 0.01199132 -0.01304805 0.00000000
v 0.01232626 -0.01429805 -0.00749300
v 0.01232626 -0.01429805 0.00000000
v 0.01324132 -0.01521311 -0.00749300
v 0.01324132 -0.01521311 0.00000000
v 0.01449132 -0.01554805 -0.00749300
v 0.01449132 -0.01554805 0.00000000
v 0.01574132 -0.01521311 -0.00749300
v 0.01574132 -0.01521311 0.00000000
v 0.01665639 -0.01429805 -0.00749300
v 0.01665639 -0.01429805 0.00000000
v 0.01699132 -0.01304805 -0.00749300
v 0.01699132 -0.01304805 0.00000000
v 0.01665639 -0.01179805 -0.00749300
v 0.01665639 -0.01179805 0.00000000
v 0.01574132 -0.01088298 -0.00749300
v 0.01574132 -0.01088298 0.00000000
v -0.01890480 -0.01916894 -0.00749300
v -0.01150415 0.01219369 -0.00749300
v -0.01400612 0.00921197 -0.00749300
v -0.01890480 0.00953694 -0.00749300
v -0.00480797 -0.01605974 -0.00749300
v -0.00724566 -0.01606096 -0.00749300
v -0.00838200 -0.01451805 -0.00749300
v -0.00480797 0.01605974 -0.00749300
v -0.00838200 0.01451805 -0.00749300
v 0.00931161 0.01394007 -0.00749300
v 0.00663988 0.01539297 -0.00749300
v 0.00291104 0.01650932 -0.00749300
v 0.00000000 0.01676400 -0.00749300
v -0.00097474 0.01673564 -0.00749300
v 0.01687766 0.00953694 -0.00749300
v 0.01001077 0.01344679 -0.00749300
v 0.01498086 0.00752367 -0.00749300
v 0.01284197 0.01077569 -0.00749300
v 0.01631212 0.00386604 -0.00749300
v 0.01687766 -0.00000000 -0.00749300
v 0.01676400 -0.00000000 -0.00749300
v 0.01631212 -0.00386604 -0.00749300
v 0.01687766 -0.00953694 -0.00749300
v 0.01498086 -0.00752367 -0.00749300
v 0.01284197 -0.01077569 -0.00749300
v 0.01001077 -0.01344679 -0.00749300
v 0.00927280 -0.01606096 -0.00749300
v 0.01687766 -0.01606096 -0.00749300
v 0.00663988 -0.01539297 -0.00749300
v 0.00291104 -0.01650932 -0.00749300
v 0.00927280 -0.01916894 -0.00749300
v -0.00724566 -0.01916894 -0.00749300
v -0.00097474 -0.01673564 -0.00749300
v -0.01890480 -0.00953694 -0.00749300
v -0.01400612 -0.00921197 -0.00749300
v -0.01890480 -0.01606096 -0.00749300
v -0.01150415 -0.01219369 -0.00749300
v -0.01575301 -0.00573363 -0.00749300
v -0.01890480 0.00000000 -0.00749300
v -0.01665065 -0.00194618 -0.00749300
v -0.01665065 0.00194618 -0.00749300
v -0.01575301 0.00573363 -0.00749300
v 0.01687766 -0.01916894 -0.00749300
v -0.00984250 0.01907082 0.00000000
v -0.01085406 0.01879977 0.00000000
v -0.01159456 0.01805926 0.00000000
v -0.01186561 0.01704771 0.00000000
v -0.01159456 0.01603615 0.00000000
v -0.01085406 0.01529565 0.00000000
v -0.00984250 0.01502460 0.00000000
v -0.00883095 0.01529565 0.00000000
v -0.00809044 0.01603615 0.00000000
v -0.00781939 0.01704771 0.00000000
v -0.00809044 0.01805926 0.00000000
v -0.00883095 0.01879977 0.00000000
v 0.01968500 0.00202311 0.00000000
v 0.01867344 0.00175206 0.00000000
v 0.01793293 0.00101155 0.00000000
v 0.01766189 -0.00000000 0.00000000
v 0.01793293 -0.00101155 0.00000000
v 0.01867344 -0.00175206 0.00000000
v 0.01968500 -0.00202311 0.00000000
v 0.02069655 -0.00175206 0.00000000
v 0.02143706 -0.00101155 0.00000000
v 0.02170811 -0.00000000 0.00000000
v 0.02143706 0.00101155 0.00000000
v 0.02069655 0.00175206 0.00000000
v 0.00573278 -0.00248351 0.00000000
v 0.01682078 -0.00886043 0.00000000
v 0.00672726 -0.00175958 0.00000000
v 0.00672726 -0.00248351 0.00000000
v -0.01337417 0.01278632 0.00000000
v -0.01337417 0.01606096 0.00000000
v 0.01682078 0.01606096 0.00000000
v 0.01732661 0.01606096 0.00000000
v 0.00573278 0.01606096 0.00000000
v 0.00672726 0.01606096 0.00000000
v 0.01732661 0.00248351 0.00000000
v 0.01732661 -0.00175958 0.00000000
v 0.01732661 -0.00248351 0.00000000
v 0.01732661 -0.01606096 0.00000000
v 0.00672726 -0.01951264 0.00000000
v 0.01732661 -0.01951264 0.00000000
v 0.01682078 -0.01951264 0.00000000
v -0.00198511 -0.01951264 0.00000000
v -0.01337417 -0.01951264 0.00000000
v -0.00760667 -0.01951264 0.00000000
v -0.00645922 -0.01951264 0.00000000
v -0.01337417 -0.01606096 0.00000000
v -0.01337417 -0.00248351 0.00000000
v -0.01337417 0.00323487 0.00000000
v -0.01337417 -0.00175958 0.00000000
v -0.01337417 0.00248351 0.00000000
v -0.00390641 0.00390641 0.00000000
v -0.00211413 0.00510397 0.00000000
v 0.00573278 0.01009028 0.00000000
v 0.00573278 0.01278632 0.00000000
v -0.00645922 0.01606096 0.00000000
v -0.00760667 0.01606096 0.00000000
v -0.00760667 0.01278632 0.00000000
v -0.00760667 0.00248351 0.00000000
v -0.00645922 0.00323487 0.00000000
v -0.00760667 0.00323487 0.00000000
v 0.01682078 -0.00175958 0.00000000
v 0.00672726 0.01009028 0.00000000
v 0.01682078 0.01009028 0.00000000
v 0.01682078 0.00323487 0.00000000
v 0.01682078 0.00248351 0.00000000
v 0.00672726 0.00323487 0.00000000
v 0.00672726 0.00248351 0.00000000
v 0.00672726 -0.00886043 0.00000000
v 0.00672726 -0.00941376 0.00000000
v 0.00672726 -0.01009028 0.00000000
v 0.01682078 -0.01009028 0.00000000
v 0.01682078 -0.00941376 0.00000000
v 0.01682078 -0.00248351 0.00000000
v -0.00211413 -0.00510397 0.00000000
v -0.00390641 -0.00390641 0.00000000
v -0.00645922 -0.00248351 0.00000000
v -0.00760667 -0.00248351 0.00000000
v -0.00645922 -0.01606096 0.00000000
v -0.00760667 -0.01606096 0.00000000
v 0.00573278 -0.01606096 0.00000000
v 0.00573278 -0.00941376 0.00000000
v 0.00573278 -0.00886043 0.00000000
v 0.00573278 -0.01009028 0.00000000
v -0.00000000 -0.00552450 0.00000000
v 0.00211413 -0.00510397 0.00000000
v 0.00390641 -0.00390641 0.00000000
v 0.00510397 -0.00211413 0.00000000
v -0.00760667 -0.00175958 0.00000000
v -0.00645922 -0.00175958 0.00000000
v -0.00645922 0.00248351 0.00000000
v 0.00672726 0.01278632 0.00000000
v 0.01732661 0.01278632 0.00000000
v 0.01732661 0.01009028 0.00000000
v 0.01732661 0.00323487 0.00000000
v 0.00672726 -0.01606096 0.00000000
v 0.01682078 -0.01606096 0.00000000
v 0.01732661 -0.01009028 0.00000000
v 0.01732661 -0.00886043 0.00000000
v 0.01732661 -0.00941376 0.00000000
v -0.00510397 -0.00211413 0.00000000
v -0.00552450 0.00000000 0.00000000
v -0.00510397 0.00211413 0.00000000
v 0.00000000 0.00552450 0.00000000
v 0.00211413 0.00510397 0.00000000
v 0.00390641 0.00390641 0.00000000
v 0.00573278 0.00323487 0.00000000
v 0.00510397 0.00211413 0.00000000
v 0.00573278 0.00248351 0.00000000
v 0.00552450 -0.00000000 0.00000000
v 0.00573278 -0.00175958 0.00000000
f 1 2 3
f 3 2 4
f 3 4 5
f 6 7 3
f 3 7 8
f 3 8 1
f 9 10 3
f 3 10 11
f 3 11 6
f 5 12 3
f 3 12 13
f 3 13 9
f 11 14 6
f 6 14 15
f 6 15 7
f 7 15 16
f 7 16 8
f 8 16 17
f 8 17 1
f 1 17 18
f 1 18 2
f 2 18 19
f 2 19 4
f 4 19 20
f 4 20 5
f 5 20 21
f 5 21 12
f 12 21 22
f 12 22 13
f 13 22 23
f 13 23 9
f 9 23 24
f 9 24 10
f 10 24 25
f 10 25 11
f 11 25 14
f 26 27 28
f 28 27 29
f 28 29 30
f 31 32 33
f 33 32 28
f 33 28 34
f 34 28 30
f 34 30 35
f 36 37 38
f 38 37 39
f 38 39 40
f 41 42 39
f 39 42 43
f 43 44 39
f 39 44 45
f 39 45 40
f 32 46 28
f 28 46 47
f 28 47 26
f 26 47 48
f 26 48 49
f 49 48 41
f 49 41 50
f 50 41 39
f 50 39 51
f 51 39 37
f 52 53 54
f 54 53 55
f 54 55 56
f 57 58 59
f 59 58 54
f 59 54 60
f 60 54 56
f 60 56 61
f 62 63 64
f 64 63 65
f 64 65 66
f 67 68 65
f 65 68 69
f 69 70 65
f 65 70 71
f 65 71 66
f 58 72 54
f 54 72 73
f 54 73 52
f 52 73 74
f 52 74 75
f 75 74 67
f 75 67 76
f 76 67 65
f 76 65 77
f 77 65 63
f 78 79 80
f 80 79 81
f 80 81 82
f 83 84 85
f 85 84 80
f 85 80 86
f 86 80 82
f 86 82 87
f 88 89 90
f 90 89 91
f 90 91 92
f 93 94 91
f 91 94 95
f 95 96 91
f 91 96 97
f 91 97 92
f 84 98 80
f 80 98 99
f 80 99 78
f 78 99 100
f 78 100 101
f 101 100 93
f 101 93 102
f 102 93 91
f 102 91 103
f 103 91 89
f 104 105 106
f 106 105 107
f 106 107 108
f 109 110 111
f 111 110 106
f 111 106 112
f 112 106 108
f 112 108 113
f 114 115 116
f 116 115 117
f 116 117 118
f 119 120 117
f 117 120 121
f 121 122 117
f 117 122 123
f 117 123 118
f 110 124 106
f 106 124 125
f 106 125 104
f 104 125 126
f 104 126 127
f 127 126 119
f 127 119 128
f 128 119 117
f 128 117 129
f 129 117 115
f 130 131 132
f 132 131 133
f 132 133 134
f 135 136 137
f 137 136 132
f 137 132 138
f 138 132 134
f 138 134 139
f 140 141 142
f 142 141 143
f 142 143 144
f 145 146 143
f 143 146 147
f 147 148 143
f 143 148 149
f 143 149 144
f 136 150 132
f 132 150 151
f 132 151 130
f 130 151 152
f 130 152 153
f 153 152 145
f 153 145 154
f 154 145 143
f 154 143 155
f 155 143 141
f 156 157 158
f 158 157 159
f 158 159 160
f 161 162 163
f 163 162 158
f 163 158 164
f 164 158 160
f 164 160 165
f 166 167 168
f 168 167 169
f 168 169 170
f 171 172 169
f 169 172 173
f 173 174 169
f 169 174 175
f 169 175 170
f 162 176 158
f 158 176 177
f 158 177 156
f 156 177 178
f 156 178 179
f 179 178 171
f 179 171 180
f 180 171 169
f 180 169 181
f 181 169 167
f 182 183 184
f 184 183 185
f 184 185 186
f 187 188 189
f 189 188 184
f 189 184 190
f 190 184 186
f 190 186 191
f 192 193 194
f 194 193 195
f 194 195 196
f 197 198 195
f 195 198 199
f 199 200 195
f 195 200 201
f 195 201 196
f 188 202 184
f 184 202 203
f 184 203 182
f 182 203 204
f 182 204 205
f 205 204 197
f 205 197 206
f 206 197 195
f 206 195 207
f 207 195 193
f 208 209 210
f 210 209 211
f 210 211 212
f 213 214 215
f 215 214 210
f 215 210 216
f 216 210 212
f 216 212 217
f 218 219 220
f 220 219 221
f 220 221 222
f 223 224 221
f 221 224 225
f 225 226 221
f 221 226 227
f 221 227 222
f 214 228 210
f 210 228 229
f 210 229 208
f 208 229 230
f 208 230 231
f 231 230 223
f 231 223 232
f 232 223 221
f 232 221 233
f 233 221 219
f 234 235 236
f 236 235 237
f 236 237 238
f 239 240 241
f 241 240 236
f 241 236 242
f 242 236 238
f 242 238 243
f 244 245 246
f 246 245 247
f 246 247 248
f 249 250 247
f 247 250 251
f 251 252 247
f 247 252 253
f 247 253 248
f 240 254 236
f 236 254 255
f 236 255 234
f 234 255 256
f 234 256 257
f 257 256 249
f 257 249 258
f 258 249 247
f 258 247 259
f 259 247 245
f 260 261 262
f 262 261 263
f 262 263 264
f 264 263 265
f 264 265 266
f 267 268 265
f 265 268 269
f 265 269 266
f 263 270 265
f 265 270 271
f 265 271 272
f 272 273 265
f 265 273 274
f 265 274 267
f 262 275 260
f 260 275 276
f 260 276 277
f 278 279 276
f 276 279 280
f 276 280 277
f 275 281 276
f 276 281 282
f 276 282 283
f 283 284 276
f 276 284 285
f 276 285 278
f 286 287 288
f 289 290 291
f 291 290 292
f 291 292 293
f 294 295 292
f 292 295 296
f 296 297 292
f 292 297 298
f 292 298 293
f 299 294 300
f 300 294 292
f 300 292 301
f 301 292 290
f 286 302 303
f 287 286 304
f 304 286 303
f 304 303 305
f 286 306 307
f 307 308 286
f 286 308 309
f 286 309 302
f 306 286 310
f 310 286 288
f 310 288 299
f 299 288 311
f 299 311 294
f 312 313 314
f 314 313 315
f 314 315 316
f 316 315 317
f 316 317 318
f 319 320 317
f 317 320 321
f 317 321 318
f 315 322 317
f 317 322 323
f 317 323 324
f 324 325 317
f 317 325 326
f 317 326 319
f 314 327 312
f 312 327 328
f 312 328 329
f 330 331 328
f 328 331 332
f 328 332 329
f 327 333 328
f 328 333 334
f 328 334 335
f 335 336 328
f 328 336 337
f 328 337 330
f 18 17 338
f 14 25 339
f 339 25 340
f 340 25 24
f 340 24 341
f 16 15 342
f 341 24 343
f 343 24 23
f 343 23 344
f 344 23 345
f 345 23 22
f 345 22 346
f 346 22 347
f 347 22 21
f 347 21 348
f 348 21 349
f 349 21 20
f 349 20 350
f 350 20 351
f 351 20 19
f 351 19 352
f 338 353 18
f 18 353 354
f 18 354 19
f 19 354 355
f 19 355 352
f 342 356 16
f 16 356 357
f 16 357 17
f 17 357 358
f 17 358 338
f 339 359 14
f 14 359 360
f 14 360 15
f 15 360 361
f 15 361 342
f 362 363 364
f 364 363 365
f 364 365 366
f 367 32 368
f 368 32 31
f 368 31 369
f 369 31 33
f 369 33 370
f 370 33 34
f 371 48 372
f 372 48 47
f 372 47 367
f 367 47 46
f 367 46 32
f 44 43 373
f 373 43 42
f 373 42 371
f 371 42 41
f 371 41 48
f 373 374 44
f 44 374 375
f 44 375 45
f 45 375 376
f 45 376 40
f 377 37 378
f 378 37 36
f 378 36 379
f 379 36 38
f 379 38 380
f 380 38 40
f 380 40 381
f 381 40 376
f 365 49 366
f 366 49 50
f 366 50 377
f 377 50 51
f 377 51 37
f 30 29 382
f 382 29 27
f 382 27 365
f 365 27 26
f 365 26 49
f 382 383 30
f 30 383 384
f 30 384 35
f 35 384 385
f 35 385 34
f 34 385 386
f 34 386 370
f 387 388 389
f 389 388 371
f 389 371 372
f 390 391 392
f 392 391 393
f 392 393 394
f 395 72 58
f 395 58 396
f 396 58 57
f 396 57 397
f 397 57 59
f 397 59 398
f 398 59 60
f 398 60 399
f 72 395 73
f 73 395 400
f 73 400 74
f 74 400 401
f 74 401 67
f 67 401 68
f 68 401 402
f 68 402 69
f 69 402 403
f 69 403 70
f 70 403 404
f 70 404 71
f 71 404 405
f 71 405 66
f 406 63 407
f 407 63 62
f 407 62 408
f 408 62 64
f 408 64 409
f 409 64 66
f 409 66 410
f 410 66 405
f 393 75 394
f 394 75 76
f 394 76 406
f 406 76 77
f 406 77 63
f 399 60 411
f 411 60 61
f 411 61 412
f 412 61 56
f 412 56 413
f 413 56 55
f 413 55 414
f 414 55 53
f 414 53 393
f 393 53 52
f 393 52 75
f 415 416 417
f 417 416 401
f 417 401 400
f 418 419 420
f 420 419 421
f 420 421 422
f 423 98 84
f 423 84 424
f 424 84 83
f 424 83 425
f 425 83 85
f 425 85 426
f 426 85 86
f 426 86 427
f 98 423 99
f 99 423 428
f 99 428 100
f 100 428 429
f 100 429 93
f 93 429 94
f 94 429 430
f 94 430 95
f 95 430 431
f 95 431 96
f 96 431 432
f 96 432 97
f 97 432 433
f 97 433 92
f 434 89 435
f 435 89 88
f 435 88 436
f 436 88 90
f 436 90 437
f 437 90 92
f 437 92 438
f 438 92 433
f 422 101 420
f 420 101 102
f 420 102 434
f 434 102 103
f 434 103 89
f 427 86 439
f 439 86 87
f 439 87 440
f 440 87 82
f 440 82 441
f 441 82 81
f 441 81 442
f 442 81 79
f 442 79 422
f 422 79 78
f 422 78 101
f 443 444 445
f 445 444 429
f 445 429 428
f 446 447 448
f 448 447 449
f 448 449 450
f 451 110 452
f 452 110 109
f 452 109 453
f 453 109 111
f 453 111 454
f 454 111 112
f 455 126 456
f 456 126 125
f 456 125 451
f 451 125 124
f 451 124 110
f 122 121 457
f 457 121 120
f 457 120 455
f 455 120 119
f 455 119 126
f 457 458 122
f 122 458 459
f 122 459 123
f 123 459 460
f 123 460 118
f 461 115 462
f 462 115 114
f 462 114 463
f 463 114 116
f 463 116 464
f 464 116 118
f 464 118 465
f 465 118 460
f 450 127 448
f 448 127 128
f 448 128 461
f 461 128 129
f 461 129 115
f 108 107 466
f 466 107 105
f 466 105 450
f 450 105 104
f 450 104 127
f 466 467 108
f 108 467 468
f 108 468 113
f 113 468 469
f 113 469 112
f 112 469 470
f 112 470 454
f 471 472 473
f 473 472 455
f 473 455 456
f 474 475 476
f 476 475 477
f 476 477 478
f 479 150 136
f 479 136 480
f 480 136 135
f 480 135 481
f 481 135 137
f 481 137 482
f 482 137 138
f 482 138 483
f 150 479 151
f 151 479 484
f 151 484 152
f 152 484 485
f 152 485 145
f 145 485 146
f 146 485 486
f 146 486 147
f 147 486 487
f 147 487 148
f 148 487 488
f 148 488 149
f 149 488 489
f 149 489 144
f 490 141 491
f 491 141 140
f 491 140 492
f 492 140 142
f 492 142 493
f 493 142 144
f 493 144 494
f 494 144 489
f 478 153 476
f 476 153 154
f 476 154 490
f 490 154 155
f 490 155 141
f 483 138 495
f 495 138 139
f 495 139 496
f 496 139 134
f 496 134 497
f 497 134 133
f 497 133 498
f 498 133 131
f 498 131 478
f 478 131 130
f 478 130 153
f 499 500 484
f 484 500 501
f 484 501 485
f 502 503 504
f 504 503 505
f 504 505 506
f 507 176 162
f 507 162 508
f 508 162 161
f 508 161 509
f 509 161 163
f 509 163 510
f 510 163 164
f 510 164 511
f 176 507 177
f 177 507 512
f 177 512 178
f 178 512 513
f 178 513 171
f 171 513 172
f 172 513 514
f 172 514 173
f 173 514 515
f 173 515 174
f 174 515 516
f 174 516 175
f 175 516 517
f 175 517 170
f 518 167 519
f 519 167 166
f 519 166 520
f 520 166 168
f 520 168 521
f 521 168 170
f 521 170 522
f 522 170 517
f 506 179 504
f 504 179 180
f 504 180 518
f 518 180 181
f 518 181 167
f 511 164 523
f 523 164 165
f 523 165 524
f 524 165 160
f 524 160 525
f 525 160 159
f 525 159 526
f 526 159 157
f 526 157 506
f 506 157 156
f 506 156 179
f 527 528 512
f 512 528 529
f 512 529 513
f 530 531 532
f 532 531 533
f 532 533 534
f 535 188 536
f 536 188 187
f 536 187 537
f 537 187 189
f 537 189 538
f 538 189 190
f 538 190 539
f 540 204 541
f 541 204 203
f 541 203 535
f 535 203 202
f 535 202 188
f 200 199 542
f 542 199 198
f 542 198 540
f 540 198 197
f 540 197 204
f 542 543 200
f 200 543 544
f 200 544 201
f 201 544 545
f 201 545 196
f 546 193 547
f 547 193 192
f 547 192 548
f 548 192 194
f 548 194 549
f 549 194 196
f 549 196 550
f 550 196 545
f 533 205 534
f 534 205 206
f 534 206 546
f 546 206 207
f 546 207 193
f 539 190 551
f 551 190 191
f 551 191 552
f 552 191 186
f 552 186 553
f 553 186 185
f 553 185 554
f 554 185 183
f 554 183 533
f 533 183 182
f 533 182 205
f 555 556 541
f 541 556 557
f 541 557 540
f 558 559 560
f 560 559 561
f 560 561 562
f 216 563 215
f 215 563 564
f 215 564 213
f 213 564 565
f 213 565 214
f 214 565 566
f 214 566 228
f 228 566 229
f 229 566 567
f 229 567 230
f 230 567 568
f 230 568 223
f 223 568 224
f 224 568 569
f 224 569 225
f 225 569 570
f 225 570 226
f 226 570 571
f 226 571 227
f 227 571 572
f 227 572 222
f 573 219 574
f 574 219 218
f 574 218 575
f 575 218 220
f 575 220 576
f 576 220 222
f 576 222 577
f 577 222 572
f 561 231 562
f 562 231 232
f 562 232 573
f 573 232 233
f 573 233 219
f 212 211 578
f 578 211 209
f 578 209 561
f 561 209 208
f 561 208 231
f 578 579 212
f 212 579 580
f 212 580 217
f 217 580 581
f 217 581 216
f 216 581 582
f 216 582 563
f 583 584 567
f 567 584 585
f 567 585 568
f 586 587 588
f 588 587 589
f 588 589 590
f 591 254 240
f 591 240 592
f 592 240 239
f 592 239 593
f 593 239 241
f 593 241 594
f 594 241 242
f 594 242 595
f 254 591 255
f 255 591 596
f 255 596 256
f 256 596 597
f 256 597 249
f 249 597 250
f 250 597 598
f 250 598 251
f 251 598 599
f 251 599 252
f 252 599 600
f 252 600 253
f 253 600 601
f 253 601 248
f 602 245 603
f 603 245 244
f 603 244 604
f 604 244 246
f 604 246 605
f 605 246 248
f 605 248 606
f 606 248 601
f 590 257 588
f 588 257 258
f 588 258 602
f 602 258 259
f 602 259 245
f 595 242 607
f 607 242 243
f 607 243 608
f 608 243 238
f 608 238 609
f 609 238 237
f 609 237 610
f 610 237 235
f 610 235 590
f 590 235 234
f 590 234 257
f 611 612 596
f 596 612 613
f 596 613 597
f 614 615 616
f 616 615 617
f 616 617 618
f 619 620 621
f 621 620 622
f 621 622 623
f 624 625 282
f 626 284 625
f 625 284 283
f 625 283 282
f 627 279 628
f 628 279 278
f 628 278 626
f 626 278 285
f 626 285 284
f 629 263 618
f 618 263 261
f 618 261 616
f 616 261 260
f 616 260 630
f 630 260 277
f 630 277 627
f 627 277 280
f 627 280 279
f 631 632 273
f 273 272 631
f 631 272 271
f 631 271 629
f 629 271 270
f 629 270 263
f 633 268 634
f 634 268 267
f 634 267 632
f 632 267 274
f 632 274 273
f 282 281 624
f 624 281 275
f 624 275 622
f 622 275 262
f 622 262 623
f 623 262 264
f 623 264 635
f 635 264 266
f 635 266 633
f 633 266 269
f 633 269 268
f 636 637 638
f 638 637 639
f 638 639 640
f 641 642 643
f 643 642 644
f 643 644 645
f 645 299 643
f 643 299 300
f 643 300 646
f 308 307 647
f 647 307 306
f 647 306 645
f 645 306 310
f 645 310 299
f 647 648 308
f 308 648 649
f 308 649 309
f 309 649 650
f 309 650 302
f 650 651 302
f 302 651 652
f 302 652 303
f 303 652 653
f 303 653 305
f 305 653 654
f 305 654 304
f 304 654 655
f 304 655 287
f 287 655 288
f 288 655 638
f 288 638 311
f 311 638 640
f 311 640 294
f 294 640 295
f 295 640 656
f 295 656 296
f 296 656 657
f 296 657 297
f 297 657 658
f 297 658 298
f 298 658 659
f 298 659 293
f 300 301 646
f 646 301 290
f 646 290 660
f 660 290 289
f 660 289 661
f 661 289 291
f 661 291 662
f 662 291 293
f 662 293 663
f 663 293 659
f 664 665 666
f 666 665 667
f 666 667 668
f 669 670 671
f 671 670 672
f 671 672 673
f 674 675 334
f 676 336 675
f 675 336 335
f 675 335 334
f 677 331 678
f 678 331 330
f 678 330 676
f 676 330 337
f 676 337 336
f 679 680 323
f 323 322 679
f 679 322 315
f 679 315 668
f 668 315 313
f 668 313 666
f 666 313 312
f 666 312 681
f 681 312 329
f 681 329 677
f 677 329 332
f 677 332 331
f 682 326 683
f 683 326 325
f 683 325 680
f 680 325 324
f 680 324 323
f 684 320 682
f 682 320 319
f 682 319 326
f 334 333 674
f 674 333 327
f 674 327 673
f 673 327 314
f 673 314 671
f 671 314 316
f 671 316 685
f 685 316 318
f 685 318 684
f 684 318 321
f 684 321 320
f 339 686 359
f 359 686 687
f 359 687 360
f 360 687 688
f 360 688 361
f 361 688 689
f 361 689 342
f 342 689 690
f 342 690 356
f 356 690 691
f 356 691 357
f 357 691 692
f 357 692 358
f 358 692 693
f 358 693 338
f 338 693 694
f 338 694 353
f 353 694 695
f 353 695 354
f 354 695 696
f 354 696 355
f 355 696 697
f 355 697 352
f 352 697 698
f 352 698 351
f 351 698 699
f 351 699 350
f 350 699 700
f 350 700 349
f 349 700 701
f 349 701 348
f 348 701 702
f 348 702 347
f 347 702 703
f 347 703 346
f 346 703 704
f 346 704 345
f 345 704 705
f 345 705 344
f 344 705 706
f 344 706 343
f 343 706 707
f 343 707 341
f 341 707 708
f 341 708 340
f 340 708 709
f 340 709 339
f 339 709 686
f 709 710 686
f 686 710 711
f 686 711 687
f 687 711 712
f 687 712 688
f 688 712 713
f 688 713 689
f 689 713 714
f 689 714 690
f 690 714 715
f 690 715 691
f 691 715 716
f 691 716 692
f 692 716 717
f 692 717 693
f 693 717 718
f 693 718 694
f 694 718 719
f 694 719 695
f 695 719 720
f 695 720 696
f 696 720 721
f 696 721 697
f 697 721 722
f 697 722 698
f 698 722 723
f 698 723 699
f 699 723 724
f 699 724 700
f 700 724 725
f 700 725 701
f 701 725 726
f 701 726 702
f 702 726 727
f 702 727 703
f 703 727 728
f 703 728 704
f 704 728 729
f 704 729 705
f 705 729 730
f 705 730 706
f 706 730 731
f 706 731 707
f 707 731 732
f 707 732 708
f 708 732 733
f 708 733 709
f 709 733 710
f 733 734 710
f 710 734 735
f 710 735 711
f 711 735 736
f 711 736 712
f 712 736 737
f 712 737 713
f 713 737 738
f 713 738 714
f 714 738 739
f 714 739 715
f 715 739 740
f 715 740 716
f 716 740 741
f 716 741 717
f 717 741 742
f 717 742 718
f 718 742 743
f 718 743 719
f 719 743 744
f 719 744 720
f 720 744 745
f 720 745 721
f 721 745 746
f 721 746 722
f 722 746 747
f 722 747 723
f 723 747 748
f 723 748 724
f 724 748 749
f 724 749 725
f 725 749 750
f 725 750 726
f 726 750 751
f 726 751 727
f 727 751 752
f 727 752 728
f 728 752 753
f 728 753 729
f 729 753 754
f 729 754 730
f 730 754 755
f 730 755 731
f 731 755 756
f 731 756 732
f 732 756 757
f 732 757 733
f 733 757 734
f 758 759 760
f 760 759 761
f 760 761 762
f 762 761 763
f 764 765 766
f 766 765 767
f 766 767 768
f 768 767 769
f 770 771 772
f 772 771 773
f 772 773 774
f 774 773 775
f 776 777 778
f 778 777 779
f 778 779 780
f 780 779 781
f 782 783 784
f 784 783 785
f 784 785 786
f 786 785 787
f 788 789 790
f 790 789 791
f 790 791 792
f 792 791 793
f 794 795 796
f 796 795 797
f 796 797 798
f 798 797 799
f 800 801 802
f 802 801 803
f 802 803 804
f 804 803 805
f 513 529 629
f 590 589 498
f 451 452 555
f 422 421 598
f 377 378 664
f 644 373 645
f 645 373 371
f 645 371 647
f 647 371 388
f 380 381 665
f 664 378 665
f 665 378 379
f 665 379 380
f 381 376 642
f 642 376 375
f 642 375 644
f 644 375 374
f 644 374 373
f 377 664 366
f 366 664 666
f 366 666 364
f 666 681 364
f 364 681 677
f 364 677 362
f 675 806 676
f 676 806 807
f 676 807 678
f 808 547 807
f 807 547 548
f 807 548 549
f 549 550 807
f 807 550 362
f 807 362 678
f 678 362 677
f 550 545 362
f 362 545 544
f 362 544 363
f 544 543 363
f 363 543 542
f 363 542 365
f 365 542 540
f 365 540 382
f 382 540 557
f 370 386 556
f 386 385 556
f 556 385 384
f 556 384 557
f 557 384 383
f 557 383 382
f 369 558 368
f 368 558 560
f 368 560 367
f 367 560 372
f 372 560 562
f 372 562 389
f 562 573 389
f 389 573 574
f 389 574 387
f 387 574 575
f 575 576 387
f 387 576 809
f 387 809 651
f 651 650 387
f 387 650 649
f 387 649 388
f 388 649 648
f 388 648 647
f 401 416 624
f 624 416 625
f 403 402 620
f 403 620 404
f 401 624 402
f 402 624 622
f 402 622 620
f 404 620 405
f 405 620 619
f 405 619 410
f 394 406 810
f 810 406 407
f 407 408 810
f 810 408 409
f 810 409 811
f 393 391 812
f 812 391 390
f 812 390 809
f 809 390 392
f 809 392 813
f 413 414 814
f 398 399 815
f 815 399 411
f 815 411 814
f 814 411 412
f 814 412 413
f 815 587 398
f 398 587 586
f 398 586 397
f 603 417 602
f 602 417 400
f 602 400 588
f 588 400 395
f 588 395 586
f 586 395 396
f 586 396 397
f 603 604 417
f 417 604 605
f 417 605 415
f 415 605 419
f 625 416 626
f 626 416 415
f 626 415 628
f 628 415 419
f 628 419 418
f 435 614 434
f 434 614 616
f 434 616 420
f 420 616 630
f 420 630 418
f 418 630 627
f 418 627 628
f 435 436 614
f 614 436 437
f 614 437 438
f 438 433 735
f 735 433 432
f 425 743 424
f 424 743 423
f 439 613 427
f 427 613 743
f 427 743 426
f 426 743 425
f 439 440 613
f 613 440 441
f 613 441 442
f 598 421 599
f 605 606 419
f 419 606 601
f 419 601 421
f 421 601 600
f 421 600 599
f 422 598 442
f 442 598 597
f 442 597 613
f 423 743 428
f 428 743 742
f 428 742 445
f 445 742 741
f 445 741 443
f 741 740 443
f 443 740 739
f 443 739 444
f 432 431 735
f 735 431 430
f 735 430 736
f 736 430 429
f 736 429 737
f 737 429 444
f 737 444 738
f 738 444 739
f 472 679 455
f 455 679 668
f 455 668 457
f 457 668 667
f 463 464 642
f 381 642 665
f 665 642 464
f 665 464 465
f 465 460 665
f 665 460 459
f 665 459 667
f 667 459 458
f 667 458 457
f 463 642 462
f 462 642 641
f 462 641 461
f 461 641 448
f 448 641 643
f 448 643 446
f 643 646 446
f 446 646 660
f 446 660 447
f 447 660 661
f 661 662 447
f 447 662 816
f 447 816 582
f 582 581 447
f 447 581 580
f 447 580 449
f 559 466 561
f 561 466 450
f 561 450 578
f 578 450 449
f 578 449 579
f 579 449 580
f 555 452 556
f 556 452 453
f 556 453 454
f 454 470 556
f 556 470 558
f 556 558 370
f 370 558 369
f 470 469 558
f 558 469 468
f 558 468 559
f 559 468 467
f 559 467 466
f 451 555 456
f 456 555 541
f 456 541 473
f 541 535 473
f 473 535 536
f 473 536 471
f 539 817 538
f 538 817 471
f 538 471 537
f 537 471 536
f 553 818 552
f 552 818 817
f 552 817 551
f 551 817 539
f 819 684 817
f 817 684 682
f 817 682 471
f 471 682 683
f 471 683 472
f 472 683 680
f 472 680 679
f 487 486 820
f 820 486 485
f 820 485 821
f 493 494 811
f 811 494 489
f 811 489 820
f 820 489 488
f 820 488 487
f 491 621 490
f 490 621 623
f 490 623 476
f 476 623 635
f 476 635 474
f 409 410 811
f 811 410 619
f 811 619 493
f 493 619 621
f 493 621 492
f 492 621 491
f 635 633 474
f 474 633 634
f 474 634 475
f 610 477 609
f 609 477 608
f 498 589 497
f 590 498 610
f 610 498 478
f 610 478 477
f 484 479 822
f 822 479 480
f 480 481 822
f 822 481 482
f 822 482 815
f 815 482 483
f 815 483 587
f 587 483 495
f 587 495 589
f 589 495 496
f 589 496 497
f 485 501 821
f 821 501 500
f 821 500 816
f 816 500 499
f 816 499 823
f 475 634 528
f 528 634 632
f 528 632 529
f 529 632 631
f 529 631 629
f 520 755 519
f 519 755 518
f 517 617 522
f 522 617 755
f 522 755 521
f 521 755 520
f 517 516 617
f 617 516 515
f 617 515 514
f 513 629 514
f 514 629 618
f 514 618 617
f 518 755 504
f 504 755 754
f 504 754 502
f 502 754 753
f 502 753 503
f 753 752 503
f 503 752 751
f 503 751 505
f 608 477 607
f 607 477 475
f 607 475 595
f 595 475 528
f 595 528 594
f 594 528 527
f 594 527 593
f 508 611 507
f 507 611 596
f 507 596 512
f 512 596 591
f 512 591 527
f 527 591 592
f 527 592 593
f 508 509 611
f 611 509 510
f 611 510 511
f 511 523 747
f 747 523 524
f 751 750 505
f 505 750 749
f 505 749 506
f 506 749 748
f 506 748 526
f 526 748 747
f 526 747 525
f 525 747 524
f 824 530 825
f 825 530 532
f 825 532 826
f 826 532 534
f 826 534 808
f 808 534 546
f 808 546 547
f 553 554 818
f 818 554 533
f 818 533 824
f 824 533 531
f 824 531 530
f 570 569 812
f 576 577 809
f 809 577 572
f 809 572 812
f 812 572 571
f 812 571 570
f 569 568 812
f 812 568 814
f 812 814 393
f 393 814 414
f 567 566 823
f 567 823 583
f 566 565 823
f 823 565 564
f 823 564 816
f 816 564 563
f 816 563 582
f 499 484 823
f 823 484 822
f 823 822 583
f 583 822 815
f 583 815 584
f 584 815 814
f 584 814 585
f 585 814 568
f 511 747 611
f 611 747 746
f 611 746 612
f 612 746 745
f 612 745 613
f 613 745 744
f 613 744 743
f 438 735 614
f 614 735 734
f 614 734 615
f 615 734 757
f 615 757 617
f 617 757 756
f 617 756 755
f 638 655 813
f 638 813 636
f 655 654 813
f 813 654 653
f 813 653 809
f 809 653 652
f 809 652 651
f 392 394 813
f 813 394 810
f 813 810 636
f 636 810 811
f 636 811 637
f 637 811 820
f 662 663 816
f 816 663 659
f 816 659 821
f 821 659 658
f 821 658 657
f 657 656 821
f 821 656 640
f 821 640 820
f 820 640 639
f 820 639 637
f 827 670 828
f 828 670 669
f 828 669 829
f 829 669 671
f 829 671 819
f 819 671 685
f 819 685 684
f 675 674 806
f 806 674 673
f 806 673 827
f 827 673 672
f 827 672 670
f 830 831 832
f 832 831 833
f 832 833 834
f 835 836 832
f 832 836 837
f 832 837 830
f 838 839 832
f 832 839 840
f 832 840 835
f 834 841 832
f 832 841 842
f 832 842 838
f 843 844 845
f 845 844 846
f 845 846 847
f 848 849 845
f 845 849 850
f 845 850 843
f 851 852 845
f 845 852 853
f 845 853 848
f 847 854 845
f 845 854 855
f 845 855 851
f 856 857 759
f 759 857 761
f 857 858 761
f 761 858 763
f 858 859 763
f 763 859 762
f 859 860 762
f 762 860 760
f 860 861 760
f 760 861 758
f 861 856 758
f 758 856 759
f 862 863 764
f 764 863 765
f 863 864 765
f 765 864 767
f 864 865 767
f 767 865 769
f 865 866 769
f 769 866 768
f 866 867 768
f 768 867 766
f 867 862 766
f 766 862 764
f 868 869 770
f 770 869 771
f 869 870 771
f 771 870 773
f 870 871 773
f 773 871 775
f 871 872 775
f 775 872 774
f 872 873 774
f 774 873 772
f 873 868 772
f 772 868 770
f 874 875 780
f 780 875 778
f 875 876 778
f 778 876 776
f 876 877 776
f 776 877 777
f 877 878 777
f 777 878 779
f 878 879 779
f 779 879 781
f 879 874 781
f 781 874 780
f 880 881 782
f 782 881 783
f 881 882 783
f 783 882 785
f 882 883 785
f 785 883 787
f 883 884 787
f 787 884 786
f 884 885 786
f 786 885 784
f 885 880 784
f 784 880 782
f 886 887 789
f 789 887 791
f 887 888 791
f 791 888 793
f 888 889 793
f 793 889 792
f 889 890 792
f 792 890 790
f 890 891 790
f 790 891 788
f 891 886 788
f 788 886 789
f 794 796 892
f 892 796 893
f 795 794 894
f 894 794 892
f 797 795 895
f 895 795 894
f 799 797 896
f 896 797 895
f 798 799 897
f 897 799 896
f 796 798 893
f 893 798 897
f 800 802 898
f 898 802 899
f 801 800 900
f 900 800 898
f 803 801 901
f 901 801 900
f 805 803 902
f 902 803 901
f 804 805 903
f 903 805 902
f 802 804 899
f 899 804 903
f 904 826 905
f 905 826 808
f 905 808 906
f 906 808 807
f 906 807 907
f 907 807 806
f 907 806 908
f 908 806 827
f 908 827 909
f 909 827 828
f 909 828 910
f 910 828 829
f 910 829 911
f 911 829 819
f 911 819 912
f 912 819 817
f 912 817 913
f 913 817 818
f 913 818 914
f 914 818 824
f 914 824 915
f 915 824 825
f 915 825 904
f 904 825 826
f 916 831 917
f 917 831 830
f 917 830 918
f 918 830 837
f 918 837 919
f 919 837 836
f 919 836 920
f 920 836 835
f 920 835 921
f 921 835 840
f 921 840 922
f 922 840 839
f 922 839 923
f 923 839 838
f 923 838 924
f 924 838 842
f 924 842 925
f 925 842 841
f 925 841 926
f 926 841 834
f 926 834 927
f 927 834 833
f 927 833 916
f 916 833 831
f 928 844 929
f 929 844 843
f 929 843 930
f 930 843 850
f 930 850 931
f 931 850 849
f 931 849 932
f 932 849 848
f 932 848 933
f 933 848 853
f 933 853 934
f 934 853 852
f 934 852 935
f 935 852 851
f 935 851 936
f 936 851 855
f 936 855 937
f 937 855 854
f 937 854 938
f 938 854 847
f 938 847 939
f 939 847 846
f 939 846 928
f 928 846 844
f 940 941 860
f 860 941 942
f 860 942 861
f 940 860 943
f 943 860 859
f 943 859 944
f 942 945 861
f 861 945 946
f 861 946 856
f 944 859 947
f 947 859 858
f 947 858 948
f 948 858 949
f 949 858 857
f 949 857 950
f 946 951 856
f 856 951 952
f 856 952 857
f 857 952 953
f 857 953 950
f 954 955 863
f 863 955 864
f 956 957 866
f 866 957 867
f 955 958 864
f 864 958 959
f 864 959 865
f 954 863 960
f 960 863 862
f 960 862 961
f 957 962 867
f 867 962 963
f 867 963 862
f 862 963 964
f 862 964 961
f 959 965 865
f 865 965 966
f 865 966 866
f 866 966 967
f 866 967 956
f 968 873 872
f 969 970 871
f 871 970 971
f 871 971 872
f 872 971 972
f 872 972 968
f 969 871 973
f 973 871 870
f 973 870 974
f 974 870 975
f 975 870 869
f 975 869 976
f 968 977 873
f 873 977 978
f 873 978 868
f 978 979 868
f 868 979 980
f 868 980 869
f 869 980 981
f 869 981 976
f 982 879 878
f 983 877 984
f 984 877 876
f 984 876 985
f 985 876 986
f 986 876 875
f 986 875 987
f 982 988 879
f 879 988 989
f 879 989 874
f 983 990 877
f 877 990 991
f 877 991 878
f 878 991 992
f 878 992 982
f 989 993 874
f 874 993 994
f 874 994 875
f 875 994 995
f 875 995 987
f 996 997 881
f 881 997 882
f 998 999 883
f 883 999 884
f 997 1000 882
f 882 1000 1001
f 882 1001 883
f 883 1001 1002
f 883 1002 998
f 996 881 1003
f 1003 881 880
f 1003 880 1004
f 999 1005 884
f 884 1005 1006
f 884 1006 885
f 1006 1007 885
f 885 1007 1008
f 885 1008 880
f 880 1008 1009
f 880 1009 1004
f 1010 888 887
f 1011 1012 886
f 886 1012 1013
f 886 1013 887
f 887 1013 1014
f 887 1014 1010
f 1011 886 1015
f 1015 886 891
f 1015 891 1016
f 1016 891 1017
f 1017 891 890
f 1017 890 1018
f 1018 890 1019
f 1019 890 889
f 1019 889 1020
f 1010 1021 888
f 888 1021 1022
f 888 1022 889
f 889 1022 1023
f 889 1023 1020
f 892 1024 1025
f 892 1025 894
f 893 897 1026
f 1026 1027 893
f 893 1027 1028
f 893 1028 892
f 892 1028 1029
f 892 1029 1024
f 895 1030 896
f 896 1030 1031
f 896 1031 897
f 897 1031 1032
f 897 1032 1026
f 1025 1033 894
f 894 1033 1034
f 894 1034 895
f 895 1034 1035
f 895 1035 1030
f 899 1036 1037
f 902 901 1038
f 899 1037 898
f 903 1039 899
f 899 1039 1040
f 899 1040 1036
f 1038 1041 902
f 902 1041 1042
f 902 1042 903
f 903 1042 1043
f 903 1043 1039
f 1037 1044 898
f 898 1044 1045
f 898 1045 900
f 900 1045 1046
f 900 1046 901
f 901 1046 1047
f 901 1047 1038
f 909 1048 908
f 908 1048 1049
f 908 1049 907
f 907 1049 1050
f 907 1050 906
f 906 1050 1051
f 906 1051 905
f 913 1052 912
f 912 1052 1053
f 912 1053 911
f 911 1053 1054
f 911 1054 910
f 910 1054 1055
f 910 1055 909
f 909 1055 1056
f 909 1056 1048
f 1051 1057 905
f 905 1057 1058
f 905 1058 904
f 904 1058 1059
f 904 1059 915
f 915 1059 1060
f 915 1060 914
f 914 1060 1061
f 914 1061 913
f 913 1061 1062
f 913 1062 1052
f 1063 917 1064
f 1064 917 918
f 1064 918 1065
f 1065 918 919
f 1065 919 1066
f 1066 919 920
f 1066 920 1067
f 1067 920 921
f 1067 921 1068
f 1068 921 922
f 1068 922 1069
f 1069 922 923
f 1069 923 1070
f 1070 923 924
f 1070 924 1071
f 1071 924 925
f 1071 925 1072
f 1072 925 926
f 1072 926 1073
f 1073 926 927
f 1073 927 1074
f 1074 927 916
f 1074 916 1063
f 1063 916 917
f 1075 929 1076
f 1076 929 930
f 1076 930 1077
f 1077 930 931
f 1077 931 1078
f 1078 931 932
f 1078 932 1079
f 1079 932 933
f 1079 933 1080
f 1080 933 934
f 1080 934 1081
f 1081 934 935
f 1081 935 1082
f 1082 935 936
f 1082 936 1083
f 1083 936 937
f 1083 937 1084
f 1084 937 938
f 1084 938 1085
f 1085 938 939
f 1085 939 1086
f 1086 939 928
f 1086 928 1075
f 1075 928 929
f 1087 1088 950
f 950 1088 1089
f 950 1089 949
f 949 1089 1090
f 949 1090 948
f 948 1090 1091
f 948 1091 947
f 947 1091 1092
f 947 1092 944
f 944 1092 1093
f 944 1093 943
f 943 1093 1094
f 943 1094 940
f 940 1094 1095
f 940 1095 941
f 941 1095 1096
f 941 1096 942
f 942 1096 1097
f 942 1097 945
f 945 1097 1098
f 945 1098 946
f 946 1098 1099
f 946 1099 951
f 951 1099 1100
f 951 1100 952
f 952 1100 1101
f 952 1101 953
f 953 1101 1087
f 953 1087 950
f 1102 1103 961
f 961 1103 1104
f 961 1104 960
f 960 1104 1105
f 960 1105 954
f 954 1105 1106
f 954 1106 955
f 955 1106 1107
f 955 1107 958
f 958 1107 1108
f 958 1108 959
f 959 1108 1109
f 959 1109 965
f 965 1109 1110
f 965 1110 966
f 966 1110 1111
f 966 1111 967
f 967 1111 1112
f 967 1112 956
f 956 1112 1113
f 956 1113 957
f 957 1113 1114
f 957 1114 962
f 962 1114 1115
f 962 1115 963
f 963 1115 1116
f 963 1116 964
f 964 1116 1102
f 964 1102 961
f 1117 1118 970
f 970 1118 1119
f 970 1119 971
f 971 1119 1120
f 971 1120 972
f 972 1120 1121
f 972 1121 968
f 968 1121 1122
f 968 1122 977
f 977 1122 1123
f 977 1123 978
f 978 1123 1124
f 978 1124 979
f 979 1124 1125
f 979 1125 980
f 980 1125 1126
f 980 1126 981
f 981 1126 1127
f 981 1127 976
f 976 1127 1128
f 976 1128 975
f 975 1128 1129
f 975 1129 974
f 974 1129 1130
f 974 1130 973
f 973 1130 1131
f 973 1131 969
f 969 1131 1117
f 969 1117 970
f 1132 982 1133
f 1133 982 992
f 1133 992 1134
f 1134 992 991
f 1134 991 1135
f 1135 991 990
f 1135 990 1136
f 1136 990 983
f 1136 983 1137
f 1137 983 984
f 1137 984 1138
f 1138 984 985
f 1138 985 1139
f 1139 985 986
f 1139 986 1140
f 1140 986 987
f 1140 987 1141
f 1141 987 995
f 1141 995 1142
f 1142 995 994
f 1142 994 1143
f 1143 994 993
f 1143 993 1144
f 1144 993 989
f 1144 989 1145
f 1145 989 988
f 1145 988 1132
f 1132 988 982
f 1146 1006 1147
f 1147 1006 1005
f 1147 1005 1148
f 1148 1005 999
f 1148 999 1149
f 1149 999 998
f 1149 998 1150
f 1150 998 1002
f 1150 1002 1151
f 1151 1002 1001
f 1151 1001 1152
f 1152 1001 1000
f 1152 1000 1153
f 1153 1000 997
f 1153 997 1154
f 1154 997 996
f 1154 996 1155
f 1155 996 1003
f 1155 1003 1156
f 1156 1003 1004
f 1156 1004 1157
f 1157 1004 1009
f 1157 1009 1158
f 1158 1009 1008
f 1158 1008 1159
f 1159 1008 1007
f 1159 1007 1146
f 1146 1007 1006
f 1160 1161 1018
f 1018 1161 1162
f 1018 1162 1017
f 1017 1162 1163
f 1017 1163 1016
f 1016 1163 1164
f 1016 1164 1015
f 1015 1164 1165
f 1015 1165 1011
f 1011 1165 1166
f 1011 1166 1012
f 1012 1166 1167
f 1012 1167 1013
f 1013 1167 1168
f 1013 1168 1014
f 1014 1168 1169
f 1014 1169 1010
f 1010 1169 1170
f 1010 1170 1021
f 1021 1170 1171
f 1021 1171 1022
f 1022 1171 1172
f 1022 1172 1023
f 1023 1172 1173
f 1023 1173 1020
f 1020 1173 1174
f 1020 1174 1019
f 1019 1174 1160
f 1019 1160 1018
f 1175 1032 1176
f 1176 1032 1031
f 1176 1031 1177
f 1177 1031 1030
f 1177 1030 1178
f 1178 1030 1035
f 1178 1035 1179
f 1179 1035 1034
f 1179 1034 1180
f 1180 1034 1033
f 1180 1033 1181
f 1181 1033 1025
f 1181 1025 1182
f 1182 1025 1024
f 1182 1024 1183
f 1183 1024 1029
f 1183 1029 1184
f 1184 1029 1028
f 1184 1028 1185
f 1185 1028 1027
f 1185 1027 1186
f 1186 1027 1026
f 1186 1026 1175
f 1175 1026 1032
f 1187 1043 1188
f 1188 1043 1042
f 1188 1042 1189
f 1189 1042 1041
f 1189 1041 1190
f 1190 1041 1038
f 1190 1038 1191
f 1191 1038 1047
f 1191 1047 1192
f 1192 1047 1046
f 1192 1046 1193
f 1193 1046 1045
f 1193 1045 1194
f 1194 1045 1044
f 1194 1044 1195
f 1195 1044 1037
f 1195 1037 1196
f 1196 1037 1036
f 1196 1036 1197
f 1197 1036 1040
f 1197 1040 1198
f 1198 1040 1039
f 1198 1039 1187
f 1187 1039 1043
f 1199 1200 1201
f 1202 1203 1204
f 1205 1206 1207
f 1048 1056 1208
f 1053 1206 1054
f 1054 1206 1205
f 1054 1205 1055
f 1059 1203 1060
f 1060 1203 1202
f 1060 1202 1061
f 1049 1200 1050
f 1050 1200 1199
f 1050 1199 1051
f 1208 1056 1209
f 1210 1207 1211
f 1211 1207 1206
f 1211 1206 1212
f 1212 1206 1053
f 1212 1053 1052
f 1213 1214 1215
f 1216 1204 1217
f 1217 1204 1203
f 1217 1203 1218
f 1218 1203 1059
f 1218 1059 1058
f 1219 1220 1221
f 1222 1201 1223
f 1223 1201 1200
f 1223 1200 1224
f 1224 1200 1049
f 1224 1049 1048
f 1225 1208 1226
f 1226 1208 1209
f 1226 1209 1227
f 1228 1214 1229
f 1229 1214 1213
f 1229 1213 1230
f 1052 1062 1215
f 1215 1062 1231
f 1215 1231 1213
f 1213 1231 1232
f 1213 1232 1230
f 1230 1232 1233
f 1234 1220 1235
f 1235 1220 1219
f 1235 1219 1236
f 1058 1057 1221
f 1221 1057 1237
f 1221 1237 1219
f 1219 1237 1238
f 1219 1238 1236
f 1236 1238 1239
f 1240 1225 1241
f 1241 1225 1226
f 1241 1226 1242
f 1242 1226 1227
f 1242 1227 1243
f 1056 1055 1209
f 1209 1055 1205
f 1209 1205 1227
f 1227 1205 1207
f 1227 1207 1243
f 1243 1207 1210
f 1243 1210 1244
f 1244 1210 1245
f 1052 1215 1212
f 1212 1215 1214
f 1212 1214 1211
f 1211 1214 1228
f 1211 1228 1210
f 1210 1228 1246
f 1210 1246 1245
f 1247 1248 1233
f 1233 1248 1249
f 1233 1249 1230
f 1230 1249 1250
f 1230 1250 1229
f 1229 1250 1251
f 1229 1251 1228
f 1228 1251 1252
f 1228 1252 1246
f 1062 1061 1231
f 1231 1061 1202
f 1231 1202 1232
f 1232 1202 1204
f 1232 1204 1233
f 1233 1204 1216
f 1233 1216 1247
f 1247 1216 1253
f 1058 1221 1218
f 1218 1221 1220
f 1218 1220 1217
f 1217 1220 1234
f 1217 1234 1216
f 1216 1234 1254
f 1216 1254 1253
f 1255 1256 1239
f 1239 1256 1257
f 1239 1257 1236
f 1236 1257 1258
f 1236 1258 1235
f 1235 1258 1259
f 1235 1259 1234
f 1234 1259 1260
f 1234 1260 1254
f 1057 1051 1237
f 1237 1051 1199
f 1237 1199 1238
f 1238 1199 1201
f 1238 1201 1239
f 1239 1201 1222
f 1239 1222 1255
f 1255 1222 1261
f 1048 1208 1224
f 1224 1208 1225
f 1224 1225 1223
f 1223 1225 1240
f 1223 1240 1222
f 1222 1240 1262
f 1222 1262 1261
f 1244 1263 1243
f 1243 1263 1264
f 1243 1264 1242
f 1242 1264 1265
f 1242 1265 1241
f 1241 1265 1266
f 1241 1266 1240
f 1240 1266 1267
f 1240 1267 1262
f 1066 1067 1268
f 1081 1082 1065
f 1268 1067 1269
f 1065 1082 1064
f 1270 1076 1271
f 1271 1076 1077
f 1271 1077 1272
f 1272 1077 1078
f 1272 1078 1273
f 1065 1066 1081
f 1081 1066 1268
f 1081 1268 1080
f 1080 1268 1274
f 1080 1274 1079
f 1079 1274 1275
f 1079 1275 1078
f 1078 1275 1276
f 1078 1276 1273
f 1277 1063 1064
f 1067 1068 1269
f 1269 1068 1069
f 1269 1069 1278
f 1278 1069 1070
f 1278 1070 1279
f 1279 1070 1071
f 1279 1071 1280
f 1280 1071 1072
f 1280 1072 1073
f 1082 1083 1064
f 1064 1083 1084
f 1064 1084 1277
f 1277 1084 1085
f 1277 1085 1281
f 1281 1085 1086
f 1281 1086 1270
f 1270 1086 1075
f 1270 1075 1076
f 1063 1277 1074
f 1074 1277 1282
f 1074 1282 1073
f 1073 1282 1283
f 1073 1283 1280
f 1284 1285 1286
f 1286 1285 1280
f 1286 1280 1287
f 1287 1280 1283
f 1288 1101 1289
f 1289 1101 1100
f 1289 1100 1290
f 1290 1100 1099
f 1290 1099 1291
f 1291 1099 1098
f 1291 1098 1292
f 1292 1098 1097
f 1292 1097 1293
f 1293 1097 1294
f 1294 1097 1096
f 1294 1096 1295
f 1295 1096 1095
f 1295 1095 1296
f 1296 1095 1094
f 1296 1094 1297
f 1297 1094 1093
f 1297 1093 1298
f 1298 1093 1092
f 1298 1092 1299
f 1299 1092 1091
f 1299 1091 1300
f 1300 1091 1090
f 1300 1090 1301
f 1301 1090 1089
f 1301 1089 1302
f 1302 1089 1088
f 1302 1088 1288
f 1288 1088 1087
f 1288 1087 1101
f 1107 1106 1303
f 1303 1106 1304
f 1304 1106 1105
f 1304 1105 1305
f 1305 1105 1104
f 1305 1104 1306
f 1303 1307 1107
f 1107 1307 1308
f 1107 1308 1108
f 1108 1308 1309
f 1108 1309 1109
f 1109 1309 1310
f 1109 1310 1110
f 1110 1310 1311
f 1110 1311 1111
f 1111 1311 1312
f 1111 1312 1112
f 1112 1312 1313
f 1112 1313 1113
f 1113 1313 1314
f 1113 1314 1114
f 1114 1314 1315
f 1114 1315 1115
f 1115 1315 1316
f 1115 1316 1116
f 1116 1316 1317
f 1116 1317 1102
f 1102 1317 1306
f 1102 1306 1103
f 1103 1306 1104
f 1122 1121 1318
f 1318 1121 1319
f 1319 1121 1120
f 1319 1120 1320
f 1320 1120 1119
f 1320 1119 1321
f 1318 1322 1122
f 1122 1322 1323
f 1122 1323 1123
f 1123 1323 1324
f 1123 1324 1124
f 1124 1324 1325
f 1124 1325 1125
f 1125 1325 1326
f 1125 1326 1126
f 1126 1326 1327
f 1126 1327 1127
f 1127 1327 1328
f 1127 1328 1128
f 1128 1328 1329
f 1128 1329 1129
f 1129 1329 1330
f 1129 1330 1130
f 1130 1330 1331
f 1130 1331 1131
f 1131 1331 1332
f 1131 1332 1117
f 1117 1332 1321
f 1117 1321 1118
f 1118 1321 1119
f 1333 1334 1139
f 1139 1334 1335
f 1139 1335 1138
f 1138 1335 1336
f 1138 1336 1137
f 1137 1336 1337
f 1137 1337 1136
f 1136 1337 1338
f 1136 1338 1135
f 1135 1338 1339
f 1135 1339 1134
f 1134 1339 1340
f 1134 1340 1133
f 1133 1340 1341
f 1133 1341 1132
f 1132 1341 1342
f 1132 1342 1145
f 1145 1342 1343
f 1145 1343 1144
f 1144 1343 1344
f 1144 1344 1143
f 1143 1344 1345
f 1143 1345 1142
f 1142 1345 1346
f 1142 1346 1141
f 1141 1346 1347
f 1141 1347 1140
f 1140 1347 1333
f 1140 1333 1139
f 1348 1349 1146
f 1146 1349 1350
f 1146 1350 1159
f 1159 1350 1351
f 1159 1351 1158
f 1158 1351 1352
f 1158 1352 1157
f 1157 1352 1353
f 1157 1353 1156
f 1156 1353 1354
f 1156 1354 1155
f 1155 1354 1355
f 1155 1355 1154
f 1154 1355 1356
f 1154 1356 1153
f 1153 1356 1357
f 1153 1357 1152
f 1152 1357 1358
f 1152 1358 1151
f 1151 1358 1359
f 1151 1359 1150
f 1150 1359 1360
f 1150 1360 1149
f 1149 1360 1361
f 1149 1361 1148
f 1148 1361 1362
f 1148 1362 1147
f 1147 1362 1348
f 1147 1348 1146
f 1363 1174 1364
f 1364 1174 1173
f 1364 1173 1365
f 1365 1173 1172
f 1365 1172 1366
f 1366 1172 1171
f 1366 1171 1367
f 1367 1171 1170
f 1367 1170 1368
f 1368 1170 1369
f 1369 1170 1169
f 1369 1169 1370
f 1370 1169 1168
f 1370 1168 1371
f 1371 1168 1167
f 1371 1167 1372
f 1372 1167 1166
f 1372 1166 1373
f 1373 1166 1165
f 1373 1165 1374
f 1374 1165 1164
f 1374 1164 1375
f 1375 1164 1163
f 1375 1163 1376
f 1376 1163 1162
f 1376 1162 1377
f 1377 1162 1161
f 1377 1161 1363
f 1363 1161 1160
f 1363 1160 1174
f 1378 1379 1380
f 1380 1379 1381
f 1380 1381 1382
f 1383 1384 1380
f 1380 1384 1385
f 1380 1385 1378
f 1386 1387 1380
f 1380 1387 1388
f 1380 1388 1383
f 1382 1389 1380
f 1380 1389 1390
f 1380 1390 1386
f 1391 1392 1393
f 1393 1392 1394
f 1393 1394 1395
f 1396 1397 1393
f 1393 1397 1398
f 1393 1398 1391
f 1399 1400 1393
f 1393 1400 1401
f 1393 1401 1396
f 1395 1402 1393
f 1393 1402 1403
f 1393 1403 1399
f 1404 1405 1406
f 1407 1405 1404
f 1404 1408 1409
f 1410 1408 1404
f 1406 1410 1404
f 1404 1411 1412
f 1413 1411 1404
f 1409 1413 1404
f 1404 1414 1415
f 1416 1414 1404
f 1412 1416 1404
f 1415 1407 1404
f 1417 1418 1419
f 1420 1418 1417
f 1417 1421 1422
f 1423 1421 1417
f 1419 1423 1417
f 1417 1424 1425
f 1426 1424 1417
f 1422 1426 1417
f 1417 1427 1428
f 1429 1427 1417
f 1425 1429 1417
f 1428 1420 1417
f 1180 1430 1179
f 1179 1430 1431
f 1179 1431 1178
f 1178 1431 1432
f 1178 1432 1177
f 1177 1432 1433
f 1177 1433 1176
f 1176 1433 1434
f 1176 1434 1175
f 1175 1434 1435
f 1175 1435 1186
f 1186 1435 1436
f 1186 1436 1185
f 1185 1436 1437
f 1185 1437 1184
f 1184 1437 1438
f 1184 1438 1183
f 1183 1438 1439
f 1183 1439 1182
f 1182 1439 1440
f 1182 1440 1181
f 1181 1440 1441
f 1181 1441 1180
f 1180 1441 1430
f 1191 1442 1190
f 1190 1442 1443
f 1190 1443 1189
f 1189 1443 1444
f 1189 1444 1188
f 1188 1444 1445
f 1188 1445 1187
f 1187 1445 1446
f 1187 1446 1198
f 1198 1446 1447
f 1198 1447 1197
f 1197 1447 1448
f 1197 1448 1196
f 1196 1448 1449
f 1196 1449 1195
f 1195 1449 1450
f 1195 1450 1194
f 1194 1450 1451
f 1194 1451 1193
f 1193 1451 1452
f 1193 1452 1192
f 1192 1452 1453
f 1192 1453 1191
f 1191 1453 1442
f 1454 1455 1245
f 1265 1264 1456
f 1456 1264 1263
f 1456 1263 1455
f 1455 1263 1244
f 1455 1244 1245
f 1265 1456 1266
f 1266 1456 1457
f 1266 1457 1267
f 1267 1457 1458
f 1267 1458 1262
f 1262 1458 1261
f 1261 1458 1459
f 1261 1459 1255
f 1255 1459 1256
f 1256 1459 1460
f 1256 1460 1257
f 1245 1246 1454
f 1454 1246 1252
f 1454 1252 1461
f 1461 1252 1251
f 1461 1251 1462
f 1462 1251 1250
f 1462 1250 1463
f 1463 1250 1249
f 1463 1249 1464
f 1464 1249 1248
f 1464 1248 1465
f 1465 1248 1247
f 1465 1247 1466
f 1466 1247 1253
f 1466 1253 1467
f 1467 1253 1254
f 1467 1254 1468
f 1468 1254 1260
f 1468 1260 1469
f 1469 1260 1259
f 1469 1259 1460
f 1460 1259 1258
f 1460 1258 1257
f 1270 1470 1281
f 1281 1470 1471
f 1281 1471 1277
f 1277 1471 1472
f 1277 1472 1282
f 1282 1472 1473
f 1282 1473 1283
f 1283 1473 1474
f 1283 1474 1475
f 1283 1475 1287
f 1287 1475 1476
f 1287 1476 1286
f 1286 1476 1477
f 1286 1477 1284
f 1284 1477 1478
f 1284 1478 1285
f 1285 1478 1479
f 1285 1479 1280
f 1480 1271 1272
f 1480 1272 1481
f 1481 1272 1273
f 1481 1273 1482
f 1482 1273 1276
f 1482 1276 1483
f 1470 1270 1484
f 1484 1270 1271
f 1456 1271 1457
f 1457 1271 1480
f 1457 1480 1458
f 1468 1469 1485
f 1485 1469 1460
f 1485 1460 1480
f 1480 1460 1459
f 1480 1459 1458
f 1456 1455 1271
f 1271 1455 1454
f 1271 1454 1484
f 1484 1454 1461
f 1484 1461 1462
f 1486 1487 1488
f 1488 1487 1279
f 1488 1279 1479
f 1479 1279 1280
f 1489 1269 1278
f 1489 1278 1490
f 1490 1278 1279
f 1490 1279 1487
f 1489 1491 1269
f 1269 1491 1492
f 1493 1268 1494
f 1494 1268 1269
f 1494 1269 1495
f 1495 1269 1492
f 1496 1275 1274
f 1496 1274 1497
f 1497 1274 1268
f 1497 1268 1493
f 1275 1496 1276
f 1276 1496 1483
f 1295 1498 1294
f 1294 1498 1499
f 1294 1499 1293
f 1293 1499 1500
f 1293 1500 1292
f 1292 1500 1501
f 1292 1501 1291
f 1291 1501 1502
f 1291 1502 1290
f 1290 1502 1503
f 1290 1503 1289
f 1289 1503 1504
f 1289 1504 1288
f 1288 1504 1505
f 1288 1505 1302
f 1302 1505 1506
f 1302 1506 1301
f 1301 1506 1507
f 1301 1507 1300
f 1300 1507 1508
f 1300 1508 1299
f 1299 1508 1509
f 1299 1509 1298
f 1298 1509 1510
f 1298 1510 1297
f 1297 1510 1511
f 1297 1511 1296
f 1296 1511 1512
f 1296 1512 1295
f 1295 1512 1498
f 1513 1514 1312
f 1312 1514 1515
f 1312 1515 1313
f 1313 1515 1516
f 1313 1516 1314
f 1314 1516 1517
f 1314 1517 1315
f 1315 1517 1518
f 1315 1518 1316
f 1316 1518 1519
f 1316 1519 1317
f 1317 1519 1520
f 1317 1520 1306
f 1306 1520 1521
f 1306 1521 1305
f 1305 1521 1522
f 1305 1522 1304
f 1304 1522 1523
f 1304 1523 1303
f 1303 1523 1524
f 1303 1524 1307
f 1524 1525 1307
f 1307 1525 1526
f 1307 1526 1308
f 1308 1526 1527
f 1527 1528 1308
f 1308 1528 1529
f 1308 1529 1309
f 1309 1529 1530
f 1309 1530 1310
f 1310 1530 1531
f 1310 1531 1311
f 1311 1531 1532
f 1311 1532 1312
f 1312 1532 1533
f 1312 1533 1513
f 1325 1534 1326
f 1326 1534 1535
f 1326 1535 1327
f 1327 1535 1536
f 1327 1536 1328
f 1328 1536 1537
f 1328 1537 1329
f 1329 1537 1538
f 1329 1538 1330
f 1330 1538 1539
f 1330 1539 1331
f 1331 1539 1540
f 1331 1540 1332
f 1332 1540 1541
f 1332 1541 1321
f 1321 1541 1542
f 1321 1542 1320
f 1320 1542 1543
f 1320 1543 1319
f 1319 1543 1544
f 1319 1544 1318
f 1318 1544 1545
f 1318 1545 1322
f 1322 1545 1546
f 1322 1546 1323
f 1323 1546 1547
f 1323 1547 1324
f 1324 1547 1548
f 1324 1548 1325
f 1325 1548 1534
f 1342 1549 1343
f 1343 1549 1550
f 1343 1550 1344
f 1344 1550 1551
f 1344 1551 1345
f 1345 1551 1552
f 1345 1552 1346
f 1346 1552 1553
f 1346 1553 1347
f 1347 1553 1554
f 1347 1554 1333
f 1333 1554 1555
f 1333 1555 1334
f 1334 1555 1556
f 1334 1556 1335
f 1335 1556 1557
f 1335 1557 1336
f 1336 1557 1558
f 1336 1558 1337
f 1337 1558 1559
f 1337 1559 1338
f 1338 1559 1560
f 1338 1560 1339
f 1339 1560 1561
f 1339 1561 1340
f 1340 1561 1562
f 1340 1562 1341
f 1341 1562 1563
f 1341 1563 1342
f 1342 1563 1549
f 1357 1564 1358
f 1358 1564 1565
f 1358 1565 1359
f 1359 1565 1566
f 1359 1566 1360
f 1360 1566 1567
f 1360 1567 1361
f 1361 1567 1568
f 1361 1568 1362
f 1362 1568 1569
f 1362 1569 1348
f 1348 1569 1570
f 1348 1570 1349
f 1349 1570 1571
f 1349 1571 1350
f 1350 1571 1572
f 1350 1572 1351
f 1351 1572 1573
f 1351 1573 1352
f 1352 1573 1574
f 1352 1574 1353
f 1353 1574 1575
f 1353 1575 1354
f 1354 1575 1576
f 1354 1576 1355
f 1355 1576 1577
f 1355 1577 1356
f 1356 1577 1578
f 1356 1578 1357
f 1357 1578 1564
f 1370 1579 1369
f 1369 1579 1580
f 1369 1580 1368
f 1368 1580 1581
f 1368 1581 1367
f 1367 1581 1582
f 1367 1582 1366
f 1366 1582 1583
f 1366 1583 1365
f 1365 1583 1584
f 1365 1584 1364
f 1364 1584 1585
f 1364 1585 1363
f 1363 1585 1586
f 1363 1586 1377
f 1377 1586 1587
f 1377 1587 1376
f 1376 1587 1588
f 1376 1588 1375
f 1375 1588 1589
f 1375 1589 1374
f 1374 1589 1590
f 1374 1590 1373
f 1373 1590 1591
f 1373 1591 1372
f 1372 1591 1592
f 1372 1592 1371
f 1371 1592 1593
f 1371 1593 1370
f 1370 1593 1579
f 1381 1594 1382
f 1382 1594 1595
f 1382 1595 1389
f 1389 1595 1596
f 1389 1596 1390
f 1390 1596 1597
f 1390 1597 1386
f 1386 1597 1598
f 1386 1598 1387
f 1387 1598 1599
f 1387 1599 1388
f 1388 1599 1600
f 1388 1600 1383
f 1383 1600 1601
f 1383 1601 1384
f 1384 1601 1602
f 1384 1602 1385
f 1385 1602 1603
f 1385 1603 1378
f 1378 1603 1604
f 1378 1604 1379
f 1379 1604 1605
f 1379 1605 1381
f 1381 1605 1594
f 1394 1606 1395
f 1395 1606 1607
f 1395 1607 1402
f 1402 1607 1608
f 1402 1608 1403
f 1403 1608 1609
f 1403 1609 1399
f 1399 1609 1610
f 1399 1610 1400
f 1400 1610 1611
f 1400 1611 1401
f 1401 1611 1612
f 1401 1612 1396
f 1396 1612 1613
f 1396 1613 1397
f 1397 1613 1614
f 1397 1614 1398
f 1398 1614 1615
f 1398 1615 1391
f 1391 1615 1616
f 1391 1616 1392
f 1392 1616 1617
f 1392 1617 1394
f 1394 1617 1606
f 1407 1618 1405
f 1405 1618 1619
f 1405 1619 1406
f 1406 1619 1620
f 1406 1620 1410
f 1410 1620 1621
f 1410 1621 1408
f 1408 1621 1622
f 1408 1622 1409
f 1409 1622 1623
f 1409 1623 1413
f 1413 1623 1624
f 1413 1624 1411
f 1411 1624 1625
f 1411 1625 1412
f 1412 1625 1626
f 1412 1626 1416
f 1416 1626 1627
f 1416 1627 1414
f 1414 1627 1628
f 1414 1628 1415
f 1415 1628 1629
f 1415 1629 1407
f 1407 1629 1618
f 1420 1630 1418
f 1418 1630 1631
f 1418 1631 1419
f 1419 1631 1632
f 1419 1632 1423
f 1423 1632 1633
f 1423 1633 1421
f 1421 1633 1634
f 1421 1634 1422
f 1422 1634 1635
f 1422 1635 1426
f 1426 1635 1636
f 1426 1636 1424
f 1424 1636 1637
f 1424 1637 1425
f 1425 1637 1638
f 1425 1638 1429
f 1429 1638 1639
f 1429 1639 1427
f 1427 1639 1640
f 1427 1640 1428
f 1428 1640 1641
f 1428 1641 1420
f 1420 1641 1630
f 1642 1643 1644
f 1644 1645 1642
f 1642 1645 1646
f 1642 1646 1647
f 1646 1648 1647
f 1647 1648 1649
f 1647 1649 1650
f 1649 1651 1650
f 1650 1651 1652
f 1650 1652 1653
f 1652 1654 1653
f 1653 1654 1655
f 1653 1655 1656
f 1655 1657 1656
f 1656 1657 1658
f 1656 1658 1659
f 1658 1660 1659
f 1659 1660 1661
f 1659 1661 1662
f 1662 1661 1663
f 1662 1663 1664
f 1663 1665 1664
f 1664 1665 1666
f 1664 1666 1667
f 1666 1668 1667
f 1667 1668 1669
f 1667 1669 1670
f 1669 1671 1670
f 1670 1671 1672
f 1670 1672 1673
f 1672 1674 1673
f 1673 1674 1675
f 1673 1675 1676
f 1675 1677 1676
f 1676 1677 1678
f 1676 1678 1679
f 1678 1680 1679
f 1679 1680 1681
f 1679 1681 1682
f 1681 1683 1682
f 1682 1683 1684
f 1682 1684 1685
f 1685 1684 1686
f 1685 1686 1643
f 1643 1686 1687
f 1643 1687 1644
f 1441 1688 1430
f 1430 1688 1689
f 1430 1689 1431
f 1431 1689 1690
f 1431 1690 1432
f 1432 1690 1691
f 1432 1691 1433
f 1433 1691 1692
f 1433 1692 1434
f 1434 1692 1693
f 1434 1693 1435
f 1435 1693 1694
f 1435 1694 1436
f 1436 1694 1695
f 1436 1695 1437
f 1437 1695 1696
f 1437 1696 1438
f 1438 1696 1697
f 1438 1697 1439
f 1439 1697 1698
f 1439 1698 1440
f 1440 1698 1699
f 1440 1699 1441
f 1441 1699 1688
f 1452 1700 1453
f 1453 1700 1701
f 1453 1701 1442
f 1442 1701 1702
f 1442 1702 1443
f 1443 1702 1703
f 1443 1703 1444
f 1444 1703 1704
f 1444 1704 1445
f 1445 1704 1705
f 1445 1705 1446
f 1446 1705 1706
f 1446 1706 1447
f 1447 1706 1707
f 1447 1707 1448
f 1448 1707 1708
f 1448 1708 1449
f 1449 1708 1709
f 1449 1709 1450
f 1450 1709 1710
f 1450 1710 1451
f 1451 1710 1711
f 1451 1711 1452
f 1452 1711 1700
f 1486 1488 1712
f 1712 1488 1713
f 1712 1713 1714
f 1714 1713 1715
f 1673 1676 1716
f 1717 1718 1719
f 1577 1720 1721
f 1576 1575 1722
f 1542 1541 1723
f 1504 1724 1505
f 1725 1726 1727
f 1728 1729 1730
f 1731 1732 1733
f 1734 1561 1735
f 1736 1485 1737
f 1738 1480 1739
f 1739 1480 1481
f 1736 1737 1740
f 1741 1742 1743
f 1743 1742 1744
f 1743 1744 1745
f 1746 1747 1748
f 1632 1749 1633
f 1633 1749 1750
f 1633 1750 1634
f 1634 1750 1751
f 1634 1751 1635
f 1635 1751 1747
f 1635 1747 1636
f 1636 1747 1746
f 1636 1746 1637
f 1632 1631 1749
f 1749 1631 1630
f 1749 1630 1752
f 1753 1754 1755
f 1755 1754 1756
f 1531 1757 1532
f 1532 1757 1758
f 1532 1758 1533
f 1533 1758 1753
f 1533 1753 1513
f 1513 1753 1755
f 1513 1755 1759
f 1759 1755 1756
f 1759 1756 1760
f 1531 1530 1757
f 1757 1530 1529
f 1757 1529 1597
f 1597 1596 1757
f 1757 1596 1595
f 1757 1595 1761
f 1761 1595 1594
f 1761 1594 1762
f 1762 1594 1605
f 1763 1601 1764
f 1764 1601 1600
f 1764 1600 1528
f 1528 1600 1599
f 1528 1599 1529
f 1529 1599 1598
f 1529 1598 1597
f 1605 1604 1762
f 1762 1604 1603
f 1762 1603 1763
f 1763 1603 1602
f 1763 1602 1601
f 1724 1504 1763
f 1504 1503 1763
f 1763 1503 1502
f 1763 1502 1762
f 1762 1502 1501
f 1762 1501 1765
f 1501 1500 1765
f 1765 1500 1499
f 1765 1499 1766
f 1766 1499 1498
f 1766 1498 1767
f 1767 1498 1512
f 1767 1512 1768
f 1512 1511 1768
f 1768 1511 1510
f 1768 1510 1509
f 1769 1768 1770
f 1770 1768 1509
f 1770 1509 1508
f 1769 1771 1768
f 1768 1771 1772
f 1768 1772 1773
f 1773 1772 1774
f 1773 1774 1775
f 1774 1776 1775
f 1775 1776 1777
f 1775 1777 1778
f 1778 1777 1779
f 1778 1779 1780
f 1781 1782 1783
f 1783 1782 1775
f 1783 1775 1784
f 1784 1775 1778
f 1785 1786 1781
f 1781 1786 1787
f 1781 1787 1782
f 1561 1734 1562
f 1788 1547 1789
f 1789 1547 1546
f 1789 1546 1728
f 1730 1729 1790
f 1725 1791 1726
f 1726 1791 1792
f 1726 1792 1793
f 1793 1792 1794
f 1793 1794 1790
f 1795 1796 1797
f 1797 1796 1798
f 1797 1798 1799
f 1800 1712 1714
f 1800 1714 1801
f 1802 1487 1486
f 1802 1709 1487
f 1487 1709 1708
f 1487 1708 1803
f 1491 1489 1803
f 1803 1489 1490
f 1803 1490 1487
f 1803 1804 1491
f 1491 1804 1805
f 1491 1805 1492
f 1493 1494 1739
f 1739 1494 1495
f 1497 1493 1496
f 1496 1493 1739
f 1496 1739 1483
f 1483 1739 1481
f 1483 1481 1482
f 1508 1507 1770
f 1770 1507 1506
f 1770 1506 1806
f 1806 1506 1807
f 1516 1515 1808
f 1808 1515 1514
f 1519 1518 1809
f 1809 1518 1517
f 1809 1517 1810
f 1810 1517 1516
f 1810 1516 1760
f 1760 1516 1808
f 1760 1808 1759
f 1759 1808 1514
f 1759 1514 1513
f 1811 1521 1520
f 1519 1809 1520
f 1520 1809 1812
f 1520 1812 1811
f 1813 1526 1525
f 1522 1814 1523
f 1523 1814 1815
f 1523 1815 1524
f 1816 1534 1788
f 1788 1534 1548
f 1788 1548 1547
f 1538 1537 1817
f 1817 1537 1536
f 1817 1536 1816
f 1816 1536 1535
f 1816 1535 1534
f 1546 1545 1728
f 1728 1545 1544
f 1728 1544 1729
f 1729 1544 1543
f 1729 1543 1542
f 1734 1818 1562
f 1562 1818 1819
f 1562 1819 1563
f 1563 1819 1820
f 1563 1820 1549
f 1549 1820 1821
f 1549 1821 1550
f 1550 1821 1822
f 1822 1823 1550
f 1550 1823 1824
f 1550 1824 1551
f 1551 1824 1825
f 1551 1825 1552
f 1826 1555 1554
f 1731 1827 1732
f 1732 1827 1828
f 1732 1828 1557
f 1735 1561 1829
f 1829 1561 1560
f 1829 1560 1827
f 1827 1560 1559
f 1827 1559 1828
f 1828 1559 1558
f 1828 1558 1557
f 1830 1567 1566
f 1572 1571 1745
f 1745 1831 1572
f 1572 1831 1832
f 1572 1832 1573
f 1573 1832 1574
f 1574 1832 1833
f 1574 1833 1834
f 1720 1577 1835
f 1566 1565 1830
f 1830 1565 1564
f 1830 1564 1721
f 1721 1564 1578
f 1721 1578 1577
f 1593 1836 1579
f 1579 1836 1837
f 1579 1837 1580
f 1580 1837 1581
f 1581 1837 1838
f 1581 1838 1582
f 1585 1802 1800
f 1800 1802 1486
f 1800 1486 1712
f 1839 1840 1801
f 1801 1840 1590
f 1801 1590 1589
f 1589 1588 1801
f 1801 1588 1587
f 1801 1587 1800
f 1800 1587 1586
f 1800 1586 1585
f 1841 1842 1843
f 1843 1842 1844
f 1843 1844 1845
f 1845 1844 1846
f 1845 1846 1821
f 1821 1846 1847
f 1821 1847 1822
f 1552 1825 1848
f 1848 1825 1849
f 1848 1849 1850
f 1850 1849 1851
f 1850 1851 1852
f 1853 1854 1855
f 1855 1854 1806
f 1806 1854 1856
f 1806 1856 1770
f 1770 1856 1857
f 1770 1857 1769
f 1858 1859 1860
f 1861 1836 1862
f 1862 1836 1863
f 1861 1864 1836
f 1836 1864 1865
f 1836 1865 1859
f 1859 1865 1866
f 1859 1866 1860
f 1860 1867 1858
f 1858 1867 1868
f 1858 1868 1869
f 1868 1870 1869
f 1869 1870 1871
f 1869 1871 1872
f 1872 1871 1873
f 1872 1873 1863
f 1863 1873 1874
f 1863 1874 1862
f 1875 1876 1877
f 1877 1876 1878
f 1877 1878 1879
f 1879 1878 1880
f 1879 1880 1539
f 1539 1880 1881
f 1539 1881 1540
f 1540 1881 1882
f 1540 1882 1541
f 1541 1882 1883
f 1541 1883 1723
f 1723 1883 1884
f 1723 1884 1885
f 1885 1884 1886
f 1619 1618 1887
f 1887 1618 1888
f 1887 1888 1889
f 1619 1887 1620
f 1620 1887 1859
f 1620 1859 1621
f 1621 1859 1858
f 1621 1858 1622
f 1622 1858 1869
f 1622 1869 1623
f 1623 1869 1890
f 1623 1890 1624
f 1618 1629 1888
f 1888 1629 1628
f 1888 1628 1891
f 1891 1628 1627
f 1891 1627 1892
f 1892 1627 1626
f 1892 1626 1625
f 1640 1639 1893
f 1893 1639 1638
f 1893 1638 1894
f 1679 1682 1895
f 1895 1682 1896
f 1664 1897 1662
f 1662 1897 1898
f 1662 1898 1659
f 1659 1898 1656
f 1656 1898 1899
f 1656 1899 1653
f 1647 1650 1900
f 1901 1700 1902
f 1902 1700 1711
f 1902 1711 1802
f 1802 1711 1710
f 1802 1710 1709
f 1805 1703 1903
f 1903 1703 1702
f 1903 1702 1901
f 1901 1702 1701
f 1901 1701 1700
f 1708 1707 1803
f 1803 1707 1706
f 1803 1706 1804
f 1804 1706 1705
f 1804 1705 1805
f 1805 1705 1704
f 1805 1704 1703
f 1904 1905 1906
f 1907 1908 1812
f 1908 1909 1812
f 1812 1909 1910
f 1812 1910 1811
f 1811 1910 1911
f 1811 1911 1912
f 1905 1913 1906
f 1906 1913 1914
f 1906 1914 1915
f 1915 1914 1916
f 1915 1916 1917
f 1810 1918 1809
f 1809 1918 1919
f 1809 1919 1812
f 1812 1919 1915
f 1812 1915 1907
f 1907 1915 1917
f 1920 1921 1721
f 1922 1923 1746
f 1746 1923 1924
f 1746 1924 1925
f 1925 1924 1926
f 1925 1926 1927
f 1928 1929 1830
f 1921 1930 1721
f 1721 1930 1931
f 1721 1931 1830
f 1830 1931 1932
f 1830 1932 1928
f 1571 1570 1745
f 1745 1570 1569
f 1745 1569 1743
f 1743 1569 1568
f 1743 1568 1741
f 1741 1568 1567
f 1741 1567 1748
f 1748 1567 1830
f 1748 1830 1746
f 1746 1830 1929
f 1746 1929 1922
f 1697 1696 1903
f 1903 1696 1695
f 1903 1695 1694
f 1492 1805 1495
f 1495 1805 1903
f 1495 1903 1739
f 1739 1903 1694
f 1739 1694 1693
f 1690 1738 1691
f 1691 1738 1739
f 1691 1739 1692
f 1692 1739 1693
f 1690 1689 1738
f 1738 1689 1688
f 1738 1688 1933
f 1933 1688 1699
f 1933 1699 1698
f 1834 1833 1838
f 1838 1833 1934
f 1838 1934 1582
f 1744 1740 1745
f 1745 1740 1737
f 1745 1737 1831
f 1831 1737 1935
f 1831 1935 1832
f 1832 1935 1936
f 1832 1936 1833
f 1833 1936 1937
f 1833 1937 1934
f 1934 1937 1938
f 1934 1938 1582
f 1582 1938 1583
f 1485 1480 1737
f 1737 1480 1738
f 1737 1738 1935
f 1935 1738 1933
f 1935 1933 1936
f 1936 1933 1939
f 1936 1939 1937
f 1937 1939 1940
f 1937 1940 1938
f 1938 1940 1941
f 1938 1941 1583
f 1583 1941 1584
f 1698 1697 1933
f 1933 1697 1903
f 1933 1903 1939
f 1939 1903 1901
f 1939 1901 1940
f 1940 1901 1902
f 1940 1902 1941
f 1941 1902 1802
f 1941 1802 1584
f 1584 1802 1585
f 1528 1527 1764
f 1764 1527 1942
f 1764 1942 1763
f 1763 1942 1943
f 1763 1943 1724
f 1724 1943 1807
f 1724 1807 1505
f 1505 1807 1506
f 1912 1904 1811
f 1811 1904 1906
f 1811 1906 1944
f 1944 1906 1945
f 1944 1945 1946
f 1946 1945 1947
f 1946 1947 1948
f 1948 1947 1949
f 1948 1949 1895
f 1895 1949 1950
f 1895 1950 1679
f 1919 1749 1915
f 1915 1749 1752
f 1915 1752 1906
f 1906 1752 1951
f 1906 1951 1945
f 1945 1951 1952
f 1945 1952 1947
f 1947 1952 1953
f 1947 1953 1949
f 1949 1953 1954
f 1949 1954 1950
f 1950 1954 1716
f 1950 1716 1679
f 1679 1716 1676
f 1630 1641 1752
f 1752 1641 1640
f 1752 1640 1951
f 1951 1640 1893
f 1951 1893 1952
f 1952 1893 1955
f 1952 1955 1953
f 1953 1955 1956
f 1953 1956 1954
f 1954 1956 1957
f 1954 1957 1716
f 1716 1957 1958
f 1716 1958 1673
f 1673 1958 1670
f 1638 1637 1894
f 1894 1637 1746
f 1894 1746 1893
f 1893 1746 1925
f 1893 1925 1955
f 1955 1925 1959
f 1955 1959 1956
f 1956 1959 1960
f 1956 1960 1957
f 1957 1960 1961
f 1957 1961 1958
f 1958 1961 1962
f 1958 1962 1670
f 1670 1962 1667
f 1927 1920 1925
f 1925 1920 1721
f 1925 1721 1959
f 1959 1721 1720
f 1959 1720 1960
f 1960 1720 1835
f 1960 1835 1961
f 1961 1835 1963
f 1961 1963 1962
f 1962 1963 1897
f 1962 1897 1667
f 1667 1897 1664
f 1714 1795 1801
f 1801 1795 1797
f 1801 1797 1839
f 1839 1797 1799
f 1839 1799 1727
f 1727 1799 1964
f 1727 1964 1725
f 1525 1524 1813
f 1813 1524 1815
f 1813 1815 1965
f 1965 1815 1966
f 1965 1966 1967
f 1967 1966 1968
f 1967 1968 1969
f 1969 1968 1970
f 1969 1970 1971
f 1971 1970 1972
f 1971 1972 1843
f 1843 1972 1850
f 1843 1850 1841
f 1841 1850 1852
f 1577 1576 1835
f 1835 1576 1722
f 1835 1722 1963
f 1963 1722 1973
f 1963 1973 1897
f 1897 1973 1974
f 1897 1974 1898
f 1898 1974 1975
f 1898 1975 1899
f 1899 1975 1976
f 1899 1976 1877
f 1877 1976 1719
f 1877 1719 1875
f 1875 1719 1718
f 1575 1574 1722
f 1722 1574 1834
f 1722 1834 1973
f 1973 1834 1838
f 1973 1838 1974
f 1974 1838 1837
f 1974 1837 1975
f 1975 1837 1836
f 1975 1836 1976
f 1976 1836 1859
f 1976 1859 1719
f 1719 1859 1887
f 1719 1887 1717
f 1717 1887 1889
f 1593 1592 1836
f 1836 1592 1591
f 1836 1591 1863
f 1863 1591 1590
f 1863 1590 1872
f 1872 1590 1840
f 1872 1840 1869
f 1869 1840 1839
f 1869 1839 1890
f 1890 1839 1727
f 1890 1727 1624
f 1624 1727 1726
f 1553 1552 1977
f 1977 1552 1848
f 1977 1848 1978
f 1978 1848 1850
f 1978 1850 1979
f 1979 1850 1972
f 1979 1972 1896
f 1896 1972 1970
f 1896 1970 1895
f 1895 1970 1968
f 1895 1968 1948
f 1948 1968 1966
f 1948 1966 1946
f 1946 1966 1815
f 1946 1815 1944
f 1944 1815 1814
f 1944 1814 1811
f 1811 1814 1522
f 1811 1522 1521
f 1979 1980 1978
f 1978 1980 1981
f 1978 1981 1977
f 1977 1981 1826
f 1977 1826 1553
f 1553 1826 1554
f 1980 1982 1981
f 1981 1982 1983
f 1981 1983 1826
f 1826 1983 1984
f 1826 1984 1555
f 1555 1984 1985
f 1555 1985 1556
f 1556 1985 1557
f 1539 1538 1879
f 1879 1538 1817
f 1879 1817 1877
f 1877 1817 1986
f 1877 1986 1899
f 1899 1986 1987
f 1899 1987 1653
f 1780 1853 1778
f 1778 1853 1855
f 1778 1855 1784
f 1784 1855 1988
f 1784 1988 1783
f 1783 1988 1989
f 1783 1989 1781
f 1781 1989 1990
f 1781 1990 1785
f 1785 1990 1991
f 1527 1526 1942
f 1942 1526 1813
f 1942 1813 1943
f 1943 1813 1965
f 1943 1965 1807
f 1807 1965 1967
f 1807 1967 1806
f 1806 1967 1969
f 1806 1969 1855
f 1855 1969 1971
f 1855 1971 1988
f 1988 1971 1843
f 1988 1843 1989
f 1989 1843 1845
f 1989 1845 1990
f 1990 1845 1821
f 1990 1821 1991
f 1991 1821 1820
f 1892 1992 1891
f 1891 1992 1885
f 1891 1885 1888
f 1888 1885 1886
f 1888 1886 1889
f 1542 1723 1729
f 1729 1723 1885
f 1729 1885 1790
f 1790 1885 1992
f 1790 1992 1793
f 1793 1992 1892
f 1793 1892 1726
f 1726 1892 1625
f 1726 1625 1624
f 1557 1985 1732
f 1732 1985 1606
f 1732 1606 1617
f 1617 1616 1732
f 1732 1616 1615
f 1732 1615 1733
f 1733 1615 1614
f 1614 1613 1733
f 1733 1613 1612
f 1733 1612 1993
f 1993 1612 1611
f 1993 1611 1610
f 1609 1608 1985
f 1985 1608 1607
f 1985 1607 1606
f 1610 1609 1993
f 1993 1609 1985
f 1993 1985 1994
f 1994 1985 1984
f 1994 1984 1995
f 1995 1984 1983
f 1995 1983 1900
f 1900 1983 1982
f 1900 1982 1647
f 1647 1982 1980
f 1647 1980 1642
f 1642 1980 1979
f 1642 1979 1643
f 1643 1979 1896
f 1643 1896 1685
f 1685 1896 1682
f 1650 1653 1900
f 1900 1653 1987
f 1900 1987 1995
f 1995 1987 1986
f 1995 1986 1994
f 1994 1986 1817
f 1994 1817 1993
f 1993 1817 1816
f 1993 1816 1733
f 1733 1816 1788
f 1733 1788 1731
f 1731 1788 1789
f 1881 1996 1882
f 1882 1996 1997
f 1882 1997 1883
f 1883 1997 1998
f 1883 1998 1884
f 1884 1998 1999
f 1884 1999 1886
f 1886 1999 2000
f 1886 2000 1889
f 1889 2000 2001
f 1889 2001 1717
f 2001 2002 1717
f 1717 2002 2003
f 1717 2003 1718
f 1718 2003 2004
f 1718 2004 1875
f 1875 2004 2005
f 1875 2005 1876
f 1876 2005 2006
f 1876 2006 1878
f 1878 2006 2007
f 1878 2007 1880
f 1880 2007 2008
f 1880 2008 1881
f 1881 2008 2009
f 1881 2009 1996
f 1860 2010 1867
f 1867 2010 2011
f 1867 2011 1868
f 1868 2011 2012
f 1868 2012 1870
f 1870 2012 2013
f 1870 2013 1871
f 1871 2013 2014
f 1871 2014 1873
f 1873 2014 2015
f 1873 2015 1874
f 2015 2016 1874
f 1874 2016 2017
f 1874 2017 1862
f 1862 2017 2018
f 1862 2018 1861
f 1861 2018 2019
f 1861 2019 1864
f 1864 2019 2020
f 1864 2020 1865
f 1865 2020 2021
f 1865 2021 1866
f 1866 2021 2022
f 1866 2022 1860
f 1860 2022 2023
f 1860 2023 2010
f 1824 2024 1825
f 1825 2024 2025
f 1825 2025 1849
f 1849 2025 2026
f 1849 2026 1851
f 1851 2026 2027
f 1851 2027 1852
f 1852 2027 2028
f 1852 2028 1841
f 1841 2028 2029
f 1841 2029 1842
f 2029 2030 1842
f 1842 2030 2031
f 1842 2031 1844
f 1844 2031 2032
f 1844 2032 1846
f 1846 2032 2033
f 1846 2033 1847
f 1847 2033 2034
f 1847 2034 1822
f 1822 2034 2035
f 1822 2035 1823
f 1823 2035 2036
f 1823 2036 1824
f 1824 2036 2037
f 1824 2037 2024
f 1779 2038 1780
f 1780 2038 2039
f 1780 2039 1853
f 1853 2039 2040
f 1853 2040 1854
f 1854 2040 2041
f 1854 2041 1856
f 1856 2041 2042
f 1856 2042 1857
f 1857 2042 2043
f 1857 2043 1769
f 2043 2044 1769
f 1769 2044 2045
f 1769 2045 1771
f 1771 2045 2046
f 1771 2046 1772
f 1772 2046 2047
f 1772 2047 1774
f 1774 2047 2048
f 1774 2048 1776
f 1776 2048 2049
f 1776 2049 1777
f 1777 2049 2050
f 1777 2050 1779
f 1779 2050 2051
f 1779 2051 2038
f 1914 2052 1916
f 1916 2052 2053
f 1916 2053 1917
f 1917 2053 2054
f 1917 2054 1907
f 1907 2054 2055
f 1907 2055 1908
f 1908 2055 2056
f 1908 2056 1909
f 1909 2056 2057
f 1909 2057 1910
f 2057 2058 1910
f 1910 2058 2059
f 1910 2059 1911
f 1911 2059 2060
f 1911 2060 1912
f 1912 2060 2061
f 1912 2061 1904
f 1904 2061 2062
f 1904 2062 1905
f 1905 2062 2063
f 1905 2063 1913
f 1913 2063 2064
f 1913 2064 1914
f 1914 2064 2065
f 1914 2065 2052
f 1930 2066 1931
f 1931 2066 2067
f 1931 2067 1932
f 1932 2067 2068
f 1932 2068 1928
f 1928 2068 2069
f 1928 2069 1929
f 1929 2069 2070
f 1929 2070 1922
f 1922 2070 2071
f 1922 2071 1923
f 2071 2072 1923
f 1923 2072 2073
f 1923 2073 1924
f 1924 2073 2074
f 1924 2074 1926
f 1926 2074 2075
f 1926 2075 1927
f 1927 2075 2076
f 1927 2076 1920
f 1920 2076 2077
f 1920 2077 1921
f 1921 2077 2078
f 1921 2078 1930
f 1930 2078 2079
f 1930 2079 2066
f 1484 1462 2080
f 2080 1462 1463
f 2080 1463 1464
f 1468 1485 1467
f 1467 1485 1736
f 1467 1736 1466
f 1466 1736 1465
f 1742 2081 1744
f 1744 2081 2082
f 1744 2082 1740
f 1740 2082 2083
f 1740 2083 1736
f 1736 2083 2080
f 1736 2080 1465
f 1465 2080 1464
f 1478 1713 1479
f 1479 1713 1488
f 1484 2080 1470
f 1470 2080 2083
f 1470 2083 2082
f 1476 1475 2084
f 2084 1475 1474
f 2084 1474 2085
f 2084 1715 1476
f 1476 1715 1713
f 1476 1713 1477
f 1477 1713 1478
f 1474 1473 2085
f 2085 1473 1472
f 2085 1472 2086
f 2086 1472 1471
f 2086 1471 2087
f 2087 1471 1470
f 2087 1470 2088
f 2088 1470 2082
f 2088 2082 2081
f 2089 2090 2091
f 2092 2093 2094
f 2095 2094 2096
f 2096 2094 2093
f 2096 2093 2097
f 2098 2099 2100
f 2100 2099 2101
f 2100 2101 2102
f 2103 2104 2105
f 2106 2107 2108
f 2108 2107 2109
f 2108 2109 2110
f 2109 2111 2110
f 2110 2111 2112
f 2110 2112 2113
f 2105 2104 2114
f 2103 2105 2115
f 2115 2105 2116
f 2115 2116 2106
f 2106 2116 2117
f 2106 2117 2107
f 2118 2119 2120
f 2120 2119 2121
f 2120 2121 2122
f 2123 2124 2125
f 2125 2124 2126
f 2125 2126 2127
f 2128 2129 2130
f 2130 2129 2131
f 2130 2131 2113
f 2113 2131 2132
f 2113 2132 2110
f 2110 2132 2133
f 2110 2133 2123
f 2123 2133 2134
f 2123 2134 2124
f 2126 2118 2127
f 2127 2118 2120
f 2127 2120 2135
f 2135 2120 2136
f 2135 2136 2137
f 2137 2136 2138
f 2138 2136 2139
f 2138 2139 2140
f 2141 2142 2143
f 2143 2142 2144
f 2143 2144 2145
f 2146 2147 2148
f 2149 2150 2151
f 2151 2150 2152
f 2149 2147 2150
f 2150 2147 2146
f 2150 2146 2153
f 2153 2146 2154
f 2145 2155 2139
f 2139 2155 2156
f 2139 2156 2140
f 2140 2156 2157
f 2140 2157 2152
f 2152 2157 2158
f 2152 2158 2151
f 2159 2146 2160
f 2160 2146 2161
f 2160 2161 2162
f 2163 2164 2165
f 2165 2164 2166
f 2165 2166 2167
f 2159 2168 2146
f 2146 2168 2169
f 2146 2169 2154
f 2154 2169 2170
f 2154 2170 2163
f 2171 2172 2173
f 2173 2172 2174
f 2173 2174 2175
f 2176 2177 2178
f 2175 2179 2173
f 2173 2179 2180
f 2173 2180 2178
f 2178 2180 2181
f 2178 2181 2176
f 2097 2093 2182
f 2182 2093 2183
f 2182 2183 2102
f 2102 2183 2184
f 2102 2184 2100
f 2100 2184 2185
f 2100 2185 2177
f 2186 2187 2188
f 2188 2187 2189
f 2188 2189 2190
f 2190 2189 2191
f 2190 2191 2192
f 2192 2191 2193
f 2192 2193 2194
f 2195 2122 2128
f 2128 2122 2196
f 2128 2196 2129
f 2197 2198 2199
f 2199 2198 2200
f 2199 2200 2201
f 2201 2200 2202
f 2201 2202 2203
f 2176 2204 2177
f 2177 2204 2205
f 2177 2205 2100
f 2100 2205 2198
f 2100 2198 2098
f 2098 2198 2197
f 2205 2206 2198
f 2198 2206 2207
f 2198 2207 2208
f 2208 2207 2209
f 2208 2209 2210
f 2210 2209 2211
f 2210 2211 2212
f 2213 2094 2202
f 2202 2094 2095
f 2202 2095 2203
f 2112 2214 2113
f 2113 2214 2215
f 2113 2215 2216
f 2216 2215 2217
f 2216 2217 2218
f 2218 2217 2219
f 2218 2219 2220
f 2220 2219 2114
f 2220 2114 2221
f 2221 2114 2104
f 2221 2104 2222
f 2222 2104 2092
f 2222 2092 2223
f 2223 2092 2094
f 2223 2094 2224
f 2224 2094 2213
f 2090 2225 2091
f 2091 2225 2226
f 2091 2226 2172
f 2172 2226 2210
f 2172 2210 2174
f 2174 2210 2212
f 2174 2212 2175
f 2170 2227 2163
f 2163 2227 2194
f 2163 2194 2164
f 2164 2194 2193
f 2164 2193 2228
f 2186 2162 2187
f 2187 2162 2161
f 2187 2161 2229
f 2229 2161 2230
f 2136 2231 2139
f 2139 2231 2232
f 2139 2232 2145
f 2145 2232 2233
f 2145 2233 2143
f 2143 2233 2234
f 2143 2234 2235
f 2195 2236 2122
f 2122 2236 2237
f 2122 2237 2120
f 2120 2237 2238
f 2120 2238 2136
f 2136 2238 2239
f 2136 2239 2231
f 2234 2230 2235
f 2235 2230 2161
f 2235 2161 2143
f 2143 2161 2146
f 2143 2146 2141
f 2141 2146 2148
f 2228 2089 2164
f 2164 2089 2091
f 2164 2091 2166
f 2166 2091 2172
f 2166 2172 2167
f 2167 2172 2171
f 2148 2001 2141
f 2141 2001 2000
f 2141 2000 2142
f 2142 2000 1999
f 2142 1999 2144
f 2144 1999 1998
f 2144 1998 2145
f 2145 1998 1997
f 2145 1997 2155
f 2155 1997 1996
f 2155 1996 2156
f 1996 2009 2156
f 2156 2009 2008
f 2156 2008 2157
f 2157 2008 2007
f 2157 2007 2158
f 2158 2007 2006
f 2158 2006 2151
f 2151 2006 2005
f 2151 2005 2149
f 2149 2005 2004
f 2149 2004 2147
f 2147 2004 2003
f 2147 2003 2148
f 2148 2003 2002
f 2148 2002 2001
f 2192 2015 2190
f 2190 2015 2014
f 2190 2014 2188
f 2188 2014 2013
f 2188 2013 2186
f 2186 2013 2012
f 2186 2012 2162
f 2162 2012 2011
f 2162 2011 2160
f 2160 2011 2010
f 2160 2010 2159
f 2010 2023 2159
f 2159 2023 2022
f 2159 2022 2168
f 2168 2022 2021
f 2168 2021 2169
f 2169 2021 2020
f 2169 2020 2170
f 2170 2020 2019
f 2170 2019 2227
f 2227 2019 2018
f 2227 2018 2194
f 2194 2018 2017
f 2194 2017 2192
f 2192 2017 2016
f 2192 2016 2015
f 2133 2029 2134
f 2134 2029 2028
f 2134 2028 2124
f 2124 2028 2027
f 2124 2027 2126
f 2126 2027 2026
f 2126 2026 2118
f 2118 2026 2025
f 2118 2025 2119
f 2119 2025 2024
f 2119 2024 2121
f 2024 2037 2121
f 2121 2037 2036
f 2121 2036 2122
f 2122 2036 2035
f 2122 2035 2196
f 2196 2035 2034
f 2196 2034 2129
f 2129 2034 2033
f 2129 2033 2131
f 2131 2033 2032
f 2131 2032 2132
f 2132 2032 2031
f 2132 2031 2133
f 2133 2031 2030
f 2133 2030 2029
f 2105 2043 2116
f 2116 2043 2042
f 2116 2042 2117
f 2117 2042 2041
f 2117 2041 2107
f 2107 2041 2040
f 2107 2040 2109
f 2109 2040 2039
f 2109 2039 2111
f 2111 2039 2038
f 2111 2038 2112
f 2038 2051 2112
f 2112 2051 2050
f 2112 2050 2214
f 2214 2050 2049
f 2214 2049 2215
f 2215 2049 2048
f 2215 2048 2217
f 2217 2048 2047
f 2217 2047 2219
f 2219 2047 2046
f 2219 2046 2114
f 2114 2046 2045
f 2114 2045 2105
f 2105 2045 2044
f 2105 2044 2043
f 2095 2057 2203
f 2203 2057 2056
f 2203 2056 2201
f 2201 2056 2055
f 2201 2055 2199
f 2199 2055 2054
f 2199 2054 2197
f 2197 2054 2053
f 2197 2053 2098
f 2098 2053 2052
f 2098 2052 2099
f 2052 2065 2099
f 2099 2065 2064
f 2099 2064 2101
f 2101 2064 2063
f 2101 2063 2102
f 2102 2063 2062
f 2102 2062 2182
f 2182 2062 2061
f 2182 2061 2097
f 2097 2061 2060
f 2097 2060 2096
f 2096 2060 2059
f 2096 2059 2095
f 2095 2059 2058
f 2095 2058 2057
f 2206 2071 2207
f 2207 2071 2070
f 2207 2070 2209
f 2209 2070 2069
f 2209 2069 2211
f 2211 2069 2068
f 2211 2068 2212
f 2212 2068 2067
f 2212 2067 2175
f 2175 2067 2066
f 2175 2066 2179
f 2066 2079 2179
f 2179 2079 2078
f 2179 2078 2180
f 2180 2078 2077
f 2180 2077 2181
f 2181 2077 2076
f 2181 2076 2176
f 2176 2076 2075
f 2176 2075 2204
f 2204 2075 2074
f 2204 2074 2205
f 2205 2074 2073
f 2205 2073 2206
f 2206 2073 2072
f 2206 2072 2071
f 2081 1742 1741
f 1795 1714 1715
f 2088 2081 2226
f 2226 2225 2088
f 2088 2225 2090
f 2088 2090 2087
f 2087 2090 2089
f 2087 2089 2086
f 2086 2089 2228
f 2086 2228 2085
f 2085 2228 2193
f 2216 1775 2113
f 2113 1775 1782
f 2113 1782 2130
f 2130 1782 1787
f 2130 1787 2128
f 2128 1787 1786
f 2128 1786 2195
f 2195 1786 1785
f 2195 1785 2236
f 1785 1991 2236
f 2236 1991 1820
f 2236 1820 1819
f 1819 1818 2236
f 2236 1818 1734
f 2236 1734 2237
f 2237 1734 1735
f 2237 1735 2238
f 1735 1829 2238
f 2238 1829 1827
f 2238 1827 2239
f 1827 1731 2239
f 2239 1731 1789
f 2239 1789 2231
f 2231 1789 1728
f 2231 1728 2232
f 2232 1728 1730
f 2232 1730 2233
f 2233 1730 1790
f 2233 1790 2234
f 2234 1790 1794
f 2234 1794 2230
f 1794 1792 2230
f 2230 1792 1791
f 2230 1791 2229
f 2229 1791 2187
f 1791 1725 2187
f 2187 1725 1964
f 2187 1964 1799
f 1799 1798 2187
f 2187 1798 1796
f 2187 1796 2189
f 2189 1796 1795
f 2189 1795 2191
f 2191 1795 1715
f 2191 1715 2193
f 2193 1715 2084
f 2193 2084 2085
f 2081 1741 2226
f 2226 1741 1748
f 2226 1748 2210
f 2210 1748 1747
f 2210 1747 2208
f 2208 1747 1751
f 2208 1751 2198
f 1751 1750 2198
f 2198 1750 1749
f 2198 1749 2200
f 1749 1919 2200
f 2200 1919 1918
f 2200 1918 2202
f 2202 1918 1810
f 2202 1810 2213
f 2213 1810 1760
f 1760 1756 2213
f 2213 1756 1754
f 2213 1754 2224
f 1754 1753 2224
f 2224 1753 1758
f 2224 1758 2223
f 2223 1758 1757
f 2223 1757 2222
f 2222 1757 1761
f 2222 1761 2221
f 1761 1762 2221
f 2221 1762 1765
f 2221 1765 2220
f 1765 1766 2220
f 2220 1766 1767
f 2220 1767 2218
f 2218 1767 1768
f 2218 1768 2216
f 2216 1768 1773
f 2216 1773 1775
f 2240 1687 2241
f 2241 1687 1686
f 2241 1686 2242
f 2242 1686 1684
f 2242 1684 2243
f 2243 1684 1683
f 2243 1683 2244
f 2244 1683 1681
f 2244 1681 2245
f 2245 1681 1680
f 2245 1680 2246
f 2246 1680 1678
f 2246 1678 2247
f 2247 1678 1677
f 2247 1677 2248
f 2248 1677 1675
f 2248 1675 2249
f 2249 1675 1674
f 2249 1674 2250
f 2250 1674 1672
f 2250 1672 2251
f 2251 1672 1671
f 2251 1671 2252
f 2252 1671 1669
f 2252 1669 2253
f 2253 1669 1668
f 2253 1668 2254
f 2254 1668 1666
f 2254 1666 2255
f 2255 1666 1665
f 2255 1665 2256
f 2256 1665 1663
f 2256 1663 2257
f 2257 1663 1661
f 2257 1661 2258
f 2258 1661 1660
f 2258 1660 2259
f 2259 1660 1658
f 2259 1658 2260
f 2260 1658 1657
f 2260 1657 2261
f 2261 1657 1655
f 2261 1655 2262
f 2262 1655 1654
f 2262 1654 2263
f 2263 1654 1652
f 2263 1652 2264
f 2264 1652 1651
f 2264 1651 2265
f 2265 1651 1649
f 2265 1649 2266
f 2266 1649 1648
f 2266 1648 2267
f 2267 1648 1646
f 2267 1646 2268
f 2268 1646 1645
f 2268 1645 2269
f 2269 1645 1644
f 2269 1644 2240
f 2240 1644 1687
f 2270 2271 2272
f 2272 2271 2273
f 2272 2273 2274
f 2274 2273 2275
f 2276 2277 2278
f 2278 2277 2279
f 2278 2279 2280
f 2280 2279 2281
f 2282 2283 2284
f 2284 2283 2285
f 2284 2285 2286
f 2286 2285 2287
f 2288 2289 2290
f 2290 2289 2291
f 2290 2291 2292
f 2292 2291 2293
f 2294 2295 2296
f 2296 2295 2297
f 2296 2297 2298
f 2298 2297 2299
f 2300 2301 2302
f 2302 2301 2303
f 2302 2303 2304
f 2304 2303 2305
f 2306 2307 2270
f 2270 2307 2271
f 2307 2308 2271
f 2271 2308 2273
f 2308 2309 2273
f 2273 2309 2275
f 2309 2310 2275
f 2275 2310 2274
f 2310 2311 2274
f 2274 2311 2272
f 2311 2306 2272
f 2272 2306 2270
f 2312 2313 2280
f 2280 2313 2278
f 2313 2314 2278
f 2278 2314 2276
f 2314 2315 2276
f 2276 2315 2277
f 2315 2316 2277
f 2277 2316 2279
f 2316 2317 2279
f 2279 2317 2281
f 2317 2312 2281
f 2281 2312 2280
f 2318 2319 2286
f 2286 2319 2284
f 2319 2320 2284
f 2284 2320 2282
f 2320 2321 2282
f 2282 2321 2283
f 2321 2322 2283
f 2283 2322 2285
f 2322 2323 2285
f 2285 2323 2287
f 2323 2318 2287
f 2287 2318 2286
f 2324 2325 2293
f 2293 2325 2292
f 2325 2326 2292
f 2292 2326 2290
f 2326 2327 2290
f 2290 2327 2288
f 2327 2328 2288
f 2288 2328 2289
f 2328 2329 2289
f 2289 2329 2291
f 2329 2324 2291
f 2291 2324 2293
f 2330 2331 2295
f 2295 2331 2297
f 2331 2332 2297
f 2297 2332 2299
f 2332 2333 2299
f 2299 2333 2298
f 2333 2334 2298
f 2298 2334 2296
f 2334 2335 2296
f 2296 2335 2294
f 2335 2330 2294
f 2294 2330 2295
f 2336 2337 2300
f 2300 2337 2301
f 2337 2338 2301
f 2301 2338 2303
f 2338 2339 2303
f 2303 2339 2305
f 2339 2340 2305
f 2305 2340 2304
f 2340 2341 2304
f 2304 2341 2302
f 2341 2336 2302
f 2302 2336 2300
f 2309 2308 2342
f 2307 2343 2308
f 2308 2343 2344
f 2308 2344 2342
f 2345 2346 2306
f 2306 2346 2347
f 2306 2347 2307
f 2307 2347 2348
f 2307 2348 2343
f 2345 2306 2349
f 2349 2306 2311
f 2349 2311 2350
f 2350 2311 2351
f 2351 2311 2310
f 2351 2310 2352
f 2342 2353 2309
f 2309 2353 2354
f 2309 2354 2310
f 2310 2354 2355
f 2310 2355 2352
f 2356 2315 2357
f 2357 2315 2314
f 2357 2314 2358
f 2358 2314 2359
f 2359 2314 2313
f 2359 2313 2360
f 2360 2313 2361
f 2361 2313 2312
f 2361 2312 2362
f 2317 2363 2312
f 2312 2363 2364
f 2312 2364 2362
f 2316 2365 2317
f 2317 2365 2366
f 2317 2366 2363
f 2356 2367 2315
f 2315 2367 2368
f 2315 2368 2316
f 2316 2368 2369
f 2316 2369 2365
f 2370 2371 2322
f 2322 2371 2323
f 2370 2322 2372
f 2372 2322 2321
f 2372 2321 2373
f 2320 2374 2321
f 2321 2374 2375
f 2321 2375 2373
f 2319 2376 2320
f 2320 2376 2377
f 2320 2377 2374
f 2378 2318 2379
f 2379 2318 2323
f 2379 2323 2380
f 2380 2323 2371
f 2378 2381 2318
f 2318 2381 2382
f 2318 2382 2319
f 2319 2382 2383
f 2319 2383 2376
f 2384 2385 2325
f 2325 2385 2326
f 2386 2387 2327
f 2327 2387 2328
f 2385 2388 2326
f 2326 2388 2389
f 2326 2389 2327
f 2327 2389 2390
f 2327 2390 2386
f 2384 2325 2391
f 2391 2325 2324
f 2391 2324 2392
f 2387 2393 2328
f 2328 2393 2394
f 2328 2394 2329
f 2394 2395 2329
f 2329 2395 2396
f 2329 2396 2324
f 2324 2396 2397
f 2324 2397 2392
f 2398 2399 2334
f 2334 2399 2335
f 2398 2334 2400
f 2400 2334 2333
f 2400 2333 2401
f 2402 2403 2331
f 2331 2403 2332
f 2403 2404 2332
f 2332 2404 2405
f 2332 2405 2333
f 2333 2405 2406
f 2333 2406 2401
f 2399 2407 2335
f 2335 2407 2408
f 2335 2408 2330
f 2408 2409 2330
f 2330 2409 2410
f 2330 2410 2331
f 2331 2410 2411
f 2331 2411 2402
f 2412 2339 2413
f 2413 2339 2338
f 2413 2338 2414
f 2414 2338 2415
f 2415 2338 2337
f 2415 2337 2416
f 2336 2341 2417
f 2340 2418 2341
f 2341 2418 2419
f 2341 2419 2417
f 2417 2420 2336
f 2336 2420 2421
f 2336 2421 2337
f 2337 2421 2422
f 2337 2422 2416
f 2412 2423 2339
f 2339 2423 2424
f 2339 2424 2340
f 2340 2424 2425
f 2340 2425 2418
f 2426 2427 2354
f 2354 2427 2428
f 2354 2428 2355
f 2355 2428 2429
f 2355 2429 2352
f 2352 2429 2430
f 2352 2430 2351
f 2351 2430 2431
f 2351 2431 2350
f 2350 2431 2432
f 2350 2432 2349
f 2349 2432 2433
f 2349 2433 2345
f 2345 2433 2434
f 2345 2434 2346
f 2346 2434 2435
f 2346 2435 2347
f 2347 2435 2436
f 2347 2436 2348
f 2348 2436 2437
f 2348 2437 2343
f 2343 2437 2438
f 2343 2438 2344
f 2344 2438 2439
f 2344 2439 2342
f 2342 2439 2440
f 2342 2440 2353
f 2353 2440 2426
f 2353 2426 2354
f 2441 2365 2442
f 2442 2365 2369
f 2442 2369 2443
f 2443 2369 2368
f 2443 2368 2444
f 2444 2368 2367
f 2444 2367 2445
f 2445 2367 2356
f 2445 2356 2446
f 2446 2356 2357
f 2446 2357 2447
f 2447 2357 2358
f 2447 2358 2448
f 2448 2358 2359
f 2448 2359 2449
f 2449 2359 2360
f 2449 2360 2450
f 2450 2360 2361
f 2450 2361 2451
f 2451 2361 2362
f 2451 2362 2452
f 2452 2362 2364
f 2452 2364 2453
f 2453 2364 2363
f 2453 2363 2454
f 2454 2363 2366
f 2454 2366 2441
f 2441 2366 2365
f 2455 2456 2383
f 2383 2456 2457
f 2383 2457 2376
f 2376 2457 2458
f 2376 2458 2377
f 2377 2458 2459
f 2377 2459 2374
f 2374 2459 2460
f 2374 2460 2375
f 2375 2460 2461
f 2375 2461 2373
f 2373 2461 2462
f 2373 2462 2372
f 2372 2462 2463
f 2372 2463 2370
f 2370 2463 2464
f 2370 2464 2371
f 2371 2464 2465
f 2371 2465 2380
f 2380 2465 2466
f 2380 2466 2379
f 2379 2466 2467
f 2379 2467 2378
f 2378 2467 2468
f 2378 2468 2381
f 2381 2468 2469
f 2381 2469 2382
f 2382 2469 2455
f 2382 2455 2383
f 2470 2394 2471
f 2471 2394 2393
f 2471 2393 2472
f 2472 2393 2387
f 2472 2387 2473
f 2473 2387 2386
f 2473 2386 2474
f 2474 2386 2390
f 2474 2390 2475
f 2475 2390 2389
f 2475 2389 2476
f 2476 2389 2388
f 2476 2388 2477
f 2477 2388 2385
f 2477 2385 2478
f 2478 2385 2384
f 2478 2384 2479
f 2479 2384 2391
f 2479 2391 2480
f 2480 2391 2392
f 2480 2392 2481
f 2481 2392 2397
f 2481 2397 2482
f 2482 2397 2396
f 2482 2396 2483
f 2483 2396 2395
f 2483 2395 2470
f 2470 2395 2394
f 2484 2485 2402
f 2402 2485 2486
f 2402 2486 2403
f 2403 2486 2487
f 2403 2487 2404
f 2404 2487 2488
f 2404 2488 2405
f 2405 2488 2489
f 2405 2489 2406
f 2406 2489 2490
f 2406 2490 2401
f 2401 2490 2491
f 2401 2491 2400
f 2400 2491 2492
f 2400 2492 2398
f 2398 2492 2493
f 2398 2493 2399
f 2399 2493 2494
f 2399 2494 2407
f 2407 2494 2495
f 2407 2495 2408
f 2408 2495 2496
f 2408 2496 2409
f 2409 2496 2497
f 2409 2497 2410
f 2410 2497 2498
f 2410 2498 2411
f 2411 2498 2484
f 2411 2484 2402
f 2499 2500 2423
f 2423 2500 2501
f 2423 2501 2424
f 2424 2501 2502
f 2424 2502 2425
f 2425 2502 2503
f 2425 2503 2418
f 2418 2503 2504
f 2418 2504 2419
f 2419 2504 2505
f 2419 2505 2417
f 2417 2505 2506
f 2417 2506 2420
f 2420 2506 2507
f 2420 2507 2421
f 2421 2507 2508
f 2421 2508 2422
f 2422 2508 2509
f 2422 2509 2416
f 2416 2509 2510
f 2416 2510 2415
f 2415 2510 2511
f 2415 2511 2414
f 2414 2511 2512
f 2414 2512 2413
f 2413 2512 2513
f 2413 2513 2412
f 2412 2513 2499
f 2412 2499 2423
f 2514 2515 2516
f 2516 2515 2517
f 2518 2519 2520
f 2520 2519 2521
f 2522 2523 2521
f 2521 2523 2517
f 2521 2517 2520
f 2520 2517 2515
f 2520 2515 2524
f 2524 2515 2525
f 2526 2527 2528
f 2528 2527 2529
f 2528 2529 2530
f 2530 2531 2528
f 2528 2531 2532
f 2528 2532 2533
f 2534 2535 2536
f 2536 2535 2537
f 2536 2537 2533
f 2538 2539 2533
f 2540 2541 2537
f 2537 2541 2542
f 2537 2542 2533
f 2533 2542 2543
f 2533 2543 2538
f 2544 2528 2545
f 2545 2528 2533
f 2545 2533 2546
f 2546 2533 2539
f 2547 2548 2549
f 2549 2548 2550
f 2551 2552 2553
f 2553 2552 2554
f 2555 2556 2557
f 2557 2556 2558
f 2557 2558 2559
f 2558 2560 2561
f 2554 2559 2553
f 2553 2559 2558
f 2553 2558 2562
f 2562 2558 2561
f 2563 2564 2565
f 2565 2564 2553
f 2566 2567 2568
f 2568 2567 2564
f 2568 2564 2569
f 2569 2564 2563
f 2551 2553 2570
f 2570 2553 2564
f 2570 2564 2571
f 2572 2573 2574
f 2574 2573 2575
f 2576 2577 2578
f 2578 2577 2579
f 2580 2581 2577
f 2577 2581 2575
f 2577 2575 2579
f 2579 2575 2573
f 2579 2573 2582
f 2582 2573 2583
f 2584 2585 2586
f 2587 2588 2589
f 2589 2588 2590
f 2589 2590 2591
f 2586 2592 2584
f 2584 2592 2591
f 2584 2591 2593
f 2593 2591 2590
f 2593 2590 2594
f 2595 2596 2597
f 2598 2599 2596
f 2596 2599 2600
f 2596 2600 2597
f 2601 2602 2603
f 2603 2602 2604
f 2603 2604 2597
f 2597 2604 2605
f 2597 2605 2595
f 2606 2607 2608
f 2608 2607 2609
f 2610 2611 2440
f 2448 2449 2437
f 2437 2449 2450
f 2437 2450 2438
f 2612 2613 2451
f 2614 2437 2615
f 2615 2437 2436
f 2615 2436 2616
f 2614 2617 2437
f 2437 2617 2618
f 2437 2618 2448
f 2618 2619 2448
f 2448 2619 2620
f 2448 2620 2447
f 2447 2620 2621
f 2447 2621 2446
f 2446 2621 2622
f 2446 2622 2445
f 2445 2622 2623
f 2445 2623 2444
f 2444 2623 2624
f 2444 2624 2443
f 2443 2624 2625
f 2443 2625 2442
f 2625 2626 2442
f 2442 2626 2627
f 2442 2627 2441
f 2441 2627 2628
f 2441 2628 2454
f 2454 2628 2629
f 2454 2629 2453
f 2453 2629 2630
f 2453 2630 2452
f 2452 2630 2631
f 2452 2631 2451
f 2451 2631 2632
f 2451 2632 2612
f 2616 2436 2633
f 2633 2436 2435
f 2633 2435 2634
f 2634 2435 2434
f 2634 2434 2635
f 2635 2434 2433
f 2635 2433 2636
f 2636 2433 2432
f 2636 2432 2637
f 2637 2432 2431
f 2637 2431 2638
f 2638 2431 2430
f 2638 2430 2639
f 2639 2430 2429
f 2639 2429 2640
f 2640 2429 2428
f 2640 2428 2641
f 2641 2428 2427
f 2641 2427 2611
f 2611 2427 2426
f 2611 2426 2440
f 2438 2450 2439
f 2439 2450 2451
f 2439 2451 2440
f 2440 2451 2613
f 2440 2613 2610
f 2642 2643 2457
f 2457 2643 2644
f 2457 2644 2458
f 2458 2644 2645
f 2458 2645 2459
f 2459 2645 2646
f 2459 2646 2460
f 2460 2646 2647
f 2460 2647 2461
f 2461 2647 2648
f 2461 2648 2462
f 2462 2648 2649
f 2462 2649 2463
f 2463 2649 2650
f 2463 2650 2464
f 2642 2457 2478
f 2478 2457 2456
f 2478 2456 2477
f 2475 2476 2651
f 2651 2476 2652
f 2456 2455 2477
f 2477 2455 2469
f 2477 2469 2476
f 2476 2469 2468
f 2476 2468 2467
f 2479 2653 2478
f 2478 2653 2654
f 2478 2654 2642
f 2652 2476 2655
f 2655 2476 2467
f 2655 2467 2656
f 2651 2657 2475
f 2475 2657 2658
f 2475 2658 2474
f 2474 2658 2659
f 2474 2659 2473
f 2473 2659 2660
f 2473 2660 2472
f 2472 2660 2661
f 2472 2661 2471
f 2471 2661 2662
f 2471 2662 2470
f 2470 2662 2663
f 2470 2663 2483
f 2483 2663 2664
f 2483 2664 2482
f 2482 2664 2665
f 2482 2665 2481
f 2481 2665 2666
f 2481 2666 2480
f 2480 2666 2667
f 2480 2667 2479
f 2479 2667 2668
f 2479 2668 2653
f 2650 2669 2464
f 2464 2669 2670
f 2464 2670 2465
f 2465 2670 2671
f 2465 2671 2466
f 2466 2671 2672
f 2466 2672 2467
f 2467 2672 2673
f 2467 2673 2656
f 2507 2506 2674
f 2675 2489 2488
f 2674 2506 2676
f 2676 2506 2505
f 2676 2505 2677
f 2677 2505 2504
f 2677 2504 2678
f 2678 2504 2503
f 2678 2503 2679
f 2674 2680 2507
f 2507 2680 2681
f 2507 2681 2488
f 2488 2681 2682
f 2488 2682 2675
f 2679 2503 2683
f 2683 2503 2502
f 2683 2502 2684
f 2684 2502 2501
f 2684 2501 2685
f 2685 2501 2500
f 2685 2500 2686
f 2687 2688 2486
f 2688 2511 2486
f 2486 2511 2510
f 2486 2510 2487
f 2487 2510 2509
f 2487 2509 2488
f 2488 2509 2508
f 2488 2508 2507
f 2500 2499 2686
f 2686 2499 2513
f 2686 2513 2689
f 2689 2513 2512
f 2689 2512 2690
f 2690 2512 2511
f 2690 2511 2691
f 2691 2511 2688
f 2675 2692 2489
f 2489 2692 2693
f 2489 2693 2490
f 2490 2693 2694
f 2490 2694 2491
f 2491 2694 2695
f 2491 2695 2492
f 2492 2695 2696
f 2492 2696 2493
f 2493 2696 2697
f 2493 2697 2494
f 2494 2697 2698
f 2494 2698 2495
f 2495 2698 2699
f 2495 2699 2496
f 2496 2699 2700
f 2496 2700 2497
f 2497 2700 2701
f 2497 2701 2498
f 2498 2701 2702
f 2498 2702 2484
f 2484 2702 2703
f 2484 2703 2485
f 2485 2703 2704
f 2485 2704 2486
f 2486 2704 2705
f 2486 2705 2687
f 2706 2707 2708
f 2708 2707 2709
f 2708 2709 2710
f 2711 2712 2708
f 2708 2712 2713
f 2708 2713 2706
f 2714 2715 2708
f 2708 2715 2716
f 2708 2716 2711
f 2710 2717 2708
f 2708 2717 2718
f 2708 2718 2714
f 2719 2720 2721
f 2721 2720 2722
f 2721 2722 2723
f 2724 2725 2721
f 2721 2725 2726
f 2721 2726 2719
f 2727 2728 2721
f 2721 2728 2729
f 2721 2729 2724
f 2723 2730 2721
f 2721 2730 2731
f 2721 2731 2727
f 2732 2733 2734
f 2735 2733 2732
f 2732 2736 2737
f 2738 2736 2732
f 2734 2738 2732
f 2732 2739 2740
f 2741 2739 2732
f 2737 2741 2732
f 2732 2742 2743
f 2744 2742 2732
f 2740 2744 2732
f 2743 2735 2732
f 2745 2746 2747
f 2748 2746 2745
f 2745 2749 2750
f 2751 2749 2745
f 2747 2751 2745
f 2745 2752 2753
f 2754 2752 2745
f 2750 2754 2745
f 2745 2755 2756
f 2757 2755 2745
f 2753 2757 2745
f 2756 2748 2745
f 2525 2758 2524
f 2524 2758 2759
f 2524 2759 2520
f 2520 2759 2760
f 2520 2760 2518
f 2518 2760 2761
f 2518 2761 2519
f 2519 2761 2762
f 2519 2762 2521
f 2521 2762 2763
f 2521 2763 2522
f 2522 2763 2764
f 2522 2764 2523
f 2523 2764 2765
f 2523 2765 2517
f 2517 2765 2766
f 2517 2766 2516
f 2516 2766 2767
f 2516 2767 2514
f 2514 2767 2768
f 2514 2768 2515
f 2515 2768 2769
f 2525 2515 2758
f 2758 2515 2769
f 2545 2770 2544
f 2544 2770 2771
f 2772 2528 2773
f 2773 2528 2544
f 2773 2544 2771
f 2774 2526 2775
f 2775 2526 2528
f 2775 2528 2772
f 2776 2527 2777
f 2777 2527 2526
f 2777 2526 2774
f 2527 2776 2529
f 2529 2776 2778
f 2529 2778 2530
f 2530 2778 2779
f 2530 2779 2531
f 2531 2779 2780
f 2531 2780 2532
f 2532 2780 2781
f 2532 2781 2533
f 2533 2781 2782
f 2533 2782 2536
f 2536 2782 2783
f 2536 2783 2534
f 2534 2783 2784
f 2534 2784 2535
f 2535 2784 2785
f 2535 2785 2537
f 2537 2785 2786
f 2537 2786 2540
f 2540 2786 2787
f 2540 2787 2541
f 2541 2787 2788
f 2541 2788 2542
f 2542 2788 2789
f 2542 2789 2543
f 2543 2789 2790
f 2543 2790 2538
f 2538 2790 2791
f 2538 2791 2539
f 2539 2791 2792
f 2539 2792 2546
f 2546 2792 2793
f 2546 2793 2545
f 2545 2793 2794
f 2545 2794 2770
f 2795 2549 2796
f 2796 2549 2550
f 2795 2797 2549
f 2549 2797 2547
f 2798 2548 2797
f 2797 2548 2547
f 2796 2550 2798
f 2798 2550 2548
f 2799 2555 2800
f 2800 2555 2557
f 2801 2556 2799
f 2799 2556 2555
f 2802 2558 2801
f 2801 2558 2556
f 2803 2560 2802
f 2802 2560 2558
f 2804 2561 2803
f 2803 2561 2560
f 2805 2562 2804
f 2804 2562 2561
f 2806 2553 2805
f 2805 2553 2562
f 2807 2568 2808
f 2808 2568 2569
f 2808 2569 2809
f 2809 2569 2563
f 2809 2563 2810
f 2810 2563 2565
f 2810 2565 2806
f 2806 2565 2553
f 2811 2566 2807
f 2807 2566 2568
f 2812 2567 2813
f 2813 2567 2566
f 2813 2566 2811
f 2814 2564 2815
f 2815 2564 2567
f 2815 2567 2812
f 2816 2571 2817
f 2817 2571 2564
f 2817 2564 2814
f 2818 2570 2816
f 2816 2570 2571
f 2819 2551 2820
f 2820 2551 2570
f 2820 2570 2818
f 2821 2559 2822
f 2822 2559 2554
f 2822 2554 2823
f 2823 2554 2552
f 2823 2552 2819
f 2819 2552 2551
f 2800 2557 2821
f 2821 2557 2559
f 2824 2575 2825
f 2825 2575 2581
f 2826 2574 2824
f 2824 2574 2575
f 2827 2572 2826
f 2826 2572 2574
f 2828 2573 2827
f 2827 2573 2572
f 2829 2583 2828
f 2828 2583 2573
f 2830 2582 2829
f 2829 2582 2583
f 2831 2579 2830
f 2830 2579 2582
f 2832 2578 2831
f 2831 2578 2579
f 2833 2576 2832
f 2832 2576 2578
f 2833 2834 2576
f 2576 2834 2577
f 2835 2580 2834
f 2834 2580 2577
f 2825 2581 2835
f 2835 2581 2580
f 2836 2592 2837
f 2837 2592 2586
f 2838 2591 2836
f 2836 2591 2592
f 2839 2589 2838
f 2838 2589 2591
f 2840 2587 2839
f 2839 2587 2589
f 2841 2588 2842
f 2842 2588 2587
f 2842 2587 2840
f 2843 2590 2844
f 2844 2590 2588
f 2844 2588 2841
f 2845 2594 2843
f 2843 2594 2590
f 2846 2593 2845
f 2845 2593 2594
f 2846 2847 2593
f 2593 2847 2584
f 2848 2585 2847
f 2847 2585 2584
f 2837 2586 2848
f 2848 2586 2585
f 2599 2849 2600
f 2600 2849 2850
f 2600 2850 2597
f 2597 2850 2851
f 2597 2851 2603
f 2603 2851 2852
f 2603 2852 2601
f 2601 2852 2853
f 2854 2602 2855
f 2855 2602 2601
f 2855 2601 2853
f 2856 2604 2857
f 2857 2604 2602
f 2857 2602 2854
f 2858 2605 2856
f 2856 2605 2604
f 2859 2595 2858
f 2858 2595 2605
f 2859 2860 2595
f 2595 2860 2596
f 2596 2860 2598
f 2598 2860 2861
f 2849 2599 2861
f 2861 2599 2598
f 2862 2608 2863
f 2863 2608 2609
f 2862 2864 2608
f 2608 2864 2606
f 2865 2607 2864
f 2864 2607 2606
f 2863 2609 2865
f 2865 2609 2607
f 2631 2866 2867
f 2631 2867 2632
f 2632 2867 2868
f 2632 2868 2612
f 2612 2868 2869
f 2612 2869 2613
f 2613 2869 2870
f 2613 2870 2610
f 2610 2870 2611
f 2611 2870 2871
f 2611 2871 2641
f 2641 2871 2872
f 2641 2872 2640
f 2640 2872 2873
f 2640 2873 2639
f 2639 2873 2874
f 2639 2874 2638
f 2638 2874 2875
f 2638 2875 2637
f 2637 2875 2876
f 2637 2876 2636
f 2636 2876 2877
f 2636 2877 2635
f 2635 2877 2878
f 2635 2878 2634
f 2634 2878 2879
f 2634 2879 2633
f 2633 2879 2880
f 2633 2880 2616
f 2616 2880 2881
f 2616 2881 2615
f 2615 2881 2882
f 2883 2619 2618
f 2883 2618 2884
f 2884 2618 2617
f 2884 2617 2885
f 2885 2617 2614
f 2885 2614 2886
f 2886 2614 2615
f 2886 2615 2882
f 2619 2883 2620
f 2620 2883 2887
f 2620 2887 2621
f 2621 2887 2888
f 2621 2888 2622
f 2622 2888 2889
f 2622 2889 2623
f 2623 2889 2890
f 2623 2890 2624
f 2624 2890 2891
f 2624 2891 2625
f 2625 2891 2892
f 2625 2892 2626
f 2626 2892 2893
f 2626 2893 2627
f 2627 2893 2894
f 2627 2894 2628
f 2628 2894 2895
f 2628 2895 2629
f 2629 2895 2896
f 2629 2896 2630
f 2630 2896 2897
f 2630 2897 2631
f 2631 2897 2866
f 2898 2644 2643
f 2898 2643 2899
f 2899 2643 2642
f 2899 2642 2900
f 2900 2642 2654
f 2900 2654 2901
f 2901 2654 2653
f 2901 2653 2902
f 2644 2898 2645
f 2645 2898 2903
f 2645 2903 2646
f 2646 2903 2904
f 2646 2904 2647
f 2647 2904 2905
f 2647 2905 2648
f 2648 2905 2906
f 2648 2906 2649
f 2649 2906 2907
f 2649 2907 2650
f 2650 2907 2908
f 2650 2908 2669
f 2669 2908 2909
f 2669 2909 2670
f 2670 2909 2910
f 2670 2910 2671
f 2671 2910 2911
f 2671 2911 2672
f 2672 2911 2912
f 2672 2912 2673
f 2673 2912 2913
f 2673 2913 2656
f 2656 2913 2914
f 2656 2914 2915
f 2656 2915 2655
f 2655 2915 2916
f 2655 2916 2652
f 2652 2916 2917
f 2652 2917 2651
f 2651 2917 2918
f 2651 2918 2657
f 2657 2918 2658
f 2658 2918 2919
f 2658 2919 2659
f 2659 2919 2920
f 2659 2920 2660
f 2660 2920 2921
f 2660 2921 2661
f 2661 2921 2922
f 2661 2922 2662
f 2662 2922 2923
f 2662 2923 2663
f 2663 2923 2924
f 2663 2924 2664
f 2664 2924 2925
f 2664 2925 2665
f 2665 2925 2926
f 2665 2926 2666
f 2666 2926 2927
f 2666 2927 2667
f 2667 2927 2928
f 2667 2928 2668
f 2668 2928 2929
f 2668 2929 2653
f 2653 2929 2902
f 2680 2930 2931
f 2680 2931 2681
f 2681 2931 2932
f 2681 2932 2682
f 2682 2932 2933
f 2682 2933 2675
f 2675 2933 2934
f 2675 2934 2692
f 2692 2934 2693
f 2693 2934 2935
f 2693 2935 2694
f 2694 2935 2936
f 2694 2936 2695
f 2695 2936 2937
f 2695 2937 2696
f 2696 2937 2938
f 2696 2938 2697
f 2697 2938 2939
f 2697 2939 2698
f 2698 2939 2940
f 2698 2940 2699
f 2699 2940 2941
f 2699 2941 2700
f 2700 2941 2942
f 2700 2942 2701
f 2701 2942 2943
f 2701 2943 2702
f 2702 2943 2944
f 2702 2944 2703
f 2703 2944 2945
f 2703 2945 2704
f 2704 2945 2946
f 2947 2691 2688
f 2947 2688 2948
f 2948 2688 2687
f 2948 2687 2949
f 2949 2687 2705
f 2949 2705 2950
f 2950 2705 2704
f 2950 2704 2946
f 2691 2947 2690
f 2690 2947 2951
f 2690 2951 2689
f 2689 2951 2952
f 2689 2952 2686
f 2686 2952 2953
f 2686 2953 2685
f 2685 2953 2954
f 2685 2954 2684
f 2684 2954 2955
f 2684 2955 2683
f 2683 2955 2956
f 2683 2956 2679
f 2679 2956 2957
f 2679 2957 2678
f 2678 2957 2958
f 2678 2958 2677
f 2677 2958 2959
f 2677 2959 2676
f 2676 2959 2960
f 2676 2960 2674
f 2674 2960 2961
f 2674 2961 2680
f 2680 2961 2930
f 2962 2718 2963
f 2963 2718 2717
f 2963 2717 2964
f 2964 2717 2710
f 2964 2710 2965
f 2965 2710 2709
f 2965 2709 2966
f 2966 2709 2707
f 2966 2707 2967
f 2967 2707 2706
f 2967 2706 2968
f 2968 2706 2713
f 2968 2713 2969
f 2969 2713 2712
f 2969 2712 2970
f 2970 2712 2711
f 2970 2711 2971
f 2971 2711 2716
f 2971 2716 2972
f 2972 2716 2715
f 2972 2715 2973
f 2973 2715 2714
f 2973 2714 2962
f 2962 2714 2718
f 2974 2731 2975
f 2975 2731 2730
f 2975 2730 2976
f 2976 2730 2723
f 2976 2723 2977
f 2977 2723 2722
f 2977 2722 2978
f 2978 2722 2720
f 2978 2720 2979
f 2979 2720 2719
f 2979 2719 2980
f 2980 2719 2726
f 2980 2726 2981
f 2981 2726 2725
f 2981 2725 2982
f 2982 2725 2724
f 2982 2724 2983
f 2983 2724 2729
f 2983 2729 2984
f 2984 2729 2728
f 2984 2728 2985
f 2985 2728 2727
f 2985 2727 2974
f 2974 2727 2731
f 2815 2817 2814
f 2812 2813 2986
f 2987 2774 2768
f 2768 2774 2775
f 2764 2763 2762
f 2767 2766 2765
f 2768 2767 2987
f 2987 2767 2765
f 2987 2765 2988
f 2988 2765 2764
f 2988 2764 2989
f 2989 2764 2762
f 2758 2769 2768
f 2759 2758 2771
f 2771 2758 2768
f 2771 2768 2773
f 2773 2768 2775
f 2773 2775 2772
f 2770 2990 2771
f 2771 2990 2991
f 2771 2991 2759
f 2759 2991 2761
f 2759 2761 2760
f 2794 2793 2788
f 2791 2790 2789
f 2788 2793 2789
f 2789 2793 2792
f 2789 2792 2791
f 2770 2794 2990
f 2990 2794 2788
f 2990 2788 2992
f 2788 2787 2992
f 2992 2787 2786
f 2992 2786 2785
f 2778 2776 2987
f 2987 2776 2777
f 2987 2777 2774
f 2783 2782 2781
f 2781 2780 2783
f 2783 2780 2779
f 2783 2779 2784
f 2808 2809 2805
f 2805 2809 2810
f 2805 2810 2806
f 2808 2805 2807
f 2807 2805 2804
f 2807 2804 2811
f 2813 2811 2986
f 2986 2811 2804
f 2986 2804 2993
f 2804 2803 2993
f 2993 2803 2802
f 2993 2802 2801
f 2800 2821 2822
f 2822 2823 2800
f 2800 2823 2819
f 2800 2819 2799
f 2799 2819 2994
f 2799 2994 2801
f 2819 2820 2994
f 2994 2820 2818
f 2994 2818 2995
f 2995 2818 2816
f 2796 2798 2996
f 2986 2996 2812
f 2812 2996 2798
f 2812 2798 2815
f 2815 2798 2797
f 2815 2797 2817
f 2817 2797 2795
f 2817 2795 2816
f 2816 2795 2997
f 2816 2997 2995
f 2837 2839 2836
f 2836 2839 2838
f 2998 2999 2837
f 2837 2999 2840
f 2837 2840 2839
f 2848 2847 2846
f 2843 2844 2845
f 2845 2844 3000
f 2845 3000 2846
f 2846 3000 3001
f 2846 3001 2848
f 3000 2833 3002
f 3002 2833 2832
f 3002 2832 2831
f 2830 2829 3003
f 3003 2829 2828
f 2826 2824 2825
f 2827 2826 2841
f 2841 2826 2825
f 2841 2825 2844
f 2844 2825 2835
f 2844 2835 3000
f 3000 2835 2834
f 3000 2834 2833
f 2828 2827 3003
f 3003 2827 2841
f 3003 2841 2999
f 2999 2841 2842
f 2999 2842 2840
f 2854 2855 3004
f 3004 2855 2853
f 2852 2851 2850
f 2861 3005 2849
f 2849 3005 3004
f 2849 3004 2850
f 2850 3004 2853
f 2850 2853 2852
f 2858 3006 2859
f 2859 3006 3007
f 2863 3008 2862
f 2862 3008 3006
f 2862 3006 2857
f 2857 3006 2858
f 2857 2858 2856
f 3004 3009 2854
f 2854 3009 2865
f 2854 2865 2857
f 2857 2865 2864
f 2857 2864 2862
f 2779 2778 2784
f 2784 2778 2987
f 2784 2987 2785
f 2785 2987 3010
f 2785 3010 2992
f 2992 3010 3011
f 2992 3011 3012
f 3012 3011 3013
f 3012 3013 3014
f 3014 3013 3015
f 3014 3015 3016
f 3016 3015 3017
f 3016 3017 3018
f 3018 3017 3019
f 3018 3019 3020
f 3020 3019 3021
f 3020 3021 3022
f 3022 3021 3008
f 3022 3008 3009
f 3009 3008 2863
f 3009 2863 2865
f 2837 2848 2998
f 2998 2848 3001
f 2998 3001 3023
f 3023 3001 3024
f 3023 3024 3025
f 3025 3024 3026
f 3025 3026 3027
f 3027 3026 3028
f 3027 3028 3029
f 3029 3028 3030
f 3029 3030 3031
f 3031 3030 3032
f 3031 3032 3033
f 3033 3032 3034
f 3033 3034 3035
f 3035 3034 2989
f 3035 2989 2991
f 2991 2989 2762
f 2991 2762 2761
f 2994 3036 2801
f 2801 3036 3037
f 2801 3037 2993
f 2993 3037 3038
f 2993 3038 3039
f 3039 3038 3040
f 3039 3040 3041
f 3041 3040 3042
f 3041 3042 3043
f 3043 3042 3044
f 3043 3044 3045
f 3045 3044 3046
f 3045 3046 3047
f 3047 3046 3048
f 3047 3048 3049
f 3049 3048 3050
f 3049 3050 3003
f 3003 3050 3002
f 3003 3002 2830
f 2830 3002 2831
f 2860 2859 2861
f 2861 2859 3007
f 2861 3007 3005
f 3005 3007 3051
f 3005 3051 3052
f 3052 3051 3053
f 3052 3053 3054
f 3054 3053 3055
f 3054 3055 3056
f 3056 3055 3057
f 3056 3057 3058
f 3058 3057 3059
f 3058 3059 3060
f 3060 3059 3061
f 3060 3061 3062
f 3062 3061 3063
f 3062 3063 2996
f 2996 3063 2997
f 2996 2997 2796
f 2796 2997 2795
f 3064 3065 3066
f 3066 3065 3067
f 3066 3067 3068
f 3068 3067 3069
f 3068 3069 3070
f 3070 3069 3071
f 3070 3071 3072
f 3072 3071 3073
f 3072 3073 3074
f 3074 3073 3075
f 3074 3075 3076
f 3076 3075 3077
f 3076 3077 3078
f 3078 3077 3079
f 3078 3079 3080
f 3080 3079 3081
f 3080 3081 3082
f 3082 3081 3083
f 3082 3083 3084
f 3084 3083 3085
f 3084 3085 3086
f 3086 3085 3087
f 3086 3087 3064
f 3064 3087 3065
f 3088 3089 3090
f 3090 3089 3091
f 3090 3091 3092
f 3092 3091 3093
f 3092 3093 3094
f 3094 3093 3095
f 3094 3095 3096
f 3096 3095 3097
f 3096 3097 3098
f 3098 3097 3099
f 3098 3099 3100
f 3100 3099 3101
f 3100 3101 3102
f 3102 3101 3103
f 3102 3103 3104
f 3104 3103 3105
f 3104 3105 3106
f 3106 3105 3107
f 3106 3107 3108
f 3108 3107 3109
f 3108 3109 3110
f 3110 3109 3111
f 3110 3111 3088
f 3088 3111 3089
f 3112 3113 3114
f 3114 3113 3115
f 3114 3115 3116
f 3116 3115 3117
f 3116 3117 3118
f 3118 3117 3119
f 3118 3119 3120
f 3120 3119 3121
f 3120 3121 3122
f 3122 3121 3123
f 3122 3123 3124
f 3124 3123 3125
f 3124 3125 3126
f 3126 3125 3127
f 3126 3127 3128
f 3128 3127 3129
f 3128 3129 3130
f 3130 3129 3131
f 3130 3131 3132
f 3132 3131 3133
f 3132 3133 3134
f 3134 3133 3135
f 3134 3135 3112
f 3112 3135 3113
f 3136 3137 3138
f 3138 3137 3139
f 3138 3139 3140
f 3140 3139 3141
f 3140 3141 3142
f 3142 3141 3143
f 3142 3143 3144
f 3144 3143 3145
f 3144 3145 3146
f 3146 3145 3147
f 3146 3147 3148
f 3148 3147 3149
f 3148 3149 3150
f 3150 3149 3151
f 3150 3151 3152
f 3152 3151 3153
f 3152 3153 3154
f 3154 3153 3155
f 3154 3155 3156
f 3156 3155 3157
f 3156 3157 3158
f 3158 3157 3159
f 3158 3159 3136
f 3136 3159 3137
f 3160 3161 3162
f 3162 3161 3163
f 3162 3163 3164
f 3164 3163 3165
f 3164 3165 3166
f 3166 3165 3167
f 3166 3167 3168
f 3168 3167 3169
f 3168 3169 3170
f 3170 3169 3171
f 3170 3171 3172
f 3172 3171 3173
f 3172 3173 3174
f 3174 3173 3175
f 3174 3175 3176
f 3176 3175 3177
f 3176 3177 3178
f 3178 3177 3179
f 3178 3179 3180
f 3180 3179 3181
f 3180 3181 3182
f 3182 3181 3183
f 3182 3183 3160
f 3160 3183 3161
f 3184 3185 3186
f 3186 3185 3187
f 3186 3187 3188
f 3188 3187 3189
f 3188 3189 3190
f 3190 3189 3191
f 3190 3191 3192
f 3192 3191 3193
f 3192 3193 3194
f 3194 3193 3195
f 3194 3195 3196
f 3196 3195 3197
f 3196 3197 3198
f 3198 3197 3199
f 3198 3199 3200
f 3200 3199 3201
f 3200 3201 3202
f 3202 3201 3203
f 3202 3203 3204
f 3204 3203 3205
f 3204 3205 3206
f 3206 3205 3207
f 3206 3207 3184
f 3184 3207 3185
f 3054 3056 3208
f 3209 3210 3211
f 3212 3213 3214
f 3215 3216 3142
f 3217 3218 3150
f 3150 3218 3148
f 3148 3218 3219
f 3148 3219 3146
f 3142 3216 3140
f 3150 3152 3217
f 3217 3152 3154
f 3217 3154 3023
f 3146 3219 3144
f 3144 3219 3220
f 3144 3220 3142
f 3142 3220 3221
f 3142 3221 3215
f 3124 3126 3222
f 3222 3126 3128
f 3222 3128 3130
f 3029 3134 3027
f 3027 3134 3112
f 3027 3112 3025
f 3025 3112 3114
f 3025 3114 3023
f 3023 3114 3217
f 3217 3114 3116
f 3217 3116 3223
f 3224 3120 3122
f 3116 3118 3223
f 3223 3118 3120
f 3223 3120 3225
f 3225 3120 3224
f 3122 3124 3224
f 3224 3124 3222
f 3224 3222 3226
f 3226 3222 3227
f 3226 3227 3228
f 3228 3227 3229
f 3229 3227 3230
f 3229 3230 3231
f 3202 3204 3230
f 3230 3204 3206
f 3230 3206 3231
f 3231 3206 3184
f 3231 3184 3232
f 3184 3186 3232
f 3232 3186 3188
f 3232 3188 3233
f 3233 3188 3190
f 3234 3192 3194
f 3196 3198 3235
f 3235 3198 3200
f 3235 3200 3202
f 3190 3192 3233
f 3233 3192 3234
f 3233 3234 3236
f 3236 3234 3237
f 3180 3234 3178
f 3178 3234 3238
f 3178 3238 3176
f 3213 3212 3239
f 3180 3182 3234
f 3234 3182 3160
f 3234 3160 3237
f 3237 3160 3162
f 3237 3162 3240
f 3240 3162 3164
f 3240 3164 3166
f 3241 3242 3243
f 3243 3242 3244
f 3245 3242 3104
f 3241 3100 3242
f 3242 3100 3102
f 3242 3102 3104
f 3078 3080 3246
f 3247 3246 3248
f 3248 3246 3080
f 3248 3080 3249
f 3249 3080 3082
f 3249 3082 3210
f 3211 3039 3041
f 3154 3156 3023
f 3023 3156 3158
f 3023 3158 2998
f 2998 3158 3136
f 2998 3136 2999
f 2999 3136 3138
f 2999 3138 3003
f 3003 3138 3140
f 3003 3140 3049
f 3049 3140 3216
f 3049 3216 3047
f 3047 3216 3209
f 3047 3209 3045
f 3045 3209 3211
f 3045 3211 3043
f 3043 3211 3041
f 2986 3074 3246
f 3246 3074 3076
f 3246 3076 3078
f 3082 3084 3210
f 3210 3084 3086
f 3210 3086 3211
f 3211 3086 3064
f 3211 3064 3039
f 3064 3066 3039
f 3039 3066 3068
f 3039 3068 2993
f 2993 3068 3070
f 2993 3070 2986
f 2986 3070 3072
f 2986 3072 3074
f 3104 3106 3245
f 3245 3106 3108
f 3245 3108 3247
f 3247 3108 3110
f 3247 3110 3246
f 3246 3110 3088
f 3246 3088 2986
f 3088 3090 2986
f 2986 3090 3092
f 2986 3092 2996
f 2996 3092 3094
f 2996 3094 3062
f 3062 3094 3096
f 3062 3096 3098
f 3056 3058 3208
f 3208 3058 3060
f 3208 3060 3243
f 3243 3060 3062
f 3243 3062 3241
f 3241 3062 3098
f 3241 3098 3100
f 3239 3005 3052
f 3174 3022 3172
f 3172 3022 3009
f 3172 3009 3170
f 3170 3009 3004
f 3170 3004 3168
f 3168 3004 3005
f 3168 3005 3166
f 3166 3005 3239
f 3166 3239 3240
f 3240 3239 3212
f 3174 3176 3022
f 3022 3176 3238
f 3022 3238 3020
f 3020 3238 3018
f 3227 2992 3230
f 3230 2992 3012
f 3230 3012 3202
f 3202 3012 3014
f 3202 3014 3235
f 3235 3014 3016
f 3235 3016 3250
f 3031 3130 3029
f 3029 3130 3132
f 3029 3132 3134
f 3031 3033 3130
f 3130 3033 3035
f 3130 3035 3222
f 3222 3035 2991
f 3222 2991 3227
f 3227 2991 2990
f 3227 2990 2992
f 3016 3018 3250
f 3250 3018 3238
f 3250 3238 3235
f 3235 3238 3234
f 3235 3234 3196
f 3196 3234 3194
f 3052 3054 3239
f 3239 3054 3208
f 3239 3208 3213
f 3213 3208 3243
f 3213 3243 3214
f 3214 3243 3244
f 2154 3219 3218
f 2108 2110 3233
f 3247 2183 3245
f 3245 2183 2093
f 3245 2093 3242
f 3242 2093 2092
f 3242 2092 3244
f 3244 2092 2104
f 3244 2104 3214
f 3214 2104 2103
f 3214 2103 3212
f 3212 2103 2115
f 3212 2115 3240
f 3240 2115 2106
f 3240 2106 3237
f 3237 2106 2108
f 3237 2108 3236
f 3236 2108 3233
f 3219 2154 3220
f 3220 2154 2163
f 3220 2163 3221
f 3221 2163 2165
f 3221 2165 3215
f 3215 2165 2167
f 3215 2167 3216
f 3216 2167 2171
f 3216 2171 3209
f 3209 2171 2173
f 3209 2173 3210
f 3210 2173 2178
f 3210 2178 3249
f 3249 2178 2177
f 3249 2177 3248
f 3248 2177 2185
f 3248 2185 3247
f 3247 2185 2184
f 3247 2184 2183
f 3217 2150 3218
f 3218 2150 2153
f 3218 2153 2154
f 2110 2123 3233
f 3233 2123 2125
f 3233 2125 3232
f 3232 2125 2127
f 3232 2127 3231
f 3231 2127 2135
f 3231 2135 3229
f 3229 2135 2137
f 3229 2137 3228
f 3228 2137 2138
f 3228 2138 3226
f 3226 2138 2140
f 3226 2140 3224
f 3224 2140 2152
f 3224 2152 3225
f 3225 2152 2150
f 3225 2150 3223
f 3223 2150 3217
f 2735 3251 2733
f 2733 3251 3252
f 2733 3252 2734
f 2734 3252 3253
f 2734 3253 2738
f 2738 3253 3254
f 2738 3254 2736
f 2736 3254 3255
f 2736 3255 2737
f 2737 3255 3256
f 2737 3256 2741
f 2741 3256 3257
f 2741 3257 2739
f 2739 3257 3258
f 2739 3258 2740
f 2740 3258 3259
f 2740 3259 2744
f 2744 3259 3260
f 2744 3260 2742
f 2742 3260 3261
f 2742 3261 2743
f 2743 3261 3262
f 2743 3262 2735
f 2735 3262 3251
f 2748 3263 2746
f 2746 3263 3264
f 2746 3264 2747
f 2747 3264 3265
f 2747 3265 2751
f 2751 3265 3266
f 2751 3266 2749
f 2749 3266 3267
f 2749 3267 2750
f 2750 3267 3268
f 2750 3268 2754
f 2754 3268 3269
f 2754 3269 2752
f 2752 3269 3270
f 2752 3270 2753
f 2753 3270 3271
f 2753 3271 2757
f 2757 3271 3272
f 2757 3272 2755
f 2755 3272 3273
f 2755 3273 2756
f 2756 3273 3274
f 2756 3274 2748
f 2748 3274 3263
f 2966 2967 3275
f 2947 2948 2949
f 2926 2925 3276
f 2918 3277 3278
f 2900 2901 2902
f 2889 3279 3040
f 3040 3279 3280
f 3040 3280 3042
f 3026 3281 3282
f 3283 3151 3149
f 2878 2877 3147
f 3147 3145 2878
f 2878 3145 3143
f 2878 3143 2879
f 2879 3143 3000
f 2879 3000 2880
f 3143 3141 3000
f 3000 3141 3139
f 3000 3139 3001
f 3139 3137 3001
f 3001 3137 3159
f 3001 3159 3024
f 3153 3284 3155
f 3155 3284 3024
f 3155 3024 3157
f 3157 3024 3159
f 3032 3030 3282
f 3282 3030 3028
f 3282 3028 3026
f 3264 3263 3285
f 3286 3266 3285
f 3285 3266 3265
f 3285 3265 3264
f 3271 3010 3272
f 3272 3010 2987
f 3272 2987 3273
f 3273 2987 2988
f 3273 2988 3274
f 3271 3270 3010
f 3010 3270 3269
f 3010 3269 3287
f 3287 3269 3268
f 3287 3268 3286
f 3286 3268 3267
f 3286 3267 3266
f 3288 3013 3011
f 3289 3179 3177
f 3015 3290 3017
f 3017 3290 3291
f 3017 3291 3019
f 3019 3291 3289
f 3019 3289 3021
f 3021 3289 3177
f 3021 3177 3008
f 3177 3175 3008
f 3008 3175 3173
f 3008 3173 3006
f 3006 3173 3171
f 3006 3171 3292
f 3293 3051 3294
f 3294 3051 3007
f 3294 3007 3295
f 3057 3055 3293
f 3293 3055 3053
f 3293 3053 3051
f 3063 3061 2942
f 2942 3061 3059
f 2942 3059 2943
f 2943 3059 3296
f 2943 3296 2944
f 3297 2995 3089
f 3089 2995 3091
f 3089 3111 3297
f 3297 3111 3109
f 3297 3109 2940
f 2940 3109 3107
f 2940 3107 2941
f 2941 3107 3105
f 2941 3105 2942
f 3105 3103 2942
f 2942 3103 3101
f 2942 3101 3063
f 3101 3099 3063
f 3063 3099 3097
f 3063 3097 2997
f 2997 3097 3095
f 2997 3095 2995
f 2995 3095 3093
f 2995 3093 3091
f 3298 2893 2892
f 3085 3083 2892
f 2892 3083 3081
f 2892 3081 3298
f 3298 3081 3079
f 3298 3079 3077
f 3299 3300 2994
f 2994 3300 3298
f 2994 3298 3036
f 3036 3298 3077
f 3040 3065 2889
f 2889 3065 3087
f 2889 3087 2890
f 2890 3087 3085
f 2890 3085 2891
f 2891 3085 2892
f 3077 3075 3036
f 3036 3075 3073
f 3036 3073 3037
f 3037 3073 3071
f 3037 3071 3038
f 3038 3071 3069
f 3038 3069 3040
f 3040 3069 3067
f 3040 3067 3065
f 3254 3046 3280
f 3280 3046 3044
f 3280 3044 3042
f 3254 3253 3046
f 3046 3253 3252
f 3046 3252 3048
f 3048 3252 3251
f 3048 3251 3050
f 3050 3251 3262
f 2868 2867 2866
f 2870 2869 3301
f 3301 2869 2868
f 2870 3301 2871
f 2871 3301 3302
f 2871 3302 2872
f 2874 2873 3303
f 3303 2873 2872
f 2874 3303 2875
f 2875 3303 3304
f 2875 3304 2876
f 2876 3304 3283
f 2876 3283 2877
f 2877 3283 3149
f 2877 3149 3147
f 3000 3002 2880
f 2880 3002 3305
f 2880 3305 2881
f 2881 3305 2882
f 3002 3050 3305
f 3305 3050 3306
f 3305 3306 2882
f 2882 3306 3307
f 2882 3307 2886
f 2886 3307 2884
f 2886 2884 2885
f 2889 2888 3279
f 3279 2888 2887
f 3279 2887 3307
f 3307 2887 2883
f 3307 2883 2884
f 3308 2895 2894
f 2868 2866 3301
f 3301 2866 2897
f 3301 2897 3309
f 3309 2897 2896
f 3309 2896 3310
f 2903 2898 3311
f 3311 2898 2899
f 3311 2899 2900
f 3312 2911 2910
f 2906 2905 3313
f 3313 2905 2904
f 3313 2904 3314
f 3314 2904 2903
f 3314 2903 3315
f 3315 2903 3311
f 2910 2909 3312
f 3312 2909 2908
f 3312 2908 3313
f 3313 2908 2907
f 3313 2907 2906
f 2911 3312 2912
f 2912 3312 3316
f 2912 3316 2913
f 2913 3316 3317
f 2913 3317 2914
f 2914 3317 3277
f 2914 3277 2915
f 2918 2917 3277
f 3277 2917 2916
f 3277 2916 2915
f 3318 2923 2922
f 2922 2921 3318
f 3318 2921 2920
f 3318 2920 3278
f 3278 2920 2919
f 3278 2919 2918
f 3318 3319 2923
f 2923 3319 3320
f 2923 3320 2924
f 2924 3320 3321
f 2924 3321 2925
f 2925 3321 3322
f 2925 3322 3276
f 2900 2902 3311
f 3311 2902 2929
f 3311 2929 3323
f 3323 2929 2928
f 3323 2928 3276
f 3276 2928 2927
f 3276 2927 2926
f 3324 3325 2935
f 2932 2931 2933
f 2933 2931 3324
f 2933 3324 2934
f 2934 3324 2935
f 3325 3326 2935
f 2935 3326 3327
f 2935 3327 2936
f 2940 2939 3297
f 3297 2939 2938
f 3297 2938 3327
f 3327 2938 2937
f 3327 2937 2936
f 3328 2950 3329
f 3329 2950 2946
f 3329 2946 3296
f 3296 2946 2945
f 3296 2945 2944
f 2949 2950 2947
f 2947 2950 3328
f 2947 3328 2951
f 2951 3328 2952
f 3007 3006 3295
f 3295 3006 3292
f 3295 3292 2953
f 2953 3292 2954
f 2956 2955 3330
f 3330 2955 3161
f 3330 3161 3183
f 3171 3169 3292
f 3292 3169 3167
f 3292 3167 2954
f 2954 3167 3165
f 2954 3165 2955
f 2955 3165 3163
f 2955 3163 3161
f 3331 3332 2970
f 2970 2971 3331
f 3331 2971 2959
f 3331 2959 3333
f 3333 2959 2958
f 3333 2958 3330
f 3330 2958 2957
f 3330 2957 2956
f 2931 2930 3324
f 3324 2930 2961
f 3324 2961 3334
f 2971 2972 2959
f 2959 2972 2973
f 2959 2973 2960
f 2960 2973 2962
f 2960 2962 2961
f 2961 2962 3334
f 3334 2962 2963
f 3334 2963 3335
f 3335 2963 2964
f 3335 2964 3336
f 3336 2964 2965
f 3336 2965 3337
f 3318 2968 2969
f 2984 3299 2983
f 2983 3299 3338
f 2983 3338 2982
f 2984 2985 3299
f 3299 2985 2974
f 3299 2974 3300
f 3300 2974 2975
f 3300 2975 2976
f 2893 3298 2894
f 2894 3298 3300
f 2894 3300 3308
f 3308 3300 2976
f 3308 2976 2977
f 2982 3338 2981
f 2981 3338 3339
f 2981 3339 2980
f 2980 3340 2979
f 2979 3340 3308
f 2979 3308 2978
f 2978 3308 2977
f 3284 3117 3115
f 3026 3024 3281
f 3281 3024 3284
f 3281 3284 3113
f 3113 3284 3115
f 3117 3284 3119
f 3119 3284 3341
f 3119 3341 3121
f 3121 3341 3312
f 3121 3312 3123
f 3123 3312 3125
f 3125 3312 3313
f 3125 3313 3127
f 3133 3131 3342
f 3342 3131 3129
f 3342 3129 3343
f 3113 3135 3281
f 3281 3135 3133
f 3281 3133 3282
f 3282 3133 3342
f 3282 3342 3032
f 3032 3342 3343
f 3032 3343 3034
f 3034 3343 3344
f 3034 3344 2989
f 2989 3344 3285
f 2989 3285 2988
f 2988 3285 3263
f 2988 3263 3274
f 3183 3181 3345
f 3199 3197 3346
f 3189 3187 3320
f 3320 3187 3185
f 3320 3185 3321
f 3321 3185 3207
f 3321 3207 3205
f 3346 3197 3345
f 3197 3195 3345
f 3345 3195 3193
f 3345 3193 3320
f 3320 3193 3191
f 3320 3191 3189
f 3205 3203 3347
f 3287 3348 3010
f 3010 3348 3349
f 3010 3349 3011
f 3011 3349 3347
f 3011 3347 3288
f 3288 3347 3203
f 3288 3203 3346
f 3346 3203 3201
f 3346 3201 3199
f 3262 3261 3050
f 3050 3261 3260
f 3050 3260 3306
f 3306 3260 3259
f 3306 3259 3307
f 3259 3258 3307
f 3307 3258 3257
f 3307 3257 3279
f 3279 3257 3256
f 3279 3256 3280
f 3280 3256 3255
f 3280 3255 3254
f 3339 3350 3351
f 2980 3339 3340
f 3340 3339 3351
f 3340 3351 3352
f 3302 3353 2872
f 2872 3353 3354
f 2872 3354 3303
f 3303 3354 3355
f 3303 3355 3356
f 3356 3355 3357
f 3356 3357 3358
f 3358 3357 3359
f 3358 3359 3360
f 3360 3359 3337
f 3360 3337 3275
f 3275 3337 2965
f 3275 2965 2966
f 2896 2895 3310
f 3310 2895 3308
f 3310 3308 3309
f 3309 3308 3340
f 3309 3340 3301
f 3301 3340 3352
f 2994 2995 3299
f 3299 2995 3297
f 3299 3297 3338
f 3338 3297 3327
f 3338 3327 3339
f 3339 3327 3326
f 3339 3326 3350
f 3350 3326 3325
f 3059 3057 3296
f 3296 3057 3293
f 3296 3293 3329
f 3329 3293 3294
f 3329 3294 3328
f 3328 3294 3295
f 3328 3295 2952
f 2952 3295 2953
f 2968 3318 2967
f 2967 3318 3278
f 2967 3278 3275
f 3275 3278 3277
f 3275 3277 3360
f 3360 3277 3317
f 3360 3317 3358
f 3358 3317 3316
f 3358 3316 3356
f 3356 3316 3312
f 3356 3312 3303
f 3303 3312 3341
f 3303 3341 3304
f 3304 3341 3284
f 3304 3284 3283
f 3283 3284 3153
f 3283 3153 3151
f 3183 3345 3330
f 3330 3345 3320
f 3330 3320 3333
f 3333 3320 3319
f 3333 3319 3331
f 3331 3319 3318
f 3331 3318 3332
f 3332 3318 2969
f 3332 2969 2970
f 3205 3347 3321
f 3321 3347 3349
f 3321 3349 3322
f 3322 3349 3348
f 3322 3348 3276
f 3276 3348 3287
f 3276 3287 3323
f 3323 3287 3286
f 3323 3286 3311
f 3311 3286 3285
f 3311 3285 3315
f 3315 3285 3344
f 3315 3344 3314
f 3314 3344 3343
f 3314 3343 3313
f 3313 3343 3129
f 3313 3129 3127
f 3181 3179 3345
f 3345 3179 3289
f 3345 3289 3346
f 3346 3289 3291
f 3346 3291 3288
f 3288 3291 3290
f 3288 3290 3013
f 3013 3290 3015
f 3355 3354 2258
f 2258 2259 3355
f 3355 2259 2260
f 3355 2260 3357
f 2260 2261 3357
f 3357 2261 2262
f 3357 2262 3359
f 2262 2263 3359
f 3359 2263 2264
f 3359 2264 3337
f 2264 2265 3337
f 3337 2265 2266
f 3337 2266 3336
f 2266 2267 3336
f 3336 2267 2268
f 3336 2268 3335
f 2268 2269 3335
f 3335 2269 2240
f 3335 2240 3334
f 3334 2240 2241
f 3334 2241 3324
f 2241 2242 3324
f 3324 2242 2243
f 3324 2243 3325
f 2243 2244 3325
f 3325 2244 2245
f 3325 2245 3350
f 2245 2246 3350
f 3350 2246 2247
f 3350 2247 3351
f 2247 2248 3351
f 3351 2248 2249
f 3351 2249 3352
f 2249 2250 3352
f 3352 2250 2251
f 3352 2251 3301
f 2251 2252 3301
f 3301 2252 2253
f 3301 2253 3302
f 2253 2254 3302
f 3302 2254 2255
f 3302 2255 3353
f 3353 2255 2256
f 3353 2256 3354
f 3354 2256 2257
f 3354 2257 2258

