mtllib material.mtl
usemtl mtl_thumb_phalanx_link
v -0.00771572 -0.00468393 -0.00639279
v -0.00769572 -0.00452592 -0.00627886
v -0.00771572 -0.00511732 -0.00572911
v -0.00769572 -0.00494967 -0.00562984
v -0.00771573 -0.00550194 -0.00500968
v -0.00769572 -0.00532639 -0.00492499
v -0.00771572 -0.00583443 -0.00424169
v -0.00769572 -0.00565261 -0.00417149
v -0.00771573 -0.00611154 -0.00343234
v -0.00769572 -0.00592484 -0.00337648
v -0.00771572 -0.00632995 -0.00258884
v -0.00769572 -0.00613960 -0.00254713
v -0.00771572 -0.00648741 -0.00171917
v -0.00769572 -0.00629453 -0.00169144
v -0.00771573 -0.00658282 -0.00083220
v -0.00769572 -0.00638847 -0.00081834
v -0.00771572 -0.00661519 0.00006315
v -0.00769572 -0.00642040 0.00006318
v -0.00771572 -0.00658353 0.00095795
v -0.00769572 -0.00638922 0.00094412
v -0.00771572 -0.00648723 0.00184340
v -0.00769572 -0.00629433 0.00181560
v -0.00771572 -0.00632806 0.00271142
v -0.00769572 -0.00613760 0.00266954
v -0.00771573 -0.00610874 0.00355423
v -0.00769572 -0.00592187 0.00349816
v -0.00771573 -0.00583195 0.00436407
v -0.00769572 -0.00564998 0.00429369
v -0.00771572 -0.00550042 0.00513312
v -0.00769572 -0.00532479 0.00504833
v -0.00771573 -0.00511686 0.00585362
v -0.00769572 -0.00494917 0.00575432
v -0.00771573 -0.00468394 0.00651779
v -0.00769572 -0.00452592 0.00640386
v -0.00777349 -0.00483583 -0.00650230
v -0.00777349 -0.00527848 -0.00582456
v -0.00777349 -0.00567064 -0.00509111
v -0.00777349 -0.00600919 -0.00430918
v -0.00777349 -0.00629098 -0.00348603
v -0.00777349 -0.00651290 -0.00262893
v -0.00777349 -0.00667278 -0.00174582
v -0.00777349 -0.00676962 -0.00084553
v -0.00777349 -0.00680243 0.00006311
v -0.00777349 -0.00677030 0.00097123
v -0.00777349 -0.00667263 0.00187010
v -0.00777349 -0.00651111 0.00275168
v -0.00777349 -0.00628832 0.00360815
v -0.00777349 -0.00600684 0.00443174
v -0.00777349 -0.00566921 0.00521466
v -0.00777349 -0.00527802 0.00594911
v -0.00777349 -0.00483583 0.00662731
v -0.00786564 -0.00497616 -0.00660348
v -0.00786564 -0.00542733 -0.00591275
v -0.00786564 -0.00582648 -0.00516634
v -0.00786564 -0.00617062 -0.00437154
v -0.00786564 -0.00645674 -0.00353564
v -0.00786564 -0.00668191 -0.00266596
v -0.00786564 -0.00684403 -0.00177045
v -0.00786564 -0.00694217 -0.00085785
v -0.00786564 -0.00697540 0.00006306
v -0.00786564 -0.00694283 0.00098349
v -0.00786564 -0.00684389 0.00189477
v -0.00786564 -0.00668021 0.00278886
v -0.00786564 -0.00645422 0.00365797
v -0.00786564 -0.00616839 0.00449427
v -0.00786564 -0.00582512 0.00529000
v -0.00786564 -0.00542690 0.00603733
v -0.00786564 -0.00497616 0.00672848
v -0.00798879 -0.00509949 -0.00669240
v -0.00798879 -0.00555814 -0.00599026
v -0.00798879 -0.00596343 -0.00523246
v -0.00798879 -0.00631246 -0.00442633
v -0.00798879 -0.00660240 -0.00357923
v -0.00798879 -0.00683042 -0.00269849
v -0.00798879 -0.00699452 -0.00179208
v -0.00798879 -0.00709381 -0.00086868
v -0.00798879 -0.00712741 0.00006301
v -0.00798879 -0.00709445 0.00099426
v -0.00798879 -0.00699440 0.00191644
v -0.00798879 -0.00682880 0.00282155
v -0.00798879 -0.00660001 0.00370174
v -0.00798879 -0.00631034 0.00454924
v -0.00798879 -0.00596214 0.00535621
v -0.00798879 -0.00555774 0.00611487
v -0.00798879 -0.00509948 0.00681740
v -0.00813952 -0.00520039 -0.00676515
v -0.00813952 -0.00566520 -0.00605367
v -0.00813952 -0.00607551 -0.00528655
v -0.00813952 -0.00642856 -0.00447117
v -0.00813952 -0.00672161 -0.00361489
v -0.00813952 -0.00695196 -0.00272512
v -0.00813952 -0.00711768 -0.00180979
v -0.00813952 -0.00721791 -0.00087754
v -0.00813952 -0.00725180 0.00006298
v -0.00813952 -0.00721852 0.00100308
v -0.00813952 -0.00711757 0.00193419
v -0.00813952 -0.00695041 0.00284829
v -0.00813952 -0.00671932 0.00373756
v -0.00813952 -0.00642652 0.00459419
v -0.00813952 -0.00607428 0.00541038
v -0.00813952 -0.00566482 0.00617830
v -0.00813952 -0.00520039 0.00689015
v -0.00831257 -0.00527501 -0.00681895
v -0.00831257 -0.00574437 -0.00610054
v -0.00831257 -0.00615839 -0.00532654
v -0.00831257 -0.00651442 -0.00450432
v -0.00831257 -0.00680977 -0.00364127
v -0.00831257 -0.00704182 -0.00274481
v -0.00831257 -0.00720875 -0.00182288
v -0.00831257 -0.00730967 -0.00088408
v -0.00831257 -0.00734377 0.00006296
v -0.00831257 -0.00731026 0.00100961
v -0.00831257 -0.00720864 0.00194732
v -0.00831257 -0.00704035 0.00286806
v -0.00831257 -0.00680755 0.00376404
v -0.00831257 -0.00651244 0.00462742
v -0.00831257 -0.00615720 0.00545041
v -0.00831257 -0.00574398 0.00622519
v -0.00831257 -0.00527500 0.00694395
v -0.00850050 -0.00532122 -0.00685227
v -0.00850049 -0.00579341 -0.00612958
v -0.00850049 -0.00620972 -0.00535131
v -0.00850049 -0.00656758 -0.00452485
v -0.00850050 -0.00686438 -0.00365761
v -0.00850049 -0.00709750 -0.00275701
v -0.00850050 -0.00726516 -0.00183099
v -0.00850050 -0.00736650 -0.00088813
v -0.00850049 -0.00740075 0.00006295
v -0.00850049 -0.00736709 0.00101366
v -0.00850050 -0.00726506 0.00195544
v -0.00850049 -0.00709605 0.00288031
v -0.00850049 -0.00686220 0.00378044
v -0.00850049 -0.00656565 0.00464801
v -0.00850050 -0.00620856 0.00547522
v -0.00850049 -0.00579303 0.00625424
v -0.00850049 -0.00532122 0.00697727
v -0.00869572 -0.00533706 -0.00686369
v -0.00869572 -0.00581019 -0.00613956
v -0.00869572 -0.00622730 -0.00535982
v -0.00869572 -0.00658580 -0.00453190
v -0.00869572 -0.00688306 -0.00366321
v -0.00869572 -0.00711655 -0.00276118
v -0.00869572 -0.00728447 -0.00183377
v -0.00869572 -0.00738598 -0.00088953
v -0.00869572 -0.00742026 0.00006293
v -0.00869572 -0.00738656 0.00101502
v -0.00869572 -0.00728437 0.00195822
v -0.00869572 -0.00711512 0.00288451
v -0.00869572 -0.00688091 0.00378607
v -0.00869572 -0.00658387 0.00465509
v -0.00869572 -0.00622614 0.00548375
v -0.00869572 -0.00580982 0.00626422
v -0.00869572 -0.00533707 0.00698869
v -0.00772957 -0.00431727 -0.00612842
v -0.00772957 -0.00472831 -0.00549872
v -0.00772957 -0.00509464 -0.00481314
v -0.00772957 -0.00541255 -0.00407878
v -0.00772957 -0.00567833 -0.00330272
v -0.00772957 -0.00588828 -0.00249208
v -0.00772957 -0.00603986 -0.00165484
v -0.00772957 -0.00613185 -0.00080004
v -0.00772957 -0.00616315 0.00006322
v -0.00772957 -0.00613264 0.00092585
v -0.00772957 -0.00603963 0.00177888
v -0.00772957 -0.00588612 0.00261422
v -0.00772957 -0.00567515 0.00342409
v -0.00772957 -0.00540975 0.00420071
v -0.00772957 -0.00509294 0.00493633
v -0.00772957 -0.00472776 0.00562315
v -0.00772957 -0.00431726 0.00625342
v -0.00782970 -0.00412035 -0.00598644
v -0.00782970 -0.00451941 -0.00537498
v -0.00782970 -0.00487594 -0.00470759
v -0.00782969 -0.00518601 -0.00399129
v -0.00782969 -0.00544570 -0.00323311
v -0.00782970 -0.00565111 -0.00244011
v -0.00782969 -0.00579952 -0.00162028
v -0.00782969 -0.00588970 -0.00078276
v -0.00782969 -0.00592042 0.00006328
v -0.00782969 -0.00589052 0.00090864
v -0.00782969 -0.00579927 0.00174426
v -0.00782969 -0.00564880 0.00256203
v -0.00782969 -0.00544232 0.00335419
v -0.00782969 -0.00518302 0.00411298
v -0.00782969 -0.00487413 0.00483062
v -0.00782969 -0.00451883 0.00549936
v -0.00782969 -0.00412034 0.00611144
v -0.00798163 -0.00434865 -0.00527393
v -0.00798163 -0.00469715 -0.00462139
v -0.00798163 -0.00500082 -0.00391983
v -0.00798163 -0.00525556 -0.00317623
v -0.00798163 -0.00545727 -0.00239764
v -0.00798163 -0.00560312 -0.00159205
v -0.00798163 -0.00569178 -0.00076865
v -0.00798163 -0.00572204 0.00006329
v -0.00798163 -0.00569263 0.00089452
v -0.00798163 -0.00560283 0.00171592
v -0.00798163 -0.00545483 0.00251938
v -0.00798163 -0.00525200 0.00329712
v -0.00798163 -0.00499768 0.00404136
v -0.00798163 -0.00469526 0.00474434
v -0.00798163 -0.00434805 0.00539829
v -0.00798163 -0.00395945 0.00599543
v -0.00940268 -0.00395258 -0.00586548
v -0.00956174 -0.00412034 -0.00598644
v -0.00956174 -0.00451940 -0.00537498
v -0.00940157 -0.00395168 0.00598983
v -0.00919314 -0.00382227 0.00589652
v -0.00940157 -0.00433987 0.00539335
v -0.00919314 -0.00420256 0.00531199
v -0.00940157 -0.00468670 0.00474010
v -0.00919314 -0.00454290 0.00467063
v -0.00940157 -0.00498883 0.00403784
v -0.00919314 -0.00483984 0.00398018
v -0.00940157 -0.00524289 0.00329434
v -0.00919314 -0.00508989 0.00324840
v -0.00940157 -0.00544554 0.00251733
v -0.00919314 -0.00528958 0.00248304
v -0.00940157 -0.00559341 0.00171460
v -0.00919314 -0.00543546 0.00169184
v -0.00940157 -0.00568314 0.00089389
v -0.00919314 -0.00552403 0.00088257
v -0.00940157 -0.00571250 0.00006333
v -0.00919314 -0.00555299 0.00006337
v -0.00940157 -0.00568228 -0.00076795
v -0.00919314 -0.00552313 -0.00075659
v -0.00940157 -0.00559368 -0.00159069
v -0.00919314 -0.00543575 -0.00156798
v -0.00940157 -0.00544797 -0.00239560
v -0.00919314 -0.00529210 -0.00236146
v -0.00940157 -0.00524645 -0.00317349
v -0.00919314 -0.00509357 -0.00312775
v -0.00940157 -0.00499197 -0.00391636
v -0.00919314 -0.00484309 -0.00385885
v -0.00940157 -0.00468860 -0.00461718
v -0.00919314 -0.00454486 -0.00454781
v -0.00940157 -0.00434047 -0.00526900
v -0.00919314 -0.00420317 -0.00518768
v -0.00894995 -0.00374148 0.00583828
v -0.00894995 -0.00411684 0.00526120
v -0.00894996 -0.00445315 0.00462725
v -0.00894996 -0.00474685 0.00394417
v -0.00894995 -0.00499439 0.00321972
v -0.00894996 -0.00519225 0.00246163
v -0.00894995 -0.00533686 0.00167765
v -0.00894995 -0.00542471 0.00087552
v -0.00894995 -0.00545341 0.00006341
v -0.00894995 -0.00542380 -0.00074950
v -0.00894995 -0.00533716 -0.00155381
v -0.00894995 -0.00519482 -0.00234014
v -0.00894995 -0.00499815 -0.00309919
v -0.00894995 -0.00475016 -0.00382295
v -0.00894995 -0.00445516 -0.00450449
v -0.00894995 -0.00411748 -0.00513690
v -0.00868911 -0.00371456 0.00581886
v -0.00868911 -0.00408828 0.00524427
v -0.00868911 -0.00442324 0.00461279
v -0.00868911 -0.00471586 0.00393217
v -0.00868911 -0.00496257 0.00321016
v -0.00868911 -0.00515980 0.00245449
v -0.00868911 -0.00530401 0.00167292
v -0.00868911 -0.00539161 0.00087317
v -0.00868911 -0.00542023 0.00006342
v -0.00868911 -0.00539070 -0.00074714
v -0.00868911 -0.00530431 -0.00154909
v -0.00868911 -0.00516239 -0.00233304
v -0.00868911 -0.00496635 -0.00308967
v -0.00868911 -0.00471919 -0.00381099
v -0.00868911 -0.00442526 -0.00449005
v -0.00868911 -0.00408892 -0.00511997
v -0.00842962 -0.00374428 0.00584029
v -0.00842962 -0.00411979 0.00526297
v -0.00842962 -0.00445623 0.00462877
v -0.00842962 -0.00475003 0.00394544
v -0.00842962 -0.00499767 0.00322072
v -0.00842962 -0.00519560 0.00246236
v -0.00842962 -0.00534026 0.00167813
v -0.00842962 -0.00542812 0.00087575
v -0.00842961 -0.00545685 0.00006339
v -0.00842962 -0.00542723 -0.00074975
v -0.00842961 -0.00534056 -0.00155430
v -0.00842962 -0.00519816 -0.00234087
v -0.00842961 -0.00500142 -0.00310018
v -0.00842961 -0.00475335 -0.00382420
v -0.00842961 -0.00445824 -0.00450600
v -0.00842962 -0.00412043 -0.00513867
v -0.00818872 -0.00382847 0.00590100
v -0.00818871 -0.00420909 0.00531594
v -0.00818872 -0.00454973 0.00467402
v -0.00818872 -0.00484691 0.00398299
v -0.00818872 -0.00509716 0.00325062
v -0.00818872 -0.00529700 0.00248468
v -0.00818871 -0.00544297 0.00169290
v -0.00818872 -0.00553160 0.00088307
v -0.00818872 -0.00556060 0.00006333
v -0.00818872 -0.00553073 -0.00075715
v -0.00818872 -0.00544328 -0.00156907
v -0.00818872 -0.00529953 -0.00236308
v -0.00818871 -0.00510084 -0.00312994
v -0.00818872 -0.00485017 -0.00386163
v -0.00818871 -0.00455170 -0.00455118
v -0.00818871 -0.00420971 -0.00519162
v -0.00956175 -0.00412035 0.00611144
v -0.00956174 -0.00451883 0.00549937
v -0.00956174 -0.00487414 0.00483064
v -0.00956174 -0.00518307 0.00411301
v -0.00956174 -0.00544239 0.00335424
v -0.00956175 -0.00564890 0.00256209
v -0.00956175 -0.00579938 0.00174433
v -0.00956175 -0.00589063 0.00090871
v -0.00956174 -0.00592053 0.00006334
v -0.00956175 -0.00588979 -0.00078271
v -0.00956174 -0.00579960 -0.00162026
v -0.00956174 -0.00565117 -0.00244011
v -0.00956174 -0.00544574 -0.00323312
v -0.00956175 -0.00518604 -0.00399130
v -0.00956175 -0.00487595 -0.00470759
v -0.00919314 -0.00382226 -0.00577152
v -0.00894995 -0.00374148 -0.00571328
v -0.00868911 -0.00371455 -0.00569386
v -0.00842961 -0.00374427 -0.00571529
v -0.00818872 -0.00382847 -0.00577600
v -0.00798164 -0.00395945 -0.00587043
v -0.00968866 -0.00461697 -0.00634450
v -0.00964354 -0.00478451 -0.00646530
v -0.00968866 -0.00504627 -0.00568706
v -0.00964354 -0.00522401 -0.00579234
v -0.00968866 -0.00542753 -0.00497381
v -0.00964354 -0.00561361 -0.00506362
v -0.00968866 -0.00575738 -0.00421196
v -0.00964354 -0.00595011 -0.00428639
v -0.00968866 -0.00603243 -0.00340867
v -0.00964354 -0.00623032 -0.00346789
v -0.00968865 -0.00624930 -0.00257116
v -0.00964354 -0.00645107 -0.00261537
v -0.00968866 -0.00640569 -0.00170741
v -0.00964354 -0.00661014 -0.00173682
v -0.00968865 -0.00650050 -0.00082631
v -0.00964354 -0.00670649 -0.00084103
v -0.00968866 -0.00653268 0.00006318
v -0.00964354 -0.00673916 0.00006311
v -0.00968866 -0.00650124 0.00095211
v -0.00964354 -0.00670719 0.00096673
v -0.00968866 -0.00640553 0.00183164
v -0.00964354 -0.00660997 0.00186107
v -0.00968865 -0.00624737 0.00269370
v -0.00964354 -0.00644924 0.00273808
v -0.00968865 -0.00602955 0.00353051
v -0.00964354 -0.00622762 0.00358995
v -0.00968866 -0.00575483 0.00433428
v -0.00964354 -0.00594772 0.00440891
v -0.00968866 -0.00542599 0.00509722
v -0.00964354 -0.00561215 0.00518715
v -0.00968865 -0.00504577 0.00581156
v -0.00964354 -0.00522355 0.00591687
v -0.00968866 -0.00461697 0.00646951
v -0.00964354 -0.00478451 0.00659030
v -0.00968944 -0.00444539 -0.00622080
v -0.00968944 -0.00486424 -0.00557924
v -0.00968944 -0.00523695 -0.00488184
v -0.00968944 -0.00555998 -0.00413572
v -0.00968944 -0.00582972 -0.00334802
v -0.00968944 -0.00604265 -0.00252588
v -0.00968944 -0.00619630 -0.00167730
v -0.00968944 -0.00628951 -0.00081125
v -0.00968944 -0.00632120 0.00006323
v -0.00968944 -0.00629028 0.00093711
v -0.00968944 -0.00619611 0.00180147
v -0.00968944 -0.00604060 0.00264823
v -0.00968944 -0.00582668 0.00346962
v -0.00968944 -0.00555729 0.00425784
v -0.00968944 -0.00523533 0.00500513
v -0.00968944 -0.00486372 0.00570371
v -0.00968944 -0.00444539 0.00634580
v -0.00964683 -0.00427734 -0.00609963
v -0.00964683 -0.00468595 -0.00547364
v -0.00964683 -0.00505030 -0.00479175
v -0.00964683 -0.00536663 -0.00406105
v -0.00964683 -0.00563120 -0.00328861
v -0.00964683 -0.00584024 -0.00248153
v -0.00964683 -0.00599120 -0.00164781
v -0.00964683 -0.00608284 -0.00079649
v -0.00964683 -0.00611404 0.00006329
v -0.00964683 -0.00608364 0.00092242
v -0.00964683 -0.00599098 0.00177193
v -0.00964683 -0.00583808 0.00260369
v -0.00964683 -0.00562799 0.00340996
v -0.00964683 -0.00536380 0.00418296
v -0.00964683 -0.00504858 0.00491492
v -0.00964683 -0.00468540 0.00559806
v -0.00964683 -0.00427732 0.00622463
v -0.00773798 -0.00443544 0.00684794
v -0.00771765 -0.00428080 0.00672951
v -0.00780301 -0.00417285 0.00716898
v -0.00778176 -0.00402192 0.00704601
v -0.00790820 -0.00390106 0.00747461
v -0.00788550 -0.00375395 0.00734732
v -0.00805091 -0.00362495 0.00775871
v -0.00802628 -0.00348162 0.00762753
v -0.00822740 -0.00334951 0.00801786
v -0.00820057 -0.00320963 0.00788344
v -0.00843319 -0.00307978 0.00825085
v -0.00840423 -0.00294266 0.00811404
v -0.00867206 -0.00281692 0.00845935
v -0.00864147 -0.00268156 0.00832116
v -0.00896236 -0.00255541 0.00864992
v -0.00893136 -0.00242046 0.00851143
v -0.00779586 -0.00458652 0.00695851
v -0.00786123 -0.00432276 0.00728096
v -0.00796694 -0.00404962 0.00758811
v -0.00811030 -0.00377224 0.00787355
v -0.00828740 -0.00349583 0.00813361
v -0.00849346 -0.00322577 0.00836688
v -0.00873163 -0.00296368 0.00857478
v -0.00901912 -0.00270461 0.00876359
v -0.00788793 -0.00472856 0.00705738
v -0.00795304 -0.00446610 0.00737819
v -0.00805833 -0.00419410 0.00768407
v -0.00820108 -0.00391788 0.00796832
v -0.00837724 -0.00364294 0.00822701
v -0.00858175 -0.00337495 0.00845850
v -0.00881701 -0.00311602 0.00866390
v -0.00909870 -0.00286205 0.00884902
v -0.00801079 -0.00485603 0.00714073
v -0.00807505 -0.00459735 0.00745688
v -0.00817897 -0.00432895 0.00775871
v -0.00831986 -0.00405630 0.00803928
v -0.00849356 -0.00378519 0.00829439
v -0.00869475 -0.00352156 0.00852211
v -0.00892502 -0.00326813 0.00872318
v -0.00919815 -0.00302173 0.00890282
v -0.00816101 -0.00496347 0.00720478
v -0.00822381 -0.00471102 0.00751328
v -0.00832541 -0.00444863 0.00780834
v -0.00846322 -0.00418195 0.00808278
v -0.00863299 -0.00391696 0.00833212
v -0.00882916 -0.00365996 0.00855414
v -0.00905242 -0.00341421 0.00874912
v -0.00931447 -0.00317764 0.00892162
v -0.00833335 -0.00504676 0.00724700
v -0.00839412 -0.00480276 0.00754514
v -0.00849254 -0.00454865 0.00783090
v -0.00862613 -0.00429010 0.00809695
v -0.00879061 -0.00403335 0.00833856
v -0.00898024 -0.00378498 0.00855314
v -0.00919474 -0.00354887 0.00874047
v -0.00944359 -0.00332406 0.00890443
v -0.00852040 -0.00510341 0.00726643
v -0.00857868 -0.00486969 0.00755197
v -0.00867318 -0.00462570 0.00782635
v -0.00880163 -0.00437711 0.00808217
v -0.00895974 -0.00413031 0.00831442
v -0.00914158 -0.00389218 0.00852016
v -0.00934596 -0.00366721 0.00869865
v -0.00958007 -0.00345558 0.00885303
v -0.00871463 -0.00513104 0.00726217
v -0.00877006 -0.00490901 0.00753340
v -0.00886009 -0.00467657 0.00779479
v -0.00898268 -0.00443934 0.00803891
v -0.00913356 -0.00420381 0.00826057
v -0.00930669 -0.00397714 0.00845641
v -0.00949999 -0.00376437 0.00862522
v -0.00971838 -0.00356679 0.00876938
v -0.00775113 -0.00407917 0.00656721
v -0.00784976 -0.00389547 0.00641024
v -0.00781303 -0.00382905 0.00687302
v -0.00790857 -0.00365772 0.00670090
v -0.00791332 -0.00356999 0.00716429
v -0.00800404 -0.00341116 0.00697812
v -0.00804961 -0.00330636 0.00743553
v -0.00813403 -0.00315976 0.00723677
v -0.00821867 -0.00304256 0.00768373
v -0.00829560 -0.00290767 0.00747395
v -0.00841670 -0.00278296 0.00790797
v -0.00848524 -0.00265903 0.00768871
v -0.00864826 -0.00252811 0.00811012
v -0.00870757 -0.00241438 0.00788276
v -0.00893275 -0.00227196 0.00829677
v -0.00898147 -0.00216779 0.00806244
v -0.00960517 -0.00387422 0.00642418
v -0.00958123 -0.00340243 0.00663211
v -0.00973489 -0.00358868 0.00673114
v -0.00983010 -0.00344018 0.00687090
v -0.00806315 -0.00352067 0.00654193
v -0.00800814 -0.00374315 0.00626993
v -0.00815269 -0.00328939 0.00680195
v -0.00860630 -0.00258066 0.00747147
v -0.00842724 -0.00281539 0.00726872
v -0.00881640 -0.00234947 0.00765482
v -0.00896627 -0.00233614 0.00744136
v -0.00920780 -0.00369302 0.00607071
v -0.00896752 -0.00359917 0.00602928
v -0.00870969 -0.00355581 0.00602970
v -0.00845292 -0.00356681 0.00607256
v -0.00821410 -0.00363137 0.00615496
v -0.00992069 -0.00296031 0.00701593
v -0.01006093 -0.00316360 0.00710039
v -0.01010706 -0.00311890 0.00713385
v -0.01006813 -0.00283627 0.00711202
v -0.00990552 -0.00262394 0.00709374
v -0.00974680 -0.00276740 0.00698913
v -0.00984627 -0.00255723 0.00710232
v -0.00955052 -0.00259801 0.00702260
v -0.00972791 -0.00243787 0.00713933
v -0.00934540 -0.00246354 0.00711364
v -0.00958926 -0.00231912 0.00721277
v -0.00907524 -0.00211643 0.00782460
v -0.00912330 -0.00211128 0.00773293
v -0.00920656 -0.00211974 0.00759902
v -0.00914628 -0.00237431 0.00725638
v -0.00933941 -0.00216404 0.00742933
v -0.00954357 -0.00228482 0.00724388
v -0.00960919 -0.00291878 0.00686909
v -0.00940028 -0.00276328 0.00689155
v -0.00926984 -0.00293410 0.00674396
v -0.00918058 -0.00264487 0.00696985
v -0.00903872 -0.00283073 0.00680928
v -0.00896593 -0.00257273 0.00709903
v -0.00881162 -0.00277497 0.00692432
v -0.00877049 -0.00255154 0.00727054
v -0.00860350 -0.00277044 0.00708145
v -0.00827494 -0.00305299 0.00704516
v -0.01019347 -0.00304336 0.00718814
v -0.00962944 -0.00380578 0.00650276
v -0.00944745 -0.00369705 0.00631537
v -0.00834793 -0.00321158 0.00664709
v -0.00846159 -0.00299183 0.00687315
v -0.00857571 -0.00318207 0.00652350
v -0.00868051 -0.00297949 0.00673188
v -0.00882184 -0.00320492 0.00644088
v -0.00891809 -0.00301891 0.00663221
v -0.00907011 -0.00327869 0.00640472
v -0.00915868 -0.00310752 0.00658076
v -0.00930263 -0.00339733 0.00641701
v -0.00938495 -0.00323826 0.00658061
v -0.00979284 -0.00310094 0.00690441
v -0.00993733 -0.00329976 0.00699232
v -0.00826494 -0.00342590 0.00640616
v -0.00849946 -0.00337891 0.00630223
v -0.00875209 -0.00338492 0.00623856
v -0.00900620 -0.00344358 0.00621938
v -0.00924347 -0.00354994 0.00624548
v -0.01020073 -0.00371889 0.00769125
v -0.01020700 -0.00361713 0.00750481
v -0.01005841 -0.00387427 0.00756759
v -0.01008352 -0.00375318 0.00739608
v -0.00991064 -0.00407185 0.00739513
v -0.01026991 -0.00321040 0.00729281
v -0.01007075 -0.00361260 0.00723859
v -0.01002147 -0.00345906 0.00710164
v -0.00981908 -0.00374807 0.00684137
v -0.00987126 -0.00405575 0.00712361
v -0.00973373 -0.00419589 0.00666308
v -0.00973476 -0.00435697 0.00680015
v -0.00970056 -0.00432771 0.00650197
v -0.00970023 -0.00449423 0.00663239
v -0.00969032 -0.00403264 0.00653581
v -0.01031781 -0.00336471 0.00742933
v -0.00986520 -0.00390573 0.00697462
v -0.01033571 -0.00349986 0.00759106
v -0.01032217 -0.00360941 0.00777137
v -0.00983610 -0.00419130 0.00728203
v -0.00971144 -0.00445341 0.00700499
v -0.00965585 -0.00465402 0.00676348
v -0.01142260 -0.00308135 0.00909578
v -0.01133000 -0.00322109 0.00899370
v -0.01105968 -0.00312500 0.00904992
v -0.01160342 -0.00337306 0.00889944
v -0.01172330 -0.00324821 0.00899224
v -0.01184208 -0.00310388 0.00905220
v -0.01151481 -0.00292243 0.00916490
v -0.01195517 -0.00294581 0.00907716
v -0.00990228 -0.00257224 0.00919402
v -0.01017227 -0.00267304 0.00924416
v -0.00998287 -0.00275039 0.00919855
v -0.01042135 -0.00279862 0.00923712
v -0.01079306 -0.00309231 0.00906833
v -0.01052654 -0.00312497 0.00904987
v -0.01063277 -0.00294222 0.00917642
v -0.01047398 -0.00297133 0.00916005
v -0.01025581 -0.00322116 0.00899358
v -0.01016307 -0.00308141 0.00909582
v -0.01007102 -0.00292227 0.00916499
v -0.00928519 -0.00216117 0.00868536
v -0.00931463 -0.00229789 0.00882304
v -0.00936715 -0.00245014 0.00893463
v -0.00943917 -0.00261310 0.00901632
v -0.00952801 -0.00278053 0.00906486
v -0.00963094 -0.00294622 0.00907705
v -0.00974432 -0.00310408 0.00905211
v -0.00986339 -0.00324820 0.00899217
v -0.00998254 -0.00337298 0.00889956
v -0.01186762 -0.00356679 0.00876938
v -0.01200593 -0.00345557 0.00885303
v -0.01214241 -0.00332407 0.00890443
v -0.01227152 -0.00317764 0.00892162
v -0.01238785 -0.00302172 0.00890282
v -0.01049288 -0.00169935 0.00896241
v -0.01079305 -0.00168213 0.00897196
v -0.01079256 -0.00182459 0.00910645
v -0.01109322 -0.00169991 0.00896196
v -0.01108433 -0.00184252 0.00909609
v -0.01137713 -0.00175160 0.00893294
v -0.01136096 -0.00189327 0.00906749
v -0.01163973 -0.00183074 0.00888764
v -0.01161791 -0.00197021 0.00902355
v -0.01188035 -0.00192895 0.00882964
v -0.01185440 -0.00206644 0.00896675
v -0.01230079 -0.00216149 0.00868494
v -0.01227049 -0.00229696 0.00882315
v -0.01265465 -0.00242047 0.00851143
v -0.01262364 -0.00255541 0.00864992
v -0.00994631 -0.00182999 0.00888831
v -0.01020895 -0.00175082 0.00893359
v -0.01022441 -0.00189309 0.00906751
v -0.01050047 -0.00184299 0.00909600
v -0.01051396 -0.00200870 0.00919960
v -0.01079260 -0.00199120 0.00920953
v -0.01079272 -0.00217447 0.00927918
v -0.01107103 -0.00200828 0.00919969
v -0.01105341 -0.00219041 0.00927001
v -0.01133579 -0.00205686 0.00917231
v -0.01130228 -0.00223607 0.00924427
v -0.01158284 -0.00213091 0.00913000
v -0.01153593 -0.00230617 0.00920419
v -0.01181166 -0.00222407 0.00907501
v -0.01175408 -0.00239502 0.00915175
v -0.01221818 -0.00244930 0.00893475
v -0.01214639 -0.00261236 0.00901645
v -0.01256688 -0.00270460 0.00876359
v -0.01248730 -0.00286205 0.00884903
v -0.01205782 -0.00277995 0.00906498
v -0.01160312 -0.00275075 0.00919843
v -0.01168383 -0.00257277 0.00919388
v -0.01141373 -0.00267350 0.00924403
v -0.01147897 -0.00248928 0.00924316
v -0.01121539 -0.00261390 0.00927820
v -0.01126172 -0.00242404 0.00928050
v -0.01100785 -0.00257581 0.00929967
v -0.01103212 -0.00238192 0.00930425
v -0.01079299 -0.00256271 0.00930712
v -0.01079286 -0.00236732 0.00931261
v -0.01055358 -0.00238220 0.00930418
v -0.01053191 -0.00219077 0.00926993
v -0.01028337 -0.00223593 0.00924429
v -0.01024968 -0.00205669 0.00917233
v -0.01000344 -0.00212990 0.00913019
v -0.00996851 -0.00196909 0.00902374
v -0.00973206 -0.00206555 0.00896693
v -0.00970566 -0.00192831 0.00883029
v -0.01134255 -0.00285209 0.00920641
v -0.01111249 -0.00297132 0.00916004
v -0.01116494 -0.00279866 0.00923711
v -0.01095402 -0.00294225 0.00917645
v -0.01098145 -0.00276500 0.00925610
v -0.01079321 -0.00293246 0.00918190
v -0.01079311 -0.00275352 0.00926257
v -0.01060502 -0.00276508 0.00925606
v -0.01057826 -0.00257601 0.00929961
v -0.01037071 -0.00261381 0.00927822
v -0.01032416 -0.00242394 0.00928052
v -0.01010714 -0.00248860 0.00924332
v -0.01005025 -0.00230530 0.00920437
v -0.00983214 -0.00239434 0.00915190
v -0.00977466 -0.00222326 0.00907518
v -0.00928175 -0.00201622 0.00846831
v -0.00931953 -0.00192011 0.00822857
v -0.00969961 -0.00178473 0.00861238
v -0.00972555 -0.00169508 0.00836859
v -0.00994033 -0.00168638 0.00867042
v -0.00996008 -0.00159926 0.00842514
v -0.01020412 -0.00160690 0.00871587
v -0.01021752 -0.00152175 0.00846948
v -0.01049014 -0.00155513 0.00874486
v -0.01049697 -0.00147125 0.00849776
v -0.01079306 -0.00153784 0.00875445
v -0.01079309 -0.00145439 0.00850711
v -0.01109598 -0.00155575 0.00874437
v -0.01108921 -0.00147190 0.00849726
v -0.01138199 -0.00160777 0.00871516
v -0.01136863 -0.00152268 0.00846874
v -0.01164575 -0.00168724 0.00866969
v -0.01162603 -0.00160018 0.00842439
v -0.01188642 -0.00178546 0.00861167
v -0.01186051 -0.00169589 0.00836787
v -0.01230421 -0.00201659 0.00846785
v -0.01226644 -0.00192053 0.00822809
v -0.01265325 -0.00227196 0.00829677
v -0.01260453 -0.00216778 0.00806244
v -0.01096529 -0.00252351 0.00730569
v -0.01091194 -0.00277349 0.00736047
v -0.01105465 -0.00282405 0.00733047
v -0.01048924 -0.00203155 0.00739627
v -0.01020950 -0.00212994 0.00733884
v -0.01032998 -0.00235149 0.00727045
v -0.01107260 -0.00145560 0.00823774
v -0.01180365 -0.00166734 0.00811543
v -0.01218911 -0.00188137 0.00798216
v -0.01207857 -0.00189990 0.00774641
v -0.01043946 -0.00258843 0.00726784
v -0.01011101 -0.00247322 0.00719478
v -0.01025111 -0.00269314 0.00720262
v -0.00950644 -0.00190041 0.00774643
v -0.00964246 -0.00197409 0.00753649
v -0.00979554 -0.00210041 0.00736769
v -0.00995559 -0.00227108 0.00725123
v -0.00939573 -0.00188208 0.00798215
v -0.01151793 -0.00283619 0.00711200
v -0.01168049 -0.00262393 0.00709375
v -0.01147529 -0.00247382 0.00719463
v -0.01173971 -0.00255726 0.00710232
v -0.01163033 -0.00227141 0.00725112
v -0.01185809 -0.00243788 0.00713933
v -0.01179001 -0.00210045 0.00736761
v -0.01199673 -0.00231914 0.00721277
v -0.01251076 -0.00211644 0.00782460
v -0.01246270 -0.00211129 0.00773295
v -0.01237943 -0.00211975 0.00759903
v -0.01194278 -0.00197385 0.00753643
v -0.01224659 -0.00216405 0.00742934
v -0.01204242 -0.00228484 0.00724389
v -0.01150010 -0.00193884 0.00746792
v -0.01161731 -0.00179272 0.00764902
v -0.01143295 -0.00171769 0.00769331
v -0.01172060 -0.00170092 0.00787023
v -0.01151530 -0.00161741 0.00791952
v -0.01158117 -0.00157685 0.00816884
v -0.01133711 -0.00150410 0.00821041
v -0.01139252 -0.00304337 0.00718814
v -0.01133557 -0.00269399 0.00720246
v -0.01125598 -0.00235096 0.00727058
v -0.01137669 -0.00212969 0.00733893
v -0.01102819 -0.00227069 0.00731758
v -0.01109698 -0.00203148 0.00739630
v -0.01094749 -0.00200413 0.00741174
v -0.01116696 -0.00182213 0.00753599
v -0.01098404 -0.00178864 0.00755489
v -0.01123308 -0.00165826 0.00772735
v -0.01101852 -0.00161895 0.00774952
v -0.01129098 -0.00155060 0.00795772
v -0.01104866 -0.00150620 0.00798276
v -0.01079255 -0.00143811 0.00824782
v -0.01051204 -0.00145599 0.00823769
v -0.01024824 -0.00150396 0.00821040
v -0.01000550 -0.00157597 0.00816893
v -0.00978303 -0.00166660 0.00811554
v -0.01114628 -0.00258765 0.00726801
v -0.01122002 -0.00291728 0.00727318
v -0.01055827 -0.00227081 0.00731756
v -0.01062141 -0.00252368 0.00730567
v -0.01079337 -0.00250195 0.00731764
v -0.01079331 -0.00275814 0.00736878
v -0.01079322 -0.00224158 0.00733385
v -0.01079310 -0.00199416 0.00741727
v -0.01063869 -0.00200399 0.00741179
v -0.01079297 -0.00177646 0.00756176
v -0.01060172 -0.00178866 0.00755491
v -0.01041905 -0.00182215 0.00753597
v -0.01008631 -0.00193882 0.00746789
v -0.01079282 -0.00160467 0.00775765
v -0.01056680 -0.00161910 0.00774952
v -0.01035268 -0.00165821 0.00772734
v -0.01015365 -0.00171736 0.00769329
v -0.00996924 -0.00179243 0.00764904
v -0.01079265 -0.00149012 0.00799198
v -0.01053625 -0.00150647 0.00798273
v -0.01029453 -0.00155051 0.00795772
v -0.01007134 -0.00161676 0.00791956
v -0.00986603 -0.00170040 0.00787028
v -0.01067441 -0.00277353 0.00736047
v -0.01053144 -0.00282408 0.00733045
v -0.01036594 -0.00291722 0.00727319
v -0.01049964 -0.00337973 0.00767218
v -0.01049176 -0.00348520 0.00785514
v -0.01064253 -0.00329929 0.00772143
v -0.01063897 -0.00340229 0.00790568
v -0.01074071 -0.00326399 0.00774271
v -0.01074018 -0.00336589 0.00792756
v -0.01079329 -0.00325658 0.00774642
v -0.01079302 -0.00335814 0.00793200
v -0.01084561 -0.00326395 0.00774270
v -0.01084639 -0.00336565 0.00792785
v -0.01094352 -0.00329923 0.00772147
v -0.01094696 -0.00340198 0.00790615
v -0.01108627 -0.00337978 0.00767218
v -0.01109441 -0.00348504 0.00785498
v -0.01125028 -0.00349985 0.00759106
v -0.01126383 -0.00360940 0.00777137
v -0.01048044 -0.00324565 0.00750971
v -0.01062496 -0.00316425 0.00755957
v -0.01072961 -0.00312687 0.00758204
v -0.01079330 -0.00311811 0.00758653
v -0.01085669 -0.00312682 0.00758204
v -0.01096109 -0.00316420 0.00755960
v -0.01110547 -0.00324570 0.00750971
v -0.01126819 -0.00336471 0.00742933
v -0.01043539 -0.00308933 0.00737450
v -0.01058753 -0.00300367 0.00742706
v -0.01070726 -0.00296113 0.00745248
v -0.01079331 -0.00294969 0.00745851
v -0.01087906 -0.00296109 0.00745247
v -0.01099854 -0.00300362 0.00742709
v -0.01115053 -0.00308938 0.00737450
v -0.01131610 -0.00321040 0.00729281
v -0.01223917 -0.00366716 0.00869820
v -0.01208843 -0.00376570 0.00862453
v -0.01244386 -0.00389250 0.00851933
v -0.01228504 -0.00398033 0.00845487
v -0.01262660 -0.00413056 0.00831448
v -0.01245710 -0.00420658 0.00825951
v -0.01278363 -0.00437651 0.00808219
v -0.01260421 -0.00444031 0.00803780
v -0.01291111 -0.00462465 0.00782548
v -0.01272439 -0.00467634 0.00779310
v -0.01300596 -0.00486891 0.00755116
v -0.01281434 -0.00490855 0.00753215
v -0.01306511 -0.00510313 0.00726612
v -0.01287074 -0.00513082 0.00726174
v -0.01308550 -0.00532121 0.00697727
v -0.01289028 -0.00533707 0.00698869
v -0.01291251 -0.00281675 0.00845894
v -0.01294308 -0.00268137 0.00832084
v -0.01315160 -0.00308002 0.00824995
v -0.01318050 -0.00294283 0.00811332
v -0.01335837 -0.00334961 0.00801771
v -0.01338503 -0.00320958 0.00788341
v -0.01353389 -0.00362421 0.00775842
v -0.01355835 -0.00348077 0.00762729
v -0.01367612 -0.00390015 0.00747336
v -0.01369873 -0.00375299 0.00734608
v -0.01378179 -0.00417223 0.00716790
v -0.01380300 -0.00402128 0.00704494
v -0.01384760 -0.00443522 0.00684755
v -0.01386792 -0.00428060 0.00672911
v -0.01387027 -0.00468393 0.00651779
v -0.01389028 -0.00452591 0.00640386
v -0.01285298 -0.00296352 0.00857435
v -0.01309141 -0.00322603 0.00836597
v -0.01329846 -0.00349594 0.00813348
v -0.01347456 -0.00377149 0.00787329
v -0.01361737 -0.00404868 0.00758687
v -0.01372354 -0.00432210 0.00727989
v -0.01378971 -0.00458630 0.00695811
v -0.01381251 -0.00483583 0.00662730
v -0.01276768 -0.00311589 0.00866346
v -0.01300323 -0.00337521 0.00845759
v -0.01320872 -0.00364304 0.00822693
v -0.01338386 -0.00391713 0.00796810
v -0.01352599 -0.00419315 0.00768285
v -0.01363171 -0.00446544 0.00737713
v -0.01369763 -0.00472833 0.00705699
v -0.01372036 -0.00497616 0.00672848
v -0.01265978 -0.00326802 0.00872272
v -0.01289033 -0.00352186 0.00852121
v -0.01309250 -0.00378531 0.00829436
v -0.01326517 -0.00405557 0.00803912
v -0.01340535 -0.00432797 0.00775755
v -0.01350968 -0.00459666 0.00745585
v -0.01357476 -0.00485580 0.00714035
v -0.01359721 -0.00509948 0.00681740
v -0.01253248 -0.00341413 0.00874865
v -0.01275604 -0.00366026 0.00855326
v -0.01295317 -0.00391711 0.00833213
v -0.01312189 -0.00418124 0.00808268
v -0.01325891 -0.00444762 0.00780725
v -0.01336090 -0.00471029 0.00751230
v -0.01342453 -0.00496321 0.00720441
v -0.01344648 -0.00520039 0.00689015
v -0.01239028 -0.00354881 0.00874001
v -0.01260509 -0.00378529 0.00855228
v -0.01279563 -0.00403354 0.00833860
v -0.01295907 -0.00428945 0.00809691
v -0.01309178 -0.00454762 0.00782991
v -0.01319056 -0.00480201 0.00754423
v -0.01325218 -0.00504649 0.00724666
v -0.01327343 -0.00527500 0.00694395
v -0.01293628 -0.00252792 0.00810982
v -0.01287701 -0.00241417 0.00788250
v -0.01316798 -0.00278310 0.00790729
v -0.01309944 -0.00265918 0.00768806
v -0.01336684 -0.00304255 0.00768367
v -0.01328985 -0.00290769 0.00747387
v -0.01353495 -0.00330557 0.00743528
v -0.01345049 -0.00315903 0.00723653
v -0.01367090 -0.00356906 0.00716313
v -0.01358017 -0.00341027 0.00697707
v -0.01377174 -0.00382843 0.00687201
v -0.01367619 -0.00365713 0.00669998
v -0.01383445 -0.00407897 0.00656684
v -0.01373582 -0.00389526 0.00640990
v -0.01385602 -0.00431601 0.00625252
v -0.01375630 -0.00412034 0.00611144
v -0.01297843 -0.00258080 0.00747086
v -0.01152473 -0.00316356 0.00710021
v -0.01330957 -0.00305236 0.00704495
v -0.01315819 -0.00281548 0.00726860
v -0.01352160 -0.00352007 0.00654114
v -0.01343151 -0.00328854 0.00680104
v -0.01213708 -0.00369626 0.00631535
v -0.01197943 -0.00387372 0.00642384
v -0.01201940 -0.00404609 0.00621124
v -0.01357744 -0.00374294 0.00626964
v -0.01337146 -0.00363116 0.00615472
v -0.01166485 -0.00296024 0.00701577
v -0.01183859 -0.00276730 0.00698897
v -0.01179277 -0.00310123 0.00690402
v -0.01261849 -0.00233595 0.00744115
v -0.01243863 -0.00237413 0.00725620
v -0.01223967 -0.00246339 0.00711348
v -0.01203471 -0.00259789 0.00702244
v -0.01276825 -0.00234926 0.00765459
v -0.01217159 -0.00383097 0.00615144
v -0.01202426 -0.00412034 0.00611144
v -0.01218443 -0.00395167 0.00598983
v -0.01339729 -0.00382848 0.00590099
v -0.01313264 -0.00356658 0.00607237
v -0.01315639 -0.00374428 0.00584029
v -0.01287585 -0.00355558 0.00602957
v -0.01289689 -0.00371455 0.00581887
v -0.01261800 -0.00359891 0.00602919
v -0.01263604 -0.00374148 0.00583828
v -0.01237769 -0.00369274 0.00607067
v -0.01239286 -0.00382227 0.00589652
v -0.01360437 -0.00395944 0.00599543
v -0.01323624 -0.00321074 0.00664635
v -0.01331979 -0.00342529 0.00640550
v -0.01300845 -0.00318125 0.00652293
v -0.01308524 -0.00337829 0.00630172
v -0.01276230 -0.00320410 0.00644049
v -0.01283257 -0.00338427 0.00623819
v -0.01251401 -0.00327785 0.00640451
v -0.01257842 -0.00344289 0.00621916
v -0.01228147 -0.00339647 0.00641695
v -0.01234111 -0.00354922 0.00624537
v -0.01191421 -0.00371094 0.00660560
v -0.01200372 -0.00340227 0.00663238
v -0.01185017 -0.00358855 0.00673147
v -0.01169068 -0.00335258 0.00694799
v -0.01298194 -0.00277062 0.00708133
v -0.01312293 -0.00299128 0.00687300
v -0.01277387 -0.00277522 0.00692422
v -0.01290406 -0.00297904 0.00673180
v -0.01254685 -0.00283107 0.00680920
v -0.01266655 -0.00301853 0.00663222
v -0.01231583 -0.00293453 0.00674389
v -0.01242605 -0.00310725 0.00658086
v -0.01209748 -0.00307751 0.00673234
v -0.01219989 -0.00323806 0.00658079
v -0.01164767 -0.00329916 0.00699269
v -0.01281432 -0.00255170 0.00726997
v -0.01261901 -0.00257290 0.00709852
v -0.01240451 -0.00264505 0.00696938
v -0.01218498 -0.00276350 0.00689112
v -0.01197625 -0.00291904 0.00686868
v -0.01192963 -0.00465377 0.00676315
v -0.01194246 -0.00478451 0.00659030
v -0.01189735 -0.00461698 0.00646950
v -0.01156434 -0.00345904 0.00710293
v -0.01189712 -0.00403382 0.00653483
v -0.01176695 -0.00374842 0.00684180
v -0.01171496 -0.00405610 0.00712410
v -0.01151535 -0.00361267 0.00723988
v -0.01150270 -0.00375324 0.00739743
v -0.01139478 -0.00347993 0.00734508
v -0.01137908 -0.00361714 0.00750530
v -0.01193917 -0.00427734 0.00622462
v -0.01189656 -0.00444539 0.00634580
v -0.01189217 -0.00450797 0.00694033
v -0.01185248 -0.00435811 0.00679923
v -0.01183160 -0.00435207 0.00711558
v -0.01174945 -0.00419110 0.00728262
v -0.01185353 -0.00419703 0.00666213
v -0.01172095 -0.00390611 0.00697507
v -0.01164730 -0.00403001 0.00743523
v -0.01152855 -0.00387473 0.00756901
v -0.01139881 -0.00373219 0.00768175
v -0.01387027 -0.00511685 0.00585363
v -0.01389028 -0.00494916 0.00575431
v -0.01387027 -0.00550043 0.00513312
v -0.01389028 -0.00532479 0.00504833
v -0.01387028 -0.00583196 0.00436406
v -0.01389028 -0.00564998 0.00429369
v -0.01387027 -0.00610873 0.00355424
v -0.01389028 -0.00592186 0.00349816
v -0.01387028 -0.00632806 0.00271142
v -0.01389028 -0.00613759 0.00266954
v -0.01387027 -0.00648723 0.00184340
v -0.01389028 -0.00629434 0.00181559
v -0.01387028 -0.00658354 0.00095795
v -0.01389028 -0.00638923 0.00094411
v -0.01387027 -0.00661520 0.00006315
v -0.01389028 -0.00642039 0.00006318
v -0.01387027 -0.00658282 -0.00083220
v -0.01389028 -0.00638848 -0.00081834
v -0.01387028 -0.00648741 -0.00171917
v -0.01389028 -0.00629453 -0.00169144
v -0.01387027 -0.00632995 -0.00258884
v -0.01389028 -0.00613961 -0.00254714
v -0.01387028 -0.00611154 -0.00343234
v -0.01389028 -0.00592483 -0.00337648
v -0.01387028 -0.00583444 -0.00424169
v -0.01389028 -0.00565260 -0.00417149
v -0.01387027 -0.00550193 -0.00500968
v -0.01389028 -0.00532640 -0.00492500
v -0.01387027 -0.00511733 -0.00572911
v -0.01389028 -0.00494966 -0.00562984
v -0.01387028 -0.00468394 -0.00639279
v -0.01389028 -0.00452591 -0.00627885
v -0.01381251 -0.00527802 0.00594911
v -0.01381251 -0.00566921 0.00521466
v -0.01381251 -0.00600684 0.00443174
v -0.01381251 -0.00628833 0.00360815
v -0.01381251 -0.00651111 0.00275167
v -0.01381251 -0.00667262 0.00187011
v -0.01381251 -0.00677030 0.00097123
v -0.01381251 -0.00680244 0.00006311
v -0.01381251 -0.00676961 -0.00084553
v -0.01381251 -0.00667278 -0.00174582
v -0.01381251 -0.00651290 -0.00262893
v -0.01381251 -0.00629098 -0.00348603
v -0.01381251 -0.00600919 -0.00430918
v -0.01381251 -0.00567064 -0.00509111
v -0.01381251 -0.00527847 -0.00582456
v -0.01381251 -0.00483583 -0.00650230
v -0.01372036 -0.00542690 0.00603733
v -0.01372036 -0.00582512 0.00529000
v -0.01372036 -0.00616838 0.00449428
v -0.01372036 -0.00645422 0.00365797
v -0.01372036 -0.00668020 0.00278887
v -0.01372036 -0.00684390 0.00189477
v -0.01372036 -0.00694282 0.00098349
v -0.01372036 -0.00697540 0.00006306
v -0.01372036 -0.00694217 -0.00085785
v -0.01372036 -0.00684403 -0.00177045
v -0.01372036 -0.00668190 -0.00266595
v -0.01372036 -0.00645674 -0.00353564
v -0.01372036 -0.00617061 -0.00437154
v -0.01372036 -0.00582648 -0.00516634
v -0.01372036 -0.00542733 -0.00591275
v -0.01372036 -0.00497616 -0.00660348
v -0.01359721 -0.00555773 0.00611487
v -0.01359721 -0.00596214 0.00535621
v -0.01359721 -0.00631033 0.00454924
v -0.01359721 -0.00660001 0.00370174
v -0.01359721 -0.00682881 0.00282154
v -0.01359721 -0.00699440 0.00191644
v -0.01359721 -0.00709445 0.00099426
v -0.01359721 -0.00712741 0.00006301
v -0.01359721 -0.00709381 -0.00086868
v -0.01359721 -0.00699452 -0.00179208
v -0.01359721 -0.00683042 -0.00269849
v -0.01359721 -0.00660240 -0.00357922
v -0.01359721 -0.00631246 -0.00442633
v -0.01359721 -0.00596343 -0.00523246
v -0.01359721 -0.00555816 -0.00599026
v -0.01359721 -0.00509948 -0.00669240
v -0.01344648 -0.00566481 0.00617830
v -0.01344648 -0.00607427 0.00541038
v -0.01344648 -0.00642653 0.00459419
v -0.01344648 -0.00671931 0.00373756
v -0.01344648 -0.00695042 0.00284829
v -0.01344648 -0.00711756 0.00193419
v -0.01344648 -0.00721852 0.00100308
v -0.01344648 -0.00725179 0.00006298
v -0.01344648 -0.00721790 -0.00087753
v -0.01344648 -0.00711768 -0.00180979
v -0.01344648 -0.00695195 -0.00272512
v -0.01344648 -0.00672162 -0.00361490
v -0.01344648 -0.00642856 -0.00447117
v -0.01344648 -0.00607551 -0.00528655
v -0.01344648 -0.00566521 -0.00605367
v -0.01344648 -0.00520040 -0.00676515
v -0.01327343 -0.00574398 0.00622519
v -0.01327343 -0.00615720 0.00545041
v -0.01327343 -0.00651244 0.00462742
v -0.01327343 -0.00680755 0.00376404
v -0.01327343 -0.00704035 0.00286806
v -0.01327343 -0.00720864 0.00194732
v -0.01327343 -0.00731026 0.00100961
v -0.01327343 -0.00734377 0.00006296
v -0.01327343 -0.00730967 -0.00088408
v -0.01327343 -0.00720875 -0.00182288
v -0.01327343 -0.00704182 -0.00274481
v -0.01327343 -0.00680977 -0.00364127
v -0.01327343 -0.00651442 -0.00450432
v -0.01327343 -0.00615839 -0.00532654
v -0.01327343 -0.00574437 -0.00610054
v -0.01327343 -0.00527501 -0.00681895
v -0.01308551 -0.00579304 0.00625424
v -0.01308551 -0.00620856 0.00547522
v -0.01308551 -0.00656566 0.00464801
v -0.01308550 -0.00686219 0.00378044
v -0.01308550 -0.00709604 0.00288031
v -0.01308551 -0.00726505 0.00195545
v -0.01308550 -0.00736710 0.00101365
v -0.01308551 -0.00740075 0.00006295
v -0.01308550 -0.00736650 -0.00088813
v -0.01308551 -0.00726515 -0.00183099
v -0.01308551 -0.00709750 -0.00275701
v -0.01308550 -0.00686437 -0.00365761
v -0.01308551 -0.00656759 -0.00452485
v -0.01308550 -0.00620973 -0.00535131
v -0.01308551 -0.00579340 -0.00612958
v -0.01308551 -0.00532122 -0.00685227
v -0.01289028 -0.00580983 0.00626422
v -0.01289028 -0.00622613 0.00548375
v -0.01289028 -0.00658388 0.00465509
v -0.01289028 -0.00688091 0.00378607
v -0.01289028 -0.00711512 0.00288451
v -0.01289028 -0.00728438 0.00195822
v -0.01289028 -0.00738656 0.00101502
v -0.01289028 -0.00742027 0.00006293
v -0.01289028 -0.00738598 -0.00088953
v -0.01289028 -0.00728448 -0.00183377
v -0.01289028 -0.00711656 -0.00276118
v -0.01289028 -0.00688307 -0.00366321
v -0.01289028 -0.00658579 -0.00453190
v -0.01289028 -0.00622731 -0.00535982
v -0.01289028 -0.00581020 -0.00613956
v -0.01289028 -0.00533706 -0.00686369
v -0.01385643 -0.00472777 0.00562315
v -0.01385643 -0.00509293 0.00493633
v -0.01385643 -0.00540974 0.00420072
v -0.01385643 -0.00567514 0.00342409
v -0.01385643 -0.00588612 0.00261422
v -0.01385643 -0.00603962 0.00177888
v -0.01385643 -0.00613264 0.00092585
v -0.01385642 -0.00616315 0.00006323
v -0.01385643 -0.00613185 -0.00080004
v -0.01385643 -0.00603985 -0.00165484
v -0.01385643 -0.00588827 -0.00249208
v -0.01385643 -0.00567833 -0.00330272
v -0.01385643 -0.00541256 -0.00407878
v -0.01385643 -0.00509465 -0.00481315
v -0.01385643 -0.00472830 -0.00549872
v -0.01385643 -0.00431726 -0.00612841
v -0.01375631 -0.00451883 0.00549936
v -0.01375630 -0.00487412 0.00483062
v -0.01375631 -0.00518303 0.00411298
v -0.01375631 -0.00544233 0.00335419
v -0.01375630 -0.00564880 0.00256203
v -0.01375631 -0.00579927 0.00174426
v -0.01375631 -0.00589052 0.00090864
v -0.01375631 -0.00592042 0.00006328
v -0.01375631 -0.00588970 -0.00078276
v -0.01375631 -0.00579954 -0.00162029
v -0.01375631 -0.00565111 -0.00244011
v -0.01375630 -0.00544570 -0.00323311
v -0.01375631 -0.00518601 -0.00399129
v -0.01375631 -0.00487594 -0.00470759
v -0.01375631 -0.00451941 -0.00537498
v -0.01375631 -0.00412035 -0.00598644
v -0.01360437 -0.00434806 0.00539829
v -0.01360436 -0.00469525 0.00474434
v -0.01360437 -0.00499769 0.00404136
v -0.01360437 -0.00525200 0.00329712
v -0.01360437 -0.00545484 0.00251938
v -0.01360437 -0.00560283 0.00171593
v -0.01360437 -0.00569264 0.00089451
v -0.01360437 -0.00572204 0.00006329
v -0.01360437 -0.00569178 -0.00076865
v -0.01360437 -0.00560312 -0.00159205
v -0.01360437 -0.00545726 -0.00239763
v -0.01360437 -0.00525555 -0.00317623
v -0.01360437 -0.00500083 -0.00391983
v -0.01360437 -0.00469716 -0.00462140
v -0.01360437 -0.00434866 -0.00527393
v -0.01360437 -0.00395944 -0.00587043
v -0.01218443 -0.00433986 0.00539335
v -0.01202426 -0.00451884 0.00549936
v -0.01218443 -0.00468670 0.00474010
v -0.01202426 -0.00487415 0.00483064
v -0.01218443 -0.00498883 0.00403784
v -0.01202426 -0.00518307 0.00411301
v -0.01218443 -0.00524290 0.00329434
v -0.01202426 -0.00544239 0.00335424
v -0.01218443 -0.00544554 0.00251733
v -0.01202425 -0.00564889 0.00256209
v -0.01218443 -0.00559340 0.00171460
v -0.01202425 -0.00579938 0.00174433
v -0.01218443 -0.00568314 0.00089388
v -0.01202425 -0.00589063 0.00090871
v -0.01218443 -0.00571251 0.00006333
v -0.01202426 -0.00592053 0.00006334
v -0.01218443 -0.00568227 -0.00076795
v -0.01202425 -0.00588978 -0.00078271
v -0.01218443 -0.00559369 -0.00159069
v -0.01202426 -0.00579961 -0.00162027
v -0.01218443 -0.00544797 -0.00239560
v -0.01202426 -0.00565117 -0.00244011
v -0.01218443 -0.00524644 -0.00317349
v -0.01202425 -0.00544574 -0.00323312
v -0.01218443 -0.00499196 -0.00391635
v -0.01202425 -0.00518604 -0.00399130
v -0.01218443 -0.00468860 -0.00461719
v -0.01202426 -0.00487595 -0.00470759
v -0.01218443 -0.00434047 -0.00526900
v -0.01202425 -0.00451940 -0.00537498
v -0.01218443 -0.00395167 -0.00586483
v -0.01202426 -0.00412034 -0.00598644
v -0.01239286 -0.00420256 0.00531199
v -0.01239286 -0.00454290 0.00467063
v -0.01239286 -0.00483984 0.00398018
v -0.01239286 -0.00508989 0.00324840
v -0.01239286 -0.00528959 0.00248304
v -0.01239286 -0.00543546 0.00169184
v -0.01239286 -0.00552403 0.00088257
v -0.01239286 -0.00555299 0.00006337
v -0.01239286 -0.00552313 -0.00075659
v -0.01239286 -0.00543575 -0.00156798
v -0.01239286 -0.00529211 -0.00236146
v -0.01239286 -0.00509357 -0.00312775
v -0.01239286 -0.00484309 -0.00385885
v -0.01239286 -0.00454487 -0.00454781
v -0.01239286 -0.00420318 -0.00518768
v -0.01239286 -0.00382227 -0.00577152
v -0.01263605 -0.00411684 0.00526120
v -0.01263605 -0.00445315 0.00462725
v -0.01263605 -0.00474685 0.00394417
v -0.01263604 -0.00499439 0.00321972
v -0.01263605 -0.00519225 0.00246163
v -0.01263605 -0.00533686 0.00167765
v -0.01263604 -0.00542471 0.00087552
v -0.01263604 -0.00545341 0.00006341
v -0.01263604 -0.00542380 -0.00074950
v -0.01263604 -0.00533716 -0.00155381
v -0.01263604 -0.00519482 -0.00234014
v -0.01263604 -0.00499814 -0.00309919
v -0.01263604 -0.00475016 -0.00382295
v -0.01263604 -0.00445516 -0.00450449
v -0.01263605 -0.00411748 -0.00513690
v -0.01263604 -0.00374148 -0.00571328
v -0.01289689 -0.00408828 0.00524427
v -0.01289689 -0.00442323 0.00461279
v -0.01289689 -0.00471585 0.00393217
v -0.01289689 -0.00496257 0.00321016
v -0.01289689 -0.00515981 0.00245449
v -0.01289689 -0.00530400 0.00167292
v -0.01289689 -0.00539160 0.00087318
v -0.01289690 -0.00542023 0.00006341
v -0.01289689 -0.00539069 -0.00074713
v -0.01289689 -0.00530430 -0.00154908
v -0.01289689 -0.00516239 -0.00233304
v -0.01289690 -0.00496635 -0.00308968
v -0.01289689 -0.00471920 -0.00381099
v -0.01289689 -0.00442526 -0.00449006
v -0.01289690 -0.00408892 -0.00511998
v -0.01289689 -0.00371456 -0.00569386
v -0.01315639 -0.00411979 0.00526297
v -0.01315639 -0.00445622 0.00462877
v -0.01315639 -0.00475003 0.00394544
v -0.01315638 -0.00499766 0.00322072
v -0.01315638 -0.00519559 0.00246237
v -0.01315639 -0.00534026 0.00167812
v -0.01315639 -0.00542812 0.00087575
v -0.01315639 -0.00545685 0.00006339
v -0.01315639 -0.00542722 -0.00074975
v -0.01315639 -0.00534056 -0.00155430
v -0.01315639 -0.00519816 -0.00234087
v -0.01315639 -0.00500142 -0.00310018
v -0.01315639 -0.00475336 -0.00382420
v -0.01315639 -0.00445824 -0.00450601
v -0.01315639 -0.00412043 -0.00513867
v -0.01315639 -0.00374428 -0.00571529
v -0.01339729 -0.00420909 0.00531594
v -0.01339728 -0.00454973 0.00467402
v -0.01339728 -0.00484690 0.00398300
v -0.01339728 -0.00509715 0.00325063
v -0.01339729 -0.00529701 0.00248467
v -0.01339728 -0.00544298 0.00169290
v -0.01339729 -0.00553161 0.00088307
v -0.01339728 -0.00556060 0.00006333
v -0.01339729 -0.00553073 -0.00075716
v -0.01339728 -0.00544327 -0.00156906
v -0.01339728 -0.00529952 -0.00236308
v -0.01339729 -0.00510085 -0.00312994
v -0.01339728 -0.00485016 -0.00386163
v -0.01339728 -0.00455170 -0.00455118
v -0.01339728 -0.00420972 -0.00519162
v -0.01339728 -0.00382847 -0.00577600
v -0.01189735 -0.00504578 0.00581156
v -0.01194246 -0.00522354 0.00591688
v -0.01189734 -0.00542598 0.00509722
v -0.01194246 -0.00561216 0.00518714
v -0.01189735 -0.00575484 0.00433428
v -0.01194246 -0.00594771 0.00440891
v -0.01189735 -0.00602956 0.00353051
v -0.01194246 -0.00622761 0.00358996
v -0.01189734 -0.00624738 0.00269370
v -0.01194246 -0.00644925 0.00273808
v -0.01189734 -0.00640552 0.00183164
v -0.01194246 -0.00660997 0.00186107
v -0.01189734 -0.00650124 0.00095211
v -0.01194246 -0.00670718 0.00096673
v -0.01189734 -0.00653269 0.00006318
v -0.01194246 -0.00673917 0.00006311
v -0.01189735 -0.00650050 -0.00082631
v -0.01194246 -0.00670649 -0.00084103
v -0.01189734 -0.00640570 -0.00170741
v -0.01194246 -0.00661013 -0.00173681
v -0.01189735 -0.00624931 -0.00257116
v -0.01194246 -0.00645106 -0.00261537
v -0.01189734 -0.00603242 -0.00340867
v -0.01194246 -0.00623033 -0.00346789
v -0.01189735 -0.00575738 -0.00421195
v -0.01194246 -0.00595012 -0.00428639
v -0.01189734 -0.00542753 -0.00497381
v -0.01194246 -0.00561360 -0.00506362
v -0.01189734 -0.00504626 -0.00568706
v -0.01194246 -0.00522400 -0.00579234
v -0.01189734 -0.00461697 -0.00634451
v -0.01194246 -0.00478452 -0.00646531
v -0.01189656 -0.00486372 0.00570371
v -0.01189656 -0.00523533 0.00500513
v -0.01189656 -0.00555729 0.00425784
v -0.01189656 -0.00582669 0.00346961
v -0.01189656 -0.00604060 0.00264824
v -0.01189656 -0.00619610 0.00180147
v -0.01189656 -0.00629028 0.00093711
v -0.01189656 -0.00632119 0.00006324
v -0.01189656 -0.00628951 -0.00081125
v -0.01189656 -0.00619630 -0.00167730
v -0.01189656 -0.00604266 -0.00252588
v -0.01189656 -0.00582973 -0.00334802
v -0.01189656 -0.00555999 -0.00413572
v -0.01189656 -0.00523696 -0.00488184
v -0.01189655 -0.00486423 -0.00557924
v -0.01189656 -0.00444539 -0.00622080
v -0.01193917 -0.00468540 0.00559806
v -0.01193917 -0.00504858 0.00491492
v -0.01193917 -0.00536380 0.00418296
v -0.01193917 -0.00562799 0.00340997
v -0.01193917 -0.00583808 0.00260369
v -0.01193917 -0.00599098 0.00177193
v -0.01193917 -0.00608365 0.00092242
v -0.01193917 -0.00611403 0.00006329
v -0.01193917 -0.00608284 -0.00079649
v -0.01193917 -0.00599120 -0.00164781
v -0.01193917 -0.00584024 -0.00248153
v -0.01193917 -0.00563119 -0.00328861
v -0.01193917 -0.00536663 -0.00406105
v -0.01193917 -0.00505030 -0.00479175
v -0.01193917 -0.00468595 -0.00547363
v -0.01193917 -0.00427734 -0.00609963
v -0.01384802 -0.00443544 -0.00672295
v -0.01386834 -0.00428080 -0.00660451
v -0.01378299 -0.00417284 -0.00704398
v -0.01380424 -0.00402192 -0.00692102
v -0.01367780 -0.00390106 -0.00734961
v -0.01370050 -0.00375395 -0.00722232
v -0.01353509 -0.00362495 -0.00763372
v -0.01355972 -0.00348162 -0.00750253
v -0.01335860 -0.00334951 -0.00789286
v -0.01338543 -0.00320963 -0.00775844
v -0.01315280 -0.00307977 -0.00812585
v -0.01318178 -0.00294266 -0.00798905
v -0.01291394 -0.00281692 -0.00833435
v -0.01294453 -0.00268155 -0.00819616
v -0.01262364 -0.00255541 -0.00852492
v -0.01265464 -0.00242047 -0.00838643
v -0.01379014 -0.00458652 -0.00683351
v -0.01372477 -0.00432276 -0.00715597
v -0.01361906 -0.00404962 -0.00746311
v -0.01347570 -0.00377223 -0.00774855
v -0.01329860 -0.00349583 -0.00800861
v -0.01309254 -0.00322578 -0.00824188
v -0.01285437 -0.00296368 -0.00844978
v -0.01256688 -0.00270461 -0.00863859
v -0.01369807 -0.00472856 -0.00693239
v -0.01363296 -0.00446610 -0.00725319
v -0.01352767 -0.00419411 -0.00755907
v -0.01338492 -0.00391788 -0.00784332
v -0.01320876 -0.00364293 -0.00810201
v -0.01300425 -0.00337494 -0.00833350
v -0.01276899 -0.00311602 -0.00853890
v -0.01248730 -0.00286205 -0.00872402
v -0.01357521 -0.00485603 -0.00701574
v -0.01351095 -0.00459736 -0.00733188
v -0.01340703 -0.00432894 -0.00763371
v -0.01326614 -0.00405630 -0.00791428
v -0.01309244 -0.00378519 -0.00816939
v -0.01289125 -0.00352157 -0.00839711
v -0.01266098 -0.00326812 -0.00859818
v -0.01238786 -0.00302173 -0.00877782
v -0.01342499 -0.00496347 -0.00707978
v -0.01336219 -0.00471102 -0.00738829
v -0.01326059 -0.00444863 -0.00768334
v -0.01312278 -0.00418194 -0.00795777
v -0.01295302 -0.00391696 -0.00820712
v -0.01275684 -0.00365996 -0.00842914
v -0.01253358 -0.00341420 -0.00862412
v -0.01227152 -0.00317764 -0.00879662
v -0.01325265 -0.00504676 -0.00712200
v -0.01319188 -0.00480276 -0.00742014
v -0.01309347 -0.00454865 -0.00770590
v -0.01295987 -0.00429011 -0.00797195
v -0.01279539 -0.00403336 -0.00821356
v -0.01260576 -0.00378498 -0.00842814
v -0.01239127 -0.00354887 -0.00861548
v -0.01214241 -0.00332407 -0.00877943
v -0.01306560 -0.00510340 -0.00714143
v -0.01300732 -0.00486970 -0.00742698
v -0.01291282 -0.00462571 -0.00770136
v -0.01278436 -0.00437712 -0.00795717
v -0.01262626 -0.00413030 -0.00818942
v -0.01244442 -0.00389217 -0.00839515
v -0.01224004 -0.00366721 -0.00857365
v -0.01200593 -0.00345557 -0.00872802
v -0.01287138 -0.00513104 -0.00713718
v -0.01281594 -0.00490902 -0.00740839
v -0.01272590 -0.00467658 -0.00766978
v -0.01260332 -0.00443935 -0.00791391
v -0.01245245 -0.00420381 -0.00813557
v -0.01227931 -0.00397713 -0.00833141
v -0.01208601 -0.00376437 -0.00850022
v -0.01186762 -0.00356679 -0.00864438
v -0.01383486 -0.00407918 -0.00644221
v -0.01373624 -0.00389547 -0.00628524
v -0.01377297 -0.00382904 -0.00674802
v -0.01367742 -0.00365772 -0.00657590
v -0.01367268 -0.00357000 -0.00703929
v -0.01358196 -0.00341114 -0.00685312
v -0.01353639 -0.00330637 -0.00731054
v -0.01345197 -0.00315976 -0.00711177
v -0.01336733 -0.00304257 -0.00755873
v -0.01329040 -0.00290767 -0.00734894
v -0.01316930 -0.00278295 -0.00778297
v -0.01310075 -0.00265904 -0.00756371
v -0.01293773 -0.00252811 -0.00798511
v -0.01287843 -0.00241438 -0.00775776
v -0.01265325 -0.00227196 -0.00817177
v -0.01260453 -0.00216779 -0.00793744
v -0.01198083 -0.00387422 -0.00629918
v -0.01200477 -0.00340244 -0.00650711
v -0.01185111 -0.00358868 -0.00660613
v -0.01175590 -0.00344017 -0.00674590
v -0.01352285 -0.00352068 -0.00641693
v -0.01357787 -0.00374314 -0.00614493
v -0.01343331 -0.00328940 -0.00667695
v -0.01297970 -0.00258065 -0.00734647
v -0.01315876 -0.00281538 -0.00714372
v -0.01251552 -0.00211748 -0.00770945
v -0.01276960 -0.00234947 -0.00752982
v -0.01261973 -0.00233615 -0.00731636
v -0.01237820 -0.00369302 -0.00594572
v -0.01261848 -0.00359916 -0.00590428
v -0.01287631 -0.00355581 -0.00590471
v -0.01313308 -0.00356680 -0.00594755
v -0.01337190 -0.00363137 -0.00602996
v -0.01166531 -0.00296030 -0.00689093
v -0.01152507 -0.00316360 -0.00697539
v -0.01147894 -0.00311891 -0.00700885
v -0.01151788 -0.00283629 -0.00698702
v -0.01168252 -0.00262156 -0.00696892
v -0.01183919 -0.00276740 -0.00686412
v -0.01173973 -0.00255724 -0.00697732
v -0.01203548 -0.00259801 -0.00689760
v -0.01186139 -0.00243480 -0.00701571
v -0.01224060 -0.00246353 -0.00698864
v -0.01199674 -0.00231912 -0.00708777
v -0.01204242 -0.00228483 -0.00711888
v -0.01204682 -0.00228165 -0.00712206
v -0.01243972 -0.00237431 -0.00713139
v -0.01224659 -0.00216404 -0.00730433
v -0.01238471 -0.00211869 -0.00748176
v -0.01246270 -0.00211128 -0.00760793
v -0.01251076 -0.00211644 -0.00769960
v -0.01197681 -0.00291878 -0.00674408
v -0.01218572 -0.00276328 -0.00676655
v -0.01231616 -0.00293410 -0.00661896
v -0.01240542 -0.00264486 -0.00684485
v -0.01254728 -0.00283072 -0.00668428
v -0.01262006 -0.00257272 -0.00697403
v -0.01277438 -0.00277496 -0.00679932
v -0.01281551 -0.00255155 -0.00714553
v -0.01298250 -0.00277045 -0.00695645
v -0.01331106 -0.00305299 -0.00692016
v -0.01139253 -0.00304337 -0.00706314
v -0.01195656 -0.00380578 -0.00637776
v -0.01213855 -0.00369704 -0.00619037
v -0.01323807 -0.00321158 -0.00652209
v -0.01312441 -0.00299183 -0.00674815
v -0.01301029 -0.00318207 -0.00639850
v -0.01290549 -0.00297949 -0.00660688
v -0.01276416 -0.00320493 -0.00631588
v -0.01266791 -0.00301890 -0.00650721
v -0.01251590 -0.00327868 -0.00627972
v -0.01242732 -0.00310752 -0.00645577
v -0.01228337 -0.00339734 -0.00629201
v -0.01220105 -0.00323826 -0.00645561
v -0.01179316 -0.00310093 -0.00677941
v -0.01164867 -0.00329976 -0.00686732
v -0.01332106 -0.00342589 -0.00628115
v -0.01308654 -0.00337892 -0.00617723
v -0.01283391 -0.00338493 -0.00611356
v -0.01257980 -0.00344358 -0.00609439
v -0.01234253 -0.00354994 -0.00612048
v -0.01138528 -0.00371889 -0.00756625
v -0.01137900 -0.00361713 -0.00737981
v -0.01152759 -0.00387427 -0.00744259
v -0.01150248 -0.00375319 -0.00727109
v -0.01167537 -0.00407185 -0.00727013
v -0.01131610 -0.00321041 -0.00716781
v -0.01151525 -0.00361260 -0.00711359
v -0.01156453 -0.00345906 -0.00697664
v -0.01176692 -0.00374806 -0.00671636
v -0.01171474 -0.00405576 -0.00699861
v -0.01185227 -0.00419590 -0.00653808
v -0.01185124 -0.00435697 -0.00667515
v -0.01188545 -0.00432772 -0.00637697
v -0.01188577 -0.00449424 -0.00650739
v -0.01189568 -0.00403262 -0.00641081
v -0.01126820 -0.00336471 -0.00730433
v -0.01172081 -0.00390574 -0.00684962
v -0.01125028 -0.00349986 -0.00746606
v -0.01126383 -0.00360941 -0.00764637
v -0.01174990 -0.00419129 -0.00715704
v -0.01187456 -0.00445342 -0.00687999
v -0.01193016 -0.00465402 -0.00663848
v -0.01079292 -0.00309224 -0.00894335
v -0.01105931 -0.00312489 -0.00892493
v -0.01095348 -0.00294250 -0.00905114
v -0.01111207 -0.00297152 -0.00903474
v -0.01116470 -0.00279858 -0.00911211
v -0.01016342 -0.00308162 -0.00897051
v -0.01025599 -0.00322102 -0.00886878
v -0.01052627 -0.00312489 -0.00892502
v -0.00998249 -0.00337295 -0.00877458
v -0.00986289 -0.00324849 -0.00886693
v -0.00974403 -0.00310406 -0.00892706
v -0.01007117 -0.00292265 -0.00903973
v -0.00963085 -0.00294588 -0.00895219
v -0.01168399 -0.00257253 -0.00906917
v -0.01141375 -0.00267330 -0.00911922
v -0.01160311 -0.00275072 -0.00907350
v -0.01133009 -0.00322109 -0.00886862
v -0.01142238 -0.00308170 -0.00897040
v -0.01151469 -0.00292260 -0.00903974
v -0.01230117 -0.00216041 -0.00856099
v -0.01227091 -0.00229594 -0.00869909
v -0.01221848 -0.00244850 -0.00881050
v -0.01214655 -0.00261181 -0.00889198
v -0.01205783 -0.00277965 -0.00894026
v -0.01195503 -0.00294577 -0.00895218
v -0.01184180 -0.00310407 -0.00892697
v -0.01172287 -0.00324864 -0.00886676
v -0.01160341 -0.00337297 -0.00877456
v -0.00971838 -0.00356679 -0.00864438
v -0.00958007 -0.00345558 -0.00872803
v -0.00944360 -0.00332406 -0.00877943
v -0.00931448 -0.00317764 -0.00879662
v -0.00919815 -0.00302172 -0.00877782
v -0.01109321 -0.00169881 -0.00883805
v -0.01079298 -0.00168159 -0.00884764
v -0.01079304 -0.00182454 -0.00898137
v -0.01049275 -0.00169939 -0.00883765
v -0.01050114 -0.00184187 -0.00897165
v -0.01020881 -0.00175107 -0.00880858
v -0.01022448 -0.00189227 -0.00894329
v -0.00994617 -0.00183021 -0.00876326
v -0.00996768 -0.00196970 -0.00889895
v -0.00970548 -0.00192851 -0.00870534
v -0.00973120 -0.00206632 -0.00884202
v -0.00928492 -0.00216103 -0.00856066
v -0.00931511 -0.00229650 -0.00869881
v -0.00893136 -0.00242046 -0.00838643
v -0.00896236 -0.00255541 -0.00852492
v -0.01163981 -0.00182956 -0.00876393
v -0.01137715 -0.00175035 -0.00880920
v -0.01136164 -0.00189165 -0.00894385
v -0.01108495 -0.00184136 -0.00897202
v -0.01107156 -0.00200732 -0.00907546
v -0.01079302 -0.00199121 -0.00908444
v -0.01079296 -0.00217451 -0.00915405
v -0.01051452 -0.00200776 -0.00907514
v -0.01053221 -0.00219004 -0.00914533
v -0.01024976 -0.00205604 -0.00904797
v -0.01028336 -0.00223547 -0.00911977
v -0.01000282 -0.00213051 -0.00900531
v -0.01004980 -0.00230590 -0.00907940
v -0.00977399 -0.00222400 -0.00895021
v -0.00983166 -0.00239504 -0.00902686
v -0.00936751 -0.00244896 -0.00881027
v -0.00943941 -0.00261217 -0.00889182
v -0.00901912 -0.00270460 -0.00863859
v -0.00909870 -0.00286205 -0.00872403
v -0.00952810 -0.00277989 -0.00894019
v -0.00998280 -0.00275090 -0.00907336
v -0.00990200 -0.00257285 -0.00906890
v -0.01017217 -0.00267351 -0.00911900
v -0.01010686 -0.00248914 -0.00911825
v -0.01037045 -0.00261373 -0.00915331
v -0.01032402 -0.00242366 -0.00915581
v -0.01057792 -0.00257579 -0.00917470
v -0.01055357 -0.00238173 -0.00917943
v -0.01079279 -0.00256289 -0.00918192
v -0.01079287 -0.00236742 -0.00918745
v -0.01103223 -0.00238144 -0.00917961
v -0.01105375 -0.00218969 -0.00914559
v -0.01130269 -0.00223501 -0.00912016
v -0.01133638 -0.00205549 -0.00904846
v -0.01158337 -0.00213003 -0.00900583
v -0.01161848 -0.00196914 -0.00889955
v -0.01185493 -0.00206560 -0.00884260
v -0.01188058 -0.00192770 -0.00870599
v -0.01024343 -0.00285223 -0.00908126
v -0.01047360 -0.00297157 -0.00903475
v -0.01042101 -0.00279871 -0.00911202
v -0.01063194 -0.00294251 -0.00905117
v -0.01060441 -0.00276511 -0.00913097
v -0.01079267 -0.00293277 -0.00905664
v -0.01079272 -0.00275376 -0.00913734
v -0.01098111 -0.00276502 -0.00913101
v -0.01100772 -0.00257559 -0.00917481
v -0.01121534 -0.00261348 -0.00915350
v -0.01126190 -0.00242331 -0.00915611
v -0.01147916 -0.00248884 -0.00911858
v -0.01153632 -0.00230551 -0.00907982
v -0.01175440 -0.00239457 -0.00902724
v -0.01181213 -0.00222341 -0.00895070
v -0.01230469 -0.00201532 -0.00834403
v -0.01226698 -0.00191912 -0.00810431
v -0.01188669 -0.00178399 -0.00848817
v -0.01186077 -0.00169424 -0.00824442
v -0.01164583 -0.00168584 -0.00854611
v -0.01162607 -0.00159862 -0.00830086
v -0.01138202 -0.00160631 -0.00859155
v -0.01136861 -0.00152107 -0.00834518
v -0.01109599 -0.00155447 -0.00862059
v -0.01108916 -0.00147049 -0.00837352
v -0.01079299 -0.00153716 -0.00863022
v -0.01079295 -0.00145362 -0.00838291
v -0.01048998 -0.00155510 -0.00862014
v -0.01049673 -0.00147115 -0.00837306
v -0.01020393 -0.00160711 -0.00859088
v -0.01021726 -0.00152192 -0.00834450
v -0.00994014 -0.00168657 -0.00854539
v -0.00995982 -0.00159943 -0.00830012
v -0.00969935 -0.00178488 -0.00848746
v -0.00972523 -0.00169521 -0.00824369
v -0.00928140 -0.00201599 -0.00834366
v -0.00931911 -0.00191982 -0.00810394
v -0.00893275 -0.00227196 -0.00817177
v -0.00898147 -0.00216779 -0.00793744
v -0.01062038 -0.00252187 -0.00718027
v -0.01067417 -0.00277345 -0.00723548
v -0.01053147 -0.00282406 -0.00720548
v -0.00912330 -0.00211129 -0.00760795
v -0.00907524 -0.00211645 -0.00769961
v -0.00939223 -0.00188095 -0.00786824
v -0.00958927 -0.00231914 -0.00708778
v -0.00954358 -0.00228484 -0.00711889
v -0.00979161 -0.00209603 -0.00724651
v -0.01208371 -0.00189673 -0.00763062
v -0.01147715 -0.00247064 -0.00706985
v -0.01096490 -0.00252152 -0.00718028
v -0.01102849 -0.00226681 -0.00719325
v -0.01125739 -0.00234760 -0.00714598
v -0.01043880 -0.00258613 -0.00714259
v -0.01032823 -0.00234800 -0.00714590
v -0.01055687 -0.00226729 -0.00719310
v -0.01219380 -0.00188026 -0.00786860
v -0.01180723 -0.00166593 -0.00800209
v -0.01158407 -0.00157497 -0.00805578
v -0.01133941 -0.00150133 -0.00809789
v -0.01107405 -0.00145333 -0.00812479
v -0.01079297 -0.00143735 -0.00813370
v -0.01051190 -0.00145400 -0.00812435
v -0.01024657 -0.00150219 -0.00809722
v -0.01000195 -0.00157580 -0.00805506
v -0.00977881 -0.00166690 -0.00800138
v -0.01036600 -0.00291726 -0.00714819
v -0.01024940 -0.00269227 -0.00707697
v -0.01010854 -0.00247070 -0.00706991
v -0.01137904 -0.00212510 -0.00721600
v -0.01109799 -0.00202610 -0.00727381
v -0.01094774 -0.00199910 -0.00728909
v -0.01114676 -0.00258592 -0.00714251
v -0.01133621 -0.00269236 -0.00707681
v -0.01163347 -0.00226708 -0.00712797
v -0.01179426 -0.00209564 -0.00724666
v -0.01194774 -0.00196945 -0.00741807
v -0.01019347 -0.00304337 -0.00706314
v -0.01006807 -0.00283620 -0.00698700
v -0.00990551 -0.00262394 -0.00696875
v -0.00990348 -0.00262156 -0.00696892
v -0.00972791 -0.00243788 -0.00701433
v -0.00933941 -0.00216405 -0.00730434
v -0.00963820 -0.00196997 -0.00741782
v -0.01008248 -0.00193444 -0.00734683
v -0.01079280 -0.00275808 -0.00724379
v -0.01079241 -0.00250078 -0.00719224
v -0.01079249 -0.00223882 -0.00720921
v -0.00984629 -0.00255725 -0.00697732
v -0.00995231 -0.00226731 -0.00712792
v -0.01020663 -0.00212568 -0.00721575
v -0.01048744 -0.00202673 -0.00727353
v -0.01063748 -0.00199950 -0.00728893
v -0.01079257 -0.00199016 -0.00729416
v -0.01091181 -0.00277336 -0.00723547
v -0.01041692 -0.00181667 -0.00741549
v -0.01060060 -0.00178335 -0.00743429
v -0.01079265 -0.00177188 -0.00744073
v -0.01098475 -0.00178286 -0.00743455
v -0.01116859 -0.00181595 -0.00741590
v -0.01150326 -0.00193371 -0.00734724
v -0.00996481 -0.00178880 -0.00753039
v -0.01014992 -0.00171326 -0.00757492
v -0.01035046 -0.00165304 -0.00760947
v -0.01056592 -0.00161395 -0.00763150
v -0.01079276 -0.00160045 -0.00763907
v -0.01101963 -0.00161337 -0.00763184
v -0.01123519 -0.00165223 -0.00760999
v -0.01143584 -0.00171245 -0.00757550
v -0.01162103 -0.00178795 -0.00753093
v -0.01105483 -0.00282391 -0.00720544
v -0.01122021 -0.00291716 -0.00714817
v -0.00920656 -0.00211976 -0.00747403
v -0.00950227 -0.00189735 -0.00763030
v -0.00986143 -0.00169832 -0.00775405
v -0.01006749 -0.00161420 -0.00780362
v -0.01029249 -0.00154656 -0.00784239
v -0.01053574 -0.00150239 -0.00786725
v -0.01079288 -0.00148714 -0.00787582
v -0.01105005 -0.00150177 -0.00786766
v -0.01129337 -0.00154570 -0.00784300
v -0.01151843 -0.00161338 -0.00780428
v -0.01172452 -0.00169738 -0.00775469
v -0.01108641 -0.00337968 -0.00754714
v -0.01109420 -0.00348511 -0.00773013
v -0.01094363 -0.00329912 -0.00759638
v -0.01094697 -0.00340208 -0.00778078
v -0.01084535 -0.00326381 -0.00761770
v -0.01084574 -0.00336565 -0.00780269
v -0.01079261 -0.00325650 -0.00762143
v -0.01079296 -0.00335802 -0.00780701
v -0.01074035 -0.00326388 -0.00761772
v -0.01073962 -0.00336551 -0.00780304
v -0.01064250 -0.00329925 -0.00759647
v -0.01063908 -0.00340193 -0.00778128
v -0.01049967 -0.00337977 -0.00754720
v -0.01049155 -0.00348495 -0.00773025
v -0.01033572 -0.00349986 -0.00746606
v -0.01032217 -0.00360940 -0.00764637
v -0.01110560 -0.00324558 -0.00738467
v -0.01096117 -0.00316409 -0.00743453
v -0.01085642 -0.00312668 -0.00745703
v -0.01079258 -0.00311803 -0.00746154
v -0.01072924 -0.00312677 -0.00745705
v -0.01062491 -0.00316422 -0.00743460
v -0.01048046 -0.00324569 -0.00738472
v -0.01031780 -0.00336471 -0.00730433
v -0.01115067 -0.00308926 -0.00724947
v -0.01099865 -0.00300350 -0.00730203
v -0.01087883 -0.00296096 -0.00732748
v -0.01079264 -0.00294962 -0.00733352
v -0.01070693 -0.00296104 -0.00732748
v -0.01058750 -0.00300364 -0.00730209
v -0.01043543 -0.00308937 -0.00724952
v -0.01026990 -0.00321039 -0.00716781
v -0.00867225 -0.00281847 -0.00833276
v -0.00864227 -0.00268266 -0.00819454
v -0.00843161 -0.00308329 -0.00812274
v -0.00840352 -0.00294548 -0.00798598
v -0.00822795 -0.00334909 -0.00789348
v -0.00820141 -0.00320889 -0.00775928
v -0.00805384 -0.00362140 -0.00763698
v -0.00803028 -0.00347722 -0.00750577
v -0.00790984 -0.00389853 -0.00735249
v -0.00789009 -0.00374930 -0.00722461
v -0.00780279 -0.00417223 -0.00704579
v -0.00778485 -0.00401897 -0.00692207
v -0.00773765 -0.00443554 -0.00672341
v -0.00771869 -0.00427996 -0.00660465
v -0.00873172 -0.00296526 -0.00844818
v -0.00849174 -0.00322932 -0.00823878
v -0.00828788 -0.00349541 -0.00800925
v -0.00811317 -0.00376869 -0.00775184
v -0.00796849 -0.00404711 -0.00746601
v -0.00786090 -0.00432218 -0.00715780
v -0.00779549 -0.00458664 -0.00683398
v -0.00881697 -0.00311764 -0.00853731
v -0.00857988 -0.00337851 -0.00833044
v -0.00837762 -0.00364254 -0.00810267
v -0.00820384 -0.00391438 -0.00784659
v -0.00805975 -0.00419166 -0.00756194
v -0.00795259 -0.00446558 -0.00725501
v -0.00788750 -0.00472869 -0.00693285
v -0.00892483 -0.00326978 -0.00859659
v -0.00869275 -0.00352513 -0.00839410
v -0.00849384 -0.00378483 -0.00817005
v -0.00832248 -0.00405290 -0.00791750
v -0.00818024 -0.00432659 -0.00763653
v -0.00807446 -0.00459690 -0.00733367
v -0.00801031 -0.00485618 -0.00701620
v -0.00905209 -0.00341588 -0.00862256
v -0.00882703 -0.00366349 -0.00842621
v -0.00863315 -0.00391665 -0.00820779
v -0.00846567 -0.00417867 -0.00796092
v -0.00832652 -0.00444640 -0.00768607
v -0.00822309 -0.00471066 -0.00739001
v -0.00816048 -0.00496366 -0.00708023
v -0.00919427 -0.00355055 -0.00861394
v -0.00897801 -0.00378847 -0.00842530
v -0.00879067 -0.00403309 -0.00821422
v -0.00862840 -0.00428697 -0.00797499
v -0.00849349 -0.00454655 -0.00770853
v -0.00839328 -0.00480251 -0.00742179
v -0.00833277 -0.00504698 -0.00712242
v -0.00934537 -0.00366889 -0.00857216
v -0.00913927 -0.00389561 -0.00839243
v -0.00895969 -0.00413011 -0.00819007
v -0.00880373 -0.00437415 -0.00796010
v -0.00867398 -0.00462376 -0.00770386
v -0.00857772 -0.00486955 -0.00742851
v -0.00851978 -0.00510368 -0.00714182
v -0.00949928 -0.00376605 -0.00849879
v -0.00930433 -0.00398050 -0.00832881
v -0.00913341 -0.00420367 -0.00813619
v -0.00898458 -0.00443657 -0.00791671
v -0.00886074 -0.00467480 -0.00767215
v -0.00876899 -0.00490901 -0.00740981
v -0.00871397 -0.00513135 -0.00713752
v -0.00864912 -0.00252917 -0.00798355
v -0.00870844 -0.00241538 -0.00775627
v -0.00841612 -0.00278571 -0.00778000
v -0.00848478 -0.00266169 -0.00756086
v -0.00821957 -0.00304186 -0.00755952
v -0.00829651 -0.00290702 -0.00734967
v -0.00805354 -0.00330209 -0.00731369
v -0.00813783 -0.00315566 -0.00711480
v -0.00791778 -0.00356544 -0.00704157
v -0.00800834 -0.00340677 -0.00685538
v -0.00781603 -0.00382617 -0.00674910
v -0.00791145 -0.00365494 -0.00657699
v -0.00775214 -0.00407834 -0.00644237
v -0.00785072 -0.00389464 -0.00628541
v -0.00979150 -0.00310348 -0.00677757
v -0.00989520 -0.00335259 -0.00682329
v -0.00973607 -0.00358717 -0.00660785
v -0.01006035 -0.00316492 -0.00697441
v -0.00881682 -0.00235081 -0.00752842
v -0.00860530 -0.00258375 -0.00734371
v -0.00842800 -0.00281503 -0.00714421
v -0.00827768 -0.00304998 -0.00692290
v -0.00815424 -0.00328745 -0.00667916
v -0.00806305 -0.00352047 -0.00641811
v -0.00800788 -0.00374337 -0.00614516
v -0.00920740 -0.00369342 -0.00594572
v -0.00924290 -0.00355039 -0.00612092
v -0.00944673 -0.00369761 -0.00619074
v -0.00930333 -0.00339643 -0.00629331
v -0.00958258 -0.00340083 -0.00650887
v -0.00938652 -0.00323650 -0.00645746
v -0.00960800 -0.00292135 -0.00674213
v -0.00974659 -0.00276866 -0.00686309
v -0.00992028 -0.00296159 -0.00688993
v -0.00896663 -0.00233745 -0.00731504
v -0.00914654 -0.00237558 -0.00713015
v -0.00934553 -0.00246478 -0.00698748
v -0.00955048 -0.00259926 -0.00689651
v -0.00967050 -0.00371094 -0.00648169
v -0.00960419 -0.00387518 -0.00629915
v -0.00956898 -0.00402416 -0.00611539
v -0.00896717 -0.00359953 -0.00590431
v -0.00870939 -0.00355614 -0.00590479
v -0.00900578 -0.00344391 -0.00609494
v -0.00875180 -0.00338510 -0.00611425
v -0.00907101 -0.00327760 -0.00628117
v -0.00882294 -0.00320363 -0.00631749
v -0.00916049 -0.00310554 -0.00645775
v -0.00892014 -0.00301668 -0.00650937
v -0.00927019 -0.00293413 -0.00661928
v -0.00903921 -0.00283066 -0.00668464
v -0.00845265 -0.00356709 -0.00594768
v -0.00849927 -0.00337895 -0.00617808
v -0.00857699 -0.00318056 -0.00640031
v -0.00868281 -0.00297700 -0.00660922
v -0.00881222 -0.00277480 -0.00679971
v -0.00821385 -0.00363162 -0.00603014
v -0.00826482 -0.00342581 -0.00628217
v -0.00834937 -0.00320984 -0.00652410
v -0.00846413 -0.00298906 -0.00675070
v -0.00860420 -0.00277017 -0.00695688
v -0.00993770 -0.00330002 -0.00686743
v -0.00876956 -0.00255451 -0.00714293
v -0.00896501 -0.00257556 -0.00697160
v -0.00917960 -0.00264759 -0.00684259
v -0.00939923 -0.00276592 -0.00676446
v -0.00965659 -0.00465347 -0.00663832
v -0.01002121 -0.00346025 -0.00697718
v -0.00987313 -0.00405314 -0.00700165
v -0.00983836 -0.00418811 -0.00715988
v -0.00975573 -0.00434984 -0.00699224
v -0.00979251 -0.00420818 -0.00684253
v -0.00978933 -0.00405276 -0.00669909
v -0.00986709 -0.00390319 -0.00685257
v -0.00968935 -0.00403317 -0.00641099
v -0.00982108 -0.00374555 -0.00671926
v -0.01006989 -0.00361397 -0.00711408
v -0.01008238 -0.00375464 -0.00727158
v -0.01019076 -0.00348089 -0.00721947
v -0.01020636 -0.00361814 -0.00737965
v -0.00973282 -0.00419639 -0.00653833
v -0.00969456 -0.00450677 -0.00681617
v -0.00973381 -0.00435745 -0.00667546
v -0.00994066 -0.00402701 -0.00731251
v -0.01005913 -0.00387247 -0.00744570
v -0.01018820 -0.00373108 -0.00755756
v -0.00949980 -0.00546072 -0.00593254
v -0.00949980 -0.00500763 -0.00662618
v -0.00927938 -0.00518466 -0.00675381
v -0.00900227 -0.00529769 -0.00683530
v -0.00900227 -0.00576843 -0.00611480
v -0.00900227 -0.00618360 -0.00533870
v -0.00900227 -0.00654051 -0.00451439
v -0.00900227 -0.00683657 -0.00364929
v -0.00900227 -0.00706916 -0.00275080
v -0.00900227 -0.00723645 -0.00182686
v -0.00900227 -0.00733758 -0.00088607
v -0.00900227 -0.00737175 0.00006296
v -0.00900227 -0.00733817 0.00101160
v -0.00900227 -0.00723635 0.00195131
v -0.00900227 -0.00706769 0.00287408
v -0.00900227 -0.00683438 0.00377209
v -0.00900227 -0.00653857 0.00463753
v -0.00900227 -0.00618241 0.00546259
v -0.00900227 -0.00576807 0.00623945
v -0.00927938 -0.00518465 0.00687881
v -0.00900227 -0.00529768 0.00696031
v -0.00927937 -0.00564850 -0.00604378
v -0.00927938 -0.00605803 -0.00527812
v -0.00927938 -0.00641045 -0.00446418
v -0.00927938 -0.00670302 -0.00360933
v -0.00927938 -0.00693301 -0.00272097
v -0.00927938 -0.00709848 -0.00180703
v -0.00927938 -0.00719856 -0.00087615
v -0.00927938 -0.00723240 0.00006299
v -0.00927938 -0.00719917 0.00100171
v -0.00927938 -0.00709837 0.00193142
v -0.00927938 -0.00693146 0.00284412
v -0.00927938 -0.00670072 0.00373198
v -0.00927938 -0.00640840 0.00458719
v -0.00927938 -0.00605679 0.00540194
v -0.00927938 -0.00564811 0.00616841
v -0.00949980 -0.00500764 0.00675118
v -0.00949980 -0.00546030 0.00605713
v -0.00949980 -0.00586009 0.00530691
v -0.00949980 -0.00620461 0.00450832
v -0.00949980 -0.00649143 0.00366915
v -0.00949980 -0.00671814 0.00279721
v -0.00949981 -0.00688232 0.00190031
v -0.00949980 -0.00698153 0.00098624
v -0.00949980 -0.00701421 0.00006305
v -0.00949980 -0.00698088 -0.00086061
v -0.00949980 -0.00688245 -0.00177596
v -0.00949980 -0.00671980 -0.00267425
v -0.00949980 -0.00649392 -0.00354676
v -0.00949980 -0.00620681 -0.00438553
v -0.00949980 -0.00586143 -0.00518322
v -0.00951689 -0.00485825 0.00694190
v -0.00955749 -0.00469715 0.00713876
v -0.00962387 -0.00452565 0.00733164
v -0.00971486 -0.00434877 0.00751320
v -0.00982740 -0.00417239 0.00767853
v -0.00995683 -0.00400306 0.00782475
v -0.01009844 -0.00384733 0.00794905
v -0.01024560 -0.00371302 0.00805374
v -0.01011040 -0.00374143 0.00833145
v -0.00994244 -0.00389554 0.00821530
v -0.00978407 -0.00406922 0.00807684
v -0.00964117 -0.00425641 0.00791518
v -0.00951768 -0.00445091 0.00773264
v -0.00941752 -0.00464654 0.00753163
v -0.00934367 -0.00483742 0.00731694
v -0.00929803 -0.00501802 0.00709628
v -0.00992865 -0.00369064 0.00857762
v -0.00973509 -0.00386711 0.00844742
v -0.00955749 -0.00406129 0.00829282
v -0.00939976 -0.00426819 0.00811411
v -0.00926461 -0.00448229 0.00791291
v -0.00915473 -0.00469806 0.00769096
v -0.00907285 -0.00490978 0.00745281
v -0.00902171 -0.00511149 0.00720642
v -0.01043055 -0.00357747 0.00814508
v -0.01016323 -0.00351856 0.00869333
v -0.01039431 -0.00338990 0.00877273
v -0.01060483 -0.00331482 0.00881688
v -0.01079302 -0.00329121 0.00883024
v -0.01098146 -0.00331469 0.00881705
v -0.01119149 -0.00338968 0.00877302
v -0.01142275 -0.00351857 0.00869318
v -0.01147560 -0.00374143 0.00833145
v -0.01165734 -0.00369064 0.00857762
v -0.01031767 -0.00358942 0.00843379
v -0.01051140 -0.00348121 0.00850028
v -0.01067048 -0.00342422 0.00853402
v -0.01079300 -0.00340824 0.00854308
v -0.01091590 -0.00342401 0.00853426
v -0.01107443 -0.00348088 0.00850069
v -0.01126836 -0.00358936 0.00843363
v -0.01134040 -0.00371301 0.00805374
v -0.01115553 -0.00357736 0.00814492
v -0.01099038 -0.00348466 0.00820211
v -0.01086948 -0.00344107 0.00822801
v -0.01079300 -0.00343081 0.00823372
v -0.01071698 -0.00344133 0.00822772
v -0.01059548 -0.00348502 0.00820164
v -0.01149010 -0.00384895 0.00795457
v -0.01251457 -0.00490986 0.00745190
v -0.01243240 -0.00469783 0.00769020
v -0.01256597 -0.00511180 0.00720631
v -0.01232229 -0.00448168 0.00791436
v -0.01218711 -0.00426737 0.00811760
v -0.01202955 -0.00406057 0.00829607
v -0.01185213 -0.00386656 0.00844944
v -0.01224443 -0.00483832 0.00731756
v -0.01217024 -0.00464703 0.00753258
v -0.01207048 -0.00445128 0.00773563
v -0.01194753 -0.00425680 0.00792002
v -0.01180461 -0.00406951 0.00808153
v -0.01164589 -0.00389565 0.00821901
v -0.01203049 -0.00469960 0.00714121
v -0.01196373 -0.00452763 0.00733453
v -0.01187357 -0.00435085 0.00751794
v -0.01176199 -0.00417467 0.00768492
v -0.01163242 -0.00400511 0.00783107
v -0.01207195 -0.00486140 0.00694457
v -0.01208620 -0.00500764 0.00675118
v -0.01229068 -0.00501942 0.00709738
v -0.01230662 -0.00518465 0.00687881
v -0.01258373 -0.00529770 0.00696030
v -0.01208620 -0.00546030 0.00605713
v -0.01258373 -0.00576806 0.00623945
v -0.01258373 -0.00618241 0.00546259
v -0.01258373 -0.00653857 0.00463753
v -0.01258373 -0.00683438 0.00377209
v -0.01258373 -0.00706770 0.00287408
v -0.01258373 -0.00723634 0.00195131
v -0.01258373 -0.00733817 0.00101160
v -0.01258373 -0.00737175 0.00006296
v -0.01258373 -0.00733757 -0.00088607
v -0.01258373 -0.00723644 -0.00182686
v -0.01258373 -0.00706916 -0.00275080
v -0.01258373 -0.00683658 -0.00364929
v -0.01258373 -0.00654052 -0.00451440
v -0.01258373 -0.00618359 -0.00533870
v -0.01258373 -0.00576844 -0.00611480
v -0.01230663 -0.00518466 -0.00675381
v -0.01258373 -0.00529769 -0.00683530
v -0.01230662 -0.00564811 0.00616841
v -0.01230662 -0.00605679 0.00540194
v -0.01230662 -0.00640841 0.00458719
v -0.01230662 -0.00670072 0.00373198
v -0.01230662 -0.00693146 0.00284412
v -0.01230663 -0.00709837 0.00193142
v -0.01230662 -0.00719917 0.00100171
v -0.01230662 -0.00723240 0.00006299
v -0.01230662 -0.00719856 -0.00087615
v -0.01230662 -0.00709848 -0.00180703
v -0.01230662 -0.00693299 -0.00272096
v -0.01230662 -0.00670302 -0.00360933
v -0.01230662 -0.00641045 -0.00446418
v -0.01230662 -0.00605803 -0.00527812
v -0.01230662 -0.00564850 -0.00604378
v -0.01208619 -0.00500764 -0.00662618
v -0.01208620 -0.00546072 -0.00593254
v -0.01208620 -0.00586143 -0.00518322
v -0.01208619 -0.00620682 -0.00438553
v -0.01208620 -0.00649392 -0.00354676
v -0.01208620 -0.00671981 -0.00267425
v -0.01208620 -0.00688245 -0.00177597
v -0.01208620 -0.00698089 -0.00086061
v -0.01208620 -0.00701421 0.00006305
v -0.01208620 -0.00698153 0.00098624
v -0.01208620 -0.00688232 0.00190030
v -0.01208620 -0.00671814 0.00279721
v -0.01208620 -0.00649143 0.00366915
v -0.01208620 -0.00620461 0.00450832
v -0.01208620 -0.00586009 0.00530691
v -0.01206910 -0.00485824 -0.00681690
v -0.01202851 -0.00469715 -0.00701377
v -0.01196213 -0.00452565 -0.00720665
v -0.01187113 -0.00434877 -0.00738820
v -0.01175860 -0.00417240 -0.00755353
v -0.01162917 -0.00400305 -0.00769975
v -0.01148756 -0.00384733 -0.00782405
v -0.01134040 -0.00371301 -0.00792874
v -0.01147560 -0.00374143 -0.00820645
v -0.01164356 -0.00389554 -0.00809030
v -0.01180193 -0.00406922 -0.00795184
v -0.01194483 -0.00425641 -0.00779018
v -0.01206832 -0.00445092 -0.00760764
v -0.01216848 -0.00464654 -0.00740663
v -0.01224233 -0.00483742 -0.00719194
v -0.01228797 -0.00501803 -0.00697128
v -0.01165734 -0.00369064 -0.00845262
v -0.01185091 -0.00386711 -0.00832242
v -0.01202851 -0.00406128 -0.00816782
v -0.01218624 -0.00426819 -0.00798911
v -0.01232139 -0.00448228 -0.00778791
v -0.01243127 -0.00469806 -0.00756596
v -0.01251315 -0.00490978 -0.00732781
v -0.01256429 -0.00511150 -0.00708142
v -0.01115537 -0.00357740 -0.00802007
v -0.01142271 -0.00351852 -0.00856832
v -0.01119157 -0.00338978 -0.00864779
v -0.01098102 -0.00331465 -0.00869197
v -0.01079293 -0.00329114 -0.00870525
v -0.01060449 -0.00331456 -0.00869219
v -0.01039449 -0.00338960 -0.00864812
v -0.01016315 -0.00351843 -0.00856839
v -0.01011040 -0.00374142 -0.00820645
v -0.00992866 -0.00369065 -0.00845262
v -0.01126828 -0.00358936 -0.00830877
v -0.01107450 -0.00348104 -0.00837536
v -0.01091539 -0.00342400 -0.00840913
v -0.01079295 -0.00340816 -0.00841809
v -0.01067006 -0.00342385 -0.00840944
v -0.01051157 -0.00348082 -0.00837581
v -0.01031754 -0.00358922 -0.00830887
v -0.01024560 -0.00371302 -0.00792874
v -0.01043038 -0.00357725 -0.00802019
v -0.01059560 -0.00348459 -0.00807724
v -0.01071648 -0.00344092 -0.00810320
v -0.01079293 -0.00343071 -0.00810872
v -0.01086887 -0.00344109 -0.00810285
v -0.01099040 -0.00348481 -0.00807674
v -0.01009704 -0.00384774 -0.00783047
v -0.00907250 -0.00490842 -0.00732807
v -0.00915555 -0.00469511 -0.00756753
v -0.00902035 -0.00511146 -0.00708154
v -0.00926635 -0.00447800 -0.00779254
v -0.00940175 -0.00426359 -0.00799583
v -0.00955892 -0.00405764 -0.00817348
v -0.00973537 -0.00386504 -0.00832562
v -0.00934253 -0.00483698 -0.00719361
v -0.00941750 -0.00464449 -0.00740963
v -0.00951788 -0.00444787 -0.00761344
v -0.00964101 -0.00425330 -0.00779786
v -0.00978357 -0.00406685 -0.00795866
v -0.00994142 -0.00389429 -0.00809504
v -0.00955635 -0.00469834 -0.00701714
v -0.00962379 -0.00452525 -0.00721136
v -0.00971449 -0.00434766 -0.00739543
v -0.00982624 -0.00417145 -0.00756245
v -0.00995549 -0.00400268 -0.00770795
v -0.00951430 -0.00486109 -0.00681975
v -0.00929561 -0.00501911 -0.00697258
v -0.02338169 0.00379386 0.00773897
v -0.02336868 0.00351507 0.00798586
v -0.02214850 0.00374680 0.00778260
v -0.00577312 -0.00475151 0.00665472
v -0.00555827 -0.00450342 0.00697613
v -0.01650414 -0.00508187 0.00617115
v -0.01487163 -0.00671436 -0.00088988
v -0.01493424 -0.00665177 -0.00151518
v -0.00528647 -0.00665236 -0.00151038
v -0.02343400 -0.00501404 -0.00615121
v -0.02344661 -0.00500937 -0.00615832
v -0.02344298 -0.00494567 -0.00625396
v -0.02287867 0.00515113 -0.00593546
v -0.02214850 0.00522232 -0.00581791
v -0.02214850 0.00500570 -0.00616391
v -0.00332648 0.00524726 0.00590079
v -0.00305476 0.00541001 0.00561286
v -0.01333403 0.00540662 0.00561896
v -0.01331915 0.00537693 0.00567315
v -0.01311840 0.00504790 0.00622416
v -0.00330121 0.00500429 0.00629104
v -0.01306423 0.00489851 0.00644806
v -0.00325718 0.00452632 0.00694779
v -0.01310019 0.00477113 0.00662787
v -0.00732416 0.00578793 0.00483800
v -0.00757278 0.00583552 0.00472712
v -0.00256574 0.00565828 0.00512323
v -0.00417697 0.00566528 0.00510850
v -0.00256758 0.00565744 0.00512500
v -0.00265747 0.00561579 0.00521194
v -0.00585178 0.00569429 0.00504625
v -0.00681039 0.00573885 0.00494871
v -0.00764372 0.00586578 0.00465486
v -0.00766013 0.00588862 0.00459929
v -0.01345298 0.00569993 0.00503408
v -0.00768267 0.00608151 0.00408959
v -0.01352352 0.00601649 0.00426996
v -0.01353115 0.00608132 0.00408992
v -0.00771285 0.00622931 0.00363705
v -0.01354038 0.00630729 0.00336848
v -0.00779300 0.00649040 0.00261172
v -0.01352435 0.00653103 0.00240752
v -0.00780828 0.00653097 0.00240763
v -0.01352405 0.00653369 0.00239355
v -0.01350442 0.00674517 0.00045112
v -0.01350351 0.00673760 0.00064658
v -0.00789847 0.00673908 0.00059025
v -0.01350611 0.00667620 0.00143435
v -0.00786010 0.00665592 0.00160665
v -0.00789729 0.00673662 0.00064654
v -0.01351912 0.00673397 -0.00059505
v -0.00789815 0.00673851 -0.00047884
v -0.01353873 0.00667885 -0.00128527
v -0.00787026 0.00667844 -0.00128531
v -0.01354937 0.00664452 -0.00157330
v -0.00785787 0.00665092 -0.00152192
v -0.01359901 0.00645743 -0.00264069
v -0.00782004 0.00656100 -0.00211838
v -0.01361510 0.00636853 -0.00301371
v -0.00779300 0.00649040 -0.00248672
v -0.00775146 0.00636843 -0.00301381
v -0.01363264 0.00617781 -0.00367710
v -0.00772126 0.00626308 -0.00339864
v -0.01361360 0.00585654 -0.00455207
v -0.00766566 0.00595529 -0.00430668
v -0.01360914 0.00582923 -0.00461703
v -0.00766013 0.00588863 -0.00447429
v -0.00764369 0.00586562 -0.00453030
v -0.01326673 0.00502687 -0.00613158
v -0.01328331 0.00505438 -0.00608911
v -0.00754229 0.00582712 -0.00462203
v -0.01340171 0.00525013 -0.00577082
v -0.00757646 0.00583655 -0.00459979
v -0.01353911 0.00555996 -0.00520014
v -0.01325661 0.00500605 -0.00616338
v -0.00733923 0.00579001 -0.00470822
v -0.00683869 0.00574084 -0.00481930
v -0.01429300 0.00429413 -0.00709846
v -0.01378736 0.00445147 -0.00691445
v -0.00322062 0.00403860 -0.00737424
v -0.01500687 0.00414655 -0.00726046
v -0.00256574 0.00565828 -0.00499824
v -0.00256759 0.00565744 -0.00500000
v -0.00421228 0.00566573 -0.00498244
v -0.00324554 0.00529771 -0.00568900
v -0.00589225 0.00569566 -0.00491834
v -0.00332648 0.00524726 -0.00577579
v -0.00330374 0.00500569 -0.00616392
v -0.01323930 0.00488359 -0.00634462
v -0.01350213 0.00458724 -0.00674614
v -0.01331525 0.00473478 -0.00655243
v -0.00323939 0.00427028 -0.00712537
v -0.00328409 0.00479007 -0.00647675
v -0.02338870 0.00393853 -0.00747500
v -0.02214850 0.00403859 -0.00737424
v -0.02336109 0.00334911 -0.00799569
v -0.02214850 0.00378284 -0.00762430
v -0.02334376 0.00294324 -0.00828999
v -0.02131894 0.00378538 -0.00762168
v -0.01579751 0.00403576 -0.00737612
v -0.00319284 0.00367648 -0.00772126
v -0.01589504 0.00402471 -0.00738742
v -0.01888891 0.00383217 -0.00757755
v -0.01707993 0.00392163 -0.00749122
v -0.00314252 0.00294325 -0.00828997
v -0.00315070 0.00307264 -0.00820140
v -0.02344662 0.00500938 -0.00615832
v -0.02341680 0.00502034 -0.00614158
v -0.02341736 0.00448560 -0.00687297
v -0.02338688 0.00503115 -0.00612500
v -0.02340886 0.00432826 -0.00705949
v -0.02339371 0.00403859 -0.00737424
v -0.02328511 0.00066449 -0.00917368
v -0.02328582 0.00072993 -0.00916433
v -0.00306323 0.00115015 -0.00908302
v -0.00308485 0.00180145 -0.00888211
v -0.02329538 0.00134546 -0.00903248
v -0.00308501 0.00180540 -0.00888061
v -0.02329707 0.00143012 -0.00900804
v -0.02330598 0.00180539 -0.00888058
v -0.00311469 0.00245365 -0.00858385
v -0.02331520 0.00213290 -0.00874321
v -0.02333632 0.00275146 -0.00841268
v -0.02328514 -0.00066337 -0.00917382
v -0.00344219 -0.00154900 -0.00897107
v -0.02329514 -0.00133620 -0.00903508
v -0.00353724 -0.00173729 -0.00890608
v -0.02329900 -0.00151950 -0.00898052
v -0.00305272 0.00066451 -0.00917367
v -0.00305033 0.00049927 -0.00919333
v -0.02328181 0.00002839 -0.00921868
v -0.00304711 0.00000000 -0.00921875
v -0.02328375 -0.00050361 -0.00919288
v -0.00309026 -0.00048765 -0.00919450
v -0.02328385 -0.00051698 -0.00919149
v -0.00309556 -0.00051752 -0.00919143
v -0.00322049 -0.00100281 -0.00911575
v -0.02330416 -0.00173397 -0.00890726
v -0.00377820 -0.00215836 -0.00873148
v -0.02331120 -0.00199769 -0.00880296
v -0.00417682 -0.00276352 -0.00840525
v -0.00419198 -0.00278505 -0.00839190
v -0.02333224 -0.00264149 -0.00847856
v -0.00427692 -0.00290408 -0.00831585
v -0.02334225 -0.00290310 -0.00831647
v -0.00458852 -0.00332032 -0.00801824
v -0.00506188 -0.00391353 -0.00749960
v -0.00511587 -0.00397905 -0.00743468
v -0.02339075 -0.00397926 -0.00743444
v -0.02338268 -0.00381546 -0.00759374
v -0.02335606 -0.00323163 -0.00808582
v -0.00529512 -0.00419385 -0.00720997
v -0.00555351 -0.00449784 -0.00685798
v -0.02341056 -0.00435881 -0.00702413
v -0.00594352 -0.00494514 -0.00625475
v -0.02343882 -0.00487211 -0.00636113
v -0.00621283 -0.00524726 -0.00577579
v -0.01650414 -0.00508186 -0.00604615
v -0.00601115 -0.00502139 -0.00613999
v -0.01981928 -0.00508186 -0.00604615
v -0.02291440 -0.00508186 -0.00604615
v -0.02326490 -0.00505789 -0.00608365
v -0.02342136 -0.00501868 -0.00614413
v -0.00621282 -0.00573044 -0.00484234
v -0.00621282 -0.00574605 -0.00480769
v -0.01527899 -0.00630700 -0.00324442
v -0.01568894 -0.00589705 -0.00445354
v -0.01585927 -0.00572673 -0.00485052
v -0.01640207 -0.00518392 -0.00588180
v -0.00528647 -0.00662668 -0.00170351
v -0.01515494 -0.00643107 -0.00275673
v -0.00528647 -0.00630900 -0.00323723
v -0.00528647 -0.00628850 -0.00331038
v -0.00528648 -0.00574605 -0.00480769
v -0.01483976 -0.00674624 0.00037226
v -0.00528647 -0.00674624 0.00037224
v -0.01487300 -0.00671300 0.00103301
v -0.00528647 -0.00662668 0.00182851
v -0.01503391 -0.00655209 0.00229347
v -0.00528648 -0.00612501 0.00396295
v -0.00528647 -0.00574604 0.00493269
v -0.00621282 -0.00574604 0.00493269
v -0.00528647 -0.00655299 0.00228849
v -0.00528647 -0.00628851 0.00343538
v -0.01516432 -0.00642168 0.00292189
v -0.01546408 -0.00612191 0.00397211
v -0.01572851 -0.00585750 0.00467484
v -0.00621282 -0.00539799 0.00563493
v -0.01619281 -0.00539318 0.00564372
v -0.02344661 -0.00500937 0.00628332
v -0.02343400 -0.00501403 0.00627621
v -0.02341841 -0.00450412 0.00697523
v -0.02342136 -0.00501867 0.00626913
v -0.02319481 -0.00506769 0.00619337
v -0.02291440 -0.00508186 0.00617115
v -0.01981928 -0.00508187 0.00617115
v -0.00621282 -0.00524726 0.00590079
v -0.02338935 -0.00395117 0.00758747
v -0.02336559 -0.00344732 0.00804196
v -0.00534340 -0.00425088 0.00727207
v -0.00523015 -0.00411607 0.00741849
v -0.02341739 -0.00448553 0.00699803
v -0.00442638 -0.00310765 0.00830161
v -0.00419974 -0.00279618 0.00850995
v -0.02332120 -0.00232275 0.00877693
v -0.00395348 -0.00243561 0.00871848
v -0.00388162 -0.00232447 0.00877606
v -0.00468769 -0.00344798 0.00804152
v -0.02333765 -0.00278597 0.00851632
v -0.02334720 -0.00302458 0.00835981
v -0.00488165 -0.00369096 0.00783329
v -0.02336178 -0.00336231 0.00811024
v -0.00328336 -0.00118111 0.00920056
v -0.02329242 -0.00117939 0.00920091
v -0.00332187 -0.00127862 0.00917572
v -0.02329778 -0.00146549 0.00912237
v -0.00357786 -0.00181214 0.00900303
v -0.02331640 -0.00217249 0.00884990
v -0.01954661 0.00377489 0.00775613
v -0.01343144 0.00450634 0.00697252
v -0.01380938 0.00435508 0.00715353
v -0.00317999 0.00351514 0.00798592
v -0.01320964 0.00464685 0.00679430
v -0.01339686 0.00452425 0.00695036
v -0.00325275 0.00447437 0.00701168
v -0.00320718 0.00389682 0.00764089
v -0.01429300 0.00422376 0.00730216
v -0.01443926 0.00419169 0.00733727
v -0.01523778 0.00405440 0.00748227
v -0.01631594 0.00393487 0.00760282
v -0.01774556 0.00384025 0.00769525
v -0.02341016 0.00435097 0.00715824
v -0.02214850 0.00452632 0.00694779
v -0.02341963 0.00452629 0.00694778
v -0.02335500 0.00320765 0.00822873
v -0.00316732 0.00332776 0.00813745
v -0.02333132 0.00261568 0.00861856
v -0.00313059 0.00274411 0.00854217
v -0.02332359 0.00239427 0.00874025
v -0.00311155 0.00239430 0.00874025
v -0.02331063 0.00197651 0.00893692
v -0.02330621 0.00181341 0.00900251
v -0.00309538 0.00205501 0.00890316
v -0.02329526 0.00133983 0.00915905
v -0.00305325 0.00069827 0.00929396
v -0.00306430 0.00119247 0.00919777
v -0.02329263 0.00119243 0.00919771
v -0.00306872 0.00134472 0.00915771
v -0.00308171 0.00172333 0.00903617
v -0.02328549 0.00069657 0.00929420
v -0.02328355 0.00050491 0.00931782
v -0.00304655 0.00000000 0.00934280
v -0.02328184 -0.00000000 0.00934375
v -0.00305955 -0.00025980 0.00933687
v -0.02328197 -0.00018964 0.00934013
v -0.00315068 -0.00076841 0.00928342
v -0.02328356 -0.00050538 0.00931777
v -0.02328691 -0.00081027 0.00927659
v -0.02341679 0.00502035 0.00626658
v -0.02344662 0.00500937 0.00628333
v -0.02343839 0.00486449 0.00649702
v -0.02278071 0.00516552 0.00603701
v -0.02323702 0.00507754 0.00617793
v -0.02338688 0.00503116 0.00625000
v -0.02214850 0.00522233 0.00594291
v -0.02158600 0.00450000 0.00606250
v -0.02091531 0.00444973 0.00606250
v -0.02158600 0.00000000 0.00606250
v -0.02464678 0.00329873 0.00606250
v -0.02353848 0.00405436 0.00606250
v -0.02225669 0.00444973 0.00606250
v -0.02607342 -0.00033629 0.00606250
v -0.02597318 0.00100134 0.00606250
v -0.02548311 0.00225001 0.00606250
v -0.02412094 -0.00371807 0.00606250
v -0.02510425 -0.00280571 0.00606250
v -0.02577493 -0.00164404 0.00606250
v -0.02025960 -0.00430008 0.00606250
v -0.02158600 -0.00450000 0.00606250
v -0.02291240 -0.00430008 0.00606250
v -0.01739707 -0.00164403 0.00606250
v -0.01806776 -0.00280570 0.00606250
v -0.01905106 -0.00371808 0.00606250
v -0.01768889 0.00225000 0.00606250
v -0.01719882 0.00100134 0.00606250
v -0.01709858 -0.00033628 0.00606250
v -0.01963352 0.00405436 0.00606250
v -0.01852522 0.00329873 0.00606250
v -0.01654593 0.00352909 -0.00375438
v -0.01668156 0.00343413 -0.00422337
v -0.01650558 0.00355735 -0.00358622
v -0.01642590 0.00361314 -0.00327200
v -0.01608283 0.00385336 -0.00083837
v -0.01608021 0.00385520 -0.00078092
v -0.01607409 0.00385948 -0.00067259
v -0.01607180 0.00386108 -0.00061348
v -0.01606647 0.00386481 -0.00048830
v -0.01606525 0.00386568 -0.00044591
v -0.01606105 0.00386861 -0.00030429
v -0.01606055 0.00386896 -0.00027825
v -0.01605915 0.00386994 -0.00021241
v -0.01605672 0.00387164 0.00006250
v -0.01605780 0.00387089 -0.00012065
v -0.01642825 0.00361149 -0.00326351
v -0.01635811 0.00366060 -0.00293838
v -0.01629640 0.00370381 -0.00264048
v -0.01629506 0.00370475 -0.00261029
v -0.01624192 0.00374197 -0.00231942
v -0.01623933 0.00374377 -0.00228025
v -0.01619439 0.00377525 -0.00199567
v -0.01619095 0.00377765 -0.00194847
v -0.01615350 0.00380388 -0.00166639
v -0.01614996 0.00380635 -0.00161522
v -0.01611982 0.00382746 -0.00133568
v -0.01611652 0.00382977 -0.00128221
v -0.01609336 0.00384599 -0.00100420
v -0.01609046 0.00384801 -0.00094821
v -0.01608510 0.00385177 -0.00086459
v -0.02158600 0.00450000 -0.00593750
v -0.02225669 0.00444974 -0.00593750
v -0.02158600 -0.00000001 -0.00593750
v -0.01852522 0.00329873 -0.00593750
v -0.01963353 0.00405435 -0.00593750
v -0.02091531 0.00444974 -0.00593750
v -0.01709858 -0.00033629 -0.00593750
v -0.01719883 0.00100135 -0.00593750
v -0.01768888 0.00225000 -0.00593750
v -0.01905106 -0.00371807 -0.00593750
v -0.01806776 -0.00280571 -0.00593750
v -0.01739707 -0.00164404 -0.00593750
v -0.02291240 -0.00430008 -0.00593750
v -0.02158600 -0.00450000 -0.00593750
v -0.02025960 -0.00430007 -0.00593750
v -0.02577493 -0.00164403 -0.00593750
v -0.02510424 -0.00280570 -0.00593750
v -0.02412094 -0.00371807 -0.00593750
v -0.02548311 0.00225000 -0.00593750
v -0.02597318 0.00100135 -0.00593750
v -0.02607342 -0.00033628 -0.00593750
v -0.02353848 0.00405435 -0.00593750
v -0.02464678 0.00329874 -0.00593750
v -0.01569451 0.00106639 -0.00422337
v -0.01566846 0.00091080 -0.00422336
v -0.01527820 0.00097086 -0.00293838
v -0.01597865 0.00209869 -0.00422337
v -0.01587588 0.00180039 -0.00422337
v -0.01549930 0.00191913 -0.00293838
v -0.01624373 0.00270314 -0.00422337
v -0.01621622 0.00264808 -0.00422337
v -0.01586208 0.00282272 -0.00293838
v -0.01487480 0.00072272 0.00006250
v -0.01491456 0.00102683 0.00006250
v -0.01491918 0.00102613 -0.00027825
v -0.01507505 0.00178043 0.00006250
v -0.01514841 0.00202976 0.00006250
v -0.01515287 0.00202835 -0.00027825
v -0.01596304 0.00373427 0.00006250
v -0.01544089 0.00279288 0.00006250
v -0.01553630 0.00298338 -0.00027825
v -0.01553211 0.00298544 0.00006250
v -0.01483600 -0.00000000 0.00006250
v -0.01563419 0.00293511 -0.00161522
v -0.01484067 -0.00000000 -0.00027825
v -0.01502705 0.00100952 -0.00161522
v -0.01494982 -0.00000000 -0.00161522
v -0.01525696 0.00199554 -0.00161522
v -0.01502818 0.00000000 -0.00211411
v -0.01520392 0.00000000 -0.00293837
v -0.01559878 -0.00000000 -0.00422337
v -0.01587958 0.00000000 0.00502707
v -0.01620104 -0.00000000 0.00568750
v -0.01597083 0.00101638 0.00502707
v -0.01628714 0.00095913 0.00568750
v -0.01624164 0.00200026 0.00502707
v -0.01654270 0.00188759 0.00568750
v -0.01661075 0.00281016 0.00501014
v -0.01695954 0.00275568 0.00568750
v -0.01581081 0.00157924 0.00434836
v -0.01597865 0.00209869 0.00434837
v -0.01613531 0.00247727 0.00434837
v -0.01624373 0.00270314 0.00434836
v -0.01559878 -0.00000000 0.00434836
v -0.01563319 0.00064105 0.00434837
v -0.01569451 0.00106639 0.00434836
v -0.01697805 0.00275567 0.00568750
v -0.01682943 0.00279835 0.00540677
v -0.01667718 0.00281250 0.00512500
v -0.01646062 0.00278502 0.00473278
v -0.02137981 -0.00449527 0.00568773
v -0.02158597 -0.00449999 0.00568789
v -0.02201496 -0.00447950 0.00568750
v -0.02291240 -0.00430008 0.00568750
v -0.02412094 -0.00371807 0.00568750
v -0.02510424 -0.00280571 0.00568750
v -0.02577494 -0.00164403 0.00568750
v -0.02607341 -0.00033629 0.00568750
v -0.02597317 0.00100134 0.00568750
v -0.02548312 0.00224999 0.00568750
v -0.02464678 0.00329874 0.00568750
v -0.02353848 0.00405437 0.00568750
v -0.02225669 0.00444974 0.00568750
v -0.02158600 0.00450000 0.00568750
v -0.02091531 0.00444973 0.00568750
v -0.01963352 0.00405436 0.00568750
v -0.01852523 0.00329873 0.00568750
v -0.01768889 0.00225000 0.00568750
v -0.01719883 0.00100134 0.00568750
v -0.01709858 -0.00033628 0.00568750
v -0.01739707 -0.00164403 0.00568750
v -0.01806776 -0.00280570 0.00568750
v -0.01905106 -0.00371808 0.00568750
v -0.02025960 -0.00430008 0.00568750
v -0.02115704 -0.00447951 0.00568750
v -0.01618559 0.00401400 -0.00067259
v -0.01887931 0.00468132 -0.00549249
v -0.01874730 0.00455728 -0.00556250
v -0.01863494 0.00448534 -0.00556250
v -0.01667717 0.00281251 -0.00500000
v -0.01646060 0.00278502 -0.00460775
v -0.01685839 0.00351393 -0.00446970
v -0.01653028 0.00375780 -0.00327200
v -0.01682942 0.00279835 -0.00528176
v -0.01727687 0.00320287 -0.00556250
v -0.01697805 0.00275568 -0.00556250
v -0.01893850 0.00469309 -0.00552753
v -0.01899882 0.00475591 -0.00548036
v -0.01901590 0.00479432 -0.00543262
v -0.01901595 0.00480085 -0.00542187
v -0.01901337 0.00483894 -0.00535589
v -0.01893437 0.00571393 -0.00327230
v -0.01894330 0.00562093 -0.00357107
v -0.01812364 0.00526247 -0.00327200
v -0.01895266 0.00552268 -0.00385744
v -0.01834835 0.00492093 -0.00446970
v -0.01897435 0.00529163 -0.00444363
v -0.01901225 0.00487707 -0.00528986
v -0.01891832 0.00588004 -0.00264284
v -0.01796830 0.00549857 -0.00199567
v -0.01890560 0.00601139 -0.00199590
v -0.01889942 0.00607488 -0.00158772
v -0.01788758 0.00562124 -0.00067259
v -0.01888980 0.00617291 -0.00053383
v -0.01831670 0.00590544 0.00006250
v -0.01888834 0.00618750 0.00006250
v -0.01662820 0.00458069 0.00006250
v -0.01630345 0.00392639 -0.00199567
v -0.01695159 0.00490762 0.00006250
v -0.01741946 0.00531060 0.00006250
v -0.01787593 0.00563897 0.00006250
v -0.01696615 0.00489222 -0.00067259
v -0.01706698 0.00478544 -0.00199567
v -0.01726102 0.00457995 -0.00327200
v -0.01754171 0.00428272 -0.00446970
v -0.01789971 0.00390361 -0.00556250
v -0.01661077 0.00281015 -0.00488516
v -0.01695954 0.00275568 -0.00556250
v -0.01624164 0.00200027 -0.00490207
v -0.01597083 0.00101639 -0.00490207
v -0.01587958 -0.00000000 -0.00490207
v -0.01620104 -0.00000000 -0.00556250
v -0.01628714 0.00095913 -0.00556250
v -0.01654270 0.00188758 -0.00556250
v -0.01559877 -0.00270314 -0.00422336
v -0.01569546 -0.00276218 -0.00447036
v -0.01580256 -0.00279922 -0.00472695
v -0.01587278 -0.00281023 -0.00488685
v -0.01602818 -0.00280389 -0.00522001
v -0.01620104 -0.00275567 -0.00556250
v -0.02179219 -0.00449528 -0.00556273
v -0.02158602 -0.00449999 -0.00556288
v -0.02115704 -0.00447951 -0.00556250
v -0.02025960 -0.00430007 -0.00556250
v -0.01905106 -0.00371808 -0.00556250
v -0.01806776 -0.00280570 -0.00556250
v -0.01739707 -0.00164403 -0.00556250
v -0.01709859 -0.00033629 -0.00556250
v -0.01719883 0.00100134 -0.00556250
v -0.01768889 0.00225000 -0.00556250
v -0.01852522 0.00329873 -0.00556250
v -0.01963352 0.00405437 -0.00556250
v -0.02091531 0.00444973 -0.00556250
v -0.02158600 0.00450000 -0.00556250
v -0.02225669 0.00444974 -0.00556250
v -0.02353848 0.00405437 -0.00556250
v -0.02464677 0.00329874 -0.00556250
v -0.02548312 0.00225000 -0.00556250
v -0.02597317 0.00100135 -0.00556250
v -0.02607341 -0.00033629 -0.00556250
v -0.02577493 -0.00164403 -0.00556250
v -0.02510424 -0.00280571 -0.00556250
v -0.02412094 -0.00371807 -0.00556250
v -0.02291240 -0.00430008 -0.00556250
v -0.02201496 -0.00447951 -0.00556250
v -0.02345429 -0.00500652 -0.00612500
v -0.02336084 -0.00501260 -0.00597898
v -0.02344373 -0.00497821 -0.00594314
v -0.02332821 -0.00500376 -0.00593426
v -0.02342795 -0.00493590 -0.00584375
v -0.02325763 -0.00496837 -0.00584675
v -0.02340085 -0.00486327 -0.00573948
v -0.02325763 -0.00490116 -0.00575275
v -0.02325763 -0.00487724 -0.00572727
v -0.02325763 -0.00447951 -0.00556250
v -0.02332849 -0.00466940 -0.00560029
v -0.02325764 -0.00470867 -0.00561147
v -0.02335597 -0.00474302 -0.00563786
v -0.02339670 -0.00485215 -0.00572725
v -0.01492841 -0.00350000 -0.00146799
v -0.01488414 -0.00350000 -0.00103004
v -0.01494422 -0.00349999 -0.00157366
v -0.01498900 -0.00350000 -0.00190235
v -0.01559878 -0.00350001 -0.00422337
v -0.01535399 -0.00350000 -0.00350312
v -0.01526701 -0.00350000 -0.00318131
v -0.01524865 -0.00350000 -0.00313286
v -0.01519850 -0.00350000 -0.00291654
v -0.01515494 -0.00350000 -0.00275673
v -0.01513585 -0.00350000 -0.00265034
v -0.01506456 -0.00350000 -0.00233226
v -0.01502818 -0.00350000 -0.00211411
v -0.01498323 -0.00350001 -0.00184435
v -0.01569864 0.00160991 0.00402615
v -0.01602945 0.00252538 0.00402615
v -0.01896213 0.00542233 0.00425016
v -0.01862982 0.00533983 0.00402615
v -0.01885963 0.00492472 0.00518453
v -0.01889315 0.00613896 0.00114869
v -0.01889990 0.00606992 0.00174832
v -0.01889585 0.00611138 0.00142123
v -0.01835192 0.00584182 0.00142110
v -0.01890748 0.00599203 0.00222936
v -0.01845797 0.00565026 0.00276137
v -0.01891819 0.00588147 0.00276168
v -0.01893030 0.00575618 0.00325060
v -0.01901595 0.00480084 0.00554687
v -0.01901337 0.00483894 0.00548089
v -0.01900538 0.00476628 0.00559445
v -0.01901225 0.00487707 0.00541486
v -0.01899638 0.00505223 0.00508290
v -0.01827186 0.00422415 0.00568750
v -0.01874730 0.00455728 0.00568750
v -0.01875620 0.00456284 0.00568744
v -0.01894946 0.00470278 0.00564694
v -0.01711339 0.00297031 0.00568750
v -0.01689683 0.00311413 0.00518453
v -0.01650158 0.00337662 0.00402615
v -0.01551758 0.00065350 0.00402615
v -0.01548249 0.00000000 0.00402615
v -0.01516432 -0.00000000 0.00292189
v -0.01516481 0.00069150 0.00276137
v -0.01512768 0.00000000 0.00276137
v -0.01494709 0.00071493 0.00142109
v -0.01490871 0.00000000 0.00142110
v -0.01487300 -0.00000001 0.00103301
v -0.01764247 0.00364356 0.00568750
v -0.01745154 0.00381997 0.00518453
v -0.01811140 0.00442867 0.00518453
v -0.01781852 0.00480197 0.00402615
v -0.01759951 0.00508112 0.00276137
v -0.01746434 0.00525339 0.00142110
v -0.01710304 0.00414197 0.00402615
v -0.01684244 0.00438274 0.00276137
v -0.01620602 0.00357291 0.00276137
v -0.01668160 0.00453135 0.00142110
v -0.01602360 0.00369405 0.00142110
v -0.01570644 0.00267218 0.00276137
v -0.01535640 0.00170350 0.00276137
v -0.01550709 0.00276279 0.00142110
v -0.01514518 0.00176127 0.00142110
v -0.01620104 -0.00275568 0.00568750
v -0.01595299 -0.00281181 0.00518715
v -0.01587408 -0.00281033 0.00501476
v -0.01559877 -0.00270314 0.00434837
v -0.01572851 -0.00277587 0.00467484
v -0.01573070 -0.00277732 0.00468159
v -0.01580026 -0.00279869 0.00484659
v -0.01621693 -0.00275568 0.00568750
v -0.01595462 -0.00281197 0.00517966
v -0.01592855 -0.00281249 0.00512500
v -0.01580062 -0.00279840 0.00484376
v -0.01583836 -0.00280567 0.00492907
v -0.01587719 -0.00281034 0.00501476
v -0.01981928 -0.00496837 -0.00584675
v -0.01638092 -0.00496837 -0.00584675
v -0.01630985 -0.00487674 -0.00572635
v -0.01624014 -0.00469266 -0.00560416
v -0.01621693 -0.00447951 -0.00556250
v -0.01621693 -0.00275568 -0.00556250
v -0.01618640 -0.00276643 -0.00550699
v -0.01592855 -0.00281250 -0.00500000
v -0.01581277 -0.00280105 -0.00474644
v -0.01570645 -0.00276704 -0.00449641
v -0.01568882 -0.00275883 -0.00445315
v -0.01483600 -0.00350000 0.00006250
v -0.01487163 -0.00350000 -0.00088989
v -0.01981928 -0.00496836 0.00597175
v -0.02325763 -0.00496836 0.00597175
v -0.02325764 -0.00490117 0.00587775
v -0.01638092 -0.00496836 0.00597175
v -0.01628580 -0.00482985 0.00580967
v -0.01624452 -0.00470991 0.00573696
v -0.02325763 -0.00487724 0.00585227
v -0.02325764 -0.00470867 0.00573647
v -0.02325764 -0.00447951 0.00568750
v -0.01622852 -0.00463066 0.00570836
v -0.01621692 -0.00447950 0.00568750
v -0.02336084 -0.00501260 0.00610398
v -0.02345430 -0.00500651 0.00625000
v -0.02344373 -0.00497820 0.00606814
v -0.02335596 -0.00474301 0.00576286
v -0.02340084 -0.00486326 0.00586448
v -0.02342795 -0.00493590 0.00596875
v -0.02332821 -0.00500376 0.00605926
v -0.02232153 0.00472433 0.00568750
v -0.02214850 0.00474805 0.00568750
v -0.02214850 0.00455728 0.00568750
v -0.02346692 -0.00439574 0.00568750
v -0.02429753 -0.00393802 0.00568750
v -0.02323953 0.00448622 0.00568750
v -0.02636568 0.00012237 0.00568750
v -0.02624751 0.00106334 0.00568750
v -0.02594593 0.00196249 0.00568750
v -0.02547282 0.00278442 0.00568750
v -0.02484678 0.00349681 0.00568750
v -0.02409246 0.00407161 0.00568750
v -0.02502145 -0.00332537 0.00568750
v -0.02561021 -0.00258188 0.00568750
v -0.02604064 -0.00173682 0.00568750
v -0.02629581 -0.00082343 0.00568750
v -0.02214850 0.00474180 0.00561851
v -0.02214850 0.00480085 0.00554688
v -0.02214850 0.00464884 0.00567218
v -0.02214850 0.00487706 0.00541486
v -0.02214850 0.00606992 0.00174831
v -0.02214850 0.00555917 0.00387915
v -0.02214850 0.00572423 0.00336226
v -0.02214850 0.00618750 0.00006250
v -0.02214850 0.00604263 -0.00180671
v -0.02214850 0.00598972 -0.00211694
v -0.02214850 0.00552268 -0.00385742
v -0.02214850 0.00487707 -0.00528986
v -0.02214850 0.00480085 -0.00542187
v -0.02214850 0.00473806 -0.00549670
v -0.02214850 0.00465347 -0.00554554
v -0.02214850 0.00455728 -0.00556250
v -0.02629581 -0.00082343 -0.00556250
v -0.02604064 -0.00173682 -0.00556250
v -0.02561020 -0.00258189 -0.00556250
v -0.02502145 -0.00332537 -0.00556250
v -0.02429752 -0.00393802 -0.00556250
v -0.02346692 -0.00439574 -0.00556250
v -0.02594593 0.00196249 -0.00556250
v -0.02624751 0.00106335 -0.00556250
v -0.02636568 0.00012237 -0.00556250
v -0.02409246 0.00407161 -0.00556250
v -0.02484679 0.00349680 -0.00556250
v -0.02547282 0.00278442 -0.00556250
v -0.02214850 0.00474805 -0.00556250
v -0.02232154 0.00472433 -0.00556250
v -0.02323952 0.00448622 -0.00556250
v -0.02238272 0.00511734 -0.00572725
v -0.02235148 0.00491671 -0.00559727
v -0.02214874 0.00497143 -0.00560813
v -0.02214860 0.00515856 -0.00573768
v -0.02354351 -0.00457473 -0.00559727
v -0.02330686 0.00466890 -0.00559727
v -0.02419452 0.00423740 -0.00559727
v -0.02497956 0.00363920 -0.00559727
v -0.02563109 0.00289781 -0.00559727
v -0.02612346 0.00204240 -0.00559727
v -0.02643733 0.00110664 -0.00559727
v -0.02656031 0.00012735 -0.00559727
v -0.02648759 -0.00085696 -0.00559727
v -0.02622203 -0.00180754 -0.00559727
v -0.02577407 -0.00268702 -0.00559727
v -0.02516134 -0.00346077 -0.00559727
v -0.02440794 -0.00409837 -0.00559727
v -0.02362339 -0.00476142 -0.00572725
v -0.02367453 -0.00488092 -0.00593031
v -0.02368820 -0.00491287 -0.00612500
v -0.02572592 -0.00337886 -0.00612500
v -0.02542561 -0.00371659 -0.00612500
v -0.02540063 -0.00369241 -0.00593031
v -0.02461653 -0.00440132 -0.00612500
v -0.02459681 -0.00437267 -0.00593031
v -0.02608364 -0.00288563 -0.00612500
v -0.02605438 -0.00286686 -0.00593031
v -0.02648827 -0.00212683 -0.00612500
v -0.02653232 -0.00192852 -0.00593031
v -0.02656472 -0.00194115 -0.00612500
v -0.02681566 -0.00091431 -0.00593031
v -0.02684991 -0.00092030 -0.00612500
v -0.02570264 0.00340718 -0.00612500
v -0.02593009 0.00311200 -0.00612500
v -0.02590182 0.00309176 -0.00593031
v -0.02645886 0.00219338 -0.00612500
v -0.02642716 0.00217910 -0.00593031
v -0.02679592 0.00118845 -0.00612500
v -0.02676202 0.00118071 -0.00593031
v -0.02687670 0.00075110 -0.00612500
v -0.02689325 0.00013587 -0.00593031
v -0.02692800 0.00013676 -0.00612500
v -0.02688173 -0.00071476 -0.00612500
v -0.02523041 0.00390819 -0.00612500
v -0.02520670 0.00388277 -0.00593031
v -0.02462195 0.00439757 -0.00612500
v -0.02436912 0.00452102 -0.00593031
v -0.02438734 0.00455062 -0.00612500
v -0.02342203 0.00498140 -0.00593031
v -0.02343406 0.00501402 -0.00612500
v -0.02337708 0.00485943 -0.00572725
v -0.02430097 0.00441033 -0.00572725
v -0.02511805 0.00378770 -0.00572725
v -0.02579616 0.00301605 -0.00572725
v -0.02630863 0.00212575 -0.00572725
v -0.02663529 0.00115180 -0.00572725
v -0.02676330 0.00013255 -0.00572725
v -0.02668762 -0.00089193 -0.00572725
v -0.02641122 -0.00188131 -0.00572725
v -0.02594498 -0.00279667 -0.00572725
v -0.02530724 -0.00360201 -0.00572725
v -0.02452309 -0.00426562 -0.00572725
v -0.02358363 0.00340672 -0.00785357
v -0.02340298 0.00141631 -0.00897397
v -0.02428902 -0.00460970 -0.00615832
v -0.02396206 -0.00405212 -0.00705837
v -0.02358363 -0.00340673 -0.00785356
v -0.02418861 -0.00297031 -0.00785356
v -0.02365875 -0.00236559 -0.00849309
v -0.02406662 -0.00193361 -0.00849309
v -0.02340299 -0.00141632 -0.00897398
v -0.02363690 -0.00104937 -0.00897397
v -0.02379765 -0.00064499 -0.00897398
v -0.02387948 -0.00021759 -0.00897398
v -0.02363690 0.00104937 -0.00897397
v -0.02379765 0.00064498 -0.00897398
v -0.02387947 0.00021759 -0.00897397
v -0.02365875 0.00236559 -0.00849309
v -0.02406662 0.00193361 -0.00849309
v -0.02428902 0.00460970 -0.00615832
v -0.02396206 0.00405212 -0.00705836
v -0.02462195 0.00439757 -0.00615833
v -0.02468166 0.00353301 -0.00705837
v -0.02510764 0.00401916 -0.00615833
v -0.02570264 0.00340718 -0.00615833
v -0.02529081 0.00288785 -0.00705837
v -0.02580061 0.00328523 -0.00615833
v -0.02576777 0.00213965 -0.00705837
v -0.02634319 0.00243407 -0.00615833
v -0.02647356 0.00216042 -0.00615833
v -0.02609552 0.00131511 -0.00705837
v -0.02671605 0.00149608 -0.00615833
v -0.02687670 0.00075109 -0.00615832
v -0.02626238 0.00044365 -0.00705837
v -0.02690586 0.00050470 -0.00615832
v -0.02626238 -0.00044365 -0.00705837
v -0.02690587 -0.00050470 -0.00615833
v -0.02688173 -0.00071476 -0.00615833
v -0.02609552 -0.00131511 -0.00705837
v -0.02671605 -0.00149608 -0.00615833
v -0.02648827 -0.00212683 -0.00615832
v -0.02576777 -0.00213966 -0.00705837
v -0.02634320 -0.00243408 -0.00615833
v -0.02529081 -0.00288785 -0.00705837
v -0.02580060 -0.00328523 -0.00615832
v -0.02572592 -0.00337886 -0.00615832
v -0.02468167 -0.00353301 -0.00705837
v -0.02510764 -0.00401917 -0.00615833
v -0.02465205 -0.00437664 -0.00615832
v -0.02438598 -0.00143264 -0.00849309
v -0.02460542 -0.00088055 -0.00849308
v -0.02471714 -0.00029705 -0.00849309
v -0.02471715 0.00029705 -0.00849309
v -0.02460543 0.00088055 -0.00849309
v -0.02438597 0.00143264 -0.00849309
v -0.02470074 -0.00242790 -0.00785356
v -0.02510174 -0.00179887 -0.00785356
v -0.02537728 -0.00110565 -0.00785356
v -0.02551757 -0.00037298 -0.00785356
v -0.02551756 0.00037299 -0.00785356
v -0.02537729 0.00110566 -0.00785356
v -0.02510174 0.00179887 -0.00785356
v -0.02470074 0.00242790 -0.00785356
v -0.02418862 0.00297030 -0.00785357
v -0.01644185 -0.00502530 -0.00594677
v -0.01487795 -0.00350000 -0.00088961
v -0.01644185 -0.00502530 0.00607177
v -0.02400226 -0.00412066 0.00708493
v -0.02376814 -0.00249042 0.00850168
v -0.02376814 0.00249042 0.00850167
v -0.02400226 0.00412067 0.00708493
v -0.02426868 0.00306169 0.00786400
v -0.02364508 0.00351154 0.00786400
v -0.02419753 0.00203565 0.00850167
v -0.02382092 -0.00114353 0.00899684
v -0.02399608 -0.00070285 0.00899684
v -0.02408526 -0.00023710 0.00899684
v -0.02408526 0.00023710 0.00899684
v -0.02399608 0.00070285 0.00899684
v -0.02382091 0.00114352 0.00899684
v -0.02356601 0.00154340 0.00899684
v -0.02356601 -0.00154339 0.00899684
v -0.02364508 -0.00351154 0.00786400
v -0.02428902 -0.00460970 0.00628332
v -0.02465205 -0.00437664 0.00628332
v -0.02473403 -0.00359278 0.00708493
v -0.02510764 -0.00401916 0.00628333
v -0.02572593 -0.00337887 0.00628332
v -0.02535348 -0.00293670 0.00708493
v -0.02580061 -0.00328523 0.00628333
v -0.02583851 -0.00217585 0.00708493
v -0.02634320 -0.00243408 0.00628332
v -0.02648827 -0.00212684 0.00628332
v -0.02617181 -0.00133736 0.00708493
v -0.02671605 -0.00149607 0.00628333
v -0.02688173 -0.00071477 0.00628332
v -0.02634148 -0.00045115 0.00708493
v -0.02690586 -0.00050469 0.00628333
v -0.02634148 0.00045115 0.00708493
v -0.02690586 0.00050469 0.00628333
v -0.02687670 0.00075109 0.00628333
v -0.02617181 0.00133736 0.00708493
v -0.02671605 0.00149607 0.00628332
v -0.02647356 0.00216043 0.00628333
v -0.02583851 0.00217585 0.00708493
v -0.02634319 0.00243408 0.00628333
v -0.02535348 0.00293671 0.00708493
v -0.02580060 0.00328524 0.00628333
v -0.02570264 0.00340719 0.00628333
v -0.02473403 0.00359278 0.00708493
v -0.02510764 0.00401917 0.00628333
v -0.02462194 0.00439758 0.00628333
v -0.02428902 0.00460970 0.00628333
v -0.02426868 -0.00306169 0.00786400
v -0.02479657 -0.00250260 0.00786400
v -0.02520990 -0.00185421 0.00786400
v -0.02549393 -0.00113968 0.00786400
v -0.02563852 -0.00038446 0.00786400
v -0.02563852 0.00038447 0.00786400
v -0.02549393 0.00113967 0.00786400
v -0.02520990 0.00185421 0.00786400
v -0.02479657 0.00250260 0.00786400
v -0.02419752 -0.00203565 0.00850167
v -0.02453373 -0.00150824 0.00850168
v -0.02476477 -0.00092703 0.00850167
v -0.02488239 -0.00031273 0.00850167
v -0.02488238 0.00031273 0.00850168
v -0.02476477 0.00092703 0.00850168
v -0.02453374 0.00150825 0.00850168
v -0.02461653 -0.00440132 0.00625000
v -0.02368820 -0.00491288 0.00625000
v -0.02645887 0.00219337 0.00625000
v -0.02593009 0.00311200 0.00625000
v -0.02570264 0.00340719 0.00625000
v -0.02523040 0.00390820 0.00625000
v -0.02462195 0.00439758 0.00625000
v -0.02438734 0.00455063 0.00625000
v -0.02343406 0.00501401 0.00625000
v -0.02542561 -0.00371658 0.00625000
v -0.02572592 -0.00337887 0.00625000
v -0.02608365 -0.00288564 0.00625000
v -0.02648827 -0.00212684 0.00625000
v -0.02656472 -0.00194115 0.00625000
v -0.02684991 -0.00092029 0.00625000
v -0.02688173 -0.00071477 0.00625000
v -0.02692800 0.00013677 0.00625000
v -0.02687670 0.00075109 0.00625000
v -0.02679592 0.00118844 0.00625000
v -0.02342252 0.00498271 0.00605917
v -0.02436985 0.00452221 0.00605917
v -0.02520766 0.00388380 0.00605917
v -0.02590297 0.00309258 0.00605917
v -0.02642844 0.00217968 0.00605917
v -0.02676339 0.00118103 0.00605917
v -0.02653364 -0.00192903 0.00605917
v -0.02681705 -0.00091456 0.00605917
v -0.02689465 0.00013591 0.00605917
v -0.02605556 -0.00286763 0.00605917
v -0.02540164 -0.00369339 0.00605917
v -0.02459761 -0.00437384 0.00605917
v -0.02367509 -0.00488221 0.00605917
v -0.02354395 -0.00457576 0.00572268
v -0.02440857 -0.00409929 0.00572268
v -0.02516214 -0.00346156 0.00572268
v -0.02577501 -0.00268762 0.00572268
v -0.02622307 -0.00180795 0.00572268
v -0.02648870 -0.00085715 0.00572268
v -0.02656143 0.00012739 0.00572268
v -0.02643841 0.00110690 0.00572268
v -0.02612448 0.00204287 0.00572268
v -0.02563199 0.00289846 0.00572268
v -0.02498033 0.00364002 0.00572268
v -0.02419511 0.00423835 0.00572268
v -0.02330724 0.00466996 0.00572268
v -0.02235165 0.00491781 0.00572268
v -0.02238301 0.00511920 0.00585413
v -0.02214850 0.00515072 0.00585470
v -0.02214850 0.00495276 0.00572548
v -0.02337773 0.00486118 0.00585413
v -0.02430195 0.00441192 0.00585413
v -0.02511932 0.00378907 0.00585413
v -0.02579767 0.00301715 0.00585413
v -0.02631033 0.00212651 0.00585413
v -0.02663711 0.00115222 0.00585413
v -0.02676517 0.00013259 0.00585413
v -0.02668945 -0.00089224 0.00585413
v -0.02641296 -0.00188198 0.00585413
v -0.02594655 -0.00279768 0.00585413
v -0.02530858 -0.00360330 0.00585413
v -0.02452416 -0.00426716 0.00585413
v -0.02362413 -0.00476314 0.00585413
v -0.01930211 0.00420577 0.00757586
v -0.01923454 0.00564090 0.00622416
v -0.02214850 0.00570946 0.00622416
v -0.01925008 0.00531092 0.00670146
v -0.02214850 0.00537912 0.00670146
v -0.01927392 0.00480448 0.00719709
v -0.02214850 0.00487211 0.00719709
v -0.02214850 0.00427274 0.00757586
v -0.01586896 0.00539043 0.00622416
v -0.01590244 0.00506178 0.00670146
v -0.01595383 0.00455739 0.00719709
v -0.01588594 0.00582548 0.00539948
v -0.02214850 0.00614058 0.00539948
v -0.01924249 0.00607287 0.00539948
v -0.02214850 0.00672511 0.00393791
v -0.01921527 0.00665676 0.00393791
v -0.02214850 0.00711937 0.00241397
v -0.01919690 0.00705060 0.00241397
v -0.02214850 0.00731700 0.00085230
v -0.01918770 0.00724800 0.00085230
v -0.02214850 0.00731477 -0.00072182
v -0.01918781 0.00724578 -0.00072182
v -0.02214850 0.00711274 -0.00228292
v -0.01919721 0.00704397 -0.00228292
v -0.02214850 0.00671416 -0.00380575
v -0.01921578 0.00664584 -0.00380574
v -0.02214850 0.00612551 -0.00526565
v -0.01924320 0.00605780 -0.00526566
v -0.02214850 0.00569205 -0.00608911
v -0.01926339 0.00562482 -0.00608911
v -0.01588745 0.00581048 -0.00526565
v -0.01593096 0.00537922 -0.00608911
v -0.01582836 0.00639617 -0.00380574
v -0.01578836 0.00679272 -0.00228292
v -0.01576808 0.00699374 -0.00072182
v -0.01576785 0.00699595 0.00085230
v -0.01578769 0.00679933 0.00241397
v -0.01582727 0.00640705 0.00393791
v -0.01932889 0.00481073 -0.00704076
v -0.01930614 0.00530352 -0.00655493
v -0.01602294 0.00506387 -0.00655493
v -0.01607198 0.00457301 -0.00704077
v -0.02214850 0.00536911 -0.00655493
v -0.02214850 0.00487580 -0.00704076
v -0.02214850 0.00429372 -0.00741570
v -0.01935574 0.00422928 -0.00741570
v 0.00532805 -0.00000001 0.00284375
v 0.00532805 -0.00115346 0.00284375
v 0.00532805 -0.00000000 -0.00271875
v 0.00532805 -0.00115346 -0.00271875
v 0.00408192 -0.00419908 0.00284375
v 0.00373682 -0.00451663 0.00284375
v 0.00408192 -0.00419907 -0.00271875
v 0.00373682 -0.00451664 -0.00271875
v 0.00410564 -0.00417463 0.00284375
v 0.00410565 -0.00417462 -0.00271875
v 0.00442524 -0.00380351 0.00284375
v 0.00442525 -0.00380350 -0.00271875
v 0.00469980 -0.00340207 0.00284375
v 0.00469980 -0.00340206 -0.00271875
v 0.00475919 -0.00330090 0.00284375
v 0.00518382 -0.00226257 -0.00271875
v 0.00510025 -0.00254045 0.00284375
v 0.00492433 -0.00298065 -0.00271875
v 0.00475919 -0.00330089 -0.00271875
v 0.00530261 -0.00162256 -0.00271875
v 0.00530261 -0.00162257 0.00284375
v 0.00518382 -0.00226257 0.00284375
v 0.00000023 -0.00598891 0.00175000
v 0.00002261 -0.00586203 0.00175000
v 0.00000110 -0.00598399 0.00181480
v 0.00002261 -0.00586203 0.00247985
v 0.00034246 -0.00404804 -0.00162500
v 0.00002703 -0.00583693 -0.00162500
v 0.00034246 -0.00404804 0.00175000
v 0.00002703 -0.00583693 0.00175000
v 0.00001967 -0.00586204 -0.00156803
v 0.00001967 -0.00586203 0.00169303
v 0.00002405 -0.00584967 0.00172150
v 0.00002405 -0.00584967 -0.00159650
v 0.00002261 -0.00586202 -0.00235485
v 0.00002261 -0.00586203 -0.00162500
v 0.00000110 -0.00598399 -0.00168980
v 0.00000023 -0.00598891 -0.00162500
v 0.00402025 -0.00388621 -0.00357409
v 0.00369977 -0.00425981 -0.00348764
v 0.00430117 -0.00347866 -0.00364198
v 0.00453863 -0.00304186 -0.00369025
v 0.00472989 -0.00258121 -0.00371840
v 0.00487325 -0.00210261 -0.00372634
v 0.00496706 -0.00161196 -0.00371403
v 0.00500598 -0.00111466 -0.00369080
v 0.00325086 -0.00460938 -0.00351781
v 0.00258690 -0.00467654 -0.00431886
v 0.00337658 -0.00430829 -0.00397171
v 0.00299182 -0.00434598 -0.00445841
v 0.00371925 -0.00393153 -0.00407090
v 0.00336194 -0.00396774 -0.00457113
v 0.00369183 -0.00354741 -0.00465536
v 0.00459343 -0.00103912 -0.00462031
v 0.00452222 -0.00157096 -0.00468819
v 0.00439390 -0.00209508 -0.00472578
v 0.00421103 -0.00260411 -0.00473294
v 0.00397614 -0.00309067 -0.00470951
v -0.00070312 -0.00121785 -0.00516875
v -0.00121785 -0.00070313 -0.00516875
v 0.00000000 0.00000000 -0.00516875
v -0.00140625 -0.00000000 -0.00516875
v -0.00121785 0.00070312 -0.00516875
v 0.00121785 -0.00070313 -0.00516875
v 0.00070312 -0.00121784 -0.00516875
v -0.00000000 -0.00140625 -0.00516875
v 0.00070312 0.00121784 -0.00516875
v 0.00121785 0.00070313 -0.00516875
v 0.00140625 -0.00000000 -0.00516875
v -0.00070313 0.00121785 -0.00516875
v 0.00000000 0.00140625 -0.00516875
v 0.00459343 0.00000000 -0.00462031
v 0.00508116 -0.00000000 -0.00349079
v 0.00057920 0.00566712 -0.00039265
v 0.00065914 0.00566723 -0.00009360
v -0.00000000 0.00566712 0.00096824
v -0.00000000 0.00566711 -0.00084324
v 0.00021486 0.00566712 -0.00079522
v 0.00041973 0.00566713 -0.00064308
v 0.00041020 0.00566713 0.00077833
v 0.00021434 0.00566712 0.00092045
v 0.00056596 0.00566712 0.00054726
v 0.00065626 0.00566721 0.00024020
v 0.00524710 0.00092520 0.00284375
v 0.00524710 0.00092520 -0.00271875
v 0.00520203 0.00115198 0.00284375
v 0.00520202 0.00115199 -0.00271875
v 0.00500673 0.00182230 0.00284375
v 0.00500673 0.00182230 -0.00271875
v 0.00482991 0.00224947 0.00284375
v 0.00482991 0.00224947 -0.00271875
v 0.00037764 0.00561826 -0.00119005
v 0.00024424 0.00563833 0.00120579
v 0.00081500 0.00553053 -0.00148922
v 0.00072384 0.00555164 0.00155768
v 0.00096449 0.00549264 0.00170181
v 0.00096539 0.00549239 -0.00157733
v 0.00127831 0.00539942 0.00186854
v 0.00137902 0.00536546 -0.00179300
v 0.00186848 0.00517105 0.00213436
v 0.00198105 0.00511905 -0.00205441
v 0.00246431 0.00486182 0.00235610
v 0.00258692 0.00478712 -0.00227192
v 0.00271505 0.00470465 -0.00231286
v 0.00271472 0.00470488 0.00243772
v 0.00318485 0.00435963 -0.00244880
v 0.00345846 0.00412321 -0.00251782
v 0.00303866 0.00447466 0.00253385
v 0.00345870 0.00412300 0.00264288
v 0.00430366 0.00315980 0.00280364
v 0.00372930 0.00385808 -0.00257862
v 0.00406138 0.00348105 0.00276684
v 0.00357521 0.00401306 0.00266996
v 0.00460476 0.00268512 -0.00271011
v 0.00420329 0.00329833 -0.00266463
v 0.00409611 0.00343761 -0.00264781
v 0.00461605 0.00266525 0.00283585
v 0.00448251 0.00288994 0.00282455
v -0.00070312 0.00121785 0.00529375
v -0.00121785 0.00070312 0.00529375
v -0.00000000 -0.00000001 0.00529375
v -0.00140625 0.00000000 0.00529375
v -0.00121785 -0.00070312 0.00529375
v 0.00121785 0.00070312 0.00529375
v 0.00070312 0.00121785 0.00529375
v 0.00000000 0.00140625 0.00529375
v 0.00070312 -0.00121785 0.00529375
v 0.00121785 -0.00070312 0.00529375
v 0.00140625 0.00000000 0.00529375
v -0.00070312 -0.00121784 0.00529375
v -0.00000000 -0.00140625 0.00529375
v 0.00459343 -0.00000000 0.00474531
v 0.00459343 -0.00103912 0.00474531
v 0.00473280 -0.00000001 0.00445783
v 0.00500599 -0.00111465 0.00381580
v 0.00516499 -0.00000000 0.00337595
v 0.00337755 -0.00430817 0.00409538
v 0.00325088 -0.00460939 0.00364281
v 0.00370141 -0.00425953 0.00360999
v 0.00473111 -0.00258112 0.00384061
v 0.00487440 -0.00210259 0.00384858
v 0.00496813 -0.00161203 0.00383631
v 0.00453994 -0.00304170 0.00381246
v 0.00430259 -0.00347843 0.00376421
v 0.00402177 -0.00388596 0.00369637
v 0.00372016 -0.00393141 0.00419453
v 0.00402265 -0.00351704 0.00427067
v 0.00428050 -0.00307019 0.00432249
v 0.00258690 -0.00467655 0.00444386
v 0.00299182 -0.00434598 0.00458342
v 0.00336195 -0.00396773 0.00469613
v 0.00369183 -0.00354741 0.00478036
v 0.00397614 -0.00309067 0.00483451
v 0.00421103 -0.00260411 0.00485795
v 0.00439390 -0.00209508 0.00485079
v 0.00452222 -0.00157096 0.00481319
v 0.00020225 -0.00585858 0.00284375
v 0.00001967 -0.00586204 0.00284375
v 0.00001967 -0.00586204 0.00259375
v 0.00002187 -0.00586202 0.00172148
v 0.00020226 -0.00585858 -0.00271875
v 0.00002187 -0.00586203 -0.00159648
v 0.00001967 -0.00586203 -0.00246875
v 0.00001967 -0.00586203 -0.00271875
v 0.00101425 -0.00577365 0.00284375
v 0.00101399 -0.00577370 -0.00271875
v 0.00142479 -0.00568628 0.00284375
v 0.00142479 -0.00568628 -0.00271875
v 0.00199797 -0.00551107 0.00284375
v 0.00199803 -0.00551105 -0.00271875
v 0.00264744 -0.00523019 0.00284375
v 0.00264744 -0.00523019 -0.00271875
v 0.00292141 -0.00508224 0.00284375
v 0.00292181 -0.00508201 -0.00271875
v -0.00003647 -0.00592162 0.00259375
v -0.00003647 -0.00604916 0.00182575
v -0.00000298 -0.00589700 0.00259375
v -0.00002027 -0.00603217 0.00182272
v 0.00000535 -0.00588709 0.00259375
v -0.00001199 -0.00601980 0.00182061
v -0.00003648 -0.00605282 0.00178795
v -0.00003647 -0.00605404 0.00175000
v -0.00001261 -0.00602458 0.00175000
v -0.00003654 -0.00602757 0.00161843
v -0.00003656 -0.00597766 0.00154942
v -0.00002247 -0.00601564 0.00163786
v -0.00003647 -0.00595896 0.00153832
v -0.00000926 -0.00598116 0.00164144
v 0.00029934 -0.00404804 0.00153560
v -0.00003647 -0.00595255 0.00153560
v -0.00003647 -0.00559899 0.00142434
v -0.00003647 -0.00511063 0.00132970
v 0.00015089 -0.00404804 0.00132970
v -0.00003647 -0.00460963 0.00126613
v -0.00003647 -0.00404804 0.00122032
v 0.00029935 -0.00404804 -0.00141060
v -0.00003647 -0.00404804 -0.00109532
v 0.00015089 -0.00404804 -0.00120470
v -0.00000926 -0.00598116 -0.00151644
v -0.00003647 -0.00595896 -0.00141332
v -0.00003647 -0.00460963 -0.00114113
v -0.00003648 -0.00511062 -0.00120470
v -0.00003648 -0.00559899 -0.00129934
v -0.00003660 -0.00604058 -0.00152894
v -0.00002247 -0.00601563 -0.00151286
v -0.00003664 -0.00599435 -0.00144005
v -0.00003647 -0.00605404 -0.00162500
v -0.00001261 -0.00602458 -0.00162500
v -0.00003647 -0.00604917 -0.00170075
v -0.00002026 -0.00603217 -0.00169772
v -0.00003647 -0.00605282 -0.00166295
v -0.00001199 -0.00601980 -0.00169561
v 0.00000535 -0.00588709 -0.00246875
v -0.00003647 -0.00592162 -0.00246875
v -0.00000861 -0.00590259 -0.00246875
v -0.00000295 -0.00589696 -0.00246875
v 0.00000000 -0.00589370 -0.00258350
v -0.00002359 -0.00591432 -0.00251052
v -0.00001385 -0.00590716 -0.00253489
v -0.00003647 -0.00592162 -0.00248785
v -0.00003122 -0.00591891 -0.00249590
v 0.00000000 -0.00584156 -0.00276588
v 0.00101073 -0.00575346 -0.00276588
v 0.00199097 -0.00549180 -0.00276588
v 0.00291115 -0.00506449 -0.00276588
v 0.00171456 -0.00472936 -0.00500000
v 0.00192778 -0.00464695 -0.00500000
v 0.00187296 -0.00516628 -0.00391906
v 0.00273860 -0.00476430 -0.00391906
v 0.00000000 -0.00549531 -0.00391906
v -0.00000000 -0.00503095 -0.00500000
v 0.00087041 -0.00495468 -0.00500000
v 0.00095082 -0.00541243 -0.00391906
v 0.00440210 -0.00093682 -0.00500000
v 0.00434980 -0.00159978 -0.00499908
v 0.00422513 -0.00213796 -0.00499853
v 0.00402742 -0.00265313 -0.00499903
v 0.00373462 -0.00317362 -0.00499995
v 0.00339565 -0.00361120 -0.00499935
v 0.00296945 -0.00402108 -0.00499859
v 0.00248535 -0.00436486 -0.00499915
v 0.00440211 -0.00000000 -0.00500000
v 0.00157500 -0.00000000 -0.00500000
v 0.00136399 0.00078751 -0.00500000
v 0.00078750 0.00136399 -0.00500000
v 0.00000000 0.00157501 -0.00500000
v -0.00078750 0.00136399 -0.00500000
v -0.00136399 0.00078750 -0.00500000
v -0.00157500 -0.00000001 -0.00500000
v -0.00136399 -0.00078750 -0.00500000
v -0.00078750 -0.00136400 -0.00500000
v -0.00000000 -0.00157500 -0.00500000
v 0.00078750 -0.00136399 -0.00500000
v 0.00136399 -0.00078750 -0.00500000
v -0.00000000 0.00440211 -0.00500000
v 0.00000000 0.00459343 -0.00462031
v 0.00113935 0.00425211 -0.00500000
v 0.00079764 0.00452364 -0.00462031
v 0.00118887 0.00443692 -0.00462031
v 0.00157105 0.00431642 -0.00462031
v 0.00220105 0.00381233 -0.00500000
v 0.00229671 0.00397802 -0.00462031
v 0.00311276 0.00311275 -0.00500000
v 0.00295260 0.00351878 -0.00462031
v 0.00324804 0.00324804 -0.00462031
v 0.00351878 0.00295261 -0.00462031
v 0.00381233 0.00220105 -0.00500000
v 0.00397803 0.00229672 -0.00462031
v 0.00425211 0.00113936 -0.00500000
v 0.00431641 0.00157105 -0.00462031
v 0.00452365 0.00079764 -0.00462031
v 0.00443691 0.00118887 -0.00462031
v 0.00500397 0.00088233 -0.00349079
v -0.00000000 0.00563442 -0.00116104
v 0.00477473 0.00173786 -0.00349079
v 0.00440041 0.00254058 -0.00349079
v 0.00389239 0.00326610 -0.00349079
v 0.00326611 0.00389239 -0.00349079
v 0.00254058 0.00440041 -0.00349079
v 0.00094341 0.00535036 -0.00230849
v 0.00185816 0.00510526 -0.00230849
v -0.00000000 0.00543290 -0.00230849
v 0.00173786 0.00477473 -0.00349079
v 0.00088233 0.00500396 -0.00349079
v 0.00000000 0.00508116 -0.00349079
v -0.00000000 0.00570660 0.00006250
v 0.00466090 0.00082185 0.00445783
v 0.00176653 0.00485350 0.00337595
v 0.00187693 0.00515680 0.00218542
v 0.00095294 0.00540439 0.00218542
v 0.00000000 0.00548776 0.00218542
v 0.00447301 0.00258249 0.00337595
v 0.00485351 0.00176654 0.00337596
v 0.00508652 0.00089689 0.00337595
v 0.00258250 0.00447302 0.00337596
v 0.00331999 0.00395661 0.00337595
v 0.00395661 0.00331999 0.00337596
v 0.00304219 0.00362554 0.00445783
v 0.00362554 0.00304219 0.00445783
v 0.00409873 0.00236640 0.00445783
v 0.00444738 0.00161872 0.00445783
v -0.00000000 0.00473280 0.00445783
v 0.00000000 0.00459343 0.00474531
v 0.00082184 0.00466090 0.00445783
v 0.00079764 0.00452364 0.00474531
v 0.00118887 0.00443692 0.00474531
v -0.00000000 0.00516499 0.00337596
v 0.00089689 0.00508652 0.00337595
v 0.00161872 0.00444738 0.00445783
v 0.00157105 0.00431642 0.00474531
v 0.00236640 0.00409872 0.00445783
v 0.00229671 0.00397802 0.00474531
v 0.00295260 0.00351878 0.00474531
v 0.00324805 0.00324804 0.00474531
v 0.00351877 0.00295261 0.00474531
v 0.00397803 0.00229672 0.00474531
v 0.00452365 0.00079764 0.00474531
v 0.00443691 0.00118887 0.00474531
v 0.00431642 0.00157105 0.00474531
v 0.00157500 0.00000000 0.00512500
v 0.00136399 -0.00078750 0.00512500
v 0.00078750 -0.00136399 0.00512500
v 0.00000000 -0.00157500 0.00512500
v -0.00078750 -0.00136399 0.00512500
v -0.00136399 -0.00078749 0.00512500
v -0.00157500 -0.00000000 0.00512500
v -0.00136399 0.00078750 0.00512500
v -0.00078750 0.00136399 0.00512500
v -0.00000000 0.00157499 0.00512500
v 0.00078750 0.00136399 0.00512500
v 0.00136399 0.00078749 0.00512500
v 0.00440210 -0.00000000 0.00512500
v 0.00425211 0.00113934 0.00512500
v 0.00381234 0.00220105 0.00512500
v 0.00311276 0.00311276 0.00512500
v 0.00220105 0.00381234 0.00512500
v 0.00113935 0.00425211 0.00512500
v -0.00000000 0.00440210 0.00512500
v 0.00440211 -0.00093682 0.00512500
v 0.00192778 -0.00464695 0.00512500
v 0.00232759 -0.00445560 0.00512448
v 0.00282659 -0.00413395 0.00512361
v 0.00331224 -0.00370157 0.00512409
v 0.00370247 -0.00322107 0.00512497
v 0.00400364 -0.00270320 0.00512413
v 0.00421681 -0.00216482 0.00512354
v 0.00434987 -0.00159928 0.00512408
v 0.00276372 -0.00480800 0.00391445
v 0.00189014 -0.00521367 0.00391445
v 0.00095954 -0.00546208 0.00391445
v 0.00000000 -0.00589370 0.00270851
v -0.00000000 -0.00554572 0.00391445
v 0.00174061 -0.00480124 0.00497142
v 0.00171465 -0.00472964 0.00512495
v 0.00088363 -0.00502999 0.00497142
v 0.00087046 -0.00495497 0.00512495
v 0.00000000 -0.00510701 0.00497142
v 0.00000000 -0.00503095 0.00512500
v -0.00001385 -0.00590716 0.00265986
v -0.00003647 -0.00592162 0.00261285
v -0.00003647 -0.00613153 -0.00163401
v -0.00003647 -0.00625001 0.00007271
v -0.00003648 -0.00613158 0.00175872
v -0.00003647 -0.00598197 0.00259791
v -0.00003647 -0.00519526 -0.00480769
v -0.00003648 -0.00513312 -0.00480769
v -0.00003647 -0.00551117 -0.00406779
v -0.00003647 -0.00555075 -0.00379702
v -0.00003647 -0.00577428 -0.00328691
v -0.00003647 -0.00598196 -0.00247293
v -0.00003647 -0.00577429 0.00341189
v -0.00003647 -0.00555075 0.00392202
v -0.00003647 -0.00551117 0.00419278
v -0.00003647 -0.00513311 0.00493269
v -0.00003647 -0.00519526 0.00493269
v -0.00287211 -0.00662668 0.00182851
v -0.00287212 -0.00675001 0.00007313
v -0.00287211 -0.00662667 -0.00170351
v -0.00319010 -0.00574604 -0.00480769
v -0.00287211 -0.00574605 -0.00480769
v -0.00287211 -0.00647096 -0.00257850
v -0.00287211 -0.00628849 -0.00331037
v -0.00287212 -0.00597860 -0.00424597
v -0.00313580 -0.00570399 -0.00487746
v -0.00292079 -0.00562972 -0.00494744
v -0.00245317 -0.00555769 -0.00490675
v -0.00318112 -0.00573109 -0.00483709
v -0.00085810 -0.00520034 -0.00500000
v -0.00171623 -0.00536907 -0.00500000
v -0.00252867 -0.00553118 -0.00499403
v -0.00481721 -0.00045048 -0.00777641
v -0.00478595 -0.00000000 -0.00781250
v -0.00492766 -0.00000001 -0.00765573
v -0.00530909 -0.00176448 -0.00719030
v -0.00529619 -0.00174345 -0.00720704
v -0.00559260 -0.00000000 -0.00680226
v -0.00508783 -0.00134722 -0.00746884
v -0.00491471 -0.00089048 -0.00766819
v -0.00621282 -0.00270339 -0.00577579
v -0.00612433 -0.00265089 -0.00594016
v -0.00621282 0.00000001 -0.00577579
v -0.00584744 -0.00243238 -0.00641296
v -0.00556914 -0.00213091 -0.00683522
v -0.00552900 0.00084102 -0.00680226
v -0.00478738 0.00018968 -0.00780597
v -0.00481352 0.00068395 -0.00772849
v -0.00487162 0.00074103 -0.00765573
v -0.00487372 0.00116891 -0.00755760
v -0.00508782 0.00199326 -0.00698421
v -0.00521035 0.00226121 -0.00667302
v -0.00533964 0.00166293 -0.00680225
v -0.00538439 0.00251804 -0.00625435
v -0.00559383 0.00270339 -0.00577579
v -0.00593182 0.00184734 -0.00577579
v -0.00496349 0.00160543 -0.00730926
v -0.00614217 0.00093430 -0.00577579
v -0.00609407 0.00120890 -0.00577579
v -0.00269685 0.00559698 -0.00500000
v -0.00241250 0.00561100 -0.00500000
v 0.00000000 0.00566712 -0.00500000
v -0.00609407 0.00120891 -0.00500000
v -0.00559632 0.00269823 -0.00500000
v -0.00474105 0.00401517 -0.00500000
v -0.00358291 0.00507563 -0.00500000
v -0.00621283 -0.00536908 -0.00500000
v -0.00621282 -0.00000000 -0.00500000
v -0.00000000 0.00566711 0.00512500
v 0.00000000 0.00597618 0.00506636
v -0.00000000 0.00627781 0.00486345
v 0.00000000 0.00644863 0.00459929
v -0.00000000 0.00731421 -0.00066804
v 0.00000000 0.00731422 0.00079304
v 0.00000000 0.00713717 0.00224334
v 0.00000000 0.00678572 0.00366152
v -0.00000000 0.00597617 -0.00494136
v -0.00000000 0.00627781 -0.00473845
v -0.00000000 0.00644862 -0.00447429
v -0.00000000 0.00678572 -0.00353652
v -0.00000000 0.00713717 -0.00211835
v -0.00602536 0.00091653 0.00611875
v -0.00609467 -0.00000000 0.00611875
v -0.00621283 -0.00000000 0.00590079
v -0.00524455 0.00232278 0.00671024
v -0.00508783 0.00199325 0.00710921
v -0.00524293 0.00163280 0.00707166
v -0.00549129 -0.00000000 0.00707166
v -0.00542885 0.00082580 0.00707166
v -0.00478595 -0.00000001 0.00793750
v -0.00479718 0.00051010 0.00788824
v -0.00503779 0.00186230 0.00722971
v -0.00492520 0.00145530 0.00752883
v -0.00484498 0.00099446 0.00775237
v -0.00559382 0.00270339 0.00590079
v -0.00543941 0.00257783 0.00625008
v -0.00593182 0.00184734 0.00590079
v -0.00581901 0.00181222 0.00611876
v -0.00609408 0.00120890 0.00590079
v -0.00614217 0.00093430 0.00590079
v -0.00594098 -0.00251521 0.00638471
v -0.00621282 -0.00270338 0.00590079
v -0.00508783 -0.00134722 0.00759384
v -0.00514502 -0.00146958 0.00752233
v -0.00481749 -0.00044950 0.00790110
v -0.00491878 -0.00090281 0.00778859
v -0.00538216 -0.00187796 0.00721901
v -0.00552434 -0.00207458 0.00702391
v -0.00566276 -0.00224151 0.00682343
v -0.00621282 0.00000000 0.00512500
v -0.00241246 0.00561101 0.00512500
v -0.00269685 0.00559698 0.00512500
v -0.00358291 0.00507563 0.00512500
v -0.00171623 -0.00536907 0.00512500
v -0.00085790 -0.00520031 0.00512500
v -0.00474105 0.00401518 0.00512500
v -0.00559632 0.00269822 0.00512500
v -0.00609407 0.00120891 0.00512500
v -0.00621283 -0.00536908 0.00512500
v -0.00240934 -0.00550469 0.00512549
v -0.00245316 -0.00555769 0.00503175
v -0.00291750 -0.00562878 0.00507308
v -0.00313987 -0.00570603 0.00499984
v -0.00319010 -0.00574605 0.00493269
v -0.00318240 -0.00573235 0.00495989
v -0.00287211 -0.00574604 0.00493269
v -0.00287211 -0.00647091 0.00270348
v -0.00287212 -0.00628849 0.00343538
v -0.00287212 -0.00625426 0.00355365
v -0.00319010 -0.00662676 -0.00170289
v -0.00319009 -0.00662676 0.00182789
v -0.00621282 -0.00566066 -0.00492332
v -0.00621282 -0.00551280 -0.00499875
v -0.00385439 -0.00000000 -0.00867173
v -0.00462090 -0.00000001 -0.00798485
v -0.00419236 0.00000000 -0.00839123
v -0.00363724 0.00127546 -0.00867173
v -0.00358288 0.00507559 -0.00577576
v -0.00413211 0.00463942 -0.00577577
v -0.00397688 0.00446513 -0.00619478
v -0.00455535 0.00077555 -0.00798485
v -0.00523039 0.00289758 -0.00619478
v -0.00466621 0.00258503 -0.00715790
v -0.00543455 0.00301069 -0.00577577
v -0.00485216 0.00388009 -0.00577577
v -0.00354791 0.00398350 -0.00715789
v -0.00360891 0.00288591 -0.00798485
v -0.00337159 0.00186782 -0.00867173
v -0.00436057 0.00152911 -0.00798485
v -0.00404208 0.00223927 -0.00798485
v -0.00379972 0.00064691 -0.00867173
v -0.00474102 0.00401513 -0.00577577
v -0.00466988 0.00373432 -0.00619478
v -0.00416615 0.00333152 -0.00715789
v -0.00263207 0.00562773 -0.00499956
v -0.00523003 0.00571350 -0.00494136
v -0.00242687 0.00591974 -0.00494135
v -0.00244089 0.00622103 -0.00473846
v -0.00248430 0.00639000 -0.00447429
v -0.00535358 0.00617585 -0.00447429
v -0.00526025 0.00601362 -0.00473845
v -0.00535358 0.00617584 0.00459929
v -0.00538784 0.00651118 0.00366152
v -0.00542356 0.00686083 0.00224335
v -0.00544156 0.00703694 0.00079303
v -0.00544156 0.00703694 -0.00066804
v -0.00542356 0.00686083 -0.00211835
v -0.00538784 0.00651118 -0.00353652
v -0.00248429 0.00639001 0.00459929
v -0.00250019 0.00672672 0.00366152
v -0.00251677 0.00707779 0.00224335
v -0.00252512 0.00725463 0.00079304
v -0.00252512 0.00725463 -0.00066804
v -0.00251677 0.00707779 -0.00211835
v -0.00250020 0.00672671 -0.00353652
v -0.00242683 0.00591973 0.00506636
v -0.00263168 0.00562792 0.00512455
v -0.00522994 0.00571352 0.00506636
v -0.00526016 0.00601362 0.00486345
v -0.00244085 0.00622104 0.00486345
v -0.00358282 0.00507549 0.00590071
v -0.00413204 0.00463934 0.00590071
v -0.00474093 0.00401507 0.00590071
v -0.00485208 0.00388003 0.00590071
v -0.00543446 0.00301064 0.00590071
v -0.00399994 0.00068099 0.00862565
v -0.00479209 0.00081585 0.00784776
v -0.00458718 0.00160857 0.00784776
v -0.00425214 0.00235564 0.00784776
v -0.00488706 0.00270738 0.00693130
v -0.00436334 0.00348921 0.00693130
v -0.00323307 0.00363000 0.00784776
v -0.00316890 0.00253404 0.00862565
v -0.00354925 0.00196625 0.00862565
v -0.00308013 0.00108009 0.00920904
v -0.00326401 -0.00000001 0.00920904
v -0.00321771 0.00054782 0.00920904
v -0.00382891 0.00134267 0.00862565
v -0.00371583 0.00417204 0.00693130
v -0.00420188 -0.00000000 0.00850104
v -0.00405750 -0.00000001 0.00862565
v -0.00379646 0.00303589 0.00784776
v -0.00621282 -0.00566067 0.00504832
v -0.00621282 -0.00551280 0.00512375
f 1 2 3
f 3 2 4
f 3 4 5
f 5 4 6
f 5 6 7
f 7 6 8
f 7 8 9
f 9 8 10
f 9 10 11
f 11 10 12
f 11 12 13
f 13 12 14
f 13 14 15
f 15 14 16
f 15 16 17
f 17 16 18
f 17 18 19
f 19 18 20
f 19 20 21
f 21 20 22
f 21 22 23
f 23 22 24
f 23 24 25
f 25 24 26
f 25 26 27
f 27 26 28
f 27 28 29
f 29 28 30
f 29 30 31
f 31 30 32
f 31 32 33
f 33 32 34
f 35 1 36
f 36 1 3
f 36 3 37
f 37 3 5
f 37 5 38
f 38 5 7
f 38 7 39
f 39 7 9
f 39 9 40
f 40 9 11
f 40 11 41
f 41 11 13
f 41 13 42
f 42 13 15
f 42 15 43
f 43 15 17
f 43 17 44
f 44 17 19
f 44 19 45
f 45 19 21
f 45 21 46
f 46 21 23
f 46 23 47
f 47 23 25
f 47 25 48
f 48 25 27
f 48 27 49
f 49 27 29
f 49 29 50
f 50 29 31
f 50 31 51
f 51 31 33
f 52 35 53
f 53 35 36
f 53 36 54
f 54 36 37
f 54 37 55
f 55 37 38
f 55 38 56
f 56 38 39
f 56 39 57
f 57 39 40
f 57 40 58
f 58 40 41
f 58 41 59
f 59 41 42
f 59 42 60
f 60 42 43
f 60 43 61
f 61 43 44
f 61 44 62
f 62 44 45
f 62 45 63
f 63 45 46
f 63 46 64
f 64 46 47
f 64 47 65
f 65 47 48
f 65 48 66
f 66 48 49
f 66 49 67
f 67 49 50
f 67 50 68
f 68 50 51
f 69 52 70
f 70 52 53
f 70 53 71
f 71 53 54
f 71 54 72
f 72 54 55
f 72 55 73
f 73 55 56
f 73 56 74
f 74 56 57
f 74 57 75
f 75 57 58
f 75 58 76
f 76 58 59
f 76 59 77
f 77 59 60
f 77 60 78
f 78 60 61
f 78 61 79
f 79 61 62
f 79 62 80
f 80 62 63
f 80 63 81
f 81 63 64
f 81 64 82
f 82 64 65
f 82 65 83
f 83 65 66
f 83 66 84
f 84 66 67
f 84 67 85
f 85 67 68
f 86 69 87
f 87 69 70
f 87 70 88
f 88 70 71
f 88 71 89
f 89 71 72
f 89 72 90
f 90 72 73
f 90 73 91
f 91 73 74
f 91 74 92
f 92 74 75
f 92 75 93
f 93 75 76
f 93 76 94
f 94 76 77
f 94 77 95
f 95 77 78
f 95 78 96
f 96 78 79
f 96 79 97
f 97 79 80
f 97 80 98
f 98 80 81
f 98 81 99
f 99 81 82
f 99 82 100
f 100 82 83
f 100 83 101
f 101 83 84
f 101 84 102
f 102 84 85
f 103 86 104
f 104 86 87
f 104 87 105
f 105 87 88
f 105 88 106
f 106 88 89
f 106 89 107
f 107 89 90
f 107 90 108
f 108 90 91
f 108 91 109
f 109 91 92
f 109 92 110
f 110 92 93
f 110 93 111
f 111 93 94
f 111 94 112
f 112 94 95
f 112 95 113
f 113 95 96
f 113 96 114
f 114 96 97
f 114 97 115
f 115 97 98
f 115 98 116
f 116 98 99
f 116 99 117
f 117 99 100
f 117 100 118
f 118 100 101
f 118 101 119
f 119 101 102
f 120 103 121
f 121 103 104
f 121 104 122
f 122 104 105
f 122 105 123
f 123 105 106
f 123 106 124
f 124 106 107
f 124 107 125
f 125 107 108
f 125 108 126
f 126 108 109
f 126 109 127
f 127 109 110
f 127 110 128
f 128 110 111
f 128 111 129
f 129 111 112
f 129 112 130
f 130 112 113
f 130 113 131
f 131 113 114
f 131 114 132
f 132 114 115
f 132 115 133
f 133 115 116
f 133 116 134
f 134 116 117
f 134 117 135
f 135 117 118
f 135 118 136
f 136 118 119
f 137 120 138
f 138 120 121
f 138 121 139
f 139 121 122
f 139 122 140
f 140 122 123
f 140 123 141
f 141 123 124
f 141 124 142
f 142 124 125
f 142 125 143
f 143 125 126
f 143 126 144
f 144 126 127
f 144 127 145
f 145 127 128
f 145 128 146
f 146 128 129
f 146 129 147
f 147 129 130
f 147 130 148
f 148 130 131
f 148 131 149
f 149 131 132
f 149 132 150
f 150 132 133
f 150 133 151
f 151 133 134
f 151 134 152
f 152 134 135
f 152 135 153
f 153 135 136
f 2 154 155
f 2 155 4
f 4 155 156
f 4 156 6
f 6 156 157
f 6 157 8
f 8 157 158
f 8 158 10
f 10 158 159
f 10 159 12
f 12 159 160
f 12 160 14
f 14 160 161
f 14 161 16
f 16 161 162
f 16 162 18
f 18 162 163
f 18 163 20
f 20 163 164
f 20 164 22
f 22 164 165
f 22 165 24
f 24 165 166
f 24 166 26
f 26 166 167
f 26 167 28
f 28 167 168
f 28 168 30
f 30 168 169
f 30 169 32
f 32 169 170
f 32 170 34
f 154 171 155
f 155 171 172
f 155 172 156
f 156 172 173
f 156 173 157
f 157 173 174
f 157 174 158
f 158 174 175
f 158 175 159
f 159 175 176
f 159 176 160
f 160 176 177
f 160 177 161
f 161 177 178
f 161 178 162
f 162 178 179
f 162 179 163
f 163 179 180
f 163 180 164
f 164 180 181
f 164 181 165
f 165 181 182
f 165 182 166
f 166 182 183
f 166 183 167
f 167 183 184
f 167 184 168
f 168 184 185
f 168 185 169
f 169 185 186
f 169 186 170
f 170 186 187
f 171 188 172
f 172 188 189
f 172 189 173
f 173 189 190
f 173 190 174
f 174 190 191
f 174 191 175
f 175 191 192
f 175 192 176
f 176 192 193
f 176 193 177
f 177 193 194
f 177 194 178
f 178 194 195
f 178 195 179
f 179 195 196
f 179 196 180
f 180 196 197
f 180 197 181
f 181 197 198
f 181 198 182
f 182 198 199
f 182 199 183
f 183 199 200
f 183 200 184
f 184 200 201
f 184 201 185
f 185 201 202
f 185 202 186
f 186 202 203
f 186 203 187
f 204 205 206
f 207 208 209
f 209 208 210
f 209 210 211
f 211 210 212
f 211 212 213
f 213 212 214
f 213 214 215
f 215 214 216
f 215 216 217
f 217 216 218
f 217 218 219
f 219 218 220
f 219 220 221
f 221 220 222
f 221 222 223
f 223 222 224
f 223 224 225
f 225 224 226
f 225 226 227
f 227 226 228
f 227 228 229
f 229 228 230
f 229 230 231
f 231 230 232
f 231 232 233
f 233 232 234
f 233 234 235
f 235 234 236
f 235 236 237
f 237 236 238
f 208 239 210
f 210 239 240
f 210 240 212
f 212 240 241
f 212 241 214
f 214 241 242
f 214 242 216
f 216 242 243
f 216 243 218
f 218 243 244
f 218 244 220
f 220 244 245
f 220 245 222
f 222 245 246
f 222 246 224
f 224 246 247
f 224 247 226
f 226 247 248
f 226 248 228
f 228 248 249
f 228 249 230
f 230 249 250
f 230 250 232
f 232 250 251
f 232 251 234
f 234 251 252
f 234 252 236
f 236 252 253
f 236 253 238
f 238 253 254
f 239 255 240
f 240 255 256
f 240 256 241
f 241 256 257
f 241 257 242
f 242 257 258
f 242 258 243
f 243 258 259
f 243 259 244
f 244 259 260
f 244 260 245
f 245 260 261
f 245 261 246
f 246 261 262
f 246 262 247
f 247 262 263
f 247 263 248
f 248 263 264
f 248 264 249
f 249 264 265
f 249 265 250
f 250 265 266
f 250 266 251
f 251 266 267
f 251 267 252
f 252 267 268
f 252 268 253
f 253 268 269
f 253 269 254
f 254 269 270
f 255 271 256
f 256 271 272
f 256 272 257
f 257 272 273
f 257 273 258
f 258 273 274
f 258 274 259
f 259 274 275
f 259 275 260
f 260 275 276
f 260 276 261
f 261 276 277
f 261 277 262
f 262 277 278
f 262 278 263
f 263 278 279
f 263 279 264
f 264 279 280
f 264 280 265
f 265 280 281
f 265 281 266
f 266 281 282
f 266 282 267
f 267 282 283
f 267 283 268
f 268 283 284
f 268 284 269
f 269 284 285
f 269 285 270
f 270 285 286
f 271 287 272
f 272 287 288
f 272 288 273
f 273 288 289
f 273 289 274
f 274 289 290
f 274 290 275
f 275 290 291
f 275 291 276
f 276 291 292
f 276 292 277
f 277 292 293
f 277 293 278
f 278 293 294
f 278 294 279
f 279 294 295
f 279 295 280
f 280 295 296
f 280 296 281
f 281 296 297
f 281 297 282
f 282 297 298
f 282 298 283
f 283 298 299
f 283 299 284
f 284 299 300
f 284 300 285
f 285 300 301
f 285 301 286
f 286 301 302
f 287 203 288
f 288 203 202
f 288 202 289
f 289 202 201
f 289 201 290
f 290 201 200
f 290 200 291
f 291 200 199
f 291 199 292
f 292 199 198
f 292 198 293
f 293 198 197
f 293 197 294
f 294 197 196
f 294 196 295
f 295 196 195
f 295 195 296
f 296 195 194
f 296 194 297
f 297 194 193
f 297 193 298
f 298 193 192
f 298 192 299
f 299 192 191
f 299 191 300
f 300 191 190
f 300 190 301
f 301 190 189
f 301 189 302
f 302 189 188
f 303 207 304
f 304 207 209
f 304 209 305
f 305 209 211
f 305 211 306
f 306 211 213
f 306 213 307
f 307 213 215
f 307 215 308
f 308 215 217
f 308 217 309
f 309 217 219
f 309 219 310
f 310 219 221
f 310 221 311
f 311 221 223
f 311 223 312
f 312 223 225
f 312 225 313
f 313 225 227
f 313 227 314
f 314 227 229
f 314 229 315
f 315 229 231
f 315 231 316
f 316 231 233
f 316 233 317
f 317 233 235
f 317 235 206
f 206 235 237
f 206 237 204
f 204 237 238
f 204 238 318
f 318 238 254
f 318 254 319
f 319 254 270
f 319 270 320
f 320 270 286
f 320 286 321
f 321 286 302
f 321 302 322
f 322 302 188
f 322 188 323
f 323 188 171
f 324 325 326
f 326 325 327
f 326 327 328
f 328 327 329
f 328 329 330
f 330 329 331
f 330 331 332
f 332 331 333
f 332 333 334
f 334 333 335
f 334 335 336
f 336 335 337
f 336 337 338
f 338 337 339
f 338 339 340
f 340 339 341
f 340 341 342
f 342 341 343
f 342 343 344
f 344 343 345
f 344 345 346
f 346 345 347
f 346 347 348
f 348 347 349
f 348 349 350
f 350 349 351
f 350 351 352
f 352 351 353
f 352 353 354
f 354 353 355
f 354 355 356
f 356 355 357
f 358 324 359
f 359 324 326
f 359 326 360
f 360 326 328
f 360 328 361
f 361 328 330
f 361 330 362
f 362 330 332
f 362 332 363
f 363 332 334
f 363 334 364
f 364 334 336
f 364 336 365
f 365 336 338
f 365 338 366
f 366 338 340
f 366 340 367
f 367 340 342
f 367 342 368
f 368 342 344
f 368 344 369
f 369 344 346
f 369 346 370
f 370 346 348
f 370 348 371
f 371 348 350
f 371 350 372
f 372 350 352
f 372 352 373
f 373 352 354
f 373 354 374
f 374 354 356
f 375 358 376
f 376 358 359
f 376 359 377
f 377 359 360
f 377 360 378
f 378 360 361
f 378 361 379
f 379 361 362
f 379 362 380
f 380 362 363
f 380 363 381
f 381 363 364
f 381 364 382
f 382 364 365
f 382 365 383
f 383 365 366
f 383 366 384
f 384 366 367
f 384 367 385
f 385 367 368
f 385 368 386
f 386 368 369
f 386 369 387
f 387 369 370
f 387 370 388
f 388 370 371
f 388 371 389
f 389 371 372
f 389 372 390
f 390 372 373
f 390 373 391
f 391 373 374
f 205 375 206
f 206 375 376
f 206 376 317
f 317 376 377
f 317 377 316
f 316 377 378
f 316 378 315
f 315 378 379
f 315 379 314
f 314 379 380
f 314 380 313
f 313 380 381
f 313 381 312
f 312 381 382
f 312 382 311
f 311 382 383
f 311 383 310
f 310 383 384
f 310 384 309
f 309 384 385
f 309 385 308
f 308 385 386
f 308 386 307
f 307 386 387
f 307 387 306
f 306 387 388
f 306 388 305
f 305 388 389
f 305 389 304
f 304 389 390
f 304 390 303
f 303 390 391
f 33 34 392
f 392 34 393
f 392 393 394
f 394 393 395
f 394 395 396
f 396 395 397
f 396 397 398
f 398 397 399
f 398 399 400
f 400 399 401
f 400 401 402
f 402 401 403
f 402 403 404
f 404 403 405
f 404 405 406
f 406 405 407
f 51 33 408
f 408 33 392
f 408 392 409
f 409 392 394
f 409 394 410
f 410 394 396
f 410 396 411
f 411 396 398
f 411 398 412
f 412 398 400
f 412 400 413
f 413 400 402
f 413 402 414
f 414 402 404
f 414 404 415
f 415 404 406
f 68 51 416
f 416 51 408
f 416 408 417
f 417 408 409
f 417 409 418
f 418 409 410
f 418 410 419
f 419 410 411
f 419 411 420
f 420 411 412
f 420 412 421
f 421 412 413
f 421 413 422
f 422 413 414
f 422 414 423
f 423 414 415
f 85 68 424
f 424 68 416
f 424 416 425
f 425 416 417
f 425 417 426
f 426 417 418
f 426 418 427
f 427 418 419
f 427 419 428
f 428 419 420
f 428 420 429
f 429 420 421
f 429 421 430
f 430 421 422
f 430 422 431
f 431 422 423
f 102 85 432
f 432 85 424
f 432 424 433
f 433 424 425
f 433 425 434
f 434 425 426
f 434 426 435
f 435 426 427
f 435 427 436
f 436 427 428
f 436 428 437
f 437 428 429
f 437 429 438
f 438 429 430
f 438 430 439
f 439 430 431
f 119 102 440
f 440 102 432
f 440 432 441
f 441 432 433
f 441 433 442
f 442 433 434
f 442 434 443
f 443 434 435
f 443 435 444
f 444 435 436
f 444 436 445
f 445 436 437
f 445 437 446
f 446 437 438
f 446 438 447
f 447 438 439
f 136 119 448
f 448 119 440
f 448 440 449
f 449 440 441
f 449 441 450
f 450 441 442
f 450 442 451
f 451 442 443
f 451 443 452
f 452 443 444
f 452 444 453
f 453 444 445
f 453 445 454
f 454 445 446
f 454 446 455
f 455 446 447
f 153 136 456
f 456 136 448
f 456 448 457
f 457 448 449
f 457 449 458
f 458 449 450
f 458 450 459
f 459 450 451
f 459 451 460
f 460 451 452
f 460 452 461
f 461 452 453
f 461 453 462
f 462 453 454
f 462 454 463
f 463 454 455
f 170 187 464
f 464 187 465
f 464 465 466
f 466 465 467
f 466 467 468
f 468 467 469
f 468 469 470
f 470 469 471
f 470 471 472
f 472 471 473
f 472 473 474
f 474 473 475
f 474 475 476
f 476 475 477
f 476 477 478
f 478 477 479
f 34 170 393
f 393 170 464
f 393 464 395
f 395 464 466
f 395 466 397
f 397 466 468
f 397 468 399
f 399 468 470
f 399 470 401
f 401 470 472
f 401 472 403
f 403 472 474
f 403 474 405
f 405 474 476
f 405 476 407
f 407 476 478
f 207 303 480
f 481 482 483
f 484 467 465
f 485 465 187
f 486 469 467
f 487 475 473
f 488 473 471
f 477 475 489
f 489 475 487
f 489 487 490
f 207 491 208
f 208 491 492
f 208 492 239
f 239 492 493
f 239 493 255
f 255 493 494
f 255 494 271
f 271 494 495
f 271 495 287
f 287 495 203
f 496 497 498
f 499 500 501
f 501 500 502
f 501 502 503
f 503 502 504
f 503 504 505
f 505 504 506
f 479 477 507
f 507 477 489
f 507 489 508
f 508 489 490
f 508 490 509
f 509 490 510
f 509 510 511
f 511 510 505
f 511 505 512
f 512 505 506
f 513 514 515
f 515 514 516
f 515 516 517
f 517 516 518
f 517 518 519
f 519 518 520
f 519 520 521
f 521 520 488
f 521 488 522
f 522 488 471
f 522 471 469
f 473 488 487
f 487 488 520
f 487 520 490
f 490 520 518
f 490 518 510
f 510 518 516
f 510 516 505
f 505 516 514
f 505 514 503
f 503 514 513
f 503 513 501
f 501 513 496
f 501 496 499
f 499 496 498
f 499 498 523
f 482 481 524
f 524 481 525
f 524 525 480
f 467 484 486
f 486 484 526
f 486 526 527
f 527 526 528
f 527 528 529
f 529 528 530
f 529 530 531
f 531 530 532
f 531 532 533
f 533 532 534
f 533 534 535
f 469 486 522
f 522 486 527
f 522 527 521
f 521 527 529
f 521 529 519
f 519 529 531
f 519 531 517
f 517 531 533
f 517 533 515
f 515 533 535
f 515 535 513
f 513 535 536
f 513 536 496
f 496 536 537
f 496 537 497
f 187 203 485
f 485 203 495
f 485 495 538
f 538 495 494
f 538 494 539
f 539 494 493
f 539 493 540
f 540 493 492
f 540 492 541
f 541 492 491
f 541 491 542
f 542 491 207
f 542 207 525
f 525 207 480
f 465 485 484
f 484 485 538
f 484 538 526
f 526 538 539
f 526 539 528
f 528 539 540
f 528 540 530
f 530 540 541
f 530 541 532
f 532 541 542
f 532 542 534
f 534 542 525
f 534 525 535
f 535 525 481
f 535 481 536
f 536 481 483
f 536 483 537
f 543 544 545
f 545 544 546
f 545 546 547
f 548 523 498
f 549 550 551
f 497 537 550
f 550 537 483
f 550 483 551
f 551 483 482
f 551 482 524
f 552 553 554
f 554 553 555
f 554 555 556
f 556 555 374
f 556 374 356
f 303 391 480
f 480 391 557
f 480 557 524
f 549 558 550
f 550 558 548
f 550 548 497
f 497 548 498
f 524 557 551
f 551 557 559
f 551 559 549
f 549 559 546
f 549 546 558
f 558 546 544
f 558 544 560
f 560 544 543
f 560 543 561
f 547 552 562
f 562 552 554
f 562 554 563
f 563 554 556
f 563 556 564
f 564 556 356
f 564 356 357
f 547 546 552
f 552 546 559
f 552 559 553
f 553 559 557
f 553 557 555
f 555 557 391
f 555 391 374
f 565 566 567
f 568 566 569
f 569 566 565
f 569 565 570
f 570 565 571
f 570 571 572
f 573 574 575
f 575 574 576
f 577 578 579
f 579 578 580
f 579 580 576
f 578 581 580
f 580 581 582
f 580 582 576
f 576 582 583
f 576 583 575
f 407 584 406
f 406 584 585
f 406 585 415
f 415 585 586
f 415 586 423
f 423 586 587
f 423 587 431
f 431 587 588
f 431 588 439
f 439 588 589
f 439 589 447
f 447 589 590
f 447 590 455
f 455 590 591
f 455 591 463
f 463 591 592
f 593 568 594
f 594 568 569
f 594 569 595
f 595 569 570
f 595 570 596
f 596 570 572
f 596 572 597
f 598 599 600
f 600 599 601
f 600 601 602
f 602 601 603
f 602 603 604
f 604 603 605
f 604 605 606
f 606 605 607
f 606 607 608
f 608 607 609
f 608 609 610
f 610 609 611
f 610 611 612
f 613 614 615
f 615 614 616
f 615 616 617
f 617 616 618
f 617 618 619
f 619 618 620
f 619 620 621
f 621 620 622
f 621 622 623
f 623 622 624
f 623 624 625
f 625 624 626
f 625 626 627
f 627 626 628
f 627 628 629
f 629 628 630
f 629 630 631
f 632 633 634
f 634 633 635
f 634 635 636
f 636 635 637
f 636 637 638
f 638 637 639
f 638 639 640
f 640 639 641
f 640 641 642
f 642 641 643
f 642 643 644
f 644 643 645
f 644 645 646
f 646 645 647
f 646 647 648
f 648 647 649
f 648 649 650
f 651 652 653
f 653 652 654
f 653 654 655
f 655 654 656
f 655 656 657
f 657 656 658
f 657 658 659
f 659 658 660
f 659 660 661
f 661 660 662
f 661 662 663
f 663 662 664
f 663 664 665
f 614 598 616
f 616 598 600
f 616 600 618
f 618 600 602
f 618 602 620
f 620 602 604
f 620 604 622
f 622 604 606
f 622 606 624
f 624 606 608
f 624 608 626
f 626 608 610
f 626 610 628
f 628 610 612
f 628 612 630
f 650 613 648
f 648 613 615
f 648 615 646
f 646 615 617
f 646 617 644
f 644 617 619
f 644 619 642
f 642 619 621
f 642 621 640
f 640 621 623
f 640 623 638
f 638 623 625
f 638 625 636
f 636 625 627
f 636 627 634
f 634 627 629
f 634 629 632
f 632 629 631
f 633 651 635
f 635 651 653
f 635 653 637
f 637 653 655
f 637 655 639
f 639 655 657
f 639 657 641
f 641 657 659
f 641 659 643
f 643 659 661
f 643 661 645
f 645 661 663
f 645 663 647
f 647 663 665
f 647 665 649
f 631 597 632
f 632 597 572
f 632 572 633
f 633 572 571
f 633 571 651
f 651 571 565
f 651 565 652
f 652 565 567
f 652 567 654
f 654 567 577
f 654 577 656
f 656 577 579
f 656 579 658
f 658 579 576
f 658 576 660
f 660 576 574
f 660 574 662
f 662 574 573
f 662 573 664
f 584 650 585
f 585 650 649
f 585 649 586
f 586 649 665
f 586 665 587
f 587 665 664
f 587 664 588
f 588 664 573
f 588 573 589
f 589 573 575
f 589 575 590
f 590 575 583
f 590 583 591
f 591 583 582
f 591 582 592
f 592 582 581
f 478 479 666
f 666 479 667
f 666 667 668
f 668 667 669
f 668 669 670
f 670 669 671
f 670 671 672
f 672 671 673
f 672 673 674
f 674 673 675
f 674 675 676
f 676 675 677
f 676 677 678
f 678 677 679
f 678 679 680
f 680 679 681
f 680 681 682
f 682 681 683
f 682 683 684
f 684 683 685
f 684 685 686
f 686 685 687
f 686 687 688
f 688 687 689
f 407 478 584
f 584 478 666
f 584 666 650
f 650 666 668
f 650 668 613
f 613 668 670
f 613 670 614
f 614 670 672
f 614 672 598
f 598 672 674
f 598 674 599
f 599 674 676
f 599 676 601
f 601 676 678
f 601 678 603
f 603 678 680
f 603 680 605
f 605 680 682
f 605 682 607
f 607 682 684
f 607 684 609
f 609 684 686
f 609 686 611
f 611 686 688
f 690 691 692
f 693 694 695
f 696 679 677
f 697 685 683
f 687 685 698
f 698 685 697
f 698 697 699
f 700 701 702
f 702 701 500
f 702 500 499
f 508 509 703
f 703 509 511
f 703 511 704
f 704 511 512
f 704 512 705
f 705 512 506
f 705 506 706
f 706 506 504
f 706 504 701
f 701 504 502
f 701 502 500
f 667 479 707
f 707 479 507
f 708 709 710
f 710 709 711
f 710 711 712
f 712 711 713
f 712 713 714
f 714 713 715
f 689 687 716
f 716 687 698
f 716 698 717
f 717 698 699
f 717 699 718
f 718 699 719
f 718 719 720
f 720 719 714
f 720 714 721
f 721 714 715
f 722 723 724
f 724 723 725
f 724 725 726
f 726 725 727
f 726 727 728
f 728 727 681
f 728 681 679
f 729 708 730
f 730 708 710
f 730 710 731
f 731 710 712
f 731 712 732
f 732 712 714
f 732 714 722
f 722 714 719
f 722 719 723
f 723 719 699
f 723 699 725
f 725 699 697
f 725 697 727
f 727 697 683
f 727 683 681
f 733 734 735
f 735 734 736
f 735 736 737
f 737 736 738
f 737 738 739
f 739 738 740
f 739 740 741
f 741 740 696
f 741 696 742
f 742 696 677
f 742 677 743
f 743 677 675
f 743 675 744
f 744 675 673
f 744 673 745
f 745 673 671
f 745 671 746
f 746 671 669
f 746 669 667
f 679 696 728
f 728 696 740
f 728 740 726
f 726 740 738
f 726 738 724
f 724 738 736
f 724 736 722
f 722 736 734
f 722 734 732
f 732 734 733
f 732 733 731
f 731 733 747
f 731 747 730
f 730 747 748
f 730 748 729
f 693 695 749
f 749 695 750
f 749 750 751
f 751 750 752
f 751 752 691
f 753 754 755
f 691 690 751
f 751 690 753
f 751 753 749
f 749 753 755
f 749 755 693
f 754 756 755
f 755 756 757
f 755 757 693
f 693 757 758
f 693 758 694
f 694 758 759
f 756 760 757
f 757 760 761
f 757 761 758
f 758 761 762
f 758 762 759
f 759 762 763
f 759 763 764
f 760 765 761
f 761 765 766
f 761 766 762
f 762 766 767
f 762 767 763
f 763 767 768
f 763 768 764
f 764 768 769
f 770 700 771
f 771 700 702
f 771 702 772
f 772 702 499
f 772 499 523
f 507 508 707
f 707 508 703
f 707 703 769
f 769 703 704
f 769 704 764
f 764 704 705
f 764 705 759
f 759 705 706
f 759 706 694
f 694 706 701
f 694 701 695
f 695 701 700
f 695 700 750
f 750 700 770
f 750 770 752
f 667 707 746
f 746 707 769
f 746 769 745
f 745 769 768
f 745 768 744
f 744 768 767
f 744 767 743
f 743 767 766
f 743 766 742
f 742 766 765
f 742 765 741
f 741 765 760
f 741 760 739
f 739 760 756
f 739 756 737
f 737 756 754
f 737 754 735
f 735 754 753
f 735 753 733
f 733 753 690
f 733 690 747
f 747 690 692
f 747 692 748
f 560 561 773
f 773 561 774
f 773 774 775
f 775 774 776
f 775 776 777
f 777 776 778
f 777 778 779
f 779 778 780
f 779 780 781
f 781 780 782
f 781 782 783
f 783 782 784
f 783 784 785
f 785 784 786
f 785 786 787
f 787 786 788
f 558 560 789
f 789 560 773
f 789 773 790
f 790 773 775
f 790 775 791
f 791 775 777
f 791 777 792
f 792 777 779
f 792 779 793
f 793 779 781
f 793 781 794
f 794 781 783
f 794 783 795
f 795 783 785
f 795 785 796
f 796 785 787
f 548 558 797
f 797 558 789
f 797 789 798
f 798 789 790
f 798 790 799
f 799 790 791
f 799 791 800
f 800 791 792
f 800 792 801
f 801 792 793
f 801 793 802
f 802 793 794
f 802 794 803
f 803 794 795
f 803 795 804
f 804 795 796
f 523 548 772
f 772 548 797
f 772 797 771
f 771 797 798
f 771 798 770
f 770 798 799
f 770 799 752
f 752 799 800
f 752 800 691
f 691 800 801
f 691 801 692
f 692 801 802
f 692 802 748
f 748 802 803
f 748 803 729
f 729 803 804
f 593 594 805
f 593 805 806
f 806 805 807
f 806 807 808
f 808 807 809
f 808 809 810
f 810 809 811
f 810 811 812
f 812 811 813
f 812 813 814
f 814 813 815
f 814 815 816
f 816 815 817
f 816 817 818
f 818 817 819
f 818 819 820
f 612 611 821
f 821 611 822
f 821 822 823
f 823 822 824
f 823 824 825
f 825 824 826
f 825 826 827
f 827 826 828
f 827 828 829
f 829 828 830
f 829 830 831
f 831 830 832
f 831 832 833
f 833 832 834
f 833 834 835
f 835 834 836
f 630 612 837
f 837 612 821
f 837 821 838
f 838 821 823
f 838 823 839
f 839 823 825
f 839 825 840
f 840 825 827
f 840 827 841
f 841 827 829
f 841 829 842
f 842 829 831
f 842 831 843
f 843 831 833
f 843 833 844
f 844 833 835
f 631 630 845
f 845 630 837
f 845 837 846
f 846 837 838
f 846 838 847
f 847 838 839
f 847 839 848
f 848 839 840
f 848 840 849
f 849 840 841
f 849 841 850
f 850 841 842
f 850 842 851
f 851 842 843
f 851 843 852
f 852 843 844
f 597 631 853
f 853 631 845
f 853 845 854
f 854 845 846
f 854 846 855
f 855 846 847
f 855 847 856
f 856 847 848
f 856 848 857
f 857 848 849
f 857 849 858
f 858 849 850
f 858 850 859
f 859 850 851
f 859 851 860
f 860 851 852
f 596 597 861
f 861 597 853
f 861 853 862
f 862 853 854
f 862 854 863
f 863 854 855
f 863 855 864
f 864 855 856
f 864 856 865
f 865 856 857
f 865 857 866
f 866 857 858
f 866 858 867
f 867 858 859
f 867 859 868
f 868 859 860
f 595 596 869
f 869 596 861
f 869 861 870
f 870 861 862
f 870 862 871
f 871 862 863
f 871 863 872
f 872 863 864
f 872 864 873
f 873 864 865
f 873 865 874
f 874 865 866
f 874 866 875
f 875 866 867
f 875 867 876
f 876 867 868
f 594 595 805
f 805 595 869
f 805 869 807
f 807 869 870
f 807 870 809
f 809 870 871
f 809 871 811
f 811 871 872
f 811 872 813
f 813 872 873
f 813 873 815
f 815 873 874
f 815 874 817
f 817 874 875
f 817 875 819
f 819 875 876
f 688 689 877
f 877 689 878
f 877 878 879
f 879 878 880
f 879 880 881
f 881 880 882
f 881 882 883
f 883 882 884
f 883 884 885
f 885 884 886
f 885 886 887
f 887 886 888
f 887 888 889
f 889 888 890
f 889 890 891
f 891 890 892
f 611 688 822
f 822 688 877
f 822 877 824
f 824 877 879
f 824 879 826
f 826 879 881
f 826 881 828
f 828 881 883
f 828 883 830
f 830 883 885
f 830 885 832
f 832 885 887
f 832 887 834
f 834 887 889
f 834 889 836
f 836 889 891
f 893 880 878
f 708 729 894
f 895 884 882
f 896 882 880
f 897 888 886
f 898 886 884
f 899 900 901
f 890 888 902
f 902 888 897
f 902 897 903
f 709 904 905
f 905 904 906
f 717 718 907
f 907 718 720
f 907 720 908
f 908 720 721
f 908 721 909
f 909 721 715
f 909 715 910
f 910 715 713
f 910 713 905
f 905 713 711
f 905 711 709
f 878 689 911
f 911 689 716
f 899 901 912
f 912 901 913
f 912 913 914
f 915 916 917
f 917 916 918
f 917 918 919
f 919 918 920
f 919 920 921
f 921 920 922
f 921 922 923
f 892 890 924
f 924 890 902
f 924 902 915
f 915 902 903
f 915 903 916
f 884 895 898
f 898 895 925
f 898 925 926
f 926 925 927
f 926 927 928
f 928 927 929
f 928 929 930
f 930 929 931
f 930 931 932
f 932 931 933
f 932 933 934
f 886 898 897
f 897 898 926
f 897 926 903
f 903 926 928
f 903 928 916
f 916 928 930
f 916 930 918
f 918 930 932
f 918 932 920
f 920 932 934
f 920 934 922
f 900 899 935
f 935 899 936
f 935 936 937
f 937 936 906
f 937 906 938
f 880 893 896
f 896 893 939
f 896 939 940
f 940 939 941
f 940 941 942
f 942 941 943
f 942 943 944
f 944 943 945
f 944 945 946
f 946 945 947
f 946 947 948
f 882 896 895
f 895 896 940
f 895 940 925
f 925 940 942
f 925 942 927
f 927 942 944
f 927 944 929
f 929 944 946
f 929 946 931
f 931 946 948
f 931 948 933
f 709 708 904
f 904 708 894
f 904 894 906
f 906 894 949
f 906 949 938
f 716 717 911
f 911 717 907
f 911 907 950
f 950 907 908
f 950 908 951
f 951 908 909
f 951 909 952
f 952 909 910
f 952 910 953
f 953 910 905
f 953 905 954
f 954 905 906
f 878 911 893
f 893 911 950
f 893 950 939
f 939 950 951
f 939 951 941
f 941 951 952
f 941 952 943
f 943 952 953
f 943 953 945
f 945 953 954
f 945 954 947
f 947 954 906
f 947 906 948
f 948 906 936
f 948 936 933
f 933 936 899
f 933 899 934
f 934 899 912
f 934 912 922
f 922 912 914
f 922 914 923
f 955 956 957
f 938 949 958
f 901 900 959
f 935 937 960
f 960 937 938
f 961 962 963
f 963 962 964
f 963 964 965
f 965 964 796
f 965 796 787
f 958 949 804
f 804 949 894
f 804 894 729
f 913 901 966
f 966 901 959
f 966 959 967
f 968 969 970
f 961 971 970
f 957 967 972
f 972 967 959
f 972 959 960
f 960 959 900
f 960 900 935
f 938 958 960
f 960 958 973
f 960 973 972
f 972 973 969
f 972 969 957
f 957 969 968
f 957 968 955
f 971 961 974
f 974 961 963
f 974 963 975
f 975 963 965
f 975 965 976
f 976 965 787
f 976 787 788
f 970 969 961
f 961 969 973
f 961 973 962
f 962 973 958
f 962 958 964
f 964 958 804
f 964 804 796
f 835 836 977
f 977 836 978
f 977 978 979
f 979 978 980
f 979 980 981
f 981 980 982
f 981 982 983
f 983 982 984
f 983 984 985
f 985 984 986
f 985 986 987
f 987 986 988
f 987 988 989
f 989 988 990
f 989 990 991
f 991 990 992
f 991 992 993
f 993 992 994
f 993 994 995
f 995 994 996
f 995 996 997
f 997 996 998
f 997 998 999
f 999 998 1000
f 999 1000 1001
f 1001 1000 1002
f 1001 1002 1003
f 1003 1002 1004
f 1003 1004 1005
f 1005 1004 1006
f 1005 1006 1007
f 1007 1006 1008
f 844 835 1009
f 1009 835 977
f 1009 977 1010
f 1010 977 979
f 1010 979 1011
f 1011 979 981
f 1011 981 1012
f 1012 981 983
f 1012 983 1013
f 1013 983 985
f 1013 985 1014
f 1014 985 987
f 1014 987 1015
f 1015 987 989
f 1015 989 1016
f 1016 989 991
f 1016 991 1017
f 1017 991 993
f 1017 993 1018
f 1018 993 995
f 1018 995 1019
f 1019 995 997
f 1019 997 1020
f 1020 997 999
f 1020 999 1021
f 1021 999 1001
f 1021 1001 1022
f 1022 1001 1003
f 1022 1003 1023
f 1023 1003 1005
f 1023 1005 1024
f 1024 1005 1007
f 852 844 1025
f 1025 844 1009
f 1025 1009 1026
f 1026 1009 1010
f 1026 1010 1027
f 1027 1010 1011
f 1027 1011 1028
f 1028 1011 1012
f 1028 1012 1029
f 1029 1012 1013
f 1029 1013 1030
f 1030 1013 1014
f 1030 1014 1031
f 1031 1014 1015
f 1031 1015 1032
f 1032 1015 1016
f 1032 1016 1033
f 1033 1016 1017
f 1033 1017 1034
f 1034 1017 1018
f 1034 1018 1035
f 1035 1018 1019
f 1035 1019 1036
f 1036 1019 1020
f 1036 1020 1037
f 1037 1020 1021
f 1037 1021 1038
f 1038 1021 1022
f 1038 1022 1039
f 1039 1022 1023
f 1039 1023 1040
f 1040 1023 1024
f 860 852 1041
f 1041 852 1025
f 1041 1025 1042
f 1042 1025 1026
f 1042 1026 1043
f 1043 1026 1027
f 1043 1027 1044
f 1044 1027 1028
f 1044 1028 1045
f 1045 1028 1029
f 1045 1029 1046
f 1046 1029 1030
f 1046 1030 1047
f 1047 1030 1031
f 1047 1031 1048
f 1048 1031 1032
f 1048 1032 1049
f 1049 1032 1033
f 1049 1033 1050
f 1050 1033 1034
f 1050 1034 1051
f 1051 1034 1035
f 1051 1035 1052
f 1052 1035 1036
f 1052 1036 1053
f 1053 1036 1037
f 1053 1037 1054
f 1054 1037 1038
f 1054 1038 1055
f 1055 1038 1039
f 1055 1039 1056
f 1056 1039 1040
f 868 860 1057
f 1057 860 1041
f 1057 1041 1058
f 1058 1041 1042
f 1058 1042 1059
f 1059 1042 1043
f 1059 1043 1060
f 1060 1043 1044
f 1060 1044 1061
f 1061 1044 1045
f 1061 1045 1062
f 1062 1045 1046
f 1062 1046 1063
f 1063 1046 1047
f 1063 1047 1064
f 1064 1047 1048
f 1064 1048 1065
f 1065 1048 1049
f 1065 1049 1066
f 1066 1049 1050
f 1066 1050 1067
f 1067 1050 1051
f 1067 1051 1068
f 1068 1051 1052
f 1068 1052 1069
f 1069 1052 1053
f 1069 1053 1070
f 1070 1053 1054
f 1070 1054 1071
f 1071 1054 1055
f 1071 1055 1072
f 1072 1055 1056
f 876 868 1073
f 1073 868 1057
f 1073 1057 1074
f 1074 1057 1058
f 1074 1058 1075
f 1075 1058 1059
f 1075 1059 1076
f 1076 1059 1060
f 1076 1060 1077
f 1077 1060 1061
f 1077 1061 1078
f 1078 1061 1062
f 1078 1062 1079
f 1079 1062 1063
f 1079 1063 1080
f 1080 1063 1064
f 1080 1064 1081
f 1081 1064 1065
f 1081 1065 1082
f 1082 1065 1066
f 1082 1066 1083
f 1083 1066 1067
f 1083 1067 1084
f 1084 1067 1068
f 1084 1068 1085
f 1085 1068 1069
f 1085 1069 1086
f 1086 1069 1070
f 1086 1070 1087
f 1087 1070 1071
f 1087 1071 1088
f 1088 1071 1072
f 819 876 1089
f 1089 876 1073
f 1089 1073 1090
f 1090 1073 1074
f 1090 1074 1091
f 1091 1074 1075
f 1091 1075 1092
f 1092 1075 1076
f 1092 1076 1093
f 1093 1076 1077
f 1093 1077 1094
f 1094 1077 1078
f 1094 1078 1095
f 1095 1078 1079
f 1095 1079 1096
f 1096 1079 1080
f 1096 1080 1097
f 1097 1080 1081
f 1097 1081 1098
f 1098 1081 1082
f 1098 1082 1099
f 1099 1082 1083
f 1099 1083 1100
f 1100 1083 1084
f 1100 1084 1101
f 1101 1084 1085
f 1101 1085 1102
f 1102 1085 1086
f 1102 1086 1103
f 1103 1086 1087
f 1103 1087 1104
f 1104 1087 1088
f 820 819 1105
f 1105 819 1089
f 1105 1089 1106
f 1106 1089 1090
f 1106 1090 1107
f 1107 1090 1091
f 1107 1091 1108
f 1108 1091 1092
f 1108 1092 1109
f 1109 1092 1093
f 1109 1093 1110
f 1110 1093 1094
f 1110 1094 1111
f 1111 1094 1095
f 1111 1095 1112
f 1112 1095 1096
f 1112 1096 1113
f 1113 1096 1097
f 1113 1097 1114
f 1114 1097 1098
f 1114 1098 1115
f 1115 1098 1099
f 1115 1099 1116
f 1116 1099 1100
f 1116 1100 1117
f 1117 1100 1101
f 1117 1101 1118
f 1118 1101 1102
f 1118 1102 1119
f 1119 1102 1103
f 1119 1103 1120
f 1120 1103 1104
f 836 891 1121
f 836 1121 978
f 978 1121 1122
f 978 1122 980
f 980 1122 1123
f 980 1123 982
f 982 1123 1124
f 982 1124 984
f 984 1124 1125
f 984 1125 986
f 986 1125 1126
f 986 1126 988
f 988 1126 1127
f 988 1127 990
f 990 1127 1128
f 990 1128 992
f 992 1128 1129
f 992 1129 994
f 994 1129 1130
f 994 1130 996
f 996 1130 1131
f 996 1131 998
f 998 1131 1132
f 998 1132 1000
f 1000 1132 1133
f 1000 1133 1002
f 1002 1133 1134
f 1002 1134 1004
f 1004 1134 1135
f 1004 1135 1006
f 1006 1135 1136
f 1006 1136 1008
f 891 892 1121
f 1121 892 1137
f 1121 1137 1122
f 1122 1137 1138
f 1122 1138 1123
f 1123 1138 1139
f 1123 1139 1124
f 1124 1139 1140
f 1124 1140 1125
f 1125 1140 1141
f 1125 1141 1126
f 1126 1141 1142
f 1126 1142 1127
f 1127 1142 1143
f 1127 1143 1128
f 1128 1143 1144
f 1128 1144 1129
f 1129 1144 1145
f 1129 1145 1130
f 1130 1145 1146
f 1130 1146 1131
f 1131 1146 1147
f 1131 1147 1132
f 1132 1147 1148
f 1132 1148 1133
f 1133 1148 1149
f 1133 1149 1134
f 1134 1149 1150
f 1134 1150 1135
f 1135 1150 1151
f 1135 1151 1136
f 1136 1151 1152
f 892 924 1153
f 892 1153 1137
f 1137 1153 1154
f 1137 1154 1138
f 1138 1154 1155
f 1138 1155 1139
f 1139 1155 1156
f 1139 1156 1140
f 1140 1156 1157
f 1140 1157 1141
f 1141 1157 1158
f 1141 1158 1142
f 1142 1158 1159
f 1142 1159 1143
f 1143 1159 1160
f 1143 1160 1144
f 1144 1160 1161
f 1144 1161 1145
f 1145 1161 1162
f 1145 1162 1146
f 1146 1162 1163
f 1146 1163 1147
f 1147 1163 1164
f 1147 1164 1148
f 1148 1164 1165
f 1148 1165 1149
f 1149 1165 1166
f 1149 1166 1150
f 1150 1166 1167
f 1150 1167 1151
f 1151 1167 1168
f 1151 1168 1152
f 914 913 1169
f 1169 913 1170
f 1169 1170 1171
f 1171 1170 1172
f 1171 1172 1173
f 1173 1172 1174
f 1173 1174 1175
f 1175 1174 1176
f 1175 1176 1177
f 1177 1176 1178
f 1177 1178 1179
f 1179 1178 1180
f 1179 1180 1181
f 1181 1180 1182
f 1181 1182 1183
f 1183 1182 1184
f 1183 1184 1185
f 1185 1184 1186
f 1185 1186 1187
f 1187 1186 1188
f 1187 1188 1189
f 1189 1188 1190
f 1189 1190 1191
f 1191 1190 1192
f 1191 1192 1193
f 1193 1192 1194
f 1193 1194 1195
f 1195 1194 1196
f 1195 1196 1197
f 1197 1196 1198
f 1197 1198 1199
f 1199 1198 1200
f 923 914 1201
f 1201 914 1169
f 1201 1169 1202
f 1202 1169 1171
f 1202 1171 1203
f 1203 1171 1173
f 1203 1173 1204
f 1204 1173 1175
f 1204 1175 1205
f 1205 1175 1177
f 1205 1177 1206
f 1206 1177 1179
f 1206 1179 1207
f 1207 1179 1181
f 1207 1181 1208
f 1208 1181 1183
f 1208 1183 1209
f 1209 1183 1185
f 1209 1185 1210
f 1210 1185 1187
f 1210 1187 1211
f 1211 1187 1189
f 1211 1189 1212
f 1212 1189 1191
f 1212 1191 1213
f 1213 1191 1193
f 1213 1193 1214
f 1214 1193 1195
f 1214 1195 1215
f 1215 1195 1197
f 1215 1197 1216
f 1216 1197 1199
f 921 923 1217
f 1217 923 1201
f 1217 1201 1218
f 1218 1201 1202
f 1218 1202 1219
f 1219 1202 1203
f 1219 1203 1220
f 1220 1203 1204
f 1220 1204 1221
f 1221 1204 1205
f 1221 1205 1222
f 1222 1205 1206
f 1222 1206 1223
f 1223 1206 1207
f 1223 1207 1224
f 1224 1207 1208
f 1224 1208 1225
f 1225 1208 1209
f 1225 1209 1226
f 1226 1209 1210
f 1226 1210 1227
f 1227 1210 1211
f 1227 1211 1228
f 1228 1211 1212
f 1228 1212 1229
f 1229 1212 1213
f 1229 1213 1230
f 1230 1213 1214
f 1230 1214 1231
f 1231 1214 1215
f 1231 1215 1232
f 1232 1215 1216
f 919 921 1233
f 1233 921 1217
f 1233 1217 1234
f 1234 1217 1218
f 1234 1218 1235
f 1235 1218 1219
f 1235 1219 1236
f 1236 1219 1220
f 1236 1220 1237
f 1237 1220 1221
f 1237 1221 1238
f 1238 1221 1222
f 1238 1222 1239
f 1239 1222 1223
f 1239 1223 1240
f 1240 1223 1224
f 1240 1224 1241
f 1241 1224 1225
f 1241 1225 1242
f 1242 1225 1226
f 1242 1226 1243
f 1243 1226 1227
f 1243 1227 1244
f 1244 1227 1228
f 1244 1228 1245
f 1245 1228 1229
f 1245 1229 1246
f 1246 1229 1230
f 1246 1230 1247
f 1247 1230 1231
f 1247 1231 1248
f 1248 1231 1232
f 917 919 1249
f 1249 919 1233
f 1249 1233 1250
f 1250 1233 1234
f 1250 1234 1251
f 1251 1234 1235
f 1251 1235 1252
f 1252 1235 1236
f 1252 1236 1253
f 1253 1236 1237
f 1253 1237 1254
f 1254 1237 1238
f 1254 1238 1255
f 1255 1238 1239
f 1255 1239 1256
f 1256 1239 1240
f 1256 1240 1257
f 1257 1240 1241
f 1257 1241 1258
f 1258 1241 1242
f 1258 1242 1259
f 1259 1242 1243
f 1259 1243 1260
f 1260 1243 1244
f 1260 1244 1261
f 1261 1244 1245
f 1261 1245 1262
f 1262 1245 1246
f 1262 1246 1263
f 1263 1246 1247
f 1263 1247 1264
f 1264 1247 1248
f 915 917 1265
f 1265 917 1249
f 1265 1249 1266
f 1266 1249 1250
f 1266 1250 1267
f 1267 1250 1251
f 1267 1251 1268
f 1268 1251 1252
f 1268 1252 1269
f 1269 1252 1253
f 1269 1253 1270
f 1270 1253 1254
f 1270 1254 1271
f 1271 1254 1255
f 1271 1255 1272
f 1272 1255 1256
f 1272 1256 1273
f 1273 1256 1257
f 1273 1257 1274
f 1274 1257 1258
f 1274 1258 1275
f 1275 1258 1259
f 1275 1259 1276
f 1276 1259 1260
f 1276 1260 1277
f 1277 1260 1261
f 1277 1261 1278
f 1278 1261 1262
f 1278 1262 1279
f 1279 1262 1263
f 1279 1263 1280
f 1280 1263 1264
f 924 915 1153
f 1153 915 1265
f 1153 1265 1154
f 1154 1265 1266
f 1154 1266 1155
f 1155 1266 1267
f 1155 1267 1156
f 1156 1267 1268
f 1156 1268 1157
f 1157 1268 1269
f 1157 1269 1158
f 1158 1269 1270
f 1158 1270 1159
f 1159 1270 1271
f 1159 1271 1160
f 1160 1271 1272
f 1160 1272 1161
f 1161 1272 1273
f 1161 1273 1162
f 1162 1273 1274
f 1162 1274 1163
f 1163 1274 1275
f 1163 1275 1164
f 1164 1275 1276
f 1164 1276 1165
f 1165 1276 1277
f 1165 1277 1166
f 1166 1277 1278
f 1166 1278 1167
f 1167 1278 1279
f 1167 1279 1168
f 1168 1279 1280
f 957 956 1281
f 1281 956 1282
f 1281 1282 1283
f 1283 1282 1284
f 1283 1284 1285
f 1285 1284 1286
f 1285 1286 1287
f 1287 1286 1288
f 1287 1288 1289
f 1289 1288 1290
f 1289 1290 1291
f 1291 1290 1292
f 1291 1292 1293
f 1293 1292 1294
f 1293 1294 1295
f 1295 1294 1296
f 1295 1296 1297
f 1297 1296 1298
f 1297 1298 1299
f 1299 1298 1300
f 1299 1300 1301
f 1301 1300 1302
f 1301 1302 1303
f 1303 1302 1304
f 1303 1304 1305
f 1305 1304 1306
f 1305 1306 1307
f 1307 1306 1308
f 1307 1308 1309
f 1309 1308 1310
f 1309 1310 1311
f 1311 1310 1312
f 967 957 1313
f 1313 957 1281
f 1313 1281 1314
f 1314 1281 1283
f 1314 1283 1315
f 1315 1283 1285
f 1315 1285 1316
f 1316 1285 1287
f 1316 1287 1317
f 1317 1287 1289
f 1317 1289 1318
f 1318 1289 1291
f 1318 1291 1319
f 1319 1291 1293
f 1319 1293 1320
f 1320 1293 1295
f 1320 1295 1321
f 1321 1295 1297
f 1321 1297 1322
f 1322 1297 1299
f 1322 1299 1323
f 1323 1299 1301
f 1323 1301 1324
f 1324 1301 1303
f 1324 1303 1325
f 1325 1303 1305
f 1325 1305 1326
f 1326 1305 1307
f 1326 1307 1327
f 1327 1307 1309
f 1327 1309 1328
f 1328 1309 1311
f 966 967 1329
f 1329 967 1313
f 1329 1313 1330
f 1330 1313 1314
f 1330 1314 1331
f 1331 1314 1315
f 1331 1315 1332
f 1332 1315 1316
f 1332 1316 1333
f 1333 1316 1317
f 1333 1317 1334
f 1334 1317 1318
f 1334 1318 1335
f 1335 1318 1319
f 1335 1319 1336
f 1336 1319 1320
f 1336 1320 1337
f 1337 1320 1321
f 1337 1321 1338
f 1338 1321 1322
f 1338 1322 1339
f 1339 1322 1323
f 1339 1323 1340
f 1340 1323 1324
f 1340 1324 1341
f 1341 1324 1325
f 1341 1325 1342
f 1342 1325 1326
f 1342 1326 1343
f 1343 1326 1327
f 1343 1327 1344
f 1344 1327 1328
f 913 966 1170
f 1170 966 1329
f 1170 1329 1172
f 1172 1329 1330
f 1172 1330 1174
f 1174 1330 1331
f 1174 1331 1176
f 1176 1331 1332
f 1176 1332 1178
f 1178 1332 1333
f 1178 1333 1180
f 1180 1333 1334
f 1180 1334 1182
f 1182 1334 1335
f 1182 1335 1184
f 1184 1335 1336
f 1184 1336 1186
f 1186 1336 1337
f 1186 1337 1188
f 1188 1337 1338
f 1188 1338 1190
f 1190 1338 1339
f 1190 1339 1192
f 1192 1339 1340
f 1192 1340 1194
f 1194 1340 1341
f 1194 1341 1196
f 1196 1341 1342
f 1196 1342 1198
f 1198 1342 1343
f 1198 1343 1200
f 1200 1343 1344
f 1007 1008 1345
f 1345 1008 1346
f 1345 1346 1347
f 1347 1346 1348
f 1347 1348 1349
f 1349 1348 1350
f 1349 1350 1351
f 1351 1350 1352
f 1351 1352 1353
f 1353 1352 1354
f 1353 1354 1355
f 1355 1354 1356
f 1355 1356 1357
f 1357 1356 1358
f 1357 1358 1359
f 1359 1358 1360
f 1024 1007 1361
f 1361 1007 1345
f 1361 1345 1362
f 1362 1345 1347
f 1362 1347 1363
f 1363 1347 1349
f 1363 1349 1364
f 1364 1349 1351
f 1364 1351 1365
f 1365 1351 1353
f 1365 1353 1366
f 1366 1353 1355
f 1366 1355 1367
f 1367 1355 1357
f 1367 1357 1368
f 1368 1357 1359
f 1040 1024 1369
f 1369 1024 1361
f 1369 1361 1370
f 1370 1361 1362
f 1370 1362 1371
f 1371 1362 1363
f 1371 1363 1372
f 1372 1363 1364
f 1372 1364 1373
f 1373 1364 1365
f 1373 1365 1374
f 1374 1365 1366
f 1374 1366 1375
f 1375 1366 1367
f 1375 1367 1376
f 1376 1367 1368
f 1056 1040 1377
f 1377 1040 1369
f 1377 1369 1378
f 1378 1369 1370
f 1378 1370 1379
f 1379 1370 1371
f 1379 1371 1380
f 1380 1371 1372
f 1380 1372 1381
f 1381 1372 1373
f 1381 1373 1382
f 1382 1373 1374
f 1382 1374 1383
f 1383 1374 1375
f 1383 1375 1384
f 1384 1375 1376
f 1072 1056 1385
f 1385 1056 1377
f 1385 1377 1386
f 1386 1377 1378
f 1386 1378 1387
f 1387 1378 1379
f 1387 1379 1388
f 1388 1379 1380
f 1388 1380 1389
f 1389 1380 1381
f 1389 1381 1390
f 1390 1381 1382
f 1390 1382 1391
f 1391 1382 1383
f 1391 1383 1392
f 1392 1383 1384
f 1088 1072 1393
f 1393 1072 1385
f 1393 1385 1394
f 1394 1385 1386
f 1394 1386 1395
f 1395 1386 1387
f 1395 1387 1396
f 1396 1387 1388
f 1396 1388 1397
f 1397 1388 1389
f 1397 1389 1398
f 1398 1389 1390
f 1398 1390 1399
f 1399 1390 1391
f 1399 1391 1400
f 1400 1391 1392
f 1104 1088 1401
f 1401 1088 1393
f 1401 1393 1402
f 1402 1393 1394
f 1402 1394 1403
f 1403 1394 1395
f 1403 1395 1404
f 1404 1395 1396
f 1404 1396 1405
f 1405 1396 1397
f 1405 1397 1406
f 1406 1397 1398
f 1406 1398 1407
f 1407 1398 1399
f 1407 1399 1408
f 1408 1399 1400
f 1120 1104 1409
f 1409 1104 1401
f 1409 1401 1410
f 1410 1401 1402
f 1410 1402 1411
f 1411 1402 1403
f 1411 1403 1412
f 1412 1403 1404
f 1412 1404 1413
f 1413 1404 1405
f 1413 1405 1414
f 1414 1405 1406
f 1414 1406 1415
f 1415 1406 1407
f 1415 1407 1416
f 1416 1407 1408
f 1136 1152 1417
f 1417 1152 1418
f 1417 1418 1419
f 1419 1418 1420
f 1419 1420 1421
f 1421 1420 1422
f 1421 1422 1423
f 1423 1422 1424
f 1423 1424 1425
f 1425 1424 1426
f 1425 1426 1427
f 1427 1426 1428
f 1427 1428 1429
f 1429 1428 1430
f 1429 1430 1431
f 1431 1430 1432
f 1008 1136 1346
f 1346 1136 1417
f 1346 1417 1348
f 1348 1417 1419
f 1348 1419 1350
f 1350 1419 1421
f 1350 1421 1352
f 1352 1421 1423
f 1352 1423 1354
f 1354 1423 1425
f 1354 1425 1356
f 1356 1425 1427
f 1356 1427 1358
f 1358 1427 1429
f 1358 1429 1360
f 1360 1429 1431
f 1199 1200 1433
f 1434 1435 1436
f 1437 1420 1418
f 1438 1418 1152
f 1439 1422 1420
f 1440 1428 1426
f 1441 1426 1424
f 1432 1430 1442
f 1442 1430 1443
f 1430 1428 1443
f 1443 1428 1440
f 1443 1440 1444
f 1199 1445 1216
f 1216 1445 1446
f 1216 1446 1232
f 1232 1446 1447
f 1232 1447 1248
f 1248 1447 1448
f 1248 1448 1264
f 1264 1448 1449
f 1264 1449 1280
f 1280 1449 1168
f 1450 1451 1452
f 1453 1454 1455
f 1455 1454 1456
f 1455 1456 1457
f 1457 1456 1458
f 1457 1458 1459
f 1459 1458 1460
f 1460 1461 1459
f 1459 1461 1462
f 1459 1462 1463
f 1462 1464 1463
f 1463 1464 1465
f 1463 1465 1444
f 1444 1465 1466
f 1444 1466 1443
f 1443 1466 1467
f 1443 1467 1442
f 1468 1469 1470
f 1470 1469 1471
f 1470 1471 1472
f 1472 1471 1473
f 1472 1473 1474
f 1474 1473 1475
f 1474 1475 1476
f 1476 1475 1441
f 1476 1441 1477
f 1477 1441 1424
f 1477 1424 1422
f 1426 1441 1440
f 1440 1441 1475
f 1440 1475 1444
f 1444 1475 1473
f 1444 1473 1463
f 1463 1473 1471
f 1463 1471 1459
f 1459 1471 1469
f 1459 1469 1457
f 1457 1469 1468
f 1457 1468 1455
f 1455 1468 1450
f 1455 1450 1453
f 1453 1450 1452
f 1453 1452 1478
f 1435 1434 1479
f 1479 1434 1480
f 1479 1480 1433
f 1420 1437 1439
f 1439 1437 1481
f 1439 1481 1482
f 1482 1481 1483
f 1482 1483 1484
f 1484 1483 1485
f 1484 1485 1486
f 1486 1485 1487
f 1486 1487 1488
f 1488 1487 1489
f 1488 1489 1490
f 1422 1439 1477
f 1477 1439 1482
f 1477 1482 1476
f 1476 1482 1484
f 1476 1484 1474
f 1474 1484 1486
f 1474 1486 1472
f 1472 1486 1488
f 1472 1488 1470
f 1470 1488 1490
f 1470 1490 1468
f 1468 1490 1491
f 1468 1491 1450
f 1450 1491 1492
f 1450 1492 1451
f 1152 1168 1438
f 1438 1168 1449
f 1438 1449 1493
f 1493 1449 1448
f 1493 1448 1494
f 1494 1448 1447
f 1494 1447 1495
f 1495 1447 1446
f 1495 1446 1496
f 1496 1446 1445
f 1496 1445 1497
f 1497 1445 1199
f 1497 1199 1480
f 1480 1199 1433
f 1418 1438 1437
f 1437 1438 1493
f 1437 1493 1481
f 1481 1493 1494
f 1481 1494 1483
f 1483 1494 1495
f 1483 1495 1485
f 1485 1495 1496
f 1485 1496 1487
f 1487 1496 1497
f 1487 1497 1489
f 1489 1497 1480
f 1489 1480 1490
f 1490 1480 1434
f 1490 1434 1491
f 1491 1434 1436
f 1491 1436 1492
f 1498 1499 1500
f 1500 1499 1501
f 1500 1501 1502
f 1503 1478 1452
f 1504 1505 1506
f 1451 1492 1505
f 1505 1492 1436
f 1505 1436 1506
f 1506 1436 1435
f 1506 1435 1479
f 1507 1508 1509
f 1509 1508 1510
f 1509 1510 1511
f 1511 1510 1328
f 1511 1328 1311
f 1200 1344 1433
f 1433 1344 1512
f 1433 1512 1479
f 1504 1513 1505
f 1505 1513 1503
f 1505 1503 1451
f 1451 1503 1452
f 1479 1512 1506
f 1506 1512 1514
f 1506 1514 1504
f 1504 1514 1501
f 1504 1501 1513
f 1513 1501 1499
f 1513 1499 1515
f 1515 1499 1498
f 1515 1498 1516
f 1502 1507 1517
f 1517 1507 1509
f 1517 1509 1518
f 1518 1509 1511
f 1518 1511 1519
f 1519 1511 1311
f 1519 1311 1312
f 1502 1501 1507
f 1507 1501 1514
f 1507 1514 1508
f 1508 1514 1512
f 1508 1512 1510
f 1510 1512 1344
f 1510 1344 1328
f 1520 1521 1522
f 1522 1521 1523
f 1522 1523 1524
f 1525 1526 1527
f 1528 1526 1529
f 1529 1526 1525
f 1529 1525 1530
f 1530 1525 1531
f 1530 1531 1532
f 1533 1534 1535
f 1535 1534 1524
f 1521 1536 1523
f 1523 1536 1537
f 1523 1537 1524
f 1524 1537 1538
f 1524 1538 1535
f 1360 1539 1359
f 1359 1539 1540
f 1359 1540 1368
f 1368 1540 1541
f 1368 1541 1376
f 1376 1541 1542
f 1376 1542 1384
f 1384 1542 1543
f 1384 1543 1392
f 1392 1543 1544
f 1392 1544 1400
f 1400 1544 1545
f 1400 1545 1408
f 1408 1545 1546
f 1408 1546 1416
f 1416 1546 1547
f 1548 1528 1549
f 1549 1528 1529
f 1549 1529 1550
f 1550 1529 1530
f 1550 1530 1551
f 1551 1530 1532
f 1551 1532 1552
f 1553 1554 1555
f 1555 1554 1556
f 1555 1556 1557
f 1557 1556 1558
f 1557 1558 1559
f 1559 1558 1560
f 1559 1560 1561
f 1561 1560 1562
f 1561 1562 1563
f 1563 1562 1564
f 1563 1564 1565
f 1565 1564 1566
f 1565 1566 1567
f 1568 1569 1570
f 1570 1569 1571
f 1570 1571 1572
f 1572 1571 1573
f 1572 1573 1574
f 1574 1573 1575
f 1574 1575 1576
f 1576 1575 1577
f 1576 1577 1578
f 1578 1577 1579
f 1578 1579 1580
f 1580 1579 1581
f 1580 1581 1582
f 1582 1581 1583
f 1582 1583 1584
f 1584 1583 1585
f 1584 1585 1586
f 1587 1588 1589
f 1589 1588 1590
f 1589 1590 1591
f 1591 1590 1592
f 1591 1592 1593
f 1593 1592 1594
f 1593 1594 1595
f 1595 1594 1596
f 1595 1596 1597
f 1597 1596 1598
f 1597 1598 1599
f 1599 1598 1600
f 1599 1600 1601
f 1601 1600 1602
f 1601 1602 1603
f 1603 1602 1604
f 1603 1604 1605
f 1606 1607 1608
f 1608 1607 1609
f 1608 1609 1610
f 1610 1609 1611
f 1610 1611 1612
f 1612 1611 1613
f 1612 1613 1614
f 1614 1613 1615
f 1614 1615 1616
f 1616 1615 1617
f 1616 1617 1618
f 1618 1617 1619
f 1618 1619 1620
f 1569 1553 1571
f 1571 1553 1555
f 1571 1555 1573
f 1573 1555 1557
f 1573 1557 1575
f 1575 1557 1559
f 1575 1559 1577
f 1577 1559 1561
f 1577 1561 1579
f 1579 1561 1563
f 1579 1563 1581
f 1581 1563 1565
f 1581 1565 1583
f 1583 1565 1567
f 1583 1567 1585
f 1605 1568 1603
f 1603 1568 1570
f 1603 1570 1601
f 1601 1570 1572
f 1601 1572 1599
f 1599 1572 1574
f 1599 1574 1597
f 1597 1574 1576
f 1597 1576 1595
f 1595 1576 1578
f 1595 1578 1593
f 1593 1578 1580
f 1593 1580 1591
f 1591 1580 1582
f 1591 1582 1589
f 1589 1582 1584
f 1589 1584 1587
f 1587 1584 1586
f 1588 1606 1590
f 1590 1606 1608
f 1590 1608 1592
f 1592 1608 1610
f 1592 1610 1594
f 1594 1610 1612
f 1594 1612 1596
f 1596 1612 1614
f 1596 1614 1598
f 1598 1614 1616
f 1598 1616 1600
f 1600 1616 1618
f 1600 1618 1602
f 1602 1618 1620
f 1602 1620 1604
f 1586 1552 1587
f 1587 1552 1532
f 1587 1532 1588
f 1588 1532 1531
f 1588 1531 1606
f 1606 1531 1525
f 1606 1525 1607
f 1607 1525 1527
f 1607 1527 1609
f 1609 1527 1520
f 1609 1520 1611
f 1611 1520 1522
f 1611 1522 1613
f 1613 1522 1524
f 1613 1524 1615
f 1615 1524 1534
f 1615 1534 1617
f 1617 1534 1533
f 1617 1533 1619
f 1539 1605 1540
f 1540 1605 1604
f 1540 1604 1541
f 1541 1604 1620
f 1541 1620 1542
f 1542 1620 1619
f 1542 1619 1543
f 1543 1619 1533
f 1543 1533 1544
f 1544 1533 1535
f 1544 1535 1545
f 1545 1535 1538
f 1545 1538 1546
f 1546 1538 1537
f 1546 1537 1547
f 1547 1537 1536
f 1431 1432 1621
f 1621 1432 1622
f 1621 1622 1623
f 1623 1622 1624
f 1623 1624 1625
f 1625 1624 1626
f 1625 1626 1627
f 1627 1626 1628
f 1627 1628 1629
f 1629 1628 1630
f 1629 1630 1631
f 1631 1630 1632
f 1631 1632 1633
f 1633 1632 1634
f 1633 1634 1635
f 1635 1634 1636
f 1635 1636 1637
f 1637 1636 1638
f 1637 1638 1639
f 1639 1638 1640
f 1639 1640 1641
f 1641 1640 1642
f 1641 1642 1643
f 1643 1642 1644
f 1360 1431 1539
f 1539 1431 1621
f 1539 1621 1605
f 1605 1621 1623
f 1605 1623 1568
f 1568 1623 1625
f 1568 1625 1569
f 1569 1625 1627
f 1569 1627 1553
f 1553 1627 1629
f 1553 1629 1554
f 1554 1629 1631
f 1554 1631 1556
f 1556 1631 1633
f 1556 1633 1558
f 1558 1633 1635
f 1558 1635 1560
f 1560 1635 1637
f 1560 1637 1562
f 1562 1637 1639
f 1562 1639 1564
f 1564 1639 1641
f 1564 1641 1566
f 1566 1641 1643
f 1645 1646 1647
f 1648 1649 1650
f 1651 1652 1653
f 1466 1465 1654
f 1456 1454 1655
f 1656 1657 1658
f 1659 1660 1661
f 1622 1662 1663
f 1622 1663 1624
f 1624 1663 1664
f 1624 1664 1626
f 1626 1664 1665
f 1626 1665 1628
f 1628 1665 1666
f 1628 1666 1630
f 1630 1666 1667
f 1630 1667 1632
f 1632 1667 1668
f 1632 1668 1634
f 1634 1668 1669
f 1634 1669 1636
f 1636 1669 1670
f 1636 1670 1638
f 1638 1670 1671
f 1638 1671 1640
f 1640 1671 1650
f 1640 1650 1642
f 1642 1650 1649
f 1642 1649 1644
f 1647 1672 1659
f 1659 1672 1673
f 1659 1673 1660
f 1660 1673 1674
f 1675 1658 1676
f 1676 1658 1657
f 1676 1657 1677
f 1678 1655 1679
f 1679 1655 1454
f 1679 1454 1453
f 1456 1655 1458
f 1458 1655 1680
f 1458 1680 1460
f 1460 1680 1681
f 1460 1681 1461
f 1461 1681 1462
f 1462 1681 1682
f 1462 1682 1464
f 1622 1432 1662
f 1662 1432 1442
f 1662 1442 1467
f 1672 1683 1673
f 1673 1683 1684
f 1673 1684 1674
f 1674 1684 1685
f 1674 1685 1686
f 1651 1653 1687
f 1652 1688 1653
f 1653 1688 1689
f 1653 1689 1690
f 1691 1646 1692
f 1692 1646 1645
f 1692 1645 1693
f 1686 1694 1674
f 1674 1694 1695
f 1674 1695 1660
f 1660 1695 1696
f 1660 1696 1661
f 1661 1696 1697
f 1661 1697 1698
f 1647 1659 1645
f 1645 1659 1661
f 1645 1661 1693
f 1693 1661 1698
f 1693 1698 1699
f 1699 1677 1693
f 1693 1677 1657
f 1693 1657 1692
f 1692 1657 1656
f 1692 1656 1691
f 1691 1656 1700
f 1694 1687 1695
f 1695 1687 1653
f 1695 1653 1696
f 1696 1653 1690
f 1696 1690 1697
f 1697 1690 1701
f 1697 1701 1698
f 1698 1701 1702
f 1698 1702 1699
f 1699 1702 1703
f 1699 1703 1677
f 1677 1703 1704
f 1677 1704 1676
f 1676 1704 1705
f 1676 1705 1675
f 1675 1705 1706
f 1689 1707 1690
f 1690 1707 1708
f 1690 1708 1701
f 1701 1708 1709
f 1701 1709 1702
f 1702 1709 1710
f 1702 1710 1703
f 1703 1710 1711
f 1703 1711 1704
f 1704 1711 1712
f 1704 1712 1705
f 1705 1712 1713
f 1705 1713 1706
f 1706 1713 1714
f 1706 1714 1715
f 1700 1678 1716
f 1716 1678 1679
f 1716 1679 1717
f 1717 1679 1453
f 1717 1453 1478
f 1700 1656 1678
f 1678 1656 1658
f 1678 1658 1655
f 1655 1658 1675
f 1655 1675 1680
f 1680 1675 1706
f 1680 1706 1681
f 1681 1706 1715
f 1681 1715 1682
f 1688 1718 1689
f 1689 1718 1719
f 1689 1719 1707
f 1707 1719 1720
f 1707 1720 1708
f 1708 1720 1721
f 1708 1721 1709
f 1709 1721 1722
f 1709 1722 1710
f 1710 1722 1723
f 1710 1723 1711
f 1711 1723 1724
f 1711 1724 1712
f 1712 1724 1725
f 1712 1725 1713
f 1713 1725 1726
f 1713 1726 1714
f 1714 1726 1727
f 1714 1727 1715
f 1715 1727 1728
f 1715 1728 1682
f 1682 1728 1654
f 1682 1654 1464
f 1464 1654 1465
f 1718 1648 1719
f 1719 1648 1650
f 1719 1650 1720
f 1720 1650 1671
f 1720 1671 1721
f 1721 1671 1670
f 1721 1670 1722
f 1722 1670 1669
f 1722 1669 1723
f 1723 1669 1668
f 1723 1668 1724
f 1724 1668 1667
f 1724 1667 1725
f 1725 1667 1666
f 1725 1666 1726
f 1726 1666 1665
f 1726 1665 1727
f 1727 1665 1664
f 1727 1664 1728
f 1728 1664 1663
f 1728 1663 1654
f 1654 1663 1662
f 1654 1662 1466
f 1466 1662 1467
f 1515 1516 1729
f 1729 1516 1730
f 1729 1730 1731
f 1731 1730 1732
f 1731 1732 1733
f 1733 1732 1734
f 1733 1734 1735
f 1735 1734 1736
f 1735 1736 1737
f 1737 1736 1738
f 1737 1738 1739
f 1739 1738 1740
f 1739 1740 1741
f 1741 1740 1742
f 1741 1742 1743
f 1743 1742 1744
f 1513 1515 1745
f 1745 1515 1729
f 1745 1729 1746
f 1746 1729 1731
f 1746 1731 1747
f 1747 1731 1733
f 1747 1733 1748
f 1748 1733 1735
f 1748 1735 1749
f 1749 1735 1737
f 1749 1737 1750
f 1750 1737 1739
f 1750 1739 1751
f 1751 1739 1741
f 1751 1741 1752
f 1752 1741 1743
f 1503 1513 1753
f 1753 1513 1745
f 1753 1745 1754
f 1754 1745 1746
f 1754 1746 1755
f 1755 1746 1747
f 1755 1747 1756
f 1756 1747 1748
f 1756 1748 1757
f 1757 1748 1749
f 1757 1749 1758
f 1758 1749 1750
f 1758 1750 1759
f 1759 1750 1751
f 1759 1751 1760
f 1760 1751 1752
f 1478 1503 1717
f 1717 1503 1753
f 1717 1753 1716
f 1716 1753 1754
f 1716 1754 1700
f 1700 1754 1755
f 1700 1755 1691
f 1691 1755 1756
f 1691 1756 1646
f 1646 1756 1757
f 1646 1757 1647
f 1647 1757 1758
f 1647 1758 1672
f 1672 1758 1759
f 1672 1759 1683
f 1683 1759 1760
f 1567 1566 1761
f 1761 1566 1762
f 1761 1762 1763
f 1763 1762 1764
f 1763 1764 1765
f 1765 1764 1766
f 1765 1766 1767
f 1767 1766 1768
f 1767 1768 1769
f 1769 1768 1770
f 1769 1770 1771
f 1771 1770 1772
f 1771 1772 1773
f 1773 1772 1774
f 1773 1774 1
f 1 1774 2
f 1585 1567 1775
f 1775 1567 1761
f 1775 1761 1776
f 1776 1761 1763
f 1776 1763 1777
f 1777 1763 1765
f 1777 1765 1778
f 1778 1765 1767
f 1778 1767 1779
f 1779 1767 1769
f 1779 1769 1780
f 1780 1769 1771
f 1780 1771 1781
f 1781 1771 1773
f 1781 1773 35
f 35 1773 1
f 1586 1585 1782
f 1782 1585 1775
f 1782 1775 1783
f 1783 1775 1776
f 1783 1776 1784
f 1784 1776 1777
f 1784 1777 1785
f 1785 1777 1778
f 1785 1778 1786
f 1786 1778 1779
f 1786 1779 1787
f 1787 1779 1780
f 1787 1780 1788
f 1788 1780 1781
f 1788 1781 52
f 52 1781 35
f 1552 1586 1789
f 1789 1586 1782
f 1789 1782 1790
f 1790 1782 1783
f 1790 1783 1791
f 1791 1783 1784
f 1791 1784 1792
f 1792 1784 1785
f 1792 1785 1793
f 1793 1785 1786
f 1793 1786 1794
f 1794 1786 1787
f 1794 1787 1795
f 1795 1787 1788
f 1795 1788 69
f 69 1788 52
f 1551 1552 1796
f 1796 1552 1789
f 1796 1789 1797
f 1797 1789 1790
f 1797 1790 1798
f 1798 1790 1791
f 1798 1791 1799
f 1799 1791 1792
f 1799 1792 1800
f 1800 1792 1793
f 1800 1793 1801
f 1801 1793 1794
f 1801 1794 1802
f 1802 1794 1795
f 1802 1795 86
f 86 1795 69
f 1550 1551 1803
f 1803 1551 1796
f 1803 1796 1804
f 1804 1796 1797
f 1804 1797 1805
f 1805 1797 1798
f 1805 1798 1806
f 1806 1798 1799
f 1806 1799 1807
f 1807 1799 1800
f 1807 1800 1808
f 1808 1800 1801
f 1808 1801 1809
f 1809 1801 1802
f 1809 1802 103
f 103 1802 86
f 1549 1550 1810
f 1810 1550 1803
f 1810 1803 1811
f 1811 1803 1804
f 1811 1804 1812
f 1812 1804 1805
f 1812 1805 1813
f 1813 1805 1806
f 1813 1806 1814
f 1814 1806 1807
f 1814 1807 1815
f 1815 1807 1808
f 1815 1808 1816
f 1816 1808 1809
f 1816 1809 120
f 120 1809 103
f 1548 1549 1817
f 1817 1549 1810
f 1817 1810 1818
f 1818 1810 1811
f 1818 1811 1819
f 1819 1811 1812
f 1819 1812 1820
f 1820 1812 1813
f 1820 1813 1821
f 1821 1813 1814
f 1821 1814 1822
f 1822 1814 1815
f 1822 1815 1823
f 1823 1815 1816
f 1823 1816 137
f 137 1816 120
f 1643 1644 1824
f 1824 1644 1825
f 1824 1825 1826
f 1826 1825 1827
f 1826 1827 1828
f 1828 1827 1829
f 1828 1829 1830
f 1830 1829 1831
f 1830 1831 1832
f 1832 1831 1833
f 1832 1833 1834
f 1834 1833 1835
f 1834 1835 1836
f 1836 1835 1837
f 1836 1837 154
f 154 1837 171
f 1566 1643 1762
f 1762 1643 1824
f 1762 1824 1764
f 1764 1824 1826
f 1764 1826 1766
f 1766 1826 1828
f 1766 1828 1768
f 1768 1828 1830
f 1768 1830 1770
f 1770 1830 1832
f 1770 1832 1772
f 1772 1832 1834
f 1772 1834 1774
f 1774 1834 1836
f 1774 1836 2
f 2 1836 154
f 1838 1839 1840
f 1684 1683 1841
f 1644 1649 1842
f 1825 1843 1827
f 1827 1843 1844
f 1827 1844 1829
f 1829 1844 1845
f 1829 1845 1831
f 1831 1845 1846
f 1831 1846 1833
f 1833 1846 1847
f 1833 1847 1835
f 1835 1847 1848
f 1835 1848 1837
f 1837 1848 323
f 1837 323 171
f 318 1849 204
f 204 1849 1850
f 204 1850 1851
f 1851 1850 1852
f 1851 1852 1853
f 1853 1852 1854
f 1853 1854 1855
f 1686 1685 1856
f 1856 1685 1857
f 1856 1857 1838
f 1648 1718 1858
f 1858 1718 1688
f 1858 1688 1859
f 1859 1688 1652
f 1859 1652 1860
f 1860 1652 1651
f 1860 1651 1861
f 1861 1651 1687
f 1861 1687 1856
f 1856 1687 1694
f 1856 1694 1686
f 1853 1862 1851
f 1851 1862 1863
f 1851 1863 204
f 204 1863 1864
f 204 1864 205
f 319 320 1865
f 1865 320 1866
f 1865 1866 1867
f 1867 1866 1868
f 1867 1868 1869
f 1869 1868 1870
f 1869 1870 1871
f 1871 1870 1872
f 1871 1872 1873
f 1873 1872 1874
f 320 321 1866
f 1866 321 1875
f 1866 1875 1868
f 1868 1875 1876
f 1868 1876 1870
f 1870 1876 1877
f 1870 1877 1872
f 1872 1877 1878
f 1872 1878 1874
f 1874 1878 1879
f 321 322 1875
f 1875 322 1880
f 1875 1880 1876
f 1876 1880 1881
f 1876 1881 1877
f 1877 1881 1882
f 1877 1882 1878
f 1878 1882 1883
f 1878 1883 1879
f 1879 1883 1884
f 1843 1884 1844
f 1844 1884 1883
f 1844 1883 1845
f 1845 1883 1882
f 1845 1882 1846
f 1846 1882 1881
f 1846 1881 1847
f 1847 1881 1880
f 1847 1880 1848
f 1848 1880 322
f 1848 322 323
f 1685 1684 1857
f 1857 1684 1841
f 1857 1841 1838
f 1838 1841 1885
f 1838 1885 1839
f 1649 1648 1842
f 1842 1648 1858
f 1842 1858 1886
f 1886 1858 1859
f 1886 1859 1887
f 1887 1859 1860
f 1887 1860 1888
f 1888 1860 1861
f 1888 1861 1889
f 1889 1861 1856
f 1889 1856 1855
f 1855 1856 1838
f 1855 1838 1853
f 1853 1838 1840
f 1853 1840 1862
f 318 319 1849
f 1849 319 1865
f 1849 1865 1850
f 1850 1865 1867
f 1850 1867 1852
f 1852 1867 1869
f 1852 1869 1854
f 1854 1869 1871
f 1854 1871 1855
f 1855 1871 1873
f 1855 1873 1889
f 1889 1873 1874
f 1889 1874 1888
f 1888 1874 1879
f 1888 1879 1887
f 1887 1879 1884
f 1887 1884 1886
f 1886 1884 1843
f 1886 1843 1842
f 1842 1843 1825
f 1842 1825 1644
f 1890 325 324
f 1839 1885 1891
f 1892 1893 1894
f 1895 1896 1897
f 1864 1863 1898
f 1898 1863 1899
f 1863 1862 1899
f 1899 1862 1840
f 1899 1840 1839
f 1892 1900 1901
f 1901 1900 1902
f 1901 1902 1903
f 1903 1902 1752
f 1903 1752 1743
f 1891 1885 1760
f 1760 1885 1841
f 1760 1841 1683
f 205 1864 375
f 375 1864 1898
f 375 1898 358
f 358 1898 1904
f 358 1904 324
f 1895 1894 1905
f 1896 1895 1906
f 1906 1895 1905
f 1839 1891 1899
f 1899 1891 1897
f 1899 1897 1898
f 1898 1897 1896
f 1898 1896 1904
f 1904 1896 1906
f 1904 1906 324
f 324 1906 1905
f 324 1905 1890
f 1893 1892 1907
f 1907 1892 1901
f 1907 1901 1908
f 1908 1901 1903
f 1908 1903 1909
f 1909 1903 1743
f 1909 1743 1744
f 1894 1895 1892
f 1892 1895 1897
f 1892 1897 1900
f 1900 1897 1891
f 1900 1891 1902
f 1902 1891 1760
f 1902 1760 1752
f 1910 1911 1912
f 1913 137 1914
f 1914 137 138
f 1914 138 1915
f 1915 138 139
f 1915 139 1916
f 1916 139 140
f 1916 140 1917
f 1917 140 141
f 1917 141 1918
f 1918 141 142
f 1918 142 1919
f 1919 142 143
f 1919 143 1920
f 1920 143 144
f 1920 144 1921
f 1921 144 145
f 1921 145 1922
f 1922 145 146
f 1922 146 1923
f 1923 146 147
f 1923 147 1924
f 1924 147 148
f 1924 148 1925
f 1925 148 149
f 1925 149 1926
f 1926 149 150
f 1926 150 1927
f 1927 150 151
f 1927 151 1928
f 1928 151 152
f 1929 1928 1930
f 1930 1928 152
f 1930 152 153
f 1913 1914 1931
f 1931 1914 1915
f 1931 1915 1932
f 1932 1915 1916
f 1932 1916 1933
f 1933 1916 1917
f 1933 1917 1934
f 1934 1917 1918
f 1934 1918 1935
f 1935 1918 1919
f 1935 1919 1936
f 1936 1919 1920
f 1936 1920 1937
f 1937 1920 1921
f 1937 1921 1938
f 1938 1921 1922
f 1938 1922 1939
f 1939 1922 1923
f 1939 1923 1940
f 1940 1923 1924
f 1940 1924 1941
f 1941 1924 1925
f 1941 1925 1942
f 1942 1925 1926
f 1942 1926 1943
f 1943 1926 1927
f 1943 1927 1944
f 1944 1927 1928
f 1944 1928 1945
f 1945 1928 1929
f 1945 1929 1946
f 1946 1947 1945
f 1945 1947 1948
f 1945 1948 1944
f 1944 1948 1949
f 1944 1949 1943
f 1943 1949 1950
f 1943 1950 1942
f 1942 1950 1951
f 1942 1951 1941
f 1941 1951 1952
f 1941 1952 1940
f 1940 1952 1953
f 1940 1953 1939
f 1939 1953 1954
f 1939 1954 1938
f 1938 1954 1955
f 1938 1955 1937
f 1937 1955 1956
f 1937 1956 1936
f 1936 1956 1957
f 1936 1957 1935
f 1935 1957 1958
f 1935 1958 1934
f 1934 1958 1959
f 1934 1959 1933
f 1933 1959 1960
f 1933 1960 1932
f 1932 1960 1910
f 1932 1910 1931
f 1931 1910 1912
f 1931 1912 1913
f 325 1911 327
f 327 1911 1910
f 327 1910 329
f 329 1910 1960
f 329 1960 331
f 331 1960 1959
f 331 1959 333
f 333 1959 1958
f 333 1958 335
f 335 1958 1957
f 335 1957 337
f 337 1957 1956
f 337 1956 339
f 339 1956 1955
f 339 1955 341
f 341 1955 1954
f 341 1954 343
f 343 1954 1953
f 343 1953 345
f 345 1953 1952
f 345 1952 347
f 347 1952 1951
f 347 1951 349
f 349 1951 1950
f 349 1950 351
f 351 1950 1949
f 351 1949 353
f 353 1949 1948
f 353 1948 355
f 355 1948 1947
f 355 1947 357
f 357 1947 1946
f 357 1946 1961
f 357 1961 564
f 564 1961 1962
f 564 1962 563
f 1962 1963 563
f 563 1963 1964
f 563 1964 562
f 562 1964 547
f 547 1964 1965
f 547 1965 545
f 1965 1966 545
f 545 1966 1967
f 545 1967 543
f 543 1967 1968
f 543 1968 561
f 1969 1968 1970
f 1970 1968 1967
f 1970 1967 1971
f 1971 1967 1966
f 1971 1966 1972
f 1972 1966 1965
f 1972 1965 1973
f 1973 1965 1964
f 1973 1964 1974
f 1974 1964 1963
f 1974 1963 1975
f 1975 1963 1962
f 1975 1962 1976
f 1976 1962 1961
f 1976 1961 1929
f 1929 1961 1946
f 1977 1969 1978
f 1978 1969 1970
f 1978 1970 1979
f 1979 1970 1971
f 1979 1971 1980
f 1980 1971 1972
f 1980 1972 1981
f 1981 1972 1973
f 1981 1973 1982
f 1982 1973 1974
f 1982 1974 1983
f 1983 1974 1975
f 1983 1975 1984
f 1984 1975 1976
f 1984 1976 1930
f 1930 1976 1929
f 463 1977 462
f 462 1977 1978
f 462 1978 461
f 461 1978 1979
f 461 1979 460
f 460 1979 1980
f 460 1980 459
f 459 1980 1981
f 459 1981 458
f 458 1981 1982
f 458 1982 457
f 457 1982 1983
f 457 1983 456
f 456 1983 1984
f 456 1984 153
f 153 1984 1930
f 1985 1968 1969
f 1977 463 1986
f 1986 463 592
f 1986 592 1987
f 1987 592 581
f 1987 581 1988
f 1988 581 578
f 1988 578 1989
f 1989 578 577
f 1989 577 1990
f 1990 577 567
f 1990 567 1991
f 1991 567 566
f 1991 566 1992
f 1992 566 568
f 1993 1992 1994
f 1994 1992 568
f 1994 568 593
f 1977 1986 1995
f 1995 1986 1987
f 1995 1987 1996
f 1996 1987 1988
f 1996 1988 1997
f 1997 1988 1989
f 1997 1989 1998
f 1998 1989 1990
f 1998 1990 1999
f 1999 1990 1991
f 1999 1991 2000
f 2000 1991 1992
f 2000 1992 2001
f 2001 1992 1993
f 2001 1993 2002
f 2002 2003 2001
f 2001 2003 2004
f 2001 2004 2000
f 2000 2004 2005
f 2000 2005 1999
f 1999 2005 2006
f 1999 2006 1998
f 1998 2006 2007
f 1998 2007 1997
f 1997 2007 2008
f 1997 2008 1996
f 1996 2008 1985
f 1996 1985 1995
f 1995 1985 1969
f 1995 1969 1977
f 561 1968 774
f 774 1968 1985
f 774 1985 776
f 776 1985 2008
f 776 2008 778
f 778 2008 2007
f 778 2007 780
f 780 2007 2006
f 780 2006 782
f 782 2006 2005
f 782 2005 784
f 784 2005 2004
f 784 2004 786
f 786 2004 2003
f 786 2003 788
f 788 2003 2002
f 2009 2002 1993
f 2010 2011 814
f 816 818 2012
f 814 2011 812
f 812 2011 2013
f 812 2013 810
f 810 2013 2014
f 810 2014 808
f 808 2014 2015
f 808 2015 806
f 806 2015 2016
f 806 2016 593
f 2010 2017 2018
f 2010 2018 2011
f 2011 2018 2019
f 2011 2019 2013
f 2013 2019 2020
f 2013 2020 2014
f 2014 2020 2021
f 2014 2021 2015
f 2015 2021 2022
f 2015 2022 2016
f 2016 2022 1994
f 2016 1994 593
f 2017 2023 2024
f 2017 2024 2018
f 2018 2024 2025
f 2018 2025 2019
f 2019 2025 2026
f 2019 2026 2020
f 2020 2026 2027
f 2020 2027 2021
f 2021 2027 2009
f 2021 2009 2022
f 2022 2009 1993
f 2022 1993 1994
f 956 2028 2029
f 2029 2028 2030
f 2029 2030 2031
f 2031 2030 2012
f 2031 2012 2032
f 2032 2012 818
f 2032 818 820
f 956 955 2028
f 2028 955 2023
f 2028 2023 2030
f 2030 2023 2017
f 2030 2017 2012
f 2012 2017 2010
f 2012 2010 816
f 816 2010 814
f 788 2002 976
f 976 2002 2009
f 976 2009 975
f 975 2009 2027
f 975 2027 974
f 974 2027 2026
f 974 2026 971
f 971 2026 2025
f 971 2025 970
f 970 2025 2024
f 970 2024 968
f 968 2024 2023
f 968 2023 955
f 2033 2029 2031
f 2032 820 2034
f 2034 820 1105
f 2034 1105 2035
f 2035 1105 1106
f 2035 1106 2036
f 2036 1106 1107
f 2036 1107 2037
f 2037 1107 1108
f 2037 1108 2038
f 2038 1108 1109
f 2038 1109 2039
f 2039 1109 1110
f 2039 1110 2040
f 2040 1110 1111
f 2040 1111 2041
f 2041 1111 1112
f 2041 1112 2042
f 2042 1112 1113
f 2042 1113 2043
f 2043 1113 1114
f 2043 1114 2044
f 2044 1114 1115
f 2044 1115 2045
f 2045 1115 1116
f 2045 1116 2046
f 2046 1116 1117
f 2046 1117 2047
f 2047 1117 1118
f 2047 1118 2048
f 2048 1118 1119
f 2049 2048 2050
f 2050 2048 1119
f 2050 1119 1120
f 2032 2034 2051
f 2051 2034 2035
f 2051 2035 2052
f 2052 2035 2036
f 2052 2036 2053
f 2053 2036 2037
f 2053 2037 2054
f 2054 2037 2038
f 2054 2038 2055
f 2055 2038 2039
f 2055 2039 2056
f 2056 2039 2040
f 2056 2040 2057
f 2057 2040 2041
f 2057 2041 2058
f 2058 2041 2042
f 2058 2042 2059
f 2059 2042 2043
f 2059 2043 2060
f 2060 2043 2044
f 2060 2044 2061
f 2061 2044 2045
f 2061 2045 2062
f 2062 2045 2046
f 2062 2046 2063
f 2063 2046 2047
f 2063 2047 2064
f 2064 2047 2048
f 2064 2048 2065
f 2065 2048 2049
f 2065 2049 2066
f 2066 2067 2065
f 2065 2067 2068
f 2065 2068 2064
f 2064 2068 2069
f 2064 2069 2063
f 2063 2069 2070
f 2063 2070 2062
f 2062 2070 2071
f 2062 2071 2061
f 2061 2071 2072
f 2061 2072 2060
f 2060 2072 2073
f 2060 2073 2059
f 2059 2073 2074
f 2059 2074 2058
f 2058 2074 2075
f 2058 2075 2057
f 2057 2075 2076
f 2057 2076 2056
f 2056 2076 2077
f 2056 2077 2055
f 2055 2077 2078
f 2055 2078 2054
f 2054 2078 2079
f 2054 2079 2053
f 2053 2079 2080
f 2053 2080 2052
f 2052 2080 2033
f 2052 2033 2051
f 2051 2033 2031
f 2051 2031 2032
f 956 2029 1282
f 1282 2029 2033
f 1282 2033 1284
f 1284 2033 2080
f 1284 2080 1286
f 1286 2080 2079
f 1286 2079 1288
f 1288 2079 2078
f 1288 2078 1290
f 1290 2078 2077
f 1290 2077 1292
f 1292 2077 2076
f 1292 2076 1294
f 1294 2076 2075
f 1294 2075 1296
f 1296 2075 2074
f 1296 2074 1298
f 1298 2074 2073
f 1298 2073 1300
f 1300 2073 2072
f 1300 2072 1302
f 1302 2072 2071
f 1302 2071 1304
f 1304 2071 2070
f 1304 2070 1306
f 1306 2070 2069
f 1306 2069 1308
f 1308 2069 2068
f 1308 2068 1310
f 1310 2068 2067
f 1310 2067 1312
f 1312 2067 2066
f 1312 2066 2081
f 1312 2081 1519
f 1519 2081 2082
f 1519 2082 1518
f 2082 2083 1518
f 1518 2083 2084
f 1518 2084 1517
f 1517 2084 1502
f 1502 2084 2085
f 1502 2085 1500
f 2085 2086 1500
f 1500 2086 2087
f 1500 2087 1498
f 1498 2087 2088
f 1498 2088 1516
f 2089 2088 2090
f 2090 2088 2087
f 2090 2087 2091
f 2091 2087 2086
f 2091 2086 2092
f 2092 2086 2085
f 2092 2085 2093
f 2093 2085 2084
f 2093 2084 2094
f 2094 2084 2083
f 2094 2083 2095
f 2095 2083 2082
f 2095 2082 2096
f 2096 2082 2081
f 2096 2081 2049
f 2049 2081 2066
f 2097 2089 2098
f 2098 2089 2090
f 2098 2090 2099
f 2099 2090 2091
f 2099 2091 2100
f 2100 2091 2092
f 2100 2092 2101
f 2101 2092 2093
f 2101 2093 2102
f 2102 2093 2094
f 2102 2094 2103
f 2103 2094 2095
f 2103 2095 2104
f 2104 2095 2096
f 2104 2096 2050
f 2050 2096 2049
f 1416 2097 1415
f 1415 2097 2098
f 1415 2098 1414
f 1414 2098 2099
f 1414 2099 1413
f 1413 2099 2100
f 1413 2100 1412
f 1412 2100 2101
f 1412 2101 1411
f 1411 2101 2102
f 1411 2102 1410
f 1410 2102 2103
f 1410 2103 1409
f 1409 2103 2104
f 1409 2104 1120
f 1120 2104 2050
f 2105 2088 2089
f 2097 1416 2106
f 2106 1416 1547
f 2106 1547 2107
f 2107 1547 1536
f 2107 1536 2108
f 2108 1536 1521
f 2108 1521 2109
f 2109 1521 1520
f 2109 1520 2110
f 2110 1520 1527
f 2110 1527 2111
f 2111 1527 1526
f 2111 1526 2112
f 2112 1526 1528
f 2113 2112 2114
f 2114 2112 1528
f 2114 1528 1548
f 2097 2106 2115
f 2115 2106 2107
f 2115 2107 2116
f 2116 2107 2108
f 2116 2108 2117
f 2117 2108 2109
f 2117 2109 2118
f 2118 2109 2110
f 2118 2110 2119
f 2119 2110 2111
f 2119 2111 2120
f 2120 2111 2112
f 2120 2112 2121
f 2121 2112 2113
f 2121 2113 2122
f 2122 2123 2121
f 2121 2123 2124
f 2121 2124 2120
f 2120 2124 2125
f 2120 2125 2119
f 2119 2125 2126
f 2119 2126 2118
f 2118 2126 2127
f 2118 2127 2117
f 2117 2127 2128
f 2117 2128 2116
f 2116 2128 2105
f 2116 2105 2115
f 2115 2105 2089
f 2115 2089 2097
f 1516 2088 1730
f 1730 2088 2105
f 1730 2105 1732
f 1732 2105 2128
f 1732 2128 1734
f 1734 2128 2127
f 1734 2127 1736
f 1736 2127 2126
f 1736 2126 1738
f 1738 2126 2125
f 1738 2125 1740
f 1740 2125 2124
f 1740 2124 1742
f 1742 2124 2123
f 1742 2123 1744
f 1744 2123 2122
f 2129 2122 2113
f 2130 2131 1821
f 1822 1823 2132
f 1821 2131 1820
f 1820 2131 2133
f 1820 2133 1819
f 1819 2133 2134
f 1819 2134 1818
f 1818 2134 2135
f 1818 2135 1817
f 1817 2135 2136
f 1817 2136 1548
f 2130 2137 2138
f 2130 2138 2131
f 2131 2138 2139
f 2131 2139 2133
f 2133 2139 2140
f 2133 2140 2134
f 2134 2140 2141
f 2134 2141 2135
f 2135 2141 2142
f 2135 2142 2136
f 2136 2142 2114
f 2136 2114 1548
f 2137 2143 2144
f 2137 2144 2138
f 2138 2144 2145
f 2138 2145 2139
f 2139 2145 2146
f 2139 2146 2140
f 2140 2146 2147
f 2140 2147 2141
f 2141 2147 2129
f 2141 2129 2142
f 2142 2129 2113
f 2142 2113 2114
f 325 2148 1911
f 1911 2148 2149
f 1911 2149 1912
f 1912 2149 2132
f 1912 2132 1913
f 1913 2132 1823
f 1913 1823 137
f 325 1890 2148
f 2148 1890 2143
f 2148 2143 2149
f 2149 2143 2137
f 2149 2137 2132
f 2132 2137 2130
f 2132 2130 1822
f 1822 2130 1821
f 1744 2122 1909
f 1909 2122 2129
f 1909 2129 1908
f 1908 2129 2147
f 1908 2147 1907
f 1907 2147 2146
f 1907 2146 1893
f 1893 2146 2145
f 1893 2145 1894
f 1894 2145 2144
f 1894 2144 1905
f 1905 2144 2143
f 1905 2143 1890
f 2150 2151 2152
f 2153 2154 2155
f 2156 2157 2158
f 2159 2160 2161
f 2162 2163 2164
f 2165 2166 2167
f 2167 2168 2165
f 2165 2168 2169
f 2165 2169 2170
f 2170 2169 2171
f 2170 2171 2172
f 2172 2171 2173
f 2174 2175 2167
f 2176 2177 2178
f 2178 2177 2179
f 2179 2177 2166
f 2166 2177 2180
f 2166 2180 2167
f 2167 2180 2181
f 2167 2181 2174
f 2175 2182 2167
f 2167 2182 2183
f 2167 2183 2184
f 2184 2183 2185
f 2184 2185 2186
f 2186 2185 2187
f 2187 2185 2188
f 2187 2188 2189
f 2189 2188 2190
f 2189 2190 2191
f 2191 2190 2192
f 2191 2192 2193
f 2194 2195 2196
f 2193 2192 2197
f 2197 2192 2198
f 2197 2198 2195
f 2195 2198 2199
f 2195 2199 2196
f 2194 2196 2200
f 2200 2196 2201
f 2200 2201 2202
f 2202 2201 2203
f 2202 2203 2204
f 2204 2203 2205
f 2204 2205 2206
f 2206 2205 2207
f 2206 2207 2208
f 2207 2209 2208
f 2208 2209 2210
f 2208 2210 2211
f 2211 2210 2212
f 2211 2212 2213
f 2213 2212 2214
f 2213 2214 2215
f 2215 2214 2216
f 2215 2216 2217
f 2218 2219 2220
f 2220 2219 2221
f 2217 2222 2215
f 2215 2222 2220
f 2215 2220 2223
f 2223 2220 2221
f 2218 2220 2224
f 2224 2220 2225
f 2224 2225 2226
f 2227 2228 2229
f 2227 2229 2230
f 2231 2232 2233
f 2233 2232 2234
f 2233 2234 2235
f 2235 2234 2236
f 2235 2236 2226
f 2226 2236 2237
f 2226 2237 2224
f 2224 2237 2238
f 2228 2239 2229
f 2229 2239 2240
f 2229 2240 2241
f 2241 2240 2238
f 2241 2238 2242
f 2242 2238 2237
f 2243 2244 2245
f 2245 2244 2246
f 2245 2246 2247
f 2247 2246 2248
f 2230 2229 2249
f 2249 2229 2250
f 2249 2250 2251
f 2248 2252 2247
f 2247 2252 2253
f 2247 2253 2254
f 2254 2253 2251
f 2254 2251 2255
f 2255 2251 2250
f 2256 2257 2258
f 2258 2257 2259
f 2259 2162 2258
f 2258 2162 2164
f 2258 2164 2260
f 2260 2164 2244
f 2260 2244 2261
f 2261 2244 2243
f 2262 2263 2264
f 2264 2263 2265
f 2265 2263 2266
f 2265 2266 2267
f 2266 2268 2267
f 2267 2268 2269
f 2267 2269 2270
f 2270 2269 2271
f 2270 2271 2254
f 2254 2271 2272
f 2254 2272 2247
f 2273 2274 2275
f 2275 2274 2276
f 2275 2276 2277
f 2264 2278 2262
f 2262 2278 2279
f 2262 2279 2280
f 2280 2279 2281
f 2280 2281 2282
f 2282 2281 2283
f 2282 2283 2284
f 2284 2283 2285
f 2284 2285 2273
f 2273 2285 2286
f 2273 2286 2274
f 2277 2276 2287
f 2287 2276 2288
f 2287 2288 2289
f 2288 2290 2289
f 2289 2290 2291
f 2289 2291 2292
f 2292 2291 2293
f 2292 2293 2294
f 2294 2293 2295
f 2294 2295 2296
f 2297 2298 2299
f 2297 2299 2296
f 2296 2299 2300
f 2296 2300 2294
f 2297 2301 2298
f 2298 2301 2302
f 2298 2302 2303
f 2303 2302 2304
f 2303 2304 2305
f 2305 2304 2161
f 2306 2307 2308
f 2308 2307 2304
f 2304 2307 2161
f 2161 2307 2309
f 2161 2309 2310
f 2310 2311 2161
f 2161 2311 2312
f 2161 2312 2159
f 2313 2314 2315
f 2315 2316 2313
f 2313 2316 2317
f 2313 2317 2306
f 2306 2317 2318
f 2306 2318 2307
f 2158 2157 2319
f 2319 2157 2320
f 2319 2320 2321
f 2321 2320 2315
f 2321 2315 2322
f 2322 2315 2314
f 2322 2314 2323
f 2156 2158 2324
f 2324 2158 2325
f 2324 2325 2326
f 2326 2325 2327
f 2326 2327 2328
f 2329 2330 2331
f 2327 2332 2328
f 2328 2332 2333
f 2328 2333 2334
f 2334 2333 2329
f 2334 2329 2335
f 2335 2329 2331
f 2335 2331 2336
f 2336 2331 2337
f 2336 2337 2338
f 2339 2340 2341
f 2341 2340 2342
f 2342 2343 2341
f 2341 2343 2344
f 2341 2344 2345
f 2338 2337 2155
f 2155 2337 2346
f 2155 2346 2153
f 2347 2154 2348
f 2348 2154 2349
f 2348 2349 2350
f 2345 2155 2341
f 2341 2155 2154
f 2341 2154 2351
f 2351 2154 2347
f 2352 2353 2354
f 2354 2353 2355
f 2354 2355 2356
f 2352 2354 2357
f 2357 2354 2358
f 2357 2358 2359
f 2350 2360 2348
f 2348 2360 2357
f 2348 2357 2361
f 2361 2357 2359
f 2362 2363 2364
f 2364 2363 2365
f 2364 2365 2366
f 2366 2365 2356
f 2356 2365 2367
f 2356 2367 2354
f 2152 2151 2368
f 2369 2370 2371
f 2173 2372 2172
f 2172 2372 2373
f 2172 2373 2374
f 2374 2373 2369
f 2374 2369 2375
f 2375 2369 2371
f 2370 2376 2371
f 2371 2376 2377
f 2371 2377 2378
f 2378 2379 2371
f 2371 2379 2380
f 2371 2380 2368
f 2150 2152 2381
f 2381 2152 2382
f 2381 2382 2383
f 2368 2151 2371
f 2371 2151 2384
f 2371 2384 2385
f 2385 2384 2386
f 2385 2386 2387
f 2387 2386 2388
f 2387 2388 2389
f 2388 2390 2389
f 2389 2390 2391
f 2389 2391 2392
f 2392 2391 2393
f 2394 2395 2396
f 2396 2395 2397
f 2396 2397 2393
f 2393 2397 2398
f 2393 2398 2392
f 2396 2399 2394
f 2394 2399 2400
f 2394 2400 2401
f 2401 2400 2402
f 2401 2402 2403
f 2403 2402 2404
f 2403 2404 2405
f 2405 2404 2406
f 2405 2406 2362
f 2362 2406 2407
f 2362 2407 2363
f 2408 2409 2410
f 2411 2412 2410
f 2410 2412 2413
f 2410 2413 2408
f 2383 2382 2410
f 2410 2382 2414
f 2410 2414 2411
f 2415 2416 2417
f 2418 2419 2417
f 2417 2419 2420
f 2417 2420 2415
f 2421 2422 2417
f 2417 2422 2423
f 2417 2423 2418
f 2424 2425 2417
f 2417 2425 2426
f 2417 2426 2421
f 2427 2428 2417
f 2417 2428 2429
f 2417 2429 2424
f 2430 2431 2417
f 2417 2431 2432
f 2417 2432 2427
f 2433 2434 2417
f 2417 2434 2435
f 2417 2435 2430
f 2416 2436 2417
f 2417 2436 2437
f 2417 2437 2433
f 2438 2439 2440
f 2438 2440 2441
f 2442 2443 2444
f 2444 2443 2445
f 2444 2445 2446
f 2446 2445 2447
f 2446 2447 2448
f 2448 2447 2449
f 2448 2449 2450
f 2450 2449 2451
f 2450 2451 2452
f 2440 2453 2441
f 2441 2453 2454
f 2441 2454 2455
f 2455 2454 2456
f 2455 2456 2457
f 2457 2456 2458
f 2457 2458 2459
f 2459 2458 2460
f 2459 2460 2461
f 2461 2460 2462
f 2461 2462 2463
f 2463 2462 2464
f 2463 2464 2465
f 2465 2464 2466
f 2465 2466 2442
f 2442 2466 2467
f 2442 2467 2443
f 2468 2469 2470
f 2471 2472 2470
f 2470 2472 2473
f 2470 2473 2468
f 2474 2475 2470
f 2470 2475 2476
f 2470 2476 2471
f 2477 2478 2470
f 2470 2478 2479
f 2470 2479 2474
f 2480 2481 2470
f 2470 2481 2482
f 2470 2482 2477
f 2483 2484 2470
f 2470 2484 2485
f 2470 2485 2480
f 2486 2487 2470
f 2470 2487 2488
f 2470 2488 2483
f 2469 2489 2470
f 2470 2489 2490
f 2470 2490 2486
f 2491 2492 2493
f 2494 2495 2496
f 2497 2498 2499
f 2500 2501 2502
f 2503 2504 2505
f 2506 2451 2449
f 2504 2507 2508
f 2508 2507 2509
f 2508 2509 2506
f 2503 2505 2501
f 2500 2502 2510
f 2445 2443 2508
f 2506 2449 2508
f 2508 2449 2447
f 2508 2447 2445
f 2443 2467 2508
f 2508 2467 2466
f 2508 2466 2511
f 2511 2466 2464
f 2511 2464 2462
f 2510 2502 2512
f 2512 2502 2513
f 2512 2513 2514
f 2462 2460 2511
f 2511 2460 2458
f 2511 2458 2499
f 2499 2458 2456
f 2499 2456 2454
f 2439 2497 2440
f 2440 2497 2499
f 2440 2499 2453
f 2453 2499 2454
f 2504 2508 2505
f 2505 2508 2511
f 2505 2511 2515
f 2515 2511 2499
f 2515 2499 2496
f 2496 2499 2498
f 2496 2498 2494
f 2501 2505 2502
f 2502 2505 2515
f 2502 2515 2513
f 2513 2515 2496
f 2513 2496 2493
f 2493 2496 2495
f 2493 2495 2491
f 2514 2513 2516
f 2516 2513 2493
f 2516 2493 2517
f 2517 2493 2492
f 2517 2492 2518
f 2519 2520 2521
f 2521 2520 2522
f 2521 2522 2523
f 2523 2522 2524
f 2523 2524 2525
f 2525 2524 2526
f 2527 2521 2528
f 2528 2521 2523
f 2528 2523 2529
f 2529 2523 2525
f 2529 2525 2530
f 2531 2519 2532
f 2532 2519 2521
f 2532 2521 2533
f 2533 2521 2527
f 2534 2535 2526
f 2526 2535 2536
f 2526 2536 2525
f 2525 2536 2537
f 2525 2537 2530
f 2538 2539 2428
f 2428 2539 2540
f 2428 2540 2429
f 2429 2540 2541
f 2429 2541 2424
f 2424 2541 2542
f 2424 2542 2425
f 2425 2542 2543
f 2425 2543 2426
f 2426 2543 2544
f 2426 2544 2421
f 2421 2544 2545
f 2421 2545 2422
f 2422 2545 2546
f 2422 2546 2423
f 2423 2546 2547
f 2423 2547 2418
f 2418 2547 2548
f 2418 2548 2419
f 2419 2548 2549
f 2419 2549 2420
f 2420 2549 2550
f 2420 2550 2415
f 2415 2550 2551
f 2415 2551 2416
f 2416 2551 2552
f 2416 2552 2436
f 2436 2552 2553
f 2436 2553 2437
f 2437 2553 2554
f 2437 2554 2433
f 2433 2554 2555
f 2433 2555 2434
f 2434 2555 2556
f 2434 2556 2435
f 2435 2556 2557
f 2435 2557 2430
f 2430 2557 2558
f 2430 2558 2431
f 2431 2558 2559
f 2431 2559 2432
f 2432 2559 2560
f 2432 2560 2427
f 2427 2560 2561
f 2427 2561 2428
f 2428 2561 2562
f 2428 2562 2538
f 2442 2444 2563
f 2564 2565 2566
f 2567 2568 2569
f 2568 2497 2569
f 2569 2497 2439
f 2569 2439 2570
f 2570 2439 2438
f 2567 2569 2571
f 2571 2569 2572
f 2571 2572 2573
f 2565 2564 2574
f 2575 2574 2576
f 2576 2574 2564
f 2576 2564 2577
f 2577 2564 2566
f 2577 2566 2578
f 2579 2580 2581
f 2581 2580 2582
f 2581 2582 2583
f 2583 2582 2584
f 2583 2584 2566
f 2566 2584 2585
f 2566 2585 2578
f 2579 2581 2586
f 2586 2581 2587
f 2586 2587 2588
f 2588 2587 2589
f 2589 2587 2590
f 2589 2590 2591
f 2591 2590 2592
f 2591 2592 2593
f 2563 2444 2594
f 2594 2444 2446
f 2594 2446 2448
f 2448 2450 2594
f 2594 2450 2452
f 2594 2452 2451
f 2459 2461 2595
f 2595 2461 2463
f 2595 2463 2563
f 2563 2463 2465
f 2563 2465 2442
f 2438 2441 2570
f 2570 2441 2455
f 2570 2455 2595
f 2595 2455 2457
f 2595 2457 2459
f 2596 2597 2590
f 2590 2597 2598
f 2590 2598 2592
f 2594 2596 2599
f 2596 2590 2599
f 2599 2590 2587
f 2599 2587 2600
f 2600 2587 2581
f 2600 2581 2601
f 2601 2581 2583
f 2601 2583 2602
f 2602 2583 2566
f 2602 2566 2603
f 2594 2599 2563
f 2563 2599 2600
f 2563 2600 2595
f 2595 2600 2601
f 2595 2601 2570
f 2570 2601 2602
f 2570 2602 2569
f 2569 2602 2603
f 2569 2603 2572
f 2497 2568 2604
f 2604 2568 2567
f 2604 2567 2605
f 2605 2567 2571
f 2605 2571 2573
f 2497 2604 2498
f 2498 2604 2606
f 2498 2606 2494
f 2494 2606 2495
f 2495 2606 2607
f 2495 2607 2491
f 2491 2607 2492
f 2492 2607 2608
f 2492 2608 2518
f 2609 2608 2610
f 2610 2608 2607
f 2610 2607 2611
f 2611 2607 2606
f 2611 2606 2605
f 2605 2606 2604
f 2612 2518 2613
f 2613 2518 2608
f 2613 2608 2614
f 2614 2608 2615
f 2615 2608 2616
f 2616 2608 2609
f 2616 2609 2617
f 2618 2619 2481
f 2481 2619 2620
f 2481 2620 2482
f 2482 2620 2621
f 2482 2621 2477
f 2477 2621 2622
f 2477 2622 2478
f 2478 2622 2623
f 2478 2623 2479
f 2479 2623 2624
f 2479 2624 2474
f 2474 2624 2625
f 2474 2625 2475
f 2475 2625 2626
f 2475 2626 2476
f 2476 2626 2627
f 2476 2627 2471
f 2471 2627 2628
f 2471 2628 2472
f 2472 2628 2629
f 2472 2629 2473
f 2473 2629 2630
f 2473 2630 2468
f 2468 2630 2631
f 2468 2631 2469
f 2469 2631 2632
f 2469 2632 2489
f 2489 2632 2633
f 2489 2633 2490
f 2490 2633 2634
f 2490 2634 2486
f 2486 2634 2635
f 2486 2635 2487
f 2487 2635 2636
f 2487 2636 2488
f 2488 2636 2637
f 2488 2637 2483
f 2483 2637 2638
f 2483 2638 2484
f 2484 2638 2639
f 2484 2639 2485
f 2485 2639 2640
f 2485 2640 2480
f 2480 2640 2641
f 2480 2641 2481
f 2481 2641 2642
f 2481 2642 2618
f 2643 2644 2645
f 2645 2644 2646
f 2645 2646 2647
f 2647 2646 2648
f 2647 2648 2649
f 2649 2648 2650
f 2649 2650 2651
f 2652 2653 2654
f 2654 2653 2655
f 2654 2655 2651
f 2651 2655 2656
f 2651 2656 2649
f 2657 2658 2659
f 2657 2659 2660
f 2661 2662 2663
f 2663 2662 2664
f 2663 2664 2665
f 2665 2664 2666
f 2665 2666 2667
f 2667 2666 2668
f 2667 2668 2669
f 2669 2668 2660
f 2669 2660 2670
f 2670 2660 2659
f 2533 2527 2671
f 2528 2529 2672
f 2673 2674 2675
f 2676 2593 2592
f 2677 2678 2679
f 2679 2678 2676
f 2677 2679 2680
f 2680 2679 2681
f 2680 2681 2682
f 2674 2673 2681
f 2681 2673 2683
f 2681 2683 2682
f 2684 2685 2675
f 2684 2675 2686
f 2685 2687 2675
f 2675 2687 2688
f 2675 2688 2673
f 2689 2690 2675
f 2690 2691 2675
f 2675 2691 2692
f 2675 2692 2686
f 2534 2693 2535
f 2535 2693 2694
f 2535 2694 2536
f 2536 2694 2537
f 2537 2694 2695
f 2537 2695 2530
f 2528 2672 2527
f 2696 2532 2533
f 2531 2532 2697
f 2697 2532 2696
f 2697 2696 2698
f 2698 2696 2699
f 2698 2699 2700
f 2700 2699 2701
f 2700 2701 2702
f 2702 2701 2703
f 2703 2701 2500
f 2703 2500 2510
f 2693 2704 2705
f 2689 2675 2706
f 2706 2675 2674
f 2706 2674 2707
f 2707 2674 2681
f 2707 2681 2708
f 2708 2681 2679
f 2708 2679 2709
f 2693 2705 2694
f 2694 2705 2710
f 2694 2710 2695
f 2695 2710 2711
f 2695 2711 2712
f 2712 2711 2713
f 2712 2713 2714
f 2527 2672 2671
f 2671 2672 2715
f 2671 2715 2716
f 2716 2715 2717
f 2716 2717 2718
f 2676 2592 2679
f 2679 2592 2598
f 2679 2598 2709
f 2709 2598 2597
f 2709 2597 2596
f 2596 2713 2709
f 2709 2713 2711
f 2709 2711 2708
f 2708 2711 2710
f 2708 2710 2707
f 2707 2710 2705
f 2707 2705 2706
f 2706 2705 2704
f 2706 2704 2689
f 2596 2594 2713
f 2713 2594 2451
f 2713 2451 2714
f 2714 2451 2506
f 2714 2506 2509
f 2509 2717 2714
f 2714 2717 2715
f 2714 2715 2712
f 2712 2715 2672
f 2712 2672 2695
f 2695 2672 2529
f 2695 2529 2530
f 2509 2507 2717
f 2717 2507 2504
f 2717 2504 2718
f 2718 2504 2503
f 2718 2503 2501
f 2533 2671 2696
f 2696 2671 2716
f 2696 2716 2699
f 2699 2716 2718
f 2699 2718 2701
f 2701 2718 2501
f 2701 2501 2500
f 2719 2520 2720
f 2720 2520 2519
f 2720 2519 2721
f 2531 2722 2519
f 2519 2722 2723
f 2723 2724 2519
f 2519 2724 2725
f 2519 2725 2721
f 2726 2719 2727
f 2727 2719 2720
f 2727 2720 2728
f 2728 2720 2721
f 2724 2729 2725
f 2725 2729 2730
f 2725 2730 2721
f 2721 2730 2731
f 2721 2731 2728
f 2732 2733 2734
f 2735 2736 2620
f 2619 2618 2654
f 2654 2618 2642
f 2654 2642 2652
f 2648 2732 2650
f 2650 2732 2734
f 2650 2734 2651
f 2651 2734 2735
f 2651 2735 2654
f 2654 2735 2620
f 2654 2620 2619
f 2617 2737 2738
f 2617 2738 2616
f 2616 2738 2739
f 2616 2739 2615
f 2615 2739 2740
f 2615 2740 2614
f 2614 2740 2741
f 2614 2741 2613
f 2613 2741 2742
f 2613 2742 2612
f 2661 2663 2612
f 2612 2663 2665
f 2612 2665 2518
f 2518 2665 2517
f 2517 2665 2667
f 2517 2667 2516
f 2667 2669 2516
f 2516 2669 2670
f 2516 2670 2514
f 2743 2510 2744
f 2744 2510 2512
f 2744 2512 2658
f 2658 2512 2514
f 2658 2514 2659
f 2659 2514 2670
f 2745 2746 2747
f 2748 2745 2749
f 2749 2745 2747
f 2749 2747 2750
f 2750 2747 2751
f 2750 2751 2752
f 2752 2753 2540
f 2540 2539 2752
f 2752 2539 2538
f 2752 2538 2750
f 2750 2538 2562
f 2750 2562 2754
f 2754 2562 2755
f 2756 2757 2758
f 2753 2752 2759
f 2759 2752 2751
f 2759 2751 2760
f 2760 2751 2747
f 2760 2747 2761
f 2761 2747 2746
f 2761 2746 2758
f 2758 2746 2762
f 2758 2762 2756
f 2755 2559 2726
f 2726 2559 2558
f 2726 2558 2557
f 2763 2764 2765
f 2540 2753 2541
f 2541 2753 2766
f 2541 2766 2542
f 2542 2766 2767
f 2542 2767 2543
f 2562 2561 2755
f 2755 2561 2560
f 2755 2560 2559
f 2550 2549 2768
f 2545 2769 2546
f 2546 2769 2770
f 2546 2770 2547
f 2770 2771 2547
f 2547 2771 2772
f 2547 2772 2548
f 2548 2772 2773
f 2548 2773 2549
f 2549 2773 2774
f 2549 2774 2768
f 2526 2556 2534
f 2534 2556 2555
f 2534 2555 2693
f 2693 2555 2554
f 2693 2554 2704
f 2704 2554 2689
f 2689 2554 2553
f 2689 2553 2690
f 2719 2726 2520
f 2520 2726 2557
f 2520 2557 2522
f 2522 2557 2556
f 2522 2556 2524
f 2524 2556 2526
f 2767 2775 2543
f 2543 2775 2776
f 2543 2776 2544
f 2544 2776 2777
f 2544 2777 2545
f 2545 2777 2778
f 2545 2778 2769
f 2553 2552 2690
f 2690 2552 2551
f 2690 2551 2765
f 2765 2551 2550
f 2765 2550 2763
f 2763 2550 2768
f 2691 2690 2765
f 2779 2780 2684
f 2691 2765 2692
f 2684 2686 2779
f 2779 2686 2692
f 2779 2692 2781
f 2781 2692 2765
f 2684 2780 2685
f 2685 2780 2782
f 2685 2782 2687
f 2678 2677 2783
f 2687 2782 2688
f 2688 2782 2784
f 2688 2784 2673
f 2673 2784 2785
f 2677 2680 2783
f 2783 2680 2682
f 2783 2682 2785
f 2785 2682 2683
f 2785 2683 2673
f 2678 2783 2676
f 2676 2783 2786
f 2676 2786 2593
f 2593 2786 2591
f 2591 2786 2787
f 2788 2588 2787
f 2787 2588 2589
f 2787 2589 2591
f 2582 2580 2789
f 2789 2580 2579
f 2789 2579 2788
f 2788 2579 2586
f 2788 2586 2588
f 2582 2789 2584
f 2584 2789 2790
f 2584 2790 2585
f 2585 2790 2578
f 2578 2790 2791
f 2578 2791 2577
f 2577 2791 2576
f 2576 2791 2792
f 2576 2792 2575
f 2575 2792 2793
f 2575 2793 2574
f 2574 2793 2794
f 2574 2794 2565
f 2652 2642 2641
f 2611 2605 2573
f 2620 2736 2621
f 2621 2736 2622
f 2610 2626 2609
f 2609 2626 2625
f 2609 2625 2624
f 2617 2609 2737
f 2737 2609 2624
f 2737 2624 2736
f 2736 2624 2623
f 2736 2623 2622
f 2794 2632 2631
f 2637 2795 2638
f 2638 2795 2796
f 2638 2796 2639
f 2794 2631 2565
f 2631 2630 2565
f 2565 2630 2629
f 2565 2629 2566
f 2566 2629 2628
f 2796 2797 2639
f 2639 2797 2798
f 2639 2798 2640
f 2640 2798 2799
f 2640 2799 2641
f 2641 2799 2800
f 2641 2800 2652
f 2635 2801 2636
f 2636 2801 2802
f 2636 2802 2637
f 2637 2802 2803
f 2637 2803 2795
f 2633 2804 2634
f 2634 2804 2805
f 2634 2805 2635
f 2635 2805 2806
f 2635 2806 2801
f 2794 2807 2632
f 2632 2807 2808
f 2632 2808 2633
f 2633 2808 2809
f 2633 2809 2804
f 2610 2611 2626
f 2626 2611 2573
f 2626 2573 2627
f 2627 2573 2572
f 2627 2572 2628
f 2628 2572 2603
f 2628 2603 2566
f 2163 2162 2810
f 2811 2812 2813
f 2808 2807 2812
f 2814 2655 2653
f 2812 2811 2808
f 2808 2811 2815
f 2808 2815 2809
f 2809 2815 2816
f 2809 2816 2804
f 2804 2816 2817
f 2804 2817 2805
f 2805 2817 2818
f 2805 2818 2806
f 2806 2818 2819
f 2806 2819 2801
f 2801 2819 2820
f 2801 2820 2802
f 2802 2820 2821
f 2802 2821 2803
f 2803 2821 2822
f 2803 2822 2795
f 2795 2822 2823
f 2795 2823 2796
f 2796 2823 2824
f 2796 2824 2797
f 2797 2824 2825
f 2797 2825 2798
f 2798 2825 2826
f 2798 2826 2799
f 2799 2826 2814
f 2799 2814 2800
f 2800 2814 2653
f 2800 2653 2652
f 2827 2656 2655
f 2828 2647 2649
f 2829 2643 2645
f 2830 2831 2832
f 2832 2831 2833
f 2832 2833 2834
f 2834 2833 2829
f 2834 2829 2828
f 2828 2829 2645
f 2828 2645 2647
f 2830 2832 2835
f 2835 2832 2836
f 2835 2836 2837
f 2837 2836 2838
f 2837 2838 2839
f 2839 2838 2840
f 2839 2840 2841
f 2842 2843 2844
f 2844 2843 2845
f 2844 2845 2846
f 2846 2845 2847
f 2846 2847 2848
f 2848 2847 2849
f 2848 2849 2850
f 2850 2849 2851
f 2850 2851 2840
f 2840 2851 2852
f 2840 2852 2841
f 2842 2844 2853
f 2853 2844 2854
f 2853 2854 2855
f 2855 2854 2856
f 2855 2856 2857
f 2857 2856 2858
f 2857 2858 2859
f 2810 2162 2860
f 2259 2859 2162
f 2162 2859 2858
f 2162 2858 2860
f 2860 2858 2856
f 2860 2856 2861
f 2861 2856 2854
f 2861 2854 2862
f 2862 2854 2844
f 2862 2844 2863
f 2863 2844 2846
f 2863 2846 2864
f 2864 2846 2848
f 2864 2848 2865
f 2865 2848 2850
f 2865 2850 2866
f 2866 2850 2840
f 2866 2840 2867
f 2867 2840 2838
f 2867 2838 2868
f 2868 2838 2836
f 2868 2836 2869
f 2869 2836 2832
f 2869 2832 2870
f 2870 2832 2834
f 2870 2834 2871
f 2871 2834 2828
f 2871 2828 2827
f 2827 2828 2649
f 2827 2649 2656
f 2655 2814 2827
f 2827 2814 2826
f 2827 2826 2871
f 2871 2826 2825
f 2871 2825 2870
f 2870 2825 2824
f 2870 2824 2869
f 2869 2824 2823
f 2869 2823 2868
f 2868 2823 2822
f 2868 2822 2867
f 2867 2822 2821
f 2867 2821 2866
f 2866 2821 2820
f 2866 2820 2865
f 2865 2820 2819
f 2865 2819 2864
f 2864 2819 2818
f 2864 2818 2863
f 2863 2818 2817
f 2863 2817 2862
f 2862 2817 2816
f 2862 2816 2861
f 2861 2816 2815
f 2861 2815 2860
f 2860 2815 2811
f 2860 2811 2810
f 2810 2811 2813
f 2810 2813 2163
f 2261 2243 2872
f 2269 2268 2873
f 2161 2160 2874
f 2299 2298 2875
f 2875 2298 2303
f 2875 2303 2305
f 2300 2876 2294
f 2294 2876 2877
f 2294 2877 2292
f 2289 2878 2287
f 2287 2878 2879
f 2287 2879 2277
f 2880 2881 2275
f 2275 2881 2273
f 2273 2881 2284
f 2284 2881 2882
f 2284 2882 2282
f 2282 2882 2883
f 2282 2883 2280
f 2268 2266 2873
f 2873 2266 2263
f 2873 2263 2884
f 2884 2263 2262
f 2884 2262 2885
f 2885 2262 2280
f 2885 2280 2886
f 2886 2280 2883
f 2247 2272 2887
f 2887 2272 2271
f 2887 2271 2888
f 2889 2256 2890
f 2890 2256 2258
f 2890 2258 2260
f 2889 2890 2891
f 2891 2890 2892
f 2891 2892 2893
f 2893 2892 2894
f 2894 2892 2895
f 2894 2895 2896
f 2896 2895 2897
f 2896 2897 2898
f 2898 2897 2899
f 2899 2897 2900
f 2899 2900 2901
f 2901 2900 2902
f 2902 2900 2903
f 2902 2903 2904
f 2904 2903 2905
f 2904 2905 2906
f 2906 2905 2907
f 2907 2905 2908
f 2907 2908 2909
f 2909 2908 2910
f 2910 2908 2911
f 2910 2911 2912
f 2912 2911 2913
f 2912 2913 2914
f 2914 2913 2915
f 2915 2913 2916
f 2915 2916 2917
f 2917 2916 2918
f 2918 2916 2875
f 2918 2875 2874
f 2874 2875 2305
f 2874 2305 2161
f 2275 2277 2880
f 2880 2277 2879
f 2880 2879 2881
f 2881 2879 2919
f 2881 2919 2882
f 2882 2919 2920
f 2882 2920 2883
f 2883 2920 2921
f 2883 2921 2886
f 2886 2921 2922
f 2886 2922 2885
f 2885 2922 2923
f 2885 2923 2884
f 2884 2923 2924
f 2884 2924 2873
f 2873 2924 2888
f 2873 2888 2269
f 2269 2888 2271
f 2289 2292 2878
f 2878 2292 2877
f 2878 2877 2879
f 2879 2877 2925
f 2879 2925 2919
f 2919 2925 2926
f 2919 2926 2920
f 2920 2926 2927
f 2920 2927 2921
f 2921 2927 2928
f 2921 2928 2922
f 2922 2928 2929
f 2922 2929 2923
f 2923 2929 2930
f 2923 2930 2924
f 2924 2930 2931
f 2924 2931 2888
f 2888 2931 2932
f 2888 2932 2887
f 2887 2932 2933
f 2887 2933 2247
f 2247 2933 2872
f 2247 2872 2245
f 2245 2872 2243
f 2300 2299 2876
f 2876 2299 2875
f 2876 2875 2877
f 2877 2875 2916
f 2877 2916 2925
f 2925 2916 2913
f 2925 2913 2926
f 2926 2913 2911
f 2926 2911 2927
f 2927 2911 2908
f 2927 2908 2928
f 2928 2908 2905
f 2928 2905 2929
f 2929 2905 2903
f 2929 2903 2930
f 2930 2903 2900
f 2930 2900 2931
f 2931 2900 2897
f 2931 2897 2932
f 2932 2897 2895
f 2932 2895 2933
f 2933 2895 2892
f 2933 2892 2872
f 2872 2892 2890
f 2872 2890 2261
f 2261 2890 2260
f 2833 2874 2829
f 2829 2874 2160
f 2829 2160 2643
f 2643 2160 2159
f 2643 2159 2312
f 2859 2259 2257
f 2257 2256 2859
f 2859 2256 2889
f 2859 2889 2857
f 2857 2889 2891
f 2857 2891 2855
f 2855 2891 2893
f 2855 2893 2853
f 2853 2893 2894
f 2853 2894 2842
f 2842 2894 2896
f 2842 2896 2843
f 2843 2896 2898
f 2843 2898 2845
f 2898 2899 2845
f 2845 2899 2901
f 2845 2901 2847
f 2847 2901 2902
f 2847 2902 2849
f 2849 2902 2904
f 2849 2904 2851
f 2851 2904 2906
f 2851 2906 2852
f 2852 2906 2907
f 2852 2907 2841
f 2841 2907 2909
f 2841 2909 2839
f 2839 2909 2910
f 2839 2910 2837
f 2837 2910 2912
f 2837 2912 2835
f 2835 2912 2914
f 2835 2914 2830
f 2830 2914 2915
f 2830 2915 2831
f 2831 2915 2917
f 2831 2917 2833
f 2833 2917 2918
f 2833 2918 2874
f 2310 2648 2646
f 2310 2646 2311
f 2646 2644 2311
f 2311 2644 2643
f 2311 2643 2312
f 2934 2733 2732
f 2307 2934 2309
f 2309 2934 2732
f 2309 2732 2310
f 2310 2732 2648
f 2934 2307 2318
f 2661 2612 2742
f 2661 2316 2662
f 2662 2316 2315
f 2662 2315 2664
f 2664 2315 2320
f 2664 2320 2666
f 2666 2320 2668
f 2668 2320 2157
f 2668 2157 2660
f 2326 2743 2324
f 2324 2743 2935
f 2324 2935 2156
f 2156 2935 2658
f 2156 2658 2157
f 2157 2658 2657
f 2157 2657 2660
f 2722 2531 2697
f 2697 2334 2722
f 2722 2334 2335
f 2722 2335 2723
f 2723 2335 2336
f 2723 2336 2724
f 2155 2936 2338
f 2338 2936 2748
f 2338 2748 2336
f 2336 2748 2749
f 2336 2749 2750
f 2750 2754 2336
f 2336 2754 2755
f 2336 2755 2726
f 2726 2727 2336
f 2336 2727 2728
f 2336 2728 2731
f 2731 2730 2336
f 2336 2730 2729
f 2336 2729 2724
f 2697 2698 2334
f 2334 2698 2700
f 2334 2700 2328
f 2328 2700 2702
f 2328 2702 2326
f 2326 2702 2703
f 2326 2703 2743
f 2743 2703 2510
f 2738 2737 2736
f 2740 2739 2316
f 2661 2742 2316
f 2316 2742 2741
f 2316 2741 2740
f 2738 2736 2739
f 2739 2736 2316
f 2316 2736 2735
f 2316 2735 2317
f 2317 2735 2734
f 2317 2734 2318
f 2318 2734 2733
f 2318 2733 2934
f 2936 2155 2345
f 2748 2936 2745
f 2745 2936 2345
f 2745 2345 2746
f 2746 2345 2344
f 2746 2344 2762
f 2762 2344 2343
f 2762 2343 2756
f 2756 2343 2342
f 2756 2342 2757
f 2341 2351 2937
f 2359 2358 2938
f 2388 2386 2939
f 2150 2381 2940
f 2940 2381 2383
f 2940 2383 2410
f 2941 2384 2942
f 2942 2384 2151
f 2388 2939 2390
f 2390 2939 2943
f 2390 2943 2391
f 2944 2406 2945
f 2945 2406 2404
f 2945 2404 2946
f 2946 2404 2402
f 2946 2402 2947
f 2947 2402 2400
f 2947 2400 2948
f 2948 2400 2399
f 2948 2399 2949
f 2949 2399 2396
f 2949 2396 2950
f 2950 2396 2393
f 2367 2365 2951
f 2951 2365 2363
f 2951 2363 2944
f 2944 2363 2407
f 2944 2407 2406
f 2952 2347 2348
f 2339 2341 2953
f 2953 2341 2937
f 2953 2937 2954
f 2954 2937 2955
f 2954 2955 2956
f 2956 2955 2957
f 2957 2955 2958
f 2957 2958 2959
f 2959 2958 2960
f 2959 2960 2961
f 2961 2960 2962
f 2962 2960 2963
f 2962 2963 2964
f 2964 2963 2965
f 2965 2963 2966
f 2965 2966 2967
f 2967 2966 2968
f 2967 2968 2969
f 2969 2968 2970
f 2970 2968 2971
f 2970 2971 2972
f 2972 2971 2973
f 2973 2971 2974
f 2973 2974 2975
f 2975 2974 2976
f 2975 2976 2977
f 2977 2976 2978
f 2978 2976 2979
f 2978 2979 2980
f 2980 2979 2981
f 2981 2979 2940
f 2981 2940 2982
f 2982 2940 2410
f 2982 2410 2409
f 2351 2347 2937
f 2937 2347 2952
f 2937 2952 2955
f 2955 2952 2983
f 2955 2983 2958
f 2958 2983 2984
f 2958 2984 2960
f 2960 2984 2985
f 2960 2985 2963
f 2963 2985 2986
f 2963 2986 2966
f 2966 2986 2987
f 2966 2987 2968
f 2968 2987 2988
f 2968 2988 2971
f 2971 2988 2989
f 2971 2989 2974
f 2974 2989 2990
f 2974 2990 2976
f 2976 2990 2991
f 2976 2991 2979
f 2979 2991 2941
f 2979 2941 2940
f 2940 2941 2942
f 2940 2942 2150
f 2150 2942 2151
f 2348 2361 2952
f 2952 2361 2359
f 2952 2359 2983
f 2983 2359 2938
f 2983 2938 2984
f 2984 2938 2992
f 2984 2992 2985
f 2985 2992 2993
f 2985 2993 2986
f 2986 2993 2994
f 2986 2994 2987
f 2987 2994 2995
f 2987 2995 2988
f 2988 2995 2996
f 2988 2996 2989
f 2989 2996 2997
f 2989 2997 2990
f 2990 2997 2998
f 2990 2998 2991
f 2991 2998 2943
f 2991 2943 2941
f 2941 2943 2939
f 2941 2939 2384
f 2384 2939 2386
f 2358 2354 2938
f 2938 2354 2367
f 2938 2367 2992
f 2992 2367 2951
f 2992 2951 2993
f 2993 2951 2944
f 2993 2944 2994
f 2994 2944 2945
f 2994 2945 2995
f 2995 2945 2946
f 2995 2946 2996
f 2996 2946 2947
f 2996 2947 2997
f 2997 2947 2948
f 2997 2948 2998
f 2998 2948 2949
f 2998 2949 2943
f 2943 2949 2950
f 2943 2950 2391
f 2391 2950 2393
f 2982 2409 2408
f 2757 2342 2340
f 2953 2999 3000
f 2757 2340 3000
f 3000 2340 2339
f 3000 2339 2953
f 3001 2975 3002
f 3002 2975 2977
f 3002 2977 3003
f 3003 2977 2978
f 3003 2978 3004
f 3004 2978 2980
f 3004 2980 3005
f 3005 2980 2981
f 3005 2981 3006
f 3006 2981 2982
f 3006 2982 3007
f 3007 2982 2408
f 3007 2408 2413
f 2953 2954 2999
f 2999 2954 2956
f 2999 2956 3008
f 3008 2956 2957
f 3008 2957 3009
f 3009 2957 2959
f 3009 2959 3010
f 3010 2959 2961
f 3010 2961 3011
f 3011 2961 2962
f 3011 2962 3012
f 3012 2962 2964
f 3012 2964 3013
f 3013 2964 2965
f 3013 2965 3014
f 3014 2965 2967
f 3014 2967 3015
f 3015 2967 2969
f 3015 2969 3016
f 3016 2969 2970
f 3016 2970 3017
f 3017 2970 2972
f 3017 2972 3001
f 3001 2972 2973
f 3001 2973 2975
f 2412 2411 3018
f 3005 3006 3019
f 3019 3006 3007
f 3019 3007 3018
f 3018 3007 2413
f 3018 2413 2412
f 3005 3019 3004
f 3004 3019 3020
f 3004 3020 3003
f 3003 3020 3021
f 3003 3021 3002
f 3002 3021 3022
f 3002 3022 3001
f 3001 3022 3023
f 3001 3023 3017
f 3011 3012 3024
f 3024 3012 3013
f 3024 3013 3025
f 3025 3013 3014
f 3025 3014 3026
f 3026 3014 3015
f 3026 3015 3023
f 3023 3015 3016
f 3023 3016 3017
f 3011 3024 3010
f 3010 3024 3027
f 3010 3027 3009
f 3009 3027 3028
f 3009 3028 3008
f 3008 3028 3029
f 3008 3029 2999
f 2999 3029 3030
f 2999 3030 3000
f 3000 3030 2758
f 3000 2758 2757
f 3031 2759 2760
f 2766 2753 2759
f 2759 3031 2766
f 2766 3031 3032
f 2766 3032 2767
f 2767 3032 3033
f 2767 3033 2775
f 2775 3033 3034
f 2775 3034 2776
f 2776 3034 3035
f 2776 3035 2777
f 2777 3035 3036
f 2777 3036 2778
f 2778 3036 3037
f 2778 3037 2769
f 2769 3037 3038
f 2769 3038 2770
f 2770 3038 3039
f 2770 3039 2771
f 2771 3039 3040
f 2771 3040 2772
f 2772 3040 3041
f 2772 3041 2773
f 2773 3041 3042
f 2773 3042 2774
f 2774 3042 3043
f 2774 3043 2768
f 2768 3043 3044
f 2768 3044 2763
f 3045 3046 3047
f 2411 2414 3046
f 3046 3045 2411
f 2411 3045 3048
f 2411 3048 3018
f 3018 3048 3049
f 3018 3049 3019
f 3019 3049 3050
f 3019 3050 3020
f 3020 3050 3051
f 3020 3051 3021
f 3021 3051 3052
f 3021 3052 3022
f 3022 3052 3053
f 3022 3053 3023
f 3023 3053 3054
f 3023 3054 3026
f 3026 3054 3055
f 3026 3055 3025
f 3025 3055 3056
f 3025 3056 3024
f 3024 3056 3057
f 3024 3057 3027
f 3027 3057 3058
f 3027 3058 3028
f 3028 3058 3059
f 3028 3059 3029
f 3029 3059 3060
f 3029 3060 3030
f 3030 3060 2761
f 3030 2761 2758
f 2764 2763 3047
f 3047 2763 3044
f 3047 3044 3045
f 3045 3044 3043
f 3045 3043 3048
f 3048 3043 3042
f 3048 3042 3049
f 3049 3042 3041
f 3049 3041 3050
f 3050 3041 3040
f 3050 3040 3051
f 3051 3040 3039
f 3051 3039 3052
f 3052 3039 3038
f 3052 3038 3053
f 3053 3038 3037
f 3053 3037 3054
f 3054 3037 3036
f 3054 3036 3055
f 3055 3036 3035
f 3055 3035 3056
f 3056 3035 3034
f 3056 3034 3057
f 3057 3034 3033
f 3057 3033 3058
f 3058 3033 3032
f 3058 3032 3059
f 3059 3032 3031
f 3059 3031 3060
f 3060 3031 2760
f 3060 2760 2761
f 2152 2368 3061
f 3062 3063 3064
f 3064 3063 3065
f 3064 3065 3066
f 3066 3065 3067
f 3066 3067 3061
f 3061 3067 3068
f 3061 3068 2152
f 2169 3069 2171
f 2171 3069 3070
f 2373 2372 3070
f 3070 2372 2173
f 3070 2173 2171
f 2377 3071 2378
f 2378 3071 2379
f 2377 2376 3071
f 3071 2376 2370
f 3071 2370 3070
f 3070 2370 2369
f 3070 2369 2373
f 2368 2380 3061
f 3061 2380 2379
f 3061 2379 3066
f 3066 2379 3071
f 3066 3071 3064
f 3064 3071 3070
f 3064 3070 3062
f 3062 3070 3069
f 3069 2169 2168
f 3069 2168 3072
f 3063 3062 3073
f 3073 3062 3074
f 3073 3074 3075
f 3075 3074 3076
f 3075 3076 3077
f 3077 3076 3078
f 3077 3078 3079
f 3079 3078 3080
f 3079 3080 3081
f 3081 3080 3082
f 3081 3082 3083
f 3083 3082 3084
f 3083 3084 3085
f 3085 3084 3086
f 3085 3086 3087
f 3087 3086 3088
f 3087 3088 3089
f 3089 3088 3090
f 2213 2215 3091
f 3091 2215 2223
f 3091 2223 3092
f 3092 2223 2221
f 3092 2221 2219
f 2213 3091 2211
f 2211 3091 3093
f 2211 3093 2208
f 2208 3093 3094
f 2208 3094 2206
f 3095 2202 3094
f 3094 2202 2204
f 3094 2204 2206
f 3096 2194 3095
f 3095 2194 2200
f 3095 2200 2202
f 2191 2193 3097
f 3097 2193 2197
f 3097 2197 3096
f 3096 2197 2195
f 3096 2195 2194
f 2191 3097 2189
f 2189 3097 3098
f 2189 3098 2187
f 2168 2167 3072
f 3072 2167 2184
f 3072 2184 3098
f 3098 2184 2186
f 3098 2186 2187
f 3062 3069 3074
f 3074 3069 3072
f 3074 3072 3076
f 3076 3072 3098
f 3076 3098 3078
f 3078 3098 3097
f 3078 3097 3080
f 3080 3097 3096
f 3080 3096 3082
f 3082 3096 3095
f 3082 3095 3084
f 3084 3095 3094
f 3084 3094 3086
f 3086 3094 3093
f 3086 3093 3088
f 3088 3093 3091
f 3088 3091 3090
f 3090 3091 3092
f 3099 3100 3101
f 2228 2227 3102
f 2219 2218 3101
f 3101 2218 2224
f 2219 3101 3092
f 3092 3101 3100
f 3092 3100 3090
f 3089 3090 3103
f 3103 3090 3100
f 3103 3100 3104
f 3104 3100 3099
f 3104 3099 3105
f 3105 3099 3106
f 3106 2252 3105
f 3105 2252 2248
f 3105 2248 2246
f 2227 2230 3102
f 3102 2230 2249
f 3102 2249 2251
f 2239 3101 2240
f 2240 3101 2224
f 2240 2224 2238
f 2239 2228 3101
f 3101 2228 3102
f 3101 3102 3099
f 3099 3102 2251
f 3099 2251 3106
f 3106 2251 2253
f 3106 2253 2252
f 3105 2246 2244
f 3079 3081 3047
f 2152 3068 2382
f 2382 3068 3067
f 2382 3067 2414
f 2414 3067 3065
f 3105 2244 3104
f 3104 2244 2164
f 3104 2164 3103
f 3103 2164 3089
f 3089 2164 2163
f 3089 2163 3087
f 3087 2163 3085
f 3085 2163 2813
f 3085 2813 3083
f 3083 2813 2812
f 3083 2812 3081
f 2780 2779 3047
f 3047 2779 2764
f 2764 2779 2781
f 2764 2781 2765
f 3065 3063 2414
f 2414 3063 3073
f 2414 3073 3046
f 3046 3073 3075
f 3046 3075 3047
f 3047 3075 3077
f 3047 3077 3079
f 2794 2793 2807
f 2807 2793 2792
f 2807 2792 2812
f 2812 2792 2791
f 2787 2786 3081
f 3081 2786 2783
f 2791 2790 2812
f 2812 2790 2789
f 2812 2789 3081
f 3081 2789 2788
f 3081 2788 2787
f 2783 2785 3081
f 3081 2785 2784
f 3081 2784 3047
f 3047 2784 2782
f 3047 2782 2780
f 3107 3108 3109
f 3109 3108 3110
f 3111 3112 3113
f 3113 3112 3114
f 3111 3113 3115
f 3115 3113 3116
f 3115 3116 3117
f 3117 3116 3118
f 3117 3118 3119
f 3119 3118 3120
f 3119 3120 3121
f 3122 3123 3124
f 3124 3123 3121
f 3124 3121 3125
f 3125 3121 3120
f 3110 3108 3126
f 3126 3108 3127
f 3126 3127 3122
f 3122 3127 3128
f 3122 3128 3123
f 3129 3130 3131
f 3131 3130 3132
f 3133 3134 3135
f 3135 3134 3136
f 3137 3138 3139
f 3137 3139 3140
f 3140 3139 3136
f 3140 3136 3134
f 3141 3142 3143
f 3143 3142 3144
f 3145 3116 3146
f 3146 3116 3113
f 3147 3120 3118
f 3120 3147 3125
f 3125 3147 3148
f 3125 3148 3124
f 3124 3148 3149
f 3124 3149 3122
f 3149 3150 3122
f 3122 3150 3151
f 3122 3151 3126
f 3126 3151 3152
f 3126 3152 3110
f 3153 3154 3155
f 3155 3154 3156
f 3155 3156 3157
f 3157 3156 3158
f 3158 3159 3157
f 3157 3159 3145
f 3157 3145 3155
f 3155 3145 3146
f 3155 3146 3153
f 3153 3146 3113
f 3153 3113 3114
f 3160 3152 3161
f 3161 3152 3151
f 3161 3151 3162
f 3162 3151 3150
f 3162 3150 3163
f 3163 3150 3149
f 3163 3149 3164
f 3164 3149 3148
f 3164 3148 3159
f 3159 3148 3147
f 3159 3147 3145
f 3145 3147 3118
f 3145 3118 3116
f 3165 3166 3167
f 3167 3166 3168
f 3167 3168 3169
f 3170 3171 3167
f 3167 3171 3172
f 3167 3172 3165
f 3173 3174 3167
f 3167 3174 3175
f 3167 3175 3170
f 3169 3176 3167
f 3167 3176 3177
f 3167 3177 3173
f 3152 3160 3178
f 3178 3179 3152
f 3152 3179 3109
f 3152 3109 3110
f 3180 3181 3182
f 3183 3184 3182
f 3182 3184 3185
f 3182 3185 3180
f 3186 3187 3188
f 3188 3187 3182
f 3188 3182 3189
f 3189 3182 3181
f 3107 3109 3190
f 3190 3109 3191
f 3190 3191 3192
f 3192 3191 3193
f 3192 3193 3194
f 3194 3193 3195
f 3194 3195 3196
f 3196 3195 3197
f 3183 3182 3198
f 3198 3182 3199
f 3198 3199 3200
f 3199 3201 3200
f 3200 3201 3202
f 3200 3202 3203
f 3203 3202 3204
f 3203 3204 3205
f 3205 3204 3206
f 3205 3206 3207
f 3207 3206 3208
f 3207 3208 3209
f 3209 3208 3210
f 3210 3208 3211
f 3210 3211 3212
f 3212 3211 3213
f 3213 3211 3214
f 3213 3214 3215
f 3216 3217 3218
f 3218 3217 3213
f 3218 3213 3219
f 3219 3213 3215
f 3220 3221 3216
f 3216 3221 3222
f 3216 3222 3217
f 3196 3197 3223
f 3223 3197 3220
f 3223 3220 3224
f 3224 3220 3216
f 3225 3226 3227
f 3227 3226 3228
f 3227 3228 3229
f 3230 3231 3227
f 3227 3231 3232
f 3227 3232 3225
f 3233 3234 3227
f 3227 3234 3235
f 3227 3235 3230
f 3229 3236 3227
f 3227 3236 3237
f 3227 3237 3233
f 3238 3239 3240
f 3240 3239 3241
f 3240 3241 3242
f 3242 3241 3108
f 3242 3108 3107
f 3243 3244 3245
f 3246 3128 3247
f 3247 3128 3127
f 3247 3127 3248
f 3248 3127 3108
f 3248 3108 3241
f 3123 3249 3121
f 3121 3249 3250
f 3121 3250 3119
f 3119 3250 3251
f 3119 3251 3117
f 3117 3251 3245
f 3117 3245 3115
f 3115 3245 3111
f 3111 3245 3244
f 3111 3244 3112
f 3243 3245 3252
f 3252 3245 3251
f 3252 3251 3253
f 3253 3251 3250
f 3253 3250 3254
f 3254 3250 3249
f 3254 3249 3246
f 3246 3249 3123
f 3246 3123 3128
f 3255 3244 3256
f 3256 3244 3243
f 3256 3243 3257
f 3257 3243 3252
f 3257 3252 3258
f 3258 3252 3253
f 3258 3253 3259
f 3259 3253 3254
f 3259 3254 3260
f 3260 3254 3246
f 3260 3246 3261
f 3261 3246 3247
f 3261 3247 3262
f 3262 3247 3248
f 3262 3248 3239
f 3239 3248 3241
f 3263 3264 3265
f 3265 3132 3263
f 3263 3132 3130
f 3263 3130 3266
f 3138 3137 3267
f 3267 3137 3268
f 3267 3268 3142
f 3142 3141 3267
f 3267 3141 3269
f 3267 3269 3270
f 3266 3138 3263
f 3263 3138 3267
f 3263 3267 3271
f 3271 3267 3272
f 3271 3272 3273
f 3273 3272 3274
f 3273 3274 3275
f 3275 3274 3276
f 3275 3276 3277
f 3277 3276 3278
f 3277 3278 3279
f 3279 3278 3280
f 3279 3280 3112
f 3112 3280 3114
f 3281 3282 3283
f 3283 3282 3284
f 3283 3284 3285
f 3285 3284 3286
f 3286 3131 3285
f 3285 3131 3132
f 3285 3132 3265
f 3282 3287 3284
f 3284 3287 3288
f 3284 3288 3286
f 3129 3131 3289
f 3289 3131 3286
f 3289 3286 3288
f 3290 3291 3292
f 3292 3291 3293
f 3292 3293 3294
f 3288 3290 3289
f 3289 3290 3292
f 3289 3292 3294
f 3289 3294 3129
f 3135 3136 3139
f 3294 3138 3129
f 3129 3138 3266
f 3129 3266 3130
f 3135 3139 3295
f 3295 3139 3138
f 3295 3138 3296
f 3296 3138 3294
f 3296 3294 3293
f 3296 3297 3295
f 3295 3297 3298
f 3295 3298 3299
f 3299 3298 3300
f 3299 3300 3301
f 3302 3133 3135
f 3299 3301 3303
f 3135 3295 3302
f 3302 3295 3299
f 3302 3299 3304
f 3304 3299 3303
f 3137 3305 3268
f 3268 3305 3144
f 3268 3144 3142
f 3134 3133 3140
f 3140 3133 3302
f 3140 3302 3137
f 3137 3302 3306
f 3137 3306 3305
f 3303 3307 3304
f 3304 3307 3308
f 3304 3308 3302
f 3302 3308 3309
f 3302 3309 3306
f 3310 3311 3312
f 3310 3313 3311
f 3311 3313 3314
f 3306 3312 3305
f 3305 3312 3311
f 3305 3311 3144
f 3144 3311 3314
f 3315 3316 3317
f 3317 3316 3313
f 3313 3316 3314
f 3314 3316 3318
f 3314 3318 3143
f 3314 3143 3144
f 3319 3269 3141
f 3315 3320 3316
f 3316 3320 3321
f 3321 3322 3316
f 3316 3322 3319
f 3316 3319 3318
f 3318 3319 3141
f 3318 3141 3143
f 3270 3269 3323
f 3323 3269 3319
f 3324 3325 3321
f 3321 3325 3323
f 3321 3323 3322
f 3322 3323 3319
f 3320 3326 3321
f 3321 3326 3327
f 3321 3327 3324
f 3270 3323 3328
f 3329 3272 3267
f 3272 3329 3274
f 3274 3329 3330
f 3274 3330 3276
f 3276 3330 3278
f 3278 3330 3331
f 3278 3331 3280
f 3280 3331 3153
f 3280 3153 3114
f 3332 3333 3334
f 3334 3333 3154
f 3334 3154 3335
f 3336 3337 3338
f 3329 3339 3330
f 3330 3339 3334
f 3330 3334 3331
f 3331 3334 3335
f 3331 3335 3153
f 3153 3335 3154
f 3332 3334 3338
f 3338 3334 3339
f 3338 3339 3336
f 3336 3339 3329
f 3336 3329 3328
f 3328 3329 3267
f 3328 3267 3270
f 3340 3160 3161
f 3340 3161 3341
f 3341 3161 3162
f 3341 3162 3342
f 3342 3162 3163
f 3342 3163 3343
f 3343 3163 3164
f 3343 3164 3344
f 3344 3164 3159
f 3344 3159 3345
f 3345 3159 3158
f 3345 3158 3346
f 3346 3158 3156
f 3346 3156 3347
f 3347 3156 3154
f 3347 3154 3333
f 3348 3178 3340
f 3340 3178 3160
f 3349 3174 3350
f 3350 3174 3173
f 3350 3173 3351
f 3351 3173 3177
f 3351 3177 3352
f 3352 3177 3176
f 3352 3176 3353
f 3353 3176 3169
f 3353 3169 3354
f 3354 3169 3168
f 3354 3168 3355
f 3355 3168 3166
f 3355 3166 3356
f 3356 3166 3165
f 3356 3165 3357
f 3357 3165 3172
f 3357 3172 3358
f 3358 3172 3171
f 3358 3171 3359
f 3359 3171 3170
f 3359 3170 3360
f 3360 3170 3175
f 3360 3175 3349
f 3349 3175 3174
f 3361 3362 3363
f 3363 3362 3364
f 3364 3365 3363
f 3363 3365 3366
f 3363 3366 3367
f 3367 3366 3368
f 3367 3368 3369
f 3369 3368 3370
f 3370 3371 3369
f 3369 3371 3372
f 3369 3372 3373
f 3373 3372 3374
f 3373 3374 3375
f 3375 3374 3376
f 3178 3348 3377
f 3377 3348 3375
f 3377 3375 3378
f 3378 3375 3376
f 3379 3179 3178
f 3198 3380 3183
f 3179 3379 3109
f 3381 3193 3379
f 3379 3193 3191
f 3379 3191 3109
f 3382 3197 3381
f 3381 3197 3195
f 3381 3195 3193
f 3383 3221 3382
f 3382 3221 3220
f 3382 3220 3197
f 3384 3217 3383
f 3383 3217 3222
f 3383 3222 3221
f 3385 3212 3384
f 3384 3212 3213
f 3384 3213 3217
f 3200 3203 3386
f 3386 3203 3205
f 3386 3205 3387
f 3387 3205 3207
f 3387 3207 3209
f 3380 3198 3388
f 3384 3370 3385
f 3385 3370 3368
f 3385 3368 3389
f 3389 3368 3366
f 3389 3366 3390
f 3390 3366 3365
f 3390 3365 3364
f 3178 3377 3379
f 3379 3377 3378
f 3379 3378 3381
f 3381 3378 3376
f 3381 3376 3382
f 3382 3376 3374
f 3382 3374 3383
f 3383 3374 3372
f 3383 3372 3384
f 3384 3372 3371
f 3384 3371 3370
f 3388 3390 3391
f 3391 3390 3364
f 3391 3364 3362
f 3198 3200 3388
f 3388 3200 3386
f 3388 3386 3390
f 3390 3386 3387
f 3390 3387 3389
f 3389 3387 3209
f 3389 3209 3385
f 3385 3209 3210
f 3385 3210 3212
f 3184 3183 3185
f 3185 3183 3392
f 3185 3392 3180
f 3188 3189 3392
f 3392 3189 3181
f 3392 3181 3180
f 3182 3187 3392
f 3392 3187 3186
f 3392 3186 3188
f 3393 3240 3242
f 3394 3395 3396
f 3199 3182 3397
f 3196 3398 3194
f 3194 3398 3399
f 3194 3399 3192
f 3192 3399 3400
f 3192 3400 3190
f 3396 3202 3397
f 3397 3202 3201
f 3397 3201 3199
f 3401 3211 3208
f 3402 3403 3218
f 3218 3219 3402
f 3402 3219 3215
f 3402 3215 3401
f 3401 3215 3214
f 3401 3214 3211
f 3196 3223 3398
f 3398 3223 3224
f 3398 3224 3403
f 3403 3224 3216
f 3403 3216 3218
f 3401 3404 3402
f 3402 3404 3405
f 3402 3405 3403
f 3403 3405 3406
f 3403 3406 3398
f 3398 3406 3407
f 3398 3407 3399
f 3399 3407 3393
f 3399 3393 3400
f 3400 3393 3242
f 3400 3242 3190
f 3190 3242 3107
f 3408 3409 3410
f 3410 3409 3411
f 3410 3411 3412
f 3413 3408 3414
f 3414 3408 3410
f 3414 3410 3415
f 3415 3410 3412
f 3415 3412 3416
f 3397 3413 3396
f 3396 3413 3414
f 3396 3414 3394
f 3394 3414 3415
f 3394 3415 3417
f 3417 3415 3416
f 3417 3416 3418
f 3418 3404 3417
f 3417 3404 3401
f 3417 3401 3394
f 3394 3401 3208
f 3394 3208 3395
f 3395 3208 3206
f 3395 3206 3396
f 3396 3206 3204
f 3396 3204 3202
f 3418 3419 3404
f 3404 3419 3420
f 3404 3420 3405
f 3405 3420 3421
f 3405 3421 3406
f 3406 3421 3422
f 3406 3422 3407
f 3238 3240 3423
f 3423 3240 3393
f 3423 3393 3424
f 3424 3393 3407
f 3424 3407 3425
f 3425 3407 3422
f 3426 3234 3427
f 3427 3234 3233
f 3427 3233 3428
f 3428 3233 3237
f 3428 3237 3429
f 3429 3237 3236
f 3429 3236 3430
f 3430 3236 3229
f 3430 3229 3431
f 3431 3229 3228
f 3431 3228 3432
f 3432 3228 3226
f 3432 3226 3433
f 3433 3226 3225
f 3433 3225 3434
f 3434 3225 3232
f 3434 3232 3435
f 3435 3232 3231
f 3435 3231 3436
f 3436 3231 3230
f 3436 3230 3437
f 3437 3230 3235
f 3437 3235 3426
f 3426 3235 3234
f 3438 3238 3439
f 3439 3238 3423
f 3423 3424 3439
f 3439 3424 3425
f 3439 3425 3440
f 3440 3425 3422
f 3440 3422 3441
f 3441 3422 3421
f 3421 3420 3441
f 3441 3420 3419
f 3441 3419 3442
f 3442 3419 3418
f 3442 3418 3443
f 3443 3418 3416
f 3409 3444 3411
f 3411 3444 3443
f 3411 3443 3412
f 3412 3443 3416
f 3238 3438 3239
f 3239 3438 3445
f 3446 3255 3256
f 3446 3256 3447
f 3447 3256 3257
f 3447 3257 3448
f 3448 3257 3258
f 3448 3258 3449
f 3449 3258 3259
f 3449 3259 3450
f 3450 3259 3260
f 3450 3260 3451
f 3451 3260 3261
f 3451 3261 3452
f 3452 3261 3262
f 3452 3262 3453
f 3453 3262 3239
f 3453 3239 3445
f 3279 3454 3277
f 3277 3454 3455
f 3456 3273 3455
f 3455 3273 3275
f 3455 3275 3277
f 3457 3264 3458
f 3458 3264 3263
f 3458 3263 3456
f 3456 3263 3271
f 3456 3271 3273
f 3255 3446 3459
f 3459 3446 3460
f 3459 3460 3461
f 3461 3460 3462
f 3461 3462 3463
f 3463 3462 3464
f 3463 3458 3461
f 3461 3458 3456
f 3461 3456 3459
f 3459 3456 3455
f 3459 3455 3255
f 3255 3455 3454
f 3255 3454 3244
f 3244 3454 3279
f 3244 3279 3112
f 3265 3264 3285
f 3285 3264 3457
f 3285 3457 3283
f 3283 3457 3465
f 3283 3465 3281
f 3281 3465 3466
f 3317 3313 3467
f 3467 3313 3310
f 3467 3310 3468
f 3293 3291 3468
f 3468 3291 3290
f 3468 3290 3469
f 3469 3290 3288
f 3288 3287 3469
f 3469 3287 3282
f 3469 3282 3470
f 3471 3472 3473
f 3473 3472 3474
f 3473 3474 3475
f 3475 3474 3326
f 3475 3326 3476
f 3476 3326 3320
f 3476 3320 3467
f 3467 3320 3315
f 3467 3315 3317
f 3310 3312 3468
f 3468 3312 3306
f 3468 3306 3293
f 3293 3306 3309
f 3282 3281 3470
f 3470 3281 3466
f 3470 3466 3477
f 3477 3466 3478
f 3477 3478 3479
f 3479 3478 3480
f 3479 3480 3481
f 3307 3303 3301
f 3301 3300 3307
f 3307 3300 3298
f 3307 3298 3308
f 3308 3298 3297
f 3308 3297 3309
f 3309 3297 3296
f 3309 3296 3293
f 3468 3469 3482
f 3482 3483 3468
f 3468 3483 3484
f 3468 3484 3467
f 3485 3472 3486
f 3486 3472 3471
f 3467 3484 3476
f 3476 3484 3487
f 3476 3487 3475
f 3475 3487 3488
f 3475 3488 3473
f 3473 3488 3489
f 3473 3489 3471
f 3471 3489 3486
f 3490 3491 3492
f 3472 3485 3492
f 3492 3485 3493
f 3492 3493 3490
f 3494 3472 3495
f 3495 3472 3492
f 3495 3492 3496
f 3496 3492 3491
f 3494 3337 3472
f 3472 3337 3336
f 3472 3336 3474
f 3474 3336 3328
f 3474 3328 3326
f 3326 3328 3327
f 3323 3325 3328
f 3328 3325 3324
f 3328 3324 3327
f 3497 3498 3499
f 3500 3501 3502
f 3502 3501 3503
f 3502 3503 3499
f 3499 3503 3504
f 3499 3504 3497
f 3505 3506 3507
f 3507 3506 3508
f 3507 3508 3502
f 3502 3508 3509
f 3502 3509 3500
f 3510 3502 3499
f 3511 3512 3513
f 3513 3512 3514
f 3515 3516 3517
f 3518 3519 3520
f 3498 3511 3499
f 3499 3511 3513
f 3499 3513 3510
f 3510 3513 3514
f 3510 3514 3517
f 3517 3514 3521
f 3517 3521 3515
f 3507 3502 3522
f 3522 3502 3510
f 3522 3510 3523
f 3523 3510 3517
f 3523 3517 3520
f 3520 3517 3516
f 3520 3516 3518
f 3353 3524 3361
f 3361 3524 3525
f 3361 3525 3526
f 3354 3355 3527
f 3353 3361 3352
f 3352 3361 3363
f 3352 3363 3351
f 3527 3528 3354
f 3354 3528 3529
f 3354 3529 3353
f 3353 3529 3530
f 3353 3530 3524
f 3358 3494 3357
f 3357 3494 3495
f 3357 3495 3356
f 3356 3495 3531
f 3356 3531 3355
f 3355 3531 3532
f 3355 3532 3527
f 3333 3332 3359
f 3359 3332 3338
f 3359 3338 3358
f 3358 3338 3337
f 3358 3337 3494
f 3344 3345 3359
f 3363 3367 3351
f 3351 3367 3369
f 3351 3369 3350
f 3345 3346 3359
f 3359 3346 3347
f 3359 3347 3333
f 3369 3373 3350
f 3350 3373 3375
f 3350 3375 3349
f 3349 3375 3348
f 3349 3348 3360
f 3360 3348 3340
f 3340 3341 3360
f 3360 3341 3342
f 3360 3342 3359
f 3359 3342 3343
f 3359 3343 3344
f 3362 3361 3526
f 3533 3444 3409
f 3533 3409 3534
f 3534 3409 3408
f 3534 3408 3535
f 3535 3408 3413
f 3535 3413 3536
f 3392 3537 3182
f 3182 3537 3538
f 3182 3538 3397
f 3397 3538 3539
f 3397 3539 3413
f 3413 3539 3540
f 3413 3540 3536
f 3362 3526 3391
f 3391 3526 3541
f 3391 3541 3542
f 3542 3543 3391
f 3391 3543 3544
f 3391 3544 3388
f 3388 3544 3545
f 3388 3545 3380
f 3380 3545 3537
f 3380 3537 3183
f 3183 3537 3392
f 3546 3547 3548
f 3549 3550 3551
f 3552 3553 3554
f 3554 3553 3555
f 3550 3556 3551
f 3551 3556 3557
f 3551 3557 3553
f 3553 3557 3558
f 3553 3558 3555
f 3559 3560 3561
f 3561 3560 3562
f 3561 3562 3563
f 3563 3562 3546
f 3563 3546 3564
f 3564 3546 3548
f 3552 3547 3553
f 3553 3547 3546
f 3553 3546 3551
f 3551 3546 3562
f 3551 3562 3549
f 3549 3562 3560
f 3565 3566 3547
f 3547 3566 3548
f 3567 3568 3552
f 3554 3569 3552
f 3552 3569 3570
f 3552 3570 3567
f 3568 3571 3552
f 3552 3571 3572
f 3552 3572 3547
f 3547 3572 3573
f 3547 3573 3565
f 3574 3444 3533
f 3533 3575 3574
f 3574 3575 3576
f 3574 3576 3577
f 3430 3578 3579
f 3580 3581 3577
f 3577 3581 3582
f 3577 3582 3574
f 3430 3579 3429
f 3578 3430 3583
f 3583 3430 3431
f 3583 3431 3574
f 3438 3439 3426
f 3426 3439 3437
f 3460 3428 3462
f 3462 3428 3429
f 3462 3429 3464
f 3464 3429 3579
f 3431 3432 3574
f 3574 3432 3433
f 3574 3433 3444
f 3438 3426 3445
f 3445 3426 3427
f 3445 3427 3453
f 3460 3446 3428
f 3428 3446 3447
f 3428 3447 3448
f 3428 3451 3427
f 3427 3451 3452
f 3427 3452 3453
f 3433 3434 3444
f 3444 3434 3435
f 3444 3435 3443
f 3443 3435 3436
f 3439 3440 3437
f 3437 3440 3441
f 3437 3441 3436
f 3436 3441 3442
f 3436 3442 3443
f 3448 3449 3428
f 3428 3449 3450
f 3428 3450 3451
f 3464 3579 3480
f 3578 3584 3585
f 3585 3584 3586
f 3585 3586 3587
f 3579 3578 3480
f 3480 3578 3585
f 3480 3585 3588
f 3588 3585 3587
f 3588 3587 3589
f 3478 3466 3465
f 3465 3457 3478
f 3478 3457 3458
f 3478 3458 3480
f 3480 3458 3463
f 3480 3463 3464
f 3481 3480 3590
f 3590 3480 3588
f 3477 3479 3590
f 3590 3479 3481
f 3482 3469 3591
f 3591 3469 3470
f 3591 3470 3592
f 3592 3470 3477
f 3592 3477 3593
f 3593 3477 3590
f 3594 3484 3483
f 3483 3482 3595
f 2319 3594 2158
f 2158 3594 3483
f 2158 3483 2325
f 2325 3483 3595
f 2325 3595 2327
f 3485 3486 3489
f 3594 2319 2321
f 3484 3594 3487
f 3487 3594 2321
f 3487 2321 3488
f 3488 2321 2322
f 3488 2322 3489
f 3489 2322 2323
f 3489 2323 3485
f 3531 3495 3496
f 2314 3596 2323
f 2323 3596 3493
f 2323 3493 3485
f 3531 3496 3597
f 3597 3496 3491
f 3597 3491 3596
f 3596 3491 3490
f 3596 3490 3493
f 2306 3596 2313
f 2313 3596 2314
f 3507 3532 3505
f 3505 3532 3531
f 3505 3531 2306
f 2306 3531 3597
f 2306 3597 3596
f 2276 2274 3598
f 3598 2274 2286
f 2286 2285 3598
f 3598 2285 2283
f 3598 2283 2281
f 3498 3497 3599
f 3599 3497 3600
f 3497 2291 3600
f 3600 2291 2290
f 3600 2290 3598
f 3598 2290 2288
f 3598 2288 2276
f 3497 3504 2291
f 2291 3504 3503
f 2291 3503 2293
f 2293 3503 3501
f 2293 3501 2295
f 2295 3501 2296
f 3500 2301 3501
f 3501 2301 2297
f 3501 2297 2296
f 3500 3509 2301
f 2301 3509 3508
f 2301 3508 2302
f 2302 3508 3506
f 2302 3506 2304
f 2304 3506 2308
f 2308 3506 3505
f 2308 3505 2306
f 2278 2264 3601
f 3602 3603 3604
f 3514 3512 3605
f 3511 3498 3599
f 3606 3518 3607
f 3607 3518 3516
f 3519 3518 3608
f 3608 3518 3606
f 3608 3606 3609
f 2236 3602 2237
f 2237 3602 3604
f 2237 3604 2242
f 2242 3604 3610
f 2250 2229 3610
f 3610 2229 2241
f 3610 2241 2242
f 3611 2270 2254
f 2264 2265 3601
f 3601 2265 3612
f 3601 3612 3613
f 3613 3612 3614
f 3613 3614 3521
f 3521 3614 3607
f 3521 3607 3515
f 3515 3607 3516
f 2279 2278 3615
f 3615 2278 3601
f 3615 3601 3605
f 3605 3601 3613
f 3605 3613 3514
f 3514 3613 3521
f 2281 2279 3598
f 3598 2279 3615
f 3598 3615 3600
f 3600 3615 3605
f 3600 3605 3599
f 3599 3605 3512
f 3599 3512 3511
f 3603 3616 3604
f 3604 3616 3617
f 3604 3617 3610
f 3610 3617 3618
f 3610 3618 2250
f 2250 3618 3611
f 2250 3611 2255
f 2255 3611 2254
f 3616 3609 3617
f 3617 3609 3606
f 3617 3606 3618
f 3618 3606 3607
f 3618 3607 3611
f 3611 3607 3614
f 3611 3614 2270
f 2270 3614 3612
f 2270 3612 2267
f 2267 3612 2265
f 3532 3507 3527
f 3527 3507 3522
f 3519 3528 3520
f 3520 3528 3527
f 3520 3527 3523
f 3523 3527 3522
f 3519 3608 3528
f 3528 3608 3609
f 3528 3609 3529
f 3529 3609 3616
f 3529 3616 3530
f 3530 3616 3603
f 3530 3603 3602
f 3602 2236 3530
f 3530 2236 2234
f 3530 2234 3524
f 3524 2234 3619
f 3619 2234 2232
f 3619 2232 2231
f 2235 3620 2233
f 3525 3524 3619
f 3541 3526 3525
f 3619 2231 3525
f 3525 2231 3621
f 3525 3621 3541
f 3541 3621 3542
f 3621 3622 3542
f 3542 3622 3623
f 3542 3623 3543
f 2217 2216 2222
f 2222 2216 3624
f 3620 2235 3625
f 2235 2226 3625
f 3625 2226 2225
f 3625 2225 3624
f 3624 2225 2220
f 3624 2220 2222
f 3624 3623 3625
f 3625 3623 3622
f 3625 3622 3620
f 3620 3622 3621
f 3620 3621 2233
f 2233 3621 2231
f 2183 3626 2185
f 2185 3626 3627
f 3628 2190 3627
f 3627 2190 2188
f 3627 2188 2185
f 3629 2198 3628
f 3628 2198 2192
f 3628 2192 2190
f 3630 2196 3629
f 3629 2196 2199
f 3629 2199 2198
f 2207 2205 3631
f 3631 2205 2203
f 3631 2203 3630
f 3630 2203 2201
f 3630 2201 2196
f 3632 2212 2210
f 3632 2210 3631
f 3631 2210 2209
f 3631 2209 2207
f 2212 3632 2214
f 2214 3632 3624
f 2214 3624 2216
f 3633 3536 3634
f 3634 3536 3540
f 3634 3540 3635
f 3635 3540 3539
f 3635 3539 3636
f 3636 3539 3538
f 3636 3538 3637
f 3637 3538 3537
f 3637 3537 3638
f 3638 3537 3545
f 3638 3545 3639
f 3639 3545 3544
f 3639 3544 3623
f 3623 3544 3543
f 3626 3633 3627
f 3627 3633 3634
f 3627 3634 3628
f 3628 3634 3635
f 3628 3635 3629
f 3629 3635 3636
f 3629 3636 3630
f 3630 3636 3637
f 3630 3637 3631
f 3631 3637 3638
f 3631 3638 3632
f 3632 3638 3639
f 3632 3639 3624
f 3624 3639 3623
f 2177 2176 3640
f 3640 2176 3575
f 3575 2176 3641
f 3575 3641 3576
f 3642 3643 2180
f 2180 3643 2181
f 2183 2182 3626
f 3626 2182 2175
f 3626 2175 3643
f 3643 2175 2174
f 3643 2174 2181
f 3575 3533 3640
f 3640 3533 3534
f 3640 3534 3644
f 3644 3534 3535
f 3644 3535 3633
f 3633 3535 3536
f 2180 2177 3642
f 3642 2177 3640
f 3642 3640 3643
f 3643 3640 3644
f 3643 3644 3626
f 3626 3644 3633
f 3548 3574 3564
f 3564 3574 3582
f 3564 3582 3563
f 2166 2165 3645
f 2179 2166 3577
f 3577 3576 2179
f 2179 3576 3641
f 2179 3641 2178
f 2178 3641 2176
f 2166 3645 3577
f 3577 3645 3646
f 3577 3646 3580
f 3646 3647 3580
f 3580 3647 3648
f 3580 3648 3581
f 3648 3649 3581
f 3581 3649 3559
f 3581 3559 3582
f 3582 3559 3561
f 3582 3561 3563
f 3650 3651 3652
f 3653 3654 3655
f 3560 3559 3649
f 2371 3656 2375
f 2389 3657 2387
f 2392 2398 3658
f 2394 3659 2395
f 2401 3660 3661
f 2398 2397 3662
f 3663 2172 2374
f 3645 2165 2170
f 2172 3663 2170
f 2170 3663 3646
f 2170 3646 3645
f 3664 3554 3555
f 3665 3664 3650
f 3650 3664 3555
f 3650 3555 3651
f 3651 3555 3558
f 3651 3558 3652
f 3652 3558 3557
f 3652 3557 3556
f 3549 3560 3654
f 3654 3560 3649
f 3654 3649 3655
f 3655 3649 3648
f 3655 3648 3647
f 2374 2375 3663
f 3663 2375 3656
f 3663 3656 3666
f 3666 3656 2371
f 3666 2371 2385
f 2385 2387 3666
f 3666 2387 3657
f 3666 3657 3658
f 3658 3657 2389
f 3658 2389 2392
f 2398 3662 3658
f 3658 3662 3653
f 3658 3653 3666
f 3666 3653 3655
f 3666 3655 3663
f 3663 3655 3647
f 3663 3647 3646
f 2397 2395 3662
f 3662 2395 3659
f 3662 3659 3661
f 3661 3659 2394
f 3661 2394 2401
f 3660 3665 3661
f 3661 3665 3650
f 3661 3650 3662
f 3662 3650 3652
f 3662 3652 3653
f 3653 3652 3556
f 3653 3556 3654
f 3654 3556 3550
f 3654 3550 3549
f 3569 3554 3664
f 3569 3664 3570
f 2357 3568 2352
f 2352 3568 3567
f 2352 3567 2353
f 2357 2360 3568
f 3568 2360 2350
f 3568 2350 3571
f 3571 2350 3572
f 3565 2349 2154
f 2349 3565 2350
f 2350 3565 3573
f 2350 3573 3572
f 2154 2153 3565
f 3565 2153 2346
f 3565 2346 3566
f 3567 3570 2353
f 2353 3570 3664
f 2353 3664 2355
f 2355 3664 3665
f 2355 3665 2356
f 2356 3665 2366
f 3660 2401 2403
f 2403 2405 3660
f 3660 2405 2362
f 3660 2362 3665
f 3665 2362 2364
f 3665 2364 2366
f 3566 2346 2337
f 2337 2331 3667
f 3667 3668 2337
f 2337 3668 3583
f 2337 3583 3566
f 3566 3583 3574
f 3566 3574 3548
f 3588 3589 2330
f 2330 3589 3667
f 2330 3667 2331
f 3578 3583 3584
f 3584 3583 3668
f 3584 3668 3586
f 3586 3668 3667
f 3586 3667 3587
f 3587 3667 3589
f 3595 3482 3591
f 3588 2330 2329
f 2327 3595 2332
f 2332 3595 3591
f 2332 3591 2333
f 2333 3591 3592
f 2333 3592 2329
f 2329 3592 3593
f 2329 3593 3588
f 3588 3593 3590

