mtllib material.mtl
usemtl mtl_arm_5_link
v 0.03750000 0.00000000 -0.00600000
v 0.03698855 0.00617230 -0.00600000
v -0.00000000 0.00000000 -0.00600000
v 0.03698855 -0.00617230 -0.00600000
v 0.02959277 -0.02303298 -0.00600000
v 0.03298027 -0.01784803 -0.00600000
v 0.03546815 -0.01217623 -0.00600000
v 0.01506358 -0.03434150 -0.00600000
v 0.02051056 -0.03139374 -0.00600000
v 0.02539806 -0.02758965 -0.00600000
v -0.00309673 -0.03737192 -0.00600000
v 0.00309673 -0.03737192 -0.00600000
v 0.00920571 -0.03635251 -0.00600000
v -0.02051056 -0.03139374 -0.00600000
v -0.01506358 -0.03434150 -0.00600000
v -0.00920571 -0.03635251 -0.00600000
v -0.03298027 -0.01784803 -0.00600000
v -0.02959277 -0.02303298 -0.00600000
v -0.02539806 -0.02758965 -0.00600000
v -0.03750000 0.00000000 -0.00600000
v -0.03698855 -0.00617230 -0.00600000
v -0.03546815 -0.01217623 -0.00600000
v -0.03298027 0.01784803 -0.00600000
v -0.03546815 0.01217623 -0.00600000
v -0.03698855 0.00617230 -0.00600000
v -0.02051056 0.03139374 -0.00600000
v -0.02539806 0.02758965 -0.00600000
v -0.02959277 0.02303298 -0.00600000
v -0.00309673 0.03737192 -0.00600000
v -0.00920571 0.03635251 -0.00600000
v -0.01506358 0.03434150 -0.00600000
v 0.01506358 0.03434150 -0.00600000
v 0.00920571 0.03635251 -0.00600000
v 0.00309673 0.03737192 -0.00600000
v 0.02959277 0.02303298 -0.00600000
v 0.02539806 0.02758965 -0.00600000
v 0.02051056 0.03139374 -0.00600000
v 0.03546815 0.01217623 -0.00600000
v 0.03298027 0.01784803 -0.00600000
v 0.03569952 -0.01055015 -0.02840496
v 0.03533169 -0.01161134 -0.02869471
v 0.03615753 -0.00994401 -0.03070000
v 0.03491843 -0.01270756 -0.02892501
v 0.03530902 -0.01253062 -0.03070000
v 0.03443736 -0.01388156 -0.02911230
v 0.03409393 -0.01466420 -0.02920896
v 0.03416555 -0.01523412 -0.03070000
v 0.03343994 -0.01604950 -0.02933242
v 0.03271505 -0.01745252 -0.02940130
v 0.03276291 -0.01798172 -0.03070000
v 0.03192224 -0.01885805 -0.02941612
v 0.03214399 -0.01906372 -0.03070000
v 0.03149578 -0.01956692 -0.02940248
v 0.03062759 -0.02092258 -0.02933334
v 0.03070698 -0.02134293 -0.03070000
v 0.02975202 -0.02218649 -0.02920990
v 0.02918893 -0.02345348 -0.03070000
v 0.02887873 -0.02335820 -0.02903119
v 0.02878186 -0.02397265 -0.03070000
v 0.02874731 -0.02352756 -0.02899911
v 0.02862146 -0.02417196 -0.03070000
v 0.02798354 -0.02447864 -0.02878230
v 0.02765805 -0.02530740 -0.03070000
v 0.02759613 -0.02537678 -0.03070000
v 0.02728178 -0.02530590 -0.02852990
v 0.02669053 -0.02634133 -0.03070000
v 0.03668626 -0.00709053 -0.02565000
v 0.03589172 -0.00883372 -0.02565000
v 0.03589114 -0.00883490 -0.02566915
v 0.03630169 -0.00940411 -0.03046278
v 0.03653617 -0.00844738 -0.02996990
v 0.03595586 -0.00975150 -0.02812736
v 0.03671920 -0.00761254 -0.02943863
v 0.03616454 -0.00905755 -0.02782632
v 0.03684156 -0.00699636 -0.02895771
v 0.03630978 -0.00854713 -0.02755245
v 0.03694379 -0.00643480 -0.02841654
v 0.03643575 -0.00808327 -0.02724306
v 0.03701957 -0.00598346 -0.02786067
v 0.03653264 -0.00771137 -0.02692418
v 0.03706338 -0.00570576 -0.02741877
v 0.03659033 -0.00748294 -0.02667008
v 0.03710164 -0.00545147 -0.02686663
v 0.03664190 -0.00727405 -0.02635203
v 0.03712441 -0.00529413 -0.02631478
v 0.03667320 -0.00714493 -0.02603372
v 0.03713354 -0.00522970 -0.02576257
v 0.03668589 -0.00709208 -0.02571499
v 0.03713381 -0.00522780 -0.02565000
v 0.03587164 -0.00887475 -0.02576309
v 0.03582387 -0.00897219 -0.02585698
v 0.03574626 -0.00913007 -0.02595091
v 0.03566095 -0.00930301 -0.02602609
v 0.03552103 -0.00958529 -0.02612066
v 0.03534474 -0.00993861 -0.02621272
v 0.03514848 -0.01032897 -0.02629454
v 0.03487780 -0.01086240 -0.02638492
v 0.03456076 -0.01148023 -0.02646877
v 0.03413022 -0.01230780 -0.02655694
v 0.03367414 -0.01317092 -0.02662761
v 0.03317257 -0.01410496 -0.02668554
v 0.03283045 -0.01473345 -0.02671562
v 0.03220905 -0.01585794 -0.02675425
v 0.03155808 -0.01701355 -0.02677592
v 0.03088264 -0.01818959 -0.02678059
v 0.03053260 -0.01879021 -0.02677629
v 0.02984437 -0.01995405 -0.02675454
v 0.02917885 -0.02105856 -0.02671591
v 0.02853937 -0.02210095 -0.02666039
v 0.02844503 -0.02225319 -0.02665047
v 0.02790566 -0.02311599 -0.02658375
v 0.02742255 -0.02387793 -0.02650670
v 0.02699480 -0.02454405 -0.02642024
v 0.02664680 -0.02601910 -0.02824452
v 0.02666775 -0.02504794 -0.02633807
v 0.02615282 -0.02655224 -0.02797152
v 0.02637647 -0.02549281 -0.02624778
v 0.02570675 -0.02701827 -0.02766994
v 0.02613176 -0.02586366 -0.02615272
v 0.02532760 -0.02740336 -0.02735094
v 0.02602536 -0.02602409 -0.02610295
v 0.02516149 -0.02756898 -0.02718343
v 0.02586309 -0.02626780 -0.02601075
v 0.02490672 -0.02781944 -0.02687238
v 0.02573920 -0.02645308 -0.02591610
v 0.02471103 -0.02800893 -0.02655226
v 0.02570606 -0.02650254 -0.02588372
v 0.02465850 -0.02805937 -0.02644265
v 0.02563585 -0.02660713 -0.02579114
v 0.02454700 -0.02816587 -0.02612883
v 0.02560056 -0.02665962 -0.02569746
v 0.02449084 -0.02821921 -0.02581105
v 0.02559609 -0.02666628 -0.02565000
v 0.02448371 -0.02822597 -0.02565000
v 0.02666562 -0.02636655 -0.03068573
v 0.02586693 -0.02715054 -0.03017753
v 0.02524075 -0.02773363 -0.02969450
v 0.02467170 -0.02824105 -0.02916378
v 0.02418538 -0.02865864 -0.02860501
v 0.02397156 -0.02883773 -0.02831246
v 0.02364270 -0.02910795 -0.02777051
v 0.02338938 -0.02931189 -0.02721412
v 0.02332128 -0.02936610 -0.02702385
v 0.02317656 -0.02948045 -0.02647961
v 0.02310359 -0.02953767 -0.02592898
v 0.02309432 -0.02954492 -0.02565000
v 0.02309432 -0.02954492 -0.01275000
v 0.02448371 -0.02822597 -0.01275000
v 0.02559609 -0.02666628 -0.01275000
v 0.03099824 -0.01734090 -0.02590330
v 0.03188389 -0.01608955 -0.02643687
v 0.03051678 -0.01817481 -0.01249670
v 0.03589172 -0.00883372 -0.01275000
v 0.03588819 -0.00884093 -0.01270254
v 0.03586038 -0.00889773 -0.01260886
v 0.03580490 -0.00901083 -0.01251628
v 0.03577864 -0.00906426 -0.01248390
v 0.03568013 -0.00926419 -0.01238925
v 0.03555020 -0.00952658 -0.01229705
v 0.02627946 -0.02564014 -0.01218728
v 0.02606162 -0.02596947 -0.01227934
v 0.02588712 -0.02623178 -0.01237391
v 0.02578000 -0.02639214 -0.01244909
v 0.02568208 -0.02653828 -0.01254302
v 0.02562157 -0.02662838 -0.01263691
v 0.02559682 -0.02666519 -0.01273085
v 0.03526565 -0.01009628 -0.01215222
v 0.03502603 -0.01057098 -0.01206193
v 0.02987590 -0.01956748 -0.01196313
v 0.03475317 -0.01110616 -0.01197976
v 0.03439017 -0.01180966 -0.01189330
v 0.02917477 -0.02106528 -0.01168438
v 0.02880154 -0.02167581 -0.01171446
v 0.02824342 -0.02257719 -0.01177239
v 0.02772398 -0.02340373 -0.01184306
v 0.02722255 -0.02419038 -0.01193123
v 0.02684601 -0.02477386 -0.01201508
v 0.03546447 -0.00969894 -0.01224728
v 0.02651939 -0.02527499 -0.01210546
v 0.03397186 -0.01260902 -0.01181625
v 0.03349434 -0.01350752 -0.01174953
v 0.03340967 -0.01366535 -0.01173961
v 0.03153910 -0.01704690 -0.01162371
v 0.03119397 -0.01765036 -0.01161941
v 0.03282668 -0.01474034 -0.01168409
v 0.03220290 -0.01586896 -0.01164546
v 0.03051320 -0.01882332 -0.01162408
v 0.02983790 -0.01996489 -0.01164575
v 0.03668626 -0.00709053 -0.01275000
v 0.03713381 -0.00522780 -0.01275000
v 0.02448487 -0.02822487 -0.01268501
v 0.02309583 -0.02954374 -0.01263743
v 0.02452429 -0.02818746 -0.01236628
v 0.02314706 -0.02950362 -0.01208523
v 0.02462046 -0.02809579 -0.01204797
v 0.02327193 -0.02940523 -0.01153337
v 0.02477559 -0.02794669 -0.01172992
v 0.02347303 -0.02924495 -0.01098123
v 0.02494456 -0.02778251 -0.01147582
v 0.02369162 -0.02906815 -0.01053933
v 0.02521819 -0.02751265 -0.01115694
v 0.02404459 -0.02877686 -0.00998346
v 0.02555692 -0.02717163 -0.01084755
v 0.02447981 -0.02840755 -0.00944230
v 0.02592634 -0.02679064 -0.01057368
v 0.02495225 -0.02799348 -0.00896137
v 0.02539411 -0.02759328 -0.00857883
v 0.02642298 -0.02626294 -0.01027264
v 0.02558373 -0.02741756 -0.00843010
v 0.02698646 -0.02564161 -0.00999504
v 0.02629504 -0.02673613 -0.00793722
v 0.02772156 -0.02479247 -0.00970529
v 0.02721458 -0.02579955 -0.00741894
v 0.02846429 -0.02388647 -0.00947500
v 0.02813364 -0.02479412 -0.00700358
v 0.02924046 -0.02288285 -0.00928770
v 0.02908284 -0.02367358 -0.00666307
v 0.02959248 -0.02303334 -0.00651364
v 0.02974654 -0.02219410 -0.00919104
v 0.02969521 -0.02290075 -0.00648624
v 0.03061925 -0.02093509 -0.00906758
v 0.03073831 -0.02148037 -0.00625916
v 0.03147185 -0.01960581 -0.00899870
v 0.03174009 -0.01997040 -0.00613181
v 0.03229268 -0.01821645 -0.00898388
v 0.03268614 -0.01838114 -0.00610436
v 0.03298030 -0.01784796 -0.00611751
v 0.03269334 -0.01749269 -0.00899752
v 0.03314045 -0.01754881 -0.00612963
v 0.03343328 -0.01606299 -0.00906666
v 0.03396438 -0.01589563 -0.00625746
v 0.03409007 -0.01467276 -0.00919010
v 0.03467612 -0.01427643 -0.00648451
v 0.03466816 -0.01333061 -0.00936881
v 0.03528325 -0.01270206 -0.00681085
v 0.03474912 -0.01313212 -0.00940089
v 0.03536654 -0.01246828 -0.00686918
v 0.03546889 -0.01217406 -0.00694653
v 0.03519090 -0.01199514 -0.00961770
v 0.03581201 -0.01112429 -0.00726136
v 0.03555644 -0.01097376 -0.00987010
v 0.03616691 -0.00990983 -0.00771427
v 0.03585660 -0.01006725 -0.01015548
v 0.03644652 -0.00882615 -0.00822247
v 0.03607133 -0.00937289 -0.01042848
v 0.03663841 -0.00799232 -0.00870550
v 0.03625188 -0.00875357 -0.01073006
v 0.03679332 -0.00724579 -0.00923622
v 0.03639580 -0.00823267 -0.01104906
v 0.03691180 -0.00661583 -0.00979499
v 0.03645618 -0.00800600 -0.01121657
v 0.03695998 -0.00634112 -0.01008754
v 0.03654570 -0.00766013 -0.01152762
v 0.03661196 -0.00739591 -0.01184774
v 0.03662938 -0.00732521 -0.01195736
v 0.03666586 -0.00717539 -0.01227117
v 0.03668397 -0.00710008 -0.01258895
v 0.03698992 -0.00616405 -0.01029898
v 0.03702957 -0.00592121 -0.01062949
v 0.03707953 -0.00559985 -0.01118588
v 0.03709243 -0.00551377 -0.01137616
v 0.03711910 -0.00533127 -0.01192039
v 0.03713217 -0.00523946 -0.01247102
v 0.01029563 -0.03550000 -0.01275000
v 0.01029563 -0.03550000 -0.02565000
v 0.01220256 -0.03531650 -0.02565000
v 0.01220256 -0.03531650 -0.01275000
v 0.01403950 -0.03477273 -0.02565000
v 0.01403950 -0.03477273 -0.01275000
v -0.01220256 -0.03531650 -0.01275000
v -0.01029563 -0.03550000 -0.01275000
v -0.01029433 -0.03550009 -0.01273085
v -0.01403950 -0.03477273 -0.01275000
v -0.01220102 -0.03531696 -0.01268501
v -0.01403772 -0.03477344 -0.01263743
v -0.01214891 -0.03533239 -0.01236628
v -0.01397736 -0.03479775 -0.01208523
v -0.01202144 -0.03536984 -0.01204797
v -0.01382971 -0.03485670 -0.01153337
v -0.01181475 -0.03542963 -0.01172992
v -0.01359035 -0.03495071 -0.01098123
v -0.01158808 -0.03549387 -0.01147582
v -0.01332795 -0.03505161 -0.01053933
v -0.01121756 -0.03559592 -0.01115694
v -0.01289919 -0.03521166 -0.00998346
v -0.01075286 -0.03571876 -0.01084755
v -0.01236175 -0.03540391 -0.00944230
v -0.01023821 -0.03584819 -0.01057368
v -0.01176694 -0.03560603 -0.00896137
v -0.00953289 -0.03601444 -0.01027264
v -0.01095244 -0.03586494 -0.00843010
v -0.00871306 -0.03619176 -0.00999504
v -0.01000665 -0.03614024 -0.00793722
v -0.00921084 -0.03635121 -0.00759664
v -0.00761013 -0.03640381 -0.00970529
v -0.00873578 -0.03646829 -0.00741894
v -0.00645415 -0.03659403 -0.00947500
v -0.00740552 -0.03676150 -0.00700358
v -0.00519690 -0.03676441 -0.00928770
v -0.00596050 -0.03702327 -0.00666307
v -0.00434739 -0.03685831 -0.00919104
v -0.00498502 -0.03716718 -0.00648624
v -0.00282070 -0.03698459 -0.00906758
v -0.00323339 -0.03736034 -0.00625916
v -0.00309698 -0.03737190 -0.00624593
v -0.00124320 -0.03705833 -0.00899870
v -0.00142483 -0.03747292 -0.00613181
v 0.00037043 -0.03707450 -0.00898388
v 0.00042453 -0.03749760 -0.00610436
v 0.00119755 -0.03705961 -0.00899752
v 0.00137250 -0.03747487 -0.00612963
v 0.00309695 -0.03737190 -0.00624593
v 0.00280569 -0.03698556 -0.00906666
v 0.00321617 -0.03736183 -0.00625746
v 0.00433806 -0.03685925 -0.00919010
v 0.00497431 -0.03716862 -0.00648451
v 0.00578943 -0.03668881 -0.00936881
v 0.00664132 -0.03690722 -0.00681085
v 0.00600181 -0.03665968 -0.00940089
v 0.00688543 -0.03686246 -0.00686918
v 0.00720735 -0.03647378 -0.00961770
v 0.00827209 -0.03657626 -0.00726136
v -0.01025006 -0.03550312 -0.01263691
v -0.01014179 -0.03551048 -0.01254302
v -0.00996626 -0.03552220 -0.01244909
v -0.00977383 -0.03553479 -0.01237391
v -0.00945941 -0.03555476 -0.01227934
v -0.00906529 -0.03557875 -0.01218728
v -0.00862909 -0.03560396 -0.01210546
v -0.00803179 -0.03563626 -0.01201508
v -0.00733821 -0.03567061 -0.01193123
v -0.00640624 -0.03571153 -0.01184306
v -0.00543072 -0.03574812 -0.01177239
v -0.00437103 -0.03578077 -0.01171446
v -0.00365568 -0.03579873 -0.01168438
v -0.00237115 -0.03582283 -0.01164575
v -0.00104487 -0.03583687 -0.01162408
v 0.00031132 -0.03583995 -0.01161941
v 0.00100650 -0.03583711 -0.01162371
v 0.00235853 -0.03582301 -0.01164546
v 0.00364783 -0.03579891 -0.01168409
v 0.00487030 -0.03576630 -0.01173961
v 0.00504931 -0.03576071 -0.01174953
v 0.00606620 -0.03572500 -0.01181625
v 0.00696761 -0.03568759 -0.01189330
v 0.00827466 -0.03627966 -0.00987010
v 0.00775837 -0.03565020 -0.01197976
v 0.00920980 -0.03608635 -0.01015548
v 0.00835828 -0.03561892 -0.01206193
v 0.00991850 -0.03592513 -0.01042848
v 0.00888919 -0.03558909 -0.01215222
v 0.01054513 -0.03577183 -0.01073006
v 0.00933271 -0.03556260 -0.01224728
v 0.01106820 -0.03563602 -0.01104906
v 0.00952484 -0.03555067 -0.01229705
v 0.01129469 -0.03557498 -0.01121657
v 0.00981704 -0.03553199 -0.01238925
v 0.01163898 -0.03547957 -0.01152762
v 0.01003944 -0.03551734 -0.01248390
v 0.01190093 -0.03540484 -0.01184774
v 0.01009884 -0.03551337 -0.01251628
v 0.01197087 -0.03538458 -0.01195736
v 0.01022453 -0.03550486 -0.01260886
v 0.01211886 -0.03534126 -0.01227117
v 0.01028763 -0.03550055 -0.01270254
v 0.01219313 -0.03531929 -0.01258895
v 0.00920888 -0.03635171 -0.00759587
v 0.00950129 -0.03627637 -0.00771427
v 0.01057959 -0.03597669 -0.00822247
v 0.01139765 -0.03572595 -0.00870550
v 0.01212162 -0.03548685 -0.00923622
v 0.01272642 -0.03527447 -0.00979499
v 0.01298842 -0.03517884 -0.01008754
v 0.01338687 -0.03502915 -0.01062949
v 0.01369015 -0.03491174 -0.01118588
v 0.01377115 -0.03487987 -0.01137616
v 0.01394254 -0.03481172 -0.01192039
v 0.01402858 -0.03477713 -0.01247102
v -0.00048146 -0.03551571 -0.01249670
v -0.00200799 -0.03565703 -0.01196313
v 0.00871306 -0.03619176 -0.02840496
v 0.00761013 -0.03640381 -0.02869471
v 0.00946699 -0.03628534 -0.03070000
v 0.00645415 -0.03659403 -0.02892501
v 0.00680268 -0.03684382 -0.03070000
v 0.00519690 -0.03676441 -0.02911230
v 0.00434739 -0.03685831 -0.02920896
v 0.00388964 -0.03720529 -0.03070000
v 0.00282070 -0.03698459 -0.02933242
v 0.00124320 -0.03705833 -0.02940130
v 0.00080882 -0.03736437 -0.03070000
v -0.00037043 -0.03707450 -0.02941612
v -0.00043767 -0.03736937 -0.03070000
v -0.00119755 -0.03705961 -0.02940248
v -0.00280569 -0.03698556 -0.02933334
v -0.00313003 -0.03726449 -0.03070000
v -0.00433806 -0.03685925 -0.02920990
v -0.00571684 -0.03700509 -0.03070000
v -0.00578943 -0.03668881 -0.02903119
v -0.00636999 -0.03691214 -0.03070000
v -0.00600181 -0.03665968 -0.02899911
v -0.00662280 -0.03687290 -0.03070000
v -0.00720735 -0.03647378 -0.02878230
v -0.00808783 -0.03660628 -0.03070000
v -0.00817887 -0.03658734 -0.03070000
v -0.00827466 -0.03627966 -0.02852990
v -0.00946699 -0.03628534 -0.03070000
v 0.01029433 -0.03550009 -0.02566915
v 0.01000665 -0.03614024 -0.03046278
v 0.01095244 -0.03586494 -0.02996990
v 0.00953289 -0.03601444 -0.02812736
v 0.01176694 -0.03560603 -0.02943863
v 0.01023821 -0.03584819 -0.02782632
v 0.01236175 -0.03540391 -0.02895771
v 0.01075286 -0.03571876 -0.02755245
v 0.01289919 -0.03521166 -0.02841654
v 0.01121756 -0.03559592 -0.02724306
v 0.01332795 -0.03505161 -0.02786067
v 0.01158808 -0.03549387 -0.02692418
v 0.01359035 -0.03495071 -0.02741877
v 0.01181475 -0.03542963 -0.02667008
v 0.01382971 -0.03485670 -0.02686663
v 0.01202144 -0.03536984 -0.02635203
v 0.01397736 -0.03479775 -0.02631478
v 0.01214891 -0.03533239 -0.02603372
v 0.01403772 -0.03477344 -0.02576257
v 0.01220102 -0.03531696 -0.02571499
v 0.01025006 -0.03550312 -0.02576309
v 0.01014179 -0.03551048 -0.02585698
v 0.00996626 -0.03552220 -0.02595091
v 0.00977383 -0.03553479 -0.02602609
v 0.00945941 -0.03555476 -0.02612066
v 0.00906529 -0.03557875 -0.02621272
v 0.00862909 -0.03560396 -0.02629454
v 0.00803179 -0.03563626 -0.02638492
v 0.00733821 -0.03567061 -0.02646877
v 0.00640624 -0.03571153 -0.02655694
v 0.00543072 -0.03574812 -0.02662761
v 0.00437103 -0.03578077 -0.02668554
v 0.00365568 -0.03579873 -0.02671562
v 0.00237115 -0.03582283 -0.02675425
v 0.00104487 -0.03583687 -0.02677592
v -0.00031132 -0.03583995 -0.02678059
v -0.00100650 -0.03583711 -0.02677629
v -0.00235853 -0.03582301 -0.02675454
v -0.00364783 -0.03579891 -0.02671591
v -0.00487030 -0.03576630 -0.02666039
v -0.00504931 -0.03576071 -0.02665047
v -0.00606620 -0.03572500 -0.02658375
v -0.00696761 -0.03568759 -0.02650670
v -0.00775837 -0.03565020 -0.02642024
v -0.00920980 -0.03608635 -0.02824452
v -0.00835828 -0.03561892 -0.02633807
v -0.00991850 -0.03592513 -0.02797152
v -0.00888919 -0.03558909 -0.02624778
v -0.01054513 -0.03577183 -0.02766994
v -0.00933271 -0.03556260 -0.02615272
v -0.01106820 -0.03563602 -0.02735094
v -0.00952484 -0.03555067 -0.02610295
v -0.01129469 -0.03557498 -0.02718343
v -0.00981704 -0.03553199 -0.02601075
v -0.01163898 -0.03547957 -0.02687238
v -0.01003944 -0.03551734 -0.02591610
v -0.01190093 -0.03540484 -0.02655226
v -0.01009884 -0.03551337 -0.02588372
v -0.01197087 -0.03538458 -0.02644265
v -0.01022453 -0.03550486 -0.02579114
v -0.01211886 -0.03534126 -0.02612883
v -0.01028763 -0.03550055 -0.02569746
v -0.01219313 -0.03531929 -0.02581105
v -0.01029563 -0.03550000 -0.02565000
v -0.01220256 -0.03531650 -0.02565000
v -0.00950129 -0.03627637 -0.03068573
v -0.01057959 -0.03597669 -0.03017753
v -0.01139765 -0.03572595 -0.02969450
v -0.01212162 -0.03548685 -0.02916378
v -0.01272642 -0.03527447 -0.02860501
v -0.01298842 -0.03517884 -0.02831246
v -0.01338687 -0.03502915 -0.02777051
v -0.01369015 -0.03491174 -0.02721412
v -0.01377115 -0.03487987 -0.02702385
v -0.01394254 -0.03481172 -0.02647961
v -0.01402858 -0.03477713 -0.02592898
v -0.01403950 -0.03477273 -0.02565000
v 0.00048146 -0.03551571 -0.02590330
v 0.00200799 -0.03565703 -0.02643687
v -0.02559609 -0.02666628 -0.01275000
v -0.02559609 -0.02666628 -0.02565000
v -0.02448371 -0.02822597 -0.02565000
v -0.02448371 -0.02822597 -0.01275000
v -0.02309432 -0.02954492 -0.02565000
v -0.02309432 -0.02954492 -0.01275000
v -0.03668626 -0.00709053 -0.01275000
v -0.03589172 -0.00883372 -0.01275000
v -0.03589114 -0.00883490 -0.01273085
v -0.03713381 -0.00522780 -0.01275000
v -0.03668589 -0.00709208 -0.01268501
v -0.03713354 -0.00522970 -0.01263743
v -0.03667320 -0.00714493 -0.01236628
v -0.03712441 -0.00529413 -0.01208523
v -0.03664190 -0.00727405 -0.01204797
v -0.03710164 -0.00545147 -0.01153337
v -0.03659033 -0.00748294 -0.01172992
v -0.03706338 -0.00570576 -0.01098123
v -0.03653264 -0.00771137 -0.01147582
v -0.03701957 -0.00598346 -0.01053933
v -0.03699001 -0.00616355 -0.01029960
v -0.03643575 -0.00808327 -0.01115694
v -0.03694379 -0.00643480 -0.00998346
v -0.03630978 -0.00854713 -0.01084755
v -0.03684156 -0.00699636 -0.00944230
v -0.03616454 -0.00905755 -0.01057368
v -0.03671920 -0.00761254 -0.00896137
v -0.03595586 -0.00975150 -0.01027264
v -0.03653617 -0.00844738 -0.00843010
v -0.03569952 -0.01055015 -0.00999504
v -0.03630169 -0.00940411 -0.00793722
v -0.03533169 -0.01161134 -0.00970529
v -0.03595036 -0.01066874 -0.00741894
v -0.03491843 -0.01270756 -0.00947500
v -0.03553916 -0.01196738 -0.00700358
v -0.03546861 -0.01217488 -0.00694630
v -0.03443736 -0.01388156 -0.00928770
v -0.03504334 -0.01334969 -0.00666307
v -0.03409393 -0.01466420 -0.00919104
v -0.03468024 -0.01426644 -0.00648624
v -0.03343994 -0.01604950 -0.00906758
v -0.03397170 -0.01587998 -0.00625916
v -0.03271505 -0.01745252 -0.00899870
v -0.03316491 -0.01750253 -0.00613181
v -0.03298033 -0.01784792 -0.00611751
v -0.03192224 -0.01885805 -0.00898388
v -0.03226161 -0.01911646 -0.00610436
v -0.03149578 -0.01956692 -0.00899752
v -0.03176794 -0.01992606 -0.00612963
v -0.03062759 -0.02092258 -0.00906666
v -0.03074821 -0.02146620 -0.00625746
v -0.02975202 -0.02218649 -0.00919010
v -0.02970181 -0.02289219 -0.00648451
v -0.02959215 -0.02303377 -0.00651373
v -0.02887873 -0.02335820 -0.00936881
v -0.02864193 -0.02420516 -0.00681085
v -0.02874731 -0.02352756 -0.00940089
v -0.02848111 -0.02439418 -0.00686918
v -0.02798354 -0.02447864 -0.00961770
v -0.02753992 -0.02545197 -0.00726136
v -0.02728178 -0.02530590 -0.00987010
v -0.02666562 -0.02636655 -0.00771427
v -0.02664680 -0.02601910 -0.01015548
v -0.02586693 -0.02715054 -0.00822247
v -0.03587164 -0.00887475 -0.01263691
v -0.03582387 -0.00897219 -0.01254302
v -0.03574626 -0.00913007 -0.01244909
v -0.03566095 -0.00930301 -0.01237391
v -0.03552103 -0.00958529 -0.01227934
v -0.03534474 -0.00993861 -0.01218728
v -0.03514848 -0.01032897 -0.01210546
v -0.03487780 -0.01086240 -0.01201508
v -0.03456076 -0.01148023 -0.01193123
v -0.03413022 -0.01230780 -0.01184306
v -0.03367414 -0.01317092 -0.01177239
v -0.03317257 -0.01410496 -0.01171446
v -0.03283045 -0.01473345 -0.01168438
v -0.03220905 -0.01585794 -0.01164575
v -0.03155808 -0.01701355 -0.01162408
v -0.03088264 -0.01818959 -0.01161941
v -0.03053260 -0.01879021 -0.01162371
v -0.02984437 -0.01995405 -0.01164546
v -0.02917885 -0.02105856 -0.01168409
v -0.02853937 -0.02210095 -0.01173961
v -0.02844503 -0.02225319 -0.01174953
v -0.02790566 -0.02311599 -0.01181625
v -0.02742255 -0.02387793 -0.01189330
v -0.02699480 -0.02454405 -0.01197976
v -0.02666775 -0.02504794 -0.01206193
v -0.02615282 -0.02655224 -0.01042848
v -0.02637647 -0.02549281 -0.01215222
v -0.02570675 -0.02701827 -0.01073006
v -0.02613176 -0.02586366 -0.01224728
v -0.02532760 -0.02740336 -0.01104906
v -0.02602536 -0.02602409 -0.01229705
v -0.02516149 -0.02756898 -0.01121657
v -0.02586309 -0.02626780 -0.01238925
v -0.02490672 -0.02781944 -0.01152762
v -0.02573920 -0.02645308 -0.01248390
v -0.02471103 -0.02800893 -0.01184774
v -0.02570606 -0.02650254 -0.01251628
v -0.02465850 -0.02805937 -0.01195736
v -0.02563585 -0.02660713 -0.01260886
v -0.02454700 -0.02816587 -0.01227117
v -0.02560056 -0.02665962 -0.01270254
v -0.02449084 -0.02821921 -0.01258895
v -0.02539511 -0.02759236 -0.00857802
v -0.02524075 -0.02773363 -0.00870550
v -0.02467170 -0.02824105 -0.00923622
v -0.02418538 -0.02865864 -0.00979499
v -0.02397156 -0.02883773 -0.01008754
v -0.02364270 -0.02910795 -0.01062949
v -0.02338938 -0.02931189 -0.01118588
v -0.02332128 -0.02936610 -0.01137616
v -0.02317656 -0.02948045 -0.01192039
v -0.02310359 -0.02953767 -0.01247102
v -0.03099824 -0.01734090 -0.01249670
v -0.03188389 -0.01608955 -0.01196313
v -0.03589172 -0.00883372 -0.02565000
v -0.03051678 -0.01817481 -0.02590330
v -0.03588819 -0.00884093 -0.02569746
v -0.03586038 -0.00889773 -0.02579114
v -0.03580490 -0.00901083 -0.02588372
v -0.03577864 -0.00906426 -0.02591610
v -0.03568013 -0.00926419 -0.02601075
v -0.03555020 -0.00952658 -0.02610295
v -0.02627946 -0.02564014 -0.02621272
v -0.02606162 -0.02596947 -0.02612066
v -0.02588712 -0.02623178 -0.02602609
v -0.02578000 -0.02639214 -0.02595091
v -0.02568208 -0.02653828 -0.02585698
v -0.02562157 -0.02662838 -0.02576309
v -0.02559682 -0.02666519 -0.02566915
v -0.03526565 -0.01009628 -0.02624778
v -0.03502603 -0.01057098 -0.02633807
v -0.02987590 -0.01956748 -0.02643687
v -0.03475317 -0.01110616 -0.02642024
v -0.03439017 -0.01180966 -0.02650670
v -0.02917477 -0.02106528 -0.02671562
v -0.02880154 -0.02167581 -0.02668554
v -0.02824342 -0.02257719 -0.02662761
v -0.02772398 -0.02340373 -0.02655694
v -0.02722255 -0.02419038 -0.02646877
v -0.02684601 -0.02477386 -0.02638492
v -0.03546447 -0.00969894 -0.02615272
v -0.02651939 -0.02527499 -0.02629454
v -0.03397186 -0.01260902 -0.02658375
v -0.03349434 -0.01350752 -0.02665047
v -0.03340967 -0.01366535 -0.02666039
v -0.03153910 -0.01704690 -0.02677629
v -0.03119397 -0.01765036 -0.02678059
v -0.03282668 -0.01474034 -0.02671591
v -0.03220290 -0.01586896 -0.02675454
v -0.03051320 -0.01882332 -0.02677592
v -0.02983790 -0.01996489 -0.02675425
v -0.03713381 -0.00522780 -0.02565000
v -0.03668626 -0.00709053 -0.02565000
v -0.02698646 -0.02564161 -0.02840496
v -0.02772156 -0.02479247 -0.02869471
v -0.02669053 -0.02634133 -0.03070000
v -0.02846429 -0.02388647 -0.02892501
v -0.02850635 -0.02431320 -0.03070000
v -0.02924046 -0.02288285 -0.02911230
v -0.02974654 -0.02219410 -0.02920896
v -0.03027591 -0.02197117 -0.03070000
v -0.03061925 -0.02093509 -0.02933242
v -0.03147185 -0.01960581 -0.02940130
v -0.03195408 -0.01938265 -0.03070000
v -0.03229268 -0.01821645 -0.02941612
v -0.03258166 -0.01830565 -0.03070000
v -0.03269334 -0.01749269 -0.02940248
v -0.03343328 -0.01606299 -0.02933334
v -0.03383701 -0.01592156 -0.03070000
v -0.03409007 -0.01467276 -0.02920990
v -0.03490577 -0.01355161 -0.03070000
v -0.03466816 -0.01333061 -0.02903119
v -0.03515185 -0.01293950 -0.03070000
v -0.03474912 -0.01313212 -0.02899911
v -0.03524426 -0.01270093 -0.03070000
v -0.03519090 -0.01199514 -0.02878230
v -0.03574588 -0.01129888 -0.03070000
v -0.03577500 -0.01121056 -0.03070000
v -0.03555644 -0.01097376 -0.02852990
v -0.03615753 -0.00994401 -0.03070000
v -0.02629504 -0.02673613 -0.03046278
v -0.02558373 -0.02741756 -0.02996990
v -0.02642298 -0.02626294 -0.02812736
v -0.02495225 -0.02799348 -0.02943863
v -0.02592634 -0.02679064 -0.02782632
v -0.02447981 -0.02840755 -0.02895771
v -0.02555692 -0.02717163 -0.02755245
v -0.02404459 -0.02877686 -0.02841654
v -0.02521819 -0.02751265 -0.02724306
v -0.02369162 -0.02906815 -0.02786067
v -0.02494456 -0.02778251 -0.02692418
v -0.02347303 -0.02924495 -0.02741877
v -0.02477559 -0.02794669 -0.02667008
v -0.02327193 -0.02940523 -0.02686663
v -0.02462046 -0.02809579 -0.02635203
v -0.02314706 -0.02950362 -0.02631478
v -0.02452429 -0.02818746 -0.02603372
v -0.02309583 -0.02954374 -0.02576257
v -0.02448487 -0.02822487 -0.02571499
v -0.03585660 -0.01006725 -0.02824452
v -0.03607133 -0.00937289 -0.02797152
v -0.03625188 -0.00875357 -0.02766994
v -0.03639580 -0.00823267 -0.02735094
v -0.03645618 -0.00800600 -0.02718343
v -0.03654570 -0.00766013 -0.02687238
v -0.03661196 -0.00739591 -0.02655226
v -0.03662938 -0.00732521 -0.02644265
v -0.03666586 -0.00717539 -0.02612883
v -0.03668397 -0.00710008 -0.02581105
v -0.03616691 -0.00990983 -0.03068573
v -0.03644652 -0.00882615 -0.03017753
v -0.03663841 -0.00799232 -0.02969450
v -0.03679332 -0.00724579 -0.02916378
v -0.03691180 -0.00661583 -0.02860501
v -0.03695998 -0.00634112 -0.02831246
v -0.03702957 -0.00592121 -0.02777051
v -0.03707953 -0.00559985 -0.02721412
v -0.03709243 -0.00551377 -0.02702385
v -0.03711910 -0.00533127 -0.02647961
v -0.03713217 -0.00523946 -0.02592898
v -0.03589172 0.00883372 -0.01275000
v -0.03589172 0.00883372 -0.02565000
v -0.03668626 0.00709053 -0.02565000
v -0.03668626 0.00709053 -0.01275000
v -0.03713381 0.00522780 -0.02565000
v -0.03713381 0.00522780 -0.01275000
v -0.02448371 0.02822597 -0.01275000
v -0.02559609 0.02666628 -0.01275000
v -0.02559682 0.02666519 -0.01273085
v -0.02309432 0.02954492 -0.01275000
v -0.02448487 0.02822487 -0.01268501
v -0.02309583 0.02954374 -0.01263743
v -0.02452429 0.02818746 -0.01236628
v -0.02314706 0.02950362 -0.01208523
v -0.02462046 0.02809579 -0.01204797
v -0.02327193 0.02940523 -0.01153337
v -0.02477559 0.02794669 -0.01172992
v -0.02347303 0.02924495 -0.01098123
v -0.02494456 0.02778251 -0.01147582
v -0.02369162 0.02906815 -0.01053933
v -0.02521819 0.02751265 -0.01115694
v -0.02404459 0.02877686 -0.00998346
v -0.02555692 0.02717163 -0.01084755
v -0.02447981 0.02840755 -0.00944230
v -0.02592634 0.02679064 -0.01057368
v -0.02495225 0.02799348 -0.00896137
v -0.02539411 0.02759328 -0.00857883
v -0.02642298 0.02626294 -0.01027264
v -0.02558373 0.02741756 -0.00843010
v -0.02698646 0.02564161 -0.00999504
v -0.02629504 0.02673613 -0.00793722
v -0.02772156 0.02479247 -0.00970529
v -0.02721458 0.02579955 -0.00741894
v -0.02846429 0.02388647 -0.00947500
v -0.02813364 0.02479412 -0.00700358
v -0.02924046 0.02288285 -0.00928770
v -0.02908284 0.02367358 -0.00666307
v -0.02959248 0.02303334 -0.00651364
v -0.02974654 0.02219410 -0.00919104
v -0.02969521 0.02290075 -0.00648624
v -0.03061925 0.02093509 -0.00906758
v -0.03073831 0.02148037 -0.00625916
v -0.03147185 0.01960581 -0.00899870
v -0.03174009 0.01997040 -0.00613181
v -0.03229268 0.01821645 -0.00898388
v -0.03268614 0.01838114 -0.00610436
v -0.03298030 0.01784796 -0.00611751
v -0.03269334 0.01749269 -0.00899752
v -0.03314045 0.01754881 -0.00612963
v -0.03343328 0.01606299 -0.00906666
v -0.03396438 0.01589563 -0.00625746
v -0.03409007 0.01467276 -0.00919010
v -0.03467612 0.01427643 -0.00648451
v -0.03466816 0.01333061 -0.00936881
v -0.03528325 0.01270206 -0.00681085
v -0.03474912 0.01313212 -0.00940089
v -0.03536654 0.01246828 -0.00686918
v -0.03546889 0.01217406 -0.00694653
v -0.03519090 0.01199514 -0.00961770
v -0.03581201 0.01112429 -0.00726136
v -0.03555644 0.01097376 -0.00987010
v -0.03616691 0.00990983 -0.00771427
v -0.03585660 0.01006725 -0.01015548
v -0.03644652 0.00882615 -0.00822247
v -0.03607133 0.00937289 -0.01042848
v -0.03663841 0.00799232 -0.00870550
v -0.03625188 0.00875357 -0.01073006
v -0.03679332 0.00724579 -0.00923622
v -0.03639580 0.00823267 -0.01104906
v -0.03691180 0.00661583 -0.00979499
v -0.03645618 0.00800600 -0.01121657
v -0.03695998 0.00634112 -0.01008754
v -0.02562157 0.02662838 -0.01263691
v -0.02568208 0.02653828 -0.01254302
v -0.02578000 0.02639214 -0.01244909
v -0.02588712 0.02623178 -0.01237391
v -0.02606162 0.02596947 -0.01227934
v -0.02627946 0.02564014 -0.01218728
v -0.02651939 0.02527499 -0.01210546
v -0.02684601 0.02477386 -0.01201508
v -0.02722255 0.02419038 -0.01193123
v -0.02772398 0.02340373 -0.01184306
v -0.02824342 0.02257719 -0.01177239
v -0.02880154 0.02167581 -0.01171446
v -0.02917477 0.02106528 -0.01168438
v -0.02983790 0.01996489 -0.01164575
v -0.03051320 0.01882332 -0.01162408
v -0.03119397 0.01765036 -0.01161941
v -0.03153910 0.01704690 -0.01162371
v -0.03220290 0.01586896 -0.01164546
v -0.03282668 0.01474034 -0.01168409
v -0.03340967 0.01366535 -0.01173961
v -0.03349434 0.01350752 -0.01174953
v -0.03397186 0.01260902 -0.01181625
v -0.03439017 0.01180966 -0.01189330
v -0.03475317 0.01110616 -0.01197976
v -0.03502603 0.01057098 -0.01206193
v -0.03526565 0.01009628 -0.01215222
v -0.03546447 0.00969894 -0.01224728
v -0.03555020 0.00952658 -0.01229705
v -0.03568013 0.00926419 -0.01238925
v -0.03654570 0.00766013 -0.01152762
v -0.03577864 0.00906426 -0.01248390
v -0.03661196 0.00739591 -0.01184774
v -0.03580490 0.00901083 -0.01251628
v -0.03662938 0.00732521 -0.01195736
v -0.03586038 0.00889773 -0.01260886
v -0.03666586 0.00717539 -0.01227117
v -0.03588819 0.00884093 -0.01270254
v -0.03668397 0.00710008 -0.01258895
v -0.03698992 0.00616405 -0.01029898
v -0.03702957 0.00592121 -0.01062949
v -0.03707953 0.00559985 -0.01118588
v -0.03709243 0.00551377 -0.01137616
v -0.03711910 0.00533127 -0.01192039
v -0.03713217 0.00523946 -0.01247102
v -0.03051678 0.01817481 -0.01249670
v -0.02987590 0.01956748 -0.01196313
v -0.02559609 0.02666628 -0.02565000
v -0.02309432 0.02954492 -0.02565000
v -0.02448371 0.02822597 -0.02565000
v -0.03099824 0.01734090 -0.02590330
v -0.02560056 0.02665962 -0.02569746
v -0.02563585 0.02660713 -0.02579114
v -0.02570606 0.02650254 -0.02588372
v -0.02573920 0.02645308 -0.02591610
v -0.02586309 0.02626780 -0.02601075
v -0.02602536 0.02602409 -0.02610295
v -0.03534474 0.00993861 -0.02621272
v -0.03552103 0.00958529 -0.02612066
v -0.03566095 0.00930301 -0.02602609
v -0.03574626 0.00913007 -0.02595091
v -0.03582387 0.00897219 -0.02585698
v -0.03587164 0.00887475 -0.02576309
v -0.03589114 0.00883490 -0.02566915
v -0.02637647 0.02549281 -0.02624778
v -0.02666775 0.02504794 -0.02633807
v -0.03188389 0.01608955 -0.02643687
v -0.02699480 0.02454405 -0.02642024
v -0.02742255 0.02387793 -0.02650670
v -0.03283045 0.01473345 -0.02671562
v -0.03317257 0.01410496 -0.02668554
v -0.03367414 0.01317092 -0.02662761
v -0.03413022 0.01230780 -0.02655694
v -0.03456076 0.01148023 -0.02646877
v -0.03487780 0.01086240 -0.02638492
v -0.02613176 0.02586366 -0.02615272
v -0.03514848 0.01032897 -0.02629454
v -0.02790566 0.02311599 -0.02658375
v -0.02844503 0.02225319 -0.02665047
v -0.02853937 0.02210095 -0.02666039
v -0.03053260 0.01879021 -0.02677629
v -0.03088264 0.01818959 -0.02678059
v -0.02917885 0.02105856 -0.02671591
v -0.02984437 0.01995405 -0.02675454
v -0.03155808 0.01701355 -0.02677592
v -0.03220905 0.01585794 -0.02675425
v -0.03569952 0.01055015 -0.02840496
v -0.03533169 0.01161134 -0.02869471
v -0.03615753 0.00994401 -0.03070000
v -0.03491843 0.01270756 -0.02892501
v -0.03530902 0.01253062 -0.03070000
v -0.03443736 0.01388156 -0.02911230
v -0.03409393 0.01466420 -0.02920896
v -0.03416555 0.01523412 -0.03070000
v -0.03343994 0.01604950 -0.02933242
v -0.03271505 0.01745252 -0.02940130
v -0.03276291 0.01798172 -0.03070000
v -0.03192224 0.01885805 -0.02941612
v -0.03214399 0.01906372 -0.03070000
v -0.03149578 0.01956692 -0.02940248
v -0.03062759 0.02092258 -0.02933334
v -0.03070698 0.02134293 -0.03070000
v -0.02975202 0.02218649 -0.02920990
v -0.02918893 0.02345348 -0.03070000
v -0.02887873 0.02335820 -0.02903119
v -0.02878186 0.02397265 -0.03070000
v -0.02874731 0.02352756 -0.02899911
v -0.02862146 0.02417196 -0.03070000
v -0.02798354 0.02447864 -0.02878230
v -0.02765805 0.02530740 -0.03070000
v -0.02759613 0.02537678 -0.03070000
v -0.02728178 0.02530590 -0.02852990
v -0.02669053 0.02634133 -0.03070000
v -0.03630169 0.00940411 -0.03046278
v -0.03653617 0.00844738 -0.02996990
v -0.03595586 0.00975150 -0.02812736
v -0.03671920 0.00761254 -0.02943863
v -0.03616454 0.00905755 -0.02782632
v -0.03684156 0.00699636 -0.02895771
v -0.03630978 0.00854713 -0.02755245
v -0.03694379 0.00643480 -0.02841654
v -0.03643575 0.00808327 -0.02724306
v -0.03701957 0.00598346 -0.02786067
v -0.03653264 0.00771137 -0.02692418
v -0.03706338 0.00570576 -0.02741877
v -0.03659033 0.00748294 -0.02667008
v -0.03710164 0.00545147 -0.02686663
v -0.03664190 0.00727405 -0.02635203
v -0.03712441 0.00529413 -0.02631478
v -0.03667320 0.00714493 -0.02603372
v -0.03713354 0.00522970 -0.02576257
v -0.03668589 0.00709208 -0.02571499
v -0.02664680 0.02601910 -0.02824452
v -0.02615282 0.02655224 -0.02797152
v -0.02570675 0.02701827 -0.02766994
v -0.02532760 0.02740336 -0.02735094
v -0.02516149 0.02756898 -0.02718343
v -0.02490672 0.02781944 -0.02687238
v -0.02471103 0.02800893 -0.02655226
v -0.02465850 0.02805937 -0.02644265
v -0.02454700 0.02816587 -0.02612883
v -0.02449084 0.02821921 -0.02581105
v -0.02666562 0.02636655 -0.03068573
v -0.02586693 0.02715054 -0.03017753
v -0.02524075 0.02773363 -0.02969450
v -0.02467170 0.02824105 -0.02916378
v -0.02418538 0.02865864 -0.02860501
v -0.02397156 0.02883773 -0.02831246
v -0.02364270 0.02910795 -0.02777051
v -0.02338938 0.02931189 -0.02721412
v -0.02332128 0.02936610 -0.02702385
v -0.02317656 0.02948045 -0.02647961
v -0.02310359 0.02953767 -0.02592898
v -0.01029563 0.03550000 -0.01275000
v -0.01029563 0.03550000 -0.02565000
v -0.01220256 0.03531650 -0.02565000
v -0.01220256 0.03531650 -0.01275000
v -0.01403950 0.03477273 -0.02565000
v -0.01403950 0.03477273 -0.01275000
v 0.01220256 0.03531650 -0.01275000
v 0.01029563 0.03550000 -0.01275000
v 0.01029433 0.03550009 -0.01273085
v 0.01403950 0.03477273 -0.01275000
v 0.01220102 0.03531696 -0.01268501
v 0.01403772 0.03477344 -0.01263743
v 0.01214891 0.03533239 -0.01236628
v 0.01397736 0.03479775 -0.01208523
v 0.01202144 0.03536984 -0.01204797
v 0.01382971 0.03485670 -0.01153337
v 0.01181475 0.03542963 -0.01172992
v 0.01359035 0.03495071 -0.01098123
v 0.01158808 0.03549387 -0.01147582
v 0.01332795 0.03505161 -0.01053933
v 0.01121756 0.03559592 -0.01115694
v 0.01289919 0.03521166 -0.00998346
v 0.01075286 0.03571876 -0.01084755
v 0.01236175 0.03540391 -0.00944230
v 0.01023821 0.03584819 -0.01057368
v 0.01176694 0.03560603 -0.00896137
v 0.00953289 0.03601444 -0.01027264
v 0.01095244 0.03586494 -0.00843010
v 0.00871306 0.03619176 -0.00999504
v 0.01000665 0.03614024 -0.00793722
v 0.00921084 0.03635121 -0.00759664
v 0.00761013 0.03640381 -0.00970529
v 0.00873578 0.03646829 -0.00741894
v 0.00645415 0.03659403 -0.00947500
v 0.00740552 0.03676150 -0.00700358
v 0.00519690 0.03676441 -0.00928770
v 0.00596050 0.03702327 -0.00666307
v 0.00434739 0.03685831 -0.00919104
v 0.00498502 0.03716718 -0.00648624
v 0.00282070 0.03698459 -0.00906758
v 0.00323339 0.03736034 -0.00625916
v 0.00309698 0.03737190 -0.00624593
v 0.00124320 0.03705833 -0.00899870
v 0.00142483 0.03747292 -0.00613181
v -0.00037043 0.03707450 -0.00898388
v -0.00042453 0.03749760 -0.00610436
v -0.00119755 0.03705961 -0.00899752
v -0.00137250 0.03747487 -0.00612963
v -0.00309695 0.03737190 -0.00624593
v -0.00280569 0.03698556 -0.00906666
v -0.00321617 0.03736183 -0.00625746
v -0.00433806 0.03685925 -0.00919010
v -0.00497431 0.03716862 -0.00648451
v -0.00578943 0.03668881 -0.00936881
v -0.00664132 0.03690722 -0.00681085
v -0.00600181 0.03665968 -0.00940089
v -0.00688543 0.03686246 -0.00686918
v -0.00720735 0.03647378 -0.00961770
v -0.00827209 0.03657626 -0.00726136
v 0.01025006 0.03550312 -0.01263691
v 0.01014179 0.03551048 -0.01254302
v 0.00996626 0.03552220 -0.01244909
v 0.00977383 0.03553479 -0.01237391
v 0.00945941 0.03555476 -0.01227934
v 0.00906529 0.03557875 -0.01218728
v 0.00862909 0.03560396 -0.01210546
v 0.00803179 0.03563626 -0.01201508
v 0.00733821 0.03567061 -0.01193123
v 0.00640624 0.03571153 -0.01184306
v 0.00543072 0.03574812 -0.01177239
v 0.00437103 0.03578077 -0.01171446
v 0.00365568 0.03579873 -0.01168438
v 0.00237115 0.03582283 -0.01164575
v 0.00104487 0.03583687 -0.01162408
v -0.00031132 0.03583995 -0.01161941
v -0.00100650 0.03583711 -0.01162371
v -0.00235853 0.03582301 -0.01164546
v -0.00364783 0.03579891 -0.01168409
v -0.00487030 0.03576630 -0.01173961
v -0.00504931 0.03576071 -0.01174953
v -0.00606620 0.03572500 -0.01181625
v -0.00696761 0.03568759 -0.01189330
v -0.00827466 0.03627966 -0.00987010
v -0.00775837 0.03565020 -0.01197976
v -0.00920980 0.03608635 -0.01015548
v -0.00835828 0.03561892 -0.01206193
v -0.00991850 0.03592513 -0.01042848
v -0.00888919 0.03558909 -0.01215222
v -0.01054513 0.03577183 -0.01073006
v -0.00933271 0.03556260 -0.01224728
v -0.01106820 0.03563602 -0.01104906
v -0.00952484 0.03555067 -0.01229705
v -0.01129469 0.03557498 -0.01121657
v -0.00981704 0.03553199 -0.01238925
v -0.01163898 0.03547957 -0.01152762
v -0.01003944 0.03551734 -0.01248390
v -0.01190093 0.03540484 -0.01184774
v -0.01009884 0.03551337 -0.01251628
v -0.01197087 0.03538458 -0.01195736
v -0.01022453 0.03550486 -0.01260886
v -0.01211886 0.03534126 -0.01227117
v -0.01028763 0.03550055 -0.01270254
v -0.01219313 0.03531929 -0.01258895
v -0.00920888 0.03635171 -0.00759587
v -0.00950129 0.03627637 -0.00771427
v -0.01057959 0.03597669 -0.00822247
v -0.01139765 0.03572595 -0.00870550
v -0.01212162 0.03548685 -0.00923622
v -0.01272642 0.03527447 -0.00979499
v -0.01298842 0.03517884 -0.01008754
v -0.01338687 0.03502915 -0.01062949
v -0.01369015 0.03491174 -0.01118588
v -0.01377115 0.03487987 -0.01137616
v -0.01394254 0.03481172 -0.01192039
v -0.01402858 0.03477713 -0.01247102
v 0.00048146 0.03551571 -0.01249670
v 0.00200799 0.03565703 -0.01196313
v 0.01029563 0.03550000 -0.02565000
v -0.00048146 0.03551571 -0.02590330
v 0.01028763 0.03550055 -0.02569746
v 0.01022453 0.03550486 -0.02579114
v 0.01009884 0.03551337 -0.02588372
v 0.01003944 0.03551734 -0.02591610
v 0.00981704 0.03553199 -0.02601075
v 0.00952484 0.03555067 -0.02610295
v -0.00906529 0.03557875 -0.02621272
v -0.00945941 0.03555476 -0.02612066
v -0.00977383 0.03553479 -0.02602609
v -0.00996626 0.03552220 -0.02595091
v -0.01014179 0.03551048 -0.02585698
v -0.01025006 0.03550312 -0.02576309
v -0.01029433 0.03550009 -0.02566915
v 0.00888919 0.03558909 -0.02624778
v 0.00835828 0.03561892 -0.02633807
v -0.00200799 0.03565703 -0.02643687
v 0.00775837 0.03565020 -0.02642024
v 0.00696761 0.03568759 -0.02650670
v -0.00365568 0.03579873 -0.02671562
v -0.00437103 0.03578077 -0.02668554
v -0.00543072 0.03574812 -0.02662761
v -0.00640624 0.03571153 -0.02655694
v -0.00733821 0.03567061 -0.02646877
v -0.00803179 0.03563626 -0.02638492
v 0.00933271 0.03556260 -0.02615272
v -0.00862909 0.03560396 -0.02629454
v 0.00606620 0.03572500 -0.02658375
v 0.00504931 0.03576071 -0.02665047
v 0.00487030 0.03576630 -0.02666039
v 0.00100650 0.03583711 -0.02677629
v 0.00031132 0.03583995 -0.02678059
v 0.00364783 0.03579891 -0.02671591
v 0.00235853 0.03582301 -0.02675454
v -0.00104487 0.03583687 -0.02677592
v -0.00237115 0.03582283 -0.02675425
v -0.00871306 0.03619176 -0.02840496
v -0.00761013 0.03640381 -0.02869471
v -0.00946699 0.03628534 -0.03070000
v -0.00645415 0.03659403 -0.02892501
v -0.00680268 0.03684382 -0.03070000
v -0.00519690 0.03676441 -0.02911230
v -0.00434739 0.03685831 -0.02920896
v -0.00388964 0.03720529 -0.03070000
v -0.00282070 0.03698459 -0.02933242
v -0.00124320 0.03705833 -0.02940130
v -0.00080882 0.03736437 -0.03070000
v 0.00037043 0.03707450 -0.02941612
v 0.00043767 0.03736937 -0.03070000
v 0.00119755 0.03705961 -0.02940248
v 0.00280569 0.03698556 -0.02933334
v 0.00313003 0.03726449 -0.03070000
v 0.00433806 0.03685925 -0.02920990
v 0.00571684 0.03700509 -0.03070000
v 0.00578943 0.03668881 -0.02903119
v 0.00636999 0.03691214 -0.03070000
v 0.00600181 0.03665968 -0.02899911
v 0.00662280 0.03687290 -0.03070000
v 0.00720735 0.03647378 -0.02878230
v 0.00808783 0.03660628 -0.03070000
v 0.00817887 0.03658734 -0.03070000
v 0.00827466 0.03627966 -0.02852990
v 0.00946699 0.03628534 -0.03070000
v -0.01000665 0.03614024 -0.03046278
v -0.01095244 0.03586494 -0.02996990
v -0.00953289 0.03601444 -0.02812736
v -0.01176694 0.03560603 -0.02943863
v -0.01023821 0.03584819 -0.02782632
v -0.01236175 0.03540391 -0.02895771
v -0.01075286 0.03571876 -0.02755245
v -0.01289919 0.03521166 -0.02841654
v -0.01121756 0.03559592 -0.02724306
v -0.01332795 0.03505161 -0.02786067
v -0.01158808 0.03549387 -0.02692418
v -0.01359035 0.03495071 -0.02741877
v -0.01181475 0.03542963 -0.02667008
v -0.01382971 0.03485670 -0.02686663
v -0.01202144 0.03536984 -0.02635203
v -0.01397736 0.03479775 -0.02631478
v -0.01214891 0.03533239 -0.02603372
v -0.01403772 0.03477344 -0.02576257
v -0.01220102 0.03531696 -0.02571499
v 0.00920980 0.03608635 -0.02824452
v 0.00991850 0.03592513 -0.02797152
v 0.01054513 0.03577183 -0.02766994
v 0.01106820 0.03563602 -0.02735094
v 0.01129469 0.03557498 -0.02718343
v 0.01163898 0.03547957 -0.02687238
v 0.01190093 0.03540484 -0.02655226
v 0.01197087 0.03538458 -0.02644265
v 0.01211886 0.03534126 -0.02612883
v 0.01219313 0.03531929 -0.02581105
v 0.01220256 0.03531650 -0.02565000
v 0.00950129 0.03627637 -0.03068573
v 0.01057959 0.03597669 -0.03017753
v 0.01139765 0.03572595 -0.02969450
v 0.01212162 0.03548685 -0.02916378
v 0.01272642 0.03527447 -0.02860501
v 0.01298842 0.03517884 -0.02831246
v 0.01338687 0.03502915 -0.02777051
v 0.01369015 0.03491174 -0.02721412
v 0.01377115 0.03487987 -0.02702385
v 0.01394254 0.03481172 -0.02647961
v 0.01402858 0.03477713 -0.02592898
v 0.01403950 0.03477273 -0.02565000
v 0.02559609 0.02666628 -0.01275000
v 0.02559609 0.02666628 -0.02565000
v 0.02448371 0.02822597 -0.02565000
v 0.02448371 0.02822597 -0.01275000
v 0.02309432 0.02954492 -0.02565000
v 0.02309432 0.02954492 -0.01275000
v 0.03099824 0.01734090 -0.01249670
v 0.03589172 0.00883372 -0.01275000
v 0.02560056 0.02665962 -0.01270254
v 0.02563585 0.02660713 -0.01260886
v 0.02570606 0.02650254 -0.01251628
v 0.02573920 0.02645308 -0.01248390
v 0.02586309 0.02626780 -0.01238925
v 0.02602536 0.02602409 -0.01229705
v 0.03534474 0.00993861 -0.01218728
v 0.03552103 0.00958529 -0.01227934
v 0.03566095 0.00930301 -0.01237391
v 0.03574626 0.00913007 -0.01244909
v 0.03582387 0.00897219 -0.01254302
v 0.03587164 0.00887475 -0.01263691
v 0.03589114 0.00883490 -0.01273085
v 0.02637647 0.02549281 -0.01215222
v 0.02666775 0.02504794 -0.01206193
v 0.03188389 0.01608955 -0.01196313
v 0.02699480 0.02454405 -0.01197976
v 0.02742255 0.02387793 -0.01189330
v 0.03283045 0.01473345 -0.01168438
v 0.03317257 0.01410496 -0.01171446
v 0.03367414 0.01317092 -0.01177239
v 0.03413022 0.01230780 -0.01184306
v 0.03456076 0.01148023 -0.01193123
v 0.03487780 0.01086240 -0.01201508
v 0.02613176 0.02586366 -0.01224728
v 0.03514848 0.01032897 -0.01210546
v 0.02790566 0.02311599 -0.01181625
v 0.02844503 0.02225319 -0.01174953
v 0.02853937 0.02210095 -0.01173961
v 0.03053260 0.01879021 -0.01162371
v 0.03088264 0.01818959 -0.01161941
v 0.02917885 0.02105856 -0.01168409
v 0.02984437 0.01995405 -0.01164546
v 0.03155808 0.01701355 -0.01162408
v 0.03220905 0.01585794 -0.01164575
v 0.03051678 0.01817481 -0.02590330
v 0.03589172 0.00883372 -0.02565000
v 0.03588819 0.00884093 -0.02569746
v 0.03586038 0.00889773 -0.02579114
v 0.03580490 0.00901083 -0.02588372
v 0.03577864 0.00906426 -0.02591610
v 0.03568013 0.00926419 -0.02601075
v 0.03555020 0.00952658 -0.02610295
v 0.02627946 0.02564014 -0.02621272
v 0.02606162 0.02596947 -0.02612066
v 0.02588712 0.02623178 -0.02602609
v 0.02578000 0.02639214 -0.02595091
v 0.02568208 0.02653828 -0.02585698
v 0.02562157 0.02662838 -0.02576309
v 0.02559682 0.02666519 -0.02566915
v 0.03526565 0.01009628 -0.02624778
v 0.03502603 0.01057098 -0.02633807
v 0.02987590 0.01956748 -0.02643687
v 0.03475317 0.01110616 -0.02642024
v 0.03439017 0.01180966 -0.02650670
v 0.02917477 0.02106528 -0.02671562
v 0.02880154 0.02167581 -0.02668554
v 0.02824342 0.02257719 -0.02662761
v 0.02772398 0.02340373 -0.02655694
v 0.02722255 0.02419038 -0.02646877
v 0.02684601 0.02477386 -0.02638492
v 0.03546447 0.00969894 -0.02615272
v 0.02651939 0.02527499 -0.02629454
v 0.03397186 0.01260902 -0.02658375
v 0.03349434 0.01350752 -0.02665047
v 0.03340967 0.01366535 -0.02666039
v 0.03153910 0.01704690 -0.02677629
v 0.03119397 0.01765036 -0.02678059
v 0.03282668 0.01474034 -0.02671591
v 0.03220290 0.01586896 -0.02675454
v 0.03051320 0.01882332 -0.02677592
v 0.02983790 0.01996489 -0.02675425
v 0.03668626 0.00709053 -0.01275000
v 0.03713381 0.00522780 -0.01275000
v 0.03668589 0.00709208 -0.01268501
v 0.03713354 0.00522970 -0.01263743
v 0.03667320 0.00714493 -0.01236628
v 0.03712441 0.00529413 -0.01208523
v 0.03664190 0.00727405 -0.01204797
v 0.03710164 0.00545147 -0.01153337
v 0.03659033 0.00748294 -0.01172992
v 0.03706338 0.00570576 -0.01098123
v 0.03653264 0.00771137 -0.01147582
v 0.03701957 0.00598346 -0.01053933
v 0.03699001 0.00616355 -0.01029960
v 0.03643575 0.00808327 -0.01115694
v 0.03694379 0.00643480 -0.00998346
v 0.03630978 0.00854713 -0.01084755
v 0.03684156 0.00699636 -0.00944230
v 0.03616454 0.00905755 -0.01057368
v 0.03671920 0.00761254 -0.00896137
v 0.03595586 0.00975150 -0.01027264
v 0.03653617 0.00844738 -0.00843010
v 0.03569952 0.01055015 -0.00999504
v 0.03630169 0.00940411 -0.00793722
v 0.03533169 0.01161134 -0.00970529
v 0.03595036 0.01066874 -0.00741894
v 0.03491843 0.01270756 -0.00947500
v 0.03553916 0.01196738 -0.00700358
v 0.03546861 0.01217488 -0.00694630
v 0.03443736 0.01388156 -0.00928770
v 0.03504334 0.01334969 -0.00666307
v 0.03409393 0.01466420 -0.00919104
v 0.03468024 0.01426644 -0.00648624
v 0.03343994 0.01604950 -0.00906758
v 0.03397170 0.01587998 -0.00625916
v 0.03271505 0.01745252 -0.00899870
v 0.03316491 0.01750253 -0.00613181
v 0.03298033 0.01784792 -0.00611751
v 0.03192224 0.01885805 -0.00898388
v 0.03226161 0.01911646 -0.00610436
v 0.03149578 0.01956692 -0.00899752
v 0.03176794 0.01992606 -0.00612963
v 0.03062759 0.02092258 -0.00906666
v 0.03074821 0.02146620 -0.00625746
v 0.02975202 0.02218649 -0.00919010
v 0.02970181 0.02289219 -0.00648451
v 0.02959215 0.02303377 -0.00651373
v 0.02887873 0.02335820 -0.00936881
v 0.02864193 0.02420516 -0.00681085
v 0.02874731 0.02352756 -0.00940089
v 0.02848111 0.02439418 -0.00686918
v 0.02798354 0.02447864 -0.00961770
v 0.02753992 0.02545197 -0.00726136
v 0.02728178 0.02530590 -0.00987010
v 0.02666562 0.02636655 -0.00771427
v 0.02664680 0.02601910 -0.01015548
v 0.02586693 0.02715054 -0.00822247
v 0.02615282 0.02655224 -0.01042848
v 0.02570675 0.02701827 -0.01073006
v 0.02532760 0.02740336 -0.01104906
v 0.02516149 0.02756898 -0.01121657
v 0.02490672 0.02781944 -0.01152762
v 0.02471103 0.02800893 -0.01184774
v 0.02465850 0.02805937 -0.01195736
v 0.02454700 0.02816587 -0.01227117
v 0.02449084 0.02821921 -0.01258895
v 0.02539511 0.02759236 -0.00857802
v 0.02524075 0.02773363 -0.00870550
v 0.02467170 0.02824105 -0.00923622
v 0.02418538 0.02865864 -0.00979499
v 0.02397156 0.02883773 -0.01008754
v 0.02364270 0.02910795 -0.01062949
v 0.02338938 0.02931189 -0.01118588
v 0.02332128 0.02936610 -0.01137616
v 0.02317656 0.02948045 -0.01192039
v 0.02310359 0.02953767 -0.01247102
v 0.03713381 0.00522780 -0.02565000
v 0.03668626 0.00709053 -0.02565000
v 0.02698646 0.02564161 -0.02840496
v 0.02772156 0.02479247 -0.02869471
v 0.02669053 0.02634133 -0.03070000
v 0.02846429 0.02388647 -0.02892501
v 0.02850635 0.02431320 -0.03070000
v 0.02924046 0.02288285 -0.02911230
v 0.02974654 0.02219410 -0.02920896
v 0.03027591 0.02197117 -0.03070000
v 0.03061925 0.02093509 -0.02933242
v 0.03147185 0.01960581 -0.02940130
v 0.03195408 0.01938265 -0.03070000
v 0.03229268 0.01821645 -0.02941612
v 0.03258166 0.01830565 -0.03070000
v 0.03269334 0.01749269 -0.02940248
v 0.03343328 0.01606299 -0.02933334
v 0.03383701 0.01592156 -0.03070000
v 0.03409007 0.01467276 -0.02920990
v 0.03490577 0.01355161 -0.03070000
v 0.03466816 0.01333061 -0.02903119
v 0.03515185 0.01293950 -0.03070000
v 0.03474912 0.01313212 -0.02899911
v 0.03524426 0.01270093 -0.03070000
v 0.03519090 0.01199514 -0.02878230
v 0.03574588 0.01129888 -0.03070000
v 0.03577500 0.01121056 -0.03070000
v 0.03555644 0.01097376 -0.02852990
v 0.03615753 0.00994401 -0.03070000
v 0.02629504 0.02673613 -0.03046278
v 0.02558373 0.02741756 -0.02996990
v 0.02642298 0.02626294 -0.02812736
v 0.02495225 0.02799348 -0.02943863
v 0.02592634 0.02679064 -0.02782632
v 0.02447981 0.02840755 -0.02895771
v 0.02555692 0.02717163 -0.02755245
v 0.02404459 0.02877686 -0.02841654
v 0.02521819 0.02751265 -0.02724306
v 0.02369162 0.02906815 -0.02786067
v 0.02494456 0.02778251 -0.02692418
v 0.02347303 0.02924495 -0.02741877
v 0.02477559 0.02794669 -0.02667008
v 0.02327193 0.02940523 -0.02686663
v 0.02462046 0.02809579 -0.02635203
v 0.02314706 0.02950362 -0.02631478
v 0.02452429 0.02818746 -0.02603372
v 0.02309583 0.02954374 -0.02576257
v 0.02448487 0.02822487 -0.02571499
v 0.03585660 0.01006725 -0.02824452
v 0.03607133 0.00937289 -0.02797152
v 0.03625188 0.00875357 -0.02766994
v 0.03639580 0.00823267 -0.02735094
v 0.03645618 0.00800600 -0.02718343
v 0.03654570 0.00766013 -0.02687238
v 0.03661196 0.00739591 -0.02655226
v 0.03662938 0.00732521 -0.02644265
v 0.03666586 0.00717539 -0.02612883
v 0.03668397 0.00710008 -0.02581105
v 0.03616691 0.00990983 -0.03068573
v 0.03644652 0.00882615 -0.03017753
v 0.03663841 0.00799232 -0.02969450
v 0.03679332 0.00724579 -0.02916378
v 0.03691180 0.00661583 -0.02860501
v 0.03695998 0.00634112 -0.02831246
v 0.03702957 0.00592121 -0.02777051
v 0.03707953 0.00559985 -0.02721412
v 0.03709243 0.00551377 -0.02702385
v 0.03711910 0.00533127 -0.02647961
v 0.03713217 0.00523946 -0.02592898
v -0.03749947 -0.00019947 -0.02770000
v -0.03750000 0.00000000 -0.02770000
v -0.03749947 0.00019947 -0.02770000
v -0.03749947 -0.00019947 -0.03070000
v -0.03698855 -0.00617230 -0.03070000
v -0.03698855 0.00617230 -0.03070000
v -0.03749947 0.00019947 -0.03070000
v -0.02051056 0.03139374 -0.03070000
v -0.02539806 0.02758965 -0.03070000
v -0.01506358 0.03434150 -0.03070000
v 0.01506358 0.03434150 -0.03070000
v 0.02539806 0.02758965 -0.03070000
v 0.02051056 0.03139374 -0.03070000
v 0.03750000 0.00000000 -0.03070000
v 0.03698855 0.00617230 -0.03070000
v 0.03698855 -0.00617230 -0.03070000
v 0.02051056 -0.03139374 -0.03070000
v 0.02539806 -0.02758965 -0.03070000
v 0.01506358 -0.03434150 -0.03070000
v -0.01506358 -0.03434150 -0.03070000
v -0.02539806 -0.02758965 -0.03070000
v -0.02051056 -0.03139374 -0.03070000
v 0.03518667 0.01296721 -0.00470000
v 0.03518667 0.01296721 -0.00600000
v 0.03355595 0.01674062 -0.00470000
v 0.03311319 0.01760019 -0.00600000
v 0.03043305 0.02191071 -0.00600000
v 0.03102561 0.02106328 -0.00470000
v 0.03311319 0.01760019 -0.00470000
v 0.02719535 0.02581982 -0.00600000
v 0.02794175 0.02501016 -0.00470000
v 0.03043305 0.02191071 -0.00470000
v 0.02345940 0.02925588 -0.00600000
v 0.02435941 0.02851086 -0.00470000
v 0.02719535 0.02581982 -0.00470000
v 0.01929366 0.03215594 -0.00600000
v 0.02034249 0.03150291 -0.00470000
v 0.02345940 0.02925588 -0.00470000
v 0.01477444 0.03446688 -0.00600000
v 0.01596265 0.03393293 -0.00470000
v 0.01929366 0.03215594 -0.00470000
v 0.00998454 0.03614636 -0.00600000
v 0.01129803 0.03575758 -0.00470000
v 0.01477444 0.03446688 -0.00470000
v 0.00501171 0.03716360 -0.00600000
v 0.00643185 0.03694430 -0.00470000
v 0.00998454 0.03614636 -0.00470000
v -0.00005294 0.03749996 -0.00600000
v 0.00145092 0.03747192 -0.00470000
v 0.00501171 0.03716360 -0.00470000
v -0.00511662 0.03714930 -0.00600000
v -0.00355589 0.03733103 -0.00470000
v -0.00005294 0.03749996 -0.00470000
v -0.01008656 0.03611802 -0.00600000
v -0.00849926 0.03652414 -0.00470000
v -0.00511662 0.03714930 -0.00470000
v -0.01487170 0.03442503 -0.00600000
v -0.01329101 0.03506564 -0.00470000
v -0.01008656 0.03611802 -0.00470000
v -0.01938438 0.03210134 -0.00600000
v -0.01784564 0.03298156 -0.00470000
v -0.01487170 0.03442503 -0.00470000
v -0.02354192 0.02918952 -0.00600000
v -0.02208189 0.03030908 -0.00470000
v -0.01938438 0.03210134 -0.00470000
v -0.02726815 0.02574293 -0.00600000
v -0.02592420 0.02709587 -0.00470000
v -0.02354192 0.02918952 -0.00470000
v -0.03049480 0.02182470 -0.00600000
v -0.02930401 0.02339926 -0.00470000
v -0.02726815 0.02574293 -0.00470000
v -0.03316275 0.01750662 -0.00600000
v -0.03216102 0.01928520 -0.00470000
v -0.03049480 0.02182470 -0.00470000
v -0.03522314 0.01286780 -0.00050000
v -0.03422926 0.01531690 -0.00050000
v -0.03522314 0.01286780 -0.00600000
v -0.03422926 0.01531690 -0.00470000
v -0.03316275 0.01750662 -0.00470000
v -0.03240370 0.01650000 -0.00050000
v -0.03240370 0.01650000 -0.00420000
v -0.03315176 0.01635484 -0.00420000
v -0.03403617 0.01565544 -0.00466403
v -0.03379122 0.01594042 -0.00050000
v -0.03379122 0.01594042 -0.00456233
v -0.03319884 0.01633514 -0.00420000
v -0.03315176 0.01635484 -0.00050000
v -0.03240370 0.01600000 0.00000000
v -0.03296474 0.01589113 0.00000000
v -0.03344434 0.01558031 0.00000000
v -0.03377287 0.01511268 0.00000000
v -0.03464102 0.01300000 0.00000000
v -0.03506194 0.01270660 -0.00029340
v -0.02846331 0.01650000 -0.00050000
v -0.02846331 0.01650000 -0.00420000
v 0.03496353 0.01250000 -0.00433083
v 0.03310854 0.01651741 -0.00420000
v 0.03482456 0.01250000 -0.00420000
v 0.03061193 0.02078244 -0.00420000
v 0.02756920 0.02467670 -0.00420000
v 0.02403462 0.02813071 -0.00420000
v 0.02007126 0.03108287 -0.00420000
v 0.01574981 0.03348049 -0.00420000
v 0.01114739 0.03528081 -0.00420000
v 0.00634609 0.03645171 -0.00420000
v 0.00143158 0.03697230 -0.00420000
v -0.00350848 0.03683328 -0.00420000
v -0.00838594 0.03603715 -0.00420000
v -0.01311379 0.03459810 -0.00420000
v -0.01760769 0.03254180 -0.00420000
v -0.02178747 0.02990496 -0.00420000
v -0.02557854 0.02673459 -0.00420000
v -0.02891329 0.02308727 -0.00420000
v -0.03173221 0.01902806 -0.00420000
v -0.02845977 0.01650610 -0.00420000
v 0.02584339 0.01858627 -0.00420000
v 0.02711694 0.01813530 -0.00420000
v 0.02806347 0.01717125 -0.00420000
v -0.02397020 0.01850610 -0.00420000
v -0.02448418 0.02008798 -0.00420000
v -0.02431032 0.02174217 -0.00420000
v -0.02347868 0.02318262 -0.00420000
v -0.01650610 0.02050610 -0.00420000
v -0.01650610 0.02470188 -0.00420000
v -0.01670187 0.02174217 -0.00420000
v -0.01753352 0.02318262 -0.00420000
v 0.03088675 0.01300000 -0.00420000
v 0.03138675 0.01250000 -0.00420000
v 0.03088675 0.01400000 -0.00420000
v 0.03068579 0.01475000 -0.00420000
v 0.03013675 0.01529904 -0.00420000
v 0.02938675 0.01550000 -0.00420000
v 0.02901999 0.01550000 -0.00420000
v -0.02050610 0.01650610 -0.00420000
v -0.02133774 0.01659351 -0.00420000
v -0.02285724 0.01727003 -0.00420000
v -0.02213304 0.02416028 -0.00420000
v -0.02050610 0.02450610 -0.00420000
v -0.01887915 0.02416028 -0.00420000
v -0.01640387 0.02547833 -0.00420000
v -0.01610417 0.02620188 -0.00420000
v -0.01453955 0.02891188 -0.00420000
v 0.02052585 0.02450605 -0.00420000
v 0.01858627 0.02584339 -0.00420000
v 0.01900278 0.02421285 -0.00420000
v 0.01843271 0.02450111 -0.00420000
v 0.01770574 0.02336232 -0.00420000
v 0.02450605 0.02052585 -0.00420000
v 0.02450111 0.01843271 -0.00420000
v 0.02421285 0.01900278 -0.00420000
v 0.02336232 0.01770574 -0.00420000
v 0.02204595 0.02419782 -0.00420000
v 0.02333452 0.02333452 -0.00420000
v 0.02419782 0.02204595 -0.00420000
v 0.01813530 0.02711694 -0.00420000
v 0.01717125 0.02806347 -0.00420000
v 0.01317361 0.03014741 -0.00420000
v 0.00892862 0.03166528 -0.00420000
v 0.00451598 0.03258859 -0.00420000
v 0.00001854 0.03289999 -0.00420000
v -0.00447924 0.03259366 -0.00420000
v -0.00889292 0.03167532 -0.00420000
v -0.01313962 0.03016224 -0.00420000
v -0.01393989 0.02964936 -0.00420000
v -0.02050610 0.01650610 -0.00050000
v -0.02845977 0.01650610 -0.00050000
v -0.02874735 0.01600000 0.00000000
v -0.02050610 0.01600610 0.00000000
v -0.02874395 0.01600610 0.00000000
v -0.02133774 0.01659351 -0.00440000
v -0.02285724 0.01727003 -0.00440000
v -0.01967445 0.01659351 -0.00050000
v -0.02397020 0.01850610 -0.00440000
v -0.02448418 0.02008798 -0.00440000
v -0.02431032 0.02174217 -0.00440000
v -0.02347868 0.02318262 -0.00440000
v -0.02213304 0.02416028 -0.00440000
v -0.02050610 0.02450610 -0.00440000
v -0.01887915 0.02416028 -0.00440000
v -0.01753352 0.02318262 -0.00440000
v -0.01670187 0.02174217 -0.00440000
v -0.01652801 0.02008798 -0.00440000
v -0.01650610 0.02050610 -0.00050000
v -0.01967445 0.01659351 -0.00440000
v -0.01815496 0.01727003 -0.00440000
v -0.01815496 0.01727003 -0.00050000
v -0.01704199 0.01850610 -0.00440000
v -0.01704199 0.01850610 -0.00050000
v -0.01652801 0.02008798 -0.00050000
v -0.01650610 0.02470188 -0.00050000
v -0.02050610 0.02050610 -0.00440000
v -0.01640387 0.02547833 -0.00050000
v -0.01610417 0.02620188 -0.00050000
v 0.03496353 0.01250000 -0.00600000
v -0.03518667 -0.01296721 -0.00050000
v -0.03496353 -0.01250000 -0.00050000
v -0.03518667 -0.01296721 -0.00600000
v -0.03496353 -0.01250000 -0.00600000
v 0.03043992 -0.02190116 -0.00600000
v 0.03311595 -0.01759499 -0.00600000
v 0.03269139 -0.01837179 -0.00470000
v 0.03311595 -0.01759499 -0.00470000
v 0.03518667 -0.01296721 -0.00600000
v 0.03518667 -0.01296721 -0.00470000
v 0.03412250 -0.01555329 -0.00470000
v -0.03336321 -0.01712151 -0.00050000
v -0.03311595 -0.01759499 -0.00600000
v -0.03311595 -0.01759499 -0.00050000
v -0.03076135 -0.02144737 -0.00050000
v -0.03043992 -0.02190116 -0.00600000
v -0.03043992 -0.02190116 -0.00050000
v -0.02760206 -0.02538457 -0.00050000
v -0.02720750 -0.02580702 -0.00600000
v -0.02720750 -0.02580702 -0.00050000
v -0.02394258 -0.02886179 -0.00050000
v -0.02347776 -0.02924115 -0.00600000
v -0.02347776 -0.02924115 -0.00050000
v -0.01984925 -0.03181599 -0.00050000
v -0.01931887 -0.03214080 -0.00600000
v -0.01931887 -0.03214080 -0.00050000
v -0.01539622 -0.03419366 -0.00050000
v -0.01480687 -0.03445296 -0.00600000
v -0.01480687 -0.03445296 -0.00050000
v -0.01066420 -0.03595170 -0.00050000
v -0.01002422 -0.03613537 -0.00600000
v -0.01002422 -0.03613537 -0.00050000
v -0.00573894 -0.03705826 -0.00050000
v -0.00505834 -0.03715727 -0.00600000
v -0.00505834 -0.03715727 -0.00050000
v -0.00070967 -0.03749328 -0.00050000
v -0.00000000 -0.03750000 -0.00600000
v -0.00000000 -0.03750000 -0.00050000
v 0.00433245 -0.03724889 -0.00050000
v 0.00505834 -0.03715727 -0.00600000
v 0.00505834 -0.03715727 -0.00050000
v 0.00929606 -0.03632951 -0.00050000
v 0.01002422 -0.03613537 -0.00600000
v 0.01002422 -0.03613537 -0.00050000
v 0.01409122 -0.03475180 -0.00050000
v 0.01480687 -0.03445296 -0.00600000
v 0.01480687 -0.03445296 -0.00050000
v 0.01863104 -0.03254435 -0.00050000
v 0.01931887 -0.03214080 -0.00600000
v 0.01931887 -0.03214080 -0.00050000
v 0.02283323 -0.02974716 -0.00050000
v 0.02347776 -0.02924115 -0.00600000
v 0.02347776 -0.02924115 -0.00050000
v 0.02662167 -0.02641092 -0.00050000
v 0.02720750 -0.02580702 -0.00600000
v 0.02720750 -0.02580702 -0.00050000
v 0.02992769 -0.02259609 -0.00050000
v 0.03043992 -0.02190116 -0.00050000
v 0.03269139 -0.01837179 -0.00050000
v -0.03291837 -0.01689322 0.00000000
v -0.03464102 -0.01300000 0.00000000
v -0.03035120 -0.02116140 0.00000000
v -0.02723403 -0.02504611 0.00000000
v -0.02362335 -0.02847696 0.00000000
v -0.01958459 -0.03139178 0.00000000
v -0.01519094 -0.03373774 0.00000000
v -0.01052201 -0.03547234 0.00000000
v -0.00566242 -0.03656415 0.00000000
v -0.00070021 -0.03699337 0.00000000
v 0.00427468 -0.03675224 0.00000000
v 0.00917212 -0.03584512 0.00000000
v 0.01390334 -0.03428844 0.00000000
v 0.01838262 -0.03211042 0.00000000
v 0.02252879 -0.02935053 0.00000000
v 0.02626671 -0.02605878 0.00000000
v 0.02952866 -0.02229481 0.00000000
v 0.03225551 -0.01812684 0.00000000
v 0.03294782 -0.01738036 -0.00050000
v 0.03244783 -0.01738326 0.00000000
v 0.03267990 -0.01639196 -0.00050000
v 0.03224689 -0.01664196 0.00000000
v 0.03101023 -0.01350000 -0.00050000
v 0.03057721 -0.01375000 0.00000000
v 0.03027818 -0.01276795 -0.00050000
v 0.03002818 -0.01320096 0.00000000
v 0.02927818 -0.01250000 -0.00050000
v 0.02927818 -0.01300000 0.00000000
v 0.02688675 -0.01250000 -0.00050000
v 0.02688675 -0.01300000 0.00000000
v 0.02688675 -0.01250000 -0.00126795
v 0.02927818 -0.01250000 -0.00320000
v 0.02577128 -0.01250000 -0.00320000
v 0.03496353 -0.01250000 -0.00433083
v 0.03496353 -0.01250000 -0.00600000
v 0.03482456 -0.01250000 -0.00420000
v 0.03138675 -0.01250000 -0.00600000
v 0.03138675 -0.01250000 -0.00420000
v 0.03366753 -0.01534592 -0.00420000
v 0.03289556 -0.01693760 -0.00420000
v 0.03294782 -0.01738036 -0.00445098
v 0.03288741 -0.01787995 -0.00463360
v 0.03088675 -0.01300000 -0.00420000
v 0.03088675 -0.01331152 -0.00420000
v 0.03101023 -0.01350000 -0.00420000
v 0.03267990 -0.01639196 -0.00420000
v 0.03027818 -0.01276795 -0.00320000
v 0.03088675 -0.01331152 -0.00320000
v -0.03495936 0.01240000 -0.00440000
v -0.02730755 0.01240000 -0.00440000
v -0.03496990 0.01235338 -0.00477107
v -0.02730755 0.01234684 -0.00479581
v -0.03498628 0.01228070 -0.00498624
v -0.02730755 0.01212722 -0.00526251
v -0.03501939 0.01213266 -0.00525472
v -0.03507541 0.01187907 -0.00553641
v -0.02730755 0.01176251 -0.00562722
v -0.03510092 0.01176223 -0.00562742
v -0.03516508 0.01146437 -0.00578978
v -0.02730755 0.01129581 -0.00584684
v -0.03517434 0.01142088 -0.00580666
v -0.02730755 0.01090000 -0.00590000
v -0.03528326 0.01090000 -0.00590000
v -0.03576107 0.01104730 -0.00540000
v -0.03565012 0.01140101 -0.00533712
v -0.03543280 0.01206081 -0.00440000
v -0.03543971 0.01204043 -0.00459953
v -0.03546233 0.01197351 -0.00480603
v -0.03549238 0.01188396 -0.00496440
v -0.03553497 0.01175572 -0.00511514
v -0.03558544 0.01160173 -0.00523711
v -0.03495936 0.01240000 0.00440000
v -0.03543280 0.01206081 0.00440000
v -0.03576107 0.01104730 0.00540000
v -0.03528326 0.01090000 0.00590000
v -0.03570084 0.01124082 0.00538160
v -0.03522383 0.01118641 0.00587240
v -0.03564153 0.01142788 0.00532682
v -0.03516531 0.01146326 0.00579023
v -0.03558570 0.01160092 0.00523763
v -0.03511023 0.01171936 0.00565644
v -0.03553513 0.01175524 0.00511560
v -0.03506033 0.01194776 0.00547340
v -0.03549273 0.01188291 0.00496590
v -0.03501850 0.01213671 0.00524886
v -0.03546018 0.01197989 0.00479156
v -0.03498638 0.01228023 0.00498734
v -0.03543984 0.01204006 0.00460130
v -0.03496631 0.01236930 0.00470194
v -0.03596332 0.01036854 0.00540000
v -0.03580500 0.00903562 0.00590000
v -0.03628986 0.00915772 0.00540000
v -0.03642595 0.00605789 0.00590000
v -0.03667697 0.00745389 0.00540000
v -0.03691920 0.00613975 0.00540000
v -0.03680020 0.00303921 0.00590000
v -0.03715528 0.00449151 0.00540000
v -0.03729851 0.00308029 0.00540000
v -0.03692524 0.00000000 0.00590000
v -0.03739521 0.00150037 0.00540000
v -0.03742523 0.00000000 0.00540000
v -0.03739521 -0.00150037 0.00540000
v -0.03680020 -0.00303921 0.00590000
v -0.03729851 -0.00308029 0.00540000
v -0.03715528 -0.00449151 0.00540000
v -0.03642595 -0.00605789 0.00590000
v -0.03691920 -0.00613975 0.00540000
v -0.03667697 -0.00745389 0.00540000
v -0.03580500 -0.00903562 0.00590000
v -0.03628986 -0.00915772 0.00540000
v -0.03528326 -0.01090000 0.00590000
v -0.03596332 -0.01036854 0.00540000
v -0.03576107 -0.01104730 0.00540000
v -0.03517434 -0.01142088 0.00580666
v -0.03570068 -0.01124136 0.00538150
v -0.03565012 -0.01140101 0.00533712
v -0.03510997 -0.01172056 0.00565566
v -0.03558544 -0.01160173 0.00523711
v -0.03507541 -0.01187907 0.00553641
v -0.03553497 -0.01175572 0.00511514
v -0.03501939 -0.01213266 0.00525472
v -0.03549238 -0.01188396 0.00496440
v -0.03498628 -0.01228070 0.00498624
v -0.03546233 -0.01197351 0.00480603
v -0.03496990 -0.01235338 0.00477107
v -0.03543971 -0.01204043 0.00459953
v -0.03495936 -0.01240000 0.00440000
v -0.03543280 -0.01206081 0.00440000
v -0.03543280 -0.01206081 -0.00440000
v -0.03495936 -0.01240000 -0.00440000
v -0.03528326 -0.01090000 -0.00590000
v -0.03576107 -0.01104730 -0.00540000
v -0.03596332 -0.01036854 -0.00540000
v -0.03580500 -0.00903562 -0.00590000
v -0.03628986 -0.00915772 -0.00540000
v -0.03642595 -0.00605789 -0.00590000
v -0.03667697 -0.00745389 -0.00540000
v -0.03691920 -0.00613975 -0.00540000
v -0.03680020 -0.00303921 -0.00590000
v -0.03715528 -0.00449151 -0.00540000
v -0.03729851 -0.00308029 -0.00540000
v -0.03692524 0.00000000 -0.00590000
v -0.03739521 -0.00150037 -0.00540000
v -0.03742523 0.00000000 -0.00540000
v -0.03739521 0.00150037 -0.00540000
v -0.03680020 0.00303921 -0.00590000
v -0.03729851 0.00308029 -0.00540000
v -0.03715528 0.00449151 -0.00540000
v -0.03642595 0.00605789 -0.00590000
v -0.03691920 0.00613975 -0.00540000
v -0.03667697 0.00745389 -0.00540000
v -0.03580500 0.00903562 -0.00590000
v -0.03628986 0.00915772 -0.00540000
v -0.03596332 0.01036854 -0.00540000
v -0.03570084 -0.01124082 -0.00538160
v -0.03522383 -0.01118641 -0.00587240
v -0.03564153 -0.01142788 -0.00532682
v -0.03516531 -0.01146326 -0.00579023
v -0.03558570 -0.01160092 -0.00523763
v -0.03511023 -0.01171936 -0.00565644
v -0.03553513 -0.01175524 -0.00511560
v -0.03506033 -0.01194776 -0.00547340
v -0.03549273 -0.01188291 -0.00496591
v -0.03501850 -0.01213671 -0.00524886
v -0.03546018 -0.01197989 -0.00479156
v -0.03498638 -0.01228023 -0.00498734
v -0.03543984 -0.01204006 -0.00460130
v -0.03496631 -0.01236930 -0.00470194
v -0.03560054 0.01155522 0.00490000
v -0.03560054 0.01155522 -0.00490000
v -0.03560054 -0.01155522 -0.00490000
v -0.03560054 -0.01155522 0.00490000
v 0.03688489 0.00440726 0.00051926
v 0.02947187 0.00442809 0.00045888
v 0.02958308 0.00449698 0.00009514
v 0.02958782 0.00450000 0.00000000
v 0.03687114 0.00450000 0.00000000
v 0.03688151 0.00443027 0.00045201
v 0.02918891 0.00426901 0.00079976
v 0.03693907 0.00401818 0.00110151
v 0.02907199 0.00420598 0.00089197
v 0.02882396 0.00405952 0.00106180
v 0.03691822 0.00417277 0.00093521
v 0.02855398 0.00387820 0.00121605
v 0.03699740 0.00354478 0.00139758
v 0.02803682 0.00345207 0.00143026
v 0.03705423 0.00300000 0.00150000
v 0.02761681 0.00300000 0.00150000
v 0.03705423 0.00300000 -0.00150000
v 0.03730342 0.00302013 -0.00175000
v 0.03701613 0.00337645 -0.00145199
v 0.03726506 0.00346227 -0.00169399
v 0.03695771 0.00387402 -0.00121905
v 0.03720625 0.00404667 -0.00142223
v 0.03693344 0.00406063 -0.00106069
v 0.03717430 0.00433095 -0.00116923
v 0.03711910 0.00478188 0.00000000
v 0.03713382 0.00466600 -0.00062419
v 0.03688576 0.00440134 -0.00053502
v 0.03692598 0.00411607 -0.00100219
v 0.03653260 -0.00251688 0.00150000
v 0.03541487 -0.00392236 0.00150000
v 0.03388888 -0.00486894 0.00150000
v 0.02720247 0.00229303 0.00150000
v 0.03717524 0.00000000 0.00150000
v 0.02670598 0.00056729 0.00150000
v 0.03711129 -0.00081694 0.00150000
v 0.02753152 -0.00287363 0.00150000
v 0.02682011 -0.00122482 0.00150000
v 0.02875697 -0.00418624 0.00150000
v 0.03035309 -0.00500908 0.00150000
v 0.03213315 -0.00524588 0.00150000
v 0.03730342 0.00302013 0.00175000
v 0.03742523 0.00000000 0.00175000
v 0.03735824 -0.00085585 0.00175000
v 0.02741165 0.00314286 0.00175000
v 0.02716883 0.00276163 0.00175000
v 0.03675200 -0.00263674 0.00175000
v 0.03558105 -0.00410914 0.00175000
v 0.03398238 -0.00510080 0.00175000
v 0.03391210 -0.00512858 0.00175000
v 0.03214305 -0.00549569 0.00175000
v 0.03202014 -0.00549918 0.00175000
v 0.03027823 -0.00524761 0.00175000
v 0.03011653 -0.00519409 0.00175000
v 0.02860610 -0.00438558 0.00175000
v 0.02843515 -0.00425080 0.00175000
v 0.02732229 -0.00301047 0.00175000
v 0.02718260 -0.00278520 0.00175000
v 0.02657701 -0.00128314 0.00175000
v 0.02651278 -0.00097739 0.00175000
v 0.02645744 0.00059431 0.00175000
v 0.02650799 0.00095051 0.00175000
v 0.02697758 0.00240222 0.00175000
v 0.02716883 0.00276163 0.00250000
v 0.02665127 0.00156055 0.00250000
v 0.02676076 0.00152815 0.00307402
v 0.02650799 0.00095051 0.00250000
v 0.02643026 0.00023499 0.00250000
v 0.02654433 0.00023012 0.00307402
v 0.02651278 -0.00097739 0.00250000
v 0.02653730 -0.00110459 0.00250000
v 0.02664915 -0.00108166 0.00307402
v 0.02718260 -0.00278520 0.00250000
v 0.02769077 -0.00350988 0.00250000
v 0.02777868 -0.00343702 0.00307402
v 0.03391210 -0.00512858 0.00250000
v 0.03498980 -0.00456711 0.00250000
v 0.03492618 -0.00447229 0.00307402
v 0.03591864 -0.00022964 0.00400000
v 0.03580584 -0.00097003 0.00400000
v 0.03616068 -0.00000711 0.00398140
v 0.03636273 -0.00110923 0.00388582
v 0.03616618 0.00000000 0.00398052
v 0.03489297 -0.00268189 0.00400000
v 0.03415401 -0.00332153 0.00400000
v 0.03531886 -0.00306676 0.00388582
v 0.03447385 -0.00379819 0.00388582
v 0.03567991 -0.00339303 0.00356066
v 0.03474500 -0.00420229 0.00356066
v 0.03592116 -0.00361105 0.00307402
v 0.03232897 -0.00397957 0.00400000
v 0.03135184 -0.00395869 0.00400000
v 0.03238690 -0.00455067 0.00388582
v 0.03126956 -0.00452679 0.00388582
v 0.03243602 -0.00503482 0.00356066
v 0.03119980 -0.00500840 0.00356066
v 0.03246884 -0.00535832 0.00307402
v 0.03115319 -0.00533020 0.00307402
v 0.03040895 -0.00370147 0.00400000
v 0.03019135 -0.00423265 0.00388582
v 0.03000689 -0.00468297 0.00356066
v 0.02988363 -0.00498386 0.00307402
v 0.02955658 -0.00322327 0.00400000
v 0.02921667 -0.00368583 0.00388582
v 0.02892850 -0.00407797 0.00356066
v 0.02873595 -0.00433999 0.00307402
v 0.03726106 -0.00133379 0.00250000
v 0.03742523 0.00000000 0.00250000
v 0.03715029 -0.00130610 0.00307402
v 0.03731105 0.00000000 0.00307402
v 0.03683484 -0.00122724 0.00356066
v 0.03698590 0.00000000 0.00356066
v 0.03649926 0.00000000 0.00388582
v 0.03545476 -0.00188214 0.00400000
v 0.03596127 -0.00215224 0.00388582
v 0.03639067 -0.00238122 0.00356066
v 0.03667758 -0.00253422 0.00307402
v 0.03677833 -0.00258794 0.00250000
v 0.03600587 -0.00368760 0.00250000
v 0.03555993 -0.00412783 0.00250000
v 0.03379077 -0.00517395 0.00250000
v 0.03375204 -0.00506654 0.00307402
v 0.03364175 -0.00476066 0.00356066
v 0.03347669 -0.00430287 0.00388582
v 0.03328199 -0.00376287 0.00400000
v 0.03248037 -0.00547191 0.00250000
v 0.02843515 -0.00425080 0.00250000
v 0.02866834 -0.00443200 0.00250000
v 0.02984034 -0.00508952 0.00250000
v 0.03011653 -0.00519409 0.00250000
v 0.03113682 -0.00544320 0.00250000
v 0.03202014 -0.00549918 0.00250000
v 0.02802902 -0.00322951 0.00356066
v 0.02840368 -0.00291896 0.00388582
v 0.02884562 -0.00255264 0.00400000
v 0.02696600 -0.00237823 0.00250000
v 0.02706895 -0.00232885 0.00307402
v 0.02736214 -0.00218825 0.00356066
v 0.02780093 -0.00197783 0.00388582
v 0.02831852 -0.00172962 0.00400000
v 0.02800674 -0.00080334 0.00400000
v 0.02744441 -0.00091862 0.00388582
v 0.02696769 -0.00101635 0.00356066
v 0.02686920 0.00021622 0.00356066
v 0.02735539 0.00019543 0.00388582
v 0.02792889 0.00017090 0.00400000
v 0.02707256 0.00143589 0.00356066
v 0.02753919 0.00129781 0.00388582
v 0.02808963 0.00113494 0.00400000
v 0.02718714 0.00279293 0.00250000
v 0.02728551 0.00273495 0.00307402
v 0.02756562 0.00256984 0.00356066
v 0.02798484 0.00232272 0.00388582
v 0.02847935 0.00203123 0.00400000
v 0.02907480 0.00280624 0.00400000
v 0.02866574 0.00320896 0.00388582
v 0.02831896 0.00355036 0.00356066
v 0.02808725 0.00377848 0.00307402
v 0.02800588 0.00385858 0.00250000
v 0.02984042 0.00341373 0.00400000
v 0.02954123 0.00390362 0.00388582
v 0.02928759 0.00431893 0.00356066
v 0.02911812 0.00459643 0.00307402
v 0.02905861 0.00469387 0.00250000
v 0.02905861 0.00469387 0.00093305
v 0.02855865 0.00434926 0.00131773
v 0.02804068 0.00389361 0.00159654
v 0.02757229 0.00336182 0.00173747
v 0.02952564 0.00446092 -0.00034018
v 0.02935191 0.00435791 -0.00063724
v 0.02918891 0.00426901 -0.00079976
v 0.02866113 0.00395310 -0.00115828
v 0.02817364 0.00357652 -0.00138478
v 0.02770661 0.00310715 -0.00149617
v 0.02761681 0.00300000 -0.00150000
v 0.03712954 0.00469999 0.00052735
v 0.03724620 0.00365998 0.00163050
v 0.03718749 0.00421598 0.00128509
v 0.03716650 0.00439755 0.00109108
v 0.03742523 0.00000000 -0.00175000
v 0.03717524 0.00000000 -0.00150000
v 0.02720247 0.00229303 -0.00150000
v 0.02741165 0.00314286 -0.00175000
v 0.02716883 0.00276163 -0.00175000
v 0.02697758 0.00240222 -0.00175000
v 0.02670598 0.00056729 -0.00150000
v 0.02650799 0.00095051 -0.00175000
v 0.02645744 0.00059431 -0.00175000
v 0.02682011 -0.00122482 -0.00150000
v 0.02651278 -0.00097739 -0.00175000
v 0.02657701 -0.00128314 -0.00175000
v 0.02718260 -0.00278520 -0.00175000
v 0.02753152 -0.00287363 -0.00150000
v 0.02732229 -0.00301047 -0.00175000
v 0.02843515 -0.00425080 -0.00175000
v 0.02875697 -0.00418624 -0.00150000
v 0.02860610 -0.00438558 -0.00175000
v 0.03011653 -0.00519409 -0.00175000
v 0.03035309 -0.00500908 -0.00150000
v 0.03027823 -0.00524761 -0.00175000
v 0.03202014 -0.00549918 -0.00175000
v 0.03213315 -0.00524588 -0.00150000
v 0.03214305 -0.00549569 -0.00175000
v 0.03391210 -0.00512858 -0.00175000
v 0.03388888 -0.00486894 -0.00150000
v 0.03398238 -0.00510080 -0.00175000
v 0.03558105 -0.00410914 -0.00175000
v 0.03541487 -0.00392236 -0.00150000
v 0.03675200 -0.00263674 -0.00175000
v 0.03653260 -0.00251688 -0.00150000
v 0.03735824 -0.00085585 -0.00175000
v 0.03711129 -0.00081694 -0.00150000
v 0.03649926 0.00000000 -0.00388582
v 0.03698590 0.00000000 -0.00356066
v 0.03683484 -0.00122724 -0.00356066
v 0.03731105 0.00000000 -0.00307402
v 0.03715029 -0.00130610 -0.00307402
v 0.03742523 0.00000000 -0.00250000
v 0.03726106 -0.00133379 -0.00250000
v 0.03616618 0.00000000 -0.00398052
v 0.03593745 -0.00021705 -0.00399989
v 0.03636273 -0.00110923 -0.00388582
v 0.03591864 -0.00022964 -0.00400000
v 0.03677833 -0.00258794 -0.00250000
v 0.03667758 -0.00253422 -0.00307402
v 0.03600587 -0.00368760 -0.00250000
v 0.03592116 -0.00361105 -0.00307402
v 0.03555993 -0.00412783 -0.00250000
v 0.03492618 -0.00447229 -0.00307402
v 0.03498980 -0.00456711 -0.00250000
v 0.03391210 -0.00512858 -0.00250000
v 0.03375204 -0.00506654 -0.00307402
v 0.03379077 -0.00517395 -0.00250000
v 0.03248037 -0.00547191 -0.00250000
v 0.03246884 -0.00535832 -0.00307402
v 0.03202014 -0.00549918 -0.00250000
v 0.03115319 -0.00533020 -0.00307402
v 0.03113682 -0.00544320 -0.00250000
v 0.03011653 -0.00519409 -0.00250000
v 0.02988363 -0.00498386 -0.00307402
v 0.02984034 -0.00508952 -0.00250000
v 0.02866834 -0.00443200 -0.00250000
v 0.02873595 -0.00433999 -0.00307402
v 0.02843515 -0.00425080 -0.00250000
v 0.02777868 -0.00343702 -0.00307402
v 0.02769077 -0.00350988 -0.00250000
v 0.02706895 -0.00232885 -0.00307402
v 0.02718260 -0.00278520 -0.00250000
v 0.02696600 -0.00237823 -0.00250000
v 0.02653730 -0.00110459 -0.00250000
v 0.02664915 -0.00108166 -0.00307402
v 0.02651278 -0.00097739 -0.00250000
v 0.02654433 0.00023012 -0.00307402
v 0.02643026 0.00023499 -0.00250000
v 0.02676076 0.00152815 -0.00307402
v 0.02650799 0.00095051 -0.00250000
v 0.02665127 0.00156055 -0.00250000
v 0.02716883 0.00276163 -0.00250000
v 0.02728551 0.00273495 -0.00307402
v 0.02718714 0.00279293 -0.00250000
v 0.02800588 0.00385858 -0.00250000
v 0.02808725 0.00377848 -0.00307402
v 0.02905861 0.00469387 -0.00250000
v 0.02911812 0.00459643 -0.00307402
v 0.03639067 -0.00238122 -0.00356066
v 0.03567991 -0.00339303 -0.00356066
v 0.03474500 -0.00420229 -0.00356066
v 0.03364175 -0.00476066 -0.00356066
v 0.03243602 -0.00503482 -0.00356066
v 0.03119980 -0.00500840 -0.00356066
v 0.03000689 -0.00468297 -0.00356066
v 0.02892850 -0.00407797 -0.00356066
v 0.02802902 -0.00322951 -0.00356066
v 0.02736214 -0.00218825 -0.00356066
v 0.02696769 -0.00101635 -0.00356066
v 0.02686920 0.00021622 -0.00356066
v 0.02707256 0.00143589 -0.00356066
v 0.02756562 0.00256984 -0.00356066
v 0.02831896 0.00355036 -0.00356066
v 0.02928759 0.00431893 -0.00356066
v 0.03596127 -0.00215224 -0.00388582
v 0.03531886 -0.00306676 -0.00388582
v 0.03447385 -0.00379819 -0.00388582
v 0.03347669 -0.00430287 -0.00388582
v 0.03238690 -0.00455067 -0.00388582
v 0.03126956 -0.00452679 -0.00388582
v 0.03019135 -0.00423265 -0.00388582
v 0.02921667 -0.00368583 -0.00388582
v 0.02840368 -0.00291896 -0.00388582
v 0.02780093 -0.00197783 -0.00388582
v 0.02744441 -0.00091862 -0.00388582
v 0.02735539 0.00019543 -0.00388582
v 0.02753919 0.00129781 -0.00388582
v 0.02798484 0.00232272 -0.00388582
v 0.02866574 0.00320896 -0.00388582
v 0.02954123 0.00390362 -0.00388582
v 0.03580584 -0.00097003 -0.00400000
v 0.03545476 -0.00188214 -0.00400000
v 0.03489297 -0.00268189 -0.00400000
v 0.03415401 -0.00332153 -0.00400000
v 0.03328199 -0.00376287 -0.00400000
v 0.03232897 -0.00397957 -0.00400000
v 0.03135184 -0.00395869 -0.00400000
v 0.03040895 -0.00370147 -0.00400000
v 0.02955658 -0.00322327 -0.00400000
v 0.02884562 -0.00255264 -0.00400000
v 0.02831852 -0.00172962 -0.00400000
v 0.02800674 -0.00080334 -0.00400000
v 0.02792889 0.00017090 -0.00400000
v 0.02808963 0.00113494 -0.00400000
v 0.02847935 0.00203123 -0.00400000
v 0.02907480 0.00280624 -0.00400000
v 0.02984042 0.00341373 -0.00400000
v 0.02831549 0.00414967 -0.00146250
v 0.02883220 0.00454787 -0.00112420
v 0.02905861 0.00469387 -0.00093305
v 0.02781831 0.00365830 -0.00167941
v -0.01745645 0.02624006 -0.00388582
v -0.01765278 0.02620544 -0.00388582
v -0.01765278 0.02677947 -0.00400000
v -0.01728380 0.02633974 -0.00388582
v -0.01715566 0.02649245 -0.00388582
v -0.01717880 0.02547722 -0.00307402
v -0.01713975 0.02536993 -0.00250000
v -0.01765278 0.02527947 -0.00250000
v -0.01690278 0.02548043 -0.00250000
v -0.01635374 0.02602947 -0.00250000
v -0.01668860 0.02563040 -0.00250000
v -0.01645263 0.02608656 -0.00307402
v -0.01676199 0.02571787 -0.00307402
v -0.01673422 0.02624914 -0.00356066
v -0.01697100 0.02596695 -0.00356066
v -0.01729001 0.02578277 -0.00356066
v -0.01765278 0.02539365 -0.00307402
v -0.01765278 0.02548043 -0.00325000
v -0.01765278 0.02571881 -0.00356066
v -0.01765278 0.02602947 -0.00379904
v -0.01765278 0.02527947 0.00250000
v -0.01690278 0.02548043 0.00250000
v -0.01635374 0.02602947 0.00250000
v -0.02413428 0.02677947 0.00400000
v -0.02413428 0.02620544 0.00388582
v -0.01765278 0.02677947 0.00400000
v -0.01765278 0.02602947 0.00379904
v -0.02413428 0.02602947 0.00379904
v -0.02413428 0.02571881 0.00356066
v -0.01765278 0.02548043 0.00325000
v -0.02413428 0.02527947 0.00250000
v -0.02413428 0.02539365 0.00307402
v -0.02413428 0.02548043 0.00325000
v -0.02413428 0.02527947 -0.00250000
v -0.02413428 0.02677947 -0.00400000
v -0.02413428 0.02620544 -0.00388582
v -0.02413428 0.02602947 -0.00379904
v -0.02413428 0.02571881 -0.00356066
v -0.02413428 0.02548043 -0.00325000
v -0.02413428 0.02539365 -0.00307402
v -0.02477659 0.02555149 0.00307402
v -0.02462588 0.02583961 0.00356066
v -0.02440033 0.02627082 0.00388582
v -0.02460578 0.02645207 0.00388582
v -0.02467212 0.02698003 0.00388582
v -0.02470382 0.02670790 0.00388582
v -0.02451791 0.02720647 0.00388582
v -0.02500550 0.02617451 0.00356066
v -0.02518666 0.02664722 0.00356066
v -0.02512809 0.02715005 0.00356066
v -0.02484314 0.02756847 0.00356066
v -0.02527259 0.02598906 0.00307402
v -0.02550928 0.02660668 0.00307402
v -0.02543276 0.02726366 0.00307402
v -0.02506045 0.02781034 0.00307402
v -0.02482951 0.02545031 0.00250000
v -0.02536637 0.02592393 0.00250000
v -0.02562257 0.02659244 0.00250000
v -0.02553974 0.02730355 0.00250000
v -0.02513676 0.02789528 0.00250000
v 0.02897156 0.02371837 0.00250000
v 0.02690995 0.02603988 0.00250000
v 0.02682778 0.02596059 0.00307402
v 0.00808869 0.03660066 0.00250000
v 0.00484531 0.03717584 0.00250000
v 0.00483033 0.03706264 0.00307402
v 0.00315121 0.03736098 0.00250000
v 0.00126121 0.03747619 0.00250000
v 0.00125715 0.03736209 0.00307402
v -0.00680686 0.03689077 0.00250000
v -0.00943267 0.03631363 0.00250000
v -0.00940417 0.03620306 0.00307402
v -0.01628915 0.03381336 0.00250000
v -0.01935655 0.03216306 0.00250000
v -0.01929784 0.03206513 0.00307402
v -0.02063982 0.03135807 0.00250000
v -0.02234910 0.03016793 0.00250000
v -0.02228128 0.03007607 0.00307402
v 0.03615511 0.00122973 0.00397889
v 0.03631266 0.00094730 0.00394575
v 0.03633104 0.00350381 0.00388582
v 0.03575966 0.00344882 0.00400000
v 0.03589563 0.00145975 0.00400000
v 0.03590319 0.00145506 0.00399998
v 0.03632203 0.00029541 0.00394624
v 0.03637187 0.00062741 0.00393027
v -0.02145813 0.02896121 0.00400000
v -0.02179909 0.02942300 0.00388582
v -0.02208814 0.02981449 0.00356066
v -0.01235674 0.03384011 0.00400000
v -0.00905835 0.03486108 0.00400000
v -0.01255258 0.03437969 0.00388582
v -0.00920160 0.03541695 0.00388582
v -0.01271860 0.03483713 0.00356066
v -0.00932303 0.03588819 0.00356066
v -0.01282954 0.03514278 0.00307402
v -0.00224475 0.03593454 0.00400000
v 0.00120777 0.03597715 0.00400000
v -0.00227936 0.03650752 0.00388582
v 0.00122822 0.03655081 0.00388582
v -0.00230869 0.03699327 0.00356066
v 0.00124556 0.03703713 0.00356066
v -0.00232829 0.03731784 0.00307402
v 0.01136837 0.03413290 0.00400000
v 0.01458568 0.03287965 0.00400000
v 0.01155083 0.03467715 0.00388582
v 0.01481945 0.03340392 0.00388582
v 0.01170551 0.03513855 0.00356066
v 0.01501762 0.03384838 0.00356066
v 0.01180887 0.03544684 0.00307402
v 0.01515004 0.03414535 0.00307402
v 0.01766814 0.03132394 0.00400000
v 0.01795106 0.03182340 0.00388582
v 0.01819090 0.03224683 0.00356066
v 0.01835116 0.03252976 0.00307402
v 0.02058738 0.02948009 0.00400000
v 0.02091685 0.02995015 0.00388582
v 0.02119615 0.03034865 0.00356066
v 0.02138278 0.03061492 0.00307402
v 0.02331656 0.02736505 0.00400000
v 0.02583056 0.02499829 0.00400000
v 0.02368954 0.02780139 0.00388582
v 0.02624362 0.02539689 0.00388582
v 0.02400573 0.02817130 0.00356066
v 0.02659380 0.02573480 0.00356066
v 0.02421701 0.02841847 0.00307402
v 0.03012272 0.01959877 0.00400000
v 0.03186140 0.01661569 0.00400000
v 0.03060422 0.01991128 0.00388582
v 0.03237063 0.01688064 0.00388582
v 0.03101242 0.02017621 0.00356066
v 0.03280233 0.01710524 0.00356066
v 0.03128517 0.02035323 0.00307402
v 0.03309079 0.01725532 0.00307402
v 0.03330630 0.01347977 0.00400000
v 0.03383857 0.01369471 0.00388582
v 0.03428980 0.01387692 0.00356066
v 0.03459131 0.01399867 0.00307402
v 0.03444414 0.01021985 0.00400000
v 0.03499455 0.01038280 0.00388582
v 0.03546117 0.01052095 0.00356066
v 0.03577295 0.01061326 0.00307402
v 0.03681544 0.00355043 0.00356066
v 0.03713910 0.00358158 0.00307402
v -0.02462552 0.02834626 0.00250000
v -0.01913065 0.03178625 0.00356066
v -0.01888043 0.03136887 0.00388582
v -0.01858528 0.03087654 0.00400000
v -0.01618663 0.03386234 0.00250000
v -0.01613757 0.03375923 0.00307402
v -0.01599786 0.03346562 0.00356066
v -0.01578878 0.03302618 0.00388582
v -0.01554215 0.03250784 0.00400000
v -0.01286849 0.03525011 0.00250000
v -0.01165073 0.03566857 0.00250000
v -0.00591076 0.03704310 0.00250000
v -0.00589299 0.03693031 0.00307402
v -0.00584239 0.03660911 0.00356066
v -0.00576665 0.03612841 0.00388582
v -0.00567732 0.03556138 0.00400000
v -0.00233517 0.03743181 0.00250000
v -0.00184352 0.03745826 0.00250000
v 0.00478767 0.03674030 0.00356066
v 0.00472382 0.03625787 0.00388582
v 0.00464850 0.03568880 0.00400000
v 0.00838414 0.03653350 0.00250000
v 0.00835839 0.03642227 0.00307402
v 0.00828504 0.03610549 0.00356066
v 0.00817527 0.03563140 0.00388582
v 0.00804579 0.03507216 0.00400000
v 0.01184516 0.03555510 0.00250000
v 0.02169572 0.03053352 0.00250000
v 0.02144831 0.03070842 0.00250000
v 0.01840743 0.03262911 0.00250000
v 0.01744396 0.03315637 0.00250000
v 0.01519654 0.03424963 0.00250000
v 0.01288129 0.03519078 0.00250000
v 0.02429120 0.02850526 0.00250000
v 0.02556112 0.02736880 0.00250000
v 0.02928047 0.02333496 0.00250000
v 0.02919108 0.02326391 0.00307402
v 0.02893655 0.02306158 0.00356066
v 0.02855561 0.02275876 0.00388582
v 0.02810626 0.02240156 0.00400000
v 0.03138095 0.02041539 0.00250000
v 0.03591452 0.01053668 0.00250000
v 0.03588243 0.01064567 0.00250000
v 0.03469718 0.01404143 0.00250000
v 0.03419461 0.01522695 0.00250000
v 0.03319208 0.01730802 0.00250000
v 0.03186652 0.01964700 0.00250000
v 0.03526444 0.00686591 0.00400000
v 0.03582793 0.00697539 0.00388582
v 0.03630563 0.00706820 0.00356066
v 0.03662482 0.00713022 0.00307402
v 0.03725276 0.00359252 0.00250000
v 0.03699572 0.00565941 0.00250000
v 0.03673691 0.00715199 0.00250000
v -0.02513676 0.02789528 -0.00250000
v 0.03725276 0.00359252 -0.00250000
v 0.03699572 0.00565941 -0.00250000
v 0.03673691 0.00715199 -0.00250000
v 0.03591452 0.01053668 -0.00250000
v 0.03588243 0.01064567 -0.00250000
v 0.03469718 0.01404143 -0.00250000
v 0.03419461 0.01522695 -0.00250000
v 0.03319208 0.01730802 -0.00250000
v 0.03186652 0.01964700 -0.00250000
v 0.03138095 0.02041539 -0.00250000
v 0.02928047 0.02333496 -0.00250000
v 0.02897156 0.02371837 -0.00250000
v 0.02690995 0.02603988 -0.00250000
v 0.02556112 0.02736880 -0.00250000
v 0.02429120 0.02850526 -0.00250000
v 0.02169572 0.03053352 -0.00250000
v 0.02144831 0.03070842 -0.00250000
v 0.01840743 0.03262911 -0.00250000
v 0.01744396 0.03315637 -0.00250000
v 0.01519654 0.03424963 -0.00250000
v 0.01288129 0.03519078 -0.00250000
v 0.01184516 0.03555510 -0.00250000
v 0.00838414 0.03653350 -0.00250000
v 0.00808869 0.03660066 -0.00250000
v 0.00484531 0.03717584 -0.00250000
v 0.00315121 0.03736098 -0.00250000
v 0.00126121 0.03747619 -0.00250000
v -0.00184352 0.03745826 -0.00250000
v -0.00233517 0.03743181 -0.00250000
v -0.00591076 0.03704310 -0.00250000
v -0.00680686 0.03689077 -0.00250000
v -0.00943267 0.03631363 -0.00250000
v -0.01165073 0.03566857 -0.00250000
v -0.01286849 0.03525011 -0.00250000
v -0.01618663 0.03386234 -0.00250000
v -0.01628915 0.03381336 -0.00250000
v -0.01935655 0.03216306 -0.00250000
v -0.02063982 0.03135807 -0.00250000
v -0.02234910 0.03016793 -0.00250000
v -0.02462552 0.02834626 -0.00250000
v -0.02451791 0.02720647 -0.00388582
v -0.02484314 0.02756847 -0.00356066
v -0.02208814 0.02981449 -0.00356066
v -0.02506045 0.02781034 -0.00307402
v -0.02228128 0.03007607 -0.00307402
v 0.03614394 0.00124354 -0.00398067
v 0.03589563 0.00145975 -0.00400000
v 0.03575966 0.00344882 -0.00400000
v 0.03617905 0.00001720 -0.00397837
v 0.03632527 0.00030546 -0.00394532
v 0.03637186 0.00062774 -0.00393027
v 0.03633104 0.00350381 -0.00388582
v 0.03630792 0.00096014 -0.00394696
v -0.01929784 0.03206513 -0.00307402
v -0.01613757 0.03375923 -0.00307402
v -0.01282954 0.03514278 -0.00307402
v -0.00940417 0.03620306 -0.00307402
v -0.00589299 0.03693031 -0.00307402
v -0.00232829 0.03731784 -0.00307402
v 0.00125715 0.03736209 -0.00307402
v 0.00483033 0.03706264 -0.00307402
v 0.00835839 0.03642227 -0.00307402
v 0.01180887 0.03544684 -0.00307402
v 0.01515004 0.03414535 -0.00307402
v 0.01835116 0.03252976 -0.00307402
v 0.02138278 0.03061492 -0.00307402
v 0.02421701 0.02841847 -0.00307402
v 0.02682778 0.02596059 -0.00307402
v 0.02919108 0.02326391 -0.00307402
v 0.03128517 0.02035323 -0.00307402
v 0.03309079 0.01725532 -0.00307402
v 0.03459131 0.01399867 -0.00307402
v 0.03577295 0.01061326 -0.00307402
v 0.03662482 0.00713022 -0.00307402
v 0.03713910 0.00358158 -0.00307402
v -0.01913065 0.03178625 -0.00356066
v -0.01599786 0.03346562 -0.00356066
v -0.01271860 0.03483713 -0.00356066
v -0.00932303 0.03588819 -0.00356066
v -0.00584239 0.03660911 -0.00356066
v -0.00230869 0.03699327 -0.00356066
v 0.00124556 0.03703713 -0.00356066
v 0.00478767 0.03674030 -0.00356066
v 0.00828504 0.03610549 -0.00356066
v 0.01170551 0.03513855 -0.00356066
v 0.01501762 0.03384838 -0.00356066
v 0.01819090 0.03224683 -0.00356066
v 0.02119615 0.03034865 -0.00356066
v 0.02400573 0.02817130 -0.00356066
v 0.02659380 0.02573480 -0.00356066
v 0.02893655 0.02306158 -0.00356066
v 0.03101242 0.02017621 -0.00356066
v 0.03280233 0.01710524 -0.00356066
v 0.03428980 0.01387692 -0.00356066
v 0.03546117 0.01052095 -0.00356066
v 0.03630563 0.00706820 -0.00356066
v 0.03681544 0.00355043 -0.00356066
v -0.02179909 0.02942300 -0.00388582
v -0.01888043 0.03136887 -0.00388582
v -0.01578878 0.03302618 -0.00388582
v -0.01255258 0.03437969 -0.00388582
v -0.00920160 0.03541695 -0.00388582
v -0.00576665 0.03612841 -0.00388582
v -0.00227936 0.03650752 -0.00388582
v 0.00122822 0.03655081 -0.00388582
v 0.00472382 0.03625787 -0.00388582
v 0.00817527 0.03563140 -0.00388582
v 0.01155083 0.03467715 -0.00388582
v 0.01481945 0.03340392 -0.00388582
v 0.01795106 0.03182340 -0.00388582
v 0.02091685 0.02995015 -0.00388582
v 0.02368954 0.02780139 -0.00388582
v 0.02624362 0.02539689 -0.00388582
v 0.02855561 0.02275876 -0.00388582
v 0.03060422 0.01991128 -0.00388582
v 0.03237063 0.01688064 -0.00388582
v 0.03383857 0.01369471 -0.00388582
v 0.03499455 0.01038280 -0.00388582
v 0.03582793 0.00697539 -0.00388582
v 0.03526444 0.00686591 -0.00400000
v 0.03444414 0.01021985 -0.00400000
v 0.03330630 0.01347977 -0.00400000
v 0.03186140 0.01661569 -0.00400000
v 0.03012272 0.01959877 -0.00400000
v 0.02810626 0.02240156 -0.00400000
v 0.02583056 0.02499829 -0.00400000
v 0.02331656 0.02736505 -0.00400000
v 0.02058738 0.02948009 -0.00400000
v 0.01766814 0.03132394 -0.00400000
v 0.01458568 0.03287965 -0.00400000
v 0.01136837 0.03413290 -0.00400000
v 0.00804579 0.03507216 -0.00400000
v 0.00464850 0.03568880 -0.00400000
v 0.00120777 0.03597715 -0.00400000
v -0.00224475 0.03593454 -0.00400000
v -0.00567732 0.03556138 -0.00400000
v -0.00905835 0.03486108 -0.00400000
v -0.01235674 0.03384011 -0.00400000
v -0.01554215 0.03250784 -0.00400000
v -0.01858528 0.03087654 -0.00400000
v -0.02145813 0.02896121 -0.00400000
v -0.02467212 0.02698003 -0.00388582
v -0.02470382 0.02670790 -0.00388582
v -0.02460578 0.02645207 -0.00388582
v -0.02477659 0.02555149 -0.00307402
v -0.02482951 0.02545031 -0.00250000
v -0.02536637 0.02592393 -0.00250000
v -0.02527259 0.02598906 -0.00307402
v -0.02562257 0.02659244 -0.00250000
v -0.02550928 0.02660668 -0.00307402
v -0.02553974 0.02730355 -0.00250000
v -0.02543276 0.02726366 -0.00307402
v -0.02462588 0.02583961 -0.00356066
v -0.02500550 0.02617451 -0.00356066
v -0.02518666 0.02664722 -0.00356066
v -0.02512809 0.02715005 -0.00356066
v -0.02440033 0.02627082 -0.00388582
v 0.02555921 0.00300000 0.00150000
v 0.02731546 0.00300000 0.00150000
v 0.02686387 0.00215234 0.00150000
v 0.02653601 0.00109829 0.00150000
v 0.02642524 0.00000000 0.00150000
v 0.02555921 -0.00500000 0.00150000
v 0.02655243 -0.00308594 0.00150000
v 0.02676006 -0.00500000 0.00150000
v 0.02558092 -0.00533378 0.00146239
v 0.02680643 -0.00533329 0.00146250
v 0.02564497 -0.00565083 0.00135145
v 0.02685344 -0.00565083 0.00135145
v 0.02574815 -0.00593523 0.00117275
v 0.02689566 -0.00592120 0.00118381
v 0.02588682 -0.00617487 0.00093257
v 0.02693351 -0.00615325 0.00095918
v 0.02693676 -0.00617275 0.00093524
v 0.02599222 -0.00629904 0.00075000
v 0.02696705 -0.00635157 0.00065058
v 0.02615558 -0.00646239 0.00033378
v 0.02698627 -0.00646239 0.00033378
v 0.02619318 -0.00650000 0.00000000
v 0.02699286 -0.00650000 0.00000041
v 0.02615558 -0.00646239 -0.00033378
v 0.02676006 -0.00500000 -0.00150000
v 0.02555921 -0.00500000 -0.00150000
v 0.02680664 -0.00533478 -0.00146216
v 0.02558092 -0.00533378 -0.00146239
v 0.02685344 -0.00565083 -0.00135145
v 0.02564497 -0.00565083 -0.00135145
v 0.02689564 -0.00592104 -0.00118393
v 0.02574815 -0.00593523 -0.00117275
v 0.02693313 -0.00615095 -0.00096194
v 0.02588528 -0.00617275 -0.00093524
v 0.02693676 -0.00617272 -0.00093527
v 0.02599222 -0.00629904 -0.00075000
v 0.02696701 -0.00635135 -0.00065104
v 0.02698627 -0.00646239 -0.00033378
v 0.02686387 0.00215234 -0.00150000
v 0.02731546 0.00300000 -0.00150000
v 0.02555921 0.00300000 -0.00150000
v 0.02655243 -0.00308594 -0.00150000
v 0.02642524 0.00000000 -0.00150000
v 0.02653601 0.00109829 -0.00150000
v 0.02558092 0.00333378 -0.00146239
v 0.02739561 0.00311970 -0.00149522
v 0.02564497 0.00365083 -0.00135145
v 0.02759792 0.00339475 -0.00144713
v 0.02781167 0.00365083 -0.00135145
v 0.02574815 0.00393523 -0.00117275
v 0.02810981 0.00396138 -0.00115141
v 0.02588682 0.00417487 -0.00093257
v 0.02834219 0.00417275 -0.00093524
v 0.02599222 0.00429904 -0.00075000
v 0.02855292 0.00434482 -0.00066442
v 0.02615558 0.00446239 -0.00033378
v 0.02871011 0.00446239 -0.00033378
v 0.02619318 0.00450000 0.00000000
v 0.02876296 0.00450000 0.00000018
v 0.02615558 0.00446239 0.00033378
v 0.02871011 0.00446239 0.00033378
v 0.02855279 0.00434472 0.00066462
v 0.02599222 0.00429904 0.00075000
v 0.02834219 0.00417275 0.00093524
v 0.02588528 0.00417275 0.00093524
v 0.02810981 0.00396138 0.00115141
v 0.02574815 0.00393523 0.00117275
v 0.02781167 0.00365083 0.00135145
v 0.02564497 0.00365083 0.00135145
v 0.02759792 0.00339475 0.00144713
v 0.02558092 0.00333378 0.00146239
v 0.02897771 0.00464350 0.00277500
v 0.02897771 0.00464350 -0.00277500
v 0.02983993 0.00533559 -0.00277500
v 0.02983993 0.00533559 0.00277500
v 0.03052896 0.00620026 -0.00277500
v 0.03052896 0.00620026 0.00277500
v 0.03101113 0.00719522 -0.00277500
v 0.03101113 0.00719522 0.00277500
v 0.03126284 0.00827181 -0.00277500
v 0.03126284 0.00827181 0.00277500
v 0.03127179 0.00937741 -0.00277500
v 0.03127179 0.00937741 0.00277500
v 0.03103755 0.01045794 -0.00277500
v 0.03103755 0.01045794 0.00277500
v 0.02642524 0.00000000 -0.00277500
v 0.02653601 0.00109829 -0.00277500
v 0.02686387 0.00215234 -0.00277500
v 0.02739561 0.00311970 -0.00277500
v 0.02810981 0.00396138 -0.00277500
v 0.02810981 0.00396138 0.00277500
v 0.02739561 0.00311970 0.00277500
v 0.02686387 0.00215234 0.00277500
v 0.02642524 0.00000000 0.00277500
v 0.02653601 0.00109829 0.00277500
v 0.02730755 0.01141918 -0.00580729
v 0.02730755 0.01196066 -0.00546066
v 0.03530684 0.01194786 -0.00547331
v 0.03537226 0.01171956 -0.00565631
v 0.03544417 0.01146351 -0.00579013
v 0.02730755 0.01090000 -0.00590000
v 0.03552023 0.01118661 -0.00587236
v 0.03559707 0.01090000 -0.00590000
v 0.02730755 0.01230729 -0.00491918
v 0.02730755 0.01240000 -0.00440000
v 0.03517364 0.01240000 -0.00440000
v 0.03518284 0.01236929 -0.00470200
v 0.03520940 0.01228022 -0.00498737
v 0.03525179 0.01213672 -0.00524883
v 0.03621727 -0.00861268 -0.00590000
v 0.03559707 -0.01090000 -0.00590000
v 0.02730755 -0.01090000 -0.00590000
v 0.02655754 0.01490000 -0.00590000
v 0.02730755 0.01415000 -0.00590000
v 0.02475092 0.01490000 -0.00590000
v 0.03286088 0.00082890 -0.00590000
v 0.03236849 0.00116877 -0.00590000
v 0.02730755 -0.01415000 -0.00590000
v 0.02655754 -0.01490000 -0.00590000
v 0.02475092 -0.01490000 -0.00590000
v 0.03177457 0.00124089 -0.00590000
v 0.03121516 0.00102873 -0.00590000
v 0.03081842 0.00058090 -0.00590000
v 0.03067524 0.00000000 -0.00590000
v 0.03718474 0.00173759 -0.00590000
v 0.03718474 -0.00173759 -0.00590000
v 0.03686132 -0.00519770 -0.00590000
v 0.03236849 -0.00116877 -0.00590000
v 0.03286088 -0.00082890 -0.00590000
v 0.03686132 0.00519770 -0.00590000
v 0.03313891 -0.00029914 -0.00590000
v 0.03313891 0.00029914 -0.00590000
v 0.03621727 0.00861268 -0.00590000
v 0.03081842 -0.00058090 -0.00590000
v 0.03121516 -0.00102873 -0.00590000
v 0.03177457 -0.00124089 -0.00590000
v 0.03018107 0.01240000 -0.00277500
v 0.03036656 0.01227479 -0.00277500
v 0.03021495 0.01240000 -0.00308045
v 0.03039658 0.01227316 -0.00303972
v 0.03031279 0.01240000 -0.00336802
v 0.03048327 0.01226844 -0.00328895
v 0.03046965 0.01240000 -0.00363041
v 0.03062222 0.01226094 -0.00351635
v 0.03067472 0.01240000 -0.00385433
v 0.03080382 0.01225122 -0.00371042
v 0.03092059 0.01240000 -0.00403557
v 0.03102146 0.01223970 -0.00386750
v 0.03119467 0.01240000 -0.00416743
v 0.03126396 0.01222703 -0.00398177
v 0.03148909 0.01240000 -0.00424799
v 0.03152433 0.01221362 -0.00405159
v 0.03179269 0.01240000 -0.00427500
v 0.03179269 0.01220000 -0.00407500
v 0.03536264 0.01226542 -0.00427500
v 0.03517364 0.01240000 -0.00427500
v 0.03517364 0.01220000 -0.00407500
v 0.02730755 0.01240000 -0.00340000
v 0.03025544 0.01240000 0.00322467
v 0.03018948 0.01240000 0.00292773
v 0.03143691 0.01240000 0.00423780
v 0.03109651 0.01240000 0.00412721
v 0.02561695 0.01240000 0.00440000
v 0.03018107 0.01240000 0.00277500
v 0.02619430 0.01240000 -0.00340000
v 0.02729126 0.01240000 -0.00150000
v 0.02759096 0.01240000 -0.00077646
v 0.03038331 0.01240000 0.00350146
v 0.02769319 0.01240000 0.00000000
v 0.02759096 0.01240000 0.00077646
v 0.03056580 0.01240000 0.00374651
v 0.03179269 0.01240000 0.00427500
v 0.03514475 0.01240000 0.00440000
v 0.03514475 0.01240000 0.00427500
v 0.03078957 0.01240000 0.00394803
v 0.02729126 0.01240000 0.00150000
v 0.03536264 0.01226542 -0.00440000
v 0.03578834 0.01095845 -0.00570000
v 0.03571108 0.01120817 -0.00567605
v 0.03563462 0.01144944 -0.00560478
v 0.03556232 0.01167254 -0.00548880
v 0.03549655 0.01187146 -0.00533020
v 0.03544121 0.01203602 -0.00513566
v 0.03539859 0.01216105 -0.00490905
v 0.03537189 0.01223865 -0.00466173
v 0.03559430 -0.01157444 0.00499077
v 0.03546722 -0.01195898 0.00506860
v 0.03542872 -0.01207281 0.00486263
v 0.03540462 -0.01214346 0.00463785
v 0.03539627 -0.01216782 0.00440000
v 0.03539627 -0.01216782 0.00427500
v 0.03564250 -0.01142483 0.00549502
v 0.03557688 -0.01162798 0.00538961
v 0.03551729 -0.01180913 0.00524544
v 0.03573272 0.01113886 0.00557068
v 0.03578241 0.01097784 0.00558154
v 0.03559430 0.01157444 0.00499077
v 0.03549400 0.01187910 0.00517153
v 0.03556483 0.01166488 0.00536472
v 0.03564223 0.01142571 0.00549466
v 0.03539627 0.01216782 0.00440000
v 0.03540834 0.01213257 0.00468546
v 0.03544358 0.01202901 0.00495380
v 0.03539627 0.01216782 0.00427500
v 0.03623234 0.00938320 0.00427500
v 0.03604024 0.01009734 0.00558154
v 0.03640818 0.00867437 0.00558154
v 0.03680756 0.00677821 0.00427500
v 0.03680756 0.00677821 0.00558154
v 0.03689349 0.00629274 0.00427500
v 0.03705803 0.00523504 0.00558154
v 0.03727050 0.00340315 0.00427500
v 0.03727050 0.00340315 0.00558154
v 0.03729206 0.00315758 0.00427500
v 0.03738438 0.00175009 0.00558154
v 0.03742523 0.00000000 0.00427500
v 0.03742523 0.00000000 0.00558154
v 0.03729206 -0.00315758 0.00427500
v 0.03738438 -0.00175009 0.00558154
v 0.03727050 -0.00340315 0.00427500
v 0.03727050 -0.00340315 0.00558154
v 0.03689349 -0.00629274 0.00427500
v 0.03705803 -0.00523504 0.00558154
v 0.03680756 -0.00677821 0.00427500
v 0.03680756 -0.00677821 0.00558154
v 0.03640818 -0.00867437 0.00558154
v 0.03623234 -0.00938320 0.00427500
v 0.03604024 -0.01009734 0.00558154
v 0.03578241 -0.01097784 0.00558154
v 0.03571203 -0.01120517 0.00555978
v 0.03552815 -0.01090000 0.00590000
v 0.03614948 -0.00861286 0.00590000
v 0.03711876 -0.00173769 0.00590000
v 0.03679472 -0.00519792 0.00590000
v 0.03711876 0.00173769 0.00590000
v 0.03679472 0.00519792 0.00590000
v 0.03614948 0.00861286 0.00590000
v 0.03552815 0.01090000 0.00590000
v 0.03514475 -0.01240000 0.00427500
v 0.03514475 -0.01240000 0.00440000
v 0.03545826 -0.01118655 0.00587238
v 0.02475092 -0.01090000 0.00590000
v 0.02451786 -0.01118610 0.00587246
v 0.02433115 -0.01141824 0.00580763
v 0.03538923 -0.01146344 0.00579016
v 0.02474602 -0.01090600 0.00589999
v 0.02427735 -0.01148611 0.00578075
v 0.03526491 -0.01194786 0.00547331
v 0.03532408 -0.01171952 0.00565634
v 0.02487675 -0.01216333 0.00520871
v 0.02449727 -0.01196066 0.00546066
v 0.02409975 -0.01171553 0.00565893
v 0.02521014 -0.01230729 0.00491918
v 0.02561695 -0.01240000 0.00440000
v 0.03515303 -0.01236929 0.00470195
v 0.03517697 -0.01228024 0.00498732
v 0.03521520 -0.01213674 0.00524880
v 0.03517364 0.01220000 0.00407500
v 0.03603870 0.00933316 0.00407500
v 0.03669632 0.00625918 0.00407500
v 0.03709277 0.00314074 0.00407500
v 0.03722524 0.00000000 0.00407500
v 0.03709277 -0.00314074 0.00407500
v 0.03669632 -0.00625918 0.00407500
v 0.03517364 -0.01220000 0.00407500
v 0.03603870 -0.00933316 0.00407500
v 0.02984298 -0.01220000 0.00407500
v 0.02984298 -0.01240000 0.00427500
v 0.02785716 0.00104439 0.00407500
v 0.03081842 0.00058090 0.00407500
v 0.03067524 0.00000000 0.00407500
v 0.03121516 -0.00102873 0.00407500
v 0.02794207 -0.00395620 0.00407500
v 0.03081842 -0.00058090 0.00407500
v 0.02776371 -0.00166851 0.00407500
v 0.02772524 0.00000000 0.00407500
v 0.03162898 0.00550747 0.00407500
v 0.03223651 0.00676111 0.00407500
v 0.03177457 -0.00124089 0.00407500
v 0.03236849 -0.00116877 0.00407500
v 0.03286088 -0.00082890 0.00407500
v 0.02824464 0.00202317 0.00407500
v 0.02886334 0.00287486 0.00407500
v 0.03121516 0.00102873 0.00407500
v 0.02967439 0.00354594 0.00407500
v 0.03177457 0.00124089 0.00407500
v 0.03076079 0.00441799 0.00407500
v 0.02933886 -0.01068749 0.00407500
v 0.02873123 -0.00847477 0.00407500
v 0.02826500 -0.00622800 0.00407500
v 0.03236849 0.00116877 0.00407500
v 0.03286088 0.00082890 0.00407500
v 0.03313891 0.00029914 0.00407500
v 0.03313891 -0.00029914 0.00407500
v 0.03255366 0.00811762 0.00407500
v 0.03256495 0.00951067 0.00407500
v 0.03226980 0.01087215 0.00407500
v 0.03179269 0.01220000 0.00407500
v 0.02825382 -0.01240000 0.00277500
v 0.02844306 -0.01213528 0.00277500
v 0.02828599 -0.01240000 0.00307565
v 0.02847137 -0.01213654 0.00303556
v 0.02838106 -0.01240000 0.00336375
v 0.02855505 -0.01214028 0.00328525
v 0.02853289 -0.01240000 0.00362481
v 0.02868870 -0.01214629 0.00351150
v 0.02873488 -0.01240000 0.00385095
v 0.02886655 -0.01215435 0.00370749
v 0.02897700 -0.01240000 0.00403332
v 0.02907978 -0.01216412 0.00386555
v 0.02924825 -0.01240000 0.00416635
v 0.02931875 -0.01217520 0.00398084
v 0.02954082 -0.01240000 0.00424775
v 0.02957658 -0.01218731 0.00405138
v 0.02862467 -0.01090818 0.00383859
v 0.02832267 -0.01100150 0.00352251
v 0.02647131 0.00000000 0.00311804
v 0.02646509 -0.00172843 0.00277500
v 0.02651112 -0.00172631 0.00311804
v 0.02655243 -0.00308594 0.00277500
v 0.02669565 -0.00409324 0.00311804
v 0.02751215 -0.00876832 0.00311804
v 0.02814083 -0.01105769 0.00311804
v 0.02809680 -0.01107129 0.00277500
v 0.02756477 -0.00917423 0.00277500
v 0.02746735 -0.00877911 0.00277500
v 0.02702978 -0.00644373 0.00311804
v 0.02698439 -0.00645166 0.00277500
v 0.02664985 -0.00409828 0.00277500
v 0.02738220 0.00000000 0.00402892
v 0.02742104 -0.00168432 0.00402892
v 0.02760109 -0.00399369 0.00402892
v 0.02792709 -0.00628702 0.00402892
v 0.02839772 -0.00855508 0.00402892
v 0.02901111 -0.01078876 0.00402892
v 0.02666164 0.00000000 0.00352251
v 0.02670125 -0.00171753 0.00352251
v 0.02688484 -0.00407244 0.00352251
v 0.02721727 -0.00641098 0.00352251
v 0.02769719 -0.00872377 0.00352251
v 0.02697773 0.00000000 0.00383859
v 0.02701700 -0.00170297 0.00383859
v 0.02719904 -0.00403790 0.00383859
v 0.02752865 -0.00635660 0.00383859
v 0.02800449 -0.00864977 0.00383859
v 0.02844306 -0.01213528 -0.00277500
v 0.02825382 -0.01240000 -0.00277500
v 0.02984298 -0.01240000 -0.00427500
v 0.02984298 -0.01220000 -0.00407500
v 0.02954155 -0.01240000 -0.00424788
v 0.02957723 -0.01218734 -0.00405150
v 0.02924941 -0.01240000 -0.00416679
v 0.02931977 -0.01217525 -0.00398122
v 0.02897823 -0.01240000 -0.00403407
v 0.02908087 -0.01216417 -0.00386620
v 0.02873572 -0.01240000 -0.00385172
v 0.02886729 -0.01215439 -0.00370816
v 0.02853457 -0.01240000 -0.00362712
v 0.02869018 -0.01214636 -0.00351350
v 0.02838157 -0.01240000 -0.00336488
v 0.02855550 -0.01214030 -0.00328623
v 0.02828658 -0.01240000 -0.00307838
v 0.02847189 -0.01213656 -0.00303793
v 0.02664985 -0.00409828 -0.00277500
v 0.02698439 -0.00645166 -0.00277500
v 0.02756477 -0.00917423 -0.00277500
v 0.02746735 -0.00877911 -0.00277500
v 0.02646509 -0.00172843 -0.00277500
v 0.02655243 -0.00308594 -0.00277500
v 0.02809680 -0.01107129 -0.00277500
v 0.02772524 0.00000000 -0.00407500
v 0.02738220 0.00000000 -0.00402892
v 0.02776371 -0.00166851 -0.00407500
v 0.02742104 -0.00168432 -0.00402892
v 0.02794207 -0.00395620 -0.00407500
v 0.02760109 -0.00399369 -0.00402892
v 0.02826500 -0.00622800 -0.00407500
v 0.02792709 -0.00628702 -0.00402892
v 0.02873123 -0.00847477 -0.00407500
v 0.02839772 -0.00855508 -0.00402892
v 0.02933886 -0.01068749 -0.00407500
v 0.02901111 -0.01078876 -0.00402892
v 0.02862467 -0.01090818 -0.00383860
v 0.02832267 -0.01100150 -0.00352251
v 0.02814083 -0.01105769 -0.00311804
v 0.02751215 -0.00876832 -0.00311804
v 0.02647131 0.00000000 -0.00311804
v 0.02651112 -0.00172631 -0.00311804
v 0.02669565 -0.00409324 -0.00311804
v 0.02702978 -0.00644373 -0.00311804
v 0.02697773 0.00000000 -0.00383860
v 0.02701700 -0.00170297 -0.00383860
v 0.02719904 -0.00403790 -0.00383860
v 0.02752865 -0.00635660 -0.00383860
v 0.02800449 -0.00864977 -0.00383860
v 0.02666164 0.00000000 -0.00352251
v 0.02670125 -0.00171753 -0.00352251
v 0.02688484 -0.00407244 -0.00352251
v 0.02721727 -0.00641098 -0.00352251
v 0.02769719 -0.00872377 -0.00352251
v 0.02730755 -0.01240000 -0.00340000
v 0.02729126 -0.01240000 0.00150000
v 0.02759096 -0.01240000 0.00077646
v 0.02730755 -0.01240000 -0.00440000
v 0.02769319 -0.01240000 0.00000000
v 0.02759096 -0.01240000 -0.00077646
v 0.02729126 -0.01240000 -0.00150000
v 0.02619430 -0.01240000 -0.00340000
v 0.03517364 -0.01240000 -0.00440000
v 0.03517364 -0.01240000 -0.00427500
v 0.03601722 0.01017933 -0.00570000
v 0.03679726 0.00683404 -0.00570000
v 0.03641186 0.00865887 -0.00570000
v 0.03742523 0.00000000 -0.00570000
v 0.03705936 0.00522557 -0.00570000
v 0.03726791 0.00343142 -0.00570000
v 0.03738452 0.00174691 -0.00570000
v 0.03738452 -0.00174691 -0.00570000
v 0.03726791 -0.00343142 -0.00570000
v 0.03705936 -0.00522557 -0.00570000
v 0.03679726 -0.00683404 -0.00570000
v 0.03641186 -0.00865887 -0.00570000
v 0.03601722 -0.01017933 -0.00570000
v 0.03578834 -0.01095845 -0.00570000
v 0.03544075 -0.01203735 -0.00513372
v 0.03549635 -0.01187206 -0.00532962
v 0.03558148 -0.01161388 -0.00505000
v 0.03571087 -0.01120886 -0.00567592
v 0.03556199 -0.01167356 -0.00548814
v 0.03563432 -0.01145040 -0.00560439
v 0.03536264 -0.01226542 -0.00440000
v 0.03537173 -0.01223913 -0.00465943
v 0.03539845 -0.01216145 -0.00490812
v 0.03536264 -0.01226542 -0.00427500
v 0.03626031 -0.00927428 -0.00427500
v 0.03558148 0.01161388 -0.00505000
v 0.03679726 0.00683404 -0.00427500
v 0.03626031 0.00927428 -0.00427500
v 0.03679726 -0.00683404 -0.00427500
v 0.03690599 -0.00621882 -0.00427500
v 0.03726791 -0.00343142 -0.00427500
v 0.03729520 -0.00312023 -0.00427500
v 0.03742523 0.00000000 -0.00427500
v 0.03729520 0.00312023 -0.00427500
v 0.03726791 0.00343142 -0.00427500
v 0.03690599 0.00621882 -0.00427500
v 0.03518268 -0.01236983 -0.00469934
v 0.03520926 -0.01228068 -0.00498629
v 0.03525134 -0.01213825 -0.00524660
v 0.03530664 -0.01194855 -0.00547264
v 0.03537193 -0.01172073 -0.00565555
v 0.03544387 -0.01146461 -0.00578968
v 0.03552001 -0.01118740 -0.00587221
v 0.03517364 -0.01220000 -0.00407500
v 0.03722524 0.00000000 -0.00407500
v 0.03709589 0.00310359 -0.00407500
v 0.03286088 0.00082890 -0.00407500
v 0.03670876 0.00618565 -0.00407500
v 0.03236849 0.00116877 -0.00407500
v 0.03313891 0.00029914 -0.00407500
v 0.03313891 -0.00029914 -0.00407500
v 0.03709589 -0.00310359 -0.00407500
v 0.03286088 -0.00082890 -0.00407500
v 0.03670876 -0.00618565 -0.00407500
v 0.03606652 -0.00922481 -0.00407500
v 0.03081842 0.00058090 -0.00407500
v 0.02785716 0.00104439 -0.00407500
v 0.03067524 0.00000000 -0.00407500
v 0.03081842 -0.00058090 -0.00407500
v 0.03121516 0.00102873 -0.00407500
v 0.02886334 0.00287486 -0.00407500
v 0.02824464 0.00202317 -0.00407500
v 0.03177457 -0.00124089 -0.00407500
v 0.03236849 -0.00116877 -0.00407500
v 0.03121516 -0.00102873 -0.00407500
v 0.03256495 0.00951067 -0.00407500
v 0.03255366 0.00811762 -0.00407500
v 0.03606652 0.00922481 -0.00407500
v 0.03223651 0.00676111 -0.00407500
v 0.03162898 0.00550747 -0.00407500
v 0.03226980 0.01087215 -0.00407500
v 0.03177457 0.00124089 -0.00407500
v 0.03076079 0.00441799 -0.00407500
v 0.02967439 0.00354594 -0.00407500
v 0.02730755 -0.01230729 -0.00491918
v 0.02730755 -0.01196066 -0.00546066
v 0.02730755 -0.01141918 -0.00580729
v -0.02561695 -0.01240000 0.00440000
v -0.03496212 -0.01238782 0.00459077
v -0.02543773 -0.01237664 0.00466369
v -0.03504907 -0.01199886 0.00542103
v -0.02427735 -0.01148611 0.00578075
v -0.03510076 -0.01176295 0.00562691
v -0.03515911 -0.01149231 0.00577810
v -0.02449727 -0.01196066 0.00546066
v -0.02409975 -0.01171553 0.00565893
v -0.02425151 -0.01151891 0.00576636
v -0.02487675 -0.01216333 0.00520871
v -0.03500745 -0.01218622 0.00517177
v -0.02521014 -0.01230729 0.00491918
v -0.03498030 -0.01230727 0.00491923
v -0.03497797 -0.01231763 0.00489022
v -0.02451486 -0.01118981 0.00587174
v -0.02474602 -0.01090600 0.00589999
v -0.03522188 -0.01119572 0.00587056
v -0.02475092 -0.01090000 0.00590000
v -0.02730755 -0.01240000 -0.00440000
v -0.02730755 -0.01240000 -0.00340000
v -0.02759096 -0.01240000 -0.00077646
v -0.02769319 -0.01240000 0.00000000
v -0.02759096 -0.01240000 0.00077646
v -0.02729126 -0.01240000 0.00150000
v -0.02729126 -0.01240000 -0.00150000
v -0.02619430 -0.01240000 -0.00340000
v -0.02375092 -0.01103397 0.00490000
v -0.02378500 -0.01119289 0.00515882
v -0.02388489 -0.01140000 0.00540000
v -0.02388489 -0.01090000 0.00440000
v -0.02599222 -0.01090000 0.00075000
v -0.02378500 -0.01093407 0.00464118
v -0.02599222 -0.01090000 -0.00075000
v -0.02614207 -0.01090000 0.00038823
v -0.02619318 -0.01090000 0.00000000
v -0.02617040 -0.01090000 -0.00026047
v -0.02614207 -0.01090000 -0.00038823
v -0.02730755 0.01240000 -0.00340000
v -0.02759096 0.01240000 0.00077646
v -0.02729126 0.01240000 0.00150000
v -0.02561695 0.01240000 0.00440000
v -0.02769319 0.01240000 0.00000000
v -0.02759096 0.01240000 -0.00077646
v -0.02729126 0.01240000 -0.00150000
v -0.02619430 0.01240000 -0.00340000
v -0.03523713 0.01112281 0.00588336
v -0.02475092 0.01090000 0.00590000
v -0.02450028 0.01120780 0.00586808
v -0.02433109 0.01141832 0.00580760
v -0.03517411 0.01142196 0.00580626
v -0.02474602 0.01090600 0.00589999
v -0.03505750 0.01196061 0.00546071
v -0.03506298 0.01193569 0.00548506
v -0.03511582 0.01169356 0.00567290
v -0.02409975 0.01171553 0.00565893
v -0.02449727 0.01196066 0.00546066
v -0.02425151 0.01151891 0.00576636
v -0.02427735 0.01148611 0.00578075
v -0.03501946 0.01213234 0.00525518
v -0.02487675 0.01216333 0.00520871
v -0.02543773 0.01237664 0.00466369
v -0.02521014 0.01230729 0.00491918
v -0.03496646 0.01236863 0.00470518
v -0.02599222 0.01090000 0.00075000
v -0.02388489 0.01090000 0.00440000
v -0.02388489 0.01140000 0.00540000
v -0.02378500 0.01093407 0.00464118
v -0.02375092 0.01103397 0.00490000
v -0.02378500 0.01119289 0.00515882
v -0.02599222 0.01090000 -0.00075000
v -0.02614207 0.01090000 -0.00038823
v -0.02619318 0.01090000 0.00000000
v -0.02617040 0.01090000 0.00026047
v -0.02614207 0.01090000 0.00038823
v -0.02599222 0.00429904 -0.00075000
v -0.02617040 0.00447721 -0.00026047
v -0.02619318 0.00450000 0.00000000
v -0.02617040 0.00447721 0.00026047
v -0.02599222 0.00429904 0.00075000
v -0.02599222 -0.00429904 0.00075000
v -0.02617040 -0.00447721 0.00026047
v -0.02619318 -0.00450000 0.00000000
v -0.02617040 -0.00447721 -0.00026047
v -0.02599222 -0.00429904 -0.00075000
v -0.02573109 -0.00389693 0.00120230
v -0.02582968 0.00408902 0.00103153
v -0.02562970 0.00359275 0.00137791
v -0.02558295 -0.00334882 0.00145888
v -0.02555921 -0.00300000 0.00150000
v -0.02555921 0.00300000 0.00150000
v -0.03608443 0.00784301 0.00590000
v -0.03689148 -0.00158011 0.00590000
v -0.03689148 0.00158011 0.00590000
v -0.03662181 0.00472881 0.00590000
v -0.03662181 -0.00472881 0.00590000
v -0.03608443 -0.00784301 0.00590000
v 0.00963109 0.03154039 -0.00196596
v 0.00954935 0.03156543 -0.00250000
v 0.01314474 0.03023648 -0.00250000
v 0.00952659 0.03157236 -0.00143726
v 0.00676120 0.03228420 -0.00167831
v 0.00435167 0.03270178 -0.00250000
v 0.00672840 0.03229113 -0.00206517
v 0.00681102 0.03227361 -0.00250000
v 0.00541721 0.03253980 0.00250000
v 0.00435167 0.03270178 0.00250000
v 0.00704473 0.03222286 -0.00106790
v 0.00741441 0.03213895 -0.00072884
v 0.00775160 0.03205851 -0.00056901
v 0.00857415 0.03184645 0.00250000
v 0.00830206 0.03191910 -0.00050466
v 0.00883390 0.03177477 0.00250000
v 0.00883390 0.03177477 -0.00065752
v 0.01164813 0.03084759 0.00250000
v 0.00924926 0.03165537 -0.00098145
v 0.01314474 0.03023648 0.00250000
v -0.01355207 0.03012245 0.00250000
v -0.01355207 0.03012245 -0.00250000
v -0.01054062 0.03129642 0.00250000
v -0.00925453 0.03169751 -0.00250000
v -0.00478038 0.03266278 -0.00250000
v -0.00742877 0.03217015 0.00250000
v -0.00925453 0.03169751 0.00250000
v -0.00021571 0.03299970 0.00250000
v -0.00102395 0.03298635 0.00250000
v -0.00021571 0.03299970 -0.00250000
v -0.00424637 0.03273527 0.00250000
v -0.00478038 0.03266278 0.00250000
v 0.00220758 0.03292098 0.00250000
v 0.01460964 0.02955281 0.00250000
v 0.01720128 0.02811651 -0.00250000
v 0.01720128 0.02811651 0.00250000
v 0.02092546 0.02545566 -0.00250000
v 0.02008300 0.02612785 0.00250000
v 0.01743028 0.02797451 0.00250000
v 0.02424566 0.02230509 -0.00250000
v 0.02254233 0.02403055 0.00250000
v 0.02092546 0.02545566 0.00250000
v 0.02709798 0.01872543 0.00250000
v 0.02678857 0.01916667 0.00250000
v 0.02709798 0.01872543 -0.00250000
v 0.02478469 0.02170270 0.00250000
v 0.02424566 0.02230509 0.00250000
v 0.02853475 0.01644676 0.00250000
v 0.02942757 0.01478554 -0.00250000
v 0.02942757 0.01478554 0.00250000
v 0.03000646 0.01356907 0.00250000
v 0.03118961 0.01056121 -0.00250000
v 0.03118961 0.01056121 0.00250000
v -0.01446732 0.02929685 0.00250000
v -0.01446732 0.02929685 -0.00250000
v -0.01407488 0.02978192 0.00250000
v -0.01407488 0.02978192 -0.00250000
v -0.01590317 0.02791252 -0.00366190
v -0.01530205 0.02807359 -0.00306695
v -0.01515006 0.02811431 -0.00250000
v -0.01521987 0.02809560 0.00288823
v -0.01542457 0.02804076 0.00325000
v -0.01515006 0.02811431 0.00250000
v -0.01611598 0.02785549 0.00377331
v -0.01611598 0.02785549 -0.00377331
v -0.01600021 0.02665071 -0.00261554
v -0.01606015 0.02687437 -0.00319013
v -0.01599858 0.02664462 -0.00250000
v -0.01625740 0.02761055 -0.00377331
v -0.01599858 0.02664462 0.00250000
v -0.01625740 0.02761055 0.00377331
v -0.01601729 0.02671444 0.00288823
v -0.01607214 0.02691914 0.00325000
v -0.01618502 0.02782171 0.00379904
v -0.01618597 0.02782098 -0.00379930
v -0.01623742 0.02776231 0.00380797
v -0.01623742 0.02776231 -0.00380797
v -0.01626251 0.02768841 0.00379930
v -0.01626251 0.02768841 -0.00379930
v -0.01416468 0.03149166 0.00400000
v -0.01393025 0.03096768 0.00388582
v -0.01083429 0.03217459 0.00388582
v -0.01373150 0.03052348 0.00356066
v -0.01067996 0.03171308 0.00356066
v -0.01359871 0.03022668 0.00307402
v -0.01057684 0.03140470 0.00307402
v -0.00426080 0.03284853 0.00307402
v -0.00745422 0.03228146 0.00307402
v -0.00102723 0.03310048 0.00307402
v 0.00221547 0.03303489 0.00307402
v 0.00543621 0.03265238 0.00307402
v 0.00860408 0.03195664 0.00307402
v 0.01168869 0.03095432 0.00307402
v 0.01466045 0.02965506 0.00307402
v 0.01749085 0.02807130 0.00307402
v 0.02015274 0.02621826 0.00307402
v 0.02262058 0.02411369 0.00307402
v 0.02487071 0.02177780 0.00307402
v 0.02688152 0.01923298 0.00307402
v 0.02863374 0.01650366 0.00307402
v 0.03011055 0.01361602 0.00307402
v 0.03129778 0.01059775 0.00307402
v -0.00752668 0.03259844 0.00356066
v -0.00430191 0.03317108 0.00356066
v -0.00103659 0.03342551 0.00356066
v 0.00223796 0.03335927 0.00356066
v 0.00549032 0.03297301 0.00356066
v 0.00868930 0.03227043 0.00356066
v 0.01180420 0.03125827 0.00356066
v 0.01480514 0.02994625 0.00356066
v 0.01766333 0.02834695 0.00356066
v 0.02035136 0.02647570 0.00356066
v 0.02284344 0.02435047 0.00356066
v 0.02511566 0.02199164 0.00356066
v 0.02714621 0.01942184 0.00356066
v 0.02891564 0.01666572 0.00356066
v 0.03040695 0.01374972 0.00356066
v 0.03160584 0.01070182 0.00356066
v -0.00763512 0.03307284 0.00388582
v -0.00436343 0.03365381 0.00388582
v -0.00105058 0.03391194 0.00388582
v 0.00227162 0.03384474 0.00388582
v 0.00557131 0.03345286 0.00388582
v 0.00881684 0.03274005 0.00388582
v 0.01197707 0.03171317 0.00388582
v 0.01502168 0.03038205 0.00388582
v 0.01792147 0.02875947 0.00388582
v 0.02064862 0.02686100 0.00388582
v 0.02317696 0.02470484 0.00388582
v 0.02548224 0.02231168 0.00388582
v 0.02754235 0.01970448 0.00388582
v 0.02933753 0.01690825 0.00388582
v 0.03085054 0.01394982 0.00388582
v 0.03206688 0.01085756 0.00388582
v -0.01101634 0.03271898 0.00400000
v -0.00776304 0.03363243 0.00400000
v -0.00443599 0.03422323 0.00400000
v -0.00106709 0.03448573 0.00400000
v 0.00231132 0.03441739 0.00400000
v 0.00566684 0.03401888 0.00400000
v 0.00896728 0.03329401 0.00400000
v 0.01218098 0.03224975 0.00400000
v 0.01527711 0.03089611 0.00400000
v 0.01822597 0.02924608 0.00400000
v 0.02099926 0.02731548 0.00400000
v 0.02357038 0.02512284 0.00400000
v 0.02591467 0.02268919 0.00400000
v 0.02800963 0.02003788 0.00400000
v 0.02983518 0.01719434 0.00400000
v 0.03137380 0.01418585 0.00400000
v 0.03261071 0.01104127 0.00400000
v -0.01456620 0.02935394 0.00307402
v -0.01415136 0.02986670 0.00307402
v -0.01469511 0.03046948 0.00388582
v -0.01511684 0.02967185 0.00379904
v -0.01436916 0.03010814 0.00356066
v -0.01484780 0.02951652 0.00356066
v -0.01464136 0.02939733 0.00325000
v -0.01507960 0.03089572 0.00400000
v -0.01576636 0.03004685 0.00400000
v -0.01526924 0.02975984 0.00388582
v -0.01645263 0.02608656 0.00307402
v -0.01652778 0.02612995 0.00325000
v -0.01673422 0.02624914 0.00356066
v -0.01700326 0.02640447 0.00379904
v -0.01715566 0.02649245 0.00388582
v -0.01728380 0.02633974 0.00388582
v -0.01697100 0.02596695 0.00356066
v -0.01676199 0.02571787 0.00307402
v -0.01668860 0.02563040 0.00250000
v -0.01745645 0.02624006 0.00388582
v -0.01729001 0.02578277 0.00356066
v -0.01717880 0.02547722 0.00307402
v -0.01713975 0.02536993 0.00250000
v -0.01765278 0.02539365 0.00307402
v -0.01765278 0.02571881 0.00356066
v -0.01765278 0.02620544 0.00388582
v 0.03544848 0.00160484 0.00400000
v 0.03538395 0.00621930 0.00400000
v 0.03498444 0.00152958 0.00400000
v 0.03549493 -0.00180480 0.00400000
v 0.03326758 -0.00077500 0.00400000
v 0.03447760 -0.00307984 0.00400000
v 0.03270024 -0.00134234 0.00400000
v 0.03303584 -0.00384273 0.00400000
v 0.03192523 -0.00155000 0.00400000
v 0.03115024 0.00134234 0.00400000
v 0.02865092 0.00229758 0.00400000
v 0.03058290 0.00077500 0.00400000
v 0.02800592 0.00079937 0.00400000
v 0.03037524 0.00000000 0.00400000
v 0.02801267 -0.00083177 0.00400000
v 0.03058290 -0.00077500 0.00400000
v 0.02867005 -0.00232460 0.00400000
v 0.03115024 -0.00134234 0.00400000
v 0.02986874 -0.00343086 0.00400000
v 0.03140940 -0.00396660 0.00400000
v 0.03192523 0.00155000 0.00400000
v 0.03119581 0.00451673 0.00400000
v -0.02036855 0.02973487 0.00400000
v -0.01624399 0.03216451 0.00400000
v 0.03424531 0.01086889 0.00400000
v 0.03294235 0.00932554 0.00400000
v 0.03280493 0.00758346 0.00400000
v 0.03460606 0.00125061 0.00400000
v 0.03326758 0.00077500 0.00400000
v 0.03270024 0.00134234 0.00400000
v 0.03220837 0.00594096 0.00400000
v 0.03547560 -0.00038686 0.00400000
v 0.03500969 -0.00032426 0.00400000
v 0.03462385 -0.00005569 0.00400000
v 0.03347524 0.00000000 0.00400000
v 0.03440337 0.00035950 0.00400000
v 0.03439697 0.00082956 0.00400000
v 0.03017841 0.01951271 0.00400000
v 0.03249984 0.01532629 0.00400000
v -0.00247057 0.03592019 0.00400000
v 0.00231640 0.03592050 0.00400000
v 0.00706110 0.03528569 0.00400000
v -0.01183355 0.03402545 0.00400000
v -0.00721519 0.03528476 0.00400000
v 0.01167962 0.03402697 0.00400000
v 0.01609031 0.03216660 0.00400000
v 0.02021517 0.02973749 0.00400000
v 0.02398129 0.02678258 0.00400000
v 0.02732205 0.02335411 0.00400000
v 0.03148857 0.01240000 0.00424790
v 0.03152386 0.01221364 0.00405151
v 0.03119364 0.01240000 0.00416704
v 0.03126305 0.01222708 0.00398144
v 0.03091969 0.01240000 0.00403503
v 0.03102066 0.01223974 0.00386703
v 0.03067395 0.01240000 0.00385364
v 0.03080313 0.01225126 0.00370982
v 0.03046809 0.01240000 0.00362832
v 0.03062084 0.01226101 0.00351454
v 0.03031230 0.01240000 0.00336696
v 0.03048284 0.01226847 0.00328803
v 0.03021432 0.01240000 0.00307761
v 0.03039602 0.01227319 0.00303726
v 0.03036656 0.01227479 0.00277500
v 0.03540447 0.01214389 0.00463576
v 0.03515289 0.01236984 0.00469930
v 0.03542859 0.01207318 0.00486177
v 0.03517684 0.01228070 0.00498623
v 0.03546681 0.01196020 0.00506682
v 0.03521479 0.01213828 0.00524655
v 0.03551711 0.01180968 0.00524490
v 0.03526473 0.01194855 0.00547263
v 0.03557658 0.01162892 0.00538900
v 0.03532378 0.01172070 0.00565557
v 0.03538896 0.01146455 0.00578971
v 0.03571183 0.01120580 0.00555966
v 0.03545807 0.01118734 0.00587222
v 0.02532704 0.01234684 0.00479581
v 0.02409975 0.01171553 0.00565893
v 0.02508337 0.01225724 0.00503867
v 0.02480400 0.01212722 0.00526251
v 0.02449727 0.01196066 0.00546066
v 0.02475092 0.01090000 0.00590000
v 0.02474602 0.01090600 0.00589999
v 0.02451779 0.01118619 0.00587244
v 0.02427735 0.01148611 0.00578075
v 0.02425151 0.01151891 0.00576636
v 0.02599222 0.01090000 0.00075000
v 0.02614207 0.01090000 0.00038823
v 0.02617040 0.00447721 0.00026047
v 0.02617040 0.01090000 0.00026047
v 0.02619318 0.01090000 0.00000000
v 0.02617040 0.00447721 -0.00026047
v 0.02599222 0.01090000 -0.00075000
v 0.02614207 0.01090000 -0.00038823
v 0.02617040 0.01090000 -0.00026047
v 0.02388489 0.01090000 0.00440000
v 0.02375092 0.01103397 0.00490000
v 0.02378500 0.01119289 0.00515882
v 0.02388489 0.01140000 0.00540000
v 0.02378500 0.01093407 0.00464118
v 0.02573381 0.00390322 0.00119758
v 0.02599222 -0.01090000 0.00075000
v 0.02582313 -0.00607814 0.00104288
v 0.02388489 -0.01090000 0.00440000
v 0.02562791 -0.00558552 0.00138100
v 0.02558511 0.00336409 0.00145514
v 0.02599222 -0.01090000 -0.00075000
v 0.02614207 -0.01090000 -0.00038823
v 0.02617040 -0.00647721 -0.00026047
v 0.02617040 -0.01090000 -0.00026047
v 0.02619318 -0.01090000 0.00000000
v 0.02617040 -0.00647721 0.00026047
v 0.02614207 -0.01090000 0.00038823
v 0.02617040 -0.01090000 0.00026047
v 0.02525402 -0.01232296 0.00487453
v 0.02472410 -0.01208597 0.00531840
v 0.02388489 -0.01140000 0.00540000
v 0.02378500 -0.01093407 0.00464118
v 0.02375092 -0.01103397 0.00490000
v 0.02378500 -0.01119289 0.00515882
v 0.02425151 -0.01151891 0.00576636
v 0.02449736 -0.01121140 0.00586732
v 0.03632409 0.00784227 0.00590000
v 0.03685792 0.00472806 0.00590000
v 0.03632409 -0.00784227 0.00590000
v 0.03685792 -0.00472806 0.00590000
v 0.03712580 -0.00157981 0.00590000
v 0.03712580 0.00157981 0.00590000
v 0.02588675 -0.01150000 -0.00050000
v 0.02538675 -0.01150000 0.00000000
v 0.02602073 -0.01200000 -0.00050000
v 0.02558771 -0.01225000 0.00000000
v 0.02638675 -0.01236603 -0.00050000
v 0.02613675 -0.01279904 0.00000000
v 0.02688675 0.01250000 -0.00050000
v 0.02688675 0.01300000 0.00000000
v 0.02638675 0.01236603 -0.00050000
v 0.02613675 0.01279904 0.00000000
v 0.02602073 0.01200000 -0.00050000
v 0.02558771 0.01225000 0.00000000
v 0.02588675 0.01150000 -0.00050000
v 0.02538675 0.01150000 0.00000000
v 0.02728663 0.01300000 0.00000000
v 0.02728663 0.01250000 -0.00050000
v 0.02827137 0.01275923 -0.00050000
v 0.02802518 0.01319442 0.00000000
v 0.02900084 0.01346971 -0.00050000
v 0.02857228 0.01372729 0.00000000
v 0.02928593 0.01444728 -0.00050000
v 0.02878611 0.01446046 0.00000000
v 0.02905275 0.01543851 -0.00050000
v 0.02861122 0.01520388 0.00000000
v 0.02806347 0.01717125 -0.00050000
v 0.02763697 0.01691028 0.00000000
v 0.02711694 0.01813530 -0.00050000
v 0.02684820 0.01771366 0.00000000
v 0.02584339 0.01858627 -0.00050000
v 0.02578691 0.01808948 0.00000000
v 0.02450111 0.01843271 -0.00050000
v 0.02466834 0.01796150 0.00000000
v 0.02336232 0.01770574 -0.00050000
v 0.02371935 0.01735570 0.00000000
v 0.01770574 0.02336232 -0.00050000
v 0.01735570 0.02371935 0.00000000
v 0.01673998 0.02185382 -0.00050000
v 0.01626921 0.02202228 0.00000000
v 0.01652939 0.02007507 -0.00050000
v 0.01603230 0.02002119 0.00000000
v 0.01711620 0.01838275 -0.00050000
v 0.01669246 0.01811733 0.00000000
v 0.01838275 0.01711620 -0.00050000
v 0.01811733 0.01669246 0.00000000
v 0.02007507 0.01652939 -0.00050000
v 0.02002119 0.01603230 0.00000000
v 0.02185382 0.01673998 -0.00050000
v 0.02202228 0.01626921 0.00000000
v 0.01843271 0.02450111 -0.00050000
v 0.01796150 0.02466834 0.00000000
v 0.01858627 0.02584339 -0.00050000
v 0.01808948 0.02578691 0.00000000
v 0.01813530 0.02711694 -0.00050000
v 0.01771366 0.02684820 0.00000000
v 0.01717125 0.02806347 -0.00050000
v 0.01691028 0.02763697 0.00000000
v 0.01248118 0.03044060 -0.00050000
v 0.01229150 0.02997798 0.00000000
v 0.00747232 0.03204020 -0.00050000
v 0.00735876 0.03155326 0.00000000
v 0.00227260 0.03282142 -0.00050000
v 0.00223806 0.03232261 0.00000000
v -0.00298517 0.03276429 -0.00050000
v -0.00293980 0.03226635 0.00000000
v -0.00816669 0.03187029 -0.00050000
v -0.00804258 0.03138594 0.00000000
v -0.01313962 0.03016224 -0.00050000
v -0.01293993 0.02970384 0.00000000
v -0.01393989 0.02964936 -0.00050000
v -0.01360682 0.02927645 0.00000000
v -0.01453955 0.02891188 -0.00050000
v -0.01410654 0.02866188 0.00000000
v -0.01567116 0.02595188 0.00000000
v -0.01600610 0.02470188 0.00000000
v -0.01600610 0.02050610 0.00000000
v -0.01897536 0.01681058 -0.00050000
v -0.01878402 0.01634864 0.00000000
v -0.01767767 0.01767767 -0.00050000
v -0.01732412 0.01732412 0.00000000
v -0.01681058 0.01897536 -0.00050000
v -0.01634864 0.01878402 0.00000000
v -0.02588675 0.01150000 -0.00050000
v -0.02538675 0.01150000 0.00000000
v -0.02602073 0.01200000 -0.00050000
v -0.02558771 0.01225000 0.00000000
v -0.02638675 0.01236603 -0.00050000
v -0.02613675 0.01279904 0.00000000
v -0.02688675 0.01250000 -0.00050000
v -0.02688675 0.01300000 0.00000000
v -0.03485534 0.01250000 -0.00050000
v -0.02538675 0.00460000 0.00000000
v -0.02588675 0.00451987 -0.00050000
v -0.02588675 -0.01150000 -0.00050000
v -0.02538675 -0.01150000 0.00000000
v -0.02588675 -0.00451987 -0.00050000
v -0.02538675 -0.00460000 0.00000000
v -0.02688675 -0.01250000 -0.00050000
v -0.02688675 -0.01300000 0.00000000
v -0.02638675 -0.01236603 -0.00050000
v -0.02613675 -0.01279904 0.00000000
v -0.02602073 -0.01200000 -0.00050000
v -0.02558771 -0.01225000 0.00000000
v 0.02588675 -0.00651987 -0.00050000
v 0.02538675 -0.00660000 0.00000000
v 0.02588675 0.00451987 -0.00050000
v 0.02538675 0.00460000 0.00000000
v 0.02229910 0.00300000 0.00160000
v 0.01977372 0.00300000 0.00160000
v 0.01963568 0.00380000 0.00138564
v 0.02217679 0.00380000 0.00138564
v 0.01951323 0.00438564 0.00080000
v 0.02206844 0.00438564 0.00080000
v 0.02588675 0.00438564 -0.00080000
v 0.02202476 0.00460000 0.00000000
v 0.01951323 0.00438564 -0.00080000
v 0.01947666 0.00454528 -0.00041487
v 0.02203608 0.00454545 0.00041423
v 0.01947669 0.00454515 0.00041533
v 0.01946381 0.00460000 0.00000000
v 0.02336668 0.00380000 -0.00138564
v 0.02326190 0.00394331 -0.00129235
v 0.01963568 0.00380000 -0.00138564
v 0.02323676 0.00402024 -0.00123252
v 0.02324448 0.00409524 -0.00116639
v 0.02328855 0.00415924 -0.00110280
v 0.02335812 0.00420825 -0.00104888
v 0.02588070 0.00424053 -0.00101049
v 0.02588675 0.00424900 -0.00100000
v 0.02509991 0.00433172 -0.00088686
v 0.02431054 0.00435417 -0.00085219
v 0.02353100 0.00427242 -0.00097003
v 0.02390894 0.00337173 -0.00155622
v 0.01977372 0.00300000 -0.00160000
v 0.02451256 0.00300000 -0.00160000
v 0.01997394 -0.00102068 -0.00160000
v 0.01936492 -0.00500000 -0.00160000
v 0.02554034 -0.00500000 -0.00160000
v 0.02554034 0.00240661 -0.00160000
v 0.02557182 -0.00541411 -0.00154548
v 0.01914053 -0.00580000 -0.00138564
v 0.02151023 -0.00660000 0.00000000
v 0.02588675 -0.00638564 -0.00080000
v 0.01895319 -0.00638564 -0.00080000
v 0.02588675 -0.00624900 -0.00100000
v 0.02566410 -0.00580000 -0.00138564
v 0.01889878 -0.00654493 -0.00041617
v 0.01887962 -0.00660000 0.00000000
v 0.02152711 -0.00654473 0.00041689
v 0.01889873 -0.00654507 0.00041565
v 0.02157484 -0.00638564 0.00080000
v 0.01895319 -0.00638564 0.00080000
v 0.01914053 -0.00580000 0.00138564
v 0.02173959 -0.00580000 0.00138564
v 0.01936492 -0.00500000 0.00160000
v 0.02193741 -0.00500000 0.00160000
v -0.01947669 -0.00454515 -0.00041533
v -0.01951323 -0.00438564 -0.00080000
v -0.02202476 -0.00460000 0.00000000
v -0.02229910 -0.00300000 0.00160000
v -0.01977372 -0.00300000 0.00160000
v -0.02223842 -0.00342089 0.00154365
v -0.01963568 -0.00380000 0.00138564
v -0.02217679 -0.00380000 0.00138564
v -0.01951323 -0.00438564 0.00080000
v -0.02206844 -0.00438564 0.00080000
v -0.02588675 -0.00438564 -0.00080000
v -0.02203619 -0.00454490 0.00041626
v -0.01947666 -0.00454528 0.00041487
v -0.01946381 -0.00460000 0.00000000
v -0.02588675 -0.00424900 -0.00100000
v -0.01963568 -0.00380000 -0.00138564
v -0.02566410 -0.00380000 -0.00138564
v -0.01977372 -0.00300000 -0.00160000
v -0.02554034 -0.00300000 -0.00160000
v -0.02557182 -0.00341411 -0.00154548
v -0.02554034 0.00300000 -0.00160000
v -0.02000000 0.00000000 -0.00160000
v -0.01977372 0.00300000 -0.00160000
v -0.02557182 0.00341411 -0.00154548
v -0.01963568 0.00380000 -0.00138564
v -0.02202476 0.00460000 0.00000000
v -0.02588675 0.00438564 -0.00080000
v -0.01951323 0.00438564 -0.00080000
v -0.02588675 0.00424900 -0.00100000
v -0.02566410 0.00380000 -0.00138564
v -0.01947666 0.00454528 -0.00041487
v -0.01946381 0.00460000 0.00000000
v -0.02203608 0.00454545 0.00041423
v -0.01947669 0.00454515 0.00041533
v -0.02206844 0.00438564 0.00080000
v -0.01951323 0.00438564 0.00080000
v -0.01963568 0.00380000 0.00138564
v -0.02217679 0.00380000 0.00138564
v -0.01977372 0.00300000 0.00160000
v -0.02229910 0.00300000 0.00160000
v -0.02020060 0.00990887 0.00000000
v -0.01779245 0.01377238 0.00000000
v 0.01779245 0.01377238 0.00000000
v 0.02020060 0.00990887 0.00000000
v -0.01465588 0.01707206 0.00000000
v -0.01091929 0.01967280 0.00000000
v 0.00227629 0.02238456 0.00000000
v 0.00673567 0.02146813 0.00000000
v 0.01091929 0.01967280 0.00000000
v -0.02178174 0.00563968 0.00000000
v 0.02178174 0.00563968 0.00000000
v -0.00673567 0.02146813 0.00000000
v -0.00227629 0.02238456 0.00000000
v 0.01465588 0.01707206 0.00000000
v 0.00555006 -0.03658137 0.00000000
v 0.01100289 -0.03532615 0.00000000
v -0.03228456 -0.01807504 0.00000000
v -0.00002969 -0.03699999 0.00000000
v -0.02108351 -0.03040536 0.00000000
v -0.02542740 -0.02687838 0.00000000
v -0.02918976 -0.02273670 0.00000000
v 0.02103468 -0.03043916 0.00000000
v -0.01625744 -0.03323696 0.00000000
v -0.01105957 -0.03530844 0.00000000
v -0.00560877 -0.03657242 0.00000000
v 0.02915323 -0.02278353 0.00000000
v -0.02109942 -0.00781437 0.00000000
v 0.02538422 -0.02691916 0.00000000
v 0.00887301 -0.02067655 0.00000000
v 0.00452922 -0.02203942 0.00000000
v -0.00000000 -0.02250000 0.00000000
v -0.00452922 -0.02203942 0.00000000
v 0.02109942 -0.00781437 0.00000000
v 0.01909450 -0.01190169 0.00000000
v 0.01630784 -0.01550176 0.00000000
v 0.01285353 -0.01846718 0.00000000
v 0.01620407 -0.03326301 0.00000000
v -0.00887301 -0.02067655 0.00000000
v -0.01285353 -0.01846718 0.00000000
v -0.01630784 -0.01550176 0.00000000
v -0.01909450 -0.01190169 0.00000000
v -0.00452922 0.02203942 0.00300000
v -0.00227629 0.02238456 0.00300000
v 0.02109942 0.00781437 0.00300000
v 0.02178174 0.00563968 0.00300000
v 0.02247112 0.00113961 0.00160000
v 0.02224054 0.00340712 0.00300000
v 0.02247112 0.00113961 0.00300000
v 0.02247112 -0.00113961 0.00300000
v 0.02224054 -0.00340712 0.00160000
v 0.02224054 -0.00340712 0.00300000
v 0.02178174 -0.00563968 0.00300000
v 0.02109942 -0.00781437 0.00300000
v -0.02109942 -0.00781437 0.00300000
v -0.02178174 -0.00563968 0.00300000
v -0.02224054 -0.00340712 0.00300000
v -0.02247112 -0.00113961 0.00300000
v -0.02247112 0.00113961 0.00160000
v -0.02247112 0.00113961 0.00300000
v -0.02224054 0.00340712 0.00300000
v -0.02178174 0.00563968 0.00300000
v 0.00452922 -0.02203942 0.00300000
v 0.00227629 -0.02238456 0.00300000
v 0.01465588 -0.01707206 0.00300000
v 0.01285353 -0.01846718 0.00300000
v 0.01091929 -0.01967280 0.00300000
v 0.00887301 -0.02067655 0.00300000
v 0.00673567 -0.02146813 0.00300000
v 0.01630784 -0.01550176 0.00300000
v 0.01779245 -0.01377238 0.00300000
v 0.01909450 -0.01190169 0.00300000
v 0.02020060 -0.00990887 0.00300000
v 0.02020060 0.00990887 0.00300000
v 0.01909450 0.01190169 0.00300000
v 0.01779245 0.01377238 0.00300000
v 0.01465588 0.01707206 0.00300000
v 0.01630784 0.01550176 0.00300000
v 0.00673567 0.02146813 0.00300000
v 0.00887301 0.02067655 0.00300000
v 0.01091929 0.01967280 0.00300000
v 0.01285353 0.01846718 0.00300000
v -0.00000000 0.02250000 0.00300000
v 0.00227629 0.02238456 0.00300000
v 0.00452922 0.02203942 0.00300000
v -0.00673567 0.02146813 0.00300000
v -0.00887301 0.02067655 0.00300000
v -0.01091929 0.01967280 0.00300000
v -0.01285353 0.01846718 0.00300000
v -0.01465588 0.01707206 0.00300000
v -0.01630784 0.01550176 0.00300000
v -0.01779245 0.01377238 0.00300000
v -0.01909450 0.01190169 0.00300000
v -0.02020060 0.00990887 0.00300000
v -0.02109942 0.00781437 0.00300000
v -0.01630784 -0.01550176 0.00300000
v -0.01779245 -0.01377238 0.00300000
v -0.01909450 -0.01190169 0.00300000
v -0.02020060 -0.00990887 0.00300000
v -0.00887301 -0.02067655 0.00300000
v -0.01091929 -0.01967280 0.00300000
v -0.01285353 -0.01846718 0.00300000
v -0.01465588 -0.01707206 0.00300000
v -0.00000000 -0.02250000 0.00300000
v -0.00227629 -0.02238456 0.00300000
v -0.00452922 -0.02203942 0.00300000
v -0.00673567 -0.02146813 0.00300000
v -0.00000000 0.02150000 0.00400000
v -0.00217512 0.02138969 0.00400000
v -0.00000000 0.00000000 0.00400000
v 0.00217512 0.02138969 0.00400000
v 0.00847865 0.01975759 0.00400000
v 0.00643631 0.02051399 0.00400000
v 0.00432792 0.02105989 0.00400000
v 0.01400451 0.01631330 0.00400000
v 0.01228227 0.01764641 0.00400000
v 0.01043399 0.01879845 0.00400000
v 0.01824585 0.01137273 0.00400000
v 0.01700168 0.01316028 0.00400000
v 0.01558304 0.01481279 0.00400000
v 0.02081366 0.00538903 0.00400000
v 0.02016167 0.00746706 0.00400000
v 0.01930280 0.00946847 0.00400000
v 0.02147241 -0.00108896 0.00400000
v 0.02147241 0.00108896 0.00400000
v 0.02125207 0.00325570 0.00400000
v 0.02016167 -0.00746706 0.00400000
v 0.02081366 -0.00538903 0.00400000
v 0.02125207 -0.00325570 0.00400000
v 0.01700168 -0.01316028 0.00400000
v 0.01824585 -0.01137273 0.00400000
v 0.01930280 -0.00946847 0.00400000
v 0.01228227 -0.01764641 0.00400000
v 0.01400451 -0.01631330 0.00400000
v 0.01558304 -0.01481279 0.00400000
v 0.00643631 -0.02051399 0.00400000
v 0.00847865 -0.01975759 0.00400000
v 0.01043399 -0.01879845 0.00400000
v -0.00000000 -0.02150000 0.00400000
v 0.00217512 -0.02138969 0.00400000
v 0.00432792 -0.02105989 0.00400000
v -0.00643631 -0.02051399 0.00400000
v -0.00432792 -0.02105989 0.00400000
v -0.00217512 -0.02138969 0.00400000
v -0.01228227 -0.01764641 0.00400000
v -0.01043399 -0.01879845 0.00400000
v -0.00847865 -0.01975759 0.00400000
v -0.01700168 -0.01316028 0.00400000
v -0.01558304 -0.01481279 0.00400000
v -0.01400451 -0.01631330 0.00400000
v -0.02016167 -0.00746706 0.00400000
v -0.01930280 -0.00946847 0.00400000
v -0.01824585 -0.01137273 0.00400000
v -0.02147241 -0.00108896 0.00400000
v -0.02125207 -0.00325570 0.00400000
v -0.02081366 -0.00538903 0.00400000
v -0.02081366 0.00538903 0.00400000
v -0.02125207 0.00325570 0.00400000
v -0.02147241 0.00108896 0.00400000
v -0.01824585 0.01137273 0.00400000
v -0.01930280 0.00946847 0.00400000
v -0.02016167 0.00746706 0.00400000
v -0.01400451 0.01631330 0.00400000
v -0.01558304 0.01481279 0.00400000
v -0.01700168 0.01316028 0.00400000
v -0.00847865 0.01975759 0.00400000
v -0.01043399 0.01879845 0.00400000
v -0.01228227 0.01764641 0.00400000
v -0.00432792 0.02105989 0.00400000
v -0.00643631 0.02051399 0.00400000
v -0.00222570 0.02188713 0.00386603
v -0.00442857 0.02154966 0.00386603
v -0.00658599 0.02099106 0.00386603
v -0.00867583 0.02021707 0.00386603
v -0.01067664 0.01923563 0.00386603
v -0.01256790 0.01805680 0.00386603
v -0.01433019 0.01669268 0.00386603
v -0.01594544 0.01515727 0.00386603
v -0.01739707 0.01346633 0.00386603
v -0.01867017 0.01163721 0.00386603
v -0.01975170 0.00968867 0.00386603
v -0.02063055 0.00764072 0.00386603
v -0.02129770 0.00551436 0.00386603
v -0.02174630 0.00333141 0.00386603
v -0.02197176 0.00111428 0.00386603
v -0.02197176 -0.00111428 0.00386603
v -0.02174630 -0.00333141 0.00386603
v -0.02129770 -0.00551436 0.00386603
v -0.02063055 -0.00764072 0.00386603
v -0.01975170 -0.00968867 0.00386603
v -0.01867017 -0.01163721 0.00386603
v -0.01739707 -0.01346633 0.00386603
v -0.01594544 -0.01515727 0.00386603
v -0.01433019 -0.01669268 0.00386603
v -0.01256790 -0.01805680 0.00386603
v -0.01067664 -0.01923563 0.00386603
v -0.00867583 -0.02021707 0.00386603
v -0.00658599 -0.02099106 0.00386603
v -0.00442857 -0.02154966 0.00386603
v -0.00222570 -0.02188713 0.00386603
v -0.00000000 -0.02200000 0.00386603
v 0.00222570 -0.02188713 0.00386603
v 0.00442857 -0.02154966 0.00386603
v 0.00658599 -0.02099106 0.00386603
v 0.00867583 -0.02021707 0.00386603
v 0.01067664 -0.01923563 0.00386603
v 0.01256790 -0.01805680 0.00386603
v 0.01433019 -0.01669268 0.00386603
v 0.01594544 -0.01515727 0.00386603
v 0.01739707 -0.01346633 0.00386603
v 0.01867017 -0.01163721 0.00386603
v 0.01975170 -0.00968867 0.00386603
v 0.02063055 -0.00764072 0.00386603
v 0.02129770 -0.00551436 0.00386603
v 0.02174630 -0.00333141 0.00386603
v 0.02197176 -0.00111428 0.00386603
v 0.02197176 0.00111428 0.00386603
v 0.02174630 0.00333141 0.00386603
v 0.02129770 0.00551436 0.00386603
v 0.02063055 0.00764072 0.00386603
v 0.01975170 0.00968867 0.00386603
v 0.01867017 0.01163721 0.00386603
v 0.01739707 0.01346633 0.00386603
v 0.01594544 0.01515727 0.00386603
v 0.01433019 0.01669268 0.00386603
v 0.01256790 0.01805680 0.00386603
v 0.01067664 0.01923563 0.00386603
v 0.00867583 0.02021707 0.00386603
v 0.00658599 0.02099106 0.00386603
v 0.00442857 0.02154966 0.00386603
v 0.00222570 0.02188713 0.00386603
v -0.00000000 0.02200000 0.00386603
v -0.00226273 0.02225127 0.00350000
v -0.00450225 0.02190819 0.00350000
v -0.00669556 0.02134030 0.00350000
v -0.00882017 0.02055343 0.00350000
v -0.01085428 0.01955566 0.00350000
v -0.01277700 0.01835722 0.00350000
v -0.01456861 0.01697040 0.00350000
v -0.01621073 0.01540945 0.00350000
v -0.01768651 0.01369038 0.00350000
v -0.01898080 0.01183082 0.00350000
v -0.02008032 0.00984987 0.00350000
v -0.02097379 0.00776784 0.00350000
v -0.02165204 0.00560610 0.00350000
v -0.02210811 0.00338684 0.00350000
v -0.02233732 0.00113282 0.00350000
v -0.02233732 -0.00113282 0.00350000
v -0.02210811 -0.00338684 0.00350000
v -0.02165204 -0.00560610 0.00350000
v -0.02097379 -0.00776784 0.00350000
v -0.02008032 -0.00984987 0.00350000
v -0.01898080 -0.01183082 0.00350000
v -0.01768651 -0.01369038 0.00350000
v -0.01621073 -0.01540945 0.00350000
v -0.01456861 -0.01697040 0.00350000
v -0.01277700 -0.01835722 0.00350000
v -0.01085428 -0.01955566 0.00350000
v -0.00882017 -0.02055343 0.00350000
v -0.00669556 -0.02134030 0.00350000
v -0.00450225 -0.02190819 0.00350000
v -0.00226273 -0.02225127 0.00350000
v -0.00000000 -0.02236602 0.00350000
v 0.00226273 -0.02225127 0.00350000
v 0.00450225 -0.02190819 0.00350000
v 0.00669556 -0.02134030 0.00350000
v 0.00882017 -0.02055343 0.00350000
v 0.01085428 -0.01955566 0.00350000
v 0.01277700 -0.01835722 0.00350000
v 0.01456861 -0.01697040 0.00350000
v 0.01621073 -0.01540945 0.00350000
v 0.01768651 -0.01369038 0.00350000
v 0.01898080 -0.01183082 0.00350000
v 0.02008032 -0.00984987 0.00350000
v 0.02097379 -0.00776784 0.00350000
v 0.02165204 -0.00560610 0.00350000
v 0.02210811 -0.00338684 0.00350000
v 0.02233732 -0.00113282 0.00350000
v 0.02233732 0.00113282 0.00350000
v 0.02210811 0.00338684 0.00350000
v 0.02165204 0.00560610 0.00350000
v 0.02097379 0.00776784 0.00350000
v 0.02008032 0.00984987 0.00350000
v 0.01898080 0.01183082 0.00350000
v 0.01768651 0.01369038 0.00350000
v 0.01621073 0.01540945 0.00350000
v 0.01456861 0.01697040 0.00350000
v 0.01277700 0.01835722 0.00350000
v 0.01085428 0.01955566 0.00350000
v 0.00882017 0.02055343 0.00350000
v 0.00669556 0.02134030 0.00350000
v 0.00450225 0.02190819 0.00350000
v 0.00226273 0.02225127 0.00350000
v -0.00000000 0.02236602 0.00350000
v 0.01770725 0.02764518 -0.00050000
v 0.01770725 0.02764518 -0.00420000
v 0.01843341 0.02650589 -0.00050000
v 0.01843341 0.02650589 -0.00420000
v 0.01858604 0.02516349 -0.00050000
v 0.01858604 0.02516349 -0.00420000
v 0.01813417 0.02389026 -0.00050000
v 0.01813417 0.02389026 -0.00420000
v 0.02050610 0.02450610 -0.00440000
v 0.01972574 0.02442924 -0.00440000
v 0.02050610 0.02050610 -0.00440000
v 0.02128646 0.02442924 -0.00440000
v 0.02333452 0.02333452 -0.00440000
v 0.02272838 0.02383197 -0.00440000
v 0.02203683 0.02420161 -0.00440000
v 0.02442924 0.02128646 -0.00440000
v 0.02420161 0.02203683 -0.00440000
v 0.02383197 0.02272838 -0.00440000
v 0.02420161 0.01897536 -0.00440000
v 0.02442924 0.01972574 -0.00440000
v 0.02450610 0.02050610 -0.00440000
v 0.02272838 0.01718022 -0.00440000
v 0.02333452 0.01767767 -0.00440000
v 0.02383197 0.01828382 -0.00440000
v 0.02050610 0.01650610 -0.00440000
v 0.02128646 0.01658295 -0.00440000
v 0.02203683 0.01681058 -0.00440000
v 0.01828382 0.01718022 -0.00440000
v 0.01897536 0.01681058 -0.00440000
v 0.01972574 0.01658295 -0.00440000
v 0.01681058 0.01897536 -0.00440000
v 0.01718022 0.01828382 -0.00440000
v 0.01767767 0.01767767 -0.00440000
v 0.01658295 0.02128646 -0.00440000
v 0.01650610 0.02050610 -0.00440000
v 0.01658295 0.01972574 -0.00440000
v 0.01767767 0.02333452 -0.00440000
v 0.01718022 0.02272838 -0.00440000
v 0.01681058 0.02203683 -0.00440000
v 0.01897536 0.02420161 -0.00440000
v 0.01828382 0.02383197 -0.00440000
v 0.01767767 0.02333452 -0.00050000
v 0.02383197 0.01828382 -0.00420000
v 0.02420161 0.01897536 -0.00420000
v 0.02442924 0.01972574 -0.00420000
v 0.02450610 0.02050610 -0.00420000
v 0.02442924 0.02128646 -0.00420000
v 0.02420161 0.02203683 -0.00420000
v 0.02383197 0.02272838 -0.00420000
v 0.02272838 0.02383197 -0.00420000
v 0.02203683 0.02420161 -0.00420000
v 0.02128646 0.02442924 -0.00420000
v 0.02050610 0.02450610 -0.00420000
v 0.01972574 0.02442924 -0.00420000
v 0.01897536 0.02420161 -0.00420000
v 0.01828382 0.02383197 -0.00420000
v 0.01718022 0.02272838 -0.00050000
v 0.01681058 0.02203683 -0.00050000
v 0.01658295 0.02128646 -0.00050000
v 0.01650610 0.02050610 -0.00050000
v 0.01658295 0.01972574 -0.00050000
v 0.01681058 0.01897536 -0.00050000
v 0.01718022 0.01828382 -0.00050000
v 0.01767767 0.01767767 -0.00050000
v 0.01828382 0.01718022 -0.00050000
v 0.01897536 0.01681058 -0.00050000
v 0.01972574 0.01658295 -0.00050000
v 0.02050610 0.01650610 -0.00050000
v 0.02128646 0.01658295 -0.00050000
v 0.02203683 0.01681058 -0.00050000
v 0.02272838 0.01718022 -0.00050000
v 0.02333452 0.01767767 -0.00050000
v 0.02764518 0.01770725 -0.00420000
v 0.02764518 0.01770725 -0.00050000
v 0.02650589 0.01843341 -0.00420000
v 0.02650589 0.01843341 -0.00050000
v 0.02516349 0.01858604 -0.00420000
v 0.02516349 0.01858604 -0.00050000
v 0.02389026 0.01813417 -0.00420000
v 0.02389026 0.01813417 -0.00050000
v -0.03730000 0.00000000 -0.02770000
v -0.03730000 0.00000000 -0.03070000
v -0.03995641 0.00019950 -0.03370735
v -0.03749947 0.00019947 -0.03080000
v -0.03968674 0.00463871 -0.03370735
v -0.03693025 0.00651203 -0.03080000
v -0.03995641 -0.00019950 -0.03370735
v -0.03968674 -0.00463871 -0.03370735
v -0.03749947 -0.00019947 -0.03080000
v -0.03693025 -0.00651203 -0.03080000
v -0.03761482 -0.01347888 -0.03370735
v -0.03530192 -0.01265007 -0.03080000
v -0.03887987 -0.00921470 -0.03370735
v -0.03934984 -0.00693868 -0.03370735
v -0.03754722 -0.01366607 -0.03370735
v -0.03570680 -0.01793263 -0.03370735
v -0.03266124 -0.01842535 -0.03080000
v -0.03098944 -0.02522320 -0.03370735
v -0.02908392 -0.02367225 -0.03080000
v -0.03338351 -0.02195668 -0.03370735
v -0.03480113 -0.01963254 -0.03370735
v -0.03060877 -0.02568381 -0.03370735
v -0.02742010 -0.02906360 -0.03370735
v -0.02467257 -0.02824029 -0.03080000
v -0.02083480 -0.03409496 -0.03370735
v -0.01955368 -0.03199849 -0.03080000
v -0.02386061 -0.03205037 -0.03370735
v -0.02628906 -0.03009053 -0.03370735
v -0.01997846 -0.03460370 -0.03370735
v -0.01582612 -0.03668908 -0.03370735
v -0.01387405 -0.03483907 -0.03080000
v -0.01478305 -0.03712164 -0.03370735
v -0.00779656 -0.03668056 -0.03080000
v -0.01145977 -0.03827830 -0.03370735
v -0.00830737 -0.03908379 -0.03370735
v -0.00693844 -0.03934988 -0.03370735
v -0.00149548 -0.03747017 -0.03080000
v -0.00232329 -0.03988931 -0.03370735
v -0.00159346 -0.03992513 -0.03370735
v 0.00484849 -0.03718524 -0.03080000
v 0.00232329 -0.03988931 -0.03370735
v 0.01145977 -0.03827830 -0.03370735
v 0.01105341 -0.03583395 -0.03080000
v 0.00693844 -0.03934988 -0.03370735
v 0.00516615 -0.03962153 -0.03370735
v 0.01177760 -0.03818171 -0.03370735
v 0.01582612 -0.03668908 -0.03370735
v 0.01694136 -0.03345505 -0.03080000
v 0.01805132 -0.03564695 -0.03370735
v 0.01997846 -0.03460370 -0.03370735
v 0.02234347 -0.03011676 -0.03080000
v 0.02386061 -0.03205037 -0.03370735
v 0.02742010 -0.02906360 -0.03370735
v 0.02710485 -0.02591481 -0.03080000
v 0.03312581 -0.02234358 -0.03370735
v 0.03108893 -0.02096970 -0.03080000
v 0.03060877 -0.02568381 -0.03370735
v 0.02888069 -0.02761269 -0.03370735
v 0.03338351 -0.02195668 -0.03370735
v 0.03570680 -0.01793263 -0.03370735
v 0.03418148 -0.01542324 -0.03080000
v 0.03867169 -0.01005261 -0.03370735
v 0.03629381 -0.00943448 -0.03080000
v 0.03754722 -0.01366607 -0.03370735
v 0.03642097 -0.01643373 -0.03370735
v 0.03887987 -0.00921470 -0.03370735
v 0.03968674 -0.00463871 -0.03370735
v 0.03736534 -0.00317518 -0.03080000
v 0.03981343 -0.00338321 -0.03370735
v 0.03995691 0.00000000 -0.03370735
v 0.03736534 0.00317518 -0.03080000
v 0.03981343 0.00338321 -0.03370735
v 0.03968674 0.00463871 -0.03370735
v 0.03629381 0.00943448 -0.03080000
v 0.03887987 0.00921470 -0.03370735
v 0.03867169 0.01005261 -0.03370735
v 0.03418148 0.01542324 -0.03080000
v 0.03754722 0.01366607 -0.03370735
v 0.03642097 0.01643373 -0.03370735
v 0.03570680 0.01793263 -0.03370735
v 0.03108893 0.02096970 -0.03080000
v 0.03338351 0.02195668 -0.03370735
v 0.03312581 0.02234358 -0.03370735
v 0.02710485 0.02591481 -0.03080000
v 0.03060877 0.02568381 -0.03370735
v 0.02888069 0.02761269 -0.03370735
v 0.02742010 0.02906360 -0.03370735
v 0.02234347 0.03011676 -0.03080000
v 0.02386061 0.03205037 -0.03370735
v 0.01997846 0.03460370 -0.03370735
v 0.01694136 0.03345505 -0.03080000
v 0.01177760 0.03818171 -0.03370735
v 0.01105341 0.03583395 -0.03080000
v 0.01582612 0.03668908 -0.03370735
v 0.01805132 0.03564695 -0.03370735
v 0.01145977 0.03827830 -0.03370735
v 0.00693844 0.03934988 -0.03370735
v 0.00484849 0.03718524 -0.03080000
v -0.00159346 0.03992513 -0.03370735
v -0.00149548 0.03747017 -0.03080000
v 0.00232329 0.03988931 -0.03370735
v 0.00516615 0.03962153 -0.03370735
v -0.00232329 0.03988931 -0.03370735
v -0.00693844 0.03934988 -0.03370735
v -0.00779656 0.03668056 -0.03080000
v -0.00830737 0.03908379 -0.03370735
v -0.01145977 0.03827830 -0.03370735
v -0.01387405 0.03483907 -0.03080000
v -0.01478305 0.03712164 -0.03370735
v -0.01582612 0.03668908 -0.03370735
v -0.01955368 0.03199849 -0.03080000
v -0.01997846 0.03460370 -0.03370735
v -0.02083480 0.03409496 -0.03370735
v -0.02467257 0.02824029 -0.03080000
v -0.02386061 0.03205037 -0.03370735
v -0.02628906 0.03009053 -0.03370735
v -0.02742010 0.02906360 -0.03370735
v -0.02908392 0.02367225 -0.03080000
v -0.03060877 0.02568381 -0.03370735
v -0.03098944 0.02522320 -0.03370735
v -0.03266124 0.01842535 -0.03080000
v -0.03338351 0.02195668 -0.03370735
v -0.03754722 0.01366607 -0.03370735
v -0.03530192 0.01265007 -0.03080000
v -0.03570680 0.01793263 -0.03370735
v -0.03480113 0.01963254 -0.03370735
v -0.03761482 0.01347888 -0.03370735
v -0.03887987 0.00921470 -0.03370735
v -0.03934984 0.00693868 -0.03370735
v 0.04223964 0.01039533 -0.04338925
v 0.04087663 0.01487788 -0.04338925
v 0.04066034 0.01479916 -0.04077162
v 0.04002913 0.01702701 -0.04338925
v 0.03887302 0.01952276 -0.04338925
v 0.03866734 0.01941947 -0.04077162
v 0.01549705 0.04064593 -0.04338925
v 0.01247594 0.04167254 -0.04338925
v 0.01240993 0.04145205 -0.04077162
v -0.03002632 0.03147491 -0.04338925
v -0.03332293 0.02796126 -0.04338925
v -0.03314662 0.02781331 -0.04077162
v -0.03468024 0.02625892 -0.04338925
v -0.03634372 0.02390364 -0.04338925
v -0.03615142 0.02377716 -0.04077162
v -0.03002632 -0.03147491 -0.04338925
v -0.02985151 -0.03164075 -0.04338925
v -0.02969356 -0.03147334 -0.04077162
v -0.02459700 -0.03587809 -0.04338925
v -0.02175000 -0.03767211 -0.04338925
v -0.02163492 -0.03747278 -0.04077162
v -0.01853248 -0.03935476 -0.04338925
v -0.01722947 -0.03994240 -0.04338925
v -0.01713831 -0.03973106 -0.04077162
v -0.01198938 -0.04181512 -0.04338925
v -0.00755370 -0.04283914 -0.04338925
v -0.00751373 -0.04261247 -0.04077162
v -0.00513667 -0.04319565 -0.04338925
v -0.00252930 -0.04342641 -0.04338925
v -0.00251592 -0.04319663 -0.04077162
v 0.02755495 -0.03365969 -0.04338925
v 0.02985151 -0.03164075 -0.04338925
v 0.02969356 -0.03147334 -0.04077162
v -0.04229845 -0.00494398 -0.03823433
v -0.04119027 -0.00481445 -0.03585523
v -0.04147068 -0.00000000 -0.03585523
v 0.04035284 0.00956380 -0.03585523
v 0.03464825 0.02278851 -0.03585523
v 0.02073534 0.03591467 -0.03585523
v 0.00720131 0.04084065 -0.03585523
v -0.00720131 0.04084065 -0.03585523
v -0.02073534 0.03591467 -0.03585523
v -0.03176839 0.02665684 -0.03585523
v -0.04035284 -0.00956380 -0.03585523
v -0.03705956 -0.01861201 -0.03585523
v -0.02845891 -0.03016468 -0.03585523
v -0.01642570 -0.03807905 -0.03585523
v -0.00241131 -0.04140052 -0.03585523
v 0.01189393 -0.03972848 -0.03585523
v 0.02845891 -0.03016468 -0.03585523
v 0.03705956 -0.01861201 -0.03585523
v 0.04119027 -0.00481445 -0.03585523
v -0.04342543 -0.00019954 -0.04190005
v -0.04349954 -0.00019954 -0.04338925
v -0.04320587 -0.00505004 -0.04338925
v -0.03999524 0.00019950 -0.03375347
v -0.04003407 -0.00019950 -0.03379999
v -0.04003407 0.00019950 -0.03379999
v -0.04119027 0.00481445 -0.03585523
v -0.04035284 0.00956380 -0.03585523
v -0.03896970 0.01418381 -0.03585523
v -0.03705956 0.01861201 -0.03585523
v -0.04143848 -0.00982110 -0.03823433
v -0.04210349 -0.00997871 -0.04077162
v -0.04258640 -0.00000000 -0.03823433
v -0.04229845 0.00494398 -0.03823433
v -0.04143848 0.00982110 -0.03823433
v -0.04001813 0.01456541 -0.03823433
v -0.03805660 0.01911274 -0.03823433
v 0.04147068 0.00000000 -0.03585523
v 0.04258640 0.00000000 -0.03823433
v 0.04229845 -0.00494398 -0.03823433
v 0.04326984 0.00000000 -0.04077162
v 0.04297726 -0.00502332 -0.04077162
v 0.04035284 -0.00956380 -0.03585523
v 0.04143848 -0.00982110 -0.03823433
v 0.04210349 -0.00997871 -0.04077162
v 0.03896970 -0.01418381 -0.03585523
v 0.04001813 -0.01456541 -0.03823433
v 0.03805660 -0.01911274 -0.03823433
v 0.04066034 -0.01479916 -0.04077162
v 0.03866734 -0.01941947 -0.04077162
v 0.03464825 -0.02278851 -0.03585523
v 0.03558042 -0.02340161 -0.03823433
v 0.03615142 -0.02377716 -0.04077162
v 0.03176839 -0.02665684 -0.03585523
v 0.03262308 -0.02737401 -0.03823433
v 0.03314662 -0.02781331 -0.04077162
v 0.01642570 -0.03807905 -0.03585523
v 0.01686761 -0.03910352 -0.03823433
v 0.01221392 -0.04079733 -0.03823433
v 0.01713831 -0.03973106 -0.04077162
v 0.01240993 -0.04145205 -0.04077162
v 0.00720131 -0.04084065 -0.03585523
v 0.00739505 -0.04193942 -0.03823433
v 0.00751373 -0.04261247 -0.04077162
v 0.00241131 -0.04140052 -0.03585523
v 0.00247618 -0.04251436 -0.03823433
v 0.00251592 -0.04319663 -0.04077162
v -0.03176839 -0.02665684 -0.03585523
v -0.03464825 -0.02278851 -0.03585523
v -0.03262308 -0.02737401 -0.03823433
v -0.03558042 -0.02340161 -0.03823433
v -0.03314662 -0.02781331 -0.04077162
v -0.03615142 -0.02377716 -0.04077162
v -0.03805660 -0.01911274 -0.03823433
v -0.03866734 -0.01941947 -0.04077162
v -0.03896970 -0.01418381 -0.03585523
v -0.04001813 -0.01456541 -0.03823433
v -0.04066034 -0.01479916 -0.04077162
v -0.04297726 -0.00502332 -0.04077162
v -0.04326984 -0.00000000 -0.04077162
v -0.04297726 0.00502332 -0.04077162
v -0.04210349 0.00997871 -0.04077162
v -0.04066034 0.01479916 -0.04077162
v -0.03866734 0.01941947 -0.04077162
v -0.02476458 0.03326460 -0.03585523
v -0.02543084 0.03415954 -0.03823433
v -0.02129320 0.03688091 -0.03823433
v -0.02583895 0.03470774 -0.04077162
v -0.02163492 0.03747278 -0.04077162
v -0.01642570 0.03807905 -0.03585523
v -0.01686761 0.03910352 -0.03823433
v -0.01713831 0.03973106 -0.04077162
v -0.01189393 0.03972848 -0.03585523
v -0.01221392 0.04079733 -0.03823433
v -0.01240993 0.04145205 -0.04077162
v -0.00241131 0.04140052 -0.03585523
v -0.00739505 0.04193942 -0.03823433
v -0.00247618 0.04251436 -0.03823433
v -0.00751373 0.04261247 -0.04077162
v -0.00251592 0.04319663 -0.04077162
v 0.00241131 0.04140052 -0.03585523
v 0.00247618 0.04251436 -0.03823433
v 0.00251592 0.04319663 -0.04077162
v 0.00739505 0.04193942 -0.03823433
v 0.00751373 0.04261247 -0.04077162
v 0.02476458 0.03326460 -0.03585523
v 0.02845891 0.03016468 -0.03585523
v 0.02543084 0.03415954 -0.03823433
v 0.02922457 0.03097623 -0.03823433
v 0.02583895 0.03470774 -0.04077162
v 0.02969356 0.03147334 -0.04077162
v 0.03176839 0.02665684 -0.03585523
v 0.03262308 0.02737401 -0.03823433
v 0.03314662 0.02781331 -0.04077162
v 0.03558042 0.02340161 -0.03823433
v 0.03615142 0.02377716 -0.04077162
v 0.04119027 0.00481445 -0.03585523
v 0.04229845 0.00494398 -0.03823433
v 0.04297726 0.00502332 -0.04077162
v 0.04087663 -0.01487788 -0.04338925
v 0.04223964 -0.01039533 -0.04338925
v 0.03259074 -0.02881135 -0.04338925
v 0.03332293 -0.02796126 -0.04338925
v 0.03634372 -0.02390364 -0.04338925
v 0.03678490 -0.02321899 -0.04338925
v 0.03887302 -0.01952276 -0.04338925
v 0.04002913 -0.01702701 -0.04338925
v 0.02922457 -0.03097623 -0.03823433
v 0.02597640 -0.03489236 -0.04338925
v 0.02583895 -0.03470774 -0.04077162
v 0.02543084 -0.03415954 -0.03823433
v 0.02476458 -0.03326460 -0.03585523
v 0.02073534 -0.03591467 -0.03585523
v 0.02129320 -0.03688091 -0.03823433
v 0.02163492 -0.03747278 -0.04077162
v 0.02175000 -0.03767211 -0.04338925
v 0.01722947 -0.03994240 -0.04338925
v 0.00184870 -0.04346070 -0.04338925
v 0.00252930 -0.04342641 -0.04338925
v 0.00755370 -0.04283914 -0.04338925
v 0.00878632 -0.04260341 -0.04338925
v 0.01247594 -0.04167254 -0.04338925
v 0.01549705 -0.04064593 -0.04338925
v -0.00247618 -0.04251436 -0.03823433
v -0.00739505 -0.04193942 -0.03823433
v -0.00720131 -0.04084065 -0.03585523
v -0.01247594 -0.04167254 -0.04338925
v -0.01240993 -0.04145205 -0.04077162
v -0.01221392 -0.04079733 -0.03823433
v -0.01189393 -0.03972848 -0.03585523
v -0.01686761 -0.03910352 -0.03823433
v -0.02129320 -0.03688091 -0.03823433
v -0.02073534 -0.03591467 -0.03585523
v -0.02597640 -0.03489236 -0.04338925
v -0.02583895 -0.03470774 -0.04077162
v -0.02543084 -0.03415954 -0.03823433
v -0.02476458 -0.03326460 -0.03585523
v -0.02922457 -0.03097623 -0.03823433
v -0.03332293 -0.02796126 -0.04338925
v -0.04120428 -0.01394480 -0.04338925
v -0.04087663 -0.01487788 -0.04338925
v -0.03887302 -0.01952276 -0.04338925
v -0.03843858 -0.02036481 -0.04338925
v -0.03634372 -0.02390364 -0.04338925
v -0.03468024 -0.02625892 -0.04338925
v -0.04232745 -0.01003179 -0.04338925
v -0.04320587 0.00505004 -0.04338925
v -0.04349954 0.00019954 -0.04338925
v -0.04342543 0.00019954 -0.04190005
v -0.04290591 -0.00716468 -0.04338925
v -0.03843858 0.02036481 -0.04338925
v -0.03887302 0.01952276 -0.04338925
v -0.04087663 0.01487788 -0.04338925
v -0.04120428 0.01394480 -0.04338925
v -0.04232745 0.01003179 -0.04338925
v -0.04290591 0.00716468 -0.04338925
v -0.03558042 0.02340161 -0.03823433
v -0.03464825 0.02278851 -0.03585523
v -0.03262308 0.02737401 -0.03823433
v -0.02985151 0.03164075 -0.04338925
v -0.02969356 0.03147334 -0.04077162
v -0.02922457 0.03097623 -0.03823433
v -0.02845891 0.03016468 -0.03585523
v -0.02597640 0.03489236 -0.04338925
v -0.01198938 0.04181512 -0.04338925
v -0.01247594 0.04167254 -0.04338925
v -0.01722947 0.03994240 -0.04338925
v -0.01853248 0.03935476 -0.04338925
v -0.02175000 0.03767211 -0.04338925
v -0.02459700 0.03587809 -0.04338925
v -0.00755370 0.04283914 -0.04338925
v 0.00878632 0.04260341 -0.04338925
v 0.00755370 0.04283914 -0.04338925
v 0.00252930 0.04342641 -0.04338925
v 0.00184870 0.04346070 -0.04338925
v -0.00252930 0.04342641 -0.04338925
v -0.00513667 0.04319565 -0.04338925
v 0.01221392 0.04079733 -0.03823433
v 0.01189393 0.03972848 -0.03585523
v 0.01722947 0.03994240 -0.04338925
v 0.01713831 0.03973106 -0.04077162
v 0.01686761 0.03910352 -0.03823433
v 0.01642570 0.03807905 -0.03585523
v 0.02129320 0.03688091 -0.03823433
v 0.02163492 0.03747278 -0.04077162
v 0.02175000 0.03767211 -0.04338925
v 0.02597640 0.03489236 -0.04338925
v 0.03678490 0.02321899 -0.04338925
v 0.03634372 0.02390364 -0.04338925
v 0.03332293 0.02796126 -0.04338925
v 0.03259074 0.02881135 -0.04338925
v 0.02985151 0.03164075 -0.04338925
v 0.02755495 0.03365969 -0.04338925
v 0.03805660 0.01911274 -0.03823433
v 0.03705956 0.01861201 -0.03585523
v 0.04001813 0.01456541 -0.03823433
v 0.03896970 0.01418381 -0.03585523
v 0.04232745 0.01003179 -0.04338925
v 0.04210349 0.00997871 -0.04077162
v 0.04143848 0.00982110 -0.03823433
v 0.04320587 0.00505004 -0.04338925
v 0.04232745 -0.01003179 -0.04338925
v 0.04320587 -0.00505004 -0.04338925
v 0.04335935 -0.00349520 -0.04338925
v 0.04350000 0.00000000 -0.04338925
v 0.04335935 0.00349520 -0.04338925
v -0.03843858 0.02036481 -0.04490000
v 0.04223964 -0.01039533 -0.04490000
v -0.01853248 -0.03935476 -0.04490000
v -0.04349954 -0.00019954 -0.04490000
v -0.04290591 -0.00716468 -0.04490000
v -0.03843858 -0.02036481 -0.04490000
v -0.04120428 -0.01394480 -0.04490000
v -0.03468024 -0.02625892 -0.04490000
v -0.02459700 -0.03587809 -0.04490000
v -0.03002632 -0.03147491 -0.04490000
v -0.01198938 -0.04181512 -0.04490000
v -0.00513667 -0.04319565 -0.04490000
v 0.00184870 -0.04346070 -0.04490000
v 0.00878632 -0.04260341 -0.04490000
v 0.01549705 -0.04064593 -0.04490000
v 0.02180758 -0.03763880 -0.04490000
v 0.02755495 -0.03365969 -0.04490000
v 0.03678490 -0.02321899 -0.04490000
v 0.03259074 -0.02881135 -0.04490000
v 0.04002913 -0.01702701 -0.04490000
v 0.04335935 -0.00349520 -0.04490000
v 0.04223964 0.01039533 -0.04490000
v 0.04335935 0.00349520 -0.04490000
v 0.04002913 0.01702701 -0.04490000
v 0.03678490 0.02321899 -0.04490000
v 0.03259074 0.02881135 -0.04490000
v 0.02755495 0.03365969 -0.04490000
v 0.02180758 0.03763880 -0.04490000
v 0.01549705 0.04064593 -0.04490000
v 0.00184870 0.04346070 -0.04490000
v 0.00878632 0.04260341 -0.04490000
v -0.00513667 0.04319565 -0.04490000
v -0.01853248 0.03935476 -0.04490000
v -0.01198938 0.04181512 -0.04490000
v -0.02459700 0.03587809 -0.04490000
v -0.03002632 0.03147491 -0.04490000
v -0.03468024 0.02625892 -0.04490000
v -0.04120428 0.01394480 -0.04490000
v -0.04290591 0.00716468 -0.04490000
v -0.04349954 0.00019954 -0.04490000
f 1 2 3
f 1 3 4
f 5 6 3
f 3 6 7
f 3 7 4
f 8 9 3
f 3 9 10
f 3 10 5
f 11 12 3
f 3 12 13
f 3 13 8
f 14 15 3
f 3 15 16
f 3 16 11
f 17 18 3
f 3 18 19
f 3 19 14
f 20 21 3
f 3 21 22
f 3 22 17
f 23 24 3
f 3 24 25
f 3 25 20
f 26 27 3
f 3 27 28
f 3 28 23
f 29 30 3
f 3 30 31
f 3 31 26
f 32 33 3
f 3 33 34
f 3 34 29
f 35 36 3
f 3 36 37
f 3 37 32
f 2 38 3
f 3 38 39
f 3 39 35
f 40 41 42
f 42 41 43
f 42 43 44
f 43 45 44
f 44 45 46
f 44 46 47
f 46 48 47
f 47 48 49
f 47 49 50
f 50 49 51
f 50 51 52
f 51 53 52
f 52 53 54
f 52 54 55
f 55 54 56
f 55 56 57
f 57 56 58
f 57 58 59
f 59 58 60
f 59 60 61
f 61 60 62
f 61 62 63
f 63 62 64
f 64 62 65
f 64 65 66
f 67 68 69
f 42 70 40
f 40 70 71
f 40 71 72
f 72 71 73
f 72 73 74
f 74 73 75
f 74 75 76
f 76 75 77
f 76 77 78
f 78 77 79
f 78 79 80
f 80 79 81
f 80 81 82
f 82 81 83
f 82 83 84
f 84 83 85
f 84 85 86
f 86 85 87
f 86 87 88
f 88 87 89
f 88 89 67
f 67 69 88
f 88 69 90
f 88 90 86
f 86 90 91
f 86 91 84
f 84 91 92
f 84 92 82
f 82 92 93
f 82 93 80
f 80 93 94
f 80 94 78
f 78 94 95
f 78 95 76
f 76 95 96
f 76 96 74
f 74 96 97
f 74 97 72
f 72 97 98
f 72 98 40
f 40 98 99
f 40 99 41
f 41 99 100
f 41 100 43
f 43 100 101
f 43 101 45
f 45 101 102
f 45 102 46
f 46 102 103
f 46 103 48
f 48 103 104
f 48 104 49
f 49 104 105
f 49 105 51
f 51 105 106
f 51 106 53
f 53 106 107
f 53 107 54
f 54 107 108
f 54 108 56
f 56 108 109
f 56 109 58
f 58 109 110
f 58 110 60
f 60 110 111
f 60 111 62
f 62 111 112
f 62 112 65
f 65 112 113
f 65 113 114
f 114 113 115
f 114 115 116
f 116 115 117
f 116 117 118
f 118 117 119
f 118 119 120
f 120 119 121
f 120 121 122
f 122 121 123
f 122 123 124
f 124 123 125
f 124 125 126
f 126 125 127
f 126 127 128
f 128 127 129
f 128 129 130
f 130 129 131
f 130 131 132
f 132 131 133
f 132 133 134
f 66 65 135
f 135 65 114
f 135 114 136
f 136 114 116
f 136 116 137
f 137 116 118
f 137 118 138
f 138 118 120
f 138 120 139
f 139 120 122
f 139 122 140
f 140 122 124
f 140 124 141
f 141 124 126
f 141 126 142
f 142 126 128
f 142 128 143
f 143 128 130
f 143 130 144
f 144 130 132
f 144 132 145
f 145 132 134
f 145 134 146
f 147 146 134
f 147 134 148
f 148 134 133
f 148 133 149
f 150 68 133
f 133 131 150
f 150 131 129
f 150 129 127
f 127 125 150
f 150 125 123
f 150 123 121
f 150 95 94
f 94 93 150
f 150 93 92
f 150 92 91
f 91 90 150
f 150 90 69
f 150 69 68
f 117 115 151
f 151 115 113
f 151 113 112
f 102 101 151
f 151 101 100
f 100 99 151
f 151 99 98
f 151 98 97
f 121 119 150
f 150 119 117
f 150 117 95
f 95 117 151
f 95 151 96
f 96 151 97
f 112 111 151
f 151 111 110
f 151 110 109
f 106 105 151
f 109 108 151
f 151 108 107
f 151 107 106
f 105 104 151
f 151 104 103
f 151 103 102
f 152 149 153
f 153 154 152
f 152 154 155
f 152 155 156
f 156 157 152
f 152 157 158
f 152 158 159
f 152 160 161
f 161 162 152
f 152 162 163
f 152 163 164
f 164 165 152
f 152 165 166
f 152 166 149
f 167 168 169
f 169 168 170
f 169 170 171
f 172 173 169
f 169 173 174
f 174 175 169
f 169 175 176
f 169 176 177
f 159 178 152
f 152 178 167
f 152 167 160
f 160 167 169
f 160 169 179
f 179 169 177
f 171 180 169
f 169 180 181
f 169 181 182
f 183 184 169
f 182 185 169
f 169 185 186
f 169 186 183
f 184 187 169
f 169 187 188
f 169 188 172
f 153 149 68
f 68 149 133
f 153 68 67
f 153 67 189
f 189 67 89
f 189 89 190
f 148 149 166
f 147 148 191
f 147 191 192
f 192 191 193
f 192 193 194
f 194 193 195
f 194 195 196
f 196 195 197
f 196 197 198
f 198 197 199
f 198 199 200
f 200 199 201
f 200 201 202
f 202 201 203
f 202 203 204
f 204 203 205
f 204 205 206
f 206 205 207
f 207 205 208
f 207 208 209
f 209 208 210
f 209 210 211
f 211 210 212
f 211 212 213
f 213 212 214
f 213 214 215
f 215 214 216
f 215 216 217
f 217 216 218
f 218 216 219
f 218 219 220
f 220 219 221
f 220 221 222
f 222 221 223
f 222 223 224
f 224 223 225
f 224 225 226
f 226 225 227
f 227 225 228
f 227 228 229
f 229 228 230
f 229 230 231
f 231 230 232
f 231 232 233
f 233 232 234
f 233 234 235
f 235 234 236
f 235 236 237
f 237 236 238
f 238 236 239
f 238 239 240
f 240 239 241
f 240 241 242
f 242 241 243
f 242 243 244
f 244 243 245
f 244 245 246
f 246 245 247
f 246 247 248
f 248 247 249
f 248 249 250
f 250 249 251
f 250 251 252
f 148 166 191
f 191 166 165
f 191 165 193
f 193 165 164
f 193 164 195
f 195 164 163
f 195 163 197
f 197 163 162
f 197 162 199
f 199 162 161
f 199 161 201
f 201 161 160
f 201 160 203
f 203 160 179
f 203 179 205
f 205 179 177
f 205 177 208
f 208 177 176
f 208 176 210
f 210 176 175
f 210 175 212
f 212 175 174
f 212 174 214
f 214 174 173
f 214 173 216
f 216 173 172
f 216 172 219
f 219 172 188
f 219 188 221
f 221 188 187
f 221 187 223
f 223 187 184
f 223 184 225
f 225 184 183
f 225 183 228
f 228 183 186
f 228 186 230
f 230 186 185
f 230 185 232
f 232 185 182
f 232 182 234
f 234 182 181
f 234 181 236
f 236 181 180
f 236 180 239
f 239 180 171
f 239 171 241
f 241 171 170
f 241 170 243
f 243 170 168
f 243 168 245
f 245 168 167
f 245 167 247
f 247 167 178
f 247 178 249
f 249 178 159
f 249 159 251
f 251 159 158
f 251 158 253
f 253 158 157
f 253 157 254
f 254 157 156
f 254 156 255
f 255 156 155
f 255 155 256
f 256 155 154
f 256 154 257
f 257 154 153
f 257 153 189
f 252 251 258
f 258 251 253
f 258 253 259
f 259 253 254
f 259 254 260
f 260 254 255
f 260 255 261
f 261 255 256
f 261 256 262
f 262 256 257
f 262 257 263
f 263 257 189
f 263 189 190
f 264 265 266
f 264 266 267
f 267 266 268
f 267 268 269
f 270 271 272
f 273 270 274
f 273 274 275
f 275 274 276
f 275 276 277
f 277 276 278
f 277 278 279
f 279 278 280
f 279 280 281
f 281 280 282
f 281 282 283
f 283 282 284
f 283 284 285
f 285 284 286
f 285 286 287
f 287 286 288
f 287 288 289
f 289 288 290
f 289 290 291
f 291 290 292
f 291 292 293
f 293 292 294
f 294 292 295
f 294 295 296
f 296 295 297
f 296 297 298
f 298 297 299
f 298 299 300
f 300 299 301
f 300 301 302
f 302 301 303
f 302 303 304
f 304 303 305
f 305 303 306
f 305 306 307
f 307 306 308
f 307 308 309
f 309 308 310
f 309 310 311
f 311 310 312
f 312 310 313
f 312 313 314
f 314 313 315
f 314 315 316
f 316 315 317
f 316 317 318
f 318 317 319
f 318 319 320
f 320 319 321
f 320 321 322
f 270 272 274
f 274 272 323
f 274 323 276
f 276 323 324
f 276 324 278
f 278 324 325
f 278 325 280
f 280 325 326
f 280 326 282
f 282 326 327
f 282 327 284
f 284 327 328
f 284 328 286
f 286 328 329
f 286 329 288
f 288 329 330
f 288 330 290
f 290 330 331
f 290 331 292
f 292 331 332
f 292 332 295
f 295 332 333
f 295 333 297
f 297 333 334
f 297 334 299
f 299 334 335
f 299 335 301
f 301 335 336
f 301 336 303
f 303 336 337
f 303 337 306
f 306 337 338
f 306 338 308
f 308 338 339
f 308 339 310
f 310 339 340
f 310 340 313
f 313 340 341
f 313 341 315
f 315 341 342
f 315 342 317
f 317 342 343
f 317 343 319
f 319 343 344
f 319 344 321
f 321 344 345
f 321 345 346
f 346 345 347
f 346 347 348
f 348 347 349
f 348 349 350
f 350 349 351
f 350 351 352
f 352 351 353
f 352 353 354
f 354 353 355
f 354 355 356
f 356 355 357
f 356 357 358
f 358 357 359
f 358 359 360
f 360 359 361
f 360 361 362
f 362 361 363
f 362 363 364
f 364 363 365
f 364 365 366
f 366 365 264
f 366 264 267
f 322 321 367
f 367 321 346
f 367 346 368
f 368 346 348
f 368 348 369
f 369 348 350
f 369 350 370
f 370 350 352
f 370 352 371
f 371 352 354
f 371 354 372
f 372 354 356
f 372 356 373
f 373 356 358
f 373 358 374
f 374 358 360
f 374 360 375
f 375 360 362
f 375 362 376
f 376 362 364
f 376 364 377
f 377 364 366
f 377 366 378
f 378 366 267
f 378 267 269
f 379 271 264
f 264 365 379
f 379 365 363
f 379 363 361
f 361 359 379
f 379 359 357
f 379 357 355
f 379 328 327
f 327 326 379
f 379 326 325
f 379 325 324
f 324 323 379
f 379 323 272
f 379 272 271
f 351 349 380
f 380 349 347
f 380 347 345
f 335 334 380
f 380 334 333
f 333 332 380
f 380 332 331
f 380 331 330
f 355 353 379
f 379 353 351
f 379 351 328
f 328 351 380
f 328 380 329
f 329 380 330
f 345 344 380
f 380 344 343
f 380 343 342
f 339 338 380
f 342 341 380
f 380 341 340
f 380 340 339
f 338 337 380
f 380 337 336
f 380 336 335
f 381 382 383
f 383 382 384
f 383 384 385
f 384 386 385
f 385 386 387
f 385 387 388
f 387 389 388
f 388 389 390
f 388 390 391
f 391 390 392
f 391 392 393
f 392 394 393
f 393 394 395
f 393 395 396
f 396 395 397
f 396 397 398
f 398 397 399
f 398 399 400
f 400 399 401
f 400 401 402
f 402 401 403
f 402 403 404
f 404 403 405
f 405 403 406
f 405 406 407
f 266 265 408
f 383 409 381
f 381 409 410
f 381 410 411
f 411 410 412
f 411 412 413
f 413 412 414
f 413 414 415
f 415 414 416
f 415 416 417
f 417 416 418
f 417 418 419
f 419 418 420
f 419 420 421
f 421 420 422
f 421 422 423
f 423 422 424
f 423 424 425
f 425 424 426
f 425 426 427
f 427 426 268
f 427 268 266
f 266 408 427
f 427 408 428
f 427 428 425
f 425 428 429
f 425 429 423
f 423 429 430
f 423 430 421
f 421 430 431
f 421 431 419
f 419 431 432
f 419 432 417
f 417 432 433
f 417 433 415
f 415 433 434
f 415 434 413
f 413 434 435
f 413 435 411
f 411 435 436
f 411 436 381
f 381 436 437
f 381 437 382
f 382 437 438
f 382 438 384
f 384 438 439
f 384 439 386
f 386 439 440
f 386 440 387
f 387 440 441
f 387 441 389
f 389 441 442
f 389 442 390
f 390 442 443
f 390 443 392
f 392 443 444
f 392 444 394
f 394 444 445
f 394 445 395
f 395 445 446
f 395 446 397
f 397 446 447
f 397 447 399
f 399 447 448
f 399 448 401
f 401 448 449
f 401 449 403
f 403 449 450
f 403 450 406
f 406 450 451
f 406 451 452
f 452 451 453
f 452 453 454
f 454 453 455
f 454 455 456
f 456 455 457
f 456 457 458
f 458 457 459
f 458 459 460
f 460 459 461
f 460 461 462
f 462 461 463
f 462 463 464
f 464 463 465
f 464 465 466
f 466 465 467
f 466 467 468
f 468 467 469
f 468 469 470
f 470 469 471
f 470 471 472
f 407 406 473
f 473 406 452
f 473 452 474
f 474 452 454
f 474 454 475
f 475 454 456
f 475 456 476
f 476 456 458
f 476 458 477
f 477 458 460
f 477 460 478
f 478 460 462
f 478 462 479
f 479 462 464
f 479 464 480
f 480 464 466
f 480 466 481
f 481 466 468
f 481 468 482
f 482 468 470
f 482 470 483
f 483 470 472
f 483 472 484
f 273 484 472
f 273 472 270
f 270 472 471
f 270 471 271
f 264 271 265
f 265 271 471
f 485 265 471
f 471 469 485
f 485 469 467
f 485 467 465
f 465 463 485
f 485 463 461
f 485 461 459
f 485 433 432
f 432 431 485
f 485 431 430
f 485 430 429
f 429 428 485
f 485 428 408
f 485 408 265
f 455 453 486
f 486 453 451
f 486 451 450
f 440 439 486
f 486 439 438
f 438 437 486
f 486 437 436
f 486 436 435
f 459 457 485
f 485 457 455
f 485 455 433
f 433 455 486
f 433 486 434
f 434 486 435
f 450 449 486
f 486 449 448
f 486 448 447
f 444 443 486
f 447 446 486
f 486 446 445
f 486 445 444
f 443 442 486
f 486 442 441
f 486 441 440
f 487 488 489
f 487 489 490
f 490 489 491
f 490 491 492
f 493 494 495
f 496 493 497
f 496 497 498
f 498 497 499
f 498 499 500
f 500 499 501
f 500 501 502
f 502 501 503
f 502 503 504
f 504 503 505
f 504 505 506
f 506 505 507
f 507 505 508
f 507 508 509
f 509 508 510
f 509 510 511
f 511 510 512
f 511 512 513
f 513 512 514
f 513 514 515
f 515 514 516
f 515 516 517
f 517 516 518
f 517 518 519
f 519 518 520
f 519 520 521
f 521 520 522
f 522 520 523
f 522 523 524
f 524 523 525
f 524 525 526
f 526 525 527
f 526 527 528
f 528 527 529
f 528 529 530
f 530 529 531
f 531 529 532
f 531 532 533
f 533 532 534
f 533 534 535
f 535 534 536
f 535 536 537
f 537 536 538
f 537 538 539
f 539 538 540
f 540 538 541
f 540 541 542
f 542 541 543
f 542 543 544
f 544 543 545
f 544 545 546
f 546 545 547
f 546 547 548
f 548 547 549
f 548 549 550
f 493 495 497
f 497 495 551
f 497 551 499
f 499 551 552
f 499 552 501
f 501 552 553
f 501 553 503
f 503 553 554
f 503 554 505
f 505 554 555
f 505 555 508
f 508 555 556
f 508 556 510
f 510 556 557
f 510 557 512
f 512 557 558
f 512 558 514
f 514 558 559
f 514 559 516
f 516 559 560
f 516 560 518
f 518 560 561
f 518 561 520
f 520 561 562
f 520 562 523
f 523 562 563
f 523 563 525
f 525 563 564
f 525 564 527
f 527 564 565
f 527 565 529
f 529 565 566
f 529 566 532
f 532 566 567
f 532 567 534
f 534 567 568
f 534 568 536
f 536 568 569
f 536 569 538
f 538 569 570
f 538 570 541
f 541 570 571
f 541 571 543
f 543 571 572
f 543 572 545
f 545 572 573
f 545 573 547
f 547 573 574
f 547 574 549
f 549 574 575
f 549 575 576
f 576 575 577
f 576 577 578
f 578 577 579
f 578 579 580
f 580 579 581
f 580 581 582
f 582 581 583
f 582 583 584
f 584 583 585
f 584 585 586
f 586 585 587
f 586 587 588
f 588 587 589
f 588 589 590
f 590 589 591
f 590 591 592
f 592 591 487
f 592 487 490
f 550 549 593
f 593 549 576
f 593 576 594
f 594 576 578
f 594 578 595
f 595 578 580
f 595 580 596
f 596 580 582
f 596 582 597
f 597 582 584
f 597 584 598
f 598 584 586
f 598 586 599
f 599 586 588
f 599 588 600
f 600 588 590
f 600 590 601
f 601 590 592
f 601 592 602
f 602 592 490
f 602 490 492
f 603 494 487
f 487 591 603
f 603 591 589
f 603 589 587
f 587 585 603
f 603 585 583
f 603 583 581
f 603 556 555
f 555 554 603
f 603 554 553
f 603 553 552
f 552 551 603
f 603 551 495
f 603 495 494
f 577 575 604
f 604 575 574
f 604 574 573
f 563 562 604
f 604 562 561
f 561 560 604
f 604 560 559
f 604 559 558
f 581 579 603
f 603 579 577
f 603 577 556
f 556 577 604
f 556 604 557
f 557 604 558
f 573 572 604
f 604 572 571
f 604 571 570
f 567 566 604
f 570 569 604
f 604 569 568
f 604 568 567
f 566 565 604
f 604 565 564
f 604 564 563
f 487 494 488
f 488 494 605
f 606 488 605
f 605 607 606
f 606 607 608
f 606 608 609
f 609 610 606
f 606 610 611
f 606 611 612
f 606 613 614
f 614 615 606
f 606 615 616
f 606 616 617
f 617 618 606
f 606 618 619
f 606 619 488
f 620 621 622
f 622 621 623
f 622 623 624
f 625 626 622
f 622 626 627
f 627 628 622
f 622 628 629
f 622 629 630
f 612 631 606
f 606 631 620
f 606 620 613
f 613 620 622
f 613 622 632
f 632 622 630
f 624 633 622
f 622 633 634
f 622 634 635
f 636 637 622
f 635 638 622
f 622 638 639
f 622 639 636
f 637 640 622
f 622 640 641
f 622 641 625
f 496 642 643
f 496 643 493
f 493 643 605
f 493 605 494
f 644 645 646
f 646 645 647
f 646 647 648
f 647 649 648
f 648 649 650
f 648 650 651
f 650 652 651
f 651 652 653
f 651 653 654
f 654 653 655
f 654 655 656
f 655 657 656
f 656 657 658
f 656 658 659
f 659 658 660
f 659 660 661
f 661 660 662
f 661 662 663
f 663 662 664
f 663 664 665
f 665 664 666
f 665 666 667
f 667 666 668
f 668 666 669
f 668 669 670
f 489 488 619
f 646 671 644
f 644 671 672
f 644 672 673
f 673 672 674
f 673 674 675
f 675 674 676
f 675 676 677
f 677 676 678
f 677 678 679
f 679 678 680
f 679 680 681
f 681 680 682
f 681 682 683
f 683 682 684
f 683 684 685
f 685 684 686
f 685 686 687
f 687 686 688
f 687 688 689
f 689 688 491
f 689 491 489
f 489 619 689
f 689 619 618
f 689 618 687
f 687 618 617
f 687 617 685
f 685 617 616
f 685 616 683
f 683 616 615
f 683 615 681
f 681 615 614
f 681 614 679
f 679 614 613
f 679 613 677
f 677 613 632
f 677 632 675
f 675 632 630
f 675 630 673
f 673 630 629
f 673 629 644
f 644 629 628
f 644 628 645
f 645 628 627
f 645 627 647
f 647 627 626
f 647 626 649
f 649 626 625
f 649 625 650
f 650 625 641
f 650 641 652
f 652 641 640
f 652 640 653
f 653 640 637
f 653 637 655
f 655 637 636
f 655 636 657
f 657 636 639
f 657 639 658
f 658 639 638
f 658 638 660
f 660 638 635
f 660 635 662
f 662 635 634
f 662 634 664
f 664 634 633
f 664 633 666
f 666 633 624
f 666 624 669
f 669 624 623
f 669 623 690
f 690 623 621
f 690 621 691
f 691 621 620
f 691 620 692
f 692 620 631
f 692 631 693
f 693 631 612
f 693 612 694
f 694 612 611
f 694 611 695
f 695 611 610
f 695 610 696
f 696 610 609
f 696 609 697
f 697 609 608
f 697 608 698
f 698 608 607
f 698 607 699
f 699 607 605
f 699 605 643
f 670 669 700
f 700 669 690
f 700 690 701
f 701 690 691
f 701 691 702
f 702 691 692
f 702 692 703
f 703 692 693
f 703 693 704
f 704 693 694
f 704 694 705
f 705 694 695
f 705 695 706
f 706 695 696
f 706 696 707
f 707 696 697
f 707 697 708
f 708 697 698
f 708 698 709
f 709 698 699
f 709 699 710
f 710 699 643
f 710 643 642
f 711 712 713
f 711 713 714
f 714 713 715
f 714 715 716
f 717 718 719
f 720 717 721
f 720 721 722
f 722 721 723
f 722 723 724
f 724 723 725
f 724 725 726
f 726 725 727
f 726 727 728
f 728 727 729
f 728 729 730
f 730 729 731
f 730 731 732
f 732 731 733
f 732 733 734
f 734 733 735
f 734 735 736
f 736 735 737
f 737 735 738
f 737 738 739
f 739 738 740
f 739 740 741
f 741 740 742
f 741 742 743
f 743 742 744
f 743 744 745
f 745 744 746
f 745 746 747
f 747 746 748
f 748 746 749
f 748 749 750
f 750 749 751
f 750 751 752
f 752 751 753
f 752 753 754
f 754 753 755
f 754 755 756
f 756 755 757
f 757 755 758
f 757 758 759
f 759 758 760
f 759 760 761
f 761 760 762
f 761 762 763
f 763 762 764
f 763 764 765
f 765 764 766
f 765 766 767
f 767 766 768
f 768 766 769
f 768 769 770
f 770 769 771
f 770 771 772
f 772 771 773
f 772 773 774
f 774 773 775
f 774 775 776
f 776 775 777
f 776 777 778
f 778 777 779
f 778 779 780
f 780 779 781
f 780 781 782
f 717 719 721
f 721 719 783
f 721 783 723
f 723 783 784
f 723 784 725
f 725 784 785
f 725 785 727
f 727 785 786
f 727 786 729
f 729 786 787
f 729 787 731
f 731 787 788
f 731 788 733
f 733 788 789
f 733 789 735
f 735 789 790
f 735 790 738
f 738 790 791
f 738 791 740
f 740 791 792
f 740 792 742
f 742 792 793
f 742 793 744
f 744 793 794
f 744 794 746
f 746 794 795
f 746 795 749
f 749 795 796
f 749 796 751
f 751 796 797
f 751 797 753
f 753 797 798
f 753 798 755
f 755 798 799
f 755 799 758
f 758 799 800
f 758 800 760
f 760 800 801
f 760 801 762
f 762 801 802
f 762 802 764
f 764 802 803
f 764 803 766
f 766 803 804
f 766 804 769
f 769 804 805
f 769 805 771
f 771 805 806
f 771 806 773
f 773 806 807
f 773 807 775
f 775 807 808
f 775 808 777
f 777 808 809
f 777 809 779
f 779 809 810
f 779 810 781
f 781 810 811
f 781 811 812
f 812 811 813
f 812 813 814
f 814 813 815
f 814 815 816
f 816 815 817
f 816 817 818
f 818 817 819
f 818 819 820
f 820 819 711
f 820 711 714
f 782 781 821
f 821 781 812
f 821 812 822
f 822 812 814
f 822 814 823
f 823 814 816
f 823 816 824
f 824 816 818
f 824 818 825
f 825 818 820
f 825 820 826
f 826 820 714
f 826 714 716
f 827 718 711
f 711 819 827
f 827 819 817
f 827 817 815
f 815 813 827
f 827 813 811
f 827 811 810
f 827 788 787
f 787 786 827
f 827 786 785
f 827 785 784
f 784 783 827
f 827 783 719
f 827 719 718
f 808 807 828
f 828 807 806
f 828 806 805
f 795 794 828
f 828 794 793
f 793 792 828
f 828 792 791
f 828 791 790
f 810 809 827
f 827 809 808
f 827 808 788
f 788 808 828
f 788 828 789
f 789 828 790
f 805 804 828
f 828 804 803
f 828 803 802
f 799 798 828
f 802 801 828
f 828 801 800
f 828 800 799
f 798 797 828
f 828 797 796
f 828 796 795
f 711 718 712
f 712 718 829
f 720 830 831
f 720 831 717
f 717 831 829
f 717 829 718
f 832 712 829
f 829 833 832
f 832 833 834
f 832 834 835
f 835 836 832
f 832 836 837
f 832 837 838
f 832 839 840
f 840 841 832
f 832 841 842
f 832 842 843
f 843 844 832
f 832 844 845
f 832 845 712
f 846 847 848
f 848 847 849
f 848 849 850
f 851 852 848
f 848 852 853
f 853 854 848
f 848 854 855
f 848 855 856
f 838 857 832
f 832 857 846
f 832 846 839
f 839 846 848
f 839 848 858
f 858 848 856
f 850 859 848
f 848 859 860
f 848 860 861
f 862 863 848
f 861 864 848
f 848 864 865
f 848 865 862
f 863 866 848
f 848 866 867
f 848 867 851
f 868 869 870
f 870 869 871
f 870 871 872
f 871 873 872
f 872 873 874
f 872 874 875
f 874 876 875
f 875 876 877
f 875 877 878
f 878 877 879
f 878 879 880
f 879 881 880
f 880 881 882
f 880 882 883
f 883 882 884
f 883 884 885
f 885 884 886
f 885 886 887
f 887 886 888
f 887 888 889
f 889 888 890
f 889 890 891
f 891 890 892
f 892 890 893
f 892 893 894
f 713 712 845
f 870 895 868
f 868 895 896
f 868 896 897
f 897 896 898
f 897 898 899
f 899 898 900
f 899 900 901
f 901 900 902
f 901 902 903
f 903 902 904
f 903 904 905
f 905 904 906
f 905 906 907
f 907 906 908
f 907 908 909
f 909 908 910
f 909 910 911
f 911 910 912
f 911 912 913
f 913 912 715
f 913 715 713
f 713 845 913
f 913 845 844
f 913 844 911
f 911 844 843
f 911 843 909
f 909 843 842
f 909 842 907
f 907 842 841
f 907 841 905
f 905 841 840
f 905 840 903
f 903 840 839
f 903 839 901
f 901 839 858
f 901 858 899
f 899 858 856
f 899 856 897
f 897 856 855
f 897 855 868
f 868 855 854
f 868 854 869
f 869 854 853
f 869 853 871
f 871 853 852
f 871 852 873
f 873 852 851
f 873 851 874
f 874 851 867
f 874 867 876
f 876 867 866
f 876 866 877
f 877 866 863
f 877 863 879
f 879 863 862
f 879 862 881
f 881 862 865
f 881 865 882
f 882 865 864
f 882 864 884
f 884 864 861
f 884 861 886
f 886 861 860
f 886 860 888
f 888 860 859
f 888 859 890
f 890 859 850
f 890 850 893
f 893 850 849
f 893 849 914
f 914 849 847
f 914 847 915
f 915 847 846
f 915 846 916
f 916 846 857
f 916 857 917
f 917 857 838
f 917 838 918
f 918 838 837
f 918 837 919
f 919 837 836
f 919 836 920
f 920 836 835
f 920 835 921
f 921 835 834
f 921 834 922
f 922 834 833
f 922 833 923
f 923 833 829
f 923 829 831
f 894 893 924
f 924 893 914
f 924 914 925
f 925 914 915
f 925 915 926
f 926 915 916
f 926 916 927
f 927 916 917
f 927 917 928
f 928 917 918
f 928 918 929
f 929 918 919
f 929 919 930
f 930 919 920
f 930 920 931
f 931 920 921
f 931 921 932
f 932 921 922
f 932 922 933
f 933 922 923
f 933 923 934
f 934 923 831
f 934 831 830
f 935 936 937
f 935 937 938
f 938 937 939
f 938 939 940
f 941 942 943
f 944 941 945
f 944 945 946
f 946 945 947
f 946 947 948
f 948 947 949
f 948 949 950
f 950 949 951
f 950 951 952
f 952 951 953
f 952 953 954
f 954 953 955
f 954 955 956
f 956 955 957
f 956 957 958
f 958 957 959
f 958 959 960
f 960 959 961
f 960 961 962
f 962 961 963
f 962 963 964
f 964 963 965
f 965 963 966
f 965 966 967
f 967 966 968
f 967 968 969
f 969 968 970
f 969 970 971
f 971 970 972
f 971 972 973
f 973 972 974
f 973 974 975
f 975 974 976
f 976 974 977
f 976 977 978
f 978 977 979
f 978 979 980
f 980 979 981
f 980 981 982
f 982 981 983
f 983 981 984
f 983 984 985
f 985 984 986
f 985 986 987
f 987 986 988
f 987 988 989
f 989 988 990
f 989 990 991
f 991 990 992
f 991 992 993
f 941 943 945
f 945 943 994
f 945 994 947
f 947 994 995
f 947 995 949
f 949 995 996
f 949 996 951
f 951 996 997
f 951 997 953
f 953 997 998
f 953 998 955
f 955 998 999
f 955 999 957
f 957 999 1000
f 957 1000 959
f 959 1000 1001
f 959 1001 961
f 961 1001 1002
f 961 1002 963
f 963 1002 1003
f 963 1003 966
f 966 1003 1004
f 966 1004 968
f 968 1004 1005
f 968 1005 970
f 970 1005 1006
f 970 1006 972
f 972 1006 1007
f 972 1007 974
f 974 1007 1008
f 974 1008 977
f 977 1008 1009
f 977 1009 979
f 979 1009 1010
f 979 1010 981
f 981 1010 1011
f 981 1011 984
f 984 1011 1012
f 984 1012 986
f 986 1012 1013
f 986 1013 988
f 988 1013 1014
f 988 1014 990
f 990 1014 1015
f 990 1015 992
f 992 1015 1016
f 992 1016 1017
f 1017 1016 1018
f 1017 1018 1019
f 1019 1018 1020
f 1019 1020 1021
f 1021 1020 1022
f 1021 1022 1023
f 1023 1022 1024
f 1023 1024 1025
f 1025 1024 1026
f 1025 1026 1027
f 1027 1026 1028
f 1027 1028 1029
f 1029 1028 1030
f 1029 1030 1031
f 1031 1030 1032
f 1031 1032 1033
f 1033 1032 1034
f 1033 1034 1035
f 1035 1034 1036
f 1035 1036 1037
f 1037 1036 935
f 1037 935 938
f 993 992 1038
f 1038 992 1017
f 1038 1017 1039
f 1039 1017 1019
f 1039 1019 1040
f 1040 1019 1021
f 1040 1021 1041
f 1041 1021 1023
f 1041 1023 1042
f 1042 1023 1025
f 1042 1025 1043
f 1043 1025 1027
f 1043 1027 1044
f 1044 1027 1029
f 1044 1029 1045
f 1045 1029 1031
f 1045 1031 1046
f 1046 1031 1033
f 1046 1033 1047
f 1047 1033 1035
f 1047 1035 1048
f 1048 1035 1037
f 1048 1037 1049
f 1049 1037 938
f 1049 938 940
f 1050 942 935
f 935 1036 1050
f 1050 1036 1034
f 1050 1034 1032
f 1032 1030 1050
f 1050 1030 1028
f 1050 1028 1026
f 1050 999 998
f 998 997 1050
f 1050 997 996
f 1050 996 995
f 995 994 1050
f 1050 994 943
f 1050 943 942
f 1022 1020 1051
f 1051 1020 1018
f 1051 1018 1016
f 1006 1005 1051
f 1051 1005 1004
f 1004 1003 1051
f 1051 1003 1002
f 1051 1002 1001
f 1026 1024 1050
f 1050 1024 1022
f 1050 1022 999
f 999 1022 1051
f 999 1051 1000
f 1000 1051 1001
f 1016 1015 1051
f 1051 1015 1014
f 1051 1014 1013
f 1010 1009 1051
f 1013 1012 1051
f 1051 1012 1011
f 1051 1011 1010
f 1009 1008 1051
f 1051 1008 1007
f 1051 1007 1006
f 935 942 936
f 936 942 1052
f 1053 936 1052
f 1052 1054 1053
f 1053 1054 1055
f 1053 1055 1056
f 1056 1057 1053
f 1053 1057 1058
f 1053 1058 1059
f 1053 1060 1061
f 1061 1062 1053
f 1053 1062 1063
f 1053 1063 1064
f 1064 1065 1053
f 1053 1065 1066
f 1053 1066 936
f 1067 1068 1069
f 1069 1068 1070
f 1069 1070 1071
f 1072 1073 1069
f 1069 1073 1074
f 1074 1075 1069
f 1069 1075 1076
f 1069 1076 1077
f 1059 1078 1053
f 1053 1078 1067
f 1053 1067 1060
f 1060 1067 1069
f 1060 1069 1079
f 1079 1069 1077
f 1071 1080 1069
f 1069 1080 1081
f 1069 1081 1082
f 1083 1084 1069
f 1082 1085 1069
f 1069 1085 1086
f 1069 1086 1083
f 1084 1087 1069
f 1069 1087 1088
f 1069 1088 1072
f 1089 1090 1091
f 1091 1090 1092
f 1091 1092 1093
f 1092 1094 1093
f 1093 1094 1095
f 1093 1095 1096
f 1095 1097 1096
f 1096 1097 1098
f 1096 1098 1099
f 1099 1098 1100
f 1099 1100 1101
f 1100 1102 1101
f 1101 1102 1103
f 1101 1103 1104
f 1104 1103 1105
f 1104 1105 1106
f 1106 1105 1107
f 1106 1107 1108
f 1108 1107 1109
f 1108 1109 1110
f 1110 1109 1111
f 1110 1111 1112
f 1112 1111 1113
f 1113 1111 1114
f 1113 1114 1115
f 937 936 1066
f 1091 1116 1089
f 1089 1116 1117
f 1089 1117 1118
f 1118 1117 1119
f 1118 1119 1120
f 1120 1119 1121
f 1120 1121 1122
f 1122 1121 1123
f 1122 1123 1124
f 1124 1123 1125
f 1124 1125 1126
f 1126 1125 1127
f 1126 1127 1128
f 1128 1127 1129
f 1128 1129 1130
f 1130 1129 1131
f 1130 1131 1132
f 1132 1131 1133
f 1132 1133 1134
f 1134 1133 939
f 1134 939 937
f 937 1066 1134
f 1134 1066 1065
f 1134 1065 1132
f 1132 1065 1064
f 1132 1064 1130
f 1130 1064 1063
f 1130 1063 1128
f 1128 1063 1062
f 1128 1062 1126
f 1126 1062 1061
f 1126 1061 1124
f 1124 1061 1060
f 1124 1060 1122
f 1122 1060 1079
f 1122 1079 1120
f 1120 1079 1077
f 1120 1077 1118
f 1118 1077 1076
f 1118 1076 1089
f 1089 1076 1075
f 1089 1075 1090
f 1090 1075 1074
f 1090 1074 1092
f 1092 1074 1073
f 1092 1073 1094
f 1094 1073 1072
f 1094 1072 1095
f 1095 1072 1088
f 1095 1088 1097
f 1097 1088 1087
f 1097 1087 1098
f 1098 1087 1084
f 1098 1084 1100
f 1100 1084 1083
f 1100 1083 1102
f 1102 1083 1086
f 1102 1086 1103
f 1103 1086 1085
f 1103 1085 1105
f 1105 1085 1082
f 1105 1082 1107
f 1107 1082 1081
f 1107 1081 1109
f 1109 1081 1080
f 1109 1080 1111
f 1111 1080 1071
f 1111 1071 1114
f 1114 1071 1070
f 1114 1070 1135
f 1135 1070 1068
f 1135 1068 1136
f 1136 1068 1067
f 1136 1067 1137
f 1137 1067 1078
f 1137 1078 1138
f 1138 1078 1059
f 1138 1059 1139
f 1139 1059 1058
f 1139 1058 1140
f 1140 1058 1057
f 1140 1057 1141
f 1141 1057 1056
f 1141 1056 1142
f 1142 1056 1055
f 1142 1055 1143
f 1143 1055 1054
f 1143 1054 1144
f 1144 1054 1052
f 1144 1052 1145
f 1115 1114 1146
f 1146 1114 1135
f 1146 1135 1147
f 1147 1135 1136
f 1147 1136 1148
f 1148 1136 1137
f 1148 1137 1149
f 1149 1137 1138
f 1149 1138 1150
f 1150 1138 1139
f 1150 1139 1151
f 1151 1139 1140
f 1151 1140 1152
f 1152 1140 1141
f 1152 1141 1153
f 1153 1141 1142
f 1153 1142 1154
f 1154 1142 1143
f 1154 1143 1155
f 1155 1143 1144
f 1155 1144 1156
f 1156 1144 1145
f 1156 1145 1157
f 944 1157 1145
f 944 1145 941
f 941 1145 1052
f 941 1052 942
f 1158 1159 1160
f 1158 1160 1161
f 1161 1160 1162
f 1161 1162 1163
f 1164 1165 1158
f 1158 1166 1164
f 1164 1166 1167
f 1164 1167 1168
f 1168 1169 1164
f 1164 1169 1170
f 1164 1170 1171
f 1164 1172 1173
f 1173 1174 1164
f 1164 1174 1175
f 1164 1175 1176
f 1176 1177 1164
f 1164 1177 1178
f 1164 1178 1165
f 1179 1180 1181
f 1181 1180 1182
f 1181 1182 1183
f 1184 1185 1181
f 1181 1185 1186
f 1186 1187 1181
f 1181 1187 1188
f 1181 1188 1189
f 1171 1190 1164
f 1164 1190 1179
f 1164 1179 1172
f 1172 1179 1181
f 1172 1181 1191
f 1191 1181 1189
f 1183 1192 1181
f 1181 1192 1193
f 1181 1193 1194
f 1195 1196 1181
f 1194 1197 1181
f 1181 1197 1198
f 1181 1198 1195
f 1196 1199 1181
f 1181 1199 1200
f 1181 1200 1184
f 1201 1159 1202
f 1202 1203 1201
f 1201 1203 1204
f 1201 1204 1205
f 1205 1206 1201
f 1201 1206 1207
f 1201 1207 1208
f 1201 1209 1210
f 1210 1211 1201
f 1201 1211 1212
f 1201 1212 1213
f 1213 1214 1201
f 1201 1214 1215
f 1201 1215 1159
f 1216 1217 1218
f 1218 1217 1219
f 1218 1219 1220
f 1221 1222 1218
f 1218 1222 1223
f 1223 1224 1218
f 1218 1224 1225
f 1218 1225 1226
f 1208 1227 1201
f 1201 1227 1216
f 1201 1216 1209
f 1209 1216 1218
f 1209 1218 1228
f 1228 1218 1226
f 1220 1229 1218
f 1218 1229 1230
f 1218 1230 1231
f 1232 1233 1218
f 1231 1234 1218
f 1218 1234 1235
f 1218 1235 1232
f 1233 1236 1218
f 1218 1236 1237
f 1218 1237 1221
f 1158 1165 1159
f 1159 1165 1202
f 1238 1165 1178
f 1239 1238 1240
f 1239 1240 1241
f 1241 1240 1242
f 1241 1242 1243
f 1243 1242 1244
f 1243 1244 1245
f 1245 1244 1246
f 1245 1246 1247
f 1247 1246 1248
f 1247 1248 1249
f 1249 1248 1250
f 1250 1248 1251
f 1250 1251 1252
f 1252 1251 1253
f 1252 1253 1254
f 1254 1253 1255
f 1254 1255 1256
f 1256 1255 1257
f 1256 1257 1258
f 1258 1257 1259
f 1258 1259 1260
f 1260 1259 1261
f 1260 1261 1262
f 1262 1261 1263
f 1262 1263 1264
f 1264 1263 1265
f 1265 1263 1266
f 1265 1266 1267
f 1267 1266 1268
f 1267 1268 1269
f 1269 1268 1270
f 1269 1270 1271
f 1271 1270 1272
f 1271 1272 1273
f 1273 1272 1274
f 1274 1272 1275
f 1274 1275 1276
f 1276 1275 1277
f 1276 1277 1278
f 1278 1277 1279
f 1278 1279 1280
f 1280 1279 1281
f 1280 1281 1282
f 1282 1281 1283
f 1283 1281 1284
f 1283 1284 1285
f 1285 1284 1286
f 1285 1286 1287
f 1287 1286 1288
f 1287 1288 1289
f 1289 1288 1290
f 1289 1290 1291
f 1291 1290 1292
f 1291 1292 1293
f 1238 1178 1240
f 1240 1178 1177
f 1240 1177 1242
f 1242 1177 1176
f 1242 1176 1244
f 1244 1176 1175
f 1244 1175 1246
f 1246 1175 1174
f 1246 1174 1248
f 1248 1174 1173
f 1248 1173 1251
f 1251 1173 1172
f 1251 1172 1253
f 1253 1172 1191
f 1253 1191 1255
f 1255 1191 1189
f 1255 1189 1257
f 1257 1189 1188
f 1257 1188 1259
f 1259 1188 1187
f 1259 1187 1261
f 1261 1187 1186
f 1261 1186 1263
f 1263 1186 1185
f 1263 1185 1266
f 1266 1185 1184
f 1266 1184 1268
f 1268 1184 1200
f 1268 1200 1270
f 1270 1200 1199
f 1270 1199 1272
f 1272 1199 1196
f 1272 1196 1275
f 1275 1196 1195
f 1275 1195 1277
f 1277 1195 1198
f 1277 1198 1279
f 1279 1198 1197
f 1279 1197 1281
f 1281 1197 1194
f 1281 1194 1284
f 1284 1194 1193
f 1284 1193 1286
f 1286 1193 1192
f 1286 1192 1288
f 1288 1192 1183
f 1288 1183 1290
f 1290 1183 1182
f 1290 1182 1292
f 1292 1182 1180
f 1292 1180 1294
f 1294 1180 1179
f 1294 1179 1295
f 1295 1179 1190
f 1295 1190 1296
f 1296 1190 1171
f 1296 1171 1297
f 1297 1171 1170
f 1297 1170 1298
f 1298 1170 1169
f 1298 1169 1299
f 1299 1169 1168
f 1299 1168 1300
f 1300 1168 1167
f 1300 1167 1301
f 1301 1167 1166
f 1301 1166 1302
f 1302 1166 1158
f 1302 1158 1161
f 1293 1292 1303
f 1303 1292 1294
f 1303 1294 1304
f 1304 1294 1295
f 1304 1295 1305
f 1305 1295 1296
f 1305 1296 1306
f 1306 1296 1297
f 1306 1297 1307
f 1307 1297 1298
f 1307 1298 1308
f 1308 1298 1299
f 1308 1299 1309
f 1309 1299 1300
f 1309 1300 1310
f 1310 1300 1301
f 1310 1301 1311
f 1311 1301 1302
f 1311 1302 1312
f 1312 1302 1161
f 1312 1161 1163
f 1239 1313 1314
f 1239 1314 1238
f 1238 1314 1202
f 1238 1202 1165
f 1315 1316 1317
f 1317 1316 1318
f 1317 1318 1319
f 1318 1320 1319
f 1319 1320 1321
f 1319 1321 1322
f 1321 1323 1322
f 1322 1323 1324
f 1322 1324 1325
f 1325 1324 1326
f 1325 1326 1327
f 1326 1328 1327
f 1327 1328 1329
f 1327 1329 1330
f 1330 1329 1331
f 1330 1331 1332
f 1332 1331 1333
f 1332 1333 1334
f 1334 1333 1335
f 1334 1335 1336
f 1336 1335 1337
f 1336 1337 1338
f 1338 1337 1339
f 1339 1337 1340
f 1339 1340 1341
f 1160 1159 1215
f 1317 1342 1315
f 1315 1342 1343
f 1315 1343 1344
f 1344 1343 1345
f 1344 1345 1346
f 1346 1345 1347
f 1346 1347 1348
f 1348 1347 1349
f 1348 1349 1350
f 1350 1349 1351
f 1350 1351 1352
f 1352 1351 1353
f 1352 1353 1354
f 1354 1353 1355
f 1354 1355 1356
f 1356 1355 1357
f 1356 1357 1358
f 1358 1357 1359
f 1358 1359 1360
f 1360 1359 1162
f 1360 1162 1160
f 1160 1215 1360
f 1360 1215 1214
f 1360 1214 1358
f 1358 1214 1213
f 1358 1213 1356
f 1356 1213 1212
f 1356 1212 1354
f 1354 1212 1211
f 1354 1211 1352
f 1352 1211 1210
f 1352 1210 1350
f 1350 1210 1209
f 1350 1209 1348
f 1348 1209 1228
f 1348 1228 1346
f 1346 1228 1226
f 1346 1226 1344
f 1344 1226 1225
f 1344 1225 1315
f 1315 1225 1224
f 1315 1224 1316
f 1316 1224 1223
f 1316 1223 1318
f 1318 1223 1222
f 1318 1222 1320
f 1320 1222 1221
f 1320 1221 1321
f 1321 1221 1237
f 1321 1237 1323
f 1323 1237 1236
f 1323 1236 1324
f 1324 1236 1233
f 1324 1233 1326
f 1326 1233 1232
f 1326 1232 1328
f 1328 1232 1235
f 1328 1235 1329
f 1329 1235 1234
f 1329 1234 1331
f 1331 1234 1231
f 1331 1231 1333
f 1333 1231 1230
f 1333 1230 1335
f 1335 1230 1229
f 1335 1229 1337
f 1337 1229 1220
f 1337 1220 1340
f 1340 1220 1219
f 1340 1219 1361
f 1361 1219 1217
f 1361 1217 1362
f 1362 1217 1216
f 1362 1216 1363
f 1363 1216 1227
f 1363 1227 1364
f 1364 1227 1208
f 1364 1208 1365
f 1365 1208 1207
f 1365 1207 1366
f 1366 1207 1206
f 1366 1206 1367
f 1367 1206 1205
f 1367 1205 1368
f 1368 1205 1204
f 1368 1204 1369
f 1369 1204 1203
f 1369 1203 1370
f 1370 1203 1202
f 1370 1202 1314
f 1341 1340 1371
f 1371 1340 1361
f 1371 1361 1372
f 1372 1361 1362
f 1372 1362 1373
f 1373 1362 1363
f 1373 1363 1374
f 1374 1363 1364
f 1374 1364 1375
f 1375 1364 1365
f 1375 1365 1376
f 1376 1365 1366
f 1376 1366 1377
f 1377 1366 1367
f 1377 1367 1378
f 1378 1367 1368
f 1378 1368 1379
f 1379 1368 1369
f 1379 1369 1380
f 1380 1369 1370
f 1380 1370 1381
f 1381 1370 1314
f 1381 1314 1313
f 710 642 1382
f 642 496 1382
f 1382 496 20
f 1382 20 1383
f 1383 20 1384
f 496 498 20
f 20 498 500
f 20 500 502
f 1385 1386 706
f 706 707 1385
f 1385 707 708
f 1385 708 1382
f 1382 708 709
f 1382 709 710
f 904 1387 906
f 906 1387 1388
f 906 1388 908
f 908 1388 1384
f 908 1384 910
f 823 824 20
f 20 824 825
f 20 825 826
f 826 716 20
f 20 716 715
f 20 715 1384
f 1384 715 912
f 1384 912 910
f 904 902 1387
f 1387 902 900
f 1387 900 898
f 898 896 1387
f 1387 896 895
f 1387 895 870
f 772 774 25
f 774 776 25
f 25 776 778
f 25 778 780
f 780 782 25
f 25 782 821
f 25 821 20
f 20 821 822
f 20 822 823
f 757 759 23
f 23 759 761
f 23 761 24
f 24 761 763
f 24 763 765
f 765 767 24
f 24 767 768
f 24 768 25
f 25 768 770
f 25 770 772
f 28 748 750
f 750 752 28
f 28 752 754
f 28 754 23
f 23 754 756
f 23 756 757
f 739 741 27
f 741 743 27
f 27 743 745
f 27 745 28
f 28 745 747
f 28 747 748
f 1389 1390 926
f 926 927 1389
f 1389 927 928
f 1389 928 929
f 929 930 1389
f 1389 930 931
f 1389 931 932
f 932 933 1389
f 1389 933 934
f 1389 934 830
f 830 720 26
f 720 722 26
f 26 722 724
f 26 724 726
f 726 728 26
f 26 728 730
f 26 730 732
f 732 734 26
f 26 734 736
f 26 736 27
f 27 736 737
f 27 737 739
f 894 924 1390
f 1390 924 925
f 1390 925 926
f 1133 1131 1391
f 30 1039 31
f 31 1039 1040
f 31 1040 1041
f 1041 1042 31
f 31 1042 1043
f 31 1043 1044
f 1044 1045 31
f 31 1045 1046
f 31 1046 1047
f 1133 1391 939
f 1047 1048 31
f 31 1048 1049
f 31 1049 940
f 1131 1129 1391
f 1391 1129 1127
f 1391 1127 1125
f 1125 1123 1391
f 1391 1123 1121
f 1391 1121 1119
f 1119 1117 1391
f 1391 1117 1116
f 1391 1116 1091
f 991 993 30
f 30 993 1038
f 30 1038 1039
f 983 985 29
f 29 985 987
f 29 987 30
f 30 987 989
f 30 989 991
f 976 978 34
f 34 978 980
f 34 980 29
f 29 980 982
f 29 982 983
f 967 969 33
f 969 971 33
f 33 971 973
f 33 973 34
f 34 973 975
f 34 975 976
f 946 948 32
f 1148 1149 1392
f 1115 1146 1392
f 1392 1146 1147
f 1392 1147 1148
f 1149 1150 1392
f 1392 1150 1151
f 1392 1151 1152
f 1152 1153 1392
f 1392 1153 1154
f 1392 1154 1155
f 946 32 944
f 1155 1156 1392
f 1392 1156 1157
f 1392 1157 944
f 948 950 32
f 32 950 952
f 32 952 954
f 954 956 32
f 32 956 958
f 32 958 960
f 960 962 32
f 32 962 964
f 32 964 33
f 33 964 965
f 33 965 967
f 1317 1393 1342
f 1342 1393 1343
f 1359 1357 1394
f 1307 37 1306
f 1306 37 1305
f 1307 1308 37
f 37 1308 1309
f 37 1309 1310
f 1359 1394 1162
f 1310 1311 37
f 37 1311 1312
f 37 1312 1163
f 1357 1355 1394
f 1394 1355 1353
f 1394 1353 1351
f 1351 1349 1394
f 1394 1349 1347
f 1394 1347 1393
f 1393 1347 1345
f 1393 1345 1343
f 1289 1291 36
f 1289 36 1287
f 1291 1293 36
f 36 1293 1303
f 36 1303 37
f 37 1303 1304
f 37 1304 1305
f 1278 1280 35
f 1278 35 1276
f 1276 35 39
f 1276 39 1274
f 1280 1282 35
f 35 1282 1283
f 35 1283 36
f 36 1283 1285
f 36 1285 1287
f 38 1265 1267
f 1267 1269 38
f 38 1269 1271
f 38 1271 39
f 39 1271 1273
f 39 1273 1274
f 1252 1254 2
f 2 1254 1256
f 2 1256 1258
f 1258 1260 2
f 2 1260 1262
f 2 1262 38
f 38 1262 1264
f 38 1264 1265
f 1379 1380 1395
f 1396 1377 1395
f 1395 1377 1378
f 1395 1378 1379
f 1380 1381 1395
f 1395 1381 1313
f 1395 1313 1
f 1 1313 1239
f 1239 1241 1
f 1 1241 1243
f 1 1243 1245
f 1245 1247 1
f 1 1247 1249
f 1 1249 2
f 2 1249 1250
f 2 1250 1252
f 1373 1374 1396
f 1341 1371 1396
f 1396 1371 1372
f 1396 1372 1373
f 1374 1375 1396
f 1396 1375 1376
f 1396 1376 1377
f 77 75 1397
f 1397 75 73
f 73 71 1397
f 1397 71 70
f 1397 70 42
f 87 85 1395
f 261 262 1
f 261 1 260
f 262 263 1
f 1 263 190
f 1 190 1395
f 1395 190 89
f 1395 89 87
f 85 83 1395
f 1395 83 81
f 1395 81 1397
f 1397 81 79
f 1397 79 77
f 242 244 4
f 244 246 4
f 4 246 248
f 4 248 250
f 250 252 4
f 4 252 258
f 4 258 1
f 1 258 259
f 1 259 260
f 227 229 6
f 6 229 231
f 6 231 7
f 7 231 233
f 7 233 235
f 235 237 7
f 7 237 238
f 7 238 4
f 4 238 240
f 4 240 242
f 5 218 220
f 220 222 5
f 5 222 224
f 5 224 6
f 6 224 226
f 6 226 227
f 209 211 10
f 211 213 10
f 10 213 215
f 10 215 5
f 5 215 217
f 5 217 218
f 1398 1399 137
f 137 138 1398
f 1398 138 139
f 1398 139 140
f 140 141 1398
f 1398 141 142
f 1398 142 143
f 143 144 1398
f 1398 144 145
f 1398 145 146
f 146 147 9
f 147 192 9
f 9 192 194
f 9 194 196
f 196 198 9
f 9 198 200
f 9 200 202
f 202 204 9
f 9 204 206
f 9 206 10
f 10 206 207
f 10 207 209
f 66 135 1399
f 1399 135 136
f 1399 136 137
f 426 424 1400
f 13 368 8
f 8 368 369
f 8 369 370
f 370 371 8
f 8 371 372
f 8 372 373
f 373 374 8
f 8 374 375
f 8 375 376
f 426 1400 268
f 376 377 8
f 8 377 378
f 8 378 269
f 424 422 1400
f 1400 422 420
f 1400 420 418
f 418 416 1400
f 1400 416 414
f 1400 414 412
f 412 410 1400
f 1400 410 409
f 1400 409 383
f 320 322 13
f 13 322 367
f 13 367 368
f 312 314 12
f 12 314 316
f 12 316 13
f 13 316 318
f 13 318 320
f 305 307 11
f 11 307 309
f 11 309 12
f 12 309 311
f 12 311 312
f 296 298 16
f 298 300 16
f 16 300 302
f 16 302 11
f 11 302 304
f 11 304 305
f 275 277 15
f 475 476 1401
f 407 473 1401
f 1401 473 474
f 1401 474 475
f 476 477 1401
f 1401 477 478
f 1401 478 479
f 479 480 1401
f 1401 480 481
f 1401 481 482
f 275 15 273
f 482 483 1401
f 1401 483 484
f 1401 484 273
f 277 279 15
f 15 279 281
f 15 281 283
f 283 285 15
f 15 285 287
f 15 287 289
f 289 291 15
f 15 291 293
f 15 293 16
f 16 293 294
f 16 294 296
f 646 1402 671
f 671 1402 672
f 688 686 1403
f 597 14 596
f 596 14 595
f 597 598 14
f 14 598 599
f 14 599 600
f 688 1403 491
f 600 601 14
f 14 601 602
f 14 602 492
f 686 684 1403
f 1403 684 682
f 1403 682 680
f 680 678 1403
f 1403 678 676
f 1403 676 1402
f 1402 676 674
f 1402 674 672
f 546 548 19
f 546 19 544
f 548 550 19
f 19 550 593
f 19 593 14
f 14 593 594
f 14 594 595
f 535 537 18
f 535 18 533
f 533 18 17
f 533 17 531
f 537 539 18
f 18 539 540
f 18 540 19
f 19 540 542
f 19 542 544
f 22 522 524
f 524 526 22
f 22 526 528
f 22 528 17
f 17 528 530
f 17 530 531
f 502 504 20
f 20 504 506
f 20 506 21
f 21 506 507
f 21 507 509
f 509 511 21
f 21 511 513
f 21 513 515
f 515 517 21
f 21 517 519
f 21 519 22
f 22 519 521
f 22 521 522
f 702 703 1386
f 670 700 1386
f 1386 700 701
f 1386 701 702
f 703 704 1386
f 1386 704 705
f 1386 705 706
f 944 32 1392
f 1392 32 37
f 1392 37 1394
f 1394 37 1163
f 1394 1163 1162
f 830 26 1389
f 1389 26 31
f 1389 31 1391
f 1391 31 940
f 1391 940 939
f 273 15 1401
f 1401 15 14
f 1401 14 1403
f 1403 14 492
f 1403 492 491
f 146 9 1398
f 1398 9 8
f 1398 8 1400
f 1400 8 269
f 1400 269 268
f 1404 1405 1406
f 1406 1405 1407
f 1408 1409 1407
f 1407 1409 1410
f 1407 1410 1406
f 1411 1412 1408
f 1408 1412 1413
f 1408 1413 1409
f 1414 1415 1411
f 1411 1415 1416
f 1411 1416 1412
f 1417 1418 1414
f 1414 1418 1419
f 1414 1419 1415
f 1420 1421 1417
f 1417 1421 1422
f 1417 1422 1418
f 1423 1424 1420
f 1420 1424 1425
f 1420 1425 1421
f 1426 1427 1423
f 1423 1427 1428
f 1423 1428 1424
f 1429 1430 1426
f 1426 1430 1431
f 1426 1431 1427
f 1432 1433 1429
f 1429 1433 1434
f 1429 1434 1430
f 1435 1436 1432
f 1432 1436 1437
f 1432 1437 1433
f 1438 1439 1435
f 1435 1439 1440
f 1435 1440 1436
f 1441 1442 1438
f 1438 1442 1443
f 1438 1443 1439
f 1444 1445 1441
f 1441 1445 1446
f 1441 1446 1442
f 1447 1448 1444
f 1444 1448 1449
f 1444 1449 1445
f 1450 1451 1447
f 1447 1451 1452
f 1447 1452 1448
f 1453 1454 1450
f 1450 1454 1455
f 1450 1455 1451
f 1456 1457 1458
f 1458 1457 1459
f 1458 1459 1453
f 1453 1459 1460
f 1453 1460 1454
f 1461 1462 1463
f 1459 1457 1464
f 1464 1457 1465
f 1464 1465 1466
f 1466 1465 1467
f 1467 1465 1463
f 1463 1465 1468
f 1463 1468 1461
f 1469 1461 1468
f 1469 1468 1470
f 1470 1468 1465
f 1470 1465 1471
f 1471 1465 1457
f 1471 1457 1472
f 1472 1457 1473
f 1473 1457 1456
f 1473 1456 1474
f 1475 1476 1461
f 1461 1476 1462
f 1477 1404 1406
f 1460 1459 1464
f 1478 1479 1477
f 1477 1406 1478
f 1478 1406 1410
f 1478 1410 1480
f 1410 1409 1480
f 1480 1409 1413
f 1480 1413 1481
f 1413 1412 1481
f 1481 1412 1416
f 1481 1416 1482
f 1416 1415 1482
f 1482 1415 1419
f 1482 1419 1483
f 1419 1418 1483
f 1483 1418 1422
f 1483 1422 1484
f 1422 1421 1484
f 1484 1421 1425
f 1484 1425 1485
f 1425 1424 1485
f 1485 1424 1428
f 1485 1428 1486
f 1428 1427 1486
f 1486 1427 1431
f 1486 1431 1487
f 1431 1430 1487
f 1487 1430 1434
f 1487 1434 1488
f 1434 1433 1488
f 1488 1433 1437
f 1488 1437 1489
f 1437 1436 1489
f 1489 1436 1440
f 1489 1440 1490
f 1440 1439 1490
f 1490 1439 1443
f 1490 1443 1491
f 1443 1442 1491
f 1491 1442 1446
f 1491 1446 1492
f 1446 1445 1492
f 1492 1445 1449
f 1492 1449 1493
f 1449 1448 1493
f 1493 1448 1452
f 1493 1452 1494
f 1464 1466 1460
f 1460 1466 1467
f 1460 1467 1454
f 1454 1467 1495
f 1454 1495 1455
f 1455 1495 1494
f 1455 1494 1451
f 1451 1494 1452
f 1476 1496 1462
f 1462 1496 1495
f 1462 1495 1463
f 1463 1495 1467
f 1497 1498 1480
f 1480 1498 1499
f 1496 1500 1495
f 1495 1500 1501
f 1495 1501 1494
f 1494 1501 1502
f 1494 1502 1493
f 1493 1502 1503
f 1493 1503 1492
f 1504 1505 1506
f 1506 1505 1507
f 1508 1509 1510
f 1510 1509 1479
f 1510 1479 1511
f 1511 1479 1478
f 1511 1478 1512
f 1512 1478 1480
f 1512 1480 1513
f 1513 1480 1499
f 1513 1499 1514
f 1515 1516 1496
f 1496 1516 1517
f 1496 1517 1500
f 1503 1518 1492
f 1492 1518 1519
f 1492 1519 1491
f 1491 1519 1520
f 1507 1505 1520
f 1520 1505 1521
f 1520 1521 1522
f 1522 1523 1520
f 1520 1523 1490
f 1520 1490 1491
f 1524 1525 1526
f 1526 1525 1527
f 1526 1527 1528
f 1480 1481 1497
f 1497 1481 1529
f 1497 1529 1530
f 1530 1529 1531
f 1530 1531 1532
f 1533 1534 1481
f 1481 1534 1535
f 1481 1535 1529
f 1524 1533 1525
f 1525 1533 1481
f 1525 1481 1536
f 1536 1481 1482
f 1536 1482 1537
f 1537 1482 1483
f 1537 1483 1538
f 1538 1483 1484
f 1538 1484 1539
f 1539 1484 1485
f 1539 1485 1540
f 1540 1485 1486
f 1540 1486 1541
f 1541 1486 1487
f 1541 1487 1542
f 1542 1487 1488
f 1542 1488 1543
f 1543 1488 1489
f 1543 1489 1544
f 1544 1489 1490
f 1544 1490 1545
f 1545 1490 1523
f 1546 1515 1547
f 1547 1515 1496
f 1461 1469 1475
f 1475 1469 1548
f 1549 1546 1550
f 1550 1546 1547
f 1551 1552 1517
f 1515 1546 1553
f 1517 1552 1500
f 1500 1552 1554
f 1500 1554 1501
f 1501 1554 1555
f 1501 1555 1502
f 1502 1555 1556
f 1502 1556 1503
f 1503 1556 1557
f 1503 1557 1518
f 1518 1557 1558
f 1518 1558 1519
f 1519 1558 1559
f 1519 1559 1520
f 1520 1559 1560
f 1520 1560 1507
f 1507 1560 1561
f 1507 1561 1506
f 1506 1561 1562
f 1506 1562 1504
f 1504 1562 1563
f 1504 1563 1564
f 1517 1516 1551
f 1551 1516 1515
f 1551 1515 1565
f 1565 1515 1553
f 1565 1553 1566
f 1566 1553 1567
f 1566 1567 1568
f 1568 1567 1569
f 1568 1569 1563
f 1563 1569 1570
f 1563 1570 1564
f 1571 1505 1564
f 1564 1505 1504
f 1561 1560 1572
f 1572 1560 1559
f 1572 1559 1558
f 1568 1563 1572
f 1572 1563 1562
f 1572 1562 1561
f 1551 1565 1572
f 1572 1565 1566
f 1572 1566 1568
f 1555 1554 1572
f 1572 1554 1552
f 1572 1552 1551
f 1558 1557 1572
f 1572 1557 1556
f 1572 1556 1555
f 1505 1571 1573
f 1505 1573 1521
f 1521 1573 1574
f 1521 1574 1522
f 1404 1477 1405
f 1405 1477 1575
f 1576 1577 1578
f 1578 1577 1579
f 1580 1581 1582
f 1582 1581 1583
f 1584 1585 1581
f 1581 1585 1586
f 1581 1586 1583
f 1576 1578 1587
f 1587 1578 1588
f 1587 1588 1589
f 1589 1588 1590
f 1590 1588 1591
f 1590 1591 1592
f 1592 1591 1593
f 1593 1591 1594
f 1593 1594 1595
f 1595 1594 1596
f 1596 1594 1597
f 1596 1597 1598
f 1598 1597 1599
f 1599 1597 1600
f 1599 1600 1601
f 1601 1600 1602
f 1602 1600 1603
f 1602 1603 1604
f 1604 1603 1605
f 1605 1603 1606
f 1605 1606 1607
f 1607 1606 1608
f 1608 1606 1609
f 1608 1609 1610
f 1610 1609 1611
f 1611 1609 1612
f 1611 1612 1613
f 1613 1612 1614
f 1614 1612 1615
f 1614 1615 1616
f 1616 1615 1617
f 1617 1615 1618
f 1617 1618 1619
f 1619 1618 1620
f 1620 1618 1621
f 1620 1621 1622
f 1622 1621 1623
f 1623 1621 1624
f 1623 1624 1625
f 1625 1624 1626
f 1626 1624 1627
f 1626 1627 1628
f 1628 1627 1629
f 1629 1627 1630
f 1629 1630 1631
f 1631 1630 1632
f 1632 1630 1580
f 1632 1580 1633
f 1633 1580 1582
f 1633 1582 1634
f 1635 1636 1576
f 1576 1587 1635
f 1635 1587 1589
f 1635 1589 1637
f 1589 1590 1637
f 1637 1590 1592
f 1637 1592 1638
f 1592 1593 1638
f 1638 1593 1595
f 1638 1595 1639
f 1595 1596 1639
f 1639 1596 1598
f 1639 1598 1640
f 1598 1599 1640
f 1640 1599 1601
f 1640 1601 1641
f 1601 1602 1641
f 1641 1602 1604
f 1641 1604 1642
f 1604 1605 1642
f 1642 1605 1607
f 1642 1607 1643
f 1607 1608 1643
f 1643 1608 1610
f 1643 1610 1644
f 1610 1611 1644
f 1644 1611 1613
f 1644 1613 1645
f 1613 1614 1645
f 1645 1614 1616
f 1645 1616 1646
f 1616 1617 1646
f 1646 1617 1619
f 1646 1619 1647
f 1619 1620 1647
f 1647 1620 1622
f 1647 1622 1648
f 1622 1623 1648
f 1648 1623 1625
f 1648 1625 1649
f 1625 1626 1649
f 1649 1626 1628
f 1649 1628 1650
f 1628 1629 1650
f 1650 1629 1631
f 1650 1631 1651
f 1634 1652 1633
f 1633 1652 1651
f 1633 1651 1632
f 1632 1651 1631
f 1652 1634 1653
f 1652 1653 1654
f 1654 1653 1655
f 1654 1655 1656
f 1657 1658 1655
f 1655 1658 1656
f 1658 1657 1659
f 1658 1659 1660
f 1660 1659 1661
f 1660 1661 1662
f 1663 1664 1661
f 1661 1664 1662
f 1663 1661 1665
f 1665 1661 1666
f 1665 1666 1667
f 1668 1669 1670
f 1670 1669 1671
f 1670 1671 1672
f 1668 1585 1669
f 1669 1585 1584
f 1668 1670 1673
f 1674 1675 1586
f 1586 1675 1583
f 1583 1675 1676
f 1583 1676 1582
f 1674 1586 1673
f 1673 1586 1585
f 1673 1585 1668
f 1670 1672 1677
f 1677 1678 1670
f 1670 1678 1679
f 1670 1679 1673
f 1673 1679 1680
f 1673 1680 1674
f 1681 1666 1659
f 1659 1666 1661
f 1679 1678 1682
f 1681 1659 1682
f 1682 1659 1657
f 1682 1657 1679
f 1655 1680 1657
f 1657 1680 1679
f 1680 1655 1674
f 1674 1655 1653
f 1674 1653 1675
f 1675 1653 1676
f 1676 1653 1634
f 1676 1634 1582
f 1683 1684 1685
f 1685 1684 1686
f 1685 1686 1687
f 1687 1686 1688
f 1687 1688 1689
f 1689 1688 1690
f 1690 1688 1691
f 1690 1691 1692
f 1692 1691 1693
f 1693 1691 1694
f 1693 1694 1695
f 1695 1694 1696
f 1695 1696 1697
f 1697 1698 1695
f 1695 1698 1699
f 1700 1683 1701
f 1701 1683 1685
f 1701 1685 1702
f 1702 1685 1687
f 1702 1687 1703
f 1703 1687 1689
f 1703 1689 1704
f 1704 1689 1690
f 1704 1690 1705
f 1705 1690 1692
f 1705 1692 1699
f 1699 1692 1693
f 1699 1693 1695
f 1683 1700 1706
f 1706 1700 1707
f 1708 1709 1710
f 1710 1709 1711
f 1710 1711 1712
f 1712 1711 1713
f 1712 1713 1714
f 1714 1713 1715
f 1714 1715 1716
f 1716 1715 1717
f 1716 1717 1718
f 1718 1717 1719
f 1718 1719 1720
f 1720 1719 1721
f 1720 1721 1722
f 1722 1721 1723
f 1722 1723 1707
f 1707 1723 1706
f 1709 1708 1724
f 1709 1724 1725
f 1725 1724 1726
f 1725 1726 1727
f 1726 1728 1727
f 1727 1728 1729
f 1727 1729 1730
f 1729 1731 1730
f 1730 1731 1732
f 1730 1732 1733
f 1733 1732 1734
f 1734 1735 1733
f 1733 1735 1736
f 1733 1736 1737
f 1736 1738 1737
f 1737 1738 1739
f 1737 1739 1740
f 1739 1741 1740
f 1740 1741 1742
f 1740 1742 1743
f 1743 1742 1744
f 1743 1744 1745
f 1745 1744 1746
f 1745 1746 1747
f 1748 1745 1747
f 1747 1749 1748
f 1748 1749 1750
f 1748 1750 1751
f 1751 1750 1752
f 1751 1752 1753
f 1753 1752 1754
f 1753 1754 1755
f 1755 1754 1756
f 1755 1756 1757
f 1757 1756 1758
f 1757 1758 1759
f 1759 1758 1760
f 1759 1760 1761
f 1761 1760 1762
f 1763 1764 1762
f 1762 1764 1761
f 1765 1766 1767
f 1765 1767 1768
f 1768 1767 1769
f 1768 1769 1770
f 1769 1771 1770
f 1770 1771 1772
f 1770 1772 1773
f 1772 1774 1773
f 1773 1774 1775
f 1773 1775 1776
f 1776 1775 1777
f 1777 1778 1776
f 1776 1778 1779
f 1776 1779 1780
f 1779 1781 1780
f 1780 1781 1782
f 1780 1782 1783
f 1782 1784 1783
f 1783 1784 1785
f 1783 1785 1786
f 1786 1785 1787
f 1786 1787 1697
f 1697 1787 1788
f 1697 1788 1698
f 1766 1765 1789
f 1789 1765 1790
f 1789 1790 1791
f 1791 1790 1792
f 1791 1792 1793
f 1793 1792 1794
f 1793 1794 1795
f 1795 1794 1796
f 1795 1796 1797
f 1797 1796 1798
f 1797 1798 1799
f 1799 1798 1800
f 1799 1800 1801
f 1801 1800 1802
f 1801 1802 1763
f 1763 1802 1764
f 1718 1720 1803
f 1803 1720 1722
f 1712 1714 1803
f 1803 1714 1716
f 1803 1716 1718
f 1788 1708 1803
f 1803 1708 1710
f 1803 1710 1712
f 1703 1704 1804
f 1804 1704 1705
f 1804 1705 1699
f 1700 1701 1804
f 1804 1701 1702
f 1804 1702 1703
f 1722 1707 1803
f 1803 1707 1700
f 1803 1700 1788
f 1788 1700 1804
f 1788 1804 1698
f 1698 1804 1699
f 1747 1746 1766
f 1766 1746 1767
f 1797 1799 1805
f 1805 1799 1801
f 1805 1789 1791
f 1791 1793 1805
f 1805 1793 1795
f 1805 1795 1797
f 1789 1805 1766
f 1766 1805 1806
f 1766 1806 1747
f 1752 1750 1806
f 1806 1750 1749
f 1806 1749 1747
f 1758 1756 1806
f 1806 1756 1754
f 1806 1754 1752
f 1801 1763 1805
f 1805 1763 1762
f 1805 1762 1806
f 1806 1762 1760
f 1806 1760 1758
f 1767 1746 1769
f 1769 1746 1744
f 1769 1744 1771
f 1771 1744 1742
f 1771 1742 1772
f 1772 1742 1741
f 1772 1741 1774
f 1774 1741 1739
f 1774 1739 1775
f 1775 1739 1738
f 1775 1738 1777
f 1777 1738 1736
f 1777 1736 1778
f 1778 1736 1735
f 1778 1735 1779
f 1779 1735 1734
f 1779 1734 1781
f 1781 1734 1732
f 1781 1732 1782
f 1782 1732 1731
f 1782 1731 1784
f 1784 1731 1729
f 1784 1729 1785
f 1785 1729 1728
f 1785 1728 1787
f 1787 1728 1726
f 1787 1726 1788
f 1788 1726 1724
f 1788 1724 1708
f 1807 1808 1809
f 1810 1811 1809
f 1809 1811 1812
f 1809 1812 1807
f 1813 1814 1815
f 1815 1814 1816
f 1808 1807 1813
f 1813 1807 1817
f 1813 1817 1814
f 1816 1814 1818
f 1818 1814 1819
f 1818 1819 1820
f 1820 1819 1821
f 1820 1821 1822
f 1823 1824 1825
f 1825 1824 1826
f 1825 1826 1827
f 1827 1826 1828
f 1827 1828 1829
f 1829 1828 1830
f 1831 1811 1832
f 1832 1811 1833
f 1832 1833 1830
f 1830 1833 1834
f 1830 1834 1829
f 1835 1836 1837
f 1822 1821 1838
f 1838 1821 1839
f 1838 1839 1840
f 1840 1839 1841
f 1840 1841 1835
f 1842 1843 1844
f 1844 1843 1840
f 1844 1840 1845
f 1835 1837 1840
f 1840 1837 1846
f 1840 1846 1845
f 1847 1848 1821
f 1821 1848 1839
f 1839 1848 1849
f 1850 1822 1851
f 1851 1822 1838
f 1839 1849 1841
f 1841 1849 1852
f 1841 1852 1835
f 1835 1852 1853
f 1835 1853 1836
f 1836 1853 1854
f 1836 1854 1837
f 1837 1854 1855
f 1837 1855 1846
f 1855 1856 1846
f 1846 1856 1857
f 1846 1857 1845
f 1857 1858 1845
f 1845 1858 1859
f 1845 1859 1844
f 1859 1860 1844
f 1844 1860 1861
f 1844 1861 1842
f 1861 1862 1842
f 1842 1862 1863
f 1842 1863 1843
f 1863 1864 1843
f 1843 1864 1865
f 1843 1865 1840
f 1865 1866 1840
f 1840 1866 1867
f 1840 1867 1838
f 1838 1867 1868
f 1838 1868 1851
f 1869 1870 1871
f 1872 1873 1874
f 1875 1876 1877
f 1878 1879 1880
f 1881 1882 1883
f 1884 1885 1886
f 1886 1885 1887
f 1886 1887 1888
f 1889 1890 1891
f 1891 1890 1892
f 1891 1892 1893
f 1893 1892 1894
f 1893 1894 1895
f 1895 1894 1883
f 1896 1897 1898
f 1898 1897 1899
f 1898 1899 1900
f 1900 1899 1901
f 1900 1901 1902
f 1902 1901 1903
f 1897 1904 1899
f 1899 1904 1905
f 1899 1905 1901
f 1901 1905 1906
f 1901 1906 1903
f 1903 1906 1907
f 1904 1908 1905
f 1905 1908 1909
f 1905 1909 1906
f 1906 1909 1910
f 1906 1910 1907
f 1907 1910 1911
f 1912 1913 1914
f 1914 1913 1915
f 1914 1915 1916
f 1916 1915 1917
f 1916 1917 1887
f 1887 1917 1918
f 1887 1918 1888
f 1885 1919 1887
f 1887 1919 1920
f 1887 1920 1916
f 1916 1920 1921
f 1916 1921 1914
f 1914 1921 1922
f 1914 1922 1912
f 1912 1922 1923
f 1919 1889 1920
f 1920 1889 1891
f 1920 1891 1921
f 1921 1891 1893
f 1921 1893 1922
f 1922 1893 1895
f 1922 1895 1923
f 1923 1895 1924
f 1883 1882 1895
f 1895 1882 1925
f 1895 1925 1924
f 1926 1881 1927
f 1927 1881 1883
f 1927 1883 1928
f 1928 1883 1894
f 1928 1894 1929
f 1929 1894 1892
f 1929 1892 1930
f 1930 1892 1890
f 1930 1896 1929
f 1929 1896 1898
f 1929 1898 1928
f 1928 1898 1900
f 1928 1900 1927
f 1927 1900 1902
f 1927 1902 1926
f 1926 1902 1931
f 1932 1933 1911
f 1911 1933 1934
f 1911 1934 1907
f 1907 1934 1935
f 1907 1935 1903
f 1903 1935 1936
f 1903 1936 1902
f 1902 1936 1937
f 1902 1937 1931
f 1879 1932 1880
f 1880 1932 1911
f 1880 1911 1938
f 1938 1911 1910
f 1938 1910 1939
f 1939 1910 1909
f 1939 1909 1940
f 1940 1909 1908
f 1941 1878 1942
f 1942 1878 1880
f 1942 1880 1943
f 1943 1880 1938
f 1943 1938 1944
f 1944 1938 1939
f 1944 1939 1945
f 1945 1939 1940
f 1945 1946 1944
f 1944 1946 1947
f 1944 1947 1943
f 1943 1947 1948
f 1943 1948 1942
f 1942 1948 1877
f 1942 1877 1941
f 1941 1877 1876
f 1873 1875 1874
f 1874 1875 1877
f 1874 1877 1949
f 1949 1877 1948
f 1949 1948 1950
f 1950 1948 1947
f 1950 1947 1951
f 1951 1947 1946
f 1870 1872 1871
f 1871 1872 1874
f 1871 1874 1952
f 1952 1874 1949
f 1952 1949 1953
f 1953 1949 1950
f 1953 1950 1954
f 1954 1950 1951
f 1955 1869 1956
f 1956 1869 1871
f 1956 1871 1957
f 1957 1871 1952
f 1957 1952 1958
f 1958 1952 1953
f 1958 1953 1959
f 1959 1953 1954
f 1959 1960 1958
f 1958 1960 1961
f 1958 1961 1957
f 1957 1961 1962
f 1957 1962 1956
f 1956 1962 1963
f 1956 1963 1955
f 1955 1963 1964
f 1960 1965 1961
f 1961 1965 1966
f 1961 1966 1962
f 1962 1966 1967
f 1962 1967 1963
f 1963 1967 1968
f 1963 1968 1964
f 1964 1968 1969
f 1969 1970 1971
f 1969 1971 1964
f 1848 1913 1849
f 1849 1913 1912
f 1849 1912 1923
f 1924 1853 1923
f 1923 1853 1852
f 1923 1852 1849
f 1924 1925 1853
f 1853 1925 1882
f 1853 1882 1854
f 1854 1882 1881
f 1854 1881 1855
f 1855 1881 1926
f 1855 1926 1856
f 1856 1926 1931
f 1856 1931 1857
f 1931 1937 1857
f 1857 1937 1936
f 1857 1936 1858
f 1858 1936 1935
f 1858 1935 1859
f 1859 1935 1934
f 1859 1934 1860
f 1860 1934 1933
f 1860 1933 1861
f 1861 1933 1932
f 1861 1932 1862
f 1862 1932 1879
f 1862 1879 1863
f 1879 1878 1863
f 1863 1878 1941
f 1863 1941 1864
f 1864 1941 1876
f 1864 1876 1865
f 1865 1876 1875
f 1865 1875 1866
f 1866 1875 1873
f 1866 1873 1867
f 1873 1872 1867
f 1867 1872 1870
f 1867 1870 1868
f 1868 1870 1869
f 1971 1972 1964
f 1964 1972 1973
f 1964 1973 1955
f 1955 1973 1850
f 1955 1850 1869
f 1869 1850 1851
f 1869 1851 1868
f 1833 1811 1810
f 1810 1974 1833
f 1833 1974 1975
f 1833 1975 1834
f 1834 1975 1976
f 1834 1976 1829
f 1829 1976 1977
f 1829 1977 1827
f 1827 1977 1978
f 1827 1978 1825
f 1825 1978 1823
f 1823 1978 1979
f 1823 1979 1980
f 1981 1812 1831
f 1831 1812 1811
f 1847 1821 1982
f 1982 1821 1819
f 1982 1819 1983
f 1983 1819 1814
f 1983 1814 1984
f 1984 1814 1817
f 1984 1817 1981
f 1981 1817 1807
f 1981 1807 1812
f 1985 1824 1986
f 1986 1824 1823
f 1987 1980 1988
f 1988 1989 1987
f 1987 1989 1990
f 1987 1990 1991
f 1990 1992 1991
f 1991 1992 1993
f 1991 1993 1994
f 1994 1993 1995
f 1995 1996 1994
f 1994 1996 1997
f 1994 1997 1998
f 1997 1999 1998
f 1998 1999 2000
f 1998 2000 2001
f 2000 2002 2001
f 2001 2002 2003
f 2001 2003 2004
f 2003 2005 2004
f 2004 2005 2006
f 2004 2006 2007
f 2006 2008 2007
f 2007 2008 2009
f 2007 2009 2010
f 2009 2011 2010
f 2010 2011 2012
f 2010 2012 2013
f 2013 2012 2014
f 2013 2014 2015
f 2015 2014 2016
f 2015 2016 2017
f 2017 2016 1985
f 2017 1985 1986
f 2013 2015 2017
f 1823 1980 1986
f 1986 1980 1987
f 1986 1987 1991
f 1994 2013 1991
f 1991 2013 2017
f 1991 2017 1986
f 2007 2010 2004
f 2004 2010 2013
f 2004 2013 2001
f 2001 2013 1994
f 2001 1994 1998
f 2018 2019 2020
f 2019 2021 2022
f 2021 2023 2024
f 2025 2018 2026
f 2026 2018 2027
f 2026 2027 2028
f 2021 2024 2022
f 2022 2024 2029
f 2022 2029 2030
f 2030 2029 2031
f 2030 2031 2032
f 2032 2031 2033
f 2032 2033 2034
f 2033 2035 2034
f 2034 2035 2036
f 2034 2036 2037
f 2036 2038 2037
f 2037 2038 2039
f 2037 2039 2040
f 2040 2039 2041
f 2040 2041 2042
f 2041 2043 2042
f 2042 2043 2044
f 2042 2044 2045
f 2044 2046 2045
f 2045 2046 2047
f 2045 2047 2048
f 2048 2047 2049
f 2048 2049 2050
f 2050 2049 2051
f 2050 2051 2052
f 2052 2051 2053
f 2053 2054 2052
f 2052 2054 2055
f 2052 2055 2056
f 2056 2055 2057
f 2056 2057 2058
f 2058 2057 2059
f 2058 2059 2060
f 2060 2059 2061
f 2061 2062 2060
f 2060 2062 2063
f 2060 2063 2064
f 2063 2065 2064
f 2064 2065 2066
f 2064 2066 2067
f 2067 2066 2068
f 2067 2068 2069
f 2019 2022 2020
f 2020 2022 2030
f 2020 2030 2070
f 2070 2030 2032
f 2070 2032 2071
f 2071 2032 2034
f 2071 2034 2072
f 2072 2034 2037
f 2072 2037 2073
f 2073 2037 2040
f 2073 2040 2074
f 2074 2040 2042
f 2074 2042 2075
f 2075 2042 2045
f 2075 2045 2076
f 2076 2045 2048
f 2076 2048 2077
f 2077 2048 2050
f 2077 2050 2078
f 2078 2050 2052
f 2078 2052 2079
f 2079 2052 2056
f 2079 2056 2080
f 2080 2056 2058
f 2080 2058 2081
f 2081 2058 2060
f 2081 2060 2082
f 2082 2060 2064
f 2082 2064 2083
f 2083 2064 2067
f 2083 2067 2084
f 2084 2067 2069
f 2084 2069 2085
f 2018 2020 2027
f 2027 2020 2070
f 2027 2070 2086
f 2086 2070 2071
f 2086 2071 2087
f 2087 2071 2072
f 2087 2072 2088
f 2088 2072 2073
f 2088 2073 2089
f 2089 2073 2074
f 2089 2074 2090
f 2090 2074 2075
f 2090 2075 2091
f 2091 2075 2076
f 2091 2076 2092
f 2092 2076 2077
f 2092 2077 2093
f 2093 2077 2078
f 2093 2078 2094
f 2094 2078 2079
f 2094 2079 2095
f 2095 2079 2080
f 2095 2080 2096
f 2096 2080 2081
f 2096 2081 2097
f 2097 2081 2082
f 2097 2082 2098
f 2098 2082 2083
f 2098 2083 2099
f 2099 2083 2084
f 2099 2084 2100
f 2100 2084 2085
f 2100 2085 2101
f 2028 2027 2102
f 2102 2027 2086
f 2102 2086 2103
f 2103 2086 2087
f 2103 2087 2104
f 2104 2087 2088
f 2104 2088 2105
f 2105 2088 2089
f 2105 2089 2106
f 2106 2089 2090
f 2106 2090 2107
f 2107 2090 2091
f 2107 2091 2108
f 2108 2091 2092
f 2108 2092 2109
f 2109 2092 2093
f 2109 2093 2110
f 2110 2093 2094
f 2110 2094 2111
f 2111 2094 2095
f 2111 2095 2112
f 2112 2095 2096
f 2112 2096 2113
f 2113 2096 2097
f 2113 2097 2114
f 2114 2097 2098
f 2114 2098 2115
f 2115 2098 2099
f 2115 2099 2116
f 2116 2099 2100
f 2116 2100 2117
f 2117 2100 2101
f 2117 2101 2118
f 2024 2023 1985
f 2066 2119 2068
f 2068 2119 2120
f 2068 2120 2121
f 1992 1990 2063
f 2063 1990 1989
f 2063 1989 2065
f 2065 1989 1988
f 2065 1988 2066
f 2066 1988 2122
f 2066 2122 2119
f 2063 2062 1992
f 1992 2062 2061
f 1992 2061 1993
f 1993 2061 2059
f 1993 2059 1995
f 1995 2059 2057
f 1995 2057 1996
f 1996 2057 2055
f 1996 2055 1997
f 2055 2054 1997
f 1997 2054 2053
f 1997 2053 1999
f 1999 2053 2051
f 1999 2051 2000
f 2000 2051 2049
f 2000 2049 2002
f 2049 2047 2002
f 2002 2047 2046
f 2002 2046 2003
f 2003 2046 2044
f 2003 2044 2005
f 2005 2044 2043
f 2005 2043 2006
f 2006 2043 2041
f 2006 2041 2008
f 2036 2009 2038
f 2038 2009 2008
f 2038 2008 2039
f 2039 2008 2041
f 2035 2012 2036
f 2036 2012 2011
f 2036 2011 2009
f 2035 2033 2012
f 2012 2033 2031
f 2012 2031 2014
f 1985 2016 2024
f 2024 2016 2014
f 2024 2014 2029
f 2029 2014 2031
f 2123 2124 2125
f 2123 2125 2126
f 2127 2126 2125
f 2128 2129 2130
f 2129 2128 2131
f 2132 2133 2134
f 2134 2133 2135
f 2134 2135 2136
f 2136 2135 2137
f 2136 2137 2127
f 2133 2131 2135
f 2135 2131 2128
f 2135 2128 2137
f 2137 2128 2138
f 2130 2139 2128
f 2128 2139 2140
f 2128 2140 2138
f 2138 2140 2141
f 2138 2141 2142
f 2127 2137 2126
f 2126 2137 2138
f 2126 2138 2123
f 2123 2138 2142
f 2123 2142 2124
f 2130 2129 2143
f 2143 2129 2144
f 2132 2145 2133
f 2133 2145 2144
f 2133 2144 2131
f 2131 2144 2129
f 2146 2147 2148
f 2148 2147 2149
f 2147 2150 2149
f 2149 2150 2151
f 2149 2151 2152
f 2153 2143 2154
f 2154 2143 2152
f 2154 2152 2155
f 2155 2152 2151
f 2153 2156 2143
f 2143 2156 2130
f 2157 2125 2158
f 2158 2125 2124
f 2158 2124 2159
f 2159 2124 2142
f 2159 2142 2160
f 2160 2142 2141
f 2160 2141 2161
f 2161 2141 2140
f 2161 2140 2162
f 2162 2140 2139
f 2162 2139 2156
f 2156 2139 2130
f 2153 2154 2163
f 2164 2165 2166
f 2146 2167 2168
f 2169 2167 2146
f 2166 2165 2146
f 2155 2151 2164
f 2164 2151 2150
f 2164 2150 2165
f 2165 2150 2147
f 2165 2147 2146
f 2170 2168 2171
f 2171 2168 2167
f 2171 2167 2172
f 2172 2167 2169
f 2172 2169 2173
f 2163 2170 2174
f 2174 2170 2171
f 2174 2171 2175
f 2175 2171 2172
f 2175 2172 2176
f 2176 2172 2173
f 2176 2173 2177
f 2153 2163 2178
f 2178 2163 2174
f 2178 2174 2179
f 2179 2174 2175
f 2179 2175 2180
f 2180 2175 2176
f 2180 2176 2181
f 2181 2176 2177
f 2181 2177 2182
f 2154 2155 2163
f 2163 2155 2164
f 2163 2164 2170
f 2170 2164 2166
f 2170 2166 2168
f 2168 2166 2146
f 2183 2184 2185
f 2186 2187 2188
f 2189 2190 2191
f 2192 2193 2194
f 2195 2196 2197
f 2198 2199 2200
f 2201 2202 2203
f 2204 2205 2203
f 2203 2205 2206
f 2203 2206 2201
f 1888 1918 2207
f 2207 1918 2208
f 2146 2209 2169
f 2169 2209 2210
f 2169 2210 2173
f 2173 2210 2211
f 2173 2211 2177
f 2177 2211 2200
f 2212 2213 2214
f 2214 2213 2215
f 2214 2215 2216
f 2216 2215 2217
f 2216 2217 2218
f 2218 2217 2194
f 2219 2220 2221
f 2221 2220 2222
f 2221 2222 2223
f 2223 2222 2224
f 2223 2224 2225
f 2225 2224 2191
f 2226 2227 2228
f 2228 2227 2229
f 2228 2229 2230
f 2230 2229 2231
f 2230 2231 2232
f 2232 2231 2233
f 2227 2234 2229
f 2229 2234 2235
f 2229 2235 2231
f 2231 2235 2236
f 2231 2236 2233
f 2233 2236 2237
f 2234 2238 2235
f 2235 2238 2239
f 2235 2239 2236
f 2236 2239 2240
f 2236 2240 2237
f 2237 2240 2241
f 2242 2243 2244
f 2244 2243 2245
f 2244 2245 2246
f 2246 2245 2247
f 2246 2247 2248
f 2248 2247 2185
f 2249 2250 2251
f 2251 2250 2252
f 2251 2252 2253
f 2253 2252 2254
f 2253 2254 2255
f 2255 2254 2256
f 2250 2257 2252
f 2252 2257 2258
f 2252 2258 2254
f 2254 2258 2259
f 2254 2259 2256
f 2256 2259 2260
f 2257 2261 2258
f 2258 2261 2262
f 2258 2262 2259
f 2259 2262 2263
f 2259 2263 2260
f 2260 2263 2264
f 2202 2208 2203
f 2203 2208 1918
f 2203 1918 2265
f 2265 1918 1917
f 2265 1917 2266
f 2266 1917 1915
f 2200 2199 2177
f 2177 2199 2267
f 2177 2267 2182
f 2196 2198 2197
f 2197 2198 2200
f 2197 2200 2268
f 2268 2200 2211
f 2268 2211 2269
f 2269 2211 2210
f 2269 2210 2270
f 2270 2210 2209
f 2271 2195 2272
f 2272 2195 2197
f 2272 2197 2273
f 2273 2197 2268
f 2273 2268 2274
f 2274 2268 2269
f 2274 2269 2275
f 2275 2269 2270
f 2275 2212 2274
f 2274 2212 2214
f 2274 2214 2273
f 2273 2214 2216
f 2273 2216 2272
f 2272 2216 2218
f 2272 2218 2271
f 2271 2218 2276
f 2194 2193 2218
f 2218 2193 2277
f 2218 2277 2276
f 2278 2192 2279
f 2279 2192 2194
f 2279 2194 2280
f 2280 2194 2217
f 2280 2217 2281
f 2281 2217 2215
f 2281 2215 2282
f 2282 2215 2213
f 2282 2219 2281
f 2281 2219 2221
f 2281 2221 2280
f 2280 2221 2223
f 2280 2223 2279
f 2279 2223 2225
f 2279 2225 2278
f 2278 2225 2283
f 2191 2190 2225
f 2225 2190 2284
f 2225 2284 2283
f 2187 2189 2188
f 2188 2189 2191
f 2188 2191 2285
f 2285 2191 2224
f 2285 2224 2286
f 2286 2224 2222
f 2286 2222 2287
f 2287 2222 2220
f 2288 2186 2289
f 2289 2186 2188
f 2289 2188 2290
f 2290 2188 2285
f 2290 2285 2291
f 2291 2285 2286
f 2291 2286 2292
f 2292 2286 2287
f 2292 2226 2291
f 2291 2226 2228
f 2291 2228 2290
f 2290 2228 2230
f 2290 2230 2289
f 2289 2230 2232
f 2289 2232 2288
f 2288 2232 2293
f 2294 2295 2241
f 2241 2295 2296
f 2241 2296 2237
f 2237 2296 2297
f 2237 2297 2233
f 2233 2297 2298
f 2233 2298 2232
f 2232 2298 2299
f 2232 2299 2293
f 2300 2294 2248
f 2248 2294 2241
f 2248 2241 2246
f 2246 2241 2240
f 2246 2240 2244
f 2244 2240 2239
f 2244 2239 2242
f 2242 2239 2238
f 2185 2184 2248
f 2248 2184 2301
f 2248 2301 2300
f 2302 2183 2303
f 2303 2183 2185
f 2303 2185 2304
f 2304 2185 2247
f 2304 2247 2305
f 2305 2247 2245
f 2305 2245 2306
f 2306 2245 2243
f 2306 2249 2305
f 2305 2249 2251
f 2305 2251 2304
f 2304 2251 2253
f 2304 2253 2303
f 2303 2253 2255
f 2303 2255 2302
f 2302 2255 2307
f 2308 2309 2264
f 2264 2309 2310
f 2264 2310 2260
f 2260 2310 2311
f 2260 2311 2256
f 2256 2311 2312
f 2256 2312 2255
f 2255 2312 2313
f 2255 2313 2307
f 2261 2314 2262
f 2262 2314 2315
f 2262 2315 2263
f 2263 2315 2316
f 2263 2316 2264
f 2264 2316 2317
f 2264 2317 2308
f 2318 2319 2317
f 2317 2319 2320
f 2317 2320 2308
f 2314 2204 2315
f 2315 2204 2203
f 2315 2203 2316
f 2316 2203 2265
f 2316 2265 2317
f 2317 2265 2266
f 2317 2266 2318
f 2318 2266 1915
f 2318 1915 1913
f 2321 2182 2267
f 2322 1824 2023
f 2023 1824 1985
f 1831 1832 2323
f 1981 2319 1984
f 1984 2319 1983
f 1832 1830 2323
f 2323 1830 1828
f 2323 1828 2322
f 2322 1828 1826
f 2322 1826 1824
f 1983 2319 1982
f 1982 2319 2318
f 1982 2318 1847
f 1847 2318 1913
f 1847 1913 1848
f 1981 1831 2319
f 2319 1831 2323
f 2319 2323 2320
f 2320 2323 2324
f 2320 2324 2308
f 2308 2324 2325
f 2308 2325 2309
f 2309 2325 2326
f 2309 2326 2310
f 2310 2326 2327
f 2310 2327 2311
f 2311 2327 2328
f 2311 2328 2312
f 2312 2328 2329
f 2312 2329 2313
f 2313 2329 2330
f 2313 2330 2307
f 2307 2330 2331
f 2307 2331 2302
f 2302 2331 2332
f 2302 2332 2183
f 2183 2332 2333
f 2183 2333 2184
f 2184 2333 2334
f 2184 2334 2301
f 2301 2334 2335
f 2301 2335 2300
f 2300 2335 2336
f 2300 2336 2294
f 2294 2336 2337
f 2294 2337 2295
f 2295 2337 2338
f 2295 2338 2296
f 2296 2338 2339
f 2296 2339 2297
f 2297 2339 2340
f 2297 2340 2298
f 2298 2340 2341
f 2298 2341 2299
f 2299 2341 2342
f 2299 2342 2293
f 2293 2342 2343
f 2293 2343 2288
f 2288 2343 2344
f 2288 2344 2186
f 2186 2344 2345
f 2186 2345 2187
f 2187 2345 2346
f 2187 2346 2189
f 2189 2346 2347
f 2189 2347 2190
f 2190 2347 2348
f 2190 2348 2284
f 2284 2348 2349
f 2284 2349 2283
f 2283 2349 2350
f 2283 2350 2278
f 2278 2350 2351
f 2278 2351 2192
f 2192 2351 2352
f 2192 2352 2193
f 2193 2352 2353
f 2193 2353 2277
f 2277 2353 2354
f 2277 2354 2276
f 2276 2354 2355
f 2276 2355 2271
f 2271 2355 2356
f 2271 2356 2195
f 2195 2356 2357
f 2195 2357 2196
f 2196 2357 2358
f 2196 2358 2198
f 2198 2358 2359
f 2198 2359 2199
f 2199 2359 2360
f 2199 2360 2267
f 2267 2360 2361
f 2267 2361 2321
f 2362 2363 2364
f 2363 2365 2366
f 2367 2368 2369
f 2018 2025 2370
f 2370 2371 2018
f 2018 2371 2372
f 2018 2372 2373
f 2373 2372 2374
f 2373 2374 2367
f 2359 2375 2360
f 2360 2375 2366
f 2360 2366 2361
f 2361 2366 2365
f 2361 2365 2321
f 2359 2358 2375
f 2375 2358 2357
f 2375 2357 2376
f 2357 2356 2376
f 2376 2356 2355
f 2376 2355 2377
f 2377 2355 2354
f 2377 2354 2378
f 2378 2354 2353
f 2378 2353 2379
f 2379 2353 2352
f 2352 2351 2379
f 2379 2351 2350
f 2379 2350 2380
f 2380 2350 2349
f 2380 2349 2381
f 2381 2349 2348
f 2381 2348 2382
f 2382 2348 2347
f 2347 2346 2382
f 2382 2346 2345
f 2382 2345 2383
f 2345 2344 2383
f 2383 2344 2343
f 2383 2343 2384
f 2384 2343 2342
f 2384 2342 2385
f 2385 2342 2341
f 2385 2341 2386
f 2386 2341 2340
f 2340 2339 2386
f 2386 2339 2338
f 2386 2338 2387
f 2387 2338 2337
f 2387 2337 2388
f 2337 2336 2388
f 2388 2336 2335
f 2388 2335 2389
f 2389 2335 2334
f 2389 2334 2390
f 2390 2334 2333
f 2333 2332 2390
f 2390 2332 2331
f 2390 2331 2391
f 2391 2331 2330
f 2391 2330 2392
f 2392 2330 2329
f 2392 2329 2393
f 2393 2329 2328
f 2328 2327 2393
f 2393 2327 2326
f 2393 2326 2394
f 2394 2326 2325
f 2394 2325 2395
f 2325 2324 2395
f 2395 2324 2323
f 2395 2323 2396
f 2323 2322 2396
f 2396 2322 2023
f 2396 2023 2021
f 2363 2366 2364
f 2364 2366 2375
f 2364 2375 2397
f 2397 2375 2376
f 2397 2376 2398
f 2398 2376 2377
f 2398 2377 2399
f 2399 2377 2378
f 2399 2378 2400
f 2400 2378 2379
f 2400 2379 2401
f 2401 2379 2380
f 2401 2380 2402
f 2402 2380 2381
f 2402 2381 2403
f 2403 2381 2382
f 2403 2382 2404
f 2404 2382 2383
f 2404 2383 2405
f 2405 2383 2384
f 2405 2384 2406
f 2406 2384 2385
f 2406 2385 2407
f 2407 2385 2386
f 2407 2386 2408
f 2408 2386 2387
f 2408 2387 2409
f 2409 2387 2388
f 2409 2388 2410
f 2410 2388 2389
f 2410 2389 2411
f 2411 2389 2390
f 2411 2390 2412
f 2412 2390 2391
f 2412 2391 2413
f 2413 2391 2392
f 2413 2392 2414
f 2414 2392 2393
f 2414 2393 2415
f 2415 2393 2394
f 2415 2394 2416
f 2416 2394 2395
f 2416 2395 2417
f 2417 2395 2396
f 2417 2396 2418
f 2418 2396 2021
f 2418 2021 2019
f 2362 2364 2419
f 2419 2364 2397
f 2419 2397 2420
f 2420 2397 2398
f 2420 2398 2421
f 2421 2398 2399
f 2421 2399 2422
f 2422 2399 2400
f 2422 2400 2423
f 2423 2400 2401
f 2423 2401 2424
f 2424 2401 2402
f 2424 2402 2425
f 2425 2402 2403
f 2425 2403 2426
f 2426 2403 2404
f 2426 2404 2427
f 2427 2404 2405
f 2427 2405 2428
f 2428 2405 2406
f 2428 2406 2429
f 2429 2406 2407
f 2429 2407 2430
f 2430 2407 2408
f 2430 2408 2431
f 2431 2408 2409
f 2431 2409 2432
f 2432 2409 2410
f 2432 2410 2433
f 2433 2410 2411
f 2433 2411 2434
f 2434 2411 2412
f 2434 2412 2435
f 2435 2412 2413
f 2435 2413 2436
f 2436 2413 2414
f 2436 2414 2437
f 2437 2414 2415
f 2437 2415 2438
f 2438 2415 2416
f 2438 2416 2439
f 2439 2416 2417
f 2439 2417 2440
f 2440 2417 2418
f 2440 2418 2373
f 2373 2418 2019
f 2373 2019 2018
f 2367 2369 2373
f 2373 2369 2441
f 2373 2441 2440
f 2440 2441 2442
f 2440 2442 2439
f 2439 2442 2443
f 2439 2443 2438
f 2438 2443 2444
f 2438 2444 2437
f 2437 2444 2445
f 2437 2445 2436
f 2436 2445 2446
f 2436 2446 2435
f 2435 2446 2447
f 2435 2447 2434
f 2434 2447 2448
f 2434 2448 2433
f 2433 2448 2449
f 2433 2449 2432
f 2432 2449 2450
f 2432 2450 2431
f 2431 2450 2451
f 2431 2451 2430
f 2430 2451 2452
f 2430 2452 2429
f 2429 2452 2453
f 2429 2453 2428
f 2428 2453 2454
f 2428 2454 2427
f 2427 2454 2455
f 2427 2455 2426
f 2426 2455 2456
f 2426 2456 2425
f 2425 2456 2457
f 2425 2457 2424
f 2424 2457 2458
f 2424 2458 2423
f 2423 2458 2459
f 2423 2459 2422
f 2422 2459 2460
f 2422 2460 2421
f 2421 2460 2461
f 2421 2461 2420
f 2420 2461 2462
f 2420 2462 2419
f 2419 2462 2157
f 2419 2157 2362
f 2463 2362 2157
f 2463 2157 2464
f 2465 2464 2157
f 2161 2162 2466
f 2162 2156 2467
f 2162 2467 2466
f 2466 2467 2468
f 2466 2468 2469
f 2469 2468 2470
f 2469 2470 2471
f 2471 2470 2472
f 2471 2472 2473
f 2473 2472 2321
f 2473 2321 2365
f 2159 2160 2474
f 2474 2160 2161
f 2161 2466 2474
f 2474 2466 2469
f 2474 2469 2475
f 2475 2469 2471
f 2475 2471 2476
f 2476 2471 2473
f 2476 2473 2477
f 2477 2473 2365
f 2477 2365 2363
f 2157 2158 2478
f 2478 2158 2159
f 2465 2157 2478
f 2159 2474 2478
f 2478 2474 2475
f 2478 2475 2465
f 2465 2475 2476
f 2465 2476 2464
f 2464 2476 2477
f 2464 2477 2463
f 2463 2477 2363
f 2463 2363 2362
f 2182 2321 2472
f 2182 2472 2181
f 2181 2472 2470
f 2181 2470 2180
f 2180 2470 2468
f 2180 2468 2179
f 2179 2468 2467
f 2179 2467 2178
f 2178 2467 2156
f 2178 2156 2153
f 2479 2480 2481
f 2481 2482 2479
f 2479 2482 2483
f 2479 2483 2484
f 2484 2483 2485
f 2484 2485 2486
f 2484 2486 2487
f 2487 2486 2488
f 2487 2488 2489
f 2489 2488 2490
f 2489 2490 2491
f 2491 2490 2492
f 2491 2492 2493
f 2492 2494 2493
f 2493 2494 2495
f 2493 2495 2496
f 2496 2495 2497
f 2496 2497 2498
f 2498 2497 2499
f 2498 2499 2500
f 2500 2499 2501
f 2500 2501 2502
f 2503 2504 2505
f 2505 2504 2506
f 2505 2506 2507
f 2507 2506 2508
f 2507 2508 2509
f 2509 2508 2510
f 2509 2510 2511
f 2511 2510 2512
f 2511 2512 2513
f 2513 2512 2514
f 2513 2514 2515
f 2515 2514 2502
f 2515 2502 2516
f 2516 2502 2501
f 2517 2518 2519
f 2503 2520 2504
f 2504 2520 2521
f 2504 2521 2519
f 2519 2521 2522
f 2519 2522 2517
f 2519 2518 2523
f 2523 2518 2524
f 2523 2524 2525
f 2524 2526 2525
f 2525 2526 2527
f 2525 2527 2528
f 2528 2527 2529
f 2528 2529 2530
f 2530 2529 2531
f 2530 2531 2532
f 2532 2531 2533
f 2532 2533 2534
f 2534 2533 2535
f 2534 2535 2536
f 2536 2535 2537
f 2536 2537 2538
f 2537 2539 2538
f 2538 2539 2540
f 2538 2540 2541
f 2541 2540 2542
f 2541 2542 2543
f 2543 2542 2544
f 2543 2544 2545
f 2545 2544 2546
f 2545 2546 2547
f 2547 2546 2548
f 2547 2548 2549
f 2549 2548 2480
f 2549 2480 2479
f 2550 2551 2552
f 2550 2552 2553
f 2553 2552 2554
f 2553 2554 2555
f 2555 2554 2556
f 2555 2556 2557
f 2557 2556 2558
f 2557 2558 2559
f 2559 2558 2560
f 2559 2560 2561
f 2561 2560 2562
f 2561 2562 2563
f 2521 2564 2522
f 2522 2564 2565
f 2522 2565 2517
f 2517 2565 2566
f 2517 2566 2518
f 2518 2566 2567
f 2518 2567 2524
f 2524 2567 2526
f 2526 2567 2568
f 2526 2568 2527
f 2535 2551 2537
f 2537 2551 2550
f 2537 2550 2539
f 2539 2550 2540
f 2535 2533 2551
f 2551 2533 2531
f 2551 2531 2568
f 2568 2531 2529
f 2568 2529 2527
f 2548 2569 2480
f 2480 2569 2570
f 2480 2570 2571
f 2548 2546 2569
f 2569 2546 2544
f 2569 2544 2550
f 2550 2544 2542
f 2550 2542 2540
f 2572 2483 2573
f 2573 2483 2482
f 2573 2482 2571
f 2571 2482 2481
f 2571 2481 2480
f 2574 2575 2576
f 2576 2577 2574
f 2574 2577 2578
f 2574 2578 2579
f 2579 2578 2580
f 2579 2580 2581
f 2582 2583 2584
f 2584 2585 2582
f 2582 2585 2586
f 2582 2586 2575
f 2575 2586 2587
f 2575 2587 2576
f 2588 2589 2590
f 2591 2592 2593
f 2593 2592 2579
f 2579 2594 2595
f 2596 2597 2590
f 2590 2597 2598
f 2595 2599 2579
f 2579 2599 2600
f 2579 2600 2601
f 2601 2602 2579
f 2579 2602 2598
f 2579 2598 2593
f 2603 2604 2590
f 2590 2604 2605
f 2590 2605 2588
f 2590 2606 2607
f 2603 2590 2608
f 2608 2590 2607
f 2608 2607 2609
f 2609 2610 2608
f 2608 2610 2594
f 2608 2594 2611
f 2611 2594 2579
f 2611 2579 2581
f 2602 2612 2598
f 2598 2612 2613
f 2598 2613 2590
f 2590 2613 2614
f 2590 2614 2606
f 2615 2616 2617
f 2617 2616 2618
f 2617 2618 2619
f 2619 2618 2620
f 2619 2620 2621
f 2621 2620 2622
f 2621 2622 2623
f 2623 2622 2624
f 2623 2624 2625
f 2625 2624 2626
f 2625 2626 2627
f 2627 2626 2628
f 2627 2628 2629
f 2629 2628 2630
f 2629 2630 2631
f 2631 2630 2632
f 2633 2634 2635
f 2631 2632 2634
f 2634 2632 2635
f 2636 2637 2638
f 2636 2617 2583
f 2583 2617 2619
f 2583 2619 2621
f 2639 2640 2641
f 2638 2642 2636
f 2636 2642 2615
f 2636 2615 2617
f 2643 2644 2636
f 2636 2644 2645
f 2636 2645 2637
f 2637 2645 2646
f 2645 2647 2646
f 2646 2647 2648
f 2646 2648 2649
f 2621 2623 2583
f 2583 2623 2625
f 2583 2625 2627
f 2639 2641 2650
f 2650 2641 2651
f 2650 2651 2652
f 2640 2653 2641
f 2641 2653 2649
f 2641 2649 2654
f 2654 2649 2648
f 2634 2584 2631
f 2631 2584 2583
f 2631 2583 2629
f 2629 2583 2627
f 2634 2633 2584
f 2584 2633 2655
f 2656 2581 2657
f 2657 2581 2580
f 2657 2580 2658
f 2658 2580 2578
f 2658 2578 2659
f 2659 2578 2577
f 2659 2577 2660
f 2660 2577 2576
f 2660 2576 2661
f 2661 2576 2587
f 2661 2587 2662
f 2662 2587 2586
f 2662 2586 2663
f 2663 2586 2585
f 2663 2585 2655
f 2655 2585 2584
f 2664 2665 2666
f 2666 2667 2664
f 2664 2667 2668
f 2664 2668 2669
f 2670 2671 2664
f 2664 2671 2672
f 2664 2672 2665
f 2673 2674 2675
f 2676 2677 2675
f 2675 2677 2678
f 2675 2678 2673
f 2679 2680 2675
f 2675 2680 2681
f 2675 2681 2676
f 2679 2675 2682
f 2682 2675 2674
f 2682 2674 2683
f 2674 2684 2683
f 2683 2684 2685
f 2683 2685 2686
f 2686 2685 2687
f 2686 2687 2688
f 2688 2687 2689
f 2688 2689 2690
f 2690 2689 2691
f 2690 2691 2692
f 2692 2691 2693
f 2692 2693 2694
f 2694 2693 2695
f 2694 2695 2696
f 2696 2695 2697
f 2696 2697 2698
f 2698 2697 2699
f 2698 2699 2700
f 2700 2699 2701
f 2700 2701 2702
f 2701 2703 2702
f 2702 2703 2704
f 2702 2704 2705
f 2705 2704 2706
f 2705 2706 2669
f 2669 2706 2707
f 2669 2707 2664
f 2664 2707 2708
f 2664 2708 2670
f 2709 2707 2706
f 2709 2706 2710
f 2699 2711 2712
f 2706 2704 2710
f 2710 2704 2703
f 2710 2703 2712
f 2712 2703 2701
f 2712 2701 2699
f 2699 2697 2711
f 2711 2697 2695
f 2711 2695 2713
f 2695 2693 2713
f 2713 2693 2691
f 2713 2691 2714
f 2691 2689 2714
f 2714 2689 2687
f 2714 2687 2715
f 2715 2687 2685
f 2715 2685 2716
f 2716 2685 2684
f 2716 2684 2674
f 2717 2669 2718
f 2718 2669 2668
f 2719 2709 2720
f 2721 2722 2723
f 2719 2720 2723
f 2723 2720 2724
f 2723 2724 2721
f 2725 2726 2722
f 2722 2726 2727
f 2722 2727 2723
f 2728 2726 2729
f 2729 2726 2725
f 2729 2725 2730
f 2731 2732 2718
f 2718 2733 2731
f 2731 2733 2734
f 2731 2734 2728
f 2728 2734 2735
f 2728 2735 2726
f 2707 2709 2708
f 2708 2709 2719
f 2708 2719 2670
f 2670 2719 2723
f 2670 2723 2671
f 2671 2723 2727
f 2671 2727 2672
f 2672 2727 2726
f 2672 2726 2665
f 2665 2726 2735
f 2665 2735 2666
f 2666 2735 2734
f 2666 2734 2667
f 2667 2734 2733
f 2667 2733 2668
f 2668 2733 2718
f 2736 2682 2737
f 2737 2682 2683
f 2737 2683 2738
f 2683 2686 2738
f 2738 2686 2688
f 2738 2688 2739
f 2739 2688 2690
f 2690 2692 2739
f 2739 2692 2694
f 2739 2694 2740
f 2740 2694 2696
f 2740 2696 2741
f 2741 2696 2698
f 2741 2698 2742
f 2669 2743 2705
f 2705 2743 2744
f 2705 2744 2702
f 2702 2744 2742
f 2702 2742 2700
f 2700 2742 2698
f 2717 2743 2669
f 2743 2717 2745
f 2745 2717 2746
f 2747 2748 2749
f 2750 2751 2752
f 2752 2751 2753
f 2752 2753 2749
f 2749 2753 2754
f 2749 2754 2747
f 2744 2743 2745
f 2755 2756 2737
f 2745 2757 2744
f 2744 2757 2758
f 2744 2758 2742
f 2742 2758 2759
f 2742 2759 2741
f 2741 2759 2740
f 2747 2760 2748
f 2748 2760 2761
f 2748 2761 2762
f 2762 2761 2763
f 2762 2763 2764
f 2764 2763 2765
f 2745 2766 2757
f 2757 2766 2767
f 2757 2767 2750
f 2750 2767 2768
f 2750 2768 2751
f 2765 2755 2764
f 2764 2755 2737
f 2764 2737 2769
f 2769 2737 2738
f 2769 2738 2770
f 2770 2738 2739
f 2770 2739 2771
f 2771 2739 2740
f 2771 2740 2772
f 2772 2740 2759
f 2756 2773 2737
f 2737 2773 2774
f 2737 2774 2736
f 2736 2774 2775
f 2736 2775 2776
f 2777 2778 2779
f 2779 2778 2780
f 2779 2780 2781
f 2781 2780 2782
f 2781 2782 2783
f 2783 2782 2784
f 2783 2784 2785
f 2785 2784 2786
f 2785 2786 2787
f 2787 2786 2788
f 2787 2788 2789
f 2789 2788 2790
f 2789 2790 2791
f 2791 2790 2792
f 2791 2792 2746
f 2746 2792 2745
f 2790 2788 2793
f 2786 2784 2794
f 2572 2795 2796
f 2796 2795 2797
f 2796 2797 2798
f 2798 2797 2799
f 2800 2801 2802
f 2802 2803 2800
f 2800 2803 2804
f 2800 2804 2805
f 2805 2804 2806
f 2805 2806 2799
f 2799 2806 2807
f 2799 2807 2798
f 2778 2802 2780
f 2780 2802 2801
f 2780 2801 2782
f 2808 2754 2809
f 2809 2754 2753
f 2809 2753 2810
f 2810 2753 2751
f 2810 2751 2811
f 2811 2751 2768
f 2811 2768 2812
f 2812 2768 2767
f 2812 2767 2813
f 2813 2767 2766
f 2813 2766 2792
f 2792 2766 2745
f 2795 2814 2797
f 2797 2814 2815
f 2797 2815 2799
f 2799 2815 2816
f 2799 2816 2805
f 2805 2816 2817
f 2805 2817 2800
f 2800 2817 2818
f 2800 2818 2801
f 2801 2818 2794
f 2801 2794 2782
f 2782 2794 2784
f 2814 2819 2815
f 2815 2819 2820
f 2815 2820 2816
f 2816 2820 2821
f 2816 2821 2817
f 2817 2821 2822
f 2817 2822 2818
f 2818 2822 2823
f 2818 2823 2794
f 2794 2823 2793
f 2794 2793 2786
f 2786 2793 2788
f 2819 2808 2820
f 2820 2808 2809
f 2820 2809 2821
f 2821 2809 2810
f 2821 2810 2822
f 2822 2810 2811
f 2822 2811 2823
f 2823 2811 2812
f 2823 2812 2793
f 2793 2812 2813
f 2793 2813 2790
f 2790 2813 2792
f 2778 2777 2824
f 2824 2777 2825
f 2826 2827 2828
f 2828 2827 2829
f 2828 2829 2830
f 2830 2829 2831
f 2830 2831 2832
f 2832 2831 2833
f 2832 2833 2834
f 2834 2833 2835
f 2834 2835 2836
f 2836 2835 2837
f 2836 2837 2838
f 2838 2837 2839
f 2838 2839 2840
f 2840 2839 2841
f 2840 2841 2825
f 2825 2841 2824
f 2485 2483 2572
f 2572 2796 2485
f 2485 2796 2798
f 2485 2798 2486
f 2486 2798 2807
f 2486 2807 2488
f 2488 2807 2806
f 2488 2806 2490
f 2490 2806 2492
f 2516 2501 2803
f 2501 2499 2803
f 2803 2499 2497
f 2803 2497 2804
f 2804 2497 2495
f 2804 2495 2806
f 2806 2495 2494
f 2806 2494 2492
f 2520 2503 2842
f 2842 2503 2843
f 2843 2503 2505
f 2843 2505 2507
f 2515 2844 2513
f 2513 2844 2845
f 2513 2845 2511
f 2511 2845 2843
f 2511 2843 2509
f 2509 2843 2507
f 2564 2521 2846
f 2846 2521 2520
f 2846 2520 2847
f 2847 2520 2842
f 2515 2516 2844
f 2844 2516 2803
f 2844 2803 2848
f 2848 2803 2802
f 2848 2802 2824
f 2824 2802 2778
f 2849 2850 2851
f 2851 2850 2852
f 2851 2852 2853
f 2853 2852 2854
f 2853 2854 2855
f 2855 2854 2856
f 2855 2856 2857
f 2857 2856 2858
f 2857 2858 2859
f 2859 2858 2860
f 2827 2859 2829
f 2829 2859 2860
f 2829 2860 2831
f 2831 2860 2833
f 2837 2835 2861
f 2841 2839 2862
f 2848 2863 2844
f 2844 2863 2864
f 2865 2564 2866
f 2866 2564 2846
f 2866 2846 2867
f 2846 2847 2867
f 2867 2847 2842
f 2867 2842 2868
f 2868 2842 2843
f 2868 2843 2864
f 2864 2843 2845
f 2864 2845 2844
f 2850 2869 2852
f 2852 2869 2870
f 2852 2870 2854
f 2854 2870 2871
f 2854 2871 2856
f 2856 2871 2872
f 2856 2872 2858
f 2858 2872 2873
f 2858 2873 2860
f 2860 2873 2861
f 2860 2861 2833
f 2833 2861 2835
f 2869 2874 2870
f 2870 2874 2875
f 2870 2875 2871
f 2871 2875 2876
f 2871 2876 2872
f 2872 2876 2877
f 2872 2877 2873
f 2873 2877 2878
f 2873 2878 2861
f 2861 2878 2862
f 2861 2862 2837
f 2837 2862 2839
f 2874 2865 2875
f 2875 2865 2866
f 2875 2866 2876
f 2876 2866 2867
f 2876 2867 2877
f 2877 2867 2868
f 2877 2868 2878
f 2878 2868 2864
f 2878 2864 2862
f 2862 2864 2863
f 2862 2863 2841
f 2841 2863 2848
f 2841 2848 2824
f 2825 2777 2879
f 2880 2881 2777
f 2834 2836 2882
f 2882 2836 2838
f 2882 2838 2879
f 2879 2838 2840
f 2879 2840 2825
f 2880 2777 2732
f 2777 2779 2732
f 2732 2779 2781
f 2732 2781 2783
f 2881 2883 2777
f 2777 2883 2884
f 2777 2884 2879
f 2879 2884 2885
f 2879 2885 2886
f 2828 2830 2882
f 2882 2830 2832
f 2882 2832 2834
f 2783 2785 2732
f 2732 2785 2787
f 2732 2787 2789
f 2828 2882 2826
f 2826 2882 2887
f 2826 2887 2888
f 2717 2718 2746
f 2746 2718 2732
f 2746 2732 2791
f 2791 2732 2789
f 2581 2656 2889
f 2890 2608 2611
f 2581 2889 2611
f 2611 2889 2891
f 2611 2891 2890
f 2892 2604 2603
f 2890 2893 2608
f 2608 2893 2894
f 2608 2894 2603
f 2603 2894 2895
f 2603 2895 2892
f 2892 2896 2604
f 2604 2896 2897
f 2604 2897 2605
f 2897 2898 2605
f 2605 2898 2899
f 2605 2899 2588
f 2588 2899 2900
f 2588 2900 2589
f 2589 2900 2901
f 2589 2901 2902
f 2903 2904 2905
f 2906 2902 2905
f 2904 2907 2905
f 2905 2907 2908
f 2905 2908 2906
f 2909 2910 2905
f 2905 2910 2911
f 2905 2911 2903
f 2909 2905 2912
f 2912 2905 2902
f 2912 2902 2913
f 2914 2661 2662
f 2662 2663 2914
f 2914 2663 2655
f 2914 2655 2633
f 2658 2659 2914
f 2914 2659 2660
f 2914 2660 2661
f 2915 2891 2916
f 2916 2891 2889
f 2916 2889 2633
f 2633 2889 2656
f 2633 2656 2914
f 2914 2656 2657
f 2914 2657 2658
f 2902 2901 2913
f 2913 2901 2900
f 2913 2900 2917
f 2917 2900 2899
f 2917 2899 2918
f 2918 2899 2898
f 2918 2898 2919
f 2919 2898 2897
f 2919 2897 2920
f 2920 2897 2896
f 2920 2896 2921
f 2921 2896 2892
f 2921 2892 2922
f 2922 2892 2895
f 2922 2895 2923
f 2923 2895 2894
f 2923 2894 2924
f 2924 2894 2893
f 2924 2893 2915
f 2915 2893 2890
f 2915 2890 2891
f 2909 2887 2910
f 2910 2887 2925
f 2910 2925 2911
f 2911 2925 2926
f 2911 2926 2903
f 2903 2926 2927
f 2903 2927 2904
f 2904 2927 2928
f 2904 2928 2907
f 2907 2928 2929
f 2907 2929 2908
f 2908 2929 2930
f 2908 2930 2906
f 2906 2930 2931
f 2906 2931 2902
f 2902 2931 2589
f 2912 2932 2888
f 2933 2934 2935
f 2935 2934 2936
f 2935 2936 2937
f 2935 2938 2933
f 2933 2938 2939
f 2933 2939 2940
f 2940 2939 2941
f 2940 2941 2942
f 2942 2941 2943
f 2827 2932 2943
f 2944 2945 2946
f 2946 2945 2849
f 2946 2849 2947
f 2948 2949 2944
f 2944 2949 2950
f 2944 2950 2945
f 2859 2827 2951
f 2951 2827 2943
f 2951 2943 2952
f 2952 2943 2941
f 2849 2851 2947
f 2947 2851 2853
f 2947 2853 2953
f 2953 2853 2855
f 2953 2855 2951
f 2951 2855 2857
f 2951 2857 2859
f 2954 2955 2956
f 2956 2955 2957
f 2956 2957 2958
f 2954 2956 2959
f 2959 2956 2635
f 2959 2635 2632
f 2936 2956 2937
f 2937 2956 2958
f 2937 2958 2960
f 2960 2958 2961
f 2960 2961 2948
f 2948 2961 2962
f 2948 2962 2949
f 2827 2826 2932
f 2932 2826 2888
f 2942 2943 2913
f 2913 2943 2932
f 2913 2932 2912
f 2913 2917 2942
f 2942 2917 2918
f 2942 2918 2940
f 2940 2918 2919
f 2919 2920 2940
f 2940 2920 2921
f 2940 2921 2933
f 2933 2921 2922
f 2933 2922 2934
f 2934 2922 2923
f 2934 2923 2936
f 2923 2924 2936
f 2936 2924 2915
f 2936 2915 2956
f 2915 2916 2956
f 2956 2916 2633
f 2956 2633 2635
f 2912 2888 2909
f 2909 2888 2887
f 2887 2882 2925
f 2925 2882 2963
f 2925 2963 2926
f 2926 2963 2927
f 2927 2963 2964
f 2927 2964 2928
f 2928 2964 2929
f 2929 2964 2965
f 2929 2965 2930
f 2930 2965 2931
f 2931 2965 2590
f 2931 2590 2589
f 1761 2966 2967
f 2967 2966 2968
f 2969 2970 2971
f 2971 2970 2972
f 2973 2974 2975
f 2975 2970 2973
f 2973 2970 2969
f 2973 2969 2976
f 2976 2969 2977
f 2976 2977 2978
f 2978 2977 2979
f 2978 2979 2968
f 2968 2979 2980
f 2968 2980 2967
f 2970 2981 2972
f 2972 2981 2982
f 2972 2982 2983
f 2983 2982 2984
f 2983 2984 1745
f 1764 2985 1761
f 1761 2985 2986
f 2987 2988 1761
f 2988 2989 1761
f 1761 2989 2990
f 1761 2990 2966
f 2987 1761 2991
f 2991 1761 2986
f 2991 2986 2992
f 2993 2994 2973
f 2973 2994 2995
f 2973 2995 2974
f 2996 2976 2978
f 2990 2997 2966
f 2966 2997 2996
f 2966 2996 2968
f 2968 2996 2978
f 2976 2996 2973
f 2973 2996 2998
f 2973 2998 2993
f 2987 2991 2999
f 2997 2990 3000
f 3000 2990 2989
f 3000 2989 3001
f 3001 2989 2988
f 3001 2988 3002
f 3002 2988 2987
f 3002 2987 3003
f 3003 2987 2999
f 1684 1683 3004
f 3004 1683 1706
f 3005 1706 3006
f 3006 1706 3007
f 3005 3008 1706
f 1706 3008 3009
f 1706 3009 3004
f 3004 3009 3010
f 3004 3010 3011
f 3012 1709 3013
f 3014 3015 3016
f 3012 3013 3016
f 3016 3013 3017
f 3016 3017 3014
f 3018 3019 3015
f 3015 3019 3020
f 3015 3020 3016
f 3021 3022 3023
f 3023 3022 3024
f 1721 3025 3026
f 3026 3025 3018
f 3026 3018 3022
f 3022 3018 3015
f 3022 3015 3024
f 3027 3007 1706
f 3026 3028 1721
f 1721 3028 3027
f 1721 3027 3029
f 3029 3027 1706
f 3030 3006 3031
f 3031 3006 3007
f 3026 3022 3031
f 3022 3021 3032
f 3007 3027 3031
f 3031 3027 3028
f 3031 3028 3026
f 3033 3031 3034
f 3034 3031 3022
f 3034 3022 3035
f 3035 3022 3032
f 3005 3006 3030
f 3036 3010 3037
f 3037 3010 3009
f 3037 3009 3038
f 3038 3009 3008
f 3038 3008 3039
f 3039 3008 3005
f 3039 3005 3040
f 3040 3005 3030
f 3036 3037 3041
f 3041 3037 3042
f 3042 3037 3043
f 3043 3037 3038
f 3043 3038 3044
f 3030 3045 3040
f 3040 3045 3044
f 3040 3044 3039
f 3039 3044 3038
f 2997 3000 3046
f 3046 3000 3047
f 3047 3000 3048
f 3048 3000 3001
f 3048 3001 3049
f 2999 3050 3003
f 3003 3050 3049
f 3003 3049 3002
f 3002 3049 3001
f 2997 3046 2996
f 2996 3046 3051
f 3045 3030 3052
f 3052 3030 3031
f 3052 3031 3053
f 3051 3054 2996
f 2996 3054 3055
f 2996 3055 3031
f 3031 3055 3056
f 3031 3056 3053
f 2975 2974 2995
f 2970 2975 3015
f 3013 2984 3017
f 3017 2984 2982
f 3017 2982 3014
f 3014 2982 3015
f 3015 2982 2981
f 3015 2981 2970
f 2995 3023 2975
f 2975 3023 3024
f 2975 3024 3015
f 2996 3031 2998
f 2998 3031 3033
f 2998 3033 2993
f 2993 3033 3034
f 2993 3034 2994
f 2994 3034 3035
f 2994 3035 2995
f 2995 3035 3032
f 2995 3032 3023
f 3023 3032 3021
f 3013 1709 3057
f 3058 2984 3059
f 3059 2984 3013
f 3059 3013 3060
f 3060 3013 3057
f 3058 3061 2984
f 2984 3061 3062
f 2984 3062 1745
f 3063 3064 3065
f 3063 3065 3066
f 3067 3068 3069
f 3069 3068 3070
f 3071 3072 3073
f 3073 3074 3071
f 3071 3074 3075
f 3071 3075 3076
f 3076 3075 3077
f 3076 3077 3078
f 3078 3077 3079
f 3078 3079 3080
f 3080 3079 3081
f 3080 3081 3082
f 3083 3084 3085
f 3085 3084 3086
f 3087 3088 3086
f 3086 3088 3089
f 3086 3089 3085
f 3090 3091 3092
f 3092 3091 3093
f 3092 3093 3087
f 3087 3093 3094
f 3087 3094 3088
f 3090 3092 3095
f 3095 3092 3068
f 3095 3068 3072
f 3072 3068 3067
f 3072 3067 3073
f 3081 3066 3082
f 3082 3066 3065
f 3082 3065 3096
f 3096 3065 3097
f 3096 3097 3098
f 3099 3100 3097
f 3097 3100 3101
f 3097 3101 3098
f 3102 3103 3099
f 3099 3103 3104
f 3099 3104 3100
f 3105 3106 3107
f 3107 3106 3108
f 3107 3108 3102
f 3102 3108 3109
f 3102 3109 3103
f 3105 3107 3110
f 3110 3107 3111
f 3110 3111 3112
f 3112 3111 3113
f 3113 3111 3114
f 3113 3114 3115
f 3116 3117 3118
f 3118 3117 3119
f 3118 3119 3083
f 3083 3119 3084
f 3120 3121 3122
f 3123 3124 3125
f 3125 3124 3126
f 3125 3126 3122
f 3122 3126 3127
f 3122 3127 3120
f 3128 3129 3130
f 3130 3129 3131
f 3130 3131 3132
f 3132 3131 3133
f 3132 3133 3134
f 3134 3133 3135
f 3127 3126 3136
f 3127 3136 3137
f 3137 3136 3138
f 3137 3138 3139
f 3139 3138 3140
f 3139 3140 3141
f 3141 3140 3133
f 3141 3133 3131
f 3132 2145 3130
f 3130 2145 2132
f 3122 3117 3125
f 3125 3117 3116
f 3142 3143 3144
f 3143 3145 3146
f 3145 3147 3148
f 3094 3149 3088
f 3088 3149 3150
f 3088 3150 3089
f 3089 3150 3148
f 3089 3148 3085
f 3085 3148 3147
f 3085 3147 3083
f 3094 3093 3149
f 3149 3093 3091
f 3149 3091 3151
f 3151 3091 3090
f 3151 3090 3152
f 3152 3090 3095
f 3152 3095 3153
f 3153 3095 3072
f 3072 3071 3153
f 3153 3071 3076
f 3153 3076 3154
f 3154 3076 3078
f 3154 3078 3155
f 3078 3080 3155
f 3155 3080 3082
f 3155 3082 3156
f 3156 3082 3096
f 3156 3096 3157
f 3157 3096 3098
f 3098 3101 3157
f 3157 3101 3100
f 3157 3100 3158
f 3158 3100 3104
f 3158 3104 3159
f 3159 3104 3103
f 3159 3103 3160
f 3160 3103 3109
f 3109 3108 3160
f 3160 3108 3106
f 3160 3106 3161
f 3161 3106 3105
f 3161 3105 3162
f 3162 3105 3110
f 3162 3110 3163
f 3163 3110 3112
f 3112 3113 3163
f 3163 3113 3115
f 3163 3115 3164
f 3145 3148 3146
f 3146 3148 3150
f 3146 3150 3165
f 3165 3150 3149
f 3165 3149 3166
f 3166 3149 3151
f 3166 3151 3167
f 3167 3151 3152
f 3167 3152 3168
f 3168 3152 3153
f 3168 3153 3169
f 3169 3153 3154
f 3169 3154 3170
f 3170 3154 3155
f 3170 3155 3171
f 3171 3155 3156
f 3171 3156 3172
f 3172 3156 3157
f 3172 3157 3173
f 3173 3157 3158
f 3173 3158 3174
f 3174 3158 3159
f 3174 3159 3175
f 3175 3159 3160
f 3175 3160 3176
f 3176 3160 3161
f 3176 3161 3177
f 3177 3161 3162
f 3177 3162 3178
f 3178 3162 3163
f 3178 3163 3179
f 3179 3163 3164
f 3179 3164 3180
f 3143 3146 3144
f 3144 3146 3165
f 3144 3165 3181
f 3181 3165 3166
f 3181 3166 3182
f 3182 3166 3167
f 3182 3167 3183
f 3183 3167 3168
f 3183 3168 3184
f 3184 3168 3169
f 3184 3169 3185
f 3185 3169 3170
f 3185 3170 3186
f 3186 3170 3171
f 3186 3171 3187
f 3187 3171 3172
f 3187 3172 3188
f 3188 3172 3173
f 3188 3173 3189
f 3189 3173 3174
f 3189 3174 3190
f 3190 3174 3175
f 3190 3175 3191
f 3191 3175 3176
f 3191 3176 3192
f 3192 3176 3177
f 3192 3177 3193
f 3193 3177 3178
f 3193 3178 3194
f 3194 3178 3179
f 3194 3179 3195
f 3195 3179 3180
f 3195 3180 3196
f 3142 3144 3197
f 3197 3144 3181
f 3197 3181 3198
f 3198 3181 3182
f 3198 3182 3199
f 3199 3182 3183
f 3199 3183 3200
f 3200 3183 3184
f 3200 3184 3201
f 3201 3184 3185
f 3201 3185 3202
f 3202 3185 3186
f 3202 3186 3203
f 3203 3186 3187
f 3203 3187 3204
f 3204 3187 3188
f 3204 3188 3205
f 3205 3188 3189
f 3205 3189 3206
f 3206 3189 3190
f 3206 3190 3207
f 3207 3190 3191
f 3207 3191 3208
f 3208 3191 3192
f 3208 3192 3209
f 3209 3192 3193
f 3209 3193 3210
f 3210 3193 3194
f 3210 3194 3211
f 3211 3194 3195
f 3211 3195 3212
f 3212 3195 3196
f 3212 3196 3213
f 3116 3118 3214
f 3214 3118 3215
f 3216 3217 3218
f 3218 3217 3219
f 3218 3219 3215
f 3215 3219 3220
f 3215 3220 3214
f 3221 3222 3216
f 3216 3222 3223
f 3216 3223 3217
f 3118 3083 3215
f 3215 3083 3147
f 3215 3147 3218
f 3218 3147 3145
f 3218 3145 3216
f 3216 3145 3143
f 3216 3143 3221
f 3221 3143 3142
f 3126 3124 3220
f 3220 3124 3123
f 3220 3123 3214
f 3214 3123 3125
f 3214 3125 3116
f 3220 3219 3126
f 3126 3219 3217
f 3126 3217 3136
f 3136 3217 3223
f 3136 3223 3138
f 2145 3132 3224
f 3224 3132 3134
f 3224 3134 3225
f 3225 3134 3135
f 3225 3135 3226
f 3226 3135 3133
f 3226 3133 3227
f 3227 3133 3140
f 3227 3140 3228
f 3228 3140 3138
f 3228 3138 2148
f 2148 3138 3223
f 2148 3223 3222
f 3229 3230 3227
f 3231 3225 3230
f 3230 3225 3226
f 3230 3226 3227
f 3232 2145 3231
f 3231 2145 3224
f 3231 3224 3225
f 3229 3233 3230
f 3230 3233 3234
f 3230 3234 3231
f 3231 3234 3235
f 3231 3235 3232
f 3232 3235 3236
f 2143 3236 3237
f 3237 3236 3235
f 3237 3235 3238
f 3238 3235 3234
f 3238 3234 3239
f 3239 3234 3233
f 3239 3233 2148
f 3229 2148 3233
f 3227 3228 3229
f 3229 3228 2148
f 3240 2205 3241
f 3240 3241 3242
f 3243 3244 3245
f 3245 3244 3246
f 3245 3246 3247
f 3247 3246 3248
f 3249 3250 3251
f 3251 3250 3252
f 3251 3252 3253
f 3253 3252 3254
f 3253 3254 3255
f 3255 3254 3256
f 3255 3256 3257
f 3257 3256 3258
f 3257 3258 3248
f 3248 3258 3259
f 3248 3259 3247
f 3260 3261 3249
f 3249 3261 1965
f 3249 1965 3250
f 2146 2148 3262
f 3262 2148 3222
f 3262 3222 3263
f 3264 3265 3241
f 3241 3265 3266
f 3267 3242 3268
f 3268 3242 3241
f 3268 3241 3269
f 3269 3241 3266
f 3269 3266 3260
f 3260 3266 3270
f 3260 3270 3261
f 1884 3271 3243
f 3243 3271 3272
f 3243 3272 3244
f 3244 3272 3273
f 3244 3273 3274
f 3274 3273 3275
f 3274 3275 3268
f 3268 3275 3276
f 3268 3276 3267
f 3277 3211 3278
f 3278 3211 3212
f 3278 3212 3264
f 3264 3212 3213
f 3264 3213 3265
f 3279 3200 3280
f 3280 3200 3201
f 3280 3201 3281
f 3222 3221 3263
f 3263 3221 3142
f 3263 3142 3282
f 3282 3142 3197
f 3282 3197 3283
f 3283 3197 3198
f 3283 3198 3279
f 3279 3198 3199
f 3279 3199 3200
f 3201 3202 3281
f 3281 3202 3203
f 3281 3203 3284
f 3284 3203 3204
f 3284 3204 3285
f 3285 3204 3205
f 3285 3205 3286
f 3205 3206 3286
f 3286 3206 3207
f 3286 3207 3287
f 3287 3207 3208
f 3287 3208 3288
f 3288 3208 3209
f 3288 3209 3277
f 3277 3209 3210
f 3277 3210 3211
f 2650 2776 3289
f 3289 2776 3290
f 3289 3290 3291
f 3291 3290 3292
f 3291 3292 3293
f 3293 3292 3294
f 3293 3294 3295
f 3295 3294 3296
f 3295 3296 3297
f 3297 3296 3298
f 3297 3298 3299
f 3299 3298 3300
f 3299 3300 3301
f 3301 3300 3302
f 3301 3302 2642
f 2642 3302 3303
f 2652 2736 2650
f 2650 2736 2776
f 2652 2682 2736
f 2682 2652 2679
f 2679 2652 2651
f 2679 2651 3304
f 3304 2651 3305
f 3304 3305 3306
f 3306 3305 3307
f 3306 3307 3308
f 3308 3307 3309
f 3308 3309 3310
f 3310 3309 3311
f 3310 3311 3312
f 3312 3311 3313
f 3312 3313 2678
f 2678 3313 3314
f 2678 3314 3315
f 3315 3314 3316
f 3315 3316 2674
f 2674 3316 2716
f 2641 3317 2651
f 2651 3317 3305
f 3318 3313 3311
f 3305 3317 3307
f 3307 3317 3319
f 3307 3319 3309
f 3309 3319 3320
f 3309 3320 3311
f 3311 3320 3321
f 3311 3321 3318
f 3322 2716 3323
f 3323 2716 3316
f 3323 3316 3324
f 3324 3316 3314
f 3324 3314 3325
f 3325 3314 3313
f 3325 3313 3326
f 3326 3313 3318
f 3327 3328 2541
f 2541 3328 3329
f 3328 3330 3329
f 3329 3330 3331
f 3329 3331 3332
f 3333 2532 3334
f 3334 2532 3332
f 3334 3332 3335
f 3335 3332 3331
f 2645 2644 3333
f 3333 3334 2645
f 2645 3334 3335
f 2645 3335 2647
f 2647 3335 3331
f 2647 3331 2648
f 3327 2654 3328
f 3328 2654 2648
f 3328 2648 3330
f 3330 2648 3331
f 3336 3320 3319
f 3337 3338 3321
f 3321 3338 3339
f 3321 3339 3318
f 2654 3327 2641
f 2641 3327 3336
f 2641 3336 3317
f 3317 3336 3319
f 3320 3336 3321
f 3321 3336 3340
f 3321 3340 3337
f 3327 2541 3336
f 3336 2541 3341
f 2496 3342 3343
f 3343 3342 3344
f 3343 3344 3345
f 3341 3346 3336
f 3336 3346 2479
f 3336 2479 3344
f 3344 2479 2484
f 3344 2484 3345
f 3347 3348 2514
f 2514 3348 3349
f 3348 3350 3349
f 3349 3350 3351
f 3349 3351 3352
f 3342 2496 3353
f 3353 2496 3352
f 3353 3352 3354
f 3354 3352 3351
f 2881 2880 3342
f 3342 3353 2881
f 2881 3353 3354
f 2881 3354 2883
f 2883 3354 3351
f 2883 3351 2884
f 3347 2885 3348
f 3348 2885 2884
f 3348 2884 3350
f 3350 2884 3351
f 3344 3342 2880
f 2880 2732 3344
f 3344 2732 3355
f 3344 3355 3356
f 3356 2730 3357
f 3358 3344 3359
f 3359 3344 3356
f 3359 3356 3360
f 3360 3356 3357
f 3326 3318 3339
f 3359 3337 3340
f 3336 3344 3340
f 3340 3344 3358
f 3340 3358 3359
f 3337 3359 3338
f 3338 3359 3360
f 3338 3360 3339
f 3357 2730 3361
f 3360 3357 3339
f 3339 3357 3361
f 3339 3361 3326
f 3326 3361 2725
f 3326 2725 3325
f 2720 3322 2724
f 2724 3322 3323
f 2724 3323 3362
f 3362 3323 2725
f 2725 3323 3324
f 2725 3324 3325
f 3363 2716 3322
f 3363 3322 3364
f 2720 2709 3365
f 3365 3366 2720
f 2720 3366 3367
f 2720 3367 3322
f 3322 3367 3368
f 3322 3368 3364
f 1577 1576 1636
f 3369 3370 3371
f 3371 3370 3372
f 3371 3372 3373
f 3373 3372 3374
f 3373 3374 1663
f 1663 3374 1664
f 3375 3376 3377
f 3377 3376 3378
f 3377 3378 3379
f 3379 3378 3380
f 3379 3380 3381
f 3381 3380 3382
f 3376 3375 3383
f 3383 3375 3384
f 3383 3384 3385
f 3383 3385 3386
f 3386 3385 3387
f 3386 3387 3388
f 3388 3387 3389
f 3388 3389 3390
f 3390 3389 3391
f 3390 3391 3392
f 3391 3393 3392
f 3392 3393 3394
f 3394 3393 3395
f 3394 3395 3396
f 3396 3395 3397
f 3396 3397 3398
f 3398 3397 3399
f 3398 3399 3400
f 3400 3399 3401
f 3400 3401 3402
f 3403 3404 3405
f 3405 3404 3406
f 3405 3406 3407
f 3407 3406 3408
f 3407 3408 3409
f 3409 3408 3410
f 3409 3410 3411
f 3411 3410 3412
f 3411 3412 3413
f 3413 3412 3414
f 3413 3414 3415
f 3415 3414 3416
f 3415 3416 3401
f 3401 3416 3402
f 3404 3403 3417
f 3404 3417 3418
f 3418 3417 3419
f 3418 3419 3420
f 3420 3419 3421
f 3420 3421 3422
f 3422 3421 3423
f 3422 3423 3424
f 3424 3423 3425
f 3424 3425 3426
f 3426 3425 3427
f 3426 3427 3428
f 3428 3427 3429
f 3428 3429 3430
f 3430 3429 3431
f 3430 3431 3432
f 3432 3431 3433
f 3432 3433 3434
f 3434 3433 3435
f 3434 3435 3436
f 3436 3435 3437
f 3436 3437 3438
f 3438 3437 3439
f 3438 3439 3440
f 3440 3439 3441
f 3441 3439 1574
f 1574 1571 3441
f 3441 1571 3442
f 3442 1571 3443
f 3443 1571 1564
f 1546 1549 3444
f 3444 1549 3445
f 3444 3445 3446
f 3446 3445 3447
f 3446 3447 3448
f 3448 3447 3449
f 3448 3449 1564
f 1564 3449 3443
f 3450 3451 3452
f 3452 3451 3453
f 3452 3453 3454
f 3454 3453 3455
f 3454 3455 3456
f 3456 3455 3457
f 1474 3458 1473
f 1473 3458 3456
f 1473 3456 3457
f 3451 3450 3459
f 3459 3450 3460
f 3461 3462 3463
f 3463 3462 3464
f 3465 3466 3467
f 3467 3466 3468
f 3467 3468 3469
f 3469 3468 3470
f 3469 3470 3461
f 3461 3470 3462
f 1577 1636 3465
f 3465 1636 3466
f 3471 3472 3369
f 3369 3472 3370
f 3381 3382 3473
f 3473 3382 3474
f 3475 3476 3477
f 3475 3477 3478
f 3478 3477 3479
f 3478 3479 3480
f 3473 3474 3481
f 3481 3474 3482
f 3481 3482 3483
f 3483 3482 3484
f 3480 3479 3485
f 3485 3479 3486
f 3485 3486 3482
f 3482 3486 3487
f 3482 3487 3484
f 3488 3489 3490
f 3490 3489 3491
f 3490 3491 3483
f 3491 3492 3483
f 3483 3492 3493
f 3483 3493 3494
f 3495 3496 3497
f 3497 3496 3481
f 3497 3481 3498
f 3498 3481 3483
f 3498 3483 3499
f 3499 3483 3494
f 3488 3490 3500
f 3500 3490 3501
f 3500 3501 3502
f 3503 3504 3505
f 3501 3503 3502
f 3502 3503 3505
f 3502 3505 3506
f 3505 3504 3507
f 3507 3504 3508
f 3472 3471 3509
f 3509 3471 3510
f 3509 3510 3511
f 3511 3510 3512
f 3511 3512 3508
f 3508 3512 3513
f 3508 3513 3507
f 3511 3514 3509
f 3509 3514 3515
f 3509 3515 3516
f 3516 3515 3517
f 3516 3517 3518
f 3517 3519 3518
f 3518 3519 3520
f 3518 3520 3521
f 3521 3520 3522
f 3521 3522 3523
f 3524 3525 3526
f 3527 3528 3529
f 3529 3528 3530
f 3529 3530 3531
f 3531 3530 3532
f 3531 3532 3533
f 3534 3463 3464
f 3533 3532 3535
f 3535 3532 3536
f 3535 3536 3526
f 3526 3536 3537
f 3526 3537 3524
f 3464 3526 3534
f 3534 3526 3525
f 3534 3525 3538
f 3538 3525 3539
f 3538 3539 3540
f 3541 3542 3539
f 3539 3542 3543
f 3539 3543 3540
f 3542 3541 3544
f 3544 3541 3545
f 3544 3545 3546
f 3544 3546 3547
f 3547 3546 3548
f 3459 3460 3549
f 3549 3460 3550
f 3549 3550 3551
f 3551 3550 3552
f 3551 3552 3548
f 3548 3552 3553
f 3548 3553 3547
f 3551 3554 3549
f 3549 3554 3555
f 3549 3555 3556
f 3556 3555 3557
f 3556 3557 3558
f 3557 3559 3558
f 3558 3559 3560
f 3558 3560 3561
f 3561 3560 3562
f 3561 3562 3563
f 3564 3565 3451
f 1469 1470 1471
f 3453 3445 3455
f 3455 3445 1549
f 3455 1549 3457
f 1471 1472 1469
f 1469 1472 1473
f 1469 1473 1548
f 1548 1473 3457
f 1548 3457 1550
f 1550 3457 1549
f 3424 3426 3404
f 3398 3376 3396
f 3396 3376 3383
f 3396 3383 3394
f 3394 3383 3392
f 3398 3400 3376
f 3376 3400 3402
f 3376 3402 3378
f 3378 3402 3416
f 3378 3416 3380
f 3380 3416 3414
f 3380 3414 3412
f 3412 3410 3434
f 3434 3410 3408
f 3434 3408 3406
f 3426 3428 3404
f 3404 3428 3430
f 3404 3430 3406
f 3406 3430 3432
f 3406 3432 3434
f 3382 3566 3567
f 3453 3451 3445
f 3445 3451 3565
f 3445 3565 3447
f 3447 3565 3568
f 3447 3568 3449
f 3449 3568 3569
f 3418 3420 3404
f 3404 3420 3422
f 3404 3422 3424
f 3386 3388 3383
f 3383 3388 3390
f 3383 3390 3392
f 3570 3571 3434
f 3434 3571 3572
f 3564 3451 3573
f 3573 3451 3459
f 3573 3459 3549
f 3382 3567 3474
f 3474 3567 3574
f 3474 3574 3482
f 3438 3440 3436
f 3436 3440 3575
f 3436 3575 3434
f 3434 3575 3576
f 3434 3576 3570
f 3440 3441 3575
f 3575 3441 3442
f 3575 3442 3569
f 3569 3442 3443
f 3569 3443 3449
f 3412 3434 3380
f 3380 3434 3572
f 3380 3572 3382
f 3382 3572 3577
f 3382 3577 3566
f 3578 3579 3470
f 3466 1636 3580
f 3578 3470 3581
f 3582 3468 3583
f 3583 3468 3466
f 3583 3466 3584
f 3584 3466 3580
f 1664 3374 3585
f 3370 3472 3509
f 3582 3586 3468
f 3468 3586 3587
f 3468 3587 3470
f 3470 3587 3588
f 3470 3588 3581
f 1652 1654 3589
f 3589 1654 1656
f 3589 1656 1658
f 3526 3464 3590
f 3590 3464 3462
f 3585 3591 1664
f 1664 3591 3589
f 1664 3589 1662
f 1662 3589 1658
f 1662 1658 1660
f 3592 3593 3579
f 3579 3593 3594
f 3579 3594 3595
f 3509 3596 3370
f 3370 3596 3597
f 3370 3597 3372
f 3372 3597 3598
f 3372 3598 3599
f 3599 3592 3372
f 3372 3592 3579
f 3372 3579 3374
f 3374 3579 3600
f 3374 3600 3585
f 3595 3601 3579
f 3579 3601 3602
f 3579 3602 3470
f 3470 3602 3603
f 3470 3603 3462
f 3462 3603 3604
f 3462 3604 3590
f 3605 3606 3576
f 3607 3608 3574
f 3609 3475 3610
f 3610 3475 3608
f 3475 3478 3608
f 3608 3478 3480
f 3608 3480 3574
f 3574 3480 3485
f 3574 3485 3482
f 3596 3509 3516
f 3610 3611 3609
f 3609 3611 3612
f 3609 3612 3613
f 3613 3612 3614
f 3613 3614 3523
f 3523 3614 3615
f 3523 3615 3521
f 3521 3615 3616
f 3521 3616 3518
f 3526 3590 3535
f 3535 3590 3617
f 3535 3617 3533
f 3573 3549 3556
f 3533 3617 3531
f 3531 3617 3618
f 3531 3618 3529
f 3529 3618 3619
f 3529 3619 3527
f 3527 3619 3620
f 3527 3620 3621
f 3621 3620 3622
f 3621 3622 3563
f 3563 3622 3623
f 3563 3623 3561
f 3561 3623 3624
f 3561 3624 3558
f 3593 3625 3626
f 3593 3626 3594
f 3627 3628 3599
f 3599 3628 3629
f 3599 3629 3592
f 3592 3629 3630
f 3592 3630 3593
f 3593 3630 3631
f 3593 3631 3625
f 3627 3599 3632
f 3632 3599 3598
f 3632 3598 3633
f 3633 3598 3597
f 3633 3597 3634
f 3634 3597 3635
f 3635 3597 3596
f 3635 3596 3616
f 3616 3596 3516
f 3616 3516 3518
f 3607 3574 3636
f 3636 3574 3567
f 3636 3567 3637
f 3637 3567 3566
f 3637 3566 3638
f 3577 3639 3566
f 3566 3639 3640
f 3566 3640 3638
f 3572 3571 3641
f 3641 3642 3572
f 3572 3642 3643
f 3572 3643 3577
f 3577 3643 3644
f 3577 3644 3639
f 3576 3606 3570
f 3606 3645 3570
f 3570 3645 3646
f 3570 3646 3571
f 3571 3646 3647
f 3571 3647 3641
f 3605 3576 3648
f 3648 3576 3575
f 3648 3575 3649
f 3649 3575 3569
f 3649 3569 3650
f 3650 3569 3651
f 3651 3569 3568
f 3651 3568 3652
f 3652 3568 3653
f 3653 3568 3565
f 3653 3565 3654
f 3654 3565 3655
f 3655 3565 3564
f 3655 3564 3656
f 3656 3564 3657
f 3657 3564 3573
f 3657 3573 3624
f 3624 3573 3556
f 3624 3556 3558
f 3604 3603 3658
f 3658 3659 3604
f 3604 3659 3660
f 3604 3660 3590
f 3590 3660 3661
f 3590 3661 3617
f 3602 3601 3662
f 3662 3663 3602
f 3602 3663 3664
f 3602 3664 3603
f 3603 3664 3665
f 3603 3665 3658
f 3626 3666 3594
f 3594 3666 3667
f 3594 3667 3595
f 3595 3667 3668
f 3595 3668 3601
f 3601 3668 3669
f 3601 3669 3662
f 3670 3671 3672
f 3670 3672 3673
f 3674 3675 3672
f 3672 3675 3676
f 3672 3676 3673
f 3677 3678 3672
f 3672 3678 3679
f 3672 3679 3674
f 3680 3681 3672
f 3672 3681 3682
f 3672 3682 3677
f 3683 3684 3672
f 3672 3684 3685
f 3672 3685 3680
f 3686 3687 3672
f 3672 3687 3688
f 3672 3688 3683
f 3689 3690 3672
f 3672 3690 3691
f 3672 3691 3686
f 3692 3693 3672
f 3672 3693 3694
f 3672 3694 3689
f 3695 3696 3672
f 3672 3696 3697
f 3672 3697 3692
f 3698 3699 3672
f 3672 3699 3700
f 3672 3700 3695
f 3701 3702 3672
f 3672 3702 3703
f 3672 3703 3698
f 3704 3705 3672
f 3672 3705 3706
f 3672 3706 3701
f 3707 3708 3672
f 3672 3708 3709
f 3672 3709 3704
f 3710 3711 3672
f 3672 3711 3712
f 3672 3712 3707
f 3713 3714 3672
f 3672 3714 3715
f 3672 3715 3710
f 3716 3717 3672
f 3672 3717 3718
f 3672 3718 3713
f 3719 3720 3672
f 3672 3720 3721
f 3672 3721 3716
f 3722 3723 3672
f 3672 3723 3724
f 3672 3724 3719
f 3725 3726 3672
f 3672 3726 3727
f 3672 3727 3722
f 3728 3729 3672
f 3672 3729 3730
f 3672 3730 3725
f 3671 3731 3672
f 3672 3731 3732
f 3672 3732 3728
f 3670 3733 3671
f 3671 3733 3734
f 3671 3734 3731
f 3731 3734 3735
f 3731 3735 3732
f 3732 3735 3736
f 3732 3736 3728
f 3728 3736 3737
f 3728 3737 3729
f 3729 3737 3738
f 3729 3738 3730
f 3730 3738 3739
f 3730 3739 3725
f 3725 3739 3740
f 3725 3740 3726
f 3726 3740 3741
f 3726 3741 3727
f 3727 3741 3742
f 3727 3742 3722
f 3722 3742 3743
f 3722 3743 3723
f 3723 3743 3744
f 3723 3744 3724
f 3724 3744 3745
f 3724 3745 3719
f 3719 3745 3746
f 3719 3746 3720
f 3720 3746 3747
f 3720 3747 3721
f 3721 3747 3748
f 3721 3748 3716
f 3716 3748 3749
f 3716 3749 3717
f 3717 3749 3750
f 3717 3750 3718
f 3718 3750 3751
f 3718 3751 3713
f 3713 3751 3752
f 3713 3752 3714
f 3714 3752 3753
f 3714 3753 3715
f 3715 3753 3754
f 3715 3754 3710
f 3710 3754 3755
f 3710 3755 3711
f 3711 3755 3756
f 3711 3756 3712
f 3712 3756 3757
f 3712 3757 3707
f 3707 3757 3758
f 3707 3758 3708
f 3708 3758 3759
f 3708 3759 3709
f 3709 3759 3760
f 3709 3760 3704
f 3704 3760 3761
f 3704 3761 3705
f 3705 3761 3762
f 3705 3762 3706
f 3706 3762 3763
f 3706 3763 3701
f 3701 3763 3764
f 3701 3764 3702
f 3702 3764 3765
f 3702 3765 3703
f 3703 3765 3766
f 3703 3766 3698
f 3698 3766 3767
f 3698 3767 3699
f 3699 3767 3768
f 3699 3768 3700
f 3700 3768 3769
f 3700 3769 3695
f 3695 3769 3770
f 3695 3770 3696
f 3696 3770 3771
f 3696 3771 3697
f 3697 3771 3772
f 3697 3772 3692
f 3692 3772 3773
f 3692 3773 3693
f 3693 3773 3774
f 3693 3774 3694
f 3694 3774 3775
f 3694 3775 3689
f 3689 3775 3776
f 3689 3776 3690
f 3690 3776 3777
f 3690 3777 3691
f 3691 3777 3778
f 3691 3778 3686
f 3686 3778 3779
f 3686 3779 3687
f 3687 3779 3780
f 3687 3780 3688
f 3688 3780 3781
f 3688 3781 3683
f 3683 3781 3782
f 3683 3782 3684
f 3684 3782 3783
f 3684 3783 3685
f 3685 3783 3784
f 3685 3784 3680
f 3680 3784 3785
f 3680 3785 3681
f 3681 3785 3786
f 3681 3786 3682
f 3682 3786 3787
f 3682 3787 3677
f 3677 3787 3788
f 3677 3788 3678
f 3678 3788 3789
f 3678 3789 3679
f 3679 3789 3790
f 3679 3790 3674
f 3674 3790 3791
f 3674 3791 3675
f 3675 3791 3792
f 3675 3792 3676
f 3676 3792 3793
f 3676 3793 3673
f 3673 3793 3794
f 3673 3794 3670
f 3670 3794 3733
f 3794 3795 3733
f 3733 3795 3796
f 3733 3796 3734
f 3734 3796 3797
f 3734 3797 3735
f 3735 3797 3798
f 3735 3798 3736
f 3736 3798 3799
f 3736 3799 3737
f 3737 3799 3800
f 3737 3800 3738
f 3738 3800 3801
f 3738 3801 3739
f 3739 3801 3802
f 3739 3802 3740
f 3740 3802 3803
f 3740 3803 3741
f 3741 3803 3804
f 3741 3804 3742
f 3742 3804 3805
f 3742 3805 3743
f 3743 3805 3806
f 3743 3806 3744
f 3744 3806 3807
f 3744 3807 3745
f 3745 3807 3808
f 3745 3808 3746
f 3746 3808 3809
f 3746 3809 3747
f 3747 3809 3810
f 3747 3810 3748
f 3748 3810 3811
f 3748 3811 3749
f 3749 3811 3812
f 3749 3812 3750
f 3750 3812 3813
f 3750 3813 3751
f 3751 3813 3814
f 3751 3814 3752
f 3752 3814 3815
f 3752 3815 3753
f 3753 3815 3816
f 3753 3816 3754
f 3754 3816 3817
f 3754 3817 3755
f 3755 3817 3818
f 3755 3818 3756
f 3756 3818 3819
f 3756 3819 3757
f 3757 3819 3820
f 3757 3820 3758
f 3758 3820 3821
f 3758 3821 3759
f 3759 3821 3822
f 3759 3822 3760
f 3760 3822 3823
f 3760 3823 3761
f 3761 3823 3824
f 3761 3824 3762
f 3762 3824 3825
f 3762 3825 3763
f 3763 3825 3826
f 3763 3826 3764
f 3764 3826 3827
f 3764 3827 3765
f 3765 3827 3828
f 3765 3828 3766
f 3766 3828 3829
f 3766 3829 3767
f 3767 3829 3830
f 3767 3830 3768
f 3768 3830 3831
f 3768 3831 3769
f 3769 3831 3832
f 3769 3832 3770
f 3770 3832 3833
f 3770 3833 3771
f 3771 3833 3834
f 3771 3834 3772
f 3772 3834 3835
f 3772 3835 3773
f 3773 3835 3836
f 3773 3836 3774
f 3774 3836 3837
f 3774 3837 3775
f 3775 3837 3838
f 3775 3838 3776
f 3776 3838 3839
f 3776 3839 3777
f 3777 3839 3840
f 3777 3840 3778
f 3778 3840 3841
f 3778 3841 3779
f 3779 3841 3842
f 3779 3842 3780
f 3780 3842 3843
f 3780 3843 3781
f 3781 3843 3844
f 3781 3844 3782
f 3782 3844 3845
f 3782 3845 3783
f 3783 3845 3846
f 3783 3846 3784
f 3784 3846 3847
f 3784 3847 3785
f 3785 3847 3848
f 3785 3848 3786
f 3786 3848 3849
f 3786 3849 3787
f 3787 3849 3850
f 3787 3850 3788
f 3788 3850 3851
f 3788 3851 3789
f 3789 3851 3852
f 3789 3852 3790
f 3790 3852 3853
f 3790 3853 3791
f 3791 3853 3854
f 3791 3854 3792
f 3792 3854 3855
f 3792 3855 3793
f 3793 3855 3856
f 3793 3856 3794
f 3794 3856 3795
f 3856 3606 3795
f 3795 3606 3605
f 3795 3605 3796
f 3796 3605 3648
f 3796 3648 3797
f 3797 3648 3649
f 3797 3649 3798
f 3798 3649 3650
f 3798 3650 3799
f 3799 3650 3651
f 3799 3651 3800
f 3800 3651 3652
f 3800 3652 3801
f 3801 3652 3653
f 3801 3653 3802
f 3802 3653 3654
f 3802 3654 3803
f 3803 3654 3655
f 3803 3655 3804
f 3804 3655 3656
f 3804 3656 3805
f 3805 3656 3657
f 3805 3657 3806
f 3806 3657 3624
f 3806 3624 3807
f 3807 3624 3623
f 3807 3623 3808
f 3808 3623 3622
f 3808 3622 3809
f 3809 3622 3620
f 3809 3620 3810
f 3810 3620 3619
f 3810 3619 3811
f 3811 3619 3618
f 3811 3618 3812
f 3812 3618 3617
f 3812 3617 3813
f 3813 3617 3661
f 3813 3661 3814
f 3814 3661 3660
f 3814 3660 3815
f 3815 3660 3659
f 3815 3659 3816
f 3816 3659 3658
f 3816 3658 3817
f 3817 3658 3665
f 3817 3665 3818
f 3818 3665 3664
f 3818 3664 3819
f 3819 3664 3663
f 3819 3663 3820
f 3820 3663 3662
f 3820 3662 3821
f 3821 3662 3669
f 3821 3669 3822
f 3822 3669 3668
f 3822 3668 3823
f 3823 3668 3667
f 3823 3667 3824
f 3824 3667 3666
f 3824 3666 3825
f 3825 3666 3626
f 3825 3626 3826
f 3826 3626 3625
f 3826 3625 3827
f 3827 3625 3631
f 3827 3631 3828
f 3828 3631 3630
f 3828 3630 3829
f 3829 3630 3629
f 3829 3629 3830
f 3830 3629 3628
f 3830 3628 3831
f 3831 3628 3627
f 3831 3627 3832
f 3832 3627 3632
f 3832 3632 3833
f 3833 3632 3633
f 3833 3633 3834
f 3834 3633 3634
f 3834 3634 3835
f 3835 3634 3635
f 3835 3635 3836
f 3836 3635 3616
f 3836 3616 3837
f 3837 3616 3615
f 3837 3615 3838
f 3838 3615 3614
f 3838 3614 3839
f 3839 3614 3612
f 3839 3612 3840
f 3840 3612 3611
f 3840 3611 3841
f 3841 3611 3610
f 3841 3610 3842
f 3842 3610 3608
f 3842 3608 3843
f 3843 3608 3607
f 3843 3607 3844
f 3844 3607 3636
f 3844 3636 3845
f 3845 3636 3637
f 3845 3637 3846
f 3846 3637 3638
f 3846 3638 3847
f 3847 3638 3640
f 3847 3640 3848
f 3848 3640 3639
f 3848 3639 3849
f 3849 3639 3644
f 3849 3644 3850
f 3850 3644 3643
f 3850 3643 3851
f 3851 3643 3642
f 3851 3642 3852
f 3852 3642 3641
f 3852 3641 3853
f 3853 3641 3647
f 3853 3647 3854
f 3854 3647 3646
f 3854 3646 3855
f 3855 3646 3645
f 3855 3645 3856
f 3856 3645 3606
f 1537 3423 3857
f 1537 3857 3858
f 3858 3857 3421
f 3858 3421 1536
f 1536 3421 3859
f 1536 3859 3860
f 3860 3859 3419
f 3860 3419 1525
f 1525 3419 3861
f 1525 3861 3862
f 3862 3861 3417
f 3862 3417 1527
f 1527 3417 3863
f 1527 3863 3864
f 3864 3863 3403
f 3864 3403 1528
f 3865 3866 3867
f 3865 3867 3868
f 3869 3870 3867
f 3867 3870 3871
f 3867 3871 3868
f 3872 3873 3867
f 3867 3873 3874
f 3867 3874 3869
f 3875 3876 3867
f 3867 3876 3877
f 3867 3877 3872
f 3878 3879 3867
f 3867 3879 3880
f 3867 3880 3875
f 3881 3882 3867
f 3867 3882 3883
f 3867 3883 3878
f 3884 3885 3867
f 3867 3885 3886
f 3867 3886 3881
f 3887 3888 3867
f 3867 3888 3889
f 3867 3889 3884
f 3890 3891 3867
f 3867 3891 3892
f 3867 3892 3887
f 3893 3894 3867
f 3867 3894 3895
f 3867 3895 3890
f 3866 3896 3867
f 3867 3896 3897
f 3867 3897 3893
f 1528 3403 3898
f 3879 1532 3880
f 3880 1532 3899
f 3880 3899 3875
f 3875 3899 3900
f 3875 3900 3876
f 3876 3900 3901
f 3876 3901 3877
f 3877 3901 3902
f 3877 3902 3872
f 3872 3902 3903
f 3872 3903 3873
f 3873 3903 3904
f 3873 3904 3874
f 3874 3904 3905
f 3874 3905 3869
f 3869 3905 1534
f 3869 1534 3870
f 3870 1534 3906
f 3870 3906 3871
f 3871 3906 3907
f 3871 3907 3868
f 3868 3907 3908
f 3868 3908 3865
f 3865 3908 3909
f 3865 3909 3866
f 3866 3909 3910
f 3866 3910 3896
f 3896 3910 3911
f 3896 3911 3897
f 3897 3911 3912
f 3897 3912 3893
f 3912 1528 3893
f 3893 1528 3898
f 3893 3898 3894
f 3894 3898 3913
f 3894 3913 3895
f 3895 3913 3914
f 3895 3914 3890
f 3890 3914 3915
f 3890 3915 3891
f 3891 3915 3916
f 3891 3916 3892
f 3892 3916 3917
f 3892 3917 3887
f 3887 3917 3918
f 3887 3918 3888
f 3888 3918 3919
f 3888 3919 3889
f 3889 3919 3920
f 3889 3920 3884
f 3884 3920 3921
f 3884 3921 3885
f 3885 3921 3922
f 3885 3922 3886
f 3886 3922 3923
f 3886 3923 3881
f 3881 3923 3924
f 3881 3924 3882
f 3882 3924 3925
f 3882 3925 3883
f 3883 3925 3926
f 3883 3926 3878
f 3878 3926 3927
f 3878 3927 3879
f 3879 3927 3928
f 3879 3928 1532
f 1532 3928 3401
f 3393 1499 3929
f 3393 3929 3930
f 3930 3929 1498
f 3930 1498 3395
f 3395 1498 3931
f 3395 3931 3932
f 3932 3931 1497
f 3932 1497 3397
f 3397 1497 3933
f 3397 3933 3934
f 3934 3933 1530
f 3934 1530 3399
f 3399 1530 3935
f 3399 3935 3936
f 3936 3935 1532
f 3936 1532 3401
f 3937 1382 1384
f 3938 3937 1388
f 1388 3937 1384
f 3937 3938 1382
f 1382 3938 1385
f 3939 3940 3941
f 3941 3940 3942
f 3943 3944 3945
f 3945 3944 3946
f 3947 3948 3949
f 3949 3948 3946
f 3949 3946 3950
f 3950 3946 3944
f 3947 3951 3948
f 3948 3951 3952
f 3948 3952 3953
f 3954 3955 3956
f 3956 3955 3953
f 3956 3953 3957
f 3957 3953 3952
f 3954 3958 3955
f 3955 3958 3959
f 3955 3959 3960
f 3961 3962 3963
f 3963 3962 3960
f 3963 3960 3964
f 3964 3960 3959
f 3961 3965 3962
f 3962 3965 3966
f 3962 3966 3967
f 3967 3966 3968
f 3967 3968 3969
f 3969 3968 3970
f 3970 3971 3969
f 3969 3971 3972
f 3969 3972 3973
f 3972 3974 3973
f 3973 3974 3975
f 3973 3975 3976
f 3976 3975 3977
f 3978 3979 3980
f 3980 3979 3976
f 3980 3976 3981
f 3981 3976 3977
f 3978 3982 3979
f 3979 3982 3983
f 3979 3983 3984
f 3983 3985 3984
f 3984 3985 3986
f 3984 3986 3987
f 3986 3988 3987
f 3987 3988 3989
f 3987 3989 3990
f 3991 3992 3993
f 3993 3992 3990
f 3993 3990 3994
f 3994 3990 3989
f 3991 3995 3992
f 3992 3995 3996
f 3992 3996 3997
f 3998 3999 4000
f 4000 3999 3997
f 4000 3997 4001
f 4001 3997 3996
f 3998 4002 3999
f 3999 4002 4003
f 3999 4003 4004
f 4003 4005 4004
f 4004 4005 4006
f 4004 4006 4007
f 4006 4008 4007
f 4007 4008 4009
f 4007 4009 4010
f 4009 4011 4010
f 4010 4011 4012
f 4010 4012 4013
f 4013 4012 4014
f 4014 4015 4013
f 4013 4015 4016
f 4013 4016 4017
f 4016 4018 4017
f 4017 4018 4019
f 4017 4019 4020
f 4020 4019 4021
f 4021 4022 4020
f 4020 4022 4023
f 4020 4023 4024
f 4023 4025 4024
f 4024 4025 4026
f 4024 4026 4027
f 4028 4029 4030
f 4030 4029 4027
f 4030 4027 4031
f 4031 4027 4026
f 4028 4032 4029
f 4029 4032 4033
f 4029 4033 4034
f 4035 4036 4037
f 4037 4036 4034
f 4037 4034 4038
f 4038 4034 4033
f 4035 4039 4036
f 4036 4039 4040
f 4036 4040 4041
f 4040 4042 4041
f 4041 4042 4043
f 4041 4043 4044
f 4043 4045 4044
f 4044 4045 4046
f 4044 4046 4047
f 4046 4048 4047
f 4047 4048 4049
f 4047 4049 4050
f 4050 4049 4051
f 4051 4052 4050
f 4050 4052 4053
f 4050 4053 4054
f 4053 4055 4054
f 4054 4055 4056
f 4054 4056 4057
f 4057 4056 4058
f 4059 4060 4061
f 4061 4060 4057
f 4061 4057 4062
f 4062 4057 4058
f 4059 4063 4060
f 4060 4063 4064
f 4060 4064 3942
f 3942 4064 4065
f 3942 4065 3941
f 4066 4067 4068
f 4069 4070 4071
f 4072 4073 4074
f 4075 4076 4077
f 4078 4079 4080
f 4081 4082 4083
f 4084 4085 4086
f 4087 4088 4089
f 4090 4091 4092
f 4093 4094 4095
f 4096 4097 4098
f 4099 4100 4101
f 4012 4011 4102
f 4019 4018 4103
f 4031 4026 4104
f 4038 4033 4105
f 4042 4040 4106
f 4049 4048 4107
f 4056 4055 4108
f 3950 3944 4100
f 3947 3949 4109
f 3957 3952 4110
f 3964 3959 4111
f 3968 3966 4112
f 3975 3974 4113
f 3982 3978 4114
f 3994 3989 4115
f 4001 3996 4116
f 4005 4003 4117
f 4118 4119 4120
f 4121 3939 3941
f 4122 4123 4124
f 4101 4100 4122
f 4122 4100 3944
f 4122 3944 3943
f 4005 4117 4006
f 4001 4116 4000
f 3994 4115 3993
f 3982 4114 3983
f 3975 4113 3977
f 3968 4112 3970
f 3964 4111 3963
f 3957 4110 3956
f 4123 4121 4124
f 4124 4121 3941
f 4124 3941 4125
f 3941 4065 4125
f 4125 4065 4064
f 4125 4064 4126
f 4126 4064 4063
f 4063 4059 4126
f 4126 4059 4061
f 4126 4061 4127
f 4056 4108 4058
f 4049 4107 4051
f 4042 4106 4043
f 4038 4105 4037
f 4031 4104 4030
f 4019 4103 4021
f 4012 4102 4014
f 3949 3950 4109
f 4109 3950 4100
f 4109 4100 4128
f 4128 4100 4099
f 4128 4099 4129
f 4130 4124 4131
f 4131 4124 4125
f 4131 4125 4132
f 4132 4125 4126
f 4132 4126 4133
f 4133 4126 4127
f 4133 4127 4134
f 4008 4006 4135
f 4135 4006 4117
f 4135 4117 4136
f 4136 4117 4137
f 4136 4137 4138
f 4138 4137 4139
f 4003 4002 4117
f 4117 4002 4140
f 4117 4140 4137
f 4137 4140 4141
f 4137 4141 4139
f 4139 4141 4142
f 3998 4000 4143
f 4143 4000 4116
f 4143 4116 4144
f 4144 4116 4145
f 4144 4145 4146
f 4146 4145 4147
f 3996 3995 4116
f 4116 3995 4148
f 4116 4148 4145
f 4145 4148 4149
f 4145 4149 4147
f 4147 4149 4150
f 3995 3991 4148
f 4148 3991 4151
f 4148 4151 4149
f 4149 4151 4152
f 4149 4152 4150
f 4150 4152 4153
f 3985 3983 4154
f 4154 3983 4114
f 4154 4114 4155
f 4155 4114 4156
f 4155 4156 4157
f 4157 4156 4158
f 3978 3980 4114
f 4114 3980 4159
f 4114 4159 4156
f 4156 4159 4160
f 4156 4160 4158
f 4158 4160 4161
f 3980 3981 4159
f 4159 3981 4162
f 4159 4162 4160
f 4160 4162 4163
f 4160 4163 4161
f 4161 4163 4164
f 3958 3954 4165
f 4165 3954 4166
f 4165 4166 4167
f 4167 4166 4168
f 4167 4168 4169
f 4169 4168 4170
f 3954 3956 4166
f 4166 3956 4110
f 4166 4110 4168
f 4168 4110 4171
f 4168 4171 4170
f 4170 4171 4172
f 3952 3951 4110
f 4110 3951 4173
f 4110 4173 4171
f 4171 4173 4174
f 4171 4174 4172
f 4172 4174 4175
f 4176 4130 4177
f 4177 4130 4131
f 4177 4131 4178
f 4178 4131 4132
f 4178 4132 4179
f 4179 4132 4133
f 4179 4133 4180
f 4180 4133 4134
f 4180 4134 4181
f 4052 4051 4182
f 4182 4051 4107
f 4182 4107 4183
f 4183 4107 4184
f 4183 4184 4185
f 4185 4184 4186
f 4048 4046 4107
f 4107 4046 4187
f 4107 4187 4184
f 4184 4187 4188
f 4184 4188 4186
f 4186 4188 4189
f 4046 4045 4187
f 4187 4045 4190
f 4187 4190 4188
f 4188 4190 4191
f 4188 4191 4189
f 4189 4191 4192
f 4040 4039 4106
f 4106 4039 4193
f 4106 4193 4194
f 4194 4193 4195
f 4194 4195 4196
f 4196 4195 4197
f 4039 4035 4193
f 4193 4035 4198
f 4193 4198 4195
f 4195 4198 4199
f 4195 4199 4197
f 4197 4199 4200
f 4035 4037 4198
f 4198 4037 4105
f 4198 4105 4199
f 4199 4105 4201
f 4199 4201 4200
f 4200 4201 4202
f 4025 4023 4203
f 4203 4023 4204
f 4203 4204 4205
f 4205 4204 4206
f 4205 4206 4207
f 4207 4206 4208
f 4023 4022 4204
f 4204 4022 4209
f 4204 4209 4206
f 4206 4209 4210
f 4206 4210 4208
f 4208 4210 4211
f 4022 4021 4209
f 4209 4021 4103
f 4209 4103 4210
f 4210 4103 4212
f 4210 4212 4211
f 4211 4212 4213
f 4009 4008 4214
f 4214 4008 4135
f 4214 4135 4215
f 4215 4135 4136
f 4215 4136 4216
f 4216 4136 4138
f 4217 4218 4146
f 4146 4218 4142
f 4146 4142 4144
f 4144 4142 4141
f 4144 4141 4143
f 4143 4141 4140
f 4143 4140 3998
f 3998 4140 4002
f 4219 4220 4153
f 4153 4220 4221
f 4153 4221 4150
f 4150 4221 4222
f 4150 4222 4147
f 4147 4222 4223
f 4147 4223 4146
f 4146 4223 4224
f 4146 4224 4217
f 4097 4219 4098
f 4098 4219 4153
f 4098 4153 4225
f 4225 4153 4152
f 4225 4152 4115
f 4115 4152 4151
f 4115 4151 3993
f 3993 4151 3991
f 4226 4096 4227
f 4227 4096 4098
f 4227 4098 4228
f 4228 4098 4225
f 4228 4225 4229
f 4229 4225 4115
f 4229 4115 3988
f 3988 4115 3989
f 3988 3986 4229
f 4229 3986 4230
f 4229 4230 4228
f 4228 4230 4231
f 4228 4231 4227
f 4227 4231 4232
f 4227 4232 4226
f 4226 4232 4233
f 3986 3985 4230
f 4230 3985 4154
f 4230 4154 4231
f 4231 4154 4155
f 4231 4155 4232
f 4232 4155 4157
f 4232 4157 4233
f 4233 4157 4234
f 4235 4236 4164
f 4164 4236 4237
f 4164 4237 4161
f 4161 4237 4238
f 4161 4238 4158
f 4158 4238 4239
f 4158 4239 4157
f 4157 4239 4240
f 4157 4240 4234
f 4094 4235 4095
f 4095 4235 4164
f 4095 4164 4241
f 4241 4164 4163
f 4241 4163 4113
f 4113 4163 4162
f 4113 4162 3977
f 3977 4162 3981
f 4091 4093 4092
f 4092 4093 4095
f 4092 4095 4242
f 4242 4095 4241
f 4242 4241 4243
f 4243 4241 4113
f 4243 4113 3972
f 3972 4113 3974
f 4244 4090 4245
f 4245 4090 4092
f 4245 4092 4246
f 4246 4092 4242
f 4246 4242 4247
f 4247 4242 4243
f 4247 4243 3971
f 3971 4243 3972
f 3971 3970 4247
f 4247 3970 4112
f 4247 4112 4246
f 4246 4112 4248
f 4246 4248 4245
f 4245 4248 4089
f 4245 4089 4244
f 4244 4089 4088
f 4085 4087 4086
f 4086 4087 4089
f 4086 4089 4249
f 4249 4089 4248
f 4249 4248 4250
f 4250 4248 4112
f 4250 4112 3965
f 3965 4112 3966
f 4251 4084 4252
f 4252 4084 4086
f 4252 4086 4253
f 4253 4086 4249
f 4253 4249 4254
f 4254 4249 4250
f 4254 4250 3961
f 3961 4250 3965
f 3961 3963 4254
f 4254 3963 4111
f 4254 4111 4253
f 4253 4111 4255
f 4253 4255 4252
f 4252 4255 4083
f 4252 4083 4251
f 4251 4083 4082
f 4256 4081 4169
f 4169 4081 4083
f 4169 4083 4167
f 4167 4083 4255
f 4167 4255 4165
f 4165 4255 4111
f 4165 4111 3958
f 3958 4111 3959
f 4257 4258 4175
f 4175 4258 4259
f 4175 4259 4172
f 4172 4259 4260
f 4172 4260 4170
f 4170 4260 4261
f 4170 4261 4169
f 4169 4261 4262
f 4169 4262 4256
f 4263 4257 4129
f 4129 4257 4175
f 4129 4175 4128
f 4128 4175 4174
f 4128 4174 4109
f 4109 4174 4173
f 4109 4173 3947
f 3947 4173 3951
f 4264 4265 4178
f 4178 4265 4266
f 4178 4266 4177
f 4177 4266 4118
f 4177 4118 4176
f 4176 4118 4120
f 4176 4120 4267
f 4122 4124 4101
f 4101 4124 4130
f 4101 4130 4099
f 4099 4130 4176
f 4099 4176 4129
f 4129 4176 4267
f 4129 4267 4263
f 4268 4269 4181
f 4181 4269 4270
f 4181 4270 4180
f 4180 4270 4271
f 4180 4271 4179
f 4179 4271 4272
f 4179 4272 4178
f 4178 4272 4273
f 4178 4273 4264
f 4079 4268 4080
f 4080 4268 4181
f 4080 4181 4274
f 4274 4181 4134
f 4274 4134 4275
f 4275 4134 4127
f 4275 4127 4062
f 4062 4127 4061
f 4076 4078 4077
f 4077 4078 4080
f 4077 4080 4276
f 4276 4080 4274
f 4276 4274 4108
f 4108 4274 4275
f 4108 4275 4058
f 4058 4275 4062
f 4277 4075 4278
f 4278 4075 4077
f 4278 4077 4279
f 4279 4077 4276
f 4279 4276 4280
f 4280 4276 4108
f 4280 4108 4053
f 4053 4108 4055
f 4053 4052 4280
f 4280 4052 4182
f 4280 4182 4279
f 4279 4182 4183
f 4279 4183 4278
f 4278 4183 4185
f 4278 4185 4277
f 4277 4185 4281
f 4282 4283 4192
f 4192 4283 4284
f 4192 4284 4189
f 4189 4284 4285
f 4189 4285 4186
f 4186 4285 4286
f 4186 4286 4185
f 4185 4286 4287
f 4185 4287 4281
f 4288 4282 4196
f 4196 4282 4192
f 4196 4192 4194
f 4194 4192 4191
f 4194 4191 4106
f 4106 4191 4190
f 4106 4190 4043
f 4043 4190 4045
f 4289 4290 4202
f 4202 4290 4291
f 4202 4291 4200
f 4200 4291 4292
f 4200 4292 4197
f 4197 4292 4293
f 4197 4293 4196
f 4196 4293 4294
f 4196 4294 4288
f 4073 4289 4074
f 4074 4289 4202
f 4074 4202 4295
f 4295 4202 4201
f 4295 4201 4296
f 4296 4201 4105
f 4296 4105 4032
f 4032 4105 4033
f 4297 4072 4298
f 4298 4072 4074
f 4298 4074 4299
f 4299 4074 4295
f 4299 4295 4300
f 4300 4295 4296
f 4300 4296 4028
f 4028 4296 4032
f 4028 4030 4300
f 4300 4030 4104
f 4300 4104 4299
f 4299 4104 4301
f 4299 4301 4298
f 4298 4301 4302
f 4298 4302 4297
f 4297 4302 4303
f 4026 4025 4104
f 4104 4025 4203
f 4104 4203 4301
f 4301 4203 4205
f 4301 4205 4302
f 4302 4205 4207
f 4302 4207 4303
f 4303 4207 4304
f 4305 4306 4213
f 4213 4306 4307
f 4213 4307 4211
f 4211 4307 4308
f 4211 4308 4208
f 4208 4308 4309
f 4208 4309 4207
f 4207 4309 4310
f 4207 4310 4304
f 4070 4305 4071
f 4071 4305 4213
f 4071 4213 4311
f 4311 4213 4212
f 4311 4212 4312
f 4312 4212 4103
f 4312 4103 4016
f 4016 4103 4018
f 4067 4069 4068
f 4068 4069 4071
f 4068 4071 4313
f 4313 4071 4311
f 4313 4311 4314
f 4314 4311 4312
f 4314 4312 4015
f 4015 4312 4016
f 4315 4066 4316
f 4316 4066 4068
f 4316 4068 4317
f 4317 4068 4313
f 4317 4313 4102
f 4102 4313 4314
f 4102 4314 4014
f 4014 4314 4015
f 4011 4009 4102
f 4102 4009 4214
f 4102 4214 4317
f 4317 4214 4215
f 4317 4215 4316
f 4316 4215 4216
f 4316 4216 4315
f 4315 4216 4318
f 4218 4319 4142
f 4142 4319 4320
f 4142 4320 4139
f 4139 4320 4321
f 4139 4321 4138
f 4138 4321 4322
f 4138 4322 4216
f 4216 4322 4323
f 4216 4323 4318
f 4269 4268 4324
f 4319 4218 4325
f 4088 4087 4326
f 4119 4327 4120
f 4120 4327 4328
f 4120 4328 4267
f 4329 4260 4259
f 4329 4259 4330
f 4259 4258 4330
f 4330 4258 4257
f 4330 4257 4328
f 4328 4257 4263
f 4328 4263 4267
f 4260 4329 4261
f 4261 4329 4331
f 4261 4331 4262
f 4332 4084 4251
f 4332 4251 4333
f 4251 4082 4333
f 4333 4082 4081
f 4333 4081 4331
f 4331 4081 4256
f 4331 4256 4262
f 4326 4087 4332
f 4332 4087 4085
f 4332 4085 4084
f 4088 4326 4244
f 4244 4326 4334
f 4244 4334 4090
f 4090 4334 4091
f 4091 4334 4335
f 4091 4335 4093
f 4336 4337 4237
f 4237 4236 4336
f 4336 4236 4235
f 4336 4235 4335
f 4335 4235 4094
f 4335 4094 4093
f 4234 4240 4338
f 4338 4240 4239
f 4338 4239 4337
f 4337 4239 4238
f 4337 4238 4237
f 4234 4338 4233
f 4233 4338 4339
f 4233 4339 4226
f 4226 4339 4340
f 4226 4340 4096
f 4341 4222 4221
f 4341 4221 4342
f 4221 4220 4342
f 4342 4220 4219
f 4342 4219 4340
f 4340 4219 4097
f 4340 4097 4096
f 4222 4341 4223
f 4223 4341 4343
f 4223 4343 4224
f 4325 4218 4343
f 4343 4218 4217
f 4343 4217 4224
f 4319 4325 4320
f 4320 4325 4344
f 4320 4344 4321
f 4345 4066 4315
f 4345 4315 4346
f 4315 4318 4346
f 4346 4318 4323
f 4346 4323 4344
f 4344 4323 4322
f 4344 4322 4321
f 4066 4345 4067
f 4067 4345 4347
f 4067 4347 4069
f 4348 4305 4347
f 4347 4305 4070
f 4347 4070 4069
f 4349 4307 4348
f 4348 4307 4306
f 4348 4306 4305
f 4304 4310 4350
f 4350 4310 4309
f 4350 4309 4349
f 4349 4309 4308
f 4349 4308 4307
f 4304 4350 4303
f 4303 4350 4351
f 4303 4351 4297
f 4297 4351 4352
f 4297 4352 4072
f 4353 4292 4291
f 4353 4291 4354
f 4291 4290 4354
f 4354 4290 4289
f 4354 4289 4352
f 4352 4289 4073
f 4352 4073 4072
f 4292 4353 4293
f 4293 4353 4355
f 4293 4355 4294
f 4356 4285 4284
f 4356 4284 4357
f 4284 4283 4357
f 4357 4283 4282
f 4357 4282 4355
f 4355 4282 4288
f 4355 4288 4294
f 4285 4356 4286
f 4286 4356 4358
f 4286 4358 4287
f 4359 4075 4277
f 4359 4277 4358
f 4358 4277 4281
f 4358 4281 4287
f 4075 4359 4076
f 4076 4359 4360
f 4076 4360 4078
f 4324 4268 4360
f 4360 4268 4079
f 4360 4079 4078
f 4269 4324 4270
f 4270 4324 4361
f 4270 4361 4271
f 4271 4361 4272
f 4272 4361 4362
f 4272 4362 4273
f 4363 4265 4362
f 4362 4265 4264
f 4362 4264 4273

